Time,linear.x,linear.y,linear.z,angular.x,angular.y,angular.z
1692310665.8319197,-0.0007539581818176931,-0.0002270495076507906,5.166618080158997e-06,0.0,0.0,0.0
1692310665.9158726,-0.0007545929554095145,-0.00022692749004076998,5.167033868181899e-06,0.0,0.0,0.0
1692310666.0013175,-0.0007508958779691194,-0.00022664087619976266,5.154255567962372e-06,0.0,0.0,0.0
1692310666.0611432,-0.0007520420387646556,-0.00022645943443187603,5.149340511918184e-06,0.0,0.0,0.0
1692310666.1294768,-0.0007529967907073374,-0.00022635611416955623,5.146332805599544e-06,0.0,0.0,0.0
1692310666.198716,-0.0007537920990755914,-0.00022630994238344857,5.142117505449933e-06,0.0,0.0,0.0
1692310666.2630084,-0.0007586804132190621,-0.00022651631923531604,5.1443192267918175e-06,0.0,0.0,0.0
1692310666.4242983,-0.0007627523789005918,-0.00022689215745367192,5.151957997579087e-06,0.0,0.0,0.0
1692310666.532416,-0.0007576926503017071,-0.00022695194255113727,5.14642043340553e-06,0.0,0.0,0.0
1692310666.6613388,-0.0007577037637980861,-0.00022700210273578613,5.150541350856383e-06,0.0,0.0,0.0
1692310666.7412171,-0.0007577130213405604,-0.00022704435870705557,5.1535954081724105e-06,0.0,0.0,0.0
1692310666.8162162,-0.0007577207328734415,-0.00022707994417902694,5.156148222974191e-06,0.0,0.0,0.0
1692310666.8760233,-0.0007535013068872567,-0.00022689825432650323,5.153202580412456e-06,0.0,0.0,0.0
1692310666.9773242,-0.0007584381901314132,-0.00022699426960448913,5.152448734301909e-06,0.0,0.0,0.0
1692310667.0992007,-0.000758324754188568,-0.00022706834517223905,5.161509327614653e-06,0.0,0.0,0.0
1692310667.1959589,-0.0007582302620481409,-0.00022712537598402127,5.166381416245349e-06,0.0,0.0,0.0
1692310667.2806568,-0.0007581515500951745,-0.0002271691560002724,5.160843623263493e-06,0.0,0.0,0.0
1692310667.3665051,-0.0007580859762360119,-0.00022720215531876287,5.1643136062345225e-06,0.0,0.0,0.0
1692310667.554378,-0.000753805530956098,-0.00022701544008410567,5.153897062504315e-06,0.0,0.0,0.0
1692310667.6284707,-0.0007544657439369911,-0.00022689289194212676,5.149618905676116e-06,0.0,0.0,0.0
1692310667.6890228,-0.000755015701350075,-0.0002268185510123218,5.1379923998579925e-06,0.0,0.0,0.0
1692310667.8222678,-0.0007554738158751738,-0.00022677957078239995,5.128822272681227e-06,0.0,0.0,0.0
1692310667.9499743,-0.0007600812616492048,-0.00022697775614939847,5.131652037097709e-06,0.0,0.0,0.0
1692310668.0432289,-0.0007554675947630128,-0.00022691143994995374,5.142799877614908e-06,0.0,0.0,0.0
1692310668.0995517,-0.0007558502305151388,-0.0002268756215407997,5.141207611718654e-06,0.0,0.0,0.0
1692310668.198705,-0.0007561689660966599,-0.00022686174936630964,5.140242751465392e-06,0.0,0.0,0.0
1692310668.313728,-0.0007564344687092539,-0.0002268635150114218,5.138728478402916e-06,0.0,0.0,0.0
1692310668.4445002,-0.0007524297783049928,-0.00022666438907547066,5.133506172418597e-06,0.0,0.0,0.0
1692310668.597159,-0.0007575455444544031,-0.0002267547481906019,5.135098680682767e-06,0.0,0.0,0.0
1692310668.7213197,-0.0007533552546887738,-0.00022662029794880159,5.124560077005916e-06,0.0,0.0,0.0
1692310668.8138762,-0.0007583164479846687,-0.000226756718690339,5.124711496254122e-06,0.0,0.0,0.0
1692310668.8976326,-0.0007582232702244133,-0.0002268655397741853,5.131379273653218e-06,0.0,0.0,0.0
1692310668.985935,-0.0007539198203097484,-0.00022674087378582808,5.121702948752907e-06,0.0,0.0,0.0
1692310669.0611026,-0.0007545609053563638,-0.00022666901085310475,5.119979915969201e-06,0.0,0.0,0.0
1692310669.1525838,-0.000755094929200213,-0.0002266358726542073,5.120217301888158e-06,0.0,0.0,0.0
1692310669.2338812,-0.0007513139012307321,-0.00022641898062769446,5.112002044807798e-06,0.0,0.0,0.0
1692310669.344926,-0.0007566160028889811,-0.00022650369522577533,5.119202055486018e-06,0.0,0.0,0.0
1692310669.4406922,-0.0007610326535702935,-0.00022679554669720282,5.1272669149348864e-06,0.0,0.0,0.0
1692310669.5569377,-0.000760485871808846,-0.0002270115974850866,5.118876179027171e-06,0.0,0.0,0.0
1692310669.6162078,-0.0007600304026015696,-0.00022716837039054165,5.1284601421545324e-06,0.0,0.0,0.0
1692310669.6736736,-0.0007596509967519083,-0.00022727995888659216,5.136012058355792e-06,0.0,0.0,0.0
1692310669.7696369,-0.0007593349129695655,-0.0002273573033314737,5.1320689052819685e-06,0.0,0.0,0.0
1692310669.863366,-0.0007590716151788831,-0.00022740848955897543,5.130881415523301e-06,0.0,0.0,0.0
1692310670.018761,-0.0007588522730632403,-0.00022744000456523475,5.135703338527673e-06,0.0,0.0,0.0
1692310670.128449,-0.0007544437163635536,-0.00022724560555954914,5.127584943563552e-06,0.0,0.0,0.0
1692310670.2384691,-0.0007507713964640199,-0.00022689955757258646,5.124517884425855e-06,0.0,0.0,0.0
1692310670.320839,-0.0007519381799445861,-0.0002266699801560647,5.112656786261373e-06,0.0,0.0,0.0
1692310670.3913288,-0.0007529101105838885,-0.0002265273452381687,5.1073604622860154e-06,0.0,0.0,0.0
1692310670.463154,-0.0007537197288064273,-0.00022644893426559392,5.110399992879734e-06,0.0,0.0,0.0
1692310670.5726688,-0.0007501682945368894,-0.00022620562668894113,5.113740684892565e-06,0.0,0.0,0.0
1692310670.7681694,-0.0007514358110952817,-0.00022606664779425192,5.108701039073311e-06,0.0,0.0,0.0
1692310670.9395516,-0.00074826582463061,-0.00022579192242637897,5.108864935528878e-06,0.0,0.0,0.0
1692310671.0949748,-0.0007456251902948232,-0.00022543105231137626,5.095488775009025e-06,0.0,0.0,0.0
1692310671.235202,-0.0007434255856790175,-0.00022502005633549224,5.091544522933629e-06,0.0,0.0,0.0
1692310671.3108106,-0.0007415933150340514,-0.00022458616030496815,5.075703470252383e-06,0.0,0.0,0.0
1692310671.3838887,-0.0007400670328197185,-0.0002241480544915737,5.070657218049977e-06,0.0,0.0,0.0
1692310671.4810922,-0.0007472473205818188,-0.00022414297463007118,5.064771579977782e-06,0.0,0.0,0.0
1692310671.5750792,-0.0007447767839095736,-0.0002240149270104141,5.060350802608335e-06,0.0,0.0,0.0
1692310671.6715803,-0.0007511705197292601,-0.00022422842870175664,5.0674025206637255e-06,0.0,0.0,0.0
1692310671.768182,-0.0007480448081906908,-0.00022424979399472288,5.066351504999751e-06,0.0,0.0,0.0
1692310671.8840947,-0.0007454410763778034,-0.00022413709600457805,5.066138938933125e-06,0.0,0.0,0.0
1692310672.023132,-0.000747497992361559,-0.0002241462411191765,5.068406911546259e-06,0.0,0.0,0.0
1692310672.1653616,-0.0007534372163643915,-0.0002244513593865289,5.0760818972522035e-06,0.0,0.0,0.0
1692310672.3172195,-0.00074993287963108,-0.00022452998067184219,5.0793818654197275e-06,0.0,0.0,0.0
1692310672.433369,-0.000755465448574696,-0.00022487268781889172,5.083760812832247e-06,0.0,0.0,0.0
1692310672.5381532,-0.0007600740785047096,-0.00022538898979048788,5.092913685828296e-06,0.0,0.0,0.0
1692310672.6292863,-0.0007639130672363923,-0.00022601118353811323,5.1123939992497226e-06,0.0,0.0,0.0
1692310672.7565308,-0.0007628850992639597,-0.0002264781474281653,5.1201904104698e-06,0.0,0.0,0.0
1692310672.8554301,-0.0007620288019428955,-0.00022682406522142568,5.133379873551305e-06,0.0,0.0,0.0
1692310672.9361076,-0.0007655413447113296,-0.00022728821675558505,5.145324454174193e-06,0.0,0.0,0.0
1692310673.0140126,-0.0007642414493177355,-0.00022760987385567286,5.14818204480507e-06,0.0,0.0,0.0
1692310673.0699015,-0.0007589327724780319,-0.00022761176557868618,5.15126814408585e-06,0.0,0.0,0.0
1692310673.1422534,-0.0007545106446705587,-0.00022739184983214418,5.148811337009334e-06,0.0,0.0,0.0
1692310673.2099233,-0.0007550528573448492,-0.00022723595779057884,5.141194869032058e-06,0.0,0.0,0.0
1692310673.3470333,-0.000755504520502533,-0.0002271287223007939,5.135360147519752e-06,0.0,0.0,0.0
1692310673.4378746,-0.0007516548874666911,-0.00022684641055534282,5.133529806043066e-06,0.0,0.0,0.0
1692310673.545925,-0.0007568998322169427,-0.00022687407093730303,5.132584057567988e-06,0.0,0.0,0.0
1692310673.6326869,-0.0007528171897704237,-0.0002266926399096356,5.126464191584226e-06,0.0,0.0,0.0
1692310673.7153876,-0.0007536421906497216,-0.00022658280378678785,5.123454503375205e-06,0.0,0.0,0.0
1692310673.8224645,-0.0007543294163821952,-0.00022652573762385522,5.1214550661105415e-06,0.0,0.0,0.0
1692310673.9557161,-0.0007591277148035391,-0.00022671855767120044,5.124212264496308e-06,0.0,0.0,0.0
1692310674.1064112,-0.0007588988607535184,-0.00022686764165006634,5.129454892750493e-06,0.0,0.0,0.0
1692310674.2257113,-0.0007587082253298603,-0.0002269824211038342,5.127363242276948e-06,0.0,0.0,0.0
1692310674.3004122,-0.0007585494260219625,-0.0002270699308234661,5.1319866928365625e-06,0.0,0.0,0.0
1692310674.3709826,-0.0007584171461984836,-0.00022713620090140284,5.135687900101028e-06,0.0,0.0,0.0
1692310674.4455545,-0.0007583069571055257,-0.0002271860070350797,5.133235219398028e-06,0.0,0.0,0.0
1692310674.5278296,-0.0007582151695910918,-0.00022722289815522124,5.131088619792037e-06,0.0,0.0,0.0
1692310674.6464567,-0.0007581387105915869,-0.0002272497451468653,5.131595274193634e-06,0.0,0.0,0.0
1692310674.7461421,-0.0007580749948718972,-0.00022726883868785948,5.135421907193031e-06,0.0,0.0,0.0
1692310674.839702,-0.0007580219196773679,-0.00022728229108763602,5.129420167153549e-06,0.0,0.0,0.0
1692310674.9267888,-0.0007537518595489209,-0.00022707954289647174,5.123085919585813e-06,0.0,0.0,0.0
1692310675.0161433,-0.0007586465808767075,-0.0002271557208265394,5.127591608992928e-06,0.0,0.0,0.0
1692310675.086306,-0.0007627238837427538,-0.0002274233976112134,5.135967197362186e-06,0.0,0.0,0.0
1692310675.1662195,-0.0007618944537360557,-0.00022760486178390727,5.140535063220771e-06,0.0,0.0,0.0
1692310675.3180149,-0.000756977692034413,-0.00022750974624384144,5.139142522279876e-06,0.0,0.0,0.0
1692310675.4418194,-0.0007571078695845041,-0.00022743717097017122,5.1321038708795635e-06,0.0,0.0,0.0
1692310675.5578854,-0.0007572163074837208,-0.00022738196677079775,5.134360496176383e-06,0.0,0.0,0.0
1692310675.7068076,-0.0007530807928459898,-0.00022712890716849738,5.128823166454884e-06,0.0,0.0,0.0
1692310675.828272,-0.0007496359091527413,-0.00022674549772151796,5.1232364620683825e-06,0.0,0.0,0.0
1692310675.951468,-0.0007467663477839116,-0.0002262823208020719,5.118352771999708e-06,0.0,0.0,0.0
1692310676.0727289,-0.000744375981918945,-0.00022577678936912322,5.110624207675048e-06,0.0,0.0,0.0
1692310676.2122996,-0.0007423848071534279,-0.0002252559689926873,5.1010649227305055e-06,0.0,0.0,0.0
1692310676.328608,-0.00074072613698509,-0.00022473908874090848,5.08940350479159e-06,0.0,0.0,0.0
1692310676.4515855,-0.0007393444733331811,-0.00022423937200973318,5.075994655059712e-06,0.0,0.0,0.0
1692310676.551468,-0.0007466452419859456,-0.00022418875673043187,5.074256229643473e-06,0.0,0.0,0.0
1692310676.664681,-0.0007527267822737169,-0.00022445115717663935,5.081653429717746e-06,0.0,0.0,0.0
1692310676.7845552,-0.000753566879980628,-0.0002247118746056316,5.086128753182111e-06,0.0,0.0,0.0
1692310676.8838894,-0.0007542666813704848,-0.00022496404102542698,5.093400655136512e-06,0.0,0.0,0.0
1692310676.9841318,-0.0007590754443758836,-0.00022541494794335143,5.105132355893343e-06,0.0,0.0,0.0
1692310677.044578,-0.0007546294721055488,-0.00022556797006763357,5.105318427693687e-06,0.0,0.0,0.0
1692310677.1137478,-0.0007509259772043599,-0.0002255099396054647,5.101288418002018e-06,0.0,0.0,0.0
1692310677.1731658,-0.0007562926710888369,-0.00022573030241833912,5.1084510230696365e-06,0.0,0.0,0.0
1692310677.3104968,-0.0007565373010537575,-0.0002259261434456248,5.1135484186718194e-06,0.0,0.0,0.0
1692310677.399407,-0.0007525152175553991,-0.00022588782784517357,5.11307535712937e-06,0.0,0.0,0.0
1692310677.5172017,-0.0007533906482897824,-0.00022589972678627518,5.115086339194012e-06,0.0,0.0,0.0
1692310677.5804615,-0.000754119882091505,-0.00022594619148246696,5.116369628127712e-06,0.0,0.0,0.0
1692310677.6804945,-0.00075472733384834,-0.00022601532210440967,5.118127724533544e-06,0.0,0.0,0.0
1692310677.7738197,-0.0007552333411617928,-0.00022609826442981733,5.11963402573289e-06,0.0,0.0,0.0
1692310677.8859158,-0.0007514289860270168,-0.00022597679419880483,5.1170969701829755e-06,0.0,0.0,0.0
1692310677.9917698,-0.000752485794116926,-0.00022592849963781387,5.118051098361337e-06,0.0,0.0,0.0
1692310678.0752892,0.009881245071599685,0.00030672440051415523,-6.973147998275263e-06,0.0,0.0,0.0
1692310678.2321973,0.019529142499222323,0.001233663211169561,-2.784782772297448e-05,0.0,0.0,0.0
1692310678.3876145,0.028208831519674724,0.002440540485625215,-5.524575668413906e-05,0.0,0.0,0.0
1692310678.5240371,0.03544323831923261,0.003808217544015483,-8.638807776267224e-05,0.0,0.0,0.0
1692310678.5882978,0.04146527334840419,0.005249122223805776,-0.00011902509880928425,0.0,0.0,0.0
1692310678.6588283,0.046481628527704134,0.006700638437544513,-0.0001524443513745353,0.0,0.0,0.0
1692310678.730689,0.05066025239206097,0.008119048749142245,-0.00018493894760719017,0.0,0.0,0.0
1692310678.7916873,0.05413259445677079,0.009474490217468004,-0.0002165589058723846,0.0,0.0,0.0
1692310678.965298,0.05950297812372364,0.010872557406811166,-0.0002491126930195205,0.0,0.0,0.0
1692310679.1380022,0.06525325579929556,0.012325124495581149,-0.00028438402619990547,0.0,0.0,0.0
1692310679.2260172,0.07055497262051194,0.013800463240035006,-0.0003278160209241973,0.0,0.0,0.0
1692310679.3105068,0.0749713027325852,0.0152506053430697,-0.0003696861930064613,0.0,0.0,0.0
1692310679.4222033,0.07840925155270506,0.01663082110611938,-0.000406509867577364,0.0,0.0,0.0
1692310679.4928267,0.08212890878049989,0.01796690291017796,-0.0004391991568533598,0.0,0.0,0.0
1692310679.6283522,0.08636685821863513,0.019292117146413223,-0.0004716083532627109,0.0,0.0,0.0
1692310679.754259,0.0901024553218783,0.020583265197625537,-0.0004969895106433547,0.0,0.0,0.0
1692310679.8803053,0.09285551712000586,0.02179687775972272,-0.0005125229640339948,0.0,0.0,0.0
1692310680.0322292,0.09701433337298328,0.023016304596975536,-0.0005211185109386257,0.0,0.0,0.0
1692310680.1504247,0.1004736411651877,0.024205685049617263,-0.0005134823016043417,0.0,0.0,0.0
1692310680.2955306,0.10358696364529432,0.025352623176847895,-0.0004937035676618255,0.0,0.0,0.0
1692310680.4579313,0.10640725426169863,0.026449510468361644,-0.00046056735031479307,0.0,0.0,0.0
1692310680.5922902,0.10885493935518477,0.02748595621164219,-0.0004195993940167047,0.0,0.0,0.0
1692310680.6605008,0.11031478823812982,0.028422566450380826,-0.00035764605161035107,0.0,0.0,0.0
1692310680.7368765,0.11108358017994499,0.029241284286930062,-0.0002946961755982107,0.0,0.0,0.0
1692310680.9176009,0.11172398386747703,0.02995536046414067,-0.00024224034817062372,0.0,0.0,0.0
1692310681.0256362,0.11320274254452707,0.030624259225033163,-0.0001894377893034737,0.0,0.0,0.0
1692310681.1539104,0.11499200000577835,0.03127109890226579,-0.0001480622658843981,0.0,0.0,0.0
1692310681.242535,0.11534631473750134,0.03182767060172955,-0.00011561915599018373,0.0,0.0,0.0
1692310681.337573,0.11548083742502854,0.03229803624657599,-9.011298665223196e-05,0.0,0.0,0.0
1692310681.4422207,0.11702379544742826,0.032767155425946916,-7.834745440958251e-05,0.0,0.0,0.0
1692310681.5559814,0.11769231333870589,0.03319142522973597,-6.39861300137131e-05,0.0,0.0,0.0
1692310681.6484675,0.11919781734651431,0.03362026775135607,-5.213320129922649e-05,0.0,0.0,0.0
1692310681.7466621,0.12068720291597522,0.03405211172463511,-4.489548584739336e-05,0.0,0.0,0.0
1692310681.838102,0.12184871820943223,0.03447002502331713,-2.972220849355468e-05,0.0,0.0,0.0
1692310681.9295893,0.12238102856787719,0.034844815313647554,-1.68799277356236e-05,0.0,0.0,0.0
1692310682.0387225,0.12297827293684795,0.035186928803864585,-1.0081532328909496e-06,0.0,0.0,0.0
1692310682.202101,0.12360248758024475,0.03550318995826623,8.037541577432273e-06,0.0,0.0,0.0
1692310682.3461645,0.12358427581683691,0.035765719629846954,1.7724759458707858e-05,0.0,0.0,0.0
1692310682.4432845,0.12389900651897776,0.036000176997970756,2.45293709977044e-05,0.0,0.0,0.0
1692310682.6037521,0.12340930477629257,0.036170952924804975,1.7525120245280732e-05,0.0,0.0,0.0
1692310682.7128594,0.12387555296915215,0.03633655967223076,3.8440494643792215e-06,0.0,0.0,0.0
1692310682.8063786,0.12357661603570905,0.036459508028474426,-1.750895820612014e-05,0.0,0.0,0.0
1692310682.9286962,0.12332760157015096,0.03654944845430646,-3.525427955595931e-05,0.0,0.0,0.0
1692310683.0228527,0.12225130922315659,0.036570399353837754,-6.1021472902460624e-05,0.0,0.0,0.0
1692310683.1428106,0.12115187152952159,0.03653275646399831,-8.478330648144395e-05,0.0,0.0,0.0
1692310683.2901924,0.12152153450731155,0.036519869885138716,-0.00011266169438087068,0.0,0.0,0.0
1692310683.423929,0.12079446125683557,0.036472689233792696,-0.00013852078691305235,0.0,0.0,0.0
1692310683.568293,0.11879878225847287,0.0363333245276217,-0.00016934626065733243,0.0,0.0,0.0
1692310683.694906,0.11863856567534325,0.03620933210104582,-0.00017873526615370808,0.0,0.0,0.0
1692310683.8238363,0.11877519673207958,0.036112931097285195,-0.0001797230703275851,0.0,0.0,0.0
1692310683.926865,0.11806936426551635,0.035997325936159966,-0.0001654027240134674,0.0,0.0,0.0
1692310684.0020144,0.11727428995430392,0.03586120384967556,-0.00014893152522255521,0.0,0.0,0.0
1692310684.1024144,0.11611744942274495,0.035689846796767094,-0.00010871950631894219,0.0,0.0,0.0
1692310684.1888628,0.11425384494763033,0.0354536925060334,-6.276338912859912e-05,0.0,0.0,0.0
1692310684.2724726,0.11270146241985984,0.03517920253444519,-2.4859665340899444e-05,0.0,0.0,0.0
1692310684.370081,0.11055911377563955,0.03484319466429567,1.1328403890114405e-05,0.0,0.0,0.0
1692310684.5035377,0.11161670045715154,0.03461625330939491,4.675714927811038e-05,0.0,0.0,0.0
1692310684.594116,0.1114709651347684,0.0344198450769334,8.492848840169537e-05,0.0,0.0,0.0
1692310684.7327003,0.1124788033852564,0.03430672743362216,0.00011721018769307366,0.0,0.0,0.0
1692310684.8564174,0.11404251700074325,0.03429089727232079,0.00013717079438499278,0.0,0.0,0.0
1692310684.9240623,0.11575330959961105,0.034363377719975455,0.00016002036399482265,0.0,0.0,0.0
1692310685.057199,0.11678530988972964,0.034475454340151805,0.000179613563471006,0.0,0.0,0.0
1692310685.2121615,0.11800373861824036,0.0346298268065559,0.00019991575211727487,0.0,0.0,0.0
1692310685.3146477,0.11828378853761604,0.03477233759932303,0.00022868207067234787,0.0,0.0,0.0
1692310685.4347575,0.11948892785167396,0.034951514615209504,0.00024386027605662815,0.0,0.0,0.0
1692310685.523829,0.12030260509849006,0.03514156855395735,0.000252680050664168,0.0,0.0,0.0
1692310685.6309986,0.12022381129966013,0.03529595980643867,0.00025701477173082396,0.0,0.0,0.0
1692310685.7276824,0.12116833458240744,0.03547198099608822,0.00024660945973157503,0.0,0.0,0.0
1692310685.8337083,0.12266056046191737,0.03569337704549548,0.00023622939867258026,0.0,0.0,0.0
1692310685.9338138,0.12407216515208286,0.03594858820910929,0.00020811909239442118,0.0,0.0,0.0
1692310686.045058,0.12572161404105714,0.03624382387718069,0.00017947419851693894,0.0,0.0,0.0
1692310686.1461978,0.1262213452164647,0.036514775985773976,0.00013412357099108042,0.0,0.0,0.0
1692310686.2421293,0.1276054460883771,0.0368098116072831,9.225826605864542e-05,0.0,0.0,0.0
1692310686.3524983,0.12815396077655944,0.037083033157668435,5.0678327041902726e-05,0.0,0.0,0.0
1692310686.5498114,0.12932289975237923,0.037369187499771236,1.51814949921067e-05,0.0,0.0,0.0
1692310686.7260902,0.13074459816053519,0.037678718527516246,-2.6842044822830497e-05,0.0,0.0,0.0
1692310686.9230642,0.13272309533605586,0.03803565414947833,-6.634162289746848e-05,0.0,0.0,0.0
1692310687.1181674,0.13425688156791693,0.038409925587648684,-7.961537261229749e-05,0.0,0.0,0.0
1692310687.2797356,0.13466073908160395,0.03874196480203678,-7.549580095458802e-05,0.0,0.0,0.0
1692310687.3812392,0.1365605990890163,0.039113733732734954,-5.181431773153855e-05,0.0,0.0,0.0
1692310687.467314,0.13838162912943977,0.0395145443685601,-3.151321819970267e-06,0.0,0.0,0.0
1692310687.5723877,0.13969143008562637,0.039914019055729166,4.117322748320032e-05,0.0,0.0,0.0
1692310687.6686075,0.1409136987495046,0.040307728831282044,0.00011179286990827266,0.0,0.0,0.0
1692310687.835101,0.14107514656997155,0.04064311979080944,0.0002168578865809033,0.0,0.0,0.0
1692310688.0103986,0.14175514729627522,0.04095656971484636,0.00030460514696205966,0.0,0.0,0.0
1692310688.109118,0.1422560498202358,0.04124300235497854,0.0003636960274395214,0.0,0.0,0.0
1692310688.2214797,0.14368335845391322,0.04155336423007769,0.0003953545196821278,0.0,0.0,0.0
1692310688.3447833,0.14398043501744434,0.041827175422871045,0.00038261075139548134,0.0,0.0,0.0
1692310688.4860423,0.14619255604646642,0.04216608491157664,0.00037274269766114084,0.0,0.0,0.0
1692310688.6308687,0.14713160326753916,0.04249563437931911,0.00032113233726265076,0.0,0.0,0.0
1692310688.7576919,0.1496056295876723,0.04289407552682775,0.00024631323034308603,0.0,0.0,0.0
1692310688.844706,0.15231209128115095,0.043361537515958205,0.00017412908662617693,0.0,0.0,0.0
1692310688.9277787,0.1539816512579325,0.0438344761075651,9.453735931658338e-05,0.0,0.0,0.0
1692310689.0218153,0.15537239471859154,0.04429810870813973,2.7781230721254714e-05,0.0,0.0,0.0
1692310689.1049838,0.15558705406552437,0.044694986856041556,-3.917568405425501e-05,0.0,0.0,0.0
1692310689.2166228,0.15533907129710972,0.04501318033371145,-9.262003576252259e-05,0.0,0.0,0.0
1692310689.302915,0.15707421193559817,0.04536503016756172,-0.00015315969022620753,0.0,0.0,0.0
1692310689.4164333,0.15893478404213762,0.045751254389662654,-0.00021208653792027826,0.0,0.0,0.0
1692310689.531395,0.16058036615212684,0.046155432448253014,-0.0002606931276114408,0.0,0.0,0.0
1692310689.7319953,0.16214344355398824,0.04657059748307693,-0.00028268170998084003,0.0,0.0,0.0
1692310689.8117375,0.16359010408274297,0.046988982136493954,-0.0002912485006470682,0.0,0.0,0.0
1692310689.9466462,0.16367693239795836,0.04734194973059189,-0.00028031870651019827,0.0,0.0,0.0
1692310690.0501075,0.164795851642786,0.047692116125817266,-0.00023516642805130954,0.0,0.0,0.0
1692310690.1611798,0.16662205808402467,0.04807529774007866,-0.0001972033080585702,0.0,0.0,0.0
1692310690.2247167,0.16676167520979124,0.04840145350354749,-0.0001420901852454598,0.0,0.0,0.0
1692310690.2967873,0.1668779762755548,0.048678967917378704,-9.616548529534517e-05,0.0,0.0,0.0
1692310690.3618248,0.1678364725983133,0.04895815182348978,-5.5593430674299196e-05,0.0,0.0,0.0
1692310690.484783,0.16982995274883866,0.04929058394488356,-2.116386196060209e-05,0.0,0.0,0.0
1692310690.645475,0.17040471940441007,0.049596213762315246,2.7466693264935558e-05,0.0,0.0,0.0
1692310690.728094,0.17135691787319762,0.0498986018530656,4.3925477247404163e-05,0.0,0.0,0.0
1692310690.8070705,0.17187972991854827,0.050176697574295964,5.110787230203817e-05,0.0,0.0,0.0
1692310690.8893073,0.17169001877065815,0.05039885597862112,4.980600348332839e-05,0.0,0.0,0.0
1692310691.005937,0.17126163184084123,0.05056245437762488,4.4133753653379564e-05,0.0,0.0,0.0
1692310691.1404161,0.17222763595774723,0.05074712894858985,3.813778377826874e-05,0.0,0.0,0.0
1692310691.2338872,0.17326541788075708,0.05095288813009419,-2.5196194506557556e-06,0.0,0.0,0.0
1692310691.313135,0.1738511903443824,0.051153603635172504,-4.316549854742435e-05,0.0,0.0,0.0
1692310691.4104373,0.17356161208264637,0.05130619006283937,-9.471552893247723e-05,0.0,0.0,0.0
1692310691.4924827,0.17431244008935456,0.051470862043886303,-0.00014464961769292673,0.0,0.0,0.0
1692310691.5806162,0.17460001503636496,0.051622398313733164,-0.00019178533123310896,0.0,0.0,0.0
1692310691.6657248,0.17375426463528387,0.051706224928210365,-0.00023457502704976558,0.0,0.0,0.0
1692310691.7454667,0.17454817752355667,0.05181586561685861,-0.00026580872230188337,0.0,0.0,0.0
1692310691.8181317,0.17565592907663027,0.051962885507281883,-0.00026178930555760955,0.0,0.0,0.0
1692310691.9002666,0.17587665473479625,0.05209649393038221,-0.00023141140460185793,0.0,0.0,0.0
1692310691.9778848,0.17648290096478675,0.05223796449499736,-0.00013207612953097854,0.0,0.0,0.0
1692310692.147758,0.17670556046903657,0.05236692594448724,-4.3880574785282867e-05,0.0,0.0,0.0
1692310692.309217,0.17763425530378574,0.05252045394549876,7.277524390784492e-05,0.0,0.0,0.0
1692310692.3952308,0.17703189026643515,0.052617925516584306,0.00018769266951523892,0.0,0.0,0.0
1692310692.4813867,0.17713907258717831,0.052704428719270814,0.00028760966690209407,0.0,0.0,0.0
1692310692.5763655,0.17750941567123127,0.05279501516245142,0.0003726529608922395,0.0,0.0,0.0
1692310692.6733594,0.17809831517122665,0.05290012307000953,0.0004335888838696875,0.0,0.0,0.0
1692310692.8170133,0.17765644282288726,0.0529658826419183,0.00045624110862694796,0.0,0.0,0.0
1692310692.92275,0.17604140091873494,0.052940194606916194,0.0004125323662186658,0.0,0.0,0.0
1692310693.0240295,0.176107310158938,0.05292215595447812,0.00035013637740028233,0.0,0.0,0.0
1692310693.1248531,0.17648267416748162,0.052925780658851285,0.00023893496367041823,0.0,0.0,0.0
1692310693.2246578,0.1764770098619091,0.052927662952889185,6.536092251128729e-05,0.0,0.0,0.0
1692310693.3538346,0.17618943692238873,0.05291478232819889,-8.18108041235148e-05,0.0,0.0,0.0
1692310693.437805,0.17678059882548766,0.05293401288546198,-0.0001801960673874862,0.0,0.0,0.0
1692310693.5292933,0.17630233322424488,0.052926415785195094,-0.0002302739710554503,0.0,0.0,0.0
1692310693.6131954,0.1772407878760895,0.05296713132654458,-0.00026912203948349634,0.0,0.0,0.0
1692310693.6938074,0.17706226576507766,0.052992275484762985,-0.000278189244556287,0.0,0.0,0.0
1692310693.7697182,0.1756160098503507,0.052940923836632674,-0.00022362388689440752,0.0,0.0,0.0
1692310693.8607562,0.17550194417118942,0.05289239021831669,-0.00015760912149277796,0.0,0.0,0.0
1692310693.943962,0.17446733851414187,0.05279985620253239,-5.666968635070794e-05,0.0,0.0,0.0
1692310694.1004565,0.1733055999753938,0.052664519393373396,3.3099782570184005e-05,0.0,0.0,0.0
1692310694.1642394,0.1721061382618948,0.05249127526735156,0.00014406136551501362,0.0,0.0,0.0
1692310694.3012502,0.17210522198915462,0.05234688766321897,0.00023864385482257663,0.0,0.0,0.0
1692310694.4447348,0.1726652066118803,0.052254919830008115,0.00029760920383825303,0.0,0.0,0.0
1692310694.5899198,0.17312666773021354,0.05220160094726756,0.00033050967005232996,0.0,0.0,0.0
1692310694.7257721,0.1733021016466647,0.0521663526708928,0.00029209240006125787,0.0,0.0,0.0
1692310694.8594706,0.17369778343162728,0.05215675585883331,0.0002072158769375279,0.0,0.0,0.0
1692310694.9902775,0.1742946650407833,0.05217812960159736,6.933489635645645e-05,0.0,0.0,0.0
1692310695.1347277,0.17384936828669423,0.052173048888690496,-8.59996967691207e-05,0.0,0.0,0.0
1692310695.284491,0.1730654932406689,0.052128885739249134,-0.00025050765965974915,0.0,0.0,0.0
1692310695.3756547,0.17300405856100354,0.05208836281497524,-0.00041693188780138053,0.0,0.0,0.0
1692310695.4526012,0.17338749660061262,0.052072932315889685,-0.0005898755153188822,0.0,0.0,0.0
1692310695.5747874,0.17343225380522462,0.05206245829454606,-0.0007290043149348288,0.0,0.0,0.0
1692310695.7352667,0.17366359806473208,0.0520648671431832,-0.0008612094224144571,0.0,0.0,0.0
1692310695.903039,0.17310764455926805,0.0520401107459978,-0.0009304101852816641,0.0,0.0,0.0
1692310696.0442016,0.1706501768114297,0.051898252742786935,-0.0008870111950378045,0.0,0.0,0.0
1692310696.1550362,0.1715135452736502,0.051823994087138725,-0.0007757421173957331,0.0,0.0,0.0
1692310696.251224,0.17137339175345667,0.05175518126719658,-0.0006314057817819112,0.0,0.0,0.0
1692310696.3461614,0.17079385856912863,0.05166845760462108,-0.00044524502251223815,0.0,0.0,0.0
1692310696.454645,0.17178847677281187,0.051645995487322974,-0.00028461905383497506,0.0,0.0,0.0
1692310696.6578395,0.17219311717274308,0.05164747292924355,-0.00014268965487248668,0.0,0.0,0.0
1692310696.7434926,0.1731867580764967,0.05169875560443627,-5.3533937341561266e-05,0.0,0.0,0.0
1692310696.8505304,0.17386496556104053,0.05177558129466384,5.338887056834557e-07,0.0,0.0,0.0
1692310696.9530392,0.174166525423388,0.05185475537866051,2.9012026680254722e-05,0.0,0.0,0.0
1692310697.1135848,0.17393992695786217,0.05190930543666337,-1.6765795696029112e-05,0.0,0.0,0.0
1692310697.2168376,0.17352902188448371,0.051933020128325416,-0.00016051736989688794,0.0,0.0,0.0
1692310697.3388393,0.17366785373886734,0.05195931571554921,-0.00030312612885034025,0.0,0.0,0.0
1692310697.403162,0.17441671414014903,0.05201675444791972,-0.0005044519852501361,0.0,0.0,0.0
1692310697.4885464,0.17380860607821144,0.05203274165608977,-0.0007160209825620768,0.0,0.0,0.0
1692310697.6211379,0.17388646950740716,0.052049748394451284,-0.0008984855918050813,0.0,0.0,0.0
1692310697.7399852,0.17518988789257037,0.052128539339601654,-0.0010705992421028245,0.0,0.0,0.0
1692310697.8451302,0.176001267097334,0.05223617016095125,-0.0011755563502627063,0.0,0.0,0.0
1692310697.958691,0.1771996244965721,0.052386214882986025,-0.001252807188131447,0.0,0.0,0.0
1692310698.1081321,0.1768410120987389,0.052495536323604715,-0.001227805243275054,0.0,0.0,0.0
1692310698.2738059,0.1754473789015889,0.05251869334220273,-0.0010288353388967278,0.0,0.0,0.0
1692310698.4387043,0.17523949238917524,0.0525272414665335,-0.0007810542819844351,0.0,0.0,0.0
1692310698.609104,0.17633044011846039,0.052588536566995026,-0.0005309448738791405,0.0,0.0,0.0
1692310698.6922748,0.1758920471503185,0.05261732343956646,-0.0003018424165267349,0.0,0.0,0.0
1692310698.7725177,0.1765368672571214,0.05267424381333096,-0.00015894013910640244,0.0,0.0,0.0
1692310698.9327364,0.17640307716026715,0.05271521042053409,-6.879792744158845e-05,0.0,0.0,0.0
1692310699.0655942,0.17754470393355581,0.05280664551287462,-1.2189117706372076e-05,0.0,0.0,0.0
1692310699.1275747,0.17755677378268805,0.05288351668194614,-2.5591950098364145e-05,0.0,0.0,0.0
1692310699.2322996,0.17840269654162957,0.052989936851472255,-3.300551836121806e-05,0.0,0.0,0.0
1692310699.31104,0.17882095648576163,0.053099504620381724,-5.51528450881704e-05,0.0,0.0,0.0
1692310699.4138262,0.17817958166945416,0.05315858148255765,-8.880564425859627e-05,0.0,0.0,0.0
1692310699.4961283,0.1776790970670345,0.053182657296920954,-0.00012798352135534244,0.0,0.0,0.0
1692310699.5717096,0.17548192355429953,0.05309274470136561,-0.00013719419199965921,0.0,0.0,0.0
1692310699.7229347,0.17543152505306514,0.05301533211618056,-0.0001419748646739466,0.0,0.0,0.0
1692310699.79854,0.1752340000152799,0.05294099447541627,-0.00012145112936003313,0.0,0.0,0.0
1692310700.012377,0.17545671579806046,0.05289022975866767,-0.00010250025231680845,0.0,0.0,0.0
1692310700.148525,0.17360169542599807,0.052754793743828396,-2.4572640340126458e-05,0.0,0.0,0.0
1692310700.2840872,0.17358057743092467,0.052641011385657056,2.4974020047993798e-05,0.0,0.0,0.0
1692310700.4353886,0.17328963236464404,0.0525316127973251,7.35557427661697e-05,0.0,0.0,0.0
1692310700.5700958,0.17329110053487193,0.05244058543239195,0.00010917660594329876,0.0,0.0,0.0
1692310700.715797,0.17225016622704237,0.052312739809130204,9.546469624461298e-05,0.0,0.0,0.0
1692310700.8660493,0.17038264804923345,0.05211268242851223,8.244306270273955e-05,0.0,0.0,0.0
1692310700.9929295,0.17088497481196036,0.05197106836891394,2.089448268943802e-05,0.0,0.0,0.0
1692310701.0707765,0.17085849976093484,0.05185163148556283,-5.1744071662318316e-05,0.0,0.0,0.0
1692310701.1670763,0.16993965054344637,0.05170606926403813,-0.00011648596052530245,0.0,0.0,0.0
1692310701.3002963,0.168891061317763,0.05153231666895436,-0.00016601567373001347,0.0,0.0,0.0
1692310701.4048758,0.16805677456173712,0.05134585084643442,-0.00019822870356316162,0.0,0.0,0.0
1692310701.5155556,0.16749245970577814,0.051162383274425474,-0.00020238207404340094,0.0,0.0,0.0
1692310701.608007,0.16716698350990708,0.05099332382579351,-0.0001796539576178531,0.0,0.0,0.0
1692310701.726595,0.16660421411657245,0.05082430665682708,-0.00015698037229296886,0.0,0.0,0.0
1692310701.8978198,0.16642473528686896,0.050674526664677984,-0.0001302117621806963,0.0,0.0,0.0
1692310702.0131931,0.16479415160085986,0.05046787756797413,-5.24341877987267e-05,0.0,0.0,0.0
1692310702.1265473,0.16427552532411407,0.05026926921800619,6.185382638001287e-05,0.0,0.0,0.0
1692310702.2436085,0.1645280378294191,0.05011635349072417,0.00016653958414277451,0.0,0.0,0.0
1692310702.3554285,0.1672058427800332,0.05012263324146196,0.00028641306527021145,0.0,0.0,0.0
1692310702.498318,0.16697600579638067,0.05011636289319259,0.0003854017554671559,0.0,0.0,0.0
1692310702.6386695,0.16691219193967227,0.05010795341399959,0.00046721510716552547,0.0,0.0,0.0
1692310702.7435257,0.16541510606394252,0.050026333634909034,0.0005105311427977812,0.0,0.0,0.0
1692310702.8471012,0.16498483568972652,0.04993710803815517,0.0005221847794737227,0.0,0.0,0.0
1692310702.9428337,0.16515327545000805,0.049871721480427296,0.000468676620423245,0.0,0.0,0.0
1692310703.0338244,0.16502331863283165,0.04981077016080968,0.0004167907245922138,0.0,0.0,0.0
1692310703.132741,0.16415523766755485,0.04971654722027151,0.00035252233297127726,0.0,0.0,0.0
1692310703.289877,0.16462786988644035,0.049661576413279444,0.0002416860874979107,0.0,0.0,0.0
1692310703.4488895,0.16420728912956198,0.04959411480362991,8.92429433002118e-05,0.0,0.0,0.0
1692310703.5437834,0.16424393364717602,0.0495392608012225,-6.95358522262816e-05,0.0,0.0,0.0
1692310703.6795387,0.16332676096282633,0.049447729720254796,-0.0001948215702370466,0.0,0.0,0.0
1692310703.7609875,0.16217475572911877,0.04931337901481582,-0.00032021973722049825,0.0,0.0,0.0
1692310703.8911812,0.16358888719232909,0.049272284565478434,-0.0004268187401123489,0.0,0.0,0.0
1692310704.0176892,0.16471105770387606,0.0492948374261159,-0.0004839790131328353,0.0,0.0,0.0
1692310704.1306791,0.1644223439092374,0.04929959744619554,-0.0004993389553612182,0.0,0.0,0.0
1692310704.261747,0.16387222254275807,0.04927641193982024,-0.00046575645038081587,0.0,0.0,0.0
1692310704.4382648,0.16401018819086455,0.049264156835939356,-0.0003967994214117046,0.0,0.0,0.0
1692310704.5975804,0.16485839355437498,0.04929613334081619,-0.0002584203769050367,0.0,0.0,0.0
1692310704.704459,0.16499355100729965,0.0493283276100798,-5.6313900780247404e-05,0.0,0.0,0.0
1692310704.8627377,0.16444908413366846,0.04932674725388746,0.00016198935644211215,0.0,0.0,0.0
1692310704.979906,0.16406650195951836,0.049305776365365976,0.00036196528353121663,0.0,0.0,0.0
1692310705.1046245,0.16434837092691265,0.04930141594414676,0.0005628785112029653,0.0,0.0,0.0
1692310705.2007637,0.1647496640289863,0.04931635986075927,0.0007749761849243064,0.0,0.0,0.0
1692310705.3224835,0.16364767202326924,0.049274447526373395,0.0009268978992359052,0.0,0.0,0.0
1692310705.493669,0.16191338767365288,0.0491524078072516,0.0010587962834532952,0.0,0.0,0.0
1692310705.6025982,0.16213919348362138,0.049062354521997614,0.001160455047330611,0.0,0.0,0.0
1692310705.6978767,0.1620490058991373,0.04898313816493417,0.0012356789315688818,0.0,0.0,0.0
1692310705.7963767,0.16150949148361798,0.04888993276071708,0.0013035095571525364,0.0,0.0,0.0
1692310705.9481347,0.16062044778327172,0.04876766214075305,0.001361874369237555,0.0,0.0,0.0
1692310706.13389,0.16007088694004692,0.048638778383895645,0.0013950512592936226,0.0,0.0,0.0
1692310706.2042906,0.16100940953065163,0.04857787837214744,0.0014401829094709715,0.0,0.0,0.0
1692310706.3144872,0.1615176422666725,0.048552784808568734,0.0014731269355805448,0.0,0.0,0.0
1692310706.4880283,0.16086703766276286,0.04850022950436342,0.0014705999405215165,0.0,0.0,0.0
1692310706.6868277,0.16171984709696405,0.04849817370005281,0.0015004072381696516,0.0,0.0,0.0
1692310706.8456333,0.1620973753739075,0.04851383219458392,0.0015677523281097936,0.0,0.0,0.0
1692310707.038627,0.16081520231028287,0.04846086469614849,0.0016648693079455207,0.0,0.0,0.0
1692310707.1921275,0.16243209843700251,0.04849193945495819,0.0018607136403433874,0.0,0.0,0.0
1692310707.333547,0.16321220386374308,0.0485505885778766,0.0021233608656306066,0.0,0.0,0.0
1692310707.4322774,0.1640922462883091,0.04862282750471661,0.0025871312781756304,0.0,0.0,0.0
1692310707.5204995,0.163874546256718,0.04867583397432868,0.0029346638529955185,0.0,0.0,0.0
1692310707.6175337,0.16453702997710007,0.04875240498237812,0.0032338230416188644,0.0,0.0,0.0
1692310707.7301881,0.16444491841349965,0.048804990717627006,0.003548463824637323,0.0,0.0,0.0
1692310707.8934116,0.16433640002152697,0.04885056752474295,0.0037380988403116436,0.0,0.0,0.0
1692310707.9877398,0.16640284701413757,0.049000894307572984,0.003801518484370603,0.0,0.0,0.0
1692310708.1439958,0.16756469743132651,0.049185970111435516,0.0038365062261220984,0.0,0.0,0.0
1692310708.2966998,0.16931092400245765,0.04943923620341498,0.0037026237828478845,0.0,0.0,0.0
1692310708.4452438,0.1700812526954104,0.04969992494305925,0.0033463091599676056,0.0,0.0,0.0
1692310708.662012,0.17099953270103763,0.049965909651103646,0.002931125023215817,0.0,0.0,0.0
1692310708.7964613,0.17192051600972147,0.05023481875514519,0.0024360028138610446,0.0,0.0,0.0
1692310708.9507353,0.17223181802608367,0.050474256369994,0.001976358950274244,0.0,0.0,0.0
1692310709.0949943,0.1718315970985666,0.05065373644726015,0.0016087043702415343,0.0,0.0,0.0
1692310709.224411,0.17193737255618965,0.050808610261699486,0.001324210631584316,0.0,0.0,0.0
1692310709.31409,0.17101587908906193,0.05089117886167384,0.001173442534128429,0.0,0.0,0.0
1692310709.4564211,0.169517720935296,0.05088347865443678,0.0011479540693381605,0.0,0.0,0.0
1692310709.6376033,0.16761594677453728,0.05077922091441875,0.0012241883529204897,0.0,0.0,0.0
1692310709.7948177,0.16647421810456048,0.05063087163735922,0.0013979139361679676,0.0,0.0,0.0
1692310709.9685707,0.1653358146019501,0.050449061239158884,0.0015668452721836518,0.0,0.0,0.0
1692310710.102315,0.16488068546425014,0.050264385161351594,0.0018825923994927503,0.0,0.0,0.0
1692310710.2645926,0.16406816511107195,0.05006452513324075,0.0022154502873482133,0.0,0.0,0.0
1692310710.4502876,0.16265864539940053,0.04983090049406266,0.0024445075796416032,0.0,0.0,0.0
1692310710.5381315,0.16995828700812127,0.050001185480990036,0.002659861858047139,0.0,0.0,0.0
1692310710.645968,0.17410516305993934,0.05035008867305713,0.0028564360209769506,0.0,0.0,0.0
1692310710.7584388,0.17433669622917852,0.050653922592260654,0.002998520873148482,0.0,0.0,0.0
1692310710.855361,0.17418970155887634,0.05090249343409732,0.003075256314350816,0.0,0.0,0.0
1692310710.9681656,0.17343167999583098,0.051075345811454564,0.0030780797675426783,0.0,0.0,0.0
1692310711.07475,0.17253853182969037,0.05117341687570309,0.0030983111760535466,0.0,0.0,0.0
1692310711.183628,0.17148840182885666,0.05120638676383713,0.0030467344633428343,0.0,0.0,0.0
1692310711.364902,0.16951243618939188,0.05113796849416022,0.0029400346009732345,0.0,0.0,0.0
1692310711.4555552,0.1684537158200728,0.05103180248876493,0.0027579877002782928,0.0,0.0,0.0
1692310711.5464666,0.16757180175243,0.05089921192486657,0.0026047252290176417,0.0,0.0,0.0
1692310711.6596637,0.16735785929213443,0.05077844825697923,0.002465668140067673,0.0,0.0,0.0
1692310711.7927017,0.1658302671233191,0.05060107592305685,0.0023552735619728296,0.0,0.0,0.0
1692310711.9922144,0.16408667174067237,0.050366768093655576,0.0022390106844811337,0.0,0.0,0.0
1692310712.1403692,0.162863143777152,0.050108746053509366,0.0021835102334772753,0.0,0.0,0.0
1692310712.2381113,0.16178847481713704,0.04983881331314256,0.0021645502989396655,0.0,0.0,0.0
1692310712.3319128,0.1597697761709504,0.0495125122227289,0.002153741800902945,0.0,0.0,0.0
1692310712.440607,0.15846971009802946,0.049175713831879485,0.002140028349140075,0.0,0.0,0.0
1692310712.54857,0.15712000135971682,0.04882742839887023,0.0021296745019991114,0.0,0.0,0.0
1692310712.653994,0.156226794734763,0.04849123821962893,0.002148675160049038,0.0,0.0,0.0
1692310712.8126335,0.15511528593296336,0.04815573357633694,0.0021583877723236533,0.0,0.0,0.0
1692310712.9139214,0.15404609293600546,0.04782230527948488,0.002173227193599582,0.0,0.0,0.0
1692310713.0785458,0.15361808305728153,0.047523109330442966,0.002185207548934043,0.0,0.0,0.0
1692310713.2227447,0.1523914265592713,0.04720874922612211,0.0022623862695339727,0.0,0.0,0.0
1692310713.3328896,0.15135495227130893,0.04689213182254487,0.0023713313255928313,0.0,0.0,0.0
1692310713.5103602,0.15139235080317678,0.046629623912895456,0.0024719823791962085,0.0,0.0,0.0
1692310713.6322327,0.1502303815658224,0.04635408638468897,0.002533035216095467,0.0,0.0,0.0
1692310713.7193217,0.15018282187492918,0.04612279270875286,0.002574018613933103,0.0,0.0,0.0
1692310713.8126597,0.14908720023315844,0.045875433912188304,0.00260323251022958,0.0,0.0,0.0
1692310713.940758,0.1484453670922969,0.04563983441282666,0.0025821870558039367,0.0,0.0,0.0
1692310714.0588157,0.14888454603396586,0.045466440066663526,0.0025495609601588727,0.0,0.0,0.0
1692310714.1887116,0.1490358221077631,0.04532939753639786,0.002526010812684962,0.0,0.0,0.0
1692310714.3195074,0.1496855198254406,0.04524961117320883,0.0024719002655382563,0.0,0.0,0.0
1692310714.4709222,0.1489761974084933,0.04514838860281882,0.002409818563841472,0.0,0.0,0.0
1692310714.571471,0.1490818283274722,0.04507057554993453,0.0023314018740381503,0.0,0.0,0.0
1692310714.661705,0.14831563103236875,0.044967213327021,0.0022688435498852636,0.0,0.0,0.0
1692310714.7575502,0.14883040653134577,0.04490648323693228,0.002226712385295272,0.0,0.0,0.0
1692310714.858625,0.14880232789241418,0.04485412172816026,0.002199597821776306,0.0,0.0,0.0
1692310714.9638822,0.148373365154569,0.044789288895512376,0.0021705225145050204,0.0,0.0,0.0
1692310715.1476095,0.1487514392071152,0.044752632138098145,0.0021800924394593715,0.0,0.0,0.0
1692310715.2289822,0.1489361604135488,0.04472979945944501,0.002218164914977703,0.0,0.0,0.0
1692310715.3093965,0.1488384670425319,0.04470609978753754,0.002245756625198019,0.0,0.0,0.0
1692310715.4833882,0.1488250520706884,0.04468484044478108,0.0022842347274675697,0.0,0.0,0.0
1692310715.616361,0.14910774064469431,0.044682266209738815,0.0022987738579902145,0.0,0.0,0.0
1692310715.7301898,0.149095604639058,0.044676480575470495,0.002364379100471761,0.0,0.0,0.0
1692310715.8327725,0.1491801029640253,0.04467400083130449,0.002449545320059373,0.0,0.0,0.0
1692310715.924351,0.1495490440741855,0.04468968269535687,0.002532405894718627,0.0,0.0,0.0
1692310716.0332825,0.15027893331692627,0.04473711018075011,0.002635115670605054,0.0,0.0,0.0
1692310716.2048397,0.15112159905965153,0.04481066735053483,0.0028284054647530104,0.0,0.0,0.0
1692310716.4356253,0.15061813672743918,0.04484438644121786,0.0030154875369814847,0.0,0.0,0.0
1692310716.6411211,0.15190595353437786,0.04493818892846841,0.0031603207874381263,0.0,0.0,0.0
1692310716.8324804,0.1528824859875606,0.04507700971356641,0.003126038619450215,0.0,0.0,0.0
1692310717.0241044,0.15360328332655812,0.045235883570866366,0.002971699688666134,0.0,0.0,0.0
1692310717.253851,0.15380201538228977,0.04538546679955216,0.0026277219105660175,0.0,0.0,0.0
1692310717.4782023,0.15560783399899292,0.045601969900732925,0.0021543723410380215,0.0,0.0,0.0
1692310717.6890628,0.1564559184390566,0.04582392910123535,0.001672344506526336,0.0,0.0,0.0
1692310717.8297584,0.15799484108759287,0.0460853201451773,0.0012362051247181542,0.0,0.0,0.0
1692310717.9260476,0.15926758536159705,0.04636733892456063,0.0009010092838657398,0.0,0.0,0.0
1692310718.1018376,0.15930782117550493,0.04660517107075397,0.0007025813217710011,0.0,0.0,0.0
1692310718.2370179,0.16041425339700208,0.046858694381824356,0.0006370933561949029,0.0,0.0,0.0
1692310718.342102,0.16117601470113824,0.04710779264271607,0.0006128711205654498,0.0,0.0,0.0
1692310718.4457974,0.1621459072230252,0.04736169853406709,0.0007161406334711987,0.0,0.0,0.0
1692310718.5440884,0.16316890763070474,0.04762359547530792,0.0008344206852509894,0.0,0.0,0.0
1692310718.660311,0.16411042258488612,0.04788472133840094,0.0010500339255780137,0.0,0.0,0.0
1692310718.7762098,0.16326551120722732,0.04805452291642705,0.0013365777308878965,0.0,0.0,0.0
1692310718.8953307,0.16361366843844533,0.04821242545091214,0.0015928748360346898,0.0,0.0,0.0
1692310719.0033615,0.1640329101756011,0.048355338641094384,0.0019500239797534626,0.0,0.0,0.0
1692310719.115496,0.16380562563099846,0.048459844787404976,0.0022872351489648603,0.0,0.0,0.0
1692310719.2225394,0.16264871670972733,0.048475466969766415,0.0027145313224325313,0.0,0.0,0.0
1692310719.350905,0.1621513094562677,0.048464598592726116,0.003058770568590373,0.0,0.0,0.0
1692310719.466295,0.16133073768426226,0.048402278477278814,0.00345806048127012,0.0,0.0,0.0
1692310719.5796425,0.16223688839279576,0.04839607115808226,0.0037905068628654205,0.0,0.0,0.0
1692310719.700805,0.1618649979848233,0.048388268284923874,0.003911134015238659,0.0,0.0,0.0
1692310719.7982984,0.16294169086828275,0.04842961834519838,0.004076978648600458,0.0,0.0,0.0
1692310719.9138596,0.1644755630576064,0.04854266473334389,0.004201306187662642,0.0,0.0,0.0
1692310720.0374763,0.16629910227371975,0.04873800500071512,0.004201600824004517,0.0,0.0,0.0
1692310720.210163,0.16773901018437853,0.04897906905092902,0.004126809413819352,0.0,0.0,0.0
1692310720.3381655,0.1692620240203515,0.04926349295358377,0.003959915904261854,0.0,0.0,0.0
1692310720.566547,0.16955726516758665,0.04952012026505252,0.0037344549205030877,0.0,0.0,0.0
1692310720.7369623,0.1694154322115968,0.04973025929014814,0.0034725877457609682,0.0,0.0,0.0
1692310720.910106,0.16914094228898574,0.04989351756616758,0.0032047733385418835,0.0,0.0,0.0
1692310721.081668,0.16981417201583265,0.050063382897166775,0.00297840965262685,0.0,0.0,0.0
1692310721.2346017,0.16961686415552657,0.05019321351556337,0.0028353196302601706,0.0,0.0,0.0
1692310721.4632127,0.17064100450569147,0.050349494590543366,0.002786742870069538,0.0,0.0,0.0
1692310721.6592612,0.17188547135488058,0.05054102615355658,0.002767505440402657,0.0,0.0,0.0
1692310721.7609372,0.17019869290800665,0.05060868261733656,0.0028734482488750254,0.0,0.0,0.0
1692310721.8801959,0.168531617577634,0.0505821524642347,0.002949400718627442,0.0,0.0,0.0
1692310722.0772543,0.16634779014834866,0.050449660892699436,0.003023649636153531,0.0,0.0,0.0
1692310722.295584,0.1639640740314755,0.05021739980940703,0.003116323847371974,0.0,0.0,0.0
1692310722.4678402,0.16319701174506565,0.04998749419076638,0.0031641381947063265,0.0,0.0,0.0
1692310722.6108522,0.1626048295765114,0.04977035134858107,0.0031417851769891306,0.0,0.0,0.0
1692310722.7841256,0.16190437937606453,0.049556695443484886,0.0030834499079565128,0.0,0.0,0.0
1692310722.9499295,0.1601506111193809,0.04929348547410719,0.0029844353807698793,0.0,0.0,0.0
1692310723.0505333,0.1597841847521363,0.04906000401987931,0.0028124352402597147,0.0,0.0,0.0
1692310723.18085,0.15922786931938274,0.04883724850073012,0.0026780912300931603,0.0,0.0,0.0
1692310723.3537052,0.15833275307770994,0.04860655969100383,0.0025719991413881973,0.0,0.0,0.0
1692310723.45652,0.15609673138297783,0.04830287292762172,0.0024694285435295587,0.0,0.0,0.0
1692310723.53399,0.1541696740412657,0.04795337925258628,0.0023814158769050373,0.0,0.0,0.0
1692310723.6169379,0.15344908345631558,0.04762638948212635,0.002301593454941906,0.0,0.0,0.0
1692310723.7469757,0.15332895441671557,0.04734751346607246,0.002246251804109518,0.0,0.0,0.0
1692310724.0155954,0.15280246475735107,0.04708728182256266,0.0022339014791293056,0.0,0.0,0.0
1692310724.0598123,0.15200232421725027,0.04682722822217523,0.002284503325740674,0.0,0.0,0.0
1692310724.1784718,0.15120017180243697,0.046563027921214604,0.002441731643098707,0.0,0.0,0.0
1692310724.2835085,0.1509500099747365,0.04633030278525002,0.002573840087242782,0.0,0.0,0.0
1692310724.4482627,0.15028086992485978,0.046101239505833926,0.002705608341852147,0.0,0.0,0.0
1692310724.551931,0.15001393500034818,0.04589412377480971,0.0028527560594206595,0.0,0.0,0.0
1692310724.7257295,0.14898448486297194,0.04567072899700082,0.0029643757121671473,0.0,0.0,0.0
1692310724.8497136,0.14823911371387816,0.04544848797541424,0.0030406617814212056,0.0,0.0,0.0
1692310724.9824815,0.14891187482413853,0.045292574955276194,0.0031611309593440533,0.0,0.0,0.0
1692310725.0923982,0.14966540109499815,0.045203981738439036,0.0032196846121743997,0.0,0.0,0.0
1692310725.220315,0.14910431567831378,0.045105465662344385,0.0032224666594676634,0.0,0.0,0.0
1692310725.3887658,0.14878076644338725,0.045009836156466684,0.0031864598009386713,0.0,0.0,0.0
1692310725.5202966,0.14882157449413078,0.04493404430761794,0.003128759848904861,0.0,0.0,0.0
1692310725.6507053,0.14783867706059045,0.04482470256303183,0.003029001100626185,0.0,0.0,0.0
1692310725.7254167,0.14792166072048601,0.044739651811757264,0.0029118571193765073,0.0,0.0,0.0
1692310725.8178747,0.14773916230624298,0.044660188663951036,0.002803869423120995,0.0,0.0,0.0
1692310725.9483178,0.14869388781133516,0.044641679201486276,0.002718035069149512,0.0,0.0,0.0
1692310726.1352248,0.14956006547533696,0.04467278159928138,0.002580837121054105,0.0,0.0,0.0
1692310726.2992332,0.15012568065210843,0.04473070497115036,0.002362910054573009,0.0,0.0,0.0
1692310726.4166737,0.14970076864890017,0.04475931523506504,0.0021116772710327754,0.0,0.0,0.0
1692310726.532524,0.15038047205384897,0.04481762797733044,0.0018782425983070836,0.0,0.0,0.0
1692310726.646772,0.1506722520949535,0.04488171922374436,0.0015905572509663445,0.0,0.0,0.0
1692310726.7996926,0.1507325254500221,0.04493812260833212,0.0012977217176082811,0.0,0.0,0.0
1692310726.9280653,0.15001526662922426,0.04494903009200454,0.0010274347991164386,0.0,0.0,0.0
1692310727.0583713,0.1503814820861994,0.044976499592972514,0.0008075683560390243,0.0,0.0,0.0
1692310727.1652184,0.15069910574502,0.04501529364183439,0.0007211947422046732,0.0,0.0,0.0
1692310727.3243804,0.1498172089204573,0.045002484909137795,0.0007290694219936466,0.0,0.0,0.0
1692310727.4468935,0.1498507730391589,0.04499224774012999,0.000794980950748259,0.0,0.0,0.0
1692310727.6054218,0.15020095975436987,0.044997470608349105,0.0009661398019122221,0.0,0.0,0.0
1692310727.7134545,0.15085923773109727,0.04502818076884102,0.001243792679842644,0.0,0.0,0.0
1692310727.8536863,0.15193333295914474,0.045098655944397464,0.001610151803396815,0.0,0.0,0.0
1692310728.0035846,0.15254303918254677,0.04516200400121647,0.0021927422016166783,0.0,0.0,0.0
1692310728.0990927,0.15377224441982823,0.04527175572966357,0.0027217147108098607,0.0,0.0,0.0
1692310728.2123244,0.15494813100475066,0.045418549964067044,0.003195656698147584,0.0,0.0,0.0
1692310728.3195398,0.15576375953037594,0.045568254934788326,0.0036986388519568017,0.0,0.0,0.0
1692310728.4006362,0.15634053960273864,0.04570952979701186,0.004207859785521724,0.0,0.0,0.0
1692310728.5313168,0.15665926857287651,0.04581743960991113,0.004798085267411973,0.0,0.0,0.0
1692310728.657341,0.1578689856832069,0.04596841263918167,0.005291887221435658,0.0,0.0,0.0
1692310728.76948,0.15960209620203017,0.046171158043882894,0.005768657894263084,0.0,0.0,0.0
1692310728.9046504,0.1607246585144993,0.04639323124467819,0.006188253152965496,0.0,0.0,0.0
1692310729.0480826,0.15987385036175714,0.04652070095377246,0.00661671526001256,0.0,0.0,0.0
1692310729.2126465,0.15971436484269222,0.046645632490697364,0.0068207541945923544,0.0,0.0,0.0
1692310729.337741,0.16227990977141002,0.046898929847559445,0.006868611553332217,0.0,0.0,0.0
1692310729.4636626,0.16327937175349044,0.04717729853635403,0.006787950923393303,0.0,0.0,0.0
1692310729.6181545,0.16379963135199666,0.04745110648420203,0.006593761776018405,0.0,0.0,0.0
1692310729.751364,0.1657384246091742,0.04777911104612964,0.00641288925660778,0.0,0.0,0.0
1692310729.88441,0.16640037525620058,0.04809837794125344,0.006139931251124238,0.0,0.0,0.0
1692310730.022326,0.16684880745359054,0.048396976953806355,0.005799358556174314,0.0,0.0,0.0
1692310730.1524875,0.16552650309059358,0.04858086721055799,0.005495697299539215,0.0,0.0,0.0
1692310730.3068273,0.1654034051475612,0.048729399735388056,0.005223340644290439,0.0,0.0,0.0
1692310730.4286637,0.16405923880916026,0.048781154759901676,0.0050503544169810816,0.0,0.0,0.0
1692310730.5234387,0.1622206987691302,0.048726088647369395,0.00496968189865545,0.0,0.0,0.0
1692310730.6413233,0.16042467269106206,0.04859097152449268,0.004890456456781949,0.0,0.0,0.0
1692310730.729464,0.1597505036957412,0.048437673571088274,0.004893638607746992,0.0,0.0,0.0
1692310730.8201983,0.15811848177621168,0.04823248848093814,0.004849653953125823,0.0,0.0,0.0
1692310730.9128792,0.15655822210113474,0.04798281621228777,0.004815083602790241,0.0,0.0,0.0
1692310731.010595,0.15645265466056707,0.047768992984188255,0.004791612489800528,0.0,0.0,0.0
1692310731.1252768,0.1556765712295676,0.04755133103632591,0.004776720769076592,0.0,0.0,0.0
1692310731.3353574,0.15563700889819726,0.047374465646100664,0.0046978676958261455,0.0,0.0,0.0
1692310731.4899874,0.15709134915269718,0.04730448782308203,0.0045850549263796,0.0,0.0,0.0
1692310731.5923705,0.15730692993251358,0.04726231701557096,0.0044261981492472085,0.0,0.0,0.0
1692310731.7331002,0.15722095301485384,0.04722463303408696,0.004270585320339449,0.0,0.0,0.0
1692310731.8645015,0.15807574901978363,0.04723948766275303,0.004094392585865381,0.0,0.0,0.0
1692310732.0467448,0.15767906009460775,0.0472365811216145,0.003874534320462544,0.0,0.0,0.0
1692310732.212568,0.1570582628228923,0.04720353200059152,0.0036823648758892995,0.0,0.0,0.0
1692310732.3550384,0.15712794401535962,0.04718122591829717,0.0034913988246680675,0.0,0.0,0.0
1692310732.5217032,0.15625879803762988,0.047118568988085884,0.0033408681424264897,0.0,0.0,0.0
1692310732.639818,0.1566579531513618,0.04708646048679234,0.003214450550004548,0.0,0.0,0.0
1692310732.797274,0.1578328705593421,0.047115784930681456,0.0031589746242577147,0.0,0.0,0.0
1692310732.8822033,0.15736317086110538,0.04711847816056771,0.0030816432703522794,0.0,0.0,0.0
1692310733.0637991,0.1578606368550895,0.04713973957132897,0.003111577348398796,0.0,0.0,0.0
1692310733.2429888,0.1577676595056204,0.04715447905602821,0.0031113411720593985,0.0,0.0,0.0
1692310733.4081504,0.15822404377426585,0.0471857888559134,0.003167228141965474,0.0,0.0,0.0
1692310733.59057,0.1577228328034281,0.0471752957700902,0.003352922435822758,0.0,0.0,0.0
1692310733.8152146,0.1570598521717481,0.04712856354694469,0.003556767599418697,0.0,0.0,0.0
1692310734.0148811,0.15737746933206753,0.04710049489665782,0.0037775470660532592,0.0,0.0,0.0
1692310734.1553376,0.15724661653838296,0.04707389367157218,0.003928357056632936,0.0,0.0,0.0
1692310734.2486227,0.15772136116825702,0.047083858783864306,0.003966317437697388,0.0,0.0,0.0
1692310734.4409094,0.15676635021898871,0.04704970461546973,0.003931897703742763,0.0,0.0,0.0
1692310734.6228197,0.1578148026950513,0.04707971259481797,0.0038261303939861433,0.0,0.0,0.0
1692310734.7244499,0.15876810022636187,0.04715732722037998,0.003664832213612816,0.0,0.0,0.0
1692310734.8143454,0.1582268692276557,0.04719697872757347,0.0034931720870264643,0.0,0.0,0.0
1692310734.9447348,0.1582953644083962,0.04723311366320594,0.0033561033217813963,0.0,0.0,0.0
1692310735.0669127,0.15824142305904287,0.04726493848790926,0.003154810372148789,0.0,0.0,0.0
1692310735.2264485,0.15773641436588504,0.04726668504161778,0.002974526346767742,0.0,0.0,0.0
1692310735.3687167,0.15820670730330388,0.04729123387828072,0.0028353775097931513,0.0,0.0,0.0
1692310735.4809544,0.15808166704723628,0.04730295156938348,0.0027702870834349887,0.0,0.0,0.0
1692310735.5984733,0.15830388492657563,0.04732253948136162,0.002740923688453153,0.0,0.0,0.0
1692310735.7420895,0.15857185317851635,0.04734831334389121,0.0027841719588193375,0.0,0.0,0.0
1692310735.857991,0.15842984895857115,0.04736042652832506,0.0028542611212109773,0.0,0.0,0.0
1692310735.9457464,0.1580545158020304,0.0473517685252767,0.002911183388991072,0.0,0.0,0.0
1692310736.0300229,0.15826711344824426,0.04735185350942567,0.003006524817558914,0.0,0.0,0.0
1692310736.1334944,0.1584442072875404,0.04736077281057252,0.0030865949102455155,0.0,0.0,0.0
1692310736.2201426,0.15830488025424663,0.04736041256691288,0.003163940811416211,0.0,0.0,0.0
1692310736.3449507,0.1575472206315304,0.047320093253420806,0.003253759874604776,0.0,0.0,0.0
1692310736.4937963,0.1581463037538476,0.047310885670016414,0.003397857272285713,0.0,0.0,0.0
1692310736.6892018,0.15756137143670262,0.047277575894407016,0.0034732298779060282,0.0,0.0,0.0
1692310736.8287857,0.15833402970926935,0.047284580991933944,0.0035844398747875575,0.0,0.0,0.0
1692310736.938553,0.1580470168838027,0.04726733958929526,0.003769468964378815,0.0,0.0,0.0
1692310737.0959234,0.1578631405820796,0.04724142301730757,0.003946331705305235,0.0,0.0,0.0
1692310737.259535,0.1564600499718435,0.04714967006884798,0.004088789902144862,0.0,0.0,0.0
1692310737.360035,0.15750856147556117,0.04710318920136526,0.00440632639779053,0.0,0.0,0.0
1692310737.5004187,0.15810775843563435,0.04709681098157835,0.004654379428957792,0.0,0.0,0.0
1692310737.6250646,0.16099497127730422,0.047265396631125306,0.004595927902914512,0.0,0.0,0.0
1692310737.7325017,0.16280405764065256,0.04749098764671117,0.004610382017158627,0.0,0.0,0.0
1692310737.9235613,0.16405155430369386,0.04774626063272894,0.004573044234493108,0.0,0.0,0.0
1692310738.0395112,0.1650855603250745,0.04801688233076018,0.004471386811983016,0.0,0.0,0.0
1692310738.168745,0.16589688167231129,0.048280203573465706,0.004421858557745213,0.0,0.0,0.0
1692310738.41445,0.1665082067525958,0.04853399552837379,0.004334854628644162,0.0,0.0,0.0
1692310738.64472,0.16606969031529395,0.0487328019592006,0.0041284059243794574,0.0,0.0,0.0
1692310738.8138573,0.1663261575161495,0.04891763493341045,0.0038415258277848304,0.0,0.0,0.0
1692310738.9789531,0.1666557896365493,0.04909310134984576,0.003481399300056531,0.0,0.0,0.0
1692310739.1675274,0.16547781218160584,0.049183569124119086,0.0030535876259897613,0.0,0.0,0.0
1692310739.3867574,0.16556019574095474,0.0492635312269448,0.002669017755235676,0.0,0.0,0.0
1692310739.5632048,0.16603817236430984,0.04935305497396457,0.0024047313545415305,0.0,0.0,0.0
1692310739.6886513,0.16573830465998296,0.049410042067295074,0.0022777405095599132,0.0,0.0,0.0
1692310739.794328,0.16483033241610234,0.04940841262026077,0.0022642000757261264,0.0,0.0,0.0
1692310739.9259355,0.1641121723214923,0.049366062994491214,0.002351164785775781,0.0,0.0,0.0
1692310740.130552,0.16247762177971736,0.04924177902436319,0.0025327651963434755,0.0,0.0,0.0
1692310740.2545922,0.16198409742534892,0.04911151369788166,0.00271088598229944,0.0,0.0,0.0
1692310740.360401,0.16186024860859632,0.04899484658764036,0.0028847390753343237,0.0,0.0,0.0
1692310740.5015242,0.16276516742493152,0.04894615044752268,0.0029891107603984652,0.0,0.0,0.0
1692310740.6566927,0.16236668250284134,0.04888932964340968,0.0030214631089928667,0.0,0.0,0.0
1692310740.821894,0.1624742478246098,0.04884650858755659,0.0030618409100087152,0.0,0.0,0.0
1692310741.0158856,0.16116031922868512,0.04874278044968305,0.0031254131090299475,0.0,0.0,0.0
1692310741.1982758,0.16174668897167518,0.04868437366988633,0.0031984434401546593,0.0,0.0,0.0
1692310741.393946,0.16209810027665036,0.04865438006833528,0.0032454210267914337,0.0,0.0,0.0
1692310741.5004573,0.16209101482036775,0.04862834345930406,0.003294175149218709,0.0,0.0,0.0
1692310741.6465728,0.1628960825625363,0.0486468399275158,0.003338297916571157,0.0,0.0,0.0
1692310741.830326,0.16362940507111298,0.048701984123849545,0.0033337081493789245,0.0,0.0,0.0
1692310741.9034019,0.16373313550344754,0.048751858899507027,0.003348360367195855,0.0,0.0,0.0
1692310742.0175023,0.16275985983296748,0.04874603824948768,0.0033385844869624048,0.0,0.0,0.0
1692310742.098436,0.1633659622101061,0.04877310526115998,0.003307966451354071,0.0,0.0,0.0
1692310742.1920347,0.16357623442997815,0.04880556823888316,0.003292307917310242,0.0,0.0,0.0
1692310742.2848186,0.16347565690127341,0.04882742420741289,0.003281329602351051,0.0,0.0,0.0
1692310742.462975,0.16221609793905054,0.048784149698481744,0.003244986600471916,0.0,0.0,0.0
1692310742.6082747,0.16134672886698082,0.04870546184448494,0.003198657157638452,0.0,0.0,0.0
1692310742.7231283,0.15950964610093574,0.04854902066246365,0.0031383574437505047,0.0,0.0,0.0
1692310742.811636,0.1594550113077184,0.048416388324497434,0.003080917308877266,0.0,0.0,0.0
1692310742.8932118,0.15966412721731227,0.048318793310720656,0.002990137855166505,0.0,0.0,0.0
1692310742.9837952,0.15867954467931686,0.04819091044994002,0.002858084987519388,0.0,0.0,0.0
1692310743.0808532,0.158520261679172,0.04807678092855985,0.0027396612624579785,0.0,0.0,0.0
1692310743.1735208,0.15835511301356417,0.04797474052652863,0.002610764737423593,0.0,0.0,0.0
1692310743.2643979,0.1572109612963907,0.04783428237204635,0.0024538405691967155,0.0,0.0,0.0
1692310743.3578649,0.15773389012621322,0.0477438362562304,0.0023133176496933985,0.0,0.0,0.0
1692310743.4786608,0.15720401155460695,0.04764311875657775,0.0021589964857942068,0.0,0.0,0.0
1692310743.6260698,0.15710567289060334,0.047554956421693384,0.0020067055177671557,0.0,0.0,0.0
1692310743.7296505,0.15593505183303674,0.047424014805042665,0.0018301827414292722,0.0,0.0,0.0
1692310743.8091354,0.15547977055253268,0.047292255819526376,0.0016766375712184086,0.0,0.0,0.0
1692310743.8868296,0.15484118317713952,0.047150560746994044,0.0015456685583008574,0.0,0.0,0.0
1692310743.9626658,0.154639891366075,0.04702216919299091,0.0014501415645909363,0.0,0.0,0.0
1692310744.0520518,0.15447040912949622,0.04690660680209839,0.001376148318451553,0.0,0.0,0.0
1692310744.229387,0.1542039282919458,0.04679686561640566,0.0013201073930090533,0.0,0.0,0.0
1692310744.3863268,0.15423336019246384,0.04670435762534096,0.001363989001040386,0.0,0.0,0.0
1692310744.5791454,0.15286513008777733,0.046555519311084655,0.0014807352249888842,0.0,0.0,0.0
1692310744.6841114,0.15282043649991894,0.046422088797048414,0.0017118805220854394,0.0,0.0,0.0
1692310744.7720556,0.15251776798527408,0.04629583128044256,0.0019030909712583395,0.0,0.0,0.0
1692310744.8652985,0.1527450740199955,0.04619820250665278,0.0021206872048652667,0.0,0.0,0.0
1692310744.9571588,0.15265696654466537,0.04611194872365799,0.0023090785569747346,0.0,0.0,0.0
1692310745.0525107,0.15222428144699734,0.04601269841512816,0.002540362476215662,0.0,0.0,0.0
1692310745.218568,0.15258615302478482,0.04594282708221645,0.00279626969444819,0.0,0.0,0.0
1692310745.3883998,0.15302662171509906,0.04591232812863395,0.0029439671916317404,0.0,0.0,0.0
1692310745.566995,0.15296357499801805,0.0458861338131417,0.0030366671052773626,0.0,0.0,0.0
1692310745.7159748,0.15451526184082237,0.04592854536142828,0.0032733702009723835,0.0,0.0,0.0
1692310745.819528,0.15547417757229468,0.04601844258854069,0.0034016008302721135,0.0,0.0,0.0
1692310745.9304817,0.1564002608749307,0.04613912728150628,0.0035172717150591584,0.0,0.0,0.0
1692310746.034573,0.15741793339027765,0.046288887160936265,0.003635672983107196,0.0,0.0,0.0
1692310746.1405616,0.1586496553429183,0.04647949387055463,0.003689085989507155,0.0,0.0,0.0
1692310746.3249922,0.15945586343452325,0.04668583690171569,0.003642441183052183,0.0,0.0,0.0
1692310746.4201066,0.15905619044140734,0.04684383794529748,0.003509317801925136,0.0,0.0,0.0
1692310746.5379014,0.15998920963190147,0.047026770560374256,0.003315560516824847,0.0,0.0,0.0
1692310746.6386697,0.16051704294134697,0.04720631985209659,0.0031397608796802953,0.0,0.0,0.0
1692310746.7473638,0.16135895337140135,0.047401856134642435,0.002902300952153299,0.0,0.0,0.0
1692310746.8263521,0.1618280835924718,0.04759021169398013,0.0026425726416846583,0.0,0.0,0.0
1692310746.9293513,0.1622188690666235,0.047766682689417715,0.002426762186883966,0.0,0.0,0.0
1692310747.0403984,0.1627143212459104,0.047939929773278954,0.0021881830730645707,0.0,0.0,0.0
1692310747.1118236,0.16276868535542097,0.04808725707922777,0.001974693766389087,0.0,0.0,0.0
1692310747.204786,0.16281397065864325,0.048212249124939696,0.0017968994457276217,0.0,0.0,0.0
1692310747.3472543,0.16113764548160103,0.04823264368001175,0.001633424296230997,0.0,0.0,0.0
1692310747.4622872,0.16117864383139086,0.048251714575531277,0.0014955892619248174,0.0,0.0,0.0
1692310747.5628476,0.1610554748690086,0.0482615168406322,0.001375415008816968,0.0,0.0,0.0
1692310747.6387248,0.1613300684661389,0.04828347737836045,0.0012730233917889323,0.0,0.0,0.0
1692310747.7861743,0.16091851065727536,0.048281183773949424,0.0011855031182400775,0.0,0.0,0.0
1692310747.9454596,0.16109251991436518,0.04828814125158187,0.0011025746160138194,0.0,0.0,0.0
1692310748.065154,0.16080200115729026,0.04827948013902242,0.0010262828820561199,0.0,0.0,0.0
1692310748.203371,0.1589843327850643,0.04818143282736589,0.0009431707314708813,0.0,0.0,0.0
1692310748.3229551,0.15788952884155105,0.048044892441988805,0.0008751755384620264,0.0,0.0,0.0
1692310748.44199,0.15826723654020303,0.047949717720387405,0.0008462232809382867,0.0,0.0,0.0
1692310748.5663965,0.15755849419724988,0.047834734944307754,0.0008342909856547157,0.0,0.0,0.0
1692310748.724866,0.15704964121990223,0.04771110786502199,0.0009267021644136141,0.0,0.0,0.0
1692310748.9054902,0.15770130305095328,0.04763691484387084,0.001110878354582906,0.0,0.0,0.0
1692310749.0777578,0.1574452236884183,0.04755101545271371,0.0014658693391084781,0.0,0.0,0.0
1692310749.2315536,0.15800394455053682,0.04749652056668905,0.001903525453335105,0.0,0.0,0.0
1692310749.4153688,0.1586264148454517,0.0474650014495782,0.002446686328548233,0.0,0.0,0.0
1692310749.6607182,0.15877351982012097,0.04743831809354131,0.0029683386494269237,0.0,0.0,0.0
1692310749.8480392,0.15938087046384414,0.04744440179417285,0.003422501247936127,0.0,0.0,0.0
1692310749.9496007,0.161479658827709,0.047563868453453215,0.0037258653769982777,0.0,0.0,0.0
1692310750.2116716,0.16144430833067894,0.04767767541718732,0.0038155104324764915,0.0,0.0,0.0
1692310750.4168656,0.1619057389098081,0.04780602878713863,0.0037609608239665797,0.0,0.0,0.0
1692310750.6450849,0.16316009126654465,0.047973548619512404,0.0037482268726213874,0.0,0.0,0.0
1692310750.8613636,0.16305643309923123,0.048104418408301444,0.0037819013611685615,0.0,0.0,0.0
1692310751.1128924,0.16380723066220254,0.04825139498287023,0.0038071631642141524,0.0,0.0,0.0
1692310751.282679,0.16408618566510616,0.048393302578639025,0.0037561725755295315,0.0,0.0,0.0
1692310751.4419775,0.1629354494259837,0.04845482079495135,0.0036980531269757777,0.0,0.0,0.0
1692310751.5764906,0.16337649163501033,0.048529670623984146,0.003628363683017939,0.0,0.0,0.0
1692310751.7043984,0.16370472657601584,0.048611305882555356,0.0035266892796078967,0.0,0.0,0.0
1692310751.8192801,0.16385135376157922,0.04869079326137958,0.0033697773243399095,0.0,0.0,0.0
1692310751.9350138,0.16369059709792255,0.04875004765461846,0.003217558713200171,0.0,0.0,0.0
1692310752.0420222,0.1631624973400805,0.048774418320294284,0.003059695439739284,0.0,0.0,0.0
1692310752.1415548,0.16272259024179808,0.048772703498793236,0.002927172235584412,0.0,0.0,0.0
1692310752.2509072,0.1623579769183567,0.04875400378435689,0.0027943061561789707,0.0,0.0,0.0
1692310752.3582544,0.16140370720939567,0.04869037267164723,0.002688121432436182,0.0,0.0,0.0
1692310752.462798,0.1603340930720801,0.048584004796418355,0.0025934223021479644,0.0,0.0,0.0
1692310752.5864627,0.15963999016289654,0.04845940675973617,0.0025403280207617063,0.0,0.0,0.0
1692310752.7030027,0.15883891568804823,0.04831353376091305,0.002534018029244924,0.0,0.0,0.0
1692310752.804033,0.1591297760190914,0.04820588496611311,0.002542421341318077,0.0,0.0,0.0
1692310752.9321606,0.15901647614224876,0.048109052361500544,0.002575825983733766,0.0,0.0,0.0
1692310753.1227076,0.15960902903644508,0.04805605009036812,0.002638517882213194,0.0,0.0,0.0
1692310753.3143082,0.15950386330357658,0.047997047226560396,0.0028267919251603385,0.0,0.0,0.0
1692310753.4966197,0.1594189045288082,0.04793024229517012,0.003134783723103029,0.0,0.0,0.0
1692310753.6827178,0.1585605574725957,0.047831719553617126,0.003387921426076663,0.0,0.0,0.0
1692310753.886094,0.15874111730897691,0.047751741620205804,0.0036670696938815635,0.0,0.0,0.0
1692310754.0066903,0.15827969218061547,0.047657503223178806,0.003939406737465622,0.0,0.0,0.0
1692310754.1006382,0.156906316520907,0.047514534342919024,0.004123047613825711,0.0,0.0,0.0
1692310754.194353,0.15790582282416457,0.047445560438242315,0.004278294986506312,0.0,0.0,0.0
1692310754.286128,0.15804326283078332,0.04740066835014221,0.004353241347844908,0.0,0.0,0.0
1692310754.37486,0.15796173645072953,0.04736408696844141,0.004364964575007715,0.0,0.0,0.0
1692310754.4831977,0.1578828466840403,0.0473365654315709,0.004296809588671089,0.0,0.0,0.0
1692310754.611856,0.15897826802873344,0.04736790709449795,0.0042496320625652,0.0,0.0,0.0
1692310754.7510924,0.1598967270501572,0.04744623401237112,0.0041340217794881996,0.0,0.0,0.0
1692310754.8973796,0.161373465483114,0.047588623664482514,0.003996131620251814,0.0,0.0,0.0
1692310755.112782,0.16153756926566998,0.04772026020929853,0.003806221214037922,0.0,0.0,0.0
1692310755.2784233,0.16156272289350956,0.04783778161336939,0.003518658273633202,0.0,0.0,0.0
1692310755.428791,0.16145784159943183,0.047933860452945176,0.0031869654560770224,0.0,0.0,0.0
1692310755.5582035,0.16295057155560264,0.048090059491050295,0.0028635150116507395,0.0,0.0,0.0
1692310755.7474008,0.16299275925416623,0.04822357723529225,0.0025354042656447725,0.0,0.0,0.0
1692310755.9120252,0.16223260309092302,0.0482956830782336,0.00230991412907609,0.0,0.0,0.0
1692310756.0865612,0.16171794425417996,0.04832837267428565,0.0021787287160860845,0.0,0.0,0.0
1692310756.2612362,0.16045730756257165,0.048289394307069744,0.0021515096809517583,0.0,0.0,0.0
1692310756.4337246,0.15989384726694494,0.04822453767993804,0.002215842118999522,0.0,0.0,0.0
1692310756.6004522,0.15984485092022008,0.04816048855461185,0.0023938933520127356,0.0,0.0,0.0
1692310756.7771416,0.1606105137467077,0.048139745662972515,0.002621912816398608,0.0,0.0,0.0
1692310756.9438198,0.16286800561152667,0.048222222776443086,0.0029693050737787273,0.0,0.0,0.0
1692310757.1236112,0.16343815859475236,0.0483221869711779,0.0032316053790311817,0.0,0.0,0.0
1692310757.320488,0.16458051240329563,0.04845128062134092,0.0035671748020633257,0.0,0.0,0.0
1692310757.486788,0.16619547686361894,0.048654701911528486,0.0036962780703864552,0.0,0.0,0.0
1692310757.6077507,0.1662819643249085,0.048833584319352974,0.003743056983683587,0.0,0.0,0.0
1692310757.7141306,0.16720996938570468,0.04902608014460381,0.0038205596111248546,0.0,0.0,0.0
1692310757.8594897,0.16878501956869787,0.049265092014195766,0.0038913707753139982,0.0,0.0,0.0
1692310757.9587436,0.16940528885444264,0.04950057520469167,0.003885290129640617,0.0,0.0,0.0
1692310758.096851,0.1700434808993649,0.04973076306506784,0.0038537501018118406,0.0,0.0,0.0
1692310758.2122738,0.1710044090835623,0.04997122668719413,0.0038212377067541794,0.0,0.0,0.0
1692310758.3280602,0.17065570823334467,0.05015350944267642,0.0038012151036403976,0.0,0.0,0.0
1692310758.4343777,0.17014608522731522,0.05027332029919104,0.0038674069007241774,0.0,0.0,0.0
1692310758.5370052,0.16930260749487647,0.050331173183732036,0.003917060382018726,0.0,0.0,0.0
1692310758.652025,0.1686363195434857,0.050344445408699805,0.003975462437744825,0.0,0.0,0.0
1692310758.7575166,0.16957437535734177,0.05040752755906836,0.003963766483257635,0.0,0.0,0.0
1692310758.8763864,0.1701896122049967,0.05049171585022346,0.0039444824093151296,0.0,0.0,0.0
1692310758.9976368,0.17004754226218236,0.05056174452085971,0.003827412503239298,0.0,0.0,0.0
1692310759.100457,0.17051280788960058,0.05064754441512683,0.003660795020385372,0.0,0.0,0.0
1692310759.201102,0.1697088205825304,0.05068285102143186,0.0034397939622035564,0.0,0.0,0.0
1692310759.423321,0.16874665589756094,0.050664450316229355,0.0032459613171760835,0.0,0.0,0.0
1692310759.5560558,0.1677594439847575,0.05060464641462136,0.002949474363629399,0.0,0.0,0.0
1692310759.6895232,0.16704250272796392,0.05051859054120487,0.002712680389225137,0.0,0.0,0.0
1692310759.8253574,0.16711498038417336,0.05044986464119843,0.002536611918331091,0.0,0.0,0.0
1692310759.9687648,0.16590311301058877,0.05033196575686986,0.002386996640671847,0.0,0.0,0.0
1692310760.1558154,0.16507824614337122,0.05019117791495182,0.0022972407796396487,0.0,0.0,0.0
1692310760.3538964,0.16467938012016473,0.050051101790192114,0.002289910841459595,0.0,0.0,0.0
1692310760.5135062,0.1647195276871792,0.04993255168360801,0.002360892919185507,0.0,0.0,0.0
1692310760.6210952,0.16330707837100522,0.04976407134746899,0.002398924125007629,0.0,0.0,0.0
1692310760.7576914,0.16477221064613395,0.049696561313169386,0.002443211690088382,0.0,0.0,0.0
1692310760.8524966,0.16437129313408408,0.04962006977411071,0.0024826907356597172,0.0,0.0,0.0
1692310760.9616666,0.16466990255266606,0.04957067133632792,0.0025276266662669143,0.0,0.0,0.0
1692310761.061843,0.16451070435999401,0.04952044798616122,0.002584112896650114,0.0,0.0,0.0
1692310761.1676748,0.16469740766543814,0.0494869657230013,0.0026483408740104472,0.0,0.0,0.0
1692310761.3499346,0.16468852027183345,0.04945602739683905,0.002743318686107075,0.0,0.0,0.0
1692310761.4612164,0.16480521680921437,0.049435051011118974,0.0028385063300623656,0.0,0.0,0.0
1692310761.5892818,0.1636636463066136,0.04936029462598153,0.0029172149904369846,0.0,0.0,0.0
1692310761.692174,0.16243507030309962,0.04923757154180223,0.0029642220522058484,0.0,0.0,0.0
1692310761.7908387,0.1600360577296684,0.04901702829625894,0.0029703128984340226,0.0,0.0,0.0
1692310761.8967226,0.15921776684847685,0.048792746751026884,0.0029672486626033225,0.0,0.0,0.0
1692310762.058932,0.16035170676013094,0.048663601672251776,0.002952124320275447,0.0,0.0,0.0
1692310762.1442637,0.15982292592683786,0.04853276167219135,0.0028814800966406946,0.0,0.0,0.0
1692310762.2319956,0.1600276328834197,0.048433500049670064,0.0028327852439686565,0.0,0.0,0.0
1692310762.3201027,0.16013258626749732,0.04835728852890026,0.002769243516516391,0.0,0.0,0.0
1692310762.4378874,0.15995113559856364,0.048285336561824245,0.0027037139379696143,0.0,0.0,0.0
1692310762.5275052,0.15938741894218028,0.04819794571713709,0.00263224828619324,0.0,0.0,0.0
1692310762.6947613,0.16043715681965157,0.048177866880722904,0.0025713079476588625,0.0,0.0,0.0
1692310762.7976916,0.16080167691454944,0.04818074738945968,0.002491284313965635,0.0,0.0,0.0
1692310762.900284,0.1615215956506138,0.04822012971617161,0.002403602159434483,0.0,0.0,0.0
1692310762.9879923,0.16204618014862737,0.04828236861611895,0.0022410087988394074,0.0,0.0,0.0
1692310763.1091003,0.16248315903547267,0.04835609678856881,0.0021062125072564787,0.0,0.0,0.0
1692310763.2946527,0.1623280277956766,0.048411493886016,0.0019240893318193861,0.0,0.0,0.0
1692310763.4640713,0.16260710198822398,0.04847318258075963,0.0016609301196704026,0.0,0.0,0.0
1692310763.6224673,0.16265643683322,0.04852720557429546,0.001357081537793708,0.0,0.0,0.0
1692310763.7129738,0.16371202862132406,0.048624684158321316,0.001044464232927798,0.0,0.0,0.0
1692310763.826613,0.16296444754318698,0.0486679402826818,0.0007461208034913083,0.0,0.0,0.0
1692310763.9956563,0.1634786008627344,0.04872953842725225,0.00048524733426714875,0.0,0.0,0.0
1692310764.1517427,0.16290871660375658,0.04875238823708046,0.0002736729814324637,0.0,0.0,0.0
1692310764.2695928,0.1625611015872911,0.04875430438385669,0.00011772382385004367,0.0,0.0,0.0
1692310764.3638399,0.16277310059924413,0.048766635395572584,-3.5014396658845432e-06,0.0,0.0,0.0
1692310764.4652274,0.16338140727366396,0.04880749862557463,-9.492821522829871e-05,0.0,0.0,0.0
1692310764.5563302,0.16270188768063717,0.04880791379757977,-0.0001188681665677299,0.0,0.0,0.0
1692310764.6913478,0.16335018735306642,0.04884079072173331,-0.000126414044093686,0.0,0.0,0.0
1692310764.8526983,0.1625497321132285,0.04882805749207405,-7.333156827804476e-05,0.0,0.0,0.0
1692310764.9394774,0.1629109956731668,0.0488354922922233,-1.6737776170109893e-05,0.0,0.0,0.0
1692310765.0644705,0.16296302738706955,0.04884377061896547,8.84532470667869e-05,0.0,0.0,0.0
1692310765.24763,0.16331461926818738,0.04886659438523726,0.0002688892937929595,0.0,0.0,0.0
1692310765.4579337,0.16421861389079714,0.048928158680867924,0.0005126892722139823,0.0,0.0,0.0
1692310765.634168,0.1638668533705588,0.0489495488344662,0.0009603230848113152,0.0,0.0,0.0
1692310765.7493725,0.16457202863955084,0.04899477538545473,0.00144482122561237,0.0,0.0,0.0
1692310765.9025295,0.16407598703420706,0.04900677211903107,0.0018578529205010052,0.0,0.0,0.0
1692310766.1550968,0.16458522077716362,0.04904121688958894,0.0022161004981859998,0.0,0.0,0.0
1692310766.2643607,0.16557105773992875,0.04912540240297207,0.0024364660977503516,0.0,0.0,0.0
1692310766.4524312,0.16709844423476197,0.04927931299528694,0.002509701205744631,0.0,0.0,0.0
1692310766.6077087,0.16797117809741266,0.04946348049889144,0.0022517381570068854,0.0,0.0,0.0
1692310766.705651,0.169354606108452,0.049687532861114034,0.0019356993579540782,0.0,0.0,0.0
1692310766.8207338,0.1702427696672542,0.049918755868801304,0.0016580126612792858,0.0,0.0,0.0
1692310766.985457,0.17152893448374376,0.05017592232976367,0.0013851152074610483,0.0,0.0,0.0
1692310767.1591818,0.17093221162168482,0.05036009888861695,0.0011034173876676265,0.0,0.0,0.0
1692310767.2526646,0.17180439430328723,0.05055730711467017,0.0008882607595347345,0.0,0.0,0.0
1692310767.342829,0.17227956269111883,0.05074542691936979,0.000723303048187093,0.0,0.0,0.0
1692310767.4607167,0.172454656445711,0.050910918827149085,0.000603720638072597,0.0,0.0,0.0
1692310767.5462823,0.17145286795966996,0.05099856098877685,0.0005228112788404386,0.0,0.0,0.0
1692310767.667327,0.1718517947351471,0.05109152321958521,0.00046571170163800047,0.0,0.0,0.0
1692310767.7898424,0.17138332361137718,0.051143926550935345,0.0005545575562272584,0.0,0.0,0.0
1692310767.878566,0.16995129905854292,0.05111395736815641,0.000705830770921458,0.0,0.0,0.0
1692310768.061636,0.16835051436318316,0.05100498663659956,0.0009388114722046511,0.0,0.0,0.0
1692310768.259925,0.16898927805434705,0.05094277218667446,0.0012084316822055553,0.0,0.0,0.0
1692310768.4322352,0.16834760113902833,0.05085490252984239,0.0015033781123849563,0.0,0.0,0.0
1692310768.618547,0.16852199848276891,0.050788245700299856,0.0017853045262269827,0.0,0.0,0.0
1692310768.745114,0.16740210067577652,0.05067652863122653,0.0020197119159798965,0.0,0.0,0.0
1692310768.920863,0.16757622322449184,0.05059344382384115,0.0021951841468409324,0.0,0.0,0.0
1692310769.0763838,0.16753158296368606,0.050520843525296066,0.0023598079411343937,0.0,0.0,0.0
1692310769.1836002,0.16733353291592123,0.05045383765464234,0.002440147822406572,0.0,0.0,0.0
1692310769.3424711,0.16963413052509654,0.05051429215162424,0.0024920231504742493,0.0,0.0,0.0
1692310769.430147,0.1693692930757636,0.05055552015064522,0.0024507751313437025,0.0,0.0,0.0
1692310769.601425,0.16914868348046924,0.05057882132695363,0.0024159271848239205,0.0,0.0,0.0
1692310769.7819355,0.16803737980362918,0.05054569288144258,0.002306549110867632,0.0,0.0,0.0
1692310769.869073,0.16912046289493854,0.05057130128577948,0.0022453299468170947,0.0,0.0,0.0
1692310770.0395386,0.16997797001766568,0.05063542029482593,0.0021996796012100626,0.0,0.0,0.0
1692310770.1820388,0.17054624925986495,0.05071786238758012,0.002147370367970629,0.0,0.0,0.0
1692310770.329323,0.16982820462844883,0.05075003620640621,0.002117060988349533,0.0,0.0,0.0
1692310770.414927,0.16921548930900138,0.05074457516854383,0.00212943833201241,0.0,0.0,0.0
1692310770.505757,0.16843699902629813,0.050701032137495966,0.0021387120658541794,0.0,0.0,0.0
1692310770.6037173,0.16793528193501633,0.05063839849663191,0.0021731612562291024,0.0,0.0,0.0
1692310770.7263145,0.16603918781962668,0.05049240387156159,0.0021737337142584035,0.0,0.0,0.0
1692310770.914206,0.1647075730320859,0.05030274020583182,0.0022019938041694886,0.0,0.0,0.0
1692310771.0926425,0.1621914875657158,0.050020085942377154,0.0021922631143654397,0.0,0.0,0.0
1692310771.2682774,0.1607137094726248,0.049709799626102315,0.002200113528697376,0.0,0.0,0.0
1692310771.4508164,0.15965579100764798,0.049399149920873145,0.0021873933914069305,0.0,0.0,0.0
1692310771.59043,0.15960241043210752,0.04913828722932061,0.002163355921746282,0.0,0.0,0.0
1692310771.693297,0.15833583388428,0.04885754835549041,0.002141619938407736,0.0,0.0,0.0
1692310771.789805,0.15804624349729054,0.04860923120585846,0.0021221096941708337,0.0,0.0,0.0
1692310771.86773,0.1568188444856023,0.048340392503278394,0.0021159493584311452,0.0,0.0,0.0
1692310771.9577105,0.1570892064780854,0.048130282622975716,0.002104567916079831,0.0,0.0,0.0
1692310772.0604293,0.15704978334746084,0.0479535099936092,0.0020898553163745752,0.0,0.0,0.0
1692310772.2520437,0.15735246454530205,0.04782169504083928,0.0020714998236893364,0.0,0.0,0.0
1692310772.3680654,0.15617386363971578,0.04765382967551856,0.0020307128279791974,0.0,0.0,0.0
1692310772.4878645,0.15630307145941574,0.04752025381391475,0.0020023839039690155,0.0,0.0,0.0
1692310772.58874,0.15557419738890318,0.04737341559349098,0.0019532813362353138,0.0,0.0,0.0
1692310772.6921422,0.1553423257772472,0.04723943445290674,0.0019134763175657193,0.0,0.0,0.0
1692310772.8005323,0.15559841678622877,0.04713928882263003,0.0019156270252227835,0.0,0.0,0.0
1692310772.9122217,0.15548457970162716,0.047050347901081,0.0019128253940991246,0.0,0.0,0.0
1692310773.0208478,0.15561101035277386,0.04697998389560341,0.0019692833389686015,0.0,0.0,0.0
1692310773.1295817,0.1548157624948533,0.04687685658315802,0.0021018768907317014,0.0,0.0,0.0
1692310773.2356756,0.1562411874369047,0.04686150133643664,0.0022287889944012577,0.0,0.0,0.0
1692310773.3432097,0.15654172723822327,0.046857294912823644,0.0024311651499746697,0.0,0.0,0.0
1692310773.4486635,0.15582052339247723,0.04681539425521072,0.0026283831736547154,0.0,0.0,0.0
1692310773.5570586,0.15656997165540024,0.046818794948499644,0.0027842502970756894,0.0,0.0,0.0
1692310773.6617517,0.1563581396960985,0.04681059694398764,0.002919152103174744,0.0,0.0,0.0
1692310773.7802782,0.15642175361492003,0.046804917878061875,0.0030576125159962734,0.0,0.0,0.0
1692310773.8995123,0.15695526237126187,0.04682482238127878,0.003199662651150781,0.0,0.0,0.0
1692310774.033795,0.1571509942024108,0.046852648701995084,0.003300864287808623,0.0,0.0,0.0
1692310774.1433058,0.15790580254776534,0.04691615121842812,0.0033548577590989297,0.0,0.0,0.0
1692310774.247133,0.15851779819222184,0.04700192074088537,0.0033714108187030524,0.0,0.0,0.0
1692310774.350553,0.1595982706992955,0.047121499780915566,0.003464606774686168,0.0,0.0,0.0
1692310774.4453497,0.1609514712892256,0.04729178466830214,0.003508898867901229,0.0,0.0,0.0
1692310774.554727,0.16248922371311722,0.04751515991226365,0.0034875741781314386,0.0,0.0,0.0
1692310774.6473148,0.1621302915587569,0.04768073204417586,0.003504249658274479,0.0,0.0,0.0
1692310774.7337515,0.1624133392910878,0.04783324044854779,0.0035131420430775683,0.0,0.0,0.0
1692310774.827796,0.1634374883055494,0.048010088829670894,0.0035426447574907643,0.0,0.0,0.0
1692310774.920923,0.1653427436927081,0.04825381343177554,0.0035579225479747266,0.0,0.0,0.0
1692310775.0034523,0.16619049195558522,0.04850372962406618,0.0035085142960013613,0.0,0.0,0.0
1692310775.080379,0.16618434377264987,0.04871628947046179,0.003390401404482613,0.0,0.0,0.0
1692310775.1636925,0.16680963797662315,0.04892591954235419,0.0032702611478851213,0.0,0.0,0.0
1692310775.2481747,0.166935617336137,0.04911220354250475,0.0030553629798337487,0.0,0.0,0.0
1692310775.3775938,0.16676940103632643,0.04925986592458118,0.0028549474070154075,0.0,0.0,0.0
1692310775.5517032,0.16703537318837983,0.04939936378068576,0.0025858246700034924,0.0,0.0,0.0
1692310775.7586098,0.16667287212182488,0.049499399416042075,0.0022525372857983726,0.0,0.0,0.0
1692310775.9648948,0.16702904383423095,0.04960105835639194,0.0019165414444913915,0.0,0.0,0.0
1692310776.1523674,0.1678694232565645,0.04972788290144154,0.001627392571274417,0.0,0.0,0.0
1692310776.3195581,0.16861159196607775,0.04987021430907077,0.0014522666763416836,0.0,0.0,0.0
1692310776.526146,0.16946044009222824,0.050030860511306376,0.0013397842415966373,0.0,0.0,0.0
1692310776.6914728,0.16982544910600564,0.050178259098028394,0.00142750081416216,0.0,0.0,0.0
1692310776.849831,0.17066091404128164,0.05033865595804846,0.0016013874078583694,0.0,0.0,0.0
1692310777.0493443,0.1718594483863594,0.05052447002332777,0.0018871388054858885,0.0,0.0,0.0
1692310777.143653,0.1707239931867065,0.050611059960834134,0.0022768831249469143,0.0,0.0,0.0
1692310777.2755115,0.17123240346471102,0.05070704957239996,0.002621839074192982,0.0,0.0,0.0
1692310777.4905064,0.1737843616378501,0.050915029331028566,0.0029125914376480783,0.0,0.0,0.0
1692310777.6901073,0.17348004860187535,0.051070670965004464,0.0031816947540479535,0.0,0.0,0.0
1692310777.8889108,0.17426148866971114,0.051248255737457185,0.003298787460286959,0.0,0.0,0.0
1692310778.0676832,0.17444286533216474,0.05141156110850364,0.0033057626511609787,0.0,0.0,0.0
1692310778.2443469,0.17509430497516373,0.05158676764201018,0.0031985649017408605,0.0,0.0,0.0
1692310778.351354,0.1764117435779669,0.05180562447068712,0.0029426619351929995,0.0,0.0,0.0
1692310778.5569468,0.176196974022638,0.05198100850643266,0.0025493342241143754,0.0,0.0,0.0
1692310778.7498605,0.17622909098975273,0.05212846540042097,0.002005328023491318,0.0,0.0,0.0
1692310778.954127,0.17623642060985645,0.05224839534992578,0.0014026766355762213,0.0,0.0,0.0
1692310779.1138575,0.1751714108624296,0.05228900758174496,0.0007497333885189107,0.0,0.0,0.0
1692310779.28806,0.1755700066267132,0.05234204124112279,0.00018959694398337096,0.0,0.0,0.0
1692310779.4074821,0.17555774119511725,0.052387907965108865,-0.0002276346288015928,0.0,0.0,0.0
1692310779.5016925,0.1742891899654124,0.05236452415730983,-0.0005262583597084863,0.0,0.0,0.0
1692310779.6071424,0.1746983445938992,0.052365953387634306,-0.0007646128274111314,0.0,0.0,0.0
1692310779.7130785,0.1752728077083112,0.05239700480872046,-0.000933270754602698,0.0,0.0,0.0
1692310779.911182,0.17639420938477293,0.05248046272473018,-0.0010293622360429944,0.0,0.0,0.0
1692310780.0129666,0.1765599353267145,0.05255919609070725,-0.0010752728616686075,0.0,0.0,0.0
1692310780.116722,0.17625381379846447,0.05261006640711082,-0.0010864293119823526,0.0,0.0,0.0
1692310780.2163675,0.1751713873655845,0.052598316434457726,-0.001090245487187688,0.0,0.0,0.0
1692310780.3238425,0.17560608361251165,0.05261032637902422,-0.0010927322920924391,0.0,0.0,0.0
1692310780.4203203,0.17482055328717536,0.052581321783721935,-0.0010771178057917134,0.0,0.0,0.0
1692310780.5160449,0.1731370292909042,0.05247275900899859,-0.0010662762030771687,0.0,0.0,0.0
1692310780.6913648,0.17375031536246252,0.05241297459914561,-0.0010614691845987055,0.0,0.0,0.0
1692310780.829604,0.17238695296439024,0.052294069202288455,-0.0010930293082310938,0.0,0.0,0.0
1692310780.9256864,0.17030243417770058,0.05209072865986572,-0.0011121304610918392,0.0,0.0,0.0
1692310781.0314374,0.17079582431949414,0.05194601128271781,-0.0011305896705475495,0.0,0.0,0.0
1692310781.1319935,0.17007579120931712,0.05178922999782639,-0.0011520390631633661,0.0,0.0,0.0
1692310781.235514,0.1684364049721658,0.051576871431163344,-0.0011532470688622022,0.0,0.0,0.0
1692310781.3573608,0.16775012512404683,0.05136594434400933,-0.0011379748871889897,0.0,0.0,0.0
1692310781.4502552,0.1675311432944856,0.051179587852227405,-0.001109441875958099,0.0,0.0,0.0
1692310781.6048186,0.16812089901076796,0.051053508948356814,-0.0011051548822960705,0.0,0.0,0.0
1692310781.7080748,0.16838720931604062,0.05096207735304366,-0.0010896864781734053,0.0,0.0,0.0
1692310781.8084564,0.16746526970516057,0.05083987908683765,-0.001068524519211561,0.0,0.0,0.0
1692310781.9120135,0.16642965365327972,0.05068641361729692,-0.001039075853487464,0.0,0.0,0.0
1692310782.0241714,0.1667876735043264,0.05057675219151109,-0.0010006861175732172,0.0,0.0,0.0
1692310782.1313767,0.16677321218453764,0.05048397512436835,-0.001006869634113309,0.0,0.0,0.0
1692310782.2344964,0.1674940604621451,0.050442570137774735,-0.0010234521430751604,0.0,0.0,0.0
1692310782.338573,0.16765447309411835,0.050414486611936836,-0.0011005844318378098,0.0,0.0,0.0
1692310782.4438941,0.16711193594486695,0.05036375180985376,-0.001169786635800554,0.0,0.0,0.0
1692310782.5379584,0.1655098020688921,0.05023934466736154,-0.0012818806687115007,0.0,0.0,0.0
1692310782.669014,0.16563532596041192,0.0501414073083408,-0.0013910145497405598,0.0,0.0,0.0
1692310782.8595123,0.165576303526755,0.05005445220042844,-0.0015388170736377782,0.0,0.0,0.0
1692310782.9751465,0.16539259706257278,0.04997327657370543,-0.0016515290373972965,0.0,0.0,0.0
1692310783.0936947,0.16584310919484221,0.04992814341899196,-0.0017478116669261594,0.0,0.0,0.0
1692310783.1897717,0.16487755579750152,0.04983912915875825,-0.0018893714846885579,0.0,0.0,0.0
1692310783.3230567,0.1639242036518903,0.04971392497726297,-0.002064538679578211,0.0,0.0,0.0
1692310783.4760964,0.16465975824662257,0.04964300104863532,-0.0022667199214983455,0.0,0.0,0.0
1692310783.5930517,0.1642729487901505,0.04956234557185097,-0.00246656691618858,0.0,0.0,0.0
1692310783.6853778,0.16273639694219838,0.04942243688211789,-0.002566622158981754,0.0,0.0,0.0
1692310783.7784543,0.1632394624240834,0.049326583049769376,-0.002718156382596205,0.0,0.0,0.0
1692310783.9173174,0.1627199289028674,0.049222662791493794,-0.002815333005837832,0.0,0.0,0.0
1692310784.0127294,0.1623201597307622,0.04911814385796879,-0.002864110588289399,0.0,0.0,0.0
1692310784.1091888,0.16166123934002988,0.048997530696370556,-0.0029120005538422465,0.0,0.0,0.0
1692310784.2165086,0.16254722152730183,0.048939919755830355,-0.0029763616316929383,0.0,0.0,0.0
1692310784.3115141,0.16218807237718577,0.04887343194254467,-0.0030367511685775598,0.0,0.0,0.0
1692310784.4321384,0.1633597052127688,0.04887617444204715,-0.0030973538555089204,0.0,0.0,0.0
1692310784.5351434,0.16304447881665116,0.04886506302190397,-0.0031117312321119962,0.0,0.0,0.0
1692310784.7098112,0.1635267345707337,0.04887988070570058,-0.0031258362019727175,0.0,0.0,0.0
1692310784.820301,0.16281150259052146,0.048856958967464226,-0.003127659126288728,0.0,0.0,0.0
1692310784.9247808,0.16318315584885387,0.04885790225877147,-0.003107241265024705,0.0,0.0,0.0
1692310785.0386672,0.1635676117650339,0.048878531693567075,-0.0030812525996723687,0.0,0.0,0.0
1692310785.15793,0.16527586922801504,0.04898444184399928,-0.0030066359255133987,0.0,0.0,0.0
1692310785.2873127,0.16561791492300112,0.04909361569180659,-0.0028661039531465253,0.0,0.0,0.0
1692310785.4017286,0.16629066493648703,0.04922197325358528,-0.002651055203157913,0.0,0.0,0.0
1692310785.5458791,0.16589037828764785,0.04931200814584845,-0.0023374793955069596,0.0,0.0,0.0
1692310785.6664898,0.16559132116710074,0.049372820282576786,-0.0020058234670232997,0.0,0.0,0.0
1692310785.7595603,0.16568941832509618,0.04942853256485485,-0.0016376018108143436,0.0,0.0,0.0
1692310785.8424318,0.16611544569614348,0.049495906913194394,-0.0012781042146979074,0.0,0.0,0.0
1692310786.0446084,0.1671372614086146,0.049603029646585604,-0.00096132773821009,0.0,0.0,0.0
1692310786.2037106,0.16799397014562123,0.04973558576958304,-0.0007377806478626402,0.0,0.0,0.0
1692310786.332444,0.16848146145935738,0.04987062241746345,-0.0006411189080121567,0.0,0.0,0.0
1692310786.5330987,0.1702731394141147,0.05007230709656005,-0.0006357036758137488,0.0,0.0,0.0
1692310786.7073224,0.17054431821457752,0.050251174122181545,-0.0007679947865350688,0.0,0.0,0.0
1692310786.8404598,0.170951000023958,0.05041442488533309,-0.001041924579510111,0.0,0.0,0.0
1692310787.0054653,0.17077104415903377,0.0505404775601135,-0.001288989196525004,0.0,0.0,0.0
1692310787.187764,0.17401576120200293,0.05080110407791869,-0.0016227349620788138,0.0,0.0,0.0
1692310787.3779426,0.17523219416998184,0.051074799840106266,-0.0019679496380076095,0.0,0.0,0.0
1692310787.585318,0.1750887318249472,0.051277913710256834,-0.0024691390203941815,0.0,0.0,0.0
1692310787.7662249,0.17392283409642956,0.05139256864664124,-0.0028421818377952004,0.0,0.0,0.0
1692310787.9417264,0.1740303610911751,0.05150019956334226,-0.0030747749294814776,0.0,0.0,0.0
1692310788.050145,0.17449734492628083,0.05161940435505785,-0.003189199399053635,0.0,0.0,0.0
1692310788.1975696,0.17375460457954822,0.051690215764574436,-0.003147525532301729,0.0,0.0,0.0
1692310788.3384783,0.17268589063697765,0.051702822368128745,-0.0029620674543268726,0.0,0.0,0.0
1692310788.4517772,0.1726826402473026,0.05171820608265794,-0.0026361159031892366,0.0,0.0,0.0
1692310788.5749128,0.17172467002539565,0.051684533710036916,-0.0022446003769441138,0.0,0.0,0.0
1692310788.7123706,0.1727797974059112,0.051709166630947316,-0.0017955778930611144,0.0,0.0,0.0
1692310788.8364363,0.1744406984812665,0.05181265247786881,-0.0013965778715100009,0.0,0.0,0.0
1692310788.9734726,0.1751490590391197,0.05193414431208158,-0.0010476295807071239,0.0,0.0,0.0
1692310789.1257126,0.1781553893134255,0.05218517788931755,-0.0007063778048250505,0.0,0.0,0.0
1692310789.2527368,0.17787739857418847,0.05238028399409968,-0.0004181384455313429,0.0,0.0,0.0
1692310789.3547163,0.176337366477153,0.05246638460234378,-0.00022262823472148216,0.0,0.0,0.0
1692310789.4526727,0.17643573649795702,0.05254364607480066,-0.00011475497872486148,0.0,0.0,0.0
1692310789.5432892,0.17995506795578012,0.052784605340439286,-9.19270707736518e-05,0.0,0.0,0.0
1692310789.6353352,0.18075406544225495,0.053025309889745326,-0.00010513566297914098,0.0,0.0,0.0
1692310789.8164225,0.1811498782672973,0.053245596411311796,-0.00012924041471463747,0.0,0.0,0.0
1692310789.959382,0.17988085788895153,0.05336447333351295,-0.00025096236462345743,0.0,0.0,0.0
1692310790.0563612,0.17910658183869044,0.05342438215376175,-0.000371130045576372,0.0,0.0,0.0
1692310790.1622236,0.1774276445525274,0.05339001988486138,-0.00047861256153433336,0.0,0.0,0.0
1692310790.261408,0.17636431965331098,0.05330805360231049,-0.0005712549273966837,0.0,0.0,0.0
1692310790.436822,0.17412019619459915,0.05312738614403427,-0.0006452240941619866,0.0,0.0,0.0
1692310790.6091185,0.17334787537289748,0.05293809291147465,-0.0007117243949416887,0.0,0.0,0.0
1692310790.7529283,0.1719631411241682,0.052711214777586474,-0.0007573338579664429,0.0,0.0,0.0
1692310790.8565674,0.17118234604606658,0.05248327886930382,-0.0007857368013743861,0.0,0.0,0.0
1692310790.9431899,0.17069245860907292,0.05226944822935662,-0.0007725983281107365,0.0,0.0,0.0
1692310791.1064959,0.1698702228871078,0.05205024797435841,-0.0007527708510616284,0.0,0.0,0.0
1692310791.2885718,0.1673541435949644,0.0517422876891671,-0.000640925289534146,0.0,0.0,0.0
1692310791.372231,0.16742950856090383,0.051489539266189946,-0.0005249566350556221,0.0,0.0,0.0
1692310791.5401185,0.16657721888144303,0.05123622069246727,-0.00039980445831274796,0.0,0.0,0.0
1692310791.7295551,0.16622619422385584,0.0510073921611925,-0.00026094941377902424,0.0,0.0,0.0
1692310791.8450525,0.1647887175472541,0.05074448104109698,-0.00011855594464634522,0.0,0.0,0.0
1692310791.9679976,0.16436063325438421,0.05050390846841215,9.52399772077111e-06,0.0,0.0,0.0
1692310792.1299348,0.16434930658135488,0.05030258334709027,0.00014083688603094247,0.0,0.0,0.0
1692310792.2555456,0.1644865141430886,0.050141759313964696,0.0002499226485825612,0.0,0.0,0.0
1692310792.3654616,0.16393433541976923,0.04998052812552367,0.000312901822842124,0.0,0.0,0.0
1692310792.484456,0.16416935090847112,0.04985825161736371,0.0003430496327917182,0.0,0.0,0.0
1692310792.5857058,0.1633401854705432,0.04971481141693015,0.0003720990185023313,0.0,0.0,0.0
1692310792.733785,0.1624570471801433,0.049550471117261886,0.00044161262540219387,0.0,0.0,0.0
1692310792.959893,0.1615345110539543,0.049366280320743416,0.0005540114469276848,0.0,0.0,0.0
1692310793.0555935,0.1614737882667237,0.049206590413131426,0.0007558724841417663,0.0,0.0,0.0
1692310793.2128851,0.16064856789268178,0.049032463578734475,0.0009166646028008819,0.0,0.0,0.0
1692310793.4041324,0.15875501855802082,0.048791181451298044,0.001084752107939374,0.0,0.0,0.0
1692310793.5802143,0.15802968178746388,0.04855290276083659,0.0012467155244639068,0.0,0.0,0.0
1692310793.757735,0.1581501613884977,0.04835715039933562,0.0014509318884517234,0.0,0.0,0.0
1692310793.9273322,0.15825109591279843,0.04820053010024867,0.001593684307957511,0.0,0.0,0.0
1692310794.0499094,0.15827193506364973,0.04807338951515071,0.0016624527754223793,0.0,0.0,0.0
1692310794.1560328,0.16028678313778957,0.048068623124514674,0.0017171201229561784,0.0,0.0,0.0
1692310794.2784398,0.1610630239591099,0.04810611538860314,0.0016939148296525376,0.0,0.0,0.0
1692310794.3739955,0.1621396009441409,0.04819341593609401,0.0015988754615161897,0.0,0.0,0.0
1692310794.4796329,0.1626229100637383,0.048291990541911516,0.0014250319516599863,0.0,0.0,0.0
1692310794.5819035,0.1631849988827825,0.04840274194945213,0.0012169352317477412,0.0,0.0,0.0
1692310794.674179,0.1627073176667943,0.04847112000338286,0.0010104376895240046,0.0,0.0,0.0
1692310794.7657328,0.16448770671757618,0.04861694808887434,0.0007680600985329056,0.0,0.0,0.0
1692310794.856358,0.1652925410212353,0.04877867856693095,0.0005588609022234569,0.0,0.0,0.0
1692310794.973626,0.16522761644058495,0.048909847181224854,0.00035821597960091097,0.0,0.0,0.0
1692310795.0869212,0.1642773934346493,0.04897168558948177,0.0002063662031041278,0.0,0.0,0.0
1692310795.1861198,0.16349069700783386,0.04898368201012569,7.14496355950227e-05,0.0,0.0,0.0
1692310795.2785442,0.16252692964883317,0.04894570636964735,-1.036928989736138e-05,0.0,0.0,0.0
1692310795.373449,0.16210120427479763,0.04889297852810725,-4.1183031761913326e-05,0.0,0.0,0.0
1692310795.4692087,0.16144322434904354,0.04881611046158857,-6.164099750603949e-05,0.0,0.0,0.0
1692310795.56779,0.159853569327618,0.04867248024412886,-5.893386507982341e-05,0.0,0.0,0.0
1692310795.675009,0.15973515406992203,0.048546906912438584,-5.145814974268896e-05,0.0,0.0,0.0
1692310795.772211,0.15992893790865315,0.04845198788283383,-2.2703745154188667e-05,0.0,0.0,0.0
1692310795.8850625,0.1599674416119565,0.04837483497261853,6.332138929224105e-06,0.0,0.0,0.0
1692310795.98056,0.1600091787949657,0.04831250797071923,6.0382795809210894e-05,0.0,0.0,0.0
1692310796.1409492,0.15907459376113867,0.04821343293029009,0.00014163151872908863,0.0,0.0,0.0
1692310796.2285404,0.15926603135543563,0.04814002297011198,0.00024397504310237606,0.0,0.0,0.0
1692310796.3721042,0.15858598213123656,0.04804466603197903,0.00033727448589918486,0.0,0.0,0.0
1692310796.58328,0.15869552997084901,0.04796704947314105,0.0005572772137211939,0.0,0.0,0.0
1692310796.7859888,0.1588571997307702,0.04790783970254472,0.0008086831801427199,0.0,0.0,0.0
1692310796.994025,0.1579187562744493,0.04779952553140012,0.0012278400686052766,0.0,0.0,0.0
1692310797.1028938,0.1571650958374529,0.047665520192214116,0.0016554278663524658,0.0,0.0,0.0
1692310797.1920056,0.15679881970874174,0.04753149708348803,0.002059151031614994,0.0,0.0,0.0
1692310797.341505,0.15754509971693048,0.04745489926013101,0.0024236003678194807,0.0,0.0,0.0
1692310797.4397497,0.15840491118737962,0.04743094401883488,0.002764148579957629,0.0,0.0,0.0
1692310797.542529,0.15882315145102022,0.04743404199085199,0.0030261846973192843,0.0,0.0,0.0
1692310797.7277403,0.16010275451572414,0.04749511541283649,0.003306671953803233,0.0,0.0,0.0
1692310797.9386704,0.16013793585174246,0.04755676836005016,0.0034426832402246785,0.0,0.0,0.0
1692310798.1011903,0.1613305548744899,0.04767632310634201,0.0034517568792473193,0.0,0.0,0.0
1692310798.2230837,0.16115193600380748,0.04775939475209068,0.0035553995792567787,0.0,0.0,0.0
1692310798.3642862,0.16082133099639562,0.04781572998067458,0.0035957965499365647,0.0,0.0,0.0
1692310798.5579855,0.1597322322595866,0.0478120572609324,0.003575088850403409,0.0,0.0,0.0
1692310798.7978566,0.15873617681158506,0.04776111515001848,0.0035276084532199162,0.0,0.0,0.0
1692310798.9876044,0.15676821165416954,0.047623178233856,0.0034382885522043637,0.0,0.0,0.0
1692310799.1102595,0.15457146620159196,0.04740185408766721,0.00330010117122746,0.0,0.0,0.0
1692310799.2368026,0.15373925623897797,0.04717883815696559,0.0031262116767488777,0.0,0.0,0.0
1692310799.36817,0.15354600269701754,0.04698407296980271,0.0029668077320998765,0.0,0.0,0.0
1692310799.5146737,0.15192068927318966,0.04674108645514467,0.0028174466072059864,0.0,0.0,0.0
1692310799.6407244,0.1497982143338855,0.04643155405899324,0.0027073940359617697,0.0,0.0,0.0
1692310799.7528212,0.14925829395353696,0.04614647856069511,0.002618889724096095,0.0,0.0,0.0
1692310799.8674808,0.14770640308562002,0.04582537254252919,0.0026482920113469702,0.0,0.0,0.0
1692310799.9801085,0.1469269906391735,0.045518218122524025,0.0026813029633849183,0.0,0.0,0.0
1692310800.1023946,0.14649361377818607,0.04522933650656967,0.0028586313255344062,0.0,0.0,0.0
1692310800.2204366,0.14654600803085704,0.04498968256749001,0.0030253643415130028,0.0,0.0,0.0
1692310800.3407128,0.14579986515505683,0.04475209866505399,0.00316903557329551,0.0,0.0,0.0
1692310800.4513173,0.146357253408087,0.04457375068976236,0.003377928342701288,0.0,0.0,0.0
1692310800.5700278,0.1471265292364583,0.04446656570774481,0.003525191550157825,0.0,0.0,0.0
1692310800.6907248,0.14731687721270767,0.044375896751164844,0.0037532092976625634,0.0,0.0,0.0
1692310800.7975962,0.14661599222615074,0.04427103297407033,0.0038876494234631586,0.0,0.0,0.0
1692310800.9186988,0.146710861094971,0.04418401229402817,0.004041206020113385,0.0,0.0,0.0
1692310801.0321193,0.14772449363776902,0.044159536207848855,0.00419681069338267,0.0,0.0,0.0
1692310801.1464524,0.14856341046269322,0.04418103874193387,0.004330021747987387,0.0,0.0,0.0
1692310801.2568798,0.14846801693657716,0.04420311885233306,0.0043571660676784175,0.0,0.0,0.0
1692310801.371426,0.14814517625068557,0.04420730437987969,0.004359317335438783,0.0,0.0,0.0
1692310801.4935236,0.14689390813520187,0.04415362721857205,0.004299999561246988,0.0,0.0,0.0
1692310801.608806,0.14812047274221551,0.04417176421992251,0.004237797677074099,0.0,0.0,0.0
1692310801.7140224,0.15002041612711747,0.04428397573406455,0.004168077684718053,0.0,0.0,0.0
1692310801.8172379,0.15082165531996708,0.044420997132827336,0.004070252454935948,0.0,0.0,0.0
1692310801.9369702,0.15195466793400464,0.04459154418138951,0.003995489201264326,0.0,0.0,0.0
1692310802.039841,0.1517087254737351,0.04471881015918274,0.003963015831522663,0.0,0.0,0.0
1692310802.184113,0.1515677498091568,0.044817077553231686,0.003943755265680718,0.0,0.0,0.0
1692310802.3259513,0.15312093753661699,0.04497324400792387,0.003971223079893455,0.0,0.0,0.0
1692310802.4464426,0.153012986735305,0.045091953623741854,0.0040573454057772785,0.0,0.0,0.0
1692310802.629625,0.15310801445278868,0.045193266399222595,0.004152713153363305,0.0,0.0,0.0
1692310802.7506092,0.15279399961836612,0.045254934871982844,0.004297470823763717,0.0,0.0,0.0
1692310802.8932006,0.1525043259262512,0.04529244744033773,0.004411291829312369,0.0,0.0,0.0
1692310802.9766521,0.1525727692713849,0.04533560183909558,0.004424804563664182,0.0,0.0,0.0
1692310803.0634992,0.15235233784299992,0.04536412850839793,0.004397855397841565,0.0,0.0,0.0
1692310803.163422,0.15246409163929153,0.045394343762105785,0.004366493616244132,0.0,0.0,0.0
1692310803.2538762,0.15230138380556418,0.04541592770031452,0.004288736669099843,0.0,0.0,0.0
1692310803.3463058,0.15246723901313597,0.045446836145843446,0.004167922591320828,0.0,0.0,0.0
1692310803.4316146,0.15234576179664117,0.04546825152169918,0.004044171267530535,0.0,0.0,0.0
1692310803.5149112,0.15194565239728686,0.045469916222195345,0.003886355668733966,0.0,0.0,0.0
1692310803.6046484,0.15161236126762473,0.045454643669283215,0.0037537600105270923,0.0,0.0,0.0
1692310803.693899,0.15015516504764495,0.04537388699678036,0.0035621859699109947,0.0,0.0,0.0
1692310803.7834167,0.1491495653075364,0.04525783821494383,0.0033726582344310273,0.0,0.0,0.0
1692310803.8876488,0.14871404161781104,0.045139079148699614,0.0032191339883879087,0.0,0.0,0.0
1692310803.9834766,0.14861005346873718,0.04503615537596878,0.003068472533316527,0.0,0.0,0.0
1692310804.0878327,0.14763305580393207,0.044903882737214906,0.0028923682163939485,0.0,0.0,0.0
1692310804.1752093,0.1466665777142663,0.044743626080656455,0.0027789935738597804,0.0,0.0,0.0
1692310804.2687242,0.1466253245079943,0.04460770409264617,0.0026916060194234607,0.0,0.0,0.0
1692310804.3708167,0.14703336376071466,0.04451587320259241,0.0026003425595303676,0.0,0.0,0.0
1692310804.476021,0.14688631942494373,0.044426953375428034,0.0026161190626660964,0.0,0.0,0.0
1692310804.566189,0.14839376346841215,0.044427129346307485,0.002652046590613302,0.0,0.0,0.0
1692310804.6590226,0.1487891811488039,0.04444221947392581,0.002753712507723326,0.0,0.0,0.0
1692310804.7515638,0.14922507825714665,0.04447580795061916,0.0028502967123351657,0.0,0.0,0.0
1692310804.8538408,0.1486222654882775,0.04446920833697021,0.0029853481899205993,0.0,0.0,0.0
1692310804.9510627,0.1488751871518679,0.04447451692513418,0.0031206310109965192,0.0,0.0,0.0
1692310805.0521488,0.1488823402453795,0.044463057290552714,0.0034012940053885637,0.0,0.0,0.0
1692310805.1572056,0.14913527592175901,0.04445948283843948,0.003695541319016369,0.0,0.0,0.0
1692310805.2595596,0.14834322501692124,0.044414881583966836,0.0039548585438843094,0.0,0.0,0.0
1692310805.3698733,0.14926004625100062,0.04442246437494913,0.004183636656250844,0.0,0.0,0.0
1692310805.478947,0.15020484417189,0.04446571733666701,0.00446018829393724,0.0,0.0,0.0
1692310805.5787754,0.15156247022592856,0.044580263114010074,0.004610581592497212,0.0,0.0,0.0
1692310805.6930113,0.15316218875804596,0.04474675551654696,0.004814322341794383,0.0,0.0,0.0
1692310805.7856848,0.15351613008044848,0.044917431107001214,0.004866249813146547,0.0,0.0,0.0
1692310805.9413357,0.1545398513551075,0.0451018233502024,0.004990058993763487,0.0,0.0,0.0
1692310806.0497937,0.15468571807469794,0.045270365983586136,0.005028652789323216,0.0,0.0,0.0
1692310806.2361639,0.1545508501312743,0.04540799170065047,0.005024477420010171,0.0,0.0,0.0
1692310806.4222028,0.1551988107188047,0.045548837245773285,0.005078650681769841,0.0,0.0,0.0
1692310806.656306,0.1556949314486981,0.04570589693323511,0.0049852691175788465,0.0,0.0,0.0
1692310806.788544,0.15554742595969775,0.045828677273130544,0.0049138827075714455,0.0,0.0,0.0
1692310806.9589884,0.15368885516360267,0.04584184282040229,0.004808134296226393,0.0,0.0,0.0
1692310807.098186,0.15285195666968432,0.045814709155021754,0.004675892464382339,0.0,0.0,0.0
1692310807.205605,0.15260778784931145,0.04578243336601174,0.004535446484796523,0.0,0.0,0.0
1692310807.3052385,0.15137854839460185,0.045701121761859795,0.004324454440533833,0.0,0.0,0.0
1692310807.4121764,0.1510524997204016,0.04561739886942814,0.004143320619230702,0.0,0.0,0.0
1692310807.6040838,0.1496945978494753,0.045482148737800515,0.003953744758620356,0.0,0.0,0.0
1692310807.7575057,0.14902677398947475,0.045337516553659064,0.003772059345178466,0.0,0.0,0.0
1692310807.9501307,0.14794870539625216,0.0451644444528039,0.003596453420561718,0.0,0.0,0.0
1692310808.0545032,0.14743886361240036,0.04499507316681197,0.0034438142819324335,0.0,0.0,0.0
1692310808.1658266,0.14587080005387845,0.044775652315730406,0.003310569440884705,0.0,0.0,0.0
1692310808.2985592,0.14354253931576685,0.044472645306917497,0.0032512278940701007,0.0,0.0,0.0
1692310808.3936393,0.14050962939593628,0.044065839399545434,0.0032306230985034642,0.0,0.0,0.0
1692310808.5361657,0.13897498191831295,0.04364546189134904,0.0032690644050738984,0.0,0.0,0.0
1692310808.647673,0.13796019706549045,0.04324225922608948,0.003324560668794392,0.0,0.0,0.0
1692310808.756435,0.13683354971717968,0.042844705520902006,0.0034253408301816446,0.0,0.0,0.0
1692310808.8525686,0.137165208378748,0.042523048580381466,0.003580350945710372,0.0,0.0,0.0
1692310808.9553428,0.13734620122145735,0.04226566660004637,0.003695797456526649,0.0,0.0,0.0
1692310809.0992362,0.13746072982596946,0.04204933581195647,0.003862387414365111,0.0,0.0,0.0
1692310809.3227794,0.13831509635547745,0.041907902016990024,0.004038152055581527,0.0,0.0,0.0
1692310809.4804769,0.1389054858052895,0.0418275670871791,0.004116981808568474,0.0,0.0,0.0
1692310809.6754563,0.1394695280854563,0.04179148551141118,0.004160053007829979,0.0,0.0,0.0
1692310809.8540726,0.13931843900546734,0.04176265958086351,0.004106388880030125,0.0,0.0,0.0
1692310810.0882914,0.14089073799967347,0.041821902926791436,0.004014394815310949,0.0,0.0,0.0
1692310810.214876,0.14099037480863064,0.04188330404318182,0.003847366192939745,0.0,0.0,0.0
1692310810.3093383,0.1414359185412201,0.041959539727104214,0.003668611615371688,0.0,0.0,0.0
1692310810.4069066,0.14209126496493152,0.04206054144489024,0.0034429615432214765,0.0,0.0,0.0
1692310810.5362535,0.14241705010958539,0.04216229019532424,0.0032308925416980323,0.0,0.0,0.0
1692310810.6703875,0.1409768965848785,0.042179476326486096,0.0029476909568360247,0.0,0.0,0.0
1692310810.8636005,0.14119645130385833,0.042204643273181464,0.0027160512404957324,0.0,0.0,0.0
1692310810.9658298,0.14024607016464508,0.04217903439620167,0.002492352911855978,0.0,0.0,0.0
1692310811.1654842,0.14103386139276383,0.04219559854688691,0.002350617251985712,0.0,0.0,0.0
1692310811.3979115,0.14155391257872413,0.042233417236221996,0.002281239591939068,0.0,0.0,0.0
1692310811.4931986,0.14129356164875573,0.04224523830585154,0.0023453467459965682,0.0,0.0,0.0
1692310811.6288104,0.13976999926717343,0.04217105119429938,0.002504642206993347,0.0,0.0,0.0
1692310811.75706,0.13978812405199825,0.042103684428323004,0.0027140640186815827,0.0,0.0,0.0
1692310811.8860679,0.14090141761461283,0.04210176517990435,0.00290838424134064,0.0,0.0,0.0
1692310812.106819,0.14163308940079308,0.042132122758280766,0.0031212059066979053,0.0,0.0,0.0
1692310812.2168612,0.14299767238591488,0.0422221025143712,0.003338217083508927,0.0,0.0,0.0
1692310812.3334522,0.14393870006457582,0.04234535406528763,0.0035101670478792577,0.0,0.0,0.0
1692310812.4350023,0.14604080667521394,0.042558459804237586,0.0036060745416460287,0.0,0.0,0.0
1692310812.548321,0.1483566425366661,0.04285271708263277,0.003683603581324398,0.0,0.0,0.0
1692310812.6399806,0.14949471288664956,0.04315934882636051,0.003699697918840043,0.0,0.0,0.0
1692310812.7397206,0.1510554161304799,0.04349336255146556,0.0037116460285023696,0.0,0.0,0.0
1692310812.8412874,0.15283671777872954,0.04386631621558024,0.0036554604338559,0.0,0.0,0.0
1692310812.9405065,0.15343343148099461,0.04421440546430871,0.0034961565390646487,0.0,0.0,0.0
1692310813.0458424,0.15436014138765003,0.044554578918982346,0.003294774213948952,0.0,0.0,0.0
1692310813.1381075,0.1542753826621866,0.044834719997116426,0.0031056725441032385,0.0,0.0,0.0
1692310813.2299702,0.15458868995767813,0.0450796458686452,0.0030280888369575245,0.0,0.0,0.0
1692310813.3298678,0.15557208083476762,0.04533162144647603,0.002987422880269444,0.0,0.0,0.0
1692310813.4336534,0.15561797843377934,0.04554414668628027,0.0029480595622914784,0.0,0.0,0.0
1692310813.5347135,0.15539339542028474,0.04570076739505072,0.0030500232177958124,0.0,0.0,0.0
1692310813.6442761,0.15494841788990216,0.045808928918865094,0.0031342385992584342,0.0,0.0,0.0
1692310813.7534044,0.15495989296271434,0.04589460038461404,0.003266384593100001,0.0,0.0,0.0
1692310813.8699145,0.15497090418620543,0.04596634962414236,0.0033784503655663804,0.0,0.0,0.0
1692310813.993865,0.15394279103217592,0.04597211275026667,0.0034982441326257612,0.0,0.0,0.0
1692310814.1004884,0.1533744145069234,0.045942100168398475,0.0036644305910686374,0.0,0.0,0.0
1692310814.2163568,0.15407134868942934,0.04595027574997295,0.003822140240565648,0.0,0.0,0.0
1692310814.4282005,0.15537232950227078,0.04601036847289125,0.004067901734066482,0.0,0.0,0.0
1692310814.5508509,0.1561092063245566,0.046067271602393316,0.0045073696717905865,0.0,0.0,0.0
1692310814.6678088,0.15648558991637063,0.04613548687120038,0.004861152199671686,0.0,0.0,0.0
1692310814.8185732,0.15729587659028899,0.046220588815941724,0.00524214449601655,0.0,0.0,0.0
1692310814.939333,0.1581782854384327,0.046318442340946744,0.00567081804470899,0.0,0.0,0.0
1692310815.0433304,0.1588469233721725,0.04641904632573494,0.006114449477798188,0.0,0.0,0.0
1692310815.1691303,0.15931659667154258,0.04653490124048475,0.0064370918620902514,0.0,0.0,0.0
1692310815.294775,0.15978461303134042,0.04666183909919559,0.0066662299356089316,0.0,0.0,0.0
1692310815.4238102,0.16067772652252826,0.04682192432602163,0.006801055150977464,0.0,0.0,0.0
1692310815.545589,0.16171864096559296,0.04702164722453979,0.0068228536594571515,0.0,0.0,0.0
1692310815.661058,0.16176829962938347,0.047195723658068026,0.006804432937869107,0.0,0.0,0.0
1692310815.8090055,0.16093259993692435,0.04731306500011112,0.006679562005533657,0.0,0.0,0.0
1692310815.9238646,0.1605279718799052,0.04740667320749781,0.006437434910158393,0.0,0.0,0.0
1692310816.0295327,0.1615909936318686,0.04755069546025412,0.006111916823605774,0.0,0.0,0.0
1692310816.14435,0.16177678911392473,0.04768033207721422,0.005837332511902771,0.0,0.0,0.0
1692310816.254338,0.1618193162573202,0.04779980424002385,0.0054994471628354875,0.0,0.0,0.0
1692310816.3679867,0.16143659392770604,0.04788716247866867,0.0051210530735356224,0.0,0.0,0.0
1692310816.4741876,0.16010687578521193,0.047894834466621974,0.004780477261252326,0.0,0.0,0.0
1692310816.5836155,0.15982069933444928,0.047887434662658136,0.0044877467638703115,0.0,0.0,0.0
1692310816.697807,0.15895885082406436,0.04784012704916835,0.004209364453853521,0.0,0.0,0.0
1692310816.8127353,0.1570140532879841,0.04770061494570238,0.004017403386492196,0.0,0.0,0.0
1692310816.9241312,0.15542686270865078,0.047504794874778905,0.0038562545851454112,0.0,0.0,0.0
1692310817.0339007,0.15442189744331575,0.047287591028018404,0.003774269305436164,0.0,0.0,0.0
1692310817.1448069,0.15265933414344218,0.047014246019995244,0.003756277290813556,0.0,0.0,0.0
1692310817.2522633,0.15162947266365498,0.04672861978966693,0.003813282331414424,0.0,0.0,0.0
1692310817.3593154,0.15165119624715165,0.04648557400223841,0.003926292117454832,0.0,0.0,0.0
1692310817.467844,0.15074811574784558,0.04623970990842808,0.003999480588520866,0.0,0.0,0.0
1692310817.579711,0.15007064143177554,0.04599608187131089,0.004107396927266735,0.0,0.0,0.0
1692310817.7002392,0.14908991678270825,0.04574021732606639,0.004230311784273432,0.0,0.0,0.0
1692310817.8068602,0.1492912835851068,0.04553577736872922,0.004345946025848975,0.0,0.0,0.0
1692310817.909516,0.1496459044778508,0.04536951821846393,0.0045592429866820414,0.0,0.0,0.0
1692310818.0373578,0.15070594049647484,0.04528284560816571,0.0047504237801379474,0.0,0.0,0.0
1692310818.2107656,0.15178255468572652,0.04527257936032699,0.004847740017538875,0.0,0.0,0.0
1692310818.3134418,0.15172993528660697,0.04526133511144452,0.004929126114510916,0.0,0.0,0.0
1692310818.4008858,0.153034921802956,0.045327046911391375,0.004913961890817354,0.0,0.0,0.0
1692310818.55567,0.15390726694632526,0.045423883272926804,0.004918693076746544,0.0,0.0,0.0
1692310818.714246,0.15385997899286394,0.04551782402988783,0.004761317218565818,0.0,0.0,0.0
1692310818.8508563,0.1549503801772628,0.04565698415614734,0.004555184851700926,0.0,0.0,0.0
1692310818.9788034,0.15493140470226863,0.04577434029506186,0.004351192754847665,0.0,0.0,0.0
1692310819.1247218,0.15481992257521446,0.045870546986482644,0.00412181555221045,0.0,0.0,0.0
1692310819.2521622,0.15592247872929405,0.046006798372342166,0.003918681358988213,0.0,0.0,0.0
1692310819.371599,0.1557439137716306,0.046113745823044915,0.0037090437870989186,0.0,0.0,0.0
1692310819.491387,0.15435747346134754,0.04613094573568771,0.003572886363419149,0.0,0.0,0.0
1692310819.6668534,0.1540530730504805,0.04612653884825001,0.003511689494615013,0.0,0.0,0.0
1692310819.9147594,0.15275035773530726,0.04605840453225133,0.003446821540705164,0.0,0.0,0.0
1692310820.1031404,0.1530886365084456,0.046002919291921414,0.003586973560477497,0.0,0.0,0.0
1692310820.2318516,0.1531126280599284,0.04595563195237011,0.003727597243480273,0.0,0.0,0.0
1692310820.3697386,0.15296391876443213,0.04590024422550438,0.003927805494073983,0.0,0.0,0.0
1692310820.4694006,0.15259427520517674,0.04581686147042853,0.004251416704150306,0.0,0.0,0.0
1692310820.6436634,0.15269398497033326,0.0457511726070694,0.004530756222748721,0.0,0.0,0.0
1692310820.8175373,0.1523772640115588,0.04567970575852353,0.004769134612605775,0.0,0.0,0.0
1692310820.9711523,0.15337048600170763,0.04568225566916179,0.00487193143285668,0.0,0.0,0.0
1692310821.15661,0.1550425633675346,0.045779412872864966,0.00486055733118988,0.0,0.0,0.0
1692310821.297964,0.15719089005380157,0.045972114552847776,0.004815440865343884,0.0,0.0,0.0
1692310821.4053066,0.15891633420470885,0.04623576633677232,0.004585195617883001,0.0,0.0,0.0
1692310821.5249398,0.16027254633407337,0.046522680681237986,0.004404862425217546,0.0,0.0,0.0
1692310821.6327186,0.16167724355256755,0.046840880060142004,0.004119847321979781,0.0,0.0,0.0
1692310821.7389777,0.16174069224999077,0.047113894186942326,0.0037865501532999583,0.0,0.0,0.0
1692310821.8395169,0.16154604223819025,0.047332660410770146,0.0034827154725397395,0.0,0.0,0.0
1692310821.9359818,0.1619965178013622,0.04753803914629872,0.0032155172237912475,0.0,0.0,0.0
1692310822.1022441,0.16273284692051831,0.04774753487431354,0.0029513881324576352,0.0,0.0,0.0
1692310822.224297,0.16387275172861532,0.047977515264874065,0.0027776719869995934,0.0,0.0,0.0
1692310822.3576217,0.16369538708277148,0.04815879455397139,0.00266712505946428,0.0,0.0,0.0
1692310822.502699,0.1624784208720721,0.04824822786879027,0.002587373581443873,0.0,0.0,0.0
1692310822.6052582,0.1615286136026349,0.04827232339938105,0.002577733002793993,0.0,0.0,0.0
1692310822.711436,0.16112628925936442,0.048271307218041085,0.0025866082799001727,0.0,0.0,0.0
1692310822.8227625,0.16183032687817392,0.04830068937644747,0.002679541829867375,0.0,0.0,0.0
1692310822.9315028,0.1607170316196052,0.04826079271723028,0.00287368163378223,0.0,0.0,0.0
1692310823.0359704,0.15953545007627604,0.04816902191285117,0.0030247493791949816,0.0,0.0,0.0
1692310823.153053,0.15933648618660823,0.04808253947582118,0.0031510681358687615,0.0,0.0,0.0
1692310823.2696247,0.15900369320863034,0.04797202269695723,0.003487229412160895,0.0,0.0,0.0
1692310823.4403331,0.15867102904607028,0.04786365793409863,0.0037630175357434062,0.0,0.0,0.0
1692310823.5315704,0.1573110033063544,0.04769975877943829,0.004038008905589272,0.0,0.0,0.0
1692310823.6287394,0.1570937341065206,0.0475517440089496,0.004271645361792288,0.0,0.0,0.0
1692310823.7177856,0.15785150757164207,0.04746242055755242,0.0045022739801486265,0.0,0.0,0.0
1692310823.8256373,0.15853535288745402,0.04740792483286839,0.004809224473058122,0.0,0.0,0.0
1692310823.9828048,0.15920731331626628,0.047388508572193566,0.0051229393423775135,0.0,0.0,0.0
1692310824.1953511,0.15849206628579882,0.04732454485100428,0.005463061443319005,0.0,0.0,0.0
1692310824.32789,0.15860464052482423,0.04724421678887595,0.005944672902887077,0.0,0.0,0.0
1692310824.4397922,0.158970821993981,0.04719360797559942,0.006358896803353933,0.0,0.0,0.0
1692310824.556739,0.15917124659648332,0.047151878052514376,0.006757424492899769,0.0,0.0,0.0
1692310824.6808367,0.15826028285464327,0.04707088261913828,0.007088358644818164,0.0,0.0,0.0
1692310824.8098671,0.1580408457307649,0.047011175655830496,0.007259097161185439,0.0,0.0,0.0
1692310824.9296162,0.15759712278898919,0.04695889395993888,0.0072808568296439365,0.0,0.0,0.0
1692310825.05259,0.15989322504386658,0.04704734949030987,0.007194666910202482,0.0,0.0,0.0
1692310825.1718533,0.16175390515720273,0.04723375419196395,0.006982020765329368,0.0,0.0,0.0
1692310825.3013668,0.16267888965126573,0.04745019210902912,0.006678258085256389,0.0,0.0,0.0
1692310825.421381,0.1632029774535615,0.04766638340854603,0.006330432338622953,0.0,0.0,0.0
1692310825.5504546,0.1638216646908225,0.04788094141943909,0.006004285861201441,0.0,0.0,0.0
1692310825.6651347,0.1643067214719834,0.04807081110869746,0.005868520020693167,0.0,0.0,0.0
1692310825.8035913,0.16461596392950112,0.04824574266587376,0.005744088939515279,0.0,0.0,0.0
1692310825.9201047,0.16408766899756067,0.04836047429380994,0.005681257380113658,0.0,0.0,0.0
1692310826.0385506,0.16443717985023118,0.04846701946774567,0.005687644947442986,0.0,0.0,0.0
1692310826.1490746,0.1638035609070709,0.048532285620328165,0.005617639530747193,0.0,0.0,0.0
1692310826.2600987,0.16326175284215577,0.04855779683011072,0.005573562486866745,0.0,0.0,0.0
1692310826.3701453,0.16360481483166156,0.048602183538920776,0.005481870503599768,0.0,0.0,0.0
1692310826.492492,0.16270618495281997,0.04859331676963934,0.005411081130853737,0.0,0.0,0.0
1692310826.607489,0.16206447310718514,0.04855492264119249,0.005339432695985558,0.0,0.0,0.0
1692310826.7219899,0.1611132458480889,0.048477644134170605,0.0052541261200696856,0.0,0.0,0.0
1692310826.8340976,0.16104984811138012,0.04840993215892731,0.005184525696069223,0.0,0.0,0.0
1692310826.95035,0.16006461640715244,0.04831207481163227,0.005041458746761897,0.0,0.0,0.0
1692310827.059568,0.16092853103077928,0.048273355787301686,0.004929600497264511,0.0,0.0,0.0
1692310827.1663136,0.16062892513542776,0.04823125830037546,0.004776561897821809,0.0,0.0,0.0
1692310827.2858663,0.15940310000878852,0.04813782719267158,0.004609104242248087,0.0,0.0,0.0
1692310827.4041052,0.16000436645375637,0.04809364318262768,0.004424538858410416,0.0,0.0,0.0
1692310827.5215456,0.16367434345464404,0.04824134391554952,0.004268563440054829,0.0,0.0,0.0
1692310827.6782696,0.16493548772111372,0.04842882353160592,0.004122830176995332,0.0,0.0,0.0
1692310827.8657134,0.16619860685793933,0.04864936182038208,0.003987536890529704,0.0,0.0,0.0
1692310827.9721582,0.16722001781925885,0.04888594145079932,0.0038503283120502737,0.0,0.0,0.0
1692310828.0707073,0.16806161765834332,0.04912456343401528,0.0037469942783078846,0.0,0.0,0.0
1692310828.1753385,0.16895774411450665,0.04937102973628687,0.0036167408761484925,0.0,0.0,0.0
1692310828.2877476,0.16951131322906499,0.04960405891137709,0.00350924055551078,0.0,0.0,0.0
1692310828.4431303,0.16898929696246118,0.049765886738495066,0.0035142738864073417,0.0,0.0,0.0
1692310828.7266204,0.16928836719201257,0.04991816459054596,0.0034822042475021486,0.0,0.0,0.0
1692310828.959499,0.1713235689046502,0.0501353175195507,0.0036155848481063966,0.0,0.0,0.0
1692310829.1879265,0.17136142350951808,0.05030434754366275,0.0038757121221728082,0.0,0.0,0.0
1692310829.378544,0.17270355313737518,0.05051765320810481,0.004041851001642766,0.0,0.0,0.0
1692310829.555674,0.17414286012274516,0.05077862665713079,0.004054436309688028,0.0,0.0,0.0
1692310829.7308688,0.1754061303634827,0.051068635995835616,0.003936501745682491,0.0,0.0,0.0
1692310829.8116322,0.17790223186102197,0.05144363057049576,0.003689320588636031,0.0,0.0,0.0
1692310829.9595957,0.17977864551630174,0.05185470930807844,0.003365530610591058,0.0,0.0,0.0
1692310830.1501877,0.1798652482262479,0.05220473751074856,0.0029670358057712616,0.0,0.0,0.0
1692310830.3161404,0.18132699466206625,0.05257087359118679,0.0025246405273512875,0.0,0.0,0.0
1692310830.4539528,0.18282221002543575,0.05295088502859428,0.002131862718375047,0.0,0.0,0.0
1692310830.5860066,0.18348242420211655,0.053300556643928715,0.001775012248511519,0.0,0.0,0.0
1692310830.7074378,0.18474513532553072,0.05365505776205792,0.0015048276249223984,0.0,0.0,0.0
1692310830.8145406,0.18635305156041615,0.05403070875399857,0.0013207767378989386,0.0,0.0,0.0
1692310831.0227044,0.18791208952262067,0.05442149823238308,0.0011950595996169703,0.0,0.0,0.0
1692310831.2286427,0.18990179318287415,0.054842773203097696,0.0012852835803675196,0.0,0.0,0.0
1692310831.33646,0.19105786527113433,0.055247586240471075,0.0014725856782077077,0.0,0.0,0.0
1692310831.461684,0.19172289975298273,0.05561778265554271,0.0016371225942457502,0.0,0.0,0.0
1692310831.6109881,0.19312816648262052,0.05599400049936189,0.0018319035667924517,0.0,0.0,0.0
1692310831.7475436,0.193584752347449,0.056330382011729255,0.0019922832254118117,0.0,0.0,0.0
1692310831.8695278,0.19507107552053898,0.05668394884369017,0.0021501444786088996,0.0,0.0,0.0
1692310832.0345113,0.19398963845046216,0.05692736182136801,0.002214961455658455,0.0,0.0,0.0
1692310832.1484933,0.19495137818259278,0.0571790803878819,0.0022518804503120376,0.0,0.0,0.0
1692310832.268964,0.1964041855399923,0.05746283328138428,0.002251918478058719,0.0,0.0,0.0
1692310832.3794413,0.19724417329285474,0.05774012674814298,0.002281912865545385,0.0,0.0,0.0
1692310832.5060167,0.19675806253545383,0.05794371711679523,0.0023745154467160632,0.0,0.0,0.0
1692310832.6120214,0.19699777656221712,0.058123321466784166,0.0024917807737909565,0.0,0.0,0.0
1692310832.745685,0.19878109655810847,0.058361087268495634,0.002614206785921314,0.0,0.0,0.0
1692310832.8659596,0.1991669839349201,0.05857451287304839,0.0027856020200030945,0.0,0.0,0.0
1692310832.9898326,0.20074640075967914,0.058831170089129387,0.0029349635311290085,0.0,0.0,0.0
1692310833.150117,0.20186671927448913,0.05910314364666123,0.0030265416367807416,0.0,0.0,0.0
1692310833.3422883,0.20341876528619612,0.05941005361999544,0.003057872508970627,0.0,0.0,0.0
1692310833.5797875,0.2043721697020987,0.05972153323882757,0.0029002173251256582,0.0,0.0,0.0
1692310833.824477,0.2059137615432549,0.06006363269299713,0.002534671330450536,0.0,0.0,0.0
1692310834.010268,0.20626730041794844,0.06036658359695103,0.0020188596326880665,0.0,0.0,0.0
1692310834.1153603,0.20595622466562669,0.060602101068212504,0.0014960784020633892,0.0,0.0,0.0
1692310834.218253,0.20544971082300978,0.06077159905850035,0.0009985007798753109,0.0,0.0,0.0
1692310834.3465497,0.2055378779328841,0.0609171603112794,0.0005819897234688417,0.0,0.0,0.0
1692310834.4502966,0.2051305147789868,0.061018293427131276,0.000247502974127075,0.0,0.0,0.0
1692310834.584423,0.2058078226297169,0.06113657642095374,-2.687414536416523e-05,0.0,0.0,0.0
1692310834.768105,0.20659017232105567,0.06127537095047618,-0.00020235920050760812,0.0,0.0,0.0
1692310834.9463909,0.20772705424558283,0.061448106950004314,-0.0003394142231460957,0.0,0.0,0.0
1692310835.1373978,0.20677429053028923,0.061543690983217283,-0.00048496028762116884,0.0,0.0,0.0
1692310835.32289,0.20786360522382094,0.0616750377205404,-0.0007208947267242649,0.0,0.0,0.0
1692310835.5250888,0.20706365092190643,0.0617420501788879,-0.0009854663499470956,0.0,0.0,0.0
1692310835.7036169,0.20766035436069508,0.0618264204999089,-0.0012411386975536049,0.0,0.0,0.0
1692310835.8204188,0.20659814108033697,0.06184393887882549,-0.001441661656528658,0.0,0.0,0.0
1692310835.9315717,0.20584375476749164,0.06182114887795883,-0.0015973857602004798,0.0,0.0,0.0
1692310836.0243325,0.20556008650100743,0.06179047032250572,-0.0016549122703475299,0.0,0.0,0.0
1692310836.10984,0.2040987823039518,0.0616934568572651,-0.0016404171779751872,0.0,0.0,0.0
1692310836.193844,0.20430073294076964,0.06162349410395785,-0.0015981387531374134,0.0,0.0,0.0
1692310836.2859502,0.20351308227171044,0.061527006683322526,-0.001498346732000685,0.0,0.0,0.0
1692310836.4659603,0.20426993302027566,0.06148562236976285,-0.0013262002954597951,0.0,0.0,0.0
1692310836.66381,0.20505574727264814,0.061490562621532414,-0.0011769304486010136,0.0,0.0,0.0
1692310836.817178,0.20460494570162388,0.06147209927087237,-0.0009091979152295341,0.0,0.0,0.0
1692310836.9822776,0.2048605389598984,0.06146883430105014,-0.0006186498538817482,0.0,0.0,0.0
1692310837.149762,0.20337740960958314,0.061391795880814046,-0.0003761040255786727,0.0,0.0,0.0
1692310837.2665021,0.20285472176830374,0.06130154176025596,-0.0001821824001041368,0.0,0.0,0.0
1692310837.4169636,0.20256497148287864,0.061212459223060726,-8.34132992604732e-05,0.0,0.0,0.0
1692310837.5426397,0.2026222371650696,0.06114133256810002,-8.965757590448205e-05,0.0,0.0,0.0
1692310837.666863,0.20244808581176024,0.06107189717534783,-0.0002480619891157815,0.0,0.0,0.0
1692310837.8043127,0.20177379100835338,0.06097852267092884,-0.00046234237048962447,0.0,0.0,0.0
1692310837.941243,0.20191496386583432,0.06090535229185661,-0.0007245780493875165,0.0,0.0,0.0
1692310838.0549664,0.20163793687584783,0.06082700830713406,-0.0010348635204670924,0.0,0.0,0.0
1692310838.1665823,0.20076558344894524,0.06071801121703427,-0.0012931352087786822,0.0,0.0,0.0
1692310838.288602,0.2008667797249732,0.06063293396608547,-0.0014930148361546967,0.0,0.0,0.0
1692310838.4008365,0.19954349496876506,0.06049972043462387,-0.001548320373938327,0.0,0.0,0.0
1692310838.5180626,0.19887670019678128,0.06035765566773223,-0.0015054077353199762,0.0,0.0,0.0
1692310838.6605942,0.19981030292690452,0.060286833082034905,-0.0014324315780231555,0.0,0.0,0.0
1692310838.8066547,0.19979509103737245,0.06022851191680957,-0.001137672671682078,0.0,0.0,0.0
1692310838.9281292,0.19948591510197866,0.06016376255676139,-0.0008187082432873717,0.0,0.0,0.0
1692310839.1707907,0.199732066116596,0.060117139719755214,-0.000339839591400034,0.0,0.0,0.0
1692310839.2850528,0.19983107664379407,0.06007488285826357,0.00025053821071781263,0.0,0.0,0.0
1692310839.4024868,0.20017399728970237,0.060048895608088834,0.0008756044216250156,0.0,0.0,0.0
1692310839.5103097,0.2003887541777887,0.06003944584429463,0.0013746875180545152,0.0,0.0,0.0
1692310839.6293602,0.20170564783534672,0.06009897639798913,0.0017699370385959989,0.0,0.0,0.0
1692310839.7343073,0.2024818755952071,0.0601891296362076,0.002072671527566441,0.0,0.0,0.0
1692310839.8414955,0.2039434655713171,0.060343267978951454,0.0022183751782474627,0.0,0.0,0.0
1692310839.94736,0.20454269050243723,0.060509287797035516,0.002142775335576489,0.0,0.0,0.0
1692310840.0598505,0.20625682063112466,0.06073610271384354,0.001966810152470604,0.0,0.0,0.0
1692310840.1792808,0.20678149792047928,0.06095263136370121,0.0017165653669772038,0.0,0.0,0.0
1692310840.290147,0.20805268515969133,0.06119698111992723,0.0014272660158147926,0.0,0.0,0.0
1692310840.4042416,0.2108773431504212,0.06154196511332106,0.0011490901856298522,0.0,0.0,0.0
1692310840.518261,0.21126120893200404,0.06184854874882686,0.0009124052397682409,0.0,0.0,0.0
1692310840.6435685,0.21290197486844376,0.062186147756803416,0.000718134786805456,0.0,0.0,0.0
1692310840.848696,0.21296309052167633,0.06247031471090012,0.0005333363063099978,0.0,0.0,0.0
1692310841.0003839,0.21258622408154643,0.06268817939891094,0.00038542060688613074,0.0,0.0,0.0
1692310841.112673,0.21211423708041052,0.06284555339653014,0.00020595727890006024,0.0,0.0,0.0
1692310841.2574813,0.21123653588892213,0.06293171072398983,-1.1632361718192589e-05,0.0,0.0,0.0
1692310841.4288728,0.2101437402610642,0.06294941046574982,-0.0001478031899026251,0.0,0.0,0.0
1692310841.5923495,0.208744958714149,0.06289322685526809,-0.00031467776058203244,0.0,0.0,0.0
1692310841.7636998,0.20669578742195593,0.06274283173588482,-0.0004979345967010137,0.0,0.0,0.0
1692310841.948867,0.20520425385766178,0.0625420797962204,-0.000680407872131642,0.0,0.0,0.0
1692310842.0971205,0.20449215349142766,0.06234013369056213,-0.0007919921529034437,0.0,0.0,0.0
1692310842.2056525,0.20256695852835535,0.06207672849616706,-0.0008162773030064404,0.0,0.0,0.0
1692310842.3918748,0.20144521627952952,0.061801953548615673,-0.0007659828714107567,0.0,0.0,0.0
1692310842.5958068,0.20095343258374215,0.06154733119908909,-0.0004664311493722549,0.0,0.0,0.0
1692310842.8030658,0.1995377127158751,0.061261084532950386,-8.262254181792193e-05,0.0,0.0,0.0
1692310843.020326,0.19913134531147342,0.06099893238396223,0.00033140828708964367,0.0,0.0,0.0
1692310843.2324772,0.1990451626293647,0.06077483559117521,0.0007098143385034869,0.0,0.0,0.0
1692310843.3984578,0.20050940031590478,0.06066428721506548,0.0009573336232144263,0.0,0.0,0.0
1692310843.5326087,0.2005147385607929,0.06057407170717185,0.0011165158303260451,0.0,0.0,0.0
1692310843.647161,0.20096575926025984,0.06052234814913529,0.001222160613558262,0.0,0.0,0.0
1692310843.7856545,0.20065701936952235,0.060464026303591496,0.001301847489982975,0.0,0.0,0.0
1692310843.9454,0.19881076315804308,0.06032430827226841,0.0013139625729476417,0.0,0.0,0.0
1692310844.0871663,0.19928666172356735,0.06023265281514714,0.0012818704702661447,0.0,0.0,0.0
1692310844.2286606,0.19752428875832292,0.06006666199396265,0.0013156644797018416,0.0,0.0,0.0
1692310844.4497435,0.19641994940700616,0.059871721383098576,0.0013917747502270523,0.0,0.0,0.0
1692310844.6462286,0.19487973939145734,0.05963082993636256,0.001495512649560037,0.0,0.0,0.0
1692310844.8573017,0.19394846017760445,0.05938367944608536,0.0015761867806592877,0.0,0.0,0.0
1692310844.984403,0.1928927623523806,0.05912835758175758,0.0015179740974201475,0.0,0.0,0.0
1692310845.0808086,0.19210842723565866,0.058877674475308804,0.001394590750932955,0.0,0.0,0.0
1692310845.220211,0.1918431122194697,0.05865569754061857,0.001281379352284005,0.0,0.0,0.0
1692310845.355958,0.19012930916599563,0.058385636860286375,0.0010406319715228042,0.0,0.0,0.0
1692310845.5493324,0.18969581908009117,0.0581384192665712,0.0007621434689559733,0.0,0.0,0.0
1692310845.6941848,0.18963640200007784,0.057928591353431334,0.000466291525424768,0.0,0.0,0.0
1692310845.9403994,0.1895714006801936,0.057750196738611884,0.00020112140582571016,0.0,0.0,0.0
1692310846.0646384,0.18906804085599607,0.057578099311922266,0.00011918026986480935,0.0,0.0,0.0
1692310846.1595042,0.1872260992018063,0.05734241141127796,0.0001562272554037243,0.0,0.0,0.0
1692310846.2508523,0.18734742861350007,0.0571519882875878,0.00021079813637074255,0.0,0.0,0.0
1692310846.3620365,0.18615718394705708,0.05693264844625824,0.000339064330916955,0.0,0.0,0.0
1692310846.471435,0.1855735696304647,0.056716572004803366,0.0006039279936876915,0.0,0.0,0.0
1692310846.586185,0.1855368762989852,0.05652696240926043,0.0010008825538160024,0.0,0.0,0.0
1692310846.6885045,0.1850232559079096,0.05633704501376442,0.001435908648324784,0.0,0.0,0.0
1692310846.793328,0.18551406987138613,0.05620205388724184,0.001819944214798874,0.0,0.0,0.0
1692310846.900278,0.18485272047438858,0.05605422446239478,0.002171239025133653,0.0,0.0,0.0
1692310847.0127845,0.18547587337450436,0.055957046198928856,0.002535405370210624,0.0,0.0,0.0
1692310847.2381644,0.18715867085288718,0.05596045597828387,0.002841395576079378,0.0,0.0,0.0
1692310847.4492836,0.18943490807837615,0.056086136649389884,0.002976701812705199,0.0,0.0,0.0
1692310847.6619513,0.18999575333526073,0.05623477667472926,0.0027471981860598517,0.0,0.0,0.0
1692310847.9003823,0.19082042779034689,0.05640292065060612,0.0021685282929294705,0.0,0.0,0.0
1692310848.0676281,0.19382296255373188,0.05668564649135275,0.0013997719365607044,0.0,0.0,0.0
1692310848.22276,0.19488311943904846,0.05696343383693288,0.0005515541142449683,0.0,0.0,0.0
1692310848.3649654,0.20079331642213977,0.05748584015920849,-0.0002414341594325143,0.0,0.0,0.0
1692310848.5279422,0.20201415360434627,0.05798898345061604,-0.0007982431939319027,0.0,0.0,0.0
1692310848.6631353,0.20268438863824703,0.05844576265172752,-0.0011893135875246843,0.0,0.0,0.0
1692310848.8154433,0.20281151045742127,0.05883821785003211,-0.0013927920641882406,0.0,0.0,0.0
1692310849.058674,0.20703629977482552,0.059382634057497774,-0.0013698994206781427,0.0,0.0,0.0
1692310849.3327413,0.2076105708789345,0.05986688511421098,-0.001087419624169514,0.0,0.0,0.0
1692310849.5995884,0.2075934209951132,0.060265239261628974,-0.0006065565946558471,0.0,0.0,0.0
1692310849.8352757,0.20876577963787826,0.060652495582700555,-0.00010623771325007735,0.0,0.0,0.0
1692310849.9346392,0.20967555630360285,0.06101096788176984,0.0005142454214669771,0.0,0.0,0.0
1692310850.0297291,0.21011634612707836,0.061331284608067214,0.0010382256380485784,0.0,0.0,0.0
1692310850.1617734,0.21042053227761473,0.06160900802556393,0.0015458727736584945,0.0,0.0,0.0
1692310850.2619324,0.20814854983831116,0.06171725156070851,0.0020949996529623038,0.0,0.0,0.0
1692310850.4435172,0.20946237134690898,0.06187172386082687,0.00257433630812482,0.0,0.0,0.0
1692310850.5358894,0.20970654267981864,0.06201476130312385,0.0029467791320141367,0.0,0.0,0.0
1692310850.7769718,0.20960750742266376,0.06213111975812943,0.0032279886462500454,0.0,0.0,0.0
1692310850.9366317,0.20685677002314762,0.062106727915829996,0.0031878878577679764,0.0,0.0,0.0
1692310851.0581343,0.2055448468351071,0.06202626072447073,0.0030196582646941006,0.0,0.0,0.0
1692310851.3125012,0.20310735865588073,0.061840404487357475,0.0027685233734956634,0.0,0.0,0.0
1692310851.5110202,0.20230643945210922,0.06164787993896587,0.002427792392708153,0.0,0.0,0.0
1692310851.6103532,0.20079646639674534,0.06141245710658967,0.0020734638867815573,0.0,0.0,0.0
1692310851.7844586,0.19808831434503757,0.061080728011559546,0.0017653401842682467,0.0,0.0,0.0
1692310852.0028164,0.19691015639969248,0.06074539109053219,0.0015032234004161726,0.0,0.0,0.0
1692310852.1143725,0.19464721388062028,0.06035262330747544,0.0012991071912430837,0.0,0.0,0.0
1692310852.3737538,0.19347103771811477,0.05996635373736708,0.0011558923494724897,0.0,0.0,0.0
1692310852.5706973,0.19117878964891774,0.059529938631256385,0.0010047000974114679,0.0,0.0,0.0
1692310852.7483666,0.1903410583222231,0.0591244569536092,0.0008731779272970716,0.0,0.0,0.0
1692310852.8390129,0.1894645201741552,0.05874275803429391,0.0007680135329629288,0.0,0.0,0.0
1692310853.0229664,0.1876236010799458,0.05833261103904181,0.0006700498837674363,0.0,0.0,0.0
1692310853.1233478,0.1853461036709641,0.05787686827439174,0.000584192758789504,0.0,0.0,0.0
1692310853.2676764,0.18239543204720524,0.05734926421290301,0.0005437013949741107,0.0,0.0,0.0
1692310853.452935,0.18211697967528512,0.05689579567898803,0.000513630193267372,0.0,0.0,0.0
1692310853.6421404,0.18199512312500132,0.056511383457795224,0.000546349799238279,0.0,0.0,0.0
1692310853.7654145,0.18265819851424445,0.056222787721646156,0.0006633858457837425,0.0,0.0,0.0
1692310853.8963852,0.1820914572326915,0.055952761249657326,0.0008089683205225055,0.0,0.0,0.0
1692310854.0795805,0.18197230981269422,0.0557198243670107,0.0009944607842764007,0.0,0.0,0.0
1692310854.2533617,0.18142336646804383,0.05549230680057499,0.0012877943718140263,0.0,0.0,0.0
1692310854.3368647,0.18193235420294815,0.05532389389881194,0.0016127092495971701,0.0,0.0,0.0
1692310854.4252002,0.18253974152134178,0.05520789167184777,0.001979545765450076,0.0,0.0,0.0
1692310854.5336883,0.18304569515756366,0.05513654869150274,0.0022868838536445673,0.0,0.0,0.0
1692310854.6561196,0.1822423829959657,0.055020830211516304,0.0027399341189152404,0.0,0.0,0.0
1692310854.760784,0.18317534076363456,0.05496950080006634,0.0031375756941358353,0.0,0.0,0.0
1692310854.923013,0.18366658448596493,0.054955229425024336,0.0034274417081314643,0.0,0.0,0.0
1692310855.057379,0.1861028389112988,0.05506802185223131,0.0036439753296712897,0.0,0.0,0.0
1692310855.237518,0.1869205364817681,0.05520573796038344,0.0037923920911015143,0.0,0.0,0.0
1692310855.428439,0.18767521584355576,0.05537214247271936,0.0037203078876136713,0.0,0.0,0.0
1692310855.6094418,0.1885934779810031,0.05556755503737827,0.0034349248058254175,0.0,0.0,0.0
1692310855.7493787,0.188669106226323,0.05573967041873328,0.0027716423973491735,0.0,0.0,0.0
1692310855.8837566,0.19017155705129674,0.05595481816235913,0.0020354196029752397,0.0,0.0,0.0
1692310856.0121593,0.190030120223945,0.056118867603907545,0.001217548126104111,0.0,0.0,0.0
1692310856.1445022,0.19033164332631408,0.056253125288475175,0.0002646447070442019,0.0,0.0,0.0
1692310856.3079724,0.18999715789533397,0.05634813039383049,-0.000529398734146824,0.0,0.0,0.0
1692310856.4392972,0.19242534794308938,0.05655672073781526,-0.0010886781961293311,0.0,0.0,0.0
1692310856.5638938,0.19364206248247723,0.056801735495826955,-0.0013786930070618438,0.0,0.0,0.0
1692310856.716475,0.1941386997036163,0.05704070914460588,-0.0013184289614815875,0.0,0.0,0.0
1692310856.8476965,0.19463656216884412,0.057262385267071884,-0.000825430900252934,0.0,0.0,0.0
1692310857.0920985,0.19688899300484558,0.05752955656422388,0.00013249719382197483,0.0,0.0,0.0
1692310857.2587483,0.19742329921138557,0.05769840339150151,0.0016118168520117243,0.0,0.0,0.0
1692310857.4657285,0.19991410066414986,0.05788902658271562,0.0032814207091350803,0.0,0.0,0.0
1692310857.7418733,0.20334087066519307,0.05819728900821457,0.004799210575127593,0.0,0.0,0.0
1692310857.8330708,0.2044213034885579,0.058461235518607824,0.00628472814483738,0.0,0.0,0.0
1692310857.9595456,0.20532130403042076,0.0587250543976154,0.007532233135100752,0.0,0.0,0.0
1692310858.1745663,0.20619836469173444,0.05894213215090766,0.008771587933364595,0.0,0.0,0.0
1692310858.293881,0.2072532733011848,0.05917653925877697,0.009807504514222933,0.0,0.0,0.0
1692310858.4961438,0.20803275387852452,0.059390949369469564,0.010754229432634484,0.0,0.0,0.0
1692310858.76009,0.20881705839406944,0.059634509760300825,0.011445182361143958,0.0,0.0,0.0
1692310858.9716644,0.2055380978629132,0.05973165136965586,0.011750233353840739,0.0,0.0,0.0
1692310859.1388965,0.20456241806204373,0.059821116491931794,0.011720853004447213,0.0,0.0,0.0
1692310859.3644342,0.20453427842307106,0.05993540195868167,0.011467964146429808,0.0,0.0,0.0
1692310859.5966244,0.20547694380196363,0.060149202339481615,0.010763013002302672,0.0,0.0,0.0
1692310859.8339748,0.20676448991809876,0.060430095063968486,0.009792926909982425,0.0,0.0,0.0
1692310860.0681772,0.20543621940612186,0.06061530946729969,0.008718762208264825,0.0,0.0,0.0
1692310860.2732923,0.20332961940933195,0.060673863343715655,0.007597532483007033,0.0,0.0,0.0
1692310860.3743658,0.20041758726132833,0.060575305229304544,0.006702109330912265,0.0,0.0,0.0
1692310860.4794893,0.1975277045977951,0.060346131957214735,0.006010293967274221,0.0,0.0,0.0
1692310860.5954196,0.19375114775696775,0.05995996952653068,0.00555120464627124,0.0,0.0,0.0
1692310860.7031891,0.18989491616557355,0.059431657935274655,0.0053629845621602995,0.0,0.0,0.0
1692310860.815929,0.1872255894887409,0.05885447275909175,0.005242718945141864,0.0,0.0,0.0
1692310860.9241211,0.18821639261767192,0.058393127837393616,0.005449243311843455,0.0,0.0,0.0
1692310861.027297,0.18781434378190096,0.057965566200708654,0.005804129452844585,0.0,0.0,0.0
1692310861.1351588,0.1874928172049043,0.057584255451749895,0.006163566830648296,0.0,0.0,0.0
1692310861.2320092,0.18701935373397688,0.057229460967059886,0.0065520702335104125,0.0,0.0,0.0
1692310861.3341262,0.18737090786463753,0.056948800681468785,0.006894766052640004,0.0,0.0,0.0
1692310861.5005593,0.18882517862994896,0.0567802109847463,0.007234624019414269,0.0,0.0,0.0
1692310861.6611776,0.1899768951057874,0.056685360835590795,0.007596537211186297,0.0,0.0,0.0
1692310861.8596725,0.19209243316297483,0.05671368187757585,0.007898693712937908,0.0,0.0,0.0
1692310861.999336,0.19382175088613549,0.056832278062149404,0.008105823325437548,0.0,0.0,0.0
1692310862.1763942,0.1938313419025472,0.0569663017122296,0.008041204045339643,0.0,0.0,0.0
1692310862.3506944,0.194738622585711,0.05714090669479619,0.007851810232933696,0.0,0.0,0.0
1692310862.4913533,0.19426894745100703,0.057266030405540895,0.007665407164616503,0.0,0.0,0.0
1692310862.6192584,0.19319086934632254,0.057343352857449965,0.0072433802297244285,0.0,0.0,0.0
1692310862.7933626,0.19345865726561867,0.057431662490608104,0.006765046770764036,0.0,0.0,0.0
1692310862.9291165,0.19249824160859902,0.05746718607179978,0.006216846782377661,0.0,0.0,0.0
1692310863.0693388,0.191621685615571,0.05746319239947463,0.005550891808197753,0.0,0.0,0.0
1692310863.2665906,0.18959427370113832,0.05736044002072819,0.00493427273868469,0.0,0.0,0.0
1692310863.4654174,0.18832831945987896,0.05721412750810986,0.004321617592518042,0.0,0.0,0.0
1692310863.6560504,0.18656731529435716,0.05700494949142054,0.0037640419642096003,0.0,0.0,0.0
1692310863.7542286,0.1851538699777031,0.05675824529909857,0.00337472243471437,0.0,0.0,0.0
1692310863.8560207,0.18429462732829793,0.05650899795055081,0.003075361110139314,0.0,0.0,0.0
1692310863.9405487,0.18333570325595883,0.05624921826304629,0.002942544364533726,0.0,0.0,0.0
1692310864.0460587,0.1830848752599678,0.05601824498633378,0.002877320043020849,0.0,0.0,0.0
1692310864.171166,0.18161296415570324,0.05574048381617587,0.0030222817692869015,0.0,0.0,0.0
1692310864.308811,0.18110159465918574,0.055479727793086304,0.0031944610172596247,0.0,0.0,0.0
1692310864.4384644,0.18132237131819628,0.055241334111459206,0.0036817324069856015,0.0,0.0,0.0
1692310864.5599751,0.18059105823639096,0.05496897284685088,0.004372303006884514,0.0,0.0,0.0
1692310864.7184763,0.1788859869960134,0.054625715871545195,0.005137452401599586,0.0,0.0,0.0
1692310864.8420079,0.1757972917351323,0.05410450784771048,0.006173949080728061,0.0,0.0,0.0
1692310864.952514,0.1723598085222508,0.05342028247954556,0.007339291012203045,0.0,0.0,0.0
1692310865.0516346,0.1684290501575167,0.05265116130727227,0.008292769008819183,0.0,0.0,0.0
1692310865.1625025,0.16485910537089943,0.051846711664639944,0.009006810322292514,0.0,0.0,0.0
1692310865.2670152,0.1608061356530047,0.050987838306127194,0.009520778253086792,0.0,0.0,0.0
1692310865.3646996,0.15668326828183152,0.05009473109199862,0.009808860819144179,0.0,0.0,0.0
1692310865.4639585,0.15205521584651993,0.049136759239510684,0.009947630863215448,0.0,0.0,0.0
1692310865.563834,0.14793758475444008,0.04814506728419152,0.009986077072971672,0.0,0.0,0.0
1692310865.7309093,0.14313165764569954,0.04707368724231719,0.010008648588600516,0.0,0.0,0.0
1692310865.8146966,0.13784505355013044,0.045955415974945936,0.0098287924462246,0.0,0.0,0.0
1692310865.9441314,0.1328605893577494,0.04479436748588836,0.009558798070484703,0.0,0.0,0.0
1692310866.0581787,0.12728735070827363,0.04357676600608432,0.009163088098560493,0.0,0.0,0.0
1692310866.1519697,0.1381511793045938,0.043104407536778876,0.008896940520905353,0.0,0.0,0.0
1692310866.281878,0.1466229320793618,0.04313001852203043,0.008743087136085844,0.0,0.0,0.0
1692310866.3959231,0.15374516709285296,0.043514719341426714,0.008610283289332112,0.0,0.0,0.0
1692310866.495505,0.15692608607588973,0.04399324080498516,0.008520899003749645,0.0,0.0,0.0
1692310866.5977516,0.15988047740144393,0.044537410775271735,0.008473321515318615,0.0,0.0,0.0
1692310866.7169313,0.1614781963843989,0.04508559701569779,0.008352067108530882,0.0,0.0,0.0
1692310866.8402977,0.1656875261645888,0.045753300462391414,0.008266817723323067,0.0,0.0,0.0
1692310866.9559364,0.16832991660067145,0.04644074463773389,0.008213423193458348,0.0,0.0,0.0
1692310867.0909686,0.17026544810271868,0.04712482538534389,0.008081828113085783,0.0,0.0,0.0
1692310867.2005894,0.17235197561740617,0.04780591273846275,0.007932953962812015,0.0,0.0,0.0
1692310867.3275306,0.17258438539389975,0.0483914805268339,0.007761907838792434,0.0,0.0,0.0
1692310867.5279546,0.1739618100364919,0.048963112567700064,0.007507368978046897,0.0,0.0,0.0
1692310867.6632073,0.17554459239041023,0.04953375153688063,0.007164595106110095,0.0,0.0,0.0
1692310867.852308,0.1763049245985541,0.050064503712628786,0.0066953367368667955,0.0,0.0,0.0
1692310868.0169184,0.17776324558484632,0.05059402940312357,0.006104801755630979,0.0,0.0,0.0
1692310868.148071,0.17907509504334423,0.05110839955234984,0.005466195837279344,0.0,0.0,0.0
1692310868.289426,0.1794805377778352,0.051561984207076736,0.004796471868431585,0.0,0.0,0.0
1692310868.5019948,0.17928462563963457,0.05193209066520896,0.004142397444106551,0.0,0.0,0.0
1692310868.700388,0.17870114462514314,0.052211227855590944,0.003592921313961083,0.0,0.0,0.0
1692310868.8462982,0.18051789260253237,0.05253234205994984,0.0032465349438093485,0.0,0.0,0.0
1692310868.9322016,0.18027654990589986,0.052783283487407726,0.0030847227306398336,0.0,0.0,0.0
1692310869.0138001,0.18106166495872358,0.053019155931835246,0.0031792089151113164,0.0,0.0,0.0
1692310869.1118062,0.18171566579772575,0.05324832904222293,0.003260117928520506,0.0,0.0,0.0
1692310869.1987548,0.18109891892035626,0.05339247738263216,0.0035279922360036712,0.0,0.0,0.0
1692310869.2870035,0.18211444297886598,0.05355561497578835,0.003836342692540886,0.0,0.0,0.0
1692310869.3765008,0.18333810003706494,0.05374123339314403,0.004206888552649648,0.0,0.0,0.0
1692310869.463526,0.18415444337524958,0.05390611016031177,0.004764568375483746,0.0,0.0,0.0
1692310869.5537314,0.18455213291040828,0.0540646878636906,0.0052209261492555115,0.0,0.0,0.0
1692310869.6640975,0.18392483959811673,0.054176204036085196,0.005516959582315929,0.0,0.0,0.0
1692310869.7690077,0.18213890380835632,0.05409983271700124,0.006265568898025839,0.0,0.0,0.0
1692310869.8554769,0.17946540643222872,0.05388976010780678,0.006942130709572897,0.0,0.0,0.0
1692310869.9591408,0.17694389208763178,0.053595730457556674,0.007455958634257496,0.0,0.0,0.0
1692310870.0465474,0.18415570336162,0.05371419244163653,0.007906969383108432,0.0,0.0,0.0
1692310870.1413617,0.18912616856545092,0.05400751114415046,0.008577920985808351,0.0,0.0,0.0
1692310870.2303534,0.19295467382877565,0.05444734751456776,0.009139663754303336,0.0,0.0,0.0
1692310870.3267467,0.19552331195527545,0.054901516486518157,0.009807251540225171,0.0,0.0,0.0
1692310870.4307327,0.19664477022165106,0.055346072980809013,0.010325388924966396,0.0,0.0,0.0
1692310870.511951,0.19730158356219957,0.05575684464976473,0.010726636391580632,0.0,0.0,0.0
1692310870.6396902,0.1967001081494513,0.05608865985839732,0.010965845169497354,0.0,0.0,0.0
1692310870.726438,0.20292180545189975,0.05668191973788905,0.011172296789859865,0.0,0.0,0.0
1692310870.841785,0.20699658630100376,0.05741131387165565,0.011205007983302324,0.0,0.0,0.0
1692310871.0155776,0.21123718672694128,0.0582628107179103,0.011072426449917887,0.0,0.0,0.0
1692310871.1165724,0.21204852567383659,0.059045708975516926,0.010753963258422358,0.0,0.0,0.0
1692310871.2034369,0.2118956035762775,0.059698808285530244,0.010427826216574725,0.0,0.0,0.0
1692310871.291462,0.2099136726238542,0.06017015093543476,0.009945371241812797,0.0,0.0,0.0
1692310871.373999,0.20800679420971818,0.06049262156651771,0.009306694800009657,0.0,0.0,0.0
1692310871.4512663,0.20783876502138762,0.06075225081492486,0.00878003291329527,0.0,0.0,0.0
1692310871.5449505,0.20661630128563385,0.06092506798441818,0.008140086158879003,0.0,0.0,0.0
1692310871.6186204,0.2052352844465394,0.06100382802619643,0.007552948042238387,0.0,0.0,0.0
1692310871.7055402,0.20390751550567443,0.06100190937879379,0.007074536698155926,0.0,0.0,0.0
1692310871.7916741,0.20194745857835825,0.06090560761233288,0.006625584492934135,0.0,0.0,0.0
1692310871.8916194,0.20083925669955163,0.060764488861911076,0.006320063516355745,0.0,0.0,0.0
1692310872.031524,0.20020317911033908,0.06061245707149869,0.0060963101125657065,0.0,0.0,0.0
1692310872.1382911,0.19968770921056797,0.060466559562930684,0.005825815361806109,0.0,0.0,0.0
1692310872.2497227,0.19826455686489292,0.060265097512491095,0.005704830176171263,0.0,0.0,0.0
1692310872.370421,0.1973664926980277,0.0600454299257782,0.005678154849044176,0.0,0.0,0.0
1692310872.4588478,0.1967516545305697,0.05981588955842771,0.005808707558955867,0.0,0.0,0.0
1692310872.5382602,0.19544361145454714,0.05953394013101769,0.006121666931491504,0.0,0.0,0.0
1692310872.629862,0.19459116411065552,0.05921904372072365,0.006635245830902398,0.0,0.0,0.0
1692310872.7086508,0.19248667933000826,0.058823502642551484,0.007218876436544338,0.0,0.0,0.0
1692310872.7889044,0.1913795839379116,0.05842736238284355,0.007761582819287929,0.0,0.0,0.0
1692310872.973332,0.19007121131579252,0.05799917962339594,0.008374736011604609,0.0,0.0,0.0
1692310873.1547723,0.19071554543680758,0.05761258810582955,0.009171305672195196,0.0,0.0,0.0
1692310873.3275054,0.19265560627931855,0.057415977451584624,0.009722287016753404,0.0,0.0,0.0
1692310873.4162188,0.19530747056722833,0.05738331491564398,0.010203642313361669,0.0,0.0,0.0
1692310873.5164614,0.19734496460453993,0.05748102601006998,0.010508613142116366,0.0,0.0,0.0
1692310873.7120593,0.19920520263372465,0.0576630054802018,0.010736088581355052,0.0,0.0,0.0
1692310873.8827114,0.2004958908637511,0.05793526523869791,0.010631253188516123,0.0,0.0,0.0
1692310874.045451,0.2001194116485588,0.05818148617759454,0.010300113843181417,0.0,0.0,0.0
1692310874.145004,0.20137718867954976,0.05846441853966913,0.009922772511668369,0.0,0.0,0.0
1692310874.2586436,0.20087548336485672,0.058698065181091864,0.009422049234345397,0.0,0.0,0.0
1692310874.3804088,0.19992460473605356,0.05884939844438667,0.008964089255951038,0.0,0.0,0.0
1692310874.4868803,0.19919435154888945,0.05895087027991182,0.008467951935868434,0.0,0.0,0.0
1692310874.6385806,0.19601988897674338,0.0588826095788235,0.007983042850405561,0.0,0.0,0.0
1692310874.8209488,0.19256428469074957,0.05866285157970183,0.007457128330839786,0.0,0.0,0.0
1692310874.9337685,0.1905167449740667,0.058381228020064485,0.006965642621702533,0.0,0.0,0.0
1692310875.0995898,0.18810927671444566,0.05802901034989584,0.00651296950137281,0.0,0.0,0.0
1692310875.2951057,0.18814162097220227,0.05774323131605214,0.006051594105271193,0.0,0.0,0.0
1692310875.4924428,0.18575843489050325,0.05738975453406124,0.005600828866489186,0.0,0.0,0.0
1692310875.5984294,0.18442704341687904,0.05703144520934389,0.005174212949724898,0.0,0.0,0.0
1692310875.7028756,0.18307449869257142,0.05666753627254806,0.004773050198208957,0.0,0.0,0.0
1692310875.8029377,0.18270800611553717,0.05634768012508807,0.004404744409113577,0.0,0.0,0.0
1692310876.0276182,0.18321385158071887,0.05610715678935118,0.004086102193488391,0.0,0.0,0.0
1692310876.129742,0.18363762554055632,0.055927868584806376,0.0038247363583439786,0.0,0.0,0.0
1692310876.2435546,0.18284778978906366,0.05573811137829433,0.0036240130470596237,0.0,0.0,0.0
1692310876.3277352,0.18306050711136687,0.05558828746103887,0.0035048934166069254,0.0,0.0,0.0
1692310876.419655,0.1842490528995695,0.05551731862390652,0.003505312130276615,0.0,0.0,0.0
1692310876.5281894,0.1849284782541996,0.05549190188753304,0.0035120568455735096,0.0,0.0,0.0
1692310876.6234004,0.18533975791068724,0.05548536757606497,0.0036052180254766706,0.0,0.0,0.0
1692310876.7444146,0.18457140638379546,0.0554087096051261,0.00403391022863612,0.0,0.0,0.0
1692310876.8556793,0.18677481848097252,0.05542741891588274,0.0046219786656587665,0.0,0.0,0.0
1692310877.0097954,0.18844903235239224,0.05551658839223319,0.0051913033813756814,0.0,0.0,0.0
1692310877.1467705,0.19008324663082762,0.05557862823981324,0.006216471398900712,0.0,0.0,0.0
1692310877.2669408,0.1915736993443611,0.05566706547362996,0.007256877962373637,0.0,0.0,0.0
1692310877.3761754,0.19424233723130652,0.055852851785785876,0.008233822891354856,0.0,0.0,0.0
1692310877.5811086,0.197548087729159,0.05611804190132692,0.009295056766042729,0.0,0.0,0.0
1692310877.8253815,0.20050456829423557,0.05651398874417868,0.010088085859169682,0.0,0.0,0.0
1692310878.0184064,0.2038017383512139,0.0570761140564084,0.010465997534736992,0.0,0.0,0.0
1692310878.2137375,0.20810550534222896,0.05782657225163198,0.010444519232848667,0.0,0.0,0.0
1692310878.326748,0.21203082652202396,0.05873536647058107,0.009798418149163424,0.0,0.0,0.0
1692310878.4161947,0.2163515415006371,0.059728588908889324,0.009059132502876426,0.0,0.0,0.0
1692310878.5078104,0.21966581618062433,0.06072697122799491,0.008387516918472884,0.0,0.0,0.0
1692310878.6894674,0.2220358121106366,0.06169401957502046,0.007574618559997073,0.0,0.0,0.0
1692310878.7906446,0.22404550253371952,0.0626121839345443,0.0065944730072649005,0.0,0.0,0.0
1692310879.0258756,0.22692154223244757,0.06352088324553405,0.005788474117712157,0.0,0.0,0.0
1692310879.2589874,0.23155436838411297,0.06450922751026988,0.005146396813649666,0.0,0.0,0.0
1692310879.4575012,0.23343075458615525,0.06541848031769129,0.004829395381818702,0.0,0.0,0.0
1692310879.7060626,0.2337515152857138,0.06617786734469433,0.004812905469461294,0.0,0.0,0.0
1692310879.8864512,0.23544677434932584,0.06688631423871634,0.004926603047654296,0.0,0.0,0.0
1692310880.0271702,0.23697509560987737,0.06754358184770456,0.005138520581294912,0.0,0.0,0.0
1692310880.2078831,0.23753370369941157,0.06811966089134965,0.0053095074492374396,0.0,0.0,0.0
1692310880.346858,0.23936998764992565,0.06868717238837732,0.005505160107871836,0.0,0.0,0.0
1692310880.6250777,0.23707889053836306,0.06899978903922549,0.006079355776956364,0.0,0.0,0.0
1692310880.8122697,0.2354566433961917,0.06905176790907246,0.007339012096808135,0.0,0.0,0.0
1692310880.959718,0.23505941079569675,0.06903182366118145,0.008596568144824523,0.0,0.0,0.0
1692310881.1477385,0.23346586023000224,0.06888003971157296,0.00987864789716068,0.0,0.0,0.0
1692310881.3345284,0.232481236091967,0.06873150595154565,0.010824425733249682,0.0,0.0,0.0
1692310881.4656613,0.23235428710512437,0.0686951425700384,0.011160800699456462,0.0,0.0,0.0
1692310881.6083844,0.23787674465268344,0.06900946029062356,0.011060580884861447,0.0,0.0,0.0
1692310881.7484953,0.23907886281215796,0.06938161118522196,0.010605122014666603,0.0,0.0,0.0
1692310881.862995,0.2384866546174495,0.06971752899663936,0.009614790706019392,0.0,0.0,0.0
1692310881.9496899,0.23843150792030504,0.07000896287082635,0.008525292598216879,0.0,0.0,0.0
1692310882.0532026,0.2380060254468242,0.07023213820825303,0.007575692551387804,0.0,0.0,0.0
1692310882.1690438,0.2417931950111888,0.07061180110386088,0.006672519466063131,0.0,0.0,0.0
1692310882.31733,0.24428285785914702,0.07105547344944696,0.005816602594588492,0.0,0.0,0.0
1692310882.4171343,0.24386904313421917,0.0714022850738501,0.0051863655650757,0.0,0.0,0.0
1692310882.5430777,0.2431288101957184,0.07165283543850029,0.004703197575722367,0.0,0.0,0.0
1692310882.6614947,0.24307898177544943,0.07185251514557142,0.0044705820626352345,0.0,0.0,0.0
1692310882.7751212,0.24126195106624349,0.07191495319656865,0.004507425632503155,0.0,0.0,0.0
1692310882.9083483,0.24260072886191908,0.07202251466155535,0.004701545190066842,0.0,0.0,0.0
1692310883.0339024,0.24150660650914613,0.07202534795723727,0.0052056762213552425,0.0,0.0,0.0
1692310883.1641285,0.24059782030660093,0.07193663385336505,0.005993318260602768,0.0,0.0,0.0
1692310883.338745,0.24050134930666278,0.07185627581926599,0.006660762103804211,0.0,0.0,0.0
1692310883.447938,0.2417199380225466,0.07181101616510935,0.007482431447733663,0.0,0.0,0.0
1692310883.6120403,0.24079619517822776,0.07174297558664583,0.008062109101829211,0.0,0.0,0.0
1692310883.7532256,0.24224647943872607,0.07175041178400852,0.0086055425772141,0.0,0.0,0.0
1692310883.865631,0.2430789319484999,0.07180256865891618,0.009034235403930321,0.0,0.0,0.0
1692310884.0042603,0.2437673089873948,0.07186980347184954,0.009461840946380126,0.0,0.0,0.0
1692310884.1126902,0.24502312538403614,0.07200414738955806,0.009724186687361773,0.0,0.0,0.0
1692310884.2411394,0.24604441511397926,0.0721574399057247,0.010010037449453541,0.0,0.0,0.0
1692310884.3439806,0.24747660810375566,0.07239578675256562,0.009985808293305122,0.0,0.0,0.0
1692310884.4290624,0.24705002938494608,0.07261902097319078,0.009574016429153722,0.0,0.0,0.0
1692310884.51685,0.2473475128171082,0.0728209537095317,0.009221162773498978,0.0,0.0,0.0
1692310884.6171796,0.248651835504763,0.07307841352297342,0.008664907493097696,0.0,0.0,0.0
1692310884.7182748,0.24792004940016438,0.07327192281637272,0.007976512606085862,0.0,0.0,0.0
1692310884.8500638,0.24676397802009314,0.07339018409327444,0.0070947191976977065,0.0,0.0,0.0
1692310884.9803548,0.24544714490670141,0.07342968595049204,0.006084483499132746,0.0,0.0,0.0
1692310885.1258264,0.24549508944239926,0.07346576971612769,0.005175054741807006,0.0,0.0,0.0
1692310885.2813256,0.24433917003124406,0.0734383099120115,0.004351826393477131,0.0,0.0,0.0
1692310885.4905138,0.2433422603813039,0.07335568665004952,0.00313453209758492,0.0,0.0,0.0
1692310885.7066808,0.24193826152973927,0.07321680550959893,0.002129036773311593,0.0,0.0,0.0
1692310885.8640032,0.24108208730291147,0.07306170096550821,0.0013893355002040858,0.0,0.0,0.0
1692310886.0136118,0.2381463251296792,0.07279087120112565,0.0010321472166446315,0.0,0.0,0.0
1692310886.214216,0.2382070995545788,0.07256687530946083,0.0010834430888085427,0.0,0.0,0.0
1692310886.348359,0.23880162004480082,0.07240063973195024,0.0014276001819147096,0.0,0.0,0.0
1692310886.505334,0.23908211876232754,0.07226483777568543,0.0019296572304630384,0.0,0.0,0.0
1692310886.659144,0.23972904129280834,0.07217347518354925,0.00250462525025556,0.0,0.0,0.0
1692310886.8429143,0.23981747896147404,0.07208002337658798,0.003238165960009101,0.0,0.0,0.0
1692310887.0465543,0.24048922660887548,0.07199274617910989,0.004234280994207441,0.0,0.0,0.0
1692310887.2306197,0.23969346576079664,0.07186165790293127,0.005198969769233938,0.0,0.0,0.0
1692310887.446863,0.23871147279299554,0.07167630255398108,0.0061804169732861385,0.0,0.0,0.0
1692310887.615845,0.2379764541378679,0.07150065830073826,0.006892822894802885,0.0,0.0,0.0
1692310887.7544746,0.2404828115316966,0.07150067655691764,0.007348038103458259,0.0,0.0,0.0
1692310887.9123755,0.23932009893273212,0.07148338338421614,0.007383069801730167,0.0,0.0,0.0
1692310888.1560044,0.23994109961428084,0.07153531143634363,0.007018336931203282,0.0,0.0,0.0
1692310888.3546994,0.23892119290145228,0.07155884068171997,0.005870986708328107,0.0,0.0,0.0
1692310888.4917562,0.23672911285642512,0.0714448646556061,0.004139892672335797,0.0,0.0,0.0
1692310888.6237502,0.23570961481941227,0.07123819813141893,0.0020389738421917004,0.0,0.0,0.0
1692310888.745006,0.234347693528499,0.0709835598856902,0.00017945307487721184,0.0,0.0,0.0
1692310888.8718653,0.23567532801125796,0.0708049840682586,-0.0016088278174796165,0.0,0.0,0.0
1692310889.0613627,0.2384114093876043,0.07081249572898476,-0.0029754119291078504,0.0,0.0,0.0
1692310889.1802382,0.24153347784805587,0.07106935334029424,-0.0031434548001098416,0.0,0.0,0.0
1692310889.2734458,0.24636157455034202,0.07154256176518956,-0.0027695595789981498,0.0,0.0,0.0
1692310889.3641424,0.25270066374788225,0.07225525116128567,-0.0022946734282039156,0.0,0.0,0.0
1692310889.5251162,0.2562943756161706,0.07302161569169559,-0.0014768686854743137,0.0,0.0,0.0
1692310889.7035832,0.2607946934060952,0.07382908281074894,5.875806275119108e-05,0.0,0.0,0.0
1692310889.9143186,0.2681936212928374,0.07484178533916883,0.001638387943775157,0.0,0.0,0.0
1692310890.1069353,0.2722387896921566,0.07587460878936249,0.0030759019183096868,0.0,0.0,0.0
1692310890.322404,0.2751108246752354,0.07690755280575623,0.004036273167923449,0.0,0.0,0.0
1692310890.4589796,0.27713063394294923,0.07790961321291343,0.004397112451447515,0.0,0.0,0.0
1692310890.5673704,0.278407693221726,0.07883452860318557,0.004250919978577019,0.0,0.0,0.0
1692310890.6667564,0.27948787385077356,0.07967044186420341,0.003713545269772402,0.0,0.0,0.0
1692310890.7746444,0.27999300869323634,0.08039282807310469,0.003185084212898462,0.0,0.0,0.0
1692310890.8853045,0.28051063587785763,0.0810180073931577,0.0023725912420816822,0.0,0.0,0.0
1692310891.0293407,0.28016795676886863,0.0814944922584893,0.0010603363906458692,0.0,0.0,0.0
1692310891.2274077,0.27959815861865334,0.08179735519783914,-0.0007490034009029652,0.0,0.0,0.0
1692310891.3441155,0.2793164925317894,0.08199507588632282,-0.00256927433747302,0.0,0.0,0.0
1692310891.4579818,0.2798183348585005,0.0821904351104779,-0.004047575479787065,0.0,0.0,0.0
1692310891.6157298,0.2774995048530413,0.08221868617287399,-0.005399381321510077,0.0,0.0,0.0
1692310891.7191744,0.27735604887873505,0.08223871837420893,-0.006499752465622792,0.0,0.0,0.0
1692310891.8148608,0.278416795887086,0.08230417298212811,-0.007450090083193129,0.0,0.0,0.0
1692310891.9370184,0.2776825712610193,0.0823653727321337,-0.00791920550851852,0.0,0.0,0.0
1692310892.0779135,0.2810341621674047,0.08262676334710745,-0.007931390376053019,0.0,0.0,0.0
1692310892.1654968,0.28276369554685976,0.0829662529922426,-0.007501877796242705,0.0,0.0,0.0
1692310892.263042,0.2831538781502103,0.08327265884361394,-0.007077995643736773,0.0,0.0,0.0
1692310892.425652,0.2860467711744138,0.0836810986535885,-0.006572326844464739,0.0,0.0,0.0
1692310892.5616398,0.28423996237330285,0.08394598559927412,-0.0053245900494203495,0.0,0.0,0.0
1692310892.6453507,0.2804641718625799,0.08396933793750526,-0.003934702734969289,0.0,0.0,0.0
1692310892.7348073,0.27773546726792475,0.08384898519404607,-0.002699362370170698,0.0,0.0,0.0
1692310892.824974,0.27401053538281617,0.08353480615142368,-0.001210208755217578,0.0,0.0,0.0
1692310892.916002,0.2719189734528164,0.0831371735858171,0.0003756670905968218,0.0,0.0,0.0
1692310893.0238316,0.2708504242766397,0.08271611551531152,0.0020117202633582075,0.0,0.0,0.0
1692310893.119004,0.2681347313672201,0.08223989463689003,0.0032803866715799025,0.0,0.0,0.0
1692310893.2194338,0.26605045825805146,0.08172555646881333,0.004436834158090697,0.0,0.0,0.0
1692310893.3241205,0.26568431217262833,0.08127877639331006,0.005398918514775752,0.0,0.0,0.0
1692310893.4219263,0.26539539648508986,0.08087604137334499,0.006319749788720444,0.0,0.0,0.0
1692310893.545626,0.26690732096522335,0.08059888102684684,0.007214170904612226,0.0,0.0,0.0
1692310893.666613,0.26585959486407695,0.08034477913112002,0.007745704723963459,0.0,0.0,0.0
1692310893.9387329,0.26511863405262837,0.08015631768508608,0.0076411965287360075,0.0,0.0,0.0
1692310894.1525562,0.2637261671378014,0.0799691639847948,0.006967297485492418,0.0,0.0,0.0
1692310894.28464,0.2593682235893845,0.07959896894317704,0.005301956459640049,0.0,0.0,0.0
1692310894.4859924,0.2563685267981437,0.0791174793711085,0.003503048924712383,0.0,0.0,0.0
1692310894.70478,0.25443691403197877,0.07848146865092948,0.0008390232411037272,0.0,0.0,0.0
1692310894.8162944,0.2533589128656947,0.07777707292390859,-0.002004712611664431,0.0,0.0,0.0
1692310894.9514077,0.2522620520759013,0.07711240422068763,-0.004470613604633148,0.0,0.0,0.0
1692310895.0953233,0.25154501399911144,0.07654466149783043,-0.00642287426788959,0.0,0.0,0.0
1692310895.302394,0.25170635120638235,0.07615453308707619,-0.007683101376852136,0.0,0.0,0.0
1692310895.506049,0.2542254553071817,0.07607059216155776,-0.008015212231278412,0.0,0.0,0.0
1692310895.711769,0.26071301943998765,0.0763440852663592,-0.005193856640501994,0.0,0.0,0.0
1692310895.9063303,0.2679746588288433,0.07653231859836059,-0.0007402728808054951,0.0,0.0,0.0
1692310896.0424812,0.2738344928516492,0.07668484476216973,0.003959430353040268,0.0,0.0,0.0
1692310896.147347,0.27978608944332317,0.07693967930189984,0.008386347099954884,0.0,0.0,0.0
1692310896.2433758,0.285602763271755,0.0774263493079436,0.012172417380420844,0.0,0.0,0.0
1692310896.3603632,0.29190741698031997,0.0783161119947209,0.014923599410808265,0.0,0.0,0.0
1692310896.4604762,0.2954472930913905,0.07934580657549092,0.016908764299602114,0.0,0.0,0.0
1692310896.5573764,0.29997592964704506,0.08046936939241428,0.018471775225929524,0.0,0.0,0.0
1692310896.6496065,0.30555065266491177,0.0818494578418958,0.019227614082502557,0.0,0.0,0.0
1692310896.799062,0.309315430752552,0.0832248930416474,0.019733725689051834,0.0,0.0,0.0
1692310896.9325542,0.31048688158687743,0.08464005504499149,0.01916953936003055,0.0,0.0,0.0
1692310897.0387428,0.30640127708996084,0.08584230083641975,0.016613519424707228,0.0,0.0,0.0
1692310897.240914,0.30412614712600555,0.08673919411998028,0.014195189152575512,0.0,0.0,0.0
1692310897.3704963,0.29847338680148433,0.08704636504041646,0.009636862479160431,0.0,0.0,0.0
1692310897.4520233,0.2944438358043193,0.08702208948845581,0.0053819328808877576,0.0,0.0,0.0
1692310897.5588167,0.29388740924049284,0.08697643678099082,0.0018535367852875397,0.0,0.0,0.0
1692310897.6551454,0.2893134826143098,0.08672452918185014,-0.0009800021631289106,0.0,0.0,0.0
1692310897.7397232,0.2874648325538494,0.08648201110062907,-0.0029671647975667926,0.0,0.0,0.0
1692310897.8367953,0.2862740313674578,0.0862303389262041,-0.004550812442029675,0.0,0.0,0.0
1692310897.962391,0.2848490470473195,0.08596453813167493,-0.005758280129297168,0.0,0.0,0.0
1692310898.1765847,0.2833430546830547,0.0858039430512642,-0.004785660100657398,0.0,0.0,0.0
1692310898.3553462,0.282453795518653,0.08546876597165587,-0.001885347711334636,0.0,0.0,0.0
1692310898.530217,0.2781535249728399,0.08445413523719027,0.0027197316842439796,0.0,0.0,0.0
1692310898.656254,0.2738845015856045,0.08313036430554621,0.007260783986002647,0.0,0.0,0.0
1692310898.7683375,0.27106447277946266,0.08182464094757272,0.011171048878899508,0.0,0.0,0.0
1692310898.90733,0.27153010247394593,0.08077368932843124,0.014399842069452409,0.0,0.0,0.0
1692310899.1163776,0.27416202575569126,0.08012469366777666,0.016872920034766536,0.0,0.0,0.0
1692310899.2675123,0.2758636564612712,0.07987631409686255,0.018362411642302703,0.0,0.0,0.0
1692310899.3891335,0.27221453996807476,0.0797568997933028,0.018646573127141276,0.0,0.0,0.0
1692310899.5342734,0.26909065209300403,0.07969201771914688,0.017995716198704076,0.0,0.0,0.0
1692310899.7001374,0.2659657923302613,0.07954937177084598,0.017042531997265072,0.0,0.0,0.0
1692310899.8988602,0.2689105733812982,0.07969239159305967,0.015292432283888486,0.0,0.0,0.0
1692310900.0565364,0.26771091306119765,0.07978045786569743,0.01209145962155079,0.0,0.0,0.0
1692310900.1556704,0.2662759597238031,0.07971558698952941,0.008595688326367465,0.0,0.0,0.0
1692310900.2567062,0.26364189451753983,0.07949658539967609,0.005421356160527397,0.0,0.0,0.0
1692310900.3849106,0.26109124171173054,0.07905216040282378,0.001975036166541034,0.0,0.0,0.0
1692310900.491648,0.25899262399026646,0.07845812576246286,-0.0014225127453442693,0.0,0.0,0.0
1692310900.5843832,0.2574313942717805,0.0778683412265706,-0.004311045774879311,0.0,0.0,0.0
1692310900.6832907,0.25847868092360626,0.0772807293512206,-0.007269393548913565,0.0,0.0,0.0
1692310900.791988,0.25687155262307615,0.0765960894412379,-0.010087677481727501,0.0,0.0,0.0
1692310900.94025,0.25729342963597884,0.07612220180819339,-0.012202733054260187,0.0,0.0,0.0
1692310901.0585895,0.25891023858200435,0.07601934318380149,-0.013207337254849481,0.0,0.0,0.0
1692310901.172319,0.25890062107406336,0.07611095174052371,-0.013179221140094333,0.0,0.0,0.0
1692310901.2567825,0.2566573952310676,0.07621903556220923,-0.011990764459362778,0.0,0.0,0.0
1692310901.432459,0.25565367619795,0.07627341657432594,-0.010792782949894318,0.0,0.0,0.0
1692310901.6194224,0.2529880748076413,0.07613697528658422,-0.007627539221823308,0.0,0.0,0.0
1692310901.8202305,0.2517783794511272,0.07550126488324298,-0.00271929054865433,0.0,0.0,0.0
1692310902.022574,0.2543900464288583,0.07496119101899243,0.0018313565015881579,0.0,0.0,0.0
1692310902.1883845,0.2594465071138225,0.07493357593587717,0.0051216769413159335,0.0,0.0,0.0
1692310902.403729,0.2644662663979758,0.07533475197884057,0.007225539879271261,0.0,0.0,0.0
1692310902.5525055,0.26841755179597065,0.07598149522435162,0.00844178929252638,0.0,0.0,0.0
1692310902.6771297,0.26954535550324843,0.0767834233734876,0.007633104715312783,0.0,0.0,0.0
1692310902.8048246,0.26506931577092946,0.07723073088487903,0.005847415693163948,0.0,0.0,0.0
1692310902.9303918,0.25847482463756133,0.07713613124930233,0.002927506096332718,0.0,0.0,0.0
1692310903.0481088,0.2523678058602945,0.0766621725577328,7.888511028283657e-06,0.0,0.0,0.0
1692310903.223211,0.24479731272267014,0.07574493562680869,-0.0030187752068484646,0.0,0.0,0.0
1692310903.3458045,0.24134678202221665,0.07482723508183958,-0.005442243945408886,0.0,0.0,0.0
1692310903.4496725,0.2376302648729109,0.0739056421638591,-0.007320012922345212,0.0,0.0,0.0
1692310903.606334,0.2353287466685203,0.07311184859195893,-0.008471750798865585,0.0,0.0,0.0
1692310903.7622213,0.23105857649934847,0.07239942842701305,-0.008405161580269363,0.0,0.0,0.0
1692310903.9522495,0.22636838869310513,0.07156758978169056,-0.005638599746673498,0.0,0.0,0.0
1692310904.0824056,0.22188748909908332,0.07043838261637184,-0.002157321232780136,0.0,0.0,0.0
1692310904.2859962,0.2158108994987396,0.0690145215326513,0.0013652189795257366,0.0,0.0,0.0
1692310904.4641912,0.21128387412129182,0.06719591370511636,0.005359400113683106,0.0,0.0,0.0
1692310904.6148007,0.2083285497078654,0.06559182698003942,0.00851870884361641,0.0,0.0,0.0
1692310904.8074841,0.20638104875708857,0.06426884895438054,0.010858502894271933,0.0,0.0,0.0
1692310904.9662938,0.20231478284314955,0.06315229577231415,0.01224885216845989,0.0,0.0,0.0
1692310905.076535,0.19791770722340057,0.06209340188264969,0.013085523399242165,0.0,0.0,0.0
1692310905.1655557,0.193148016853076,0.06103660677232333,0.013529028900219321,0.0,0.0,0.0
1692310905.2733972,0.1878596357360392,0.05997883133869748,0.013533963231258656,0.0,0.0,0.0
1692310905.3624148,0.17906194239003861,0.05879223430972495,0.012858826074292238,0.0,0.0,0.0
1692310905.4590304,0.16969040216032624,0.05740337158718541,0.011815871295207682,0.0,0.0,0.0
1692310905.5523782,0.1583102667874201,0.05574741677185936,0.009964475637106543,0.0,0.0,0.0
1692310905.6357155,0.14713445526118765,0.05380896491567696,0.008268406766533759,0.0,0.0,0.0
1692310905.7886932,0.13680804144291883,0.051673831145182446,0.006680814917903825,0.0,0.0,0.0
1692310905.9553344,0.1262893696293511,0.04931541314871917,0.00472528641819469,0.0,0.0,0.0
1692310906.1374938,0.11805614503039996,0.04693612811504791,0.003108302680914236,0.0,0.0,0.0
1692310906.311311,0.11127294517454644,0.044594863324560925,0.0016616666334760516,0.0,0.0,0.0
1692310906.4684348,0.10478375292880189,0.04231672608399991,0.00046857358998195664,0.0,0.0,0.0
1692310906.5829284,0.099098382389918,0.04011643175699317,-0.0005923996471649547,0.0,0.0,0.0
1692310906.6677768,0.09368191875130262,0.03803298656573554,-0.0013426800560846694,0.0,0.0,0.0
1692310906.7577357,0.08894515341643353,0.03606794631752168,-0.00190342785719617,0.0,0.0,0.0
1692310906.8722417,0.08427763576552808,0.03421331710989026,-0.002256144420187286,0.0,0.0,0.0
1692310907.0393565,0.0799183941298143,0.03245748348732133,-0.0024853413487113023,0.0,0.0,0.0
1692310907.186582,0.07544288190950395,0.030786754147736125,-0.0025457008999258263,0.0,0.0,0.0
1692310907.3267393,0.07136278697954405,0.029199026868347085,-0.002513114011477931,0.0,0.0,0.0
1692310907.485202,0.06746120502926937,0.02768561211134037,-0.0024318237329842606,0.0,0.0,0.0
1692310907.6342216,0.06357164374968381,0.026234811915145404,-0.00230469349476416,0.0,0.0,0.0
1692310907.8029897,0.05991610994807913,0.024845261154153607,-0.0021662633249405023,0.0,0.0,0.0
1692310907.9571602,0.056221020341380705,0.023505270478782137,-0.0020099796105120175,0.0,0.0,0.0
1692310908.095742,0.04789821401710542,0.021979012578369893,-0.0017269906417054792,0.0,0.0,0.0
1692310908.1663673,0.040546697253312586,0.02033944884084607,-0.0014817251890889744,0.0,0.0,0.0
1692310908.2631185,0.03342295010868591,0.018617178475532774,-0.0012187264432005362,0.0,0.0,0.0
1692310908.3635688,0.02748886873721189,0.0168852426049307,-0.001002409427850764,0.0,0.0,0.0
1692310908.4475598,0.022082658187538136,0.01517169058226137,-0.0008237096874173167,0.0,0.0,0.0
1692310908.541555,0.017477518619257983,0.013513601293831163,-0.0006777135781009735,0.0,0.0,0.0
1692310908.643759,0.013145766515314494,0.011915411795946568,-0.0005592780241425313,0.0,0.0,0.0
1692310908.737139,0.009444024515976566,0.010398669636702879,-0.0004622365468270244,0.0,0.0,0.0
1692310908.8294497,0.006069166461249684,0.008966153751697249,-0.0003836274118053092,0.0,0.0,0.0
1692310908.9158611,0.002381324998141684,0.007588020288403281,-0.00031492406751841703,0.0,0.0,0.0
1692310908.9883564,-0.0017358607951706035,0.006234571285928073,-0.0002734761657112571,0.0,0.0,0.0
1692310909.1277769,-0.00537790843304191,0.004926163758618191,-0.0002621593901599842,0.0,0.0,0.0
1692310909.2745852,-0.008561647142511094,0.0036780797967137613,-0.00027324826744707265,0.0,0.0,0.0
1692310909.4169905,-0.011455170148286986,0.0024947379378114183,-0.0003016977638203174,0.0,0.0,0.0
1692310909.5511143,-0.013882126610887792,0.0013884534777630175,-0.0003411880181555393,0.0,0.0,0.0
1692310909.7163076,-0.015999522020140218,0.0003618634006568415,-0.00038883714466515556,0.0,0.0,0.0
1692310909.854085,-0.017788292032112987,-0.0005820642326471246,-0.00044077632639399195,0.0,0.0,0.0
1692310910.001789,-0.019294983027435014,-0.0014430556463374035,-0.0004949468347861288,0.0,0.0,0.0
1692310910.147777,-0.02055422241623429,-0.0022227975810922155,-0.0005483967475582288,0.0,0.0,0.0
1692310910.308726,-0.021599003037408044,-0.0029242026090913354,-0.000599871059432827,0.0,0.0,0.0
1692310910.4489763,-0.02246930529484581,-0.003551686441626901,-0.0006485583865957698,0.0,0.0,0.0
1692310910.6191506,-0.02316096581961143,-0.004108898318035921,-0.000692417844884447,0.0,0.0,0.0
1692310910.7560494,-0.023712138905711333,-0.0046004493392815754,-0.0007324361462047037,0.0,0.0,0.0
1692310910.9264147,-0.024137972299782824,-0.005030849508591648,-0.0007701638465516393,0.0,0.0,0.0
1692310911.0058482,-0.02441359746100738,-0.005403110830225407,-0.0008030389232504903,0.0,0.0,0.0
1692310911.09706,-0.02458906431322605,-0.005721955004155525,-0.0008313097988197127,0.0,0.0,0.0
1692310911.1799455,-0.02465195463420416,-0.005990742789133408,-0.0008547680118806628,0.0,0.0,0.0
1692310911.2722456,-0.024579417517021796,-0.006210983229987125,-0.0008742620174311642,0.0,0.0,0.0
1692310911.4524078,-0.024481507172691007,-0.006389530355971867,-0.0008902346036098435,0.0,0.0,0.0
1692310911.5990999,-0.024254152387298097,-0.006526833399133753,-0.0009030530679008575,0.0,0.0,0.0
1692310911.7385561,-0.022814860996468286,-0.006578582418243821,-0.0008066237858834342,0.0,0.0,0.0
1692310911.9041197,-0.020920095745420142,-0.00652795734344752,-0.0006862943763135622,0.0,0.0,0.0
1692310912.0419154,-0.019198732423641313,-0.00639950163127819,-0.0005882876033538627,0.0,0.0,0.0
1692310912.1829946,-0.017633284453719048,-0.006214044520627066,-0.0005072658842317677,0.0,0.0,0.0
1692310912.287736,-0.01611995542694046,-0.005983764191339478,-0.000437837726796268,0.0,0.0,0.0
1692310912.5103276,-0.014711693879930354,-0.005721414639634687,-0.00037783962814704375,0.0,0.0,0.0
1692310912.646916,-0.013406259114746062,-0.005437492742164964,-0.00032628563860832366,0.0,0.0,0.0
1692310912.7495441,-0.012186261621859814,-0.00513987876356563,-0.00028194719701905206,0.0,0.0,0.0
1692310912.842276,-0.01104113859057999,-0.004834607575773267,-0.00024381625369596536,0.0,0.0,0.0
1692310912.9395468,-0.01005597989968215,-0.004530966514956516,-0.00021126520514609147,0.0,0.0,0.0
1692310913.037669,-0.009164950528911276,-0.0042333985547933235,-0.00018344198702244366,0.0,0.0,0.0
1692310913.1243644,-0.008332702588029333,-0.003943838724948658,-0.00015931135795903454,0.0,0.0,0.0
1692310913.215885,-0.007619854222897792,-0.0036669272098123736,-0.00013857716320259505,0.0,0.0,0.0
1692310913.3141778,-0.006943756192291701,-0.0034023948763774376,-0.00012055446892141216,0.0,0.0,0.0
1692310913.4115796,-0.0062785751516155576,-0.0031487183614422273,-0.00010499094763930669,0.0,0.0,0.0
1692310913.503095,-0.0056538066630686815,-0.0029061089657700795,-9.152059455818885e-05,0.0,0.0,0.0
1692310913.651101,-0.005074443781860563,-0.0026749925616362867,-7.986130465086707e-05,0.0,0.0,0.0
1692310913.8377335,-0.004525008466982581,-0.002454948667913602,-6.975789589579934e-05,0.0,0.0,0.0
1692310914.0190675,-0.003476049601331166,-0.002219102182297792,-5.5459659741704666e-05,0.0,0.0,0.0
1692310914.1632876,-0.0025413885831872896,-0.001975817867283433,-4.40678414060459e-05,0.0,0.0,0.0
1692310914.28848,-0.00169424717455591,-0.0017307255578044164,-3.525131221069024e-05,0.0,0.0,0.0
1692310914.38796,-0.0009580828502919943,-0.0014896871950906886,-2.8536150580251443e-05,0.0,0.0,0.0
1692310914.520302,-0.00031434819886498334,-0.0012566559328630084,-2.3498823963037778e-05,0.0,0.0,0.0
1692310914.6297915,0.00024859779942689933,-0.0010343414474067053,-1.9786559174707565e-05,0.0,0.0,0.0
1692310914.705896,0.0007442576040427977,-0.0008243244786378112,-1.711435089422042e-05,0.0,0.0,0.0
1692310914.791355,0.001157142221287841,-0.0006286977972405093,-1.5239091551039516e-05,0.0,0.0,0.0
1692310914.9269378,0.0015163560360024657,-0.00044774609206153787,-1.3942942885094718e-05,0.0,0.0,0.0
1692310915.115353,0.0018079465669604017,-0.00028240648685759256,-1.309588725076583e-05,0.0,0.0,0.0
1692310915.2040975,0.002062299992819905,-0.00013193732253123078,-1.2606573227948785e-05,0.0,0.0,0.0
1692310915.3229768,0.0022703524596886654,3.825568442220701e-06,-1.2366853069225316e-05,0.0,0.0,0.0
1692310915.4306889,0.002443660164590343,0.0001255981393635222,-1.2276712275992376e-05,0.0,0.0,0.0
1692310915.5799239,0.0025880254827734405,0.00023426563292787232,-1.236847670762444e-05,0.0,0.0,0.0
1692310915.7540398,0.002712105729692194,0.0003310022752207511,-1.2483252704363686e-05,0.0,0.0,0.0
1692310915.921342,0.0028116406385032826,0.000416569367401448,-1.2695210366355184e-05,0.0,0.0,0.0
1692310916.0861704,0.002898377154415143,0.0004921920806734562,-1.2917735900657696e-05,0.0,0.0,0.0
1692310916.2523687,0.002970628672169723,0.0005588053721783679,-1.3146489045580261e-05,0.0,0.0,0.0
1692310916.406068,0.0030269986255698177,0.0006171172716410705,-1.3428287642503438e-05,0.0,0.0,0.0
1692310916.5739162,0.0030777787318883804,0.0006682346435316496,-1.3715835852790773e-05,0.0,0.0,0.0
1692310916.7364683,0.0031200785604517337,0.0007129351108532799,-1.3943371509869114e-05,0.0,0.0,0.0
1692310916.9179475,0.003155322691910788,0.0007519352464770213,-1.4213912093581866e-05,0.0,0.0,0.0
1692310917.0620923,0.0031846810534162263,0.0007858935354931901,-1.4431580988507966e-05,0.0,0.0,0.0
1692310917.152782,0.0032053126351498573,0.0008152142097071161,-1.4635003212043917e-05,0.0,0.0,0.0
1692310917.2690969,0.003222498742733972,0.000840499241281396,-1.4818466856157116e-05,0.0,0.0,0.0
1692310917.3773868,0.0032406387037519015,0.000862470377395094,-1.4985275930326671e-05,0.0,0.0,0.0
1692310917.4602857,0.0032519253578794562,0.0008813375106788774,-1.514627930657256e-05,0.0,0.0,0.0
1692310917.5418515,0.0032651510741681087,0.0008977164524777542,-1.528510840784454e-05,0.0,0.0,0.0
1692310917.6279209,0.003276168095836556,0.0009119119903516655,-1.5409756079303198e-05,0.0,0.0,0.0
1692310917.6978297,0.003285345274886363,0.0009241960790019349,-1.555216382288508e-05,0.0,0.0,0.0
1692310917.7897565,0.0032929898650348433,0.0009348119474617138,-1.5660040354243133e-05,0.0,0.0,0.0
1692310917.8677263,0.0032993578086285462,0.0009439744479276133,-1.572502691171335e-05,0.0,0.0,0.0
1692310917.9525716,0.0033008383722417196,0.0009516809434638794,-1.5782449224010935e-05,0.0,0.0,0.0
1692310918.0410213,0.0033058956151318553,0.0009583533242342352,-1.58628650519991e-05,0.0,0.0,0.0
1692310918.1230867,0.0033101082984593475,0.0009641228857694585,-1.5906271447361428e-05,0.0,0.0,0.0
1692310918.210133,0.003313617463671149,0.0009691047165318217,-1.5945283396225294e-05,0.0,0.0,0.0
1692310918.2915158,0.0033165405982925884,0.0009734009907108297,-1.5981425608177846e-05,0.0,0.0,0.0
1692310918.3817637,0.0033113405645541416,0.0009767188330747493,-1.6035876897807e-05,0.0,0.0,0.0
1692310918.4953787,0.003303185438209515,0.0009790741748076925,-1.606868527078935e-05,0.0,0.0,0.0
1692310918.6073923,0.0032773032948124952,0.0009797397394229086,-1.6069497588608034e-05,0.0,0.0,0.0
1692310918.7019453,0.0032481076995262413,0.0009788323576234049,-1.60026814324538e-05,0.0,0.0,0.0
1692310918.7899542,0.0032047149265046217,0.0009759041849311163,-1.5825221121167158e-05,0.0,0.0,0.0
1692310918.961402,0.0031609444695766043,0.0009712719741915638,-1.5669419585946264e-05,0.0,0.0,0.0
1692310919.1597388,0.003124483678955538,0.0009655873182517587,-1.5483035405171705e-05,0.0,0.0,0.0
1692310919.28145,0.003094111840368199,0.0009593299514317156,-1.5342659439601103e-05,0.0,0.0,0.0
1692310919.3699844,0.0030688120988249736,0.0009528508169732812,-1.5166660469096066e-05,0.0,0.0,0.0
1692310919.4905353,0.00304773741411942,0.0009463973141217778,-1.5046400683100363e-05,0.0,0.0,0.0
1692310919.5910554,0.0030301822017597038,0.0009401426635210659,-1.4898959655832561e-05,0.0,0.0,0.0
1692310919.721519,0.0030155587098640506,0.0009341994294533178,-1.4800527110654398e-05,0.0,0.0,0.0
1692310919.8467388,0.0030033773411149898,0.0009286386965736977,-1.4696754492504745e-05,0.0,0.0,0.0
1692310919.9647946,0.0029894184571178915,0.0009233070441400341,-1.4618824151886555e-05,0.0,0.0,0.0
1692310920.112059,0.0029396766547664923,0.0009163772311588985,-1.4302890600638338e-05,0.0,0.0,0.0
1692310920.2951481,0.002871576907409838,0.0009071931142482289,-1.400020352960139e-05,0.0,0.0,0.0
1692310920.4478347,0.0027920109084357777,0.0008955581836318312,-1.3600252174233521e-05,0.0,0.0,0.0
1692310920.6106038,0.0027257324312904042,0.0008825460133055141,-1.32239811357919e-05,0.0,0.0,0.0
1692310920.7638576,0.002662909890107221,0.0008685594267956128,-1.2891379377159988e-05,0.0,0.0,0.0
1692310920.8704994,0.00260296705561023,0.0008539057044092233,-1.2576123383522784e-05,0.0,0.0,0.0
1692310920.956819,0.0025340053194994774,0.0008382429973626774,-1.2369374537757602e-05,0.0,0.0,0.0
