Time,linear.x,linear.y,linear.z,angular.x,angular.y,angular.z
1692310665.6691668,-0.0017464756107804622,-0.0005227845395005446,-1.8199206963477385e-05,0.0,0.0,0.0
1692310665.765432,-0.0017437927958847688,-0.0005227907299819138,-1.8197156117890654e-05,0.0,0.0,0.0
1692310665.8582246,-0.001745782451705168,-0.0005228955462207463,-1.8197818674520427e-05,0.0,0.0,0.0
1692310665.9591885,-0.001747439835003579,-0.0005230658160499861,-1.8202028113058268e-05,0.0,0.0,0.0
1692310666.0611427,-0.0017445959944744648,-0.0005230651967351127,-1.8202415004637e-05,0.0,0.0,0.0
1692310666.1656387,-0.0017464515152919174,-0.0005231575999849734,-1.8205574277481776e-05,0.0,0.0,0.0
1692310666.259296,-0.001743772723171093,-0.0005231005169060383,-1.8201488528717836e-05,0.0,0.0,0.0
1692310666.3604767,-0.0017457657312715622,-0.0005231526970237368,-1.8203253242889012e-05,0.0,0.0,0.0
1692310666.4573865,-0.0017432014654242597,-0.0005230678097529983,-1.8199143063306935e-05,0.0,0.0,0.0
1692310666.5623317,-0.001741065431973457,-0.0005228902604070477,-1.8188767423604444e-05,0.0,0.0,0.0
1692310666.6663153,-0.0017435105582343721,-0.0005228646849485052,-1.8187364355576177e-05,0.0,0.0,0.0
1692310666.7610507,-0.0017413229056599214,-0.0005227338739561358,-1.8181565563706132e-05,0.0,0.0,0.0
1692310666.8613708,-0.0017395005918436788,-0.0005225336262593716,-1.8174694332314143e-05,0.0,0.0,0.0
1692310666.9622846,-0.0017422070489986217,-0.0005225023716520112,-1.8172528974883564e-05,0.0,0.0,0.0
1692310667.059007,-0.0017444615282279413,-0.0005225892391212004,-1.817403568471815e-05,0.0,0.0,0.0
1692310667.1607497,-0.0017421150651185005,-0.0005225440828543908,-1.8172070458656015e-05,0.0,0.0,0.0
1692310667.2586548,-0.0017443849039361018,-0.0005226200925954065,-1.817511356255556e-05,0.0,0.0,0.0
1692310667.3665104,-0.0017420512374939456,-0.0005225665843507929,-1.817296116733313e-05,0.0,0.0,0.0
1692310667.4650545,-0.0017443317358414028,-0.000522636182198686,-1.8175533813512478e-05,0.0,0.0,0.0
1692310667.5595644,-0.0017420069495657797,-0.0005225777622782241,-1.8173441955019094e-05,0.0,0.0,0.0
1692310667.6617446,-0.0017400704025982506,-0.00052243212236934,-1.8168722146850137e-05,0.0,0.0,0.0
1692310667.75986,-0.0017384572592393848,-0.0005222300209670765,-1.8162375612642297e-05,0.0,0.0,0.0
1692310667.8579252,-0.0017413379512880452,-0.0005222058589365877,-1.816345698401992e-05,0.0,0.0,0.0
1692310667.9645731,-0.0017395131276315592,-0.0005220943874435427,-1.8160493169333285e-05,0.0,0.0,0.0
1692310668.061926,-0.0017422174899923574,-0.0005221369889663184,-1.8161279229641485e-05,0.0,0.0,0.0
1692310668.1567001,-0.0017402457823630147,-0.0005220736844884223,-1.8160474895459927e-05,0.0,0.0,0.0
1692310668.256043,-0.0017428277896468945,-0.0005221502238550685,-1.816454263465919e-05,0.0,0.0,0.0
1692310668.36301,-0.0017407541606410443,-0.0005221102079527557,-1.8162801253739847e-05,0.0,0.0,0.0
1692310668.4641867,-0.0017432512704807202,-0.0005222019506321175,-1.8164367240400258e-05,0.0,0.0,0.0
1692310668.560807,-0.0017411069202269327,-0.0005221710033856354,-1.8161991243182497e-05,0.0,0.0,0.0
1692310668.6681237,-0.0017435451215086877,-0.0005222673203933272,-1.816379793073058e-05,0.0,0.0,0.0
1692310668.7593312,-0.001741351698954259,-0.0005222377369779155,-1.8161236317147414e-05,0.0,0.0,0.0
1692310668.8619003,-0.0017395245778808917,-0.0005221216144516083,-1.8155808219173128e-05,0.0,0.0,0.0
1692310668.9600248,-0.0017380025860268137,-0.0005219486551796351,-1.814931196345176e-05,0.0,0.0,0.0
1692310669.0611444,-0.0017409592094601856,-0.0005219525900546476,-1.8149836616314866e-05,0.0,0.0,0.0
1692310669.166068,-0.0017391976358942071,-0.0005218676626642799,-1.8147310551385383e-05,0.0,0.0,0.0
1692310669.2580938,-0.001737730244840049,-0.0005217234372555467,-1.8142910477207127e-05,0.0,0.0,0.0
1692310669.357145,-0.0017407323491831863,-0.0005217535451669091,-1.8146394992879895e-05,0.0,0.0,0.0
1692310669.4587646,-0.0017432331021010011,-0.0005219039455504238,-1.815053386866965e-05,0.0,0.0,0.0
1692310669.5615714,-0.001745316228768213,-0.0005221335191050607,-1.8157941232869025e-05,0.0,0.0,0.0
1692310669.662218,-0.0017428270298646025,-0.0005222001405594842,-1.815919610334842e-05,0.0,0.0,0.0
1692310669.7550406,-0.0017449779714850623,-0.000522363324322459,-1.8164245001705082e-05,0.0,0.0,0.0
1692310669.856292,-0.0017467697058548867,-0.0005225889727975276,-1.817143422312283e-05,0.0,0.0,0.0
1692310669.9604807,-0.0017482622205849414,-0.0005228516601990403,-1.8180240012572675e-05,0.0,0.0,0.0
1692310670.058088,-0.001749505485355123,-0.0005231326957126645,-1.81906897986753e-05,0.0,0.0,0.0
1692310670.156468,-0.0017463166813541776,-0.0005232071629095041,-1.81930604962396e-05,0.0,0.0,0.0
1692310670.2582264,-0.0017436604073904375,-0.000523136207069945,-1.819006747840999e-05,0.0,0.0,0.0
1692310670.3699572,-0.0017414477311786514,-0.0005229663112657529,-1.8183764192035558e-05,0.0,0.0,0.0
1692310670.4563704,-0.001739604571894243,-0.0005227325434034226,-1.8174100642294143e-05,0.0,0.0,0.0
1692310670.5576131,-0.00174229366633143,-0.0005226725250806939,-1.8168773993083065e-05,0.0,0.0,0.0
1692310670.658258,-0.0017403092369199145,-0.0005225231192595642,-1.8162341252655958e-05,0.0,0.0,0.0
1692310670.7601388,-0.0017386562067155176,-0.0005223159229438421,-1.8153370119488172e-05,0.0,0.0,0.0
1692310670.858942,-0.0017372792325552459,-0.0005220743169335814,-1.81454204575643e-05,0.0,0.0,0.0
1692310670.9601548,-0.0017403566571220527,-0.0005220271161705516,-1.8144984769857888e-05,0.0,0.0,0.0
1692310671.0571136,-0.0017429201517861934,-0.0005221162143733193,-1.814727458919415e-05,0.0,0.0,0.0
1692310671.1610098,-0.0017450555434061084,-0.0005222973803543569,-1.8152074457881008e-05,0.0,0.0,0.0
1692310671.261962,-0.0017426098803606214,-0.000522325783887669,-1.815336927729601e-05,0.0,0.0,0.0
1692310671.3613548,-0.0017405726430437401,-0.0005222474736155637,-1.81499362438725e-05,0.0,0.0,0.0
1692310671.4581363,-0.0017388756251712975,-0.0005220972303633393,-1.8145317606960544e-05,0.0,0.0,0.0
1692310671.5614383,-0.0017374620080006366,-0.0005219012113451878,-1.8141509376821675e-05,0.0,0.0,0.0
1692310671.6563337,-0.0017405089057655986,-0.0005218905082934285,-1.814296879191691e-05,0.0,0.0,0.0
1692310671.7664518,-0.0017388225305560669,-0.0005217971349960707,-1.8141860437029116e-05,0.0,0.0,0.0
1692310671.859945,-0.0017416422208660187,-0.0005218605166022279,-1.8146409594426968e-05,0.0,0.0,0.0
1692310671.9628155,-0.0017439910227230963,-0.0005220309107636223,-1.8154478448024288e-05,0.0,0.0,0.0
1692310672.060746,-0.0017459475742165821,-0.0005222707898263654,-1.8165275664818636e-05,0.0,0.0,0.0
1692310672.161746,-0.001747577380703755,-0.0005225521668583139,-1.8178434797520468e-05,0.0,0.0,0.0
1692310672.2634041,-0.0017489350097984828,-0.0005228545448521529,-1.8191335211147084e-05,0.0,0.0,0.0
1692310672.3615897,-0.0017458414769944233,-0.0005229515462645387,-1.819632404292343e-05,0.0,0.0,0.0
1692310672.4608145,-0.0017474890025476165,-0.0005231148464084493,-1.820315301154443e-05,0.0,0.0,0.0
1692310672.5602343,-0.0017446369553577653,-0.0005231079749892652,-1.820672397763662e-05,0.0,0.0,0.0
1692310672.6598935,-0.0017464856357847062,-0.0005231948519449462,-1.8211829205777358e-05,0.0,0.0,0.0
1692310672.7620962,-0.0017480255857077011,-0.0005233442804795247,-1.822005073961623e-05,0.0,0.0,0.0
1692310672.8625548,-0.0017450839279412754,-0.0005233215081459298,-1.8220579726619725e-05,0.0,0.0,0.0
1692310672.9648788,-0.0017426335270218332,-0.0005231798002710876,-1.8218120057247348e-05,0.0,0.0,0.0
1692310673.0640242,-0.0017448167779617438,-0.0005231711827549355,-1.8216704126180362e-05,0.0,0.0,0.0
1692310673.163072,-0.00174663542553271,-0.000523255015904389,-1.8220060130849476e-05,0.0,0.0,0.0
1692310673.257247,-0.0017481503588480806,-0.0005234006956443545,-1.8225653744106798e-05,0.0,0.0,0.0
1692310673.3602095,-0.0017451878621369452,-0.0005233737338511456,-1.8224626412632106e-05,0.0,0.0,0.0
1692310673.460921,-0.0017427201023765787,-0.0005232277140728789,-1.8219489020632144e-05,0.0,0.0,0.0
1692310673.568522,-0.0017448888943253644,-0.0005232146368869526,-1.8219949106860313e-05,0.0,0.0,0.0
1692310673.6606128,-0.0017466954971459908,-0.0005232941632121316,-1.8224525759070483e-05,0.0,0.0,0.0
1692310673.7636032,-0.0017439759612785748,-0.0005232243027235568,-1.8221865487698772e-05,0.0,0.0,0.0
1692310673.861263,-0.0017459350234816963,-0.0005232641407706018,-1.8224722474050834e-05,0.0,0.0,0.0
1692310673.9632144,-0.0017475669213472406,-0.0005233789860105205,-1.8231336736638135e-05,0.0,0.0,0.0
1692310674.0600548,-0.0017489262921237592,-0.0005235427632535679,-1.823784106952309e-05,0.0,0.0,0.0
1692310674.158844,-0.0017500586476811664,-0.0005237358710164827,-1.8245673411679673e-05,0.0,0.0,0.0
1692310674.2619367,-0.0017510019005534925,-0.0005239439937728594,-1.82528192639199e-05,0.0,0.0,0.0
1692310674.3563344,-0.0017517876303244791,-0.0005241567387374036,-1.825906528385296e-05,0.0,0.0,0.0
1692310674.45925,-0.0017482177069590185,-0.0005241552333767001,-1.825738610814918e-05,0.0,0.0,0.0
1692310674.5595841,-0.0017494683975393746,-0.0005242165592467806,-1.8259368520748716e-05,0.0,0.0,0.0
1692310674.657872,-0.0017505102227928296,-0.0005243197769366039,-1.8263714410319166e-05,0.0,0.0,0.0
1692310674.7570853,-0.001751378063160524,-0.0005244492060679948,-1.8268952974891577e-05,0.0,0.0,0.0
1692310674.8558967,-0.0017521009744862462,-0.0005245932320966844,-1.8274128097191943e-05,0.0,0.0,0.0
1692310674.9576824,-0.0017527031592612626,-0.0005247433248692706,-1.8280409976922743e-05,0.0,0.0,0.0
1692310675.0550551,-0.001753204779178833,-0.0005248935132694212,-1.828522040542534e-05,0.0,0.0,0.0
1692310675.1541896,-0.001753622628193746,-0.0005250395224282692,-1.8290511022171173e-05,0.0,0.0,0.0
1692310675.2624552,-0.0017497462602953065,-0.0005249670921553594,-1.828722676540463e-05,0.0,0.0,0.0
1692310675.3627977,-0.001746517245835888,-0.0005247451144455638,-1.8277932399304268e-05,0.0,0.0,0.0
1692310675.4614964,-0.0017480519142109626,-0.0005246370240877926,-1.827353328310019e-05,0.0,0.0,0.0
1692310675.5624192,-0.001749330292916079,-0.0005246109902457992,-1.8272170977433848e-05,0.0,0.0,0.0
1692310675.6612234,-0.0017503951823774318,-0.0005246426336090082,-1.8272579601311414e-05,0.0,0.0,0.0
1692310675.7623246,-0.0017470577981612415,-0.000524501902844573,-1.8266757042633843e-05,0.0,0.0,0.0
1692310675.8624265,-0.0017485021939899743,-0.0005244569690845828,-1.8265155491624776e-05,0.0,0.0,0.0
1692310675.9662573,-0.0017454809385693292,-0.0005242683092460195,-1.8257313273611084e-05,0.0,0.0,0.0
1692310676.0657237,-0.0017429642328039504,-0.0005239851724949446,-1.8245603342086082e-05,0.0,0.0,0.0
1692310676.1574066,-0.0017450922549970252,-0.0005238557166217644,-1.824393187737641e-05,0.0,0.0,0.0
1692310676.2578702,-0.001746864897483875,-0.0005238366851505755,-1.8244204528362427e-05,0.0,0.0,0.0
1692310676.3561938,-0.0017483415087438455,-0.000523894768945132,-1.824690289810381e-05,0.0,0.0,0.0
1692310676.45876,-0.0017495715259234195,-0.0005240047192396831,-1.8251870402755484e-05,0.0,0.0,0.0
1692310676.5603833,-0.0017505961299174588,-0.0005241475933437014,-1.8258255583568944e-05,0.0,0.0,0.0
1692310676.6567383,-0.0017472251903870872,-0.000524097852023805,-1.8256941652622023e-05,0.0,0.0,0.0
1692310676.7572808,-0.0017486416322103277,-0.0005241273334745249,-1.825845394843361e-05,0.0,0.0,0.0
1692310676.855863,-0.001749821527975333,-0.0005242109619048735,-1.8261959989566983e-05,0.0,0.0,0.0
1692310676.9572027,-0.0017465799464048055,-0.0005241183138386307,-1.825939190886778e-05,0.0,0.0,0.0
1692310677.0564542,-0.0017438797092473395,-0.0005239059236616676,-1.825295803309807e-05,0.0,0.0,0.0
1692310677.1586473,-0.0017416304107971876,-0.0005236164267920275,-1.824236411744735e-05,0.0,0.0,0.0
1692310677.2549162,-0.0017439811800162384,-0.0005234928829923861,-1.8240367012931827e-05,0.0,0.0,0.0
1692310677.363812,-0.0017417149379233244,-0.0005232765584958867,-1.8233104169063637e-05,0.0,0.0,0.0
1692310677.4557095,-0.0017440515929004795,-0.000523213353406149,-1.823119387625598e-05,0.0,0.0,0.0
1692310677.5565302,-0.0017459980264964315,-0.0005232580582742307,-1.8235937559972662e-05,0.0,0.0,0.0
1692310677.6576064,-0.0017433949743341022,-0.0005231650570443047,-1.8232667908447927e-05,0.0,0.0,0.0
1692310677.7557852,-0.0017412266310190697,-0.0005229790631059995,-1.822489280536388e-05,0.0,0.0,0.0
1692310677.8555975,-0.0017394204010376473,-0.0005227336465871679,-1.8216594598138937e-05,0.0,0.0,0.0
1692310677.955837,-0.0017421402448553561,-0.000522665375088147,-1.821503180885109e-05,0.0,0.0,0.0
1692310678.0565388,-0.0017444058747555355,-0.000522721986544577,-1.8216466083912892e-05,0.0,0.0,0.0
1692310678.1564262,-0.0017462931444623571,-0.0005228636336691058,-1.8221099348580964e-05,0.0,0.0,0.0
1692310678.2545753,-0.0017478652400853938,-0.0005230603079448963,-1.822861978491891e-05,0.0,0.0,0.0
1692310678.3585052,-0.0017449503595162036,-0.0005230783093823886,-1.822639127699594e-05,0.0,0.0,0.0
1692310678.4583952,-0.0017467467004990017,-0.0005231831966550642,-1.822910532099864e-05,0.0,0.0,0.0
1692310678.5556688,-0.0017440186158611257,-0.0005231340254005078,-1.8225119403347963e-05,0.0,0.0,0.0
1692310678.6604795,-0.001741746121357766,-0.0005229793398883413,-1.821619498451589e-05,0.0,0.0,0.0
1692310678.7610192,-0.0017440775715760626,-0.0005229671406865019,-1.821515481918501e-05,0.0,0.0,0.0
1692310678.858312,-0.0017460196696078944,-0.0005230542094802487,-1.8217945664631043e-05,0.0,0.0,0.0
1692310678.956247,-0.0017434130003005518,-0.0005229962398172641,-1.8215235802101014e-05,0.0,0.0,0.0
1692310679.0557241,-0.0017454660828818596,-0.0005230507605582667,-1.82162037370753e-05,0.0,0.0,0.0
1692310679.1585405,-0.001747176300672052,-0.00052318179074288,-1.8220439944207514e-05,0.0,0.0,0.0
1692310679.2556605,-0.0017443764750204205,-0.0005231507812336778,-1.8218264441527958e-05,0.0,0.0,0.0
1692310679.356816,-0.0017420442196710258,-0.0005230082514136431,-1.821019296792238e-05,0.0,0.0,0.0
1692310679.455446,-0.0017443258907135955,-0.000523003708000868,-1.8209130123442042e-05,0.0,0.0,0.0
1692310679.5584948,-0.0017462265224866987,-0.0005230950768353384,-1.8211859509613194e-05,0.0,0.0,0.0
1692310679.6633148,-0.0017435853106045128,-0.0005230389826654576,-1.8208374412008683e-05,0.0,0.0,0.0
1692310679.7631245,-0.0017413851789684891,-0.0005228821194403118,-1.8200973009908344e-05,0.0,0.0,0.0
1692310679.854214,-0.0017395524693157001,-0.000522659673964553,-1.8192051246499975e-05,0.0,0.0,0.0
1692310679.9598935,-0.001738025822174936,-0.0005223979503924724,-1.818160698912955e-05,0.0,0.0,0.0
1692310680.064557,-0.0017409785647437815,-0.0005223276756162337,-1.818098072592819e-05,0.0,0.0,0.0
1692310680.1648,-0.0017392137622579834,-0.0005221807964630107,-1.8176727789409993e-05,0.0,0.0,0.0
1692310680.260139,-0.001737743681787295,-0.0005219848252519805,-1.817103718816252e-05,0.0,0.0,0.0
1692310680.3609626,-0.0017407435413901902,-0.0005219717440758194,-1.8172649477337323e-05,0.0,0.0,0.0
1692310680.4627438,-0.001739017990079426,-0.0005218744548139767,-1.817083719938557e-05,0.0,0.0,0.0
1692310680.5650399,-0.001737580606718494,-0.0005217213984377855,-1.816811692840758e-05,0.0,0.0,0.0
1692310680.6639626,-0.0017363832663788749,-0.0005215340225210377,-1.8161740785648373e-05,0.0,0.0,0.0
1692310680.7639751,-0.0017396103173826826,-0.0005215394176422942,-1.8164870467564644e-05,0.0,0.0,0.0
1692310680.8605177,-0.001742298449902067,-0.0005216784561582627,-1.817358353481332e-05,0.0,0.0,0.0
1692310680.9586563,-0.0017403132317520861,-0.0005216949530261184,-1.8175172408276323e-05,0.0,0.0,0.0
1692310681.0565937,-0.0017386595450331612,-0.0005216258900486443,-1.8173766176382383e-05,0.0,0.0,0.0
1692310681.1608245,-0.0017372820241330997,-0.0005214993817972171,-1.8170388103767586e-05,0.0,0.0,0.0
1692310681.257941,-0.001736134549223404,-0.0005213365659541826,-1.816502255630615e-05,0.0,0.0,0.0
1692310681.3560994,-0.0017394031355045265,-0.0005213645378337705,-1.816795903452994e-05,0.0,0.0,0.0
1692310681.45815,0.005565107218666439,-0.0001556540524702519,-5.4201548738580405e-06,0.0,0.0,0.0
1692310681.5598257,0.011649764343690881,0.0004536390277565044,1.581966045541136e-05,0.0,0.0,0.0
1692310681.6585402,0.016718283728836204,0.0012149588376876848,4.2359022100039794e-05,0.0,0.0,0.0
1692310681.755754,0.020936135945457457,0.0020603221970555336,7.189012564409194e-05,0.0,0.0,0.0
1692310681.8576431,0.02445383127074721,0.002940640921277514,0.00010258655651597348,0.0,0.0,0.0
1692310681.9578657,0.030438262939852405,0.00397358225035754,0.0001386647448784458,0.0,0.0,0.0
1692310682.056936,0.03542751894976443,0.005083832793594814,0.0001774139144791837,0.0,0.0,0.0
1692310682.162788,0.04081850298280231,0.006278595968748308,0.00021909777305570188,0.0,0.0,0.0
1692310682.2590084,0.045309192682322884,0.007498680009616336,0.0002616775173621494,0.0,0.0,0.0
1692310682.3620205,0.050193159762025874,0.008759510082616878,0.00030675748285804934,0.0,0.0,0.0
1692310682.4611063,0.054240382546802315,0.010012436730711931,0.00035102105669329256,0.0,0.0,0.0
1692310682.557584,0.057552577535685136,0.01122201100812546,0.00039235234309505454,0.0,0.0,0.0
1692310682.659823,0.06216547909833601,0.012460623671442503,0.00043276053475735404,0.0,0.0,0.0
1692310682.7553177,0.06705871140521898,0.013737497620239252,0.0004717663041321537,0.0,0.0,0.0
1692310682.8633566,0.07190626524094226,0.015044002545235875,0.0005080083876963477,0.0,0.0,0.0
1692310682.96214,0.07533890887898342,0.01630439532594402,0.0005377050144429248,0.0,0.0,0.0
1692310683.0581791,0.0790904599862876,0.017542422436556494,0.000559473604176454,0.0,0.0,0.0
1692310683.1622653,0.08271968768797151,0.018755521579280704,0.0005802017875449175,0.0,0.0,0.0
1692310683.2632856,0.08581947022174036,0.019921599301449048,0.0005892588862681362,0.0,0.0,0.0
1692310683.366064,0.0888810394027027,0.021046503738594156,0.0005910997936920312,0.0,0.0,0.0
1692310683.4668012,0.09114397441625965,0.022097015445368882,0.0005896168775452814,0.0,0.0,0.0
1692310683.5555053,0.09247130363601634,0.02303867746663885,0.0005849032176195388,0.0,0.0,0.0
1692310683.6568894,0.09502428241716568,0.0239510413440034,0.0005794574192546616,0.0,0.0,0.0
1692310683.7554345,0.0967790268728193,0.024799073777586854,0.0005692587767553513,0.0,0.0,0.0
1692310683.8601258,0.0978520848123316,0.025559331566128145,0.0005562226649054316,0.0,0.0,0.0
1692310683.9607906,0.10083860633008429,0.02634226909260619,0.0005455032099217487,0.0,0.0,0.0
1692310684.06158,0.10304745223666115,0.027105166135033755,0.0005345012599232789,0.0,0.0,0.0
1692310684.16154,0.10456215417297231,0.027816585974358807,0.0005232808048866737,0.0,0.0,0.0
1692310684.2602305,0.10508009084562578,0.02843512884771878,0.0005153609108522129,0.0,0.0,0.0
1692310684.3580477,0.1074632775007591,0.029069830335207554,0.0005057024041792557,0.0,0.0,0.0
1692310684.4570706,0.10976084409551191,0.029713703989399688,0.0004941299875328351,0.0,0.0,0.0
1692310684.5615819,0.11205975771914914,0.030365233366499204,0.0004847100048044601,0.0,0.0,0.0
1692310684.664686,0.1137005793571386,0.030990181781405342,0.0004758895995585567,0.0,0.0,0.0
1692310684.7651484,0.1155846427285086,0.031605085781133115,0.0004744830244274499,0.0,0.0,0.0
1692310684.8702543,0.11779852355044958,0.032228303506142766,0.00046722534476122086,0.0,0.0,0.0
1692310684.965305,0.1194750766078114,0.03283149820282459,0.00045664098407398725,0.0,0.0,0.0
1692310685.0571926,0.12030196743619724,0.03337548373505153,0.000438771179819546,0.0,0.0,0.0
1692310685.164333,0.12045911653787533,0.03383646626121642,0.00042700237953119754,0.0,0.0,0.0
1692310685.2608917,0.1200490343759434,0.03419997937188079,0.0004109290279716295,0.0,0.0,0.0
1692310685.367173,0.12119035414152186,0.03455997614830771,0.0003966706587432986,0.0,0.0,0.0
1692310685.4601953,0.12161276244141103,0.03488099086435585,0.00038764359505587097,0.0,0.0,0.0
1692310685.5657365,0.12154620924459177,0.03514504724228255,0.00038163844267432776,0.0,0.0,0.0
1692310685.664574,0.12094989688724544,0.03533518635230829,0.00037045114619586373,0.0,0.0,0.0
1692310685.7631772,0.12224439610804097,0.035558582078725934,0.0003383647712564893,0.0,0.0,0.0
1692310685.8572748,0.12272253007677367,0.03576856198997467,0.0003226977878765026,0.0,0.0,0.0
1692310685.965442,0.12342092648719422,0.03597848439078747,0.0003067092250693803,0.0,0.0,0.0
1692310686.0636375,0.12342364001433419,0.03615351280532195,0.0002886755795202562,0.0,0.0,0.0
1692310686.165084,0.12417105678941534,0.036336729857936,0.0002784984859212865,0.0,0.0,0.0
1692310686.2577596,0.12418079554496977,0.036489841211924376,0.0002694227187597406,0.0,0.0,0.0
1692310686.3584335,0.12375373316282567,0.036596057580139146,0.0002472993239296551,0.0,0.0,0.0
1692310686.4621215,0.12282315310118697,0.03663794326525172,0.00021848714186854207,0.0,0.0,0.0
1692310686.5581598,0.1211689841284557,0.03658996438515972,0.00019213435487598662,0.0,0.0,0.0
1692310686.6551275,0.11917836138648161,0.03645027184511346,0.00016729098200884472,0.0,0.0,0.0
1692310686.76006,0.12026156601716642,0.03638818084312623,0.00014021294507441417,0.0,0.0,0.0
1692310686.8562498,0.12059763616555004,0.036353296075741094,0.00011550380636481077,0.0,0.0,0.0
1692310686.9550025,0.12146328012004588,0.03636760595709851,9.652686252854272e-05,0.0,0.0,0.0
1692310687.0603004,0.12161809708822288,0.03638727341713421,6.992890788137725e-05,0.0,0.0,0.0
1692310687.1532779,0.12116812313896509,0.036381107895070305,4.5292441502764455e-05,0.0,0.0,0.0
1692310687.260016,0.12232202509754678,0.036433792735644316,3.1087549858487134e-05,0.0,0.0,0.0
1692310687.3598118,0.12287322090120553,0.036505297692282695,2.5356214012373106e-05,0.0,0.0,0.0
1692310687.456487,0.12374684613932962,0.036608628927817057,1.7528231940698614e-05,0.0,0.0,0.0
1692310687.5598035,0.12341825666338394,0.036678224397503484,-3.8408422791100756e-07,0.0,0.0,0.0
1692310687.6552234,0.12451385386215223,0.03679108866968479,-1.4594450597120978e-05,0.0,0.0,0.0
1692310687.759409,0.12445027309860614,0.03688193257862377,-1.8238220027585917e-05,0.0,0.0,0.0
1692310687.856834,0.12477438989945287,0.03697382863985401,-3.0248809833750094e-05,0.0,0.0,0.0
1692310687.955607,0.12437702590902458,0.03703048689050353,-2.9321048932358415e-05,0.0,0.0,0.0
1692310688.060263,0.12508928758801885,0.03711336888637304,-2.456498731825471e-05,0.0,0.0,0.0
1692310688.1561735,0.12564339002901792,0.03721016936735513,-1.737869536462519e-05,0.0,0.0,0.0
1692310688.258612,0.12542912007299858,0.03728006840293362,-9.998157346375822e-06,0.0,0.0,0.0
1692310688.360007,0.12661123049604142,0.03739751654178958,-2.0717384227493267e-06,0.0,0.0,0.0
1692310688.4576037,0.12746865910999575,0.037538307652500214,4.910649851465133e-06,0.0,0.0,0.0
1692310688.5624123,0.12799632210427173,0.037682025166385434,7.383692400203485e-06,0.0,0.0,0.0
1692310688.6618469,0.12797620398632215,0.0378007347208373,5.255546128759176e-06,0.0,0.0,0.0
1692310688.7613683,0.12892062009952968,0.03794693453801913,7.0468060670519664e-06,0.0,0.0,0.0
1692310688.8605204,0.12890465282159616,0.03806791688807156,1.1762765411509829e-05,0.0,0.0,0.0
1692310688.953479,0.12943726993650545,0.03819537895872355,1.60701459000428e-05,0.0,0.0,0.0
1692310689.0547235,0.12995749995066477,0.03832762115230794,1.5253971382698134e-05,0.0,0.0,0.0
1692310689.163878,0.1298802292327993,0.0384339057258512,1.8031226457058103e-05,0.0,0.0,0.0
1692310689.2602227,0.13075083953478517,0.03856605974792818,1.1818389116445772e-05,0.0,0.0,0.0
1692310689.3608153,0.1315158037895962,0.03871446951341384,1.0435316732325901e-05,0.0,0.0,0.0
1692310689.453759,0.13154914928083178,0.03883976529394934,1.0273884154386721e-05,0.0,0.0,0.0
1692310689.5632274,0.1324131305753432,0.03898742229654569,9.240944498310312e-06,0.0,0.0,0.0
1692310689.6624184,0.13295394680611816,0.03913751384880422,2.996228251233334e-06,0.0,0.0,0.0
1692310689.7581606,0.13280000358738514,0.0392548244353405,-5.479805433276036e-06,0.0,0.0,0.0
1692310689.8543496,0.13354906322330978,0.039390047784658544,-2.427679110473231e-05,0.0,0.0,0.0
1692310689.953068,0.1344425666292557,0.03954742281268032,-4.855290705786525e-05,0.0,0.0,0.0
1692310690.05422,0.13428706664864393,0.03967077158195971,-5.400201104694427e-05,0.0,0.0,0.0
1692310690.1573544,0.13393773779735157,0.03975602200736042,-5.7344109530137115e-05,0.0,0.0,0.0
1692310690.2631652,0.13500729467141387,0.03988062093603872,-5.9887844372345634e-05,0.0,0.0,0.0
1692310690.3618343,0.13596223428027343,0.04003224145930818,-6.78620471804052e-05,0.0,0.0,0.0
1692310690.4592683,0.13611182081953876,0.04016604834162023,-6.8786930069633e-05,0.0,0.0,0.0
1692310690.560643,0.1375187328693688,0.040347999201072,-6.752234133747586e-05,0.0,0.0,0.0
1692310690.6643236,0.1387075425470648,0.0405591277987568,-6.313783951923872e-05,0.0,0.0,0.0
1692310690.7654264,0.13911028863098418,0.040755178916753926,-5.2611644184704e-05,0.0,0.0,0.0
1692310690.8584452,0.14027433388452742,0.04097680814937872,-4.429812153604881e-05,0.0,0.0,0.0
1692310690.9603138,0.1406361659101173,0.0411795490692954,-2.9363286755827674e-05,0.0,0.0,0.0
1692310691.0546632,0.14046839612323977,0.04134001764408434,-1.0738395537233105e-05,0.0,0.0,0.0
1692310691.166026,0.14174233013090232,0.041537514028293865,3.7841777318619457e-06,0.0,0.0,0.0
1692310691.2564175,0.1424809175959418,0.041739028321989696,1.7705394979358777e-05,0.0,0.0,0.0
1692310691.3601768,0.14418077845026483,0.041992047646637914,3.1723777367218246e-05,0.0,0.0,0.0
1692310691.4618871,0.1447090925412107,0.042229283715190094,4.236025019926584e-05,0.0,0.0,0.0
1692310691.5559468,0.146326483363396,0.04250793468716507,5.03437435323389e-05,0.0,0.0,0.0
1692310691.6577375,0.14718768688562212,0.04278319576317406,5.774444797377459e-05,0.0,0.0,0.0
1692310691.7598178,0.14852482642864379,0.043079423542483355,8.091054241061741e-05,0.0,0.0,0.0
1692310691.8599055,0.14957391695811778,0.04337875887033525,9.589430000936441e-05,0.0,0.0,0.0
1692310691.961683,0.1510338173919265,0.04370126370829172,0.00010344113711169574,0.0,0.0,0.0
1692310692.0622904,0.1519390052910085,0.04401522339348304,0.00011960410363169604,0.0,0.0,0.0
1692310692.1653128,0.1533697560351572,0.044348478545235284,0.00012011988635595054,0.0,0.0,0.0
1692310692.2562172,0.15437010635881016,0.044676193724817834,0.00012203919796985872,0.0,0.0,0.0
1692310692.3607094,0.15541683633380196,0.04500163298580385,0.00011925694111125564,0.0,0.0,0.0
1692310692.458612,0.15564846732277937,0.04528433972388171,0.00011103362842615258,0.0,0.0,0.0
1692310692.5588374,0.15645514314234102,0.04556024463894038,0.00010677914681744712,0.0,0.0,0.0
1692310692.6616962,0.1574309932724478,0.045838976539363877,8.859573738528436e-05,0.0,0.0,0.0
1692310692.7582784,0.1574862750733101,0.04607390365682967,5.3474188285257316e-05,0.0,0.0,0.0
1692310692.8550823,0.1583882980266912,0.046314718903569994,5.394740856593605e-06,0.0,0.0,0.0
1692310692.9593809,0.15935264882123137,0.04656354001421793,-5.037313457682392e-05,0.0,0.0,0.0
1692310693.063962,0.1593912841661468,0.0467725235302118,-0.00012274571399979067,0.0,0.0,0.0
1692310693.1562712,0.15868928050338368,0.04691140349259612,-0.00018603813136465664,0.0,0.0,0.0
1692310693.2559767,0.15969906547068077,0.047077677393883605,-0.00023934364556137995,0.0,0.0,0.0
1692310693.3577886,0.16123995830956117,0.047293386642531375,-0.00028373701302285547,0.0,0.0,0.0
1692310693.4595454,0.16171633224106932,0.04749717977400443,-0.00029321570172044216,0.0,0.0,0.0
1692310693.5609567,0.16334677873824893,0.04774867754964751,-0.0002932688934416913,0.0,0.0,0.0
1692310693.6610692,0.16425087913615927,0.048003477606560145,-0.0002922659955148023,0.0,0.0,0.0
1692310693.7604477,0.1653061256386799,0.04826854877343094,-0.0002988083134466745,0.0,0.0,0.0
1692310693.8607237,0.1671030798636569,0.048579329811737,-0.00031171706407595915,0.0,0.0,0.0
1692310693.96596,0.1680340147888,0.04888493033159049,-0.0003108349785816295,0.0,0.0,0.0
1692310694.058126,0.16918189220028285,0.049197057549978065,-0.00030055183693061886,0.0,0.0,0.0
1692310694.164258,0.16958713497313263,0.049477276429687383,-0.00030687601992999096,0.0,0.0,0.0
1692310694.2662895,0.17060639772451638,0.04976177031248562,-0.0003113261515655373,0.0,0.0,0.0
1692310694.3597198,0.17168046137902415,0.05005255267169732,-0.00031697128942802125,0.0,0.0,0.0
1692310694.465732,0.17211268837900612,0.05031624740594455,-0.0003444179584596614,0.0,0.0,0.0
1692310694.5568902,0.1727957878275186,0.05057007388673864,-0.0003731009071901526,0.0,0.0,0.0
1692310694.661335,0.17264426677438396,0.050773675279745224,-0.0004187727660211357,0.0,0.0,0.0
1692310694.7580125,0.17330082063232663,0.050976173785239595,-0.00045660471049259905,0.0,0.0,0.0
1692310694.8609726,0.1738881197550249,0.05117451620643379,-0.00046704423086126116,0.0,0.0,0.0
1692310694.9669273,0.17370168740154762,0.051330501997950126,-0.0004642043360754451,0.0,0.0,0.0
1692310695.070355,0.1743255669157478,0.05149183031439806,-0.0004441015614304993,0.0,0.0,0.0
1692310695.168918,0.17509416904509575,0.05166473346426374,-0.0004259849571969513,0.0,0.0,0.0
1692310695.2700062,0.17613128797513877,0.051860817111477615,-0.0003932084891885804,0.0,0.0,0.0
1692310695.3689635,0.17685794440006325,0.05206060277216752,-0.00035446339868255795,0.0,0.0,0.0
1692310695.4609516,0.17622166155965896,0.05219516206909919,-0.00031639746530466735,0.0,0.0,0.0
1692310695.5658436,0.17652904553943569,0.05232260107882959,-0.0002997640820291492,0.0,0.0,0.0
1692310695.6591175,0.17619808053994593,0.052412191619711605,-0.0002819544662242305,0.0,0.0,0.0
1692310695.7619088,0.17515381549502598,0.05243443392098214,-0.00028223771801561866,0.0,0.0,0.0
1692310695.8652854,0.1755515284363157,0.05247281937003648,-0.0002937699095001203,0.0,0.0,0.0
1692310695.96236,0.17507592374660289,0.052481016912950984,-0.00029521487877546946,0.0,0.0,0.0
1692310696.059596,0.17529109547811192,0.052498496486194285,-0.0003153476916926746,0.0,0.0,0.0
1692310696.1610928,0.17463436717960473,0.05248016813111367,-0.00033029499613261185,0.0,0.0,0.0
1692310696.2656128,0.17488848598893944,0.05247761468615968,-0.0003449968277496313,0.0,0.0,0.0
1692310696.3612864,0.17419227429421935,0.05244050940972294,-0.00036845310298187143,0.0,0.0,0.0
1692310696.4610872,0.1740654098324979,0.05240301596884567,-0.0004096768005712507,0.0,0.0,0.0
1692310696.565351,0.1739805258319117,0.05236744157173965,-0.0004513364090565418,0.0,0.0,0.0
1692310696.661665,0.17310868135212215,0.05229410792787688,-0.0004873904837302412,0.0,0.0,0.0
1692310696.762925,0.17308980637079965,0.05223217476897057,-0.0005093926272649688,0.0,0.0,0.0
1692310696.8621984,0.17308485332255846,0.05218052839431503,-0.0005101097608348923,0.0,0.0,0.0
1692310696.9677792,0.1723579884410767,0.052101105444035976,-0.0005090607336400398,0.0,0.0,0.0
1692310697.066695,0.1730576636960879,0.05207009501996842,-0.0004979263013927965,0.0,0.0,0.0
1692310697.1662285,0.17377958804818314,0.05208053445805042,-0.0004755377694956656,0.0,0.0,0.0
1692310697.2657592,0.17410804612312306,0.05210570585438465,-0.00045406730711411864,0.0,0.0,0.0
1692310697.3693702,0.17434919598097726,0.0521388847862303,-0.00041138931275094517,0.0,0.0,0.0
1692310697.4660344,0.17375930728145716,0.052136980983516615,-0.0003725842993282749,0.0,0.0,0.0
1692310697.5620098,0.17491916988415115,0.052193526756205276,-0.00033283545699153025,0.0,0.0,0.0
1692310697.6592867,0.17490340945137986,0.052239856644593685,-0.0002917276848339933,0.0,0.0,0.0
1692310697.7631009,0.17442843529767052,0.052254664708884804,-0.00024009926058935545,0.0,0.0,0.0
1692310697.8638992,0.17487241333528045,0.05228924209508064,-0.00019484950735147805,0.0,0.0,0.0
1692310697.9677258,0.17501395798168473,0.05232513573862326,-0.00016855114794326015,0.0,0.0,0.0
1692310698.067006,0.17536826129208852,0.05237277823706459,-0.00015347475661166315,0.0,0.0,0.0
1692310698.2056468,0.17494264187300407,0.052391135081485365,-0.00014435330461592613,0.0,0.0,0.0
1692310698.281064,0.17514110135984656,0.052416367223841256,-0.0001377594084102585,0.0,0.0,0.0
1692310698.3643255,0.17558467534642938,0.05245959775948233,-0.0001370959021863635,0.0,0.0,0.0
1692310698.4685037,0.17534988535339702,0.05248384252390277,-0.00013778841739377342,0.0,0.0,0.0
1692310698.5659938,0.17546082963025192,0.0525095534673969,-0.00015107054789714606,0.0,0.0,0.0
1692310698.6697047,0.1747478151746858,0.05249527515636002,-0.00015495976666634231,0.0,0.0,0.0
1692310698.7686794,0.17337397773822055,0.05241459184018092,-0.0001413397090627716,0.0,0.0,0.0
1692310698.864846,0.17435720434452326,0.05239663616672009,-0.00013380168672586675,0.0,0.0,0.0
1692310698.966452,0.17468724112031359,0.052398227289056964,-0.00010647490880657891,0.0,0.0,0.0
1692310699.0655792,0.17418307394392057,0.05237428029939847,-7.249352840454303e-05,0.0,0.0,0.0
1692310699.1676698,0.17405908538529666,0.052348038825050666,-1.9289815984137448e-05,0.0,0.0,0.0
1692310699.26768,0.17421337929179379,0.05233371140144122,5.5720973350826807e-05,0.0,0.0,0.0
1692310699.402185,0.17539465216050507,0.05238077652198187,0.00013798763268795295,0.0,0.0,0.0
1692310699.480908,0.17524413605205935,0.05241232967272899,0.0002165871963847178,0.0,0.0,0.0
1692310699.5662906,0.1757123703552734,0.05246179178506432,0.0003040776375605195,0.0,0.0,0.0
1692310699.667408,0.17590920184309772,0.05251228326196802,0.0004126231590762679,0.0,0.0,0.0
1692310699.7693174,0.1761199346985512,0.052564489346879614,0.0005244567575031913,0.0,0.0,0.0
1692310699.8630087,0.1762839827446896,0.05261639305139115,0.0006077961275088973,0.0,0.0,0.0
1692310699.963899,0.17635606616121965,0.05266305367453557,0.0006866342633288128,0.0,0.0,0.0
1692310700.06646,0.17666530480968834,0.052717389600592815,0.0007536971696387273,0.0,0.0,0.0
1692310700.167151,0.17624251488569684,0.052741477369923635,0.0008089672018480986,0.0,0.0,0.0
1692310700.2660537,0.17625995817591208,0.05276277370979471,0.0008366717818715963,0.0,0.0,0.0
1692310700.367998,0.17662901424832436,0.05279928544864902,0.0008438037583543635,0.0,0.0,0.0
1692310700.4669507,0.17568914960798077,0.0527832755429313,0.0008017877290200251,0.0,0.0,0.0
1692310700.570062,0.17585678473500663,0.052778611494137026,0.000738373857568894,0.0,0.0,0.0
1692310700.6672285,0.17632917182742505,0.05279856982881443,0.0006581480015845592,0.0,0.0,0.0
1692310700.7920883,0.17715370536998748,0.05285660220455404,0.0005594651121126765,0.0,0.0,0.0
1692310700.8620512,0.17690192353307332,0.05289227850554047,0.00043410929712273143,0.0,0.0,0.0
1692310700.9704516,0.1770216933789321,0.052927965642468225,0.0003218383947440631,0.0,0.0,0.0
1692310701.068915,0.1770518437574128,0.05295911157689153,0.00021139809533184684,0.0,0.0,0.0
1692310701.1692307,0.17554548059723224,0.052909376343850054,9.303971523828306e-05,0.0,0.0,0.0
1692310701.2712226,0.17562878716519653,0.05287212981518087,-4.585765107660995e-06,0.0,0.0,0.0
1692310701.3664606,0.17564008100858583,0.05284160219811654,-9.281065219911634e-05,0.0,0.0,0.0
1692310701.5035112,0.17617642653087745,0.05284317834942132,-0.0001519100978558863,0.0,0.0,0.0
1692310701.5664577,0.17655071482727316,0.05286340393473769,-0.00017881093915587563,0.0,0.0,0.0
1692310701.6703386,0.176259973033683,0.05286575642706405,-0.00018739729234339134,0.0,0.0,0.0
1692310701.8032436,0.1767848945652945,0.05289403835403136,-0.00018869412648848553,0.0,0.0,0.0
1692310701.866336,0.17551651120375056,0.05285411084335137,-0.00015954284725002148,0.0,0.0,0.0
1692310702.005001,0.17544686440488402,0.05281736222193263,-0.0001323482899582711,0.0,0.0,0.0
1692310702.060219,0.17541480884399674,0.05278511236137868,-8.642194724538011e-05,0.0,0.0,0.0
1692310702.1692204,0.17559139549282773,0.05276709004837657,-4.6315964431305074e-05,0.0,0.0,0.0
1692310702.2623878,0.17586419665591435,0.052765777234446525,-2.9168077316427643e-05,0.0,0.0,0.0
1692310702.394942,0.1754852736480953,0.05274570259944586,-1.8298095813315533e-05,0.0,0.0,0.0
1692310702.4683511,0.17513140870694116,0.052711250070609825,-7.107623756571718e-06,0.0,0.0,0.0
1692310702.5719817,0.1753163756300854,0.052691817558487966,-1.4478836004271905e-05,0.0,0.0,0.0
1692310702.670295,0.17487097878247632,0.05265332005679675,-1.1725321463240364e-05,0.0,0.0,0.0
1692310702.7833283,0.17515539252278978,0.052635499912880336,-5.88255823628171e-06,0.0,0.0,0.0
1692310702.869772,0.17448676366668273,0.0525871049388041,2.5640237380363083e-05,0.0,0.0,0.0
1692310702.971897,0.17466390771723844,0.05255567283685405,5.014637068699776e-05,0.0,0.0,0.0
1692310703.0717747,0.17470917569722708,0.05253175935342142,7.009423776674323e-05,0.0,0.0,0.0
1692310703.1710165,0.17465528567008748,0.05250913337888351,8.854768565964448e-05,0.0,0.0,0.0
1692310703.275324,0.17367133458582287,0.05244099413320757,0.00010261158780447511,0.0,0.0,0.0
1692310703.4096074,0.17338209241077185,0.05236964626216647,0.0001356102524906576,0.0,0.0,0.0
1692310703.5103238,0.17351786071655395,0.0523169166292964,0.00017803295623600277,0.0,0.0,0.0
1692310703.5716596,0.17234708946099495,0.05221424506235309,0.00022443728061621014,0.0,0.0,0.0
1692310703.6689763,0.17208210443095717,0.05211541054611027,0.00026672333208234986,0.0,0.0,0.0
1692310703.7718894,0.17176592441275185,0.052017272629042564,0.0002983571902912118,0.0,0.0,0.0
1692310703.8706496,0.17068168092073918,0.05188112095341817,0.00033321836581991026,0.0,0.0,0.0
1692310703.9705822,0.17076413421502273,0.05177187809574285,0.00035807581633399597,0.0,0.0,0.0
1692310704.069726,0.17083112566275457,0.05168416851435518,0.0003855853836206618,0.0,0.0,0.0
1692310704.1597326,0.17070044668337445,0.05160469506514948,0.0003939719701352677,0.0,0.0,0.0
1692310704.2956023,0.1707373590564878,0.05154039948995495,0.000393992384001833,0.0,0.0,0.0
1692310704.369115,0.1700017050205868,0.05145010789652922,0.000375307626501274,0.0,0.0,0.0
1692310704.4717703,0.16844646984355002,0.051297068902726464,0.0003383252567963529,0.0,0.0,0.0
1692310704.5713425,0.16838554627713356,0.05116654827694735,0.000302764532627768,0.0,0.0,0.0
1692310704.6778002,0.168286255178503,0.0510528685621572,0.00024092940541599399,0.0,0.0,0.0
1692310704.769498,0.16807019979759463,0.05094734203010576,0.00018507194215928516,0.0,0.0,0.0
1692310704.8577788,0.1670824963231812,0.05080991683420491,0.00012461916056647892,0.0,0.0,0.0
1692310704.965748,0.16716843040861867,0.05069968160397002,5.9447318737253925e-05,0.0,0.0,0.0
1692310705.0682142,0.1661743317937322,0.05055802026252463,-2.1175218041659367e-07,0.0,0.0,0.0
1692310705.222843,0.16446841616786426,0.05035454829610712,-4.993350643614049e-05,0.0,0.0,0.0
1692310705.2693923,0.1650832157560875,0.05021592605175591,-7.837614065453539e-05,0.0,0.0,0.0
1692310705.367444,0.16544533218862928,0.05011860230291891,-0.00010060458203036646,0.0,0.0,0.0
1692310705.4701066,0.16512219589861707,0.05002133821460872,-0.00012007540227589634,0.0,0.0,0.0
1692310705.5696929,0.16514643510013172,0.04994156413982355,-0.0001279082387465672,0.0,0.0,0.0
1692310705.6693993,0.16428516081316216,0.049831969229037494,-0.0001322899461245826,0.0,0.0,0.0
1692310705.8045118,0.1644933696349456,0.04975110412659076,-0.00013714569479236896,0.0,0.0,0.0
1692310705.867654,0.16477447034694048,0.049697823864998915,-0.00014205050542370442,0.0,0.0,0.0
1692310705.9675827,0.1644312425882022,0.04963619945979199,-0.00015748761647408895,0.0,0.0,0.0
1692310706.0690188,0.16529735460897138,0.049628233141859754,-0.00017548444702862075,0.0,0.0,0.0
1692310706.1660538,0.1645822734490989,0.04958574845383935,-0.00019451074963782112,0.0,0.0,0.0
1692310706.271455,0.16399356659053402,0.04952084099986643,-0.00021412079721180088,0.0,0.0,0.0
1692310706.3756688,0.1645182361646935,0.04949303188445494,-0.00023466520635023822,0.0,0.0,0.0
1692310706.4632058,0.16476427722714115,0.049482139830847136,-0.00025920636085131557,0.0,0.0,0.0
1692310706.5621982,0.1647561919530516,0.04947267075482229,-0.0002784609088530253,0.0,0.0,0.0
1692310706.6603165,0.16393487922763808,0.04942367437679322,-0.0002889602467475334,0.0,0.0,0.0
1692310706.7701173,0.16431225843707492,0.049401736752274925,-0.00030199214666325284,0.0,0.0,0.0
1692310706.8644106,0.16499519584875386,0.04941771570933405,-0.0003076521371962956,0.0,0.0,0.0
1692310706.968744,0.1643703751509075,0.0493997587597422,-0.00030667250047799945,0.0,0.0,0.0
1692310707.0679038,0.16443734552367217,0.04938817646989814,-0.0003023736087537802,0.0,0.0,0.0
1692310707.188687,0.163799316389341,0.049346608984335856,-0.00028983076381111243,0.0,0.0,0.0
1692310707.2701168,0.16408309175340416,0.04932624285818517,-0.0002687265117349728,0.0,0.0,0.0
1692310707.367229,0.16561330360633636,0.049385972635973996,-0.00023918657837221016,0.0,0.0,0.0
1692310707.514058,0.16591615421516664,0.049450914066704994,-0.00019646131552156364,0.0,0.0,0.0
1692310707.5709689,0.16589278090202877,0.04950381950406237,-0.00014531152426672982,0.0,0.0,0.0
1692310707.6783042,0.1657936196763401,0.04954292250448484,-0.00010305151563543603,0.0,0.0,0.0
1692310707.7650197,0.16598898684273666,0.04958516116874896,-3.732669712448746e-05,0.0,0.0,0.0
1692310707.8701527,0.16531786713440605,0.04958656317697004,3.954377793961743e-05,0.0,0.0,0.0
1692310707.9689207,0.1654703236432756,0.04959513761919282,0.00012692033835784143,0.0,0.0,0.0
1692310708.0679808,0.16569145764309104,0.04961297606134424,0.00022901401192445544,0.0,0.0,0.0
1692310708.1702182,0.16600218681103754,0.049643035804611324,0.00033683691854427517,0.0,0.0,0.0
1692310708.270167,0.16674846363352636,0.04970571135630567,0.0004121154318803246,0.0,0.0,0.0
1692310708.3695881,0.16752339379492756,0.04979702707201861,0.0004556801666564693,0.0,0.0,0.0
1692310708.4701211,0.167560839542178,0.04987518566829092,0.0004744393254822429,0.0,0.0,0.0
1692310708.5632467,0.16830210077252578,0.04997781668916932,0.0004452035729232089,0.0,0.0,0.0
1692310708.6650796,0.16866180342017906,0.050081465687989005,0.00038507479946552206,0.0,0.0,0.0
1692310708.7661374,0.16839981119860287,0.050154689861299326,0.00032595975450494676,0.0,0.0,0.0
1692310708.8591583,0.16838086991237367,0.0502143901818079,0.00019489429315798002,0.0,0.0,0.0
1692310708.9651263,0.16750525570863553,0.05021983345833647,4.8898070410121654e-05,0.0,0.0,0.0
1692310709.0664759,0.16595672115106244,0.05014674305300026,-7.531897259137555e-05,0.0,0.0,0.0
1692310709.1689425,0.1656635134477936,0.05007080022739703,-0.00020261711326031973,0.0,0.0,0.0
1692310709.303386,0.16533344381117077,0.04999113656523487,-0.00030038578885959165,0.0,0.0,0.0
1692310709.374668,0.164771037659658,0.049896226668079094,-0.00040328029908503604,0.0,0.0,0.0
1692310709.465495,0.16479220167908004,0.04981822373027537,-0.0004891796992363009,0.0,0.0,0.0
1692310709.5771444,0.16493527938428587,0.04976049042204701,-0.0005567070360695044,0.0,0.0,0.0
1692310709.6952813,0.16475742388286768,0.04970333147927398,-0.0006213011194885953,0.0,0.0,0.0
1692310709.8004777,0.16548157330841987,0.049691784099234006,-0.0006863072324795264,0.0,0.0,0.0
1692310709.9011123,0.1654593832651362,0.04968100224103526,-0.0007429406098247333,0.0,0.0,0.0
1692310709.9707377,0.16522621006078886,0.049660660570873066,-0.0007736626372250057,0.0,0.0,0.0
1692310710.0692096,0.16537425752476187,0.04965137935193933,-0.0007855394480044747,0.0,0.0,0.0
1692310710.1667712,0.16811961987785287,0.049781541136776644,-0.0007740699615182776,0.0,0.0,0.0
1692310710.2758381,0.16898479952172102,0.0499335090821909,-0.0007499607933251006,0.0,0.0,0.0
1692310710.3757281,0.16886215706306096,0.050054308667126374,-0.00069578049843222,0.0,0.0,0.0
1692310710.5040157,0.16818301224027457,0.050120976538767736,-0.0006420437178170208,0.0,0.0,0.0
1692310710.588082,0.1681152898136129,0.05017329126658055,-0.0005661361648138273,0.0,0.0,0.0
1692310710.669299,0.1673802208184121,0.05018007092833335,-0.0004939322932668678,0.0,0.0,0.0
1692310710.7710338,0.16788944069120704,0.05021125509868289,-0.00042058312337776583,0.0,0.0,0.0
1692310710.8671906,0.16751288149130808,0.050218370803296025,-0.00035132061493879993,0.0,0.0,0.0
1692310710.9623322,0.16756448846797456,0.050226883659507296,-0.0002914080071033437,0.0,0.0,0.0
1692310711.0639584,0.16678894361451768,0.0501951164247484,-0.00023483830002035162,0.0,0.0,0.0
1692310711.1613002,0.16695766132486922,0.050177108379887654,-0.00018923878022435915,0.0,0.0,0.0
1692310711.26869,0.16628899546993994,0.05012860783390606,-0.00015169310632569597,0.0,0.0,0.0
1692310711.368835,0.1664339776128245,0.050095471270465784,-0.00012164445903176456,0.0,0.0,0.0
1692310711.5148294,0.16649145082135905,0.05007074912164722,-0.00010281827074009123,0.0,0.0,0.0
1692310711.5796893,0.1663773274538015,0.05004443810880804,-8.51482293021509e-05,0.0,0.0,0.0
1692310711.670536,0.1655681997255614,0.04998198265324473,-6.66611780637265e-05,0.0,0.0,0.0
1692310711.7668984,0.1653662379952783,0.04991981315346426,-3.440863594815346e-05,0.0,0.0,0.0
1692310711.8688457,0.16580091586914292,0.049889765857020776,4.0429227573826735e-06,0.0,0.0,0.0
1692310711.9684343,0.1654703280149104,0.04984806880067407,5.639439250557393e-05,0.0,0.0,0.0
1692310712.0689163,0.16565275022363857,0.04982240328550156,0.00011019861116929848,0.0,0.0,0.0
1692310712.1637926,0.16598883944514098,0.04981777188872549,0.00016598114145674486,0.0,0.0,0.0
1692310712.2659166,0.16543183263086664,0.04978605415850403,0.00020695131408229135,0.0,0.0,0.0
1692310712.3701587,0.16550519059340946,0.04976338589509471,0.00023101812854063342,0.0,0.0,0.0
1692310712.4668489,0.16597433492494734,0.049768088963605586,0.00023815353822371945,0.0,0.0,0.0
1692310712.5677829,0.1677920799343059,0.04986318324991357,0.00021580782901519453,0.0,0.0,0.0
1692310712.6700397,0.168064163972419,0.0499560449165372,0.00017500757126309325,0.0,0.0,0.0
1692310712.768418,0.16950090326419961,0.050105325673533416,0.00011521924443579917,0.0,0.0,0.0
1692310712.8693762,0.16941551150847423,0.05022528594755113,4.266005043950108e-05,0.0,0.0,0.0
1692310712.9623067,0.16860895767693146,0.05028480570755081,-1.746398128032261e-05,0.0,0.0,0.0
1692310713.0691736,0.1717565009846202,0.050491693371870594,-0.0001118793532464032,0.0,0.0,0.0
1692310713.1663694,0.17269850822877353,0.05071077269237047,-0.00022494477012256555,0.0,0.0,0.0
1692310713.2658439,0.17266077422124168,0.05089106294776773,-0.0003382335865746315,0.0,0.0,0.0
1692310713.368626,0.1719524359237299,0.051005161123795,-0.0004632099598353038,0.0,0.0,0.0
1692310713.4549696,0.1714781305901839,0.05107573496058215,-0.0005979533548783085,0.0,0.0,0.0
1692310713.5626621,0.17118617726372315,0.051120007024532926,-0.0007054777810941367,0.0,0.0,0.0
1692310713.667134,0.17332864493638497,0.051263480939410126,-0.0008252220704238779,0.0,0.0,0.0
1692310713.796693,0.1737191868500156,0.05140241369635914,-0.0009305604585196689,0.0,0.0,0.0
1692310713.863138,0.17281976552332898,0.051473754315395776,-0.000992428390109473,0.0,0.0,0.0
1692310713.9645188,0.17223629315696629,0.05150421188793464,-0.001032880656031096,0.0,0.0,0.0
1692310714.0835056,0.17293773911875615,0.05156535438521734,-0.0010386913819205772,0.0,0.0,0.0
1692310714.1586113,0.17262502124683618,0.051601531815582594,-0.0009915080854484622,0.0,0.0,0.0
1692310714.2636912,0.17141438543290094,0.05157152787866906,-0.0009097227149448856,0.0,0.0,0.0
1692310714.369459,0.16971467995360318,0.05146162986543314,-0.0008096866459188945,0.0,0.0,0.0
1692310714.4708912,0.16957029386325556,0.05136288822566043,-0.0007198436319326846,0.0,0.0,0.0
1692310714.558593,0.1690981368205512,0.05125705564612944,-0.0006278195238947528,0.0,0.0,0.0
1692310714.665641,0.16828234349894533,0.051128033656785254,-0.0005486523539991508,0.0,0.0,0.0
1692310714.7695923,0.1677715241553072,0.05099494490757455,-0.0004889155635213233,0.0,0.0,0.0
1692310714.8685815,0.1661905874950202,0.050804883710932516,-0.00043720660196823957,0.0,0.0,0.0
1692310714.9686952,0.16541179668632056,0.05060754430205218,-0.00039434242037288364,0.0,0.0,0.0
1692310715.0580418,0.16505167345933666,0.05042511043475431,-0.0003607168069701839,0.0,0.0,0.0
1692310715.1875834,0.1639804279187877,0.05021949472670997,-0.00032665405162082215,0.0,0.0,0.0
1692310715.2677264,0.16292087228439384,0.04999514054674601,-0.0002957526782524857,0.0,0.0,0.0
1692310715.380468,0.16328638146850927,0.049826581399442835,-0.000263706839267968,0.0,0.0,0.0
1692310715.4562874,0.16300642309054963,0.04967213273104032,-0.00019703158957540826,0.0,0.0,0.0
1692310715.5633802,0.16241455941830069,0.04951373624625269,-0.00011998303255185126,0.0,0.0,0.0
1692310715.668223,0.16142697213835158,0.0493322794631308,-5.001498288434109e-05,0.0,0.0,0.0
1692310715.7558067,0.16001115452116152,0.04911014261412432,1.5670498780331772e-05,0.0,0.0,0.0
1692310715.867622,0.15860580836582566,0.04885460023075241,8.205137083609094e-05,0.0,0.0,0.0
1692310715.9618924,0.15867608300639274,0.04864524412779617,0.0001385107988696541,0.0,0.0,0.0
1692310716.0659204,0.1579693306768389,0.048435365975645905,0.0001935286078820882,0.0,0.0,0.0
1692310716.1679804,0.1563716001202865,0.04817998565223858,0.0002793854755172109,0.0,0.0,0.0
1692310716.2658484,0.15530678246338941,0.04791330764501945,0.0003850040248722409,0.0,0.0,0.0
1692310716.366328,0.15388438000838425,0.04761877881439166,0.0005214503141063149,0.0,0.0,0.0
1692310716.4687576,0.15351624176599676,0.04735478310856799,0.0006427471404713808,0.0,0.0,0.0
1692310716.5672288,0.15348522520648017,0.047132034226033466,0.0007867844842966059,0.0,0.0,0.0
1692310716.6615963,0.15314948596242037,0.04692617554863361,0.0009967727434664132,0.0,0.0,0.0
1692310716.7694204,0.1527983893811399,0.046737701597985515,0.0011576547817496495,0.0,0.0,0.0
1692310716.8677387,0.1517821922912107,0.046528858210934984,0.0013116273167952457,0.0,0.0,0.0
1692310716.9667752,0.1502134448356662,0.046277941974640226,0.0014002236551036657,0.0,0.0,0.0
1692310717.067921,0.150759299204089,0.046094848860578755,0.00150774324439594,0.0,0.0,0.0
1692310717.163707,0.15023048245040269,0.04591791955622143,0.0015471858281879136,0.0,0.0,0.0
1692310717.2678895,0.1492836545912237,0.045722631855207536,0.0015909664495150542,0.0,0.0,0.0
1692310717.3678377,0.1475064400614882,0.04546990716634291,0.0016495460705867409,0.0,0.0,0.0
1692310717.4628065,0.1476923677884556,0.04526828038221279,0.0017080249210868095,0.0,0.0,0.0
1692310717.5660644,0.1469310241284597,0.045062913767310704,0.0017393062011688734,0.0,0.0,0.0
1692310717.680207,0.1454967603172995,0.04482175873341592,0.0017197575444074258,0.0,0.0,0.0
1692310717.820038,0.14572842861948257,0.04463386113477362,0.0016636491131577459,0.0,0.0,0.0
1692310717.9075255,0.14674271357657126,0.04452837428320136,0.001610759477536304,0.0,0.0,0.0
1692310717.9681058,0.14658873570479256,0.0444333410639036,0.0015477869021097456,0.0,0.0,0.0
1692310718.0558972,0.14589326422263144,0.04432000039252508,0.0014696530866006247,0.0,0.0,0.0
1692310718.1550586,0.14472958533765629,0.04416763560588843,0.0013891930669413053,0.0,0.0,0.0
1692310718.2921264,0.1454738416460995,0.04407827013197741,0.0013103726913854085,0.0,0.0,0.0
1692310718.365873,0.1454097198099988,0.044000632098029874,0.0012439230002013822,0.0,0.0,0.0
1692310718.4651344,0.1445124736321656,0.043890971415771585,0.0011898131293729367,0.0,0.0,0.0
1692310718.5690672,0.144770864007823,0.04381256933144088,0.0011448813281038424,0.0,0.0,0.0
1692310718.6660593,0.14582790095321024,0.04380004073241662,0.0011161846838934784,0.0,0.0,0.0
1692310718.765226,0.1461837177877663,0.04380707271472951,0.001107867111547814,0.0,0.0,0.0
1692310718.8617687,0.14708556589206562,0.04385786543100893,0.0011114183683595832,0.0,0.0,0.0
1692310718.9568737,0.14686780258634258,0.043888817266248915,0.0011310011268419475,0.0,0.0,0.0
1692310719.0547843,0.1453900952068088,0.04383872185095582,0.0012039358734750242,0.0,0.0,0.0
1692310719.168273,0.14559073786591023,0.04380681792104801,0.0012711029063235252,0.0,0.0,0.0
1692310719.263207,0.14568585328734635,0.04378292021914601,0.0013788786607009862,0.0,0.0,0.0
1692310719.3635328,0.14591491555017133,0.04377429227376893,0.0014733722694810726,0.0,0.0,0.0
1692310719.4620445,0.1477980695708896,0.043860043709167615,0.0015846102890157534,0.0,0.0,0.0
1692310719.5650244,0.1486586337516125,0.04397538445450207,0.001661394859153871,0.0,0.0,0.0
1692310719.6626475,0.14875053797203255,0.044075363081620154,0.0017404900552729868,0.0,0.0,0.0
1692310719.8040848,0.14921934532451667,0.044180525127857355,0.0018390979266954184,0.0,0.0,0.0
1692310719.8635378,0.14910302265143294,0.04426338936777398,0.0018995535659529423,0.0,0.0,0.0
1692310719.9535651,0.14961175727449877,0.044357132329696874,0.0019658863896594623,0.0,0.0,0.0
1692310720.0626748,0.14950335636601672,0.044430915187880816,0.0019983679685895432,0.0,0.0,0.0
1692310720.168368,0.14959559625511376,0.04449765633573391,0.0020116011963675156,0.0,0.0,0.0
1692310720.2623208,0.14961954626385632,0.04455478543581267,0.0020153718081507258,0.0,0.0,0.0
1692310720.3571353,0.14903158159877367,0.04457273052496148,0.0020219209098312,0.0,0.0,0.0
1692310720.4647853,0.14983924974602394,0.04462747723739391,0.002042521477632129,0.0,0.0,0.0
1692310720.5616777,0.1496731320912006,0.04466577831633935,0.0020374778327177504,0.0,0.0,0.0
1692310720.6559885,0.15040039063831606,0.04473328485581386,0.0020522366771939036,0.0,0.0,0.0
1692310720.7647603,0.1502771515799377,0.04478441913910608,0.002040805633139305,0.0,0.0,0.0
1692310720.86368,0.15075378904613385,0.04485160660593522,0.0020151760423731363,0.0,0.0,0.0
1692310720.959243,0.15056946543493976,0.044898497389612574,0.001989824494536165,0.0,0.0,0.0
1692310721.0589483,0.151126312549499,0.04496667678099314,0.0019380818854484085,0.0,0.0,0.0
1692310721.1601532,0.1516998476424388,0.045053341782431006,0.0018628823290898844,0.0,0.0,0.0
1692310721.2615306,0.1514799220150526,0.04511526292532874,0.0017760645061928276,0.0,0.0,0.0
1692310721.3535125,0.1506355704399671,0.0451256704929029,0.001661076775946593,0.0,0.0,0.0
1692310721.4643989,0.15226653083716082,0.04521634291909572,0.0015536483261049225,0.0,0.0,0.0
1692310721.5605795,0.15225516371241524,0.0452921381002927,0.001421306371113771,0.0,0.0,0.0
1692310721.6592457,0.15262521405520496,0.045374035332689355,0.0012972137211801579,0.0,0.0,0.0
1692310721.7672787,0.15213364907747745,0.045417717829095275,0.0011874596565535724,0.0,0.0,0.0
1692310721.8601675,0.15212635131802865,0.045453999947461285,0.0010755063415730447,0.0,0.0,0.0
1692310722.0421412,0.1526171970537955,0.04550883951574195,0.0009801320637642334,0.0,0.0,0.0
1692310722.0602946,0.1530870271072639,0.04557800937368503,0.0009052428112542582,0.0,0.0,0.0
1692310722.163897,0.15331025879919868,0.045646697731838104,0.0008522884157961774,0.0,0.0,0.0
1692310722.2594573,0.15456715499723367,0.045766797937442746,0.0008152395853841818,0.0,0.0,0.0
1692310722.3583157,0.15486988926776543,0.04588176536161598,0.0008010670232487413,0.0,0.0,0.0
1692310722.4575174,0.15463530648608342,0.045965685154590895,0.0007950928511858218,0.0,0.0,0.0
1692310722.56463,0.15541097055466757,0.04607330847004233,0.0008472596767756303,0.0,0.0,0.0
1692310722.660951,0.1552247268814163,0.046153779532271746,0.0008841110628258506,0.0,0.0,0.0
1692310722.7641485,0.15553119042125746,0.04623472538369932,0.0009695059965520279,0.0,0.0,0.0
1692310722.857809,0.15590409125676033,0.04631888778421542,0.0010988875788261088,0.0,0.0,0.0
1692310722.956821,0.15679204294986043,0.04643041704976558,0.0012806587477077575,0.0,0.0,0.0
1692310723.061553,0.15755078545693962,0.04656117185448018,0.0014364308281407672,0.0,0.0,0.0
1692310723.1541033,0.15813299323197041,0.046696848749516455,0.0016152192806001024,0.0,0.0,0.0
1692310723.264514,0.15929657116613227,0.046866133903339276,0.0018025481433780943,0.0,0.0,0.0
1692310723.368498,0.15999488605574744,0.047044410506484,0.0019179224993510287,0.0,0.0,0.0
1692310723.4691162,0.1609349433873684,0.047241225715255464,0.0019911491162213244,0.0,0.0,0.0
1692310723.5619042,0.16178138511560575,0.04744750120026162,0.002054784636456906,0.0,0.0,0.0
1692310723.6580858,0.16200391217313953,0.04763032435192524,0.002111180647739374,0.0,0.0,0.0
1692310723.7827647,0.16270877896905184,0.04781911381899268,0.002134180530071969,0.0,0.0,0.0
1692310723.8631322,0.1630896299101363,0.04799505798706853,0.0021623231747350527,0.0,0.0,0.0
1692310723.9665647,0.16287580728234544,0.048131718085461794,0.0021679054677447474,0.0,0.0,0.0
1692310724.0675437,0.16301020713227693,0.048249436445979614,0.002231442899166837,0.0,0.0,0.0
1692310724.1825783,0.16240109539364253,0.04831857647396176,0.0022518345870808703,0.0,0.0,0.0
1692310724.2562737,0.16285684804862155,0.04839670459731085,0.0023143880453643274,0.0,0.0,0.0
1692310724.3614156,0.1626102997336364,0.048450809235486475,0.0023398295025553496,0.0,0.0,0.0
1692310724.4582949,0.16315206104419488,0.04852309986105506,0.0023601380386874793,0.0,0.0,0.0
1692310724.5690722,0.16402213565151558,0.04862891541189198,0.002336034200863286,0.0,0.0,0.0
1692310724.657699,0.1642335722714072,0.04872582670602858,0.0023547213795621683,0.0,0.0,0.0
1692310724.760696,0.16386589760679973,0.048788718007252894,0.0023579148794717125,0.0,0.0,0.0
1692310724.9390285,0.16246124728351902,0.04877300386125633,0.0023089474349888683,0.0,0.0,0.0
1692310724.9603798,0.16283518257784943,0.04877862519148379,0.002269095647761166,0.0,0.0,0.0
1692310725.0986261,0.16272513245058248,0.04877600324594565,0.0022756822117417316,0.0,0.0,0.0
1692310725.1634865,0.16210359930658236,0.04874358723739501,0.002260810848200184,0.0,0.0,0.0
1692310725.254807,0.1612990111840924,0.04867360323612019,0.0023025560218224482,0.0,0.0,0.0
1692310725.3661237,0.16058669089022667,0.04857967843703027,0.002335265342148689,0.0,0.0,0.0
1692310725.4642382,0.16009067324782675,0.04847386137169758,0.0024113544476534075,0.0,0.0,0.0
1692310725.5635,0.15943539042467247,0.04834965744944623,0.002526171629732634,0.0,0.0,0.0
1692310725.6663074,0.1593592228802258,0.04824036720783896,0.0026517986335104593,0.0,0.0,0.0
1692310725.7680953,0.15849903575576782,0.04810949649432194,0.00270535258965094,0.0,0.0,0.0
1692310725.8638604,0.15718840344851437,0.04793638906635876,0.0027222667959272604,0.0,0.0,0.0
1692310725.9719357,0.1567219097585142,0.04776361160616013,0.002815955215756497,0.0,0.0,0.0
1692310726.0549994,0.1562826350394639,0.047597256888438716,0.00289923486032955,0.0,0.0,0.0
1692310726.175793,0.15585800925312016,0.04743672761661437,0.002977380859159194,0.0,0.0,0.0
1692310726.2553098,0.1555083830630617,0.04728759761421299,0.003011890339897804,0.0,0.0,0.0
1692310726.3593574,0.15505515681962542,0.04714164472003575,0.0030253713570537917,0.0,0.0,0.0
1692310726.4630806,0.1547683810303002,0.04700781459567386,0.003003348729711656,0.0,0.0,0.0
1692310726.5601063,0.1536778687779152,0.046843168482448114,0.0029592502254312,0.0,0.0,0.0
1692310726.6639419,0.15197750350737252,0.04662256387375793,0.0028900175943039124,0.0,0.0,0.0
1692310726.8258476,0.15192463468996714,0.04643779265359427,0.002801825143406529,0.0,0.0,0.0
1692310726.8661788,0.15115657437128266,0.046246471385825105,0.0027061645704013026,0.0,0.0,0.0
1692310727.0321867,0.1512863393971059,0.0460939995535751,0.0026184677107404337,0.0,0.0,0.0
1692310727.060619,0.15091668705429342,0.04594940521624026,0.002525027301017406,0.0,0.0,0.0
1692310727.1520743,0.150799381018775,0.04582288901601959,0.002451249914750218,0.0,0.0,0.0
1692310727.2655227,0.14976093393758705,0.04566700227130145,0.0023538257486827576,0.0,0.0,0.0
1692310727.365543,0.14936471672864826,0.045516795051661445,0.0022841067734532287,0.0,0.0,0.0
1692310727.4614153,0.14884982043220624,0.04536548339943052,0.002234412884272995,0.0,0.0,0.0
1692310727.5641103,0.14853167033772374,0.045222594343999334,0.002212421837086221,0.0,0.0,0.0
1692310727.6608825,0.14880999287429394,0.04511739656030878,0.0021968638424328646,0.0,0.0,0.0
1692310727.7628818,0.14837161069167468,0.045005827589694264,0.0022227106328314627,0.0,0.0,0.0
1692310727.8536706,0.14684560299339983,0.04483741707683808,0.0022233407540855283,0.0,0.0,0.0
1692310727.958423,0.14598840897663437,0.04465456989497413,0.0022151291936673145,0.0,0.0,0.0
1692310728.0592728,0.14562114960962225,0.04448366585703218,0.002211682093603366,0.0,0.0,0.0
1692310728.1615083,0.14549243135699183,0.044335897011211434,0.002187296827859924,0.0,0.0,0.0
1692310728.2638855,0.1447568710863056,0.04417683005127952,0.002147142793017916,0.0,0.0,0.0
1692310728.35842,0.14570625331477546,0.04409241035932128,0.002102940866796097,0.0,0.0,0.0
1692310728.4576476,0.14525560502241053,0.04399952422657133,0.0020653337996973326,0.0,0.0,0.0
1692310728.5619602,0.14434822845983314,0.0438774577172135,0.0020147588615454905,0.0,0.0,0.0
1692310728.6598992,0.14290854177528176,0.04370437468058723,0.0019528334692372165,0.0,0.0,0.0
1692310728.7564855,0.1426055539635864,0.04354492204687407,0.001903414503129185,0.0,0.0,0.0
1692310728.862162,0.14239878022118202,0.04340179053061418,0.001860706608766402,0.0,0.0,0.0
1692310728.9641232,0.14201146917304364,0.04326281417945097,0.001833504470936198,0.0,0.0,0.0
1692310729.0680175,0.14284546651049485,0.04318881168582117,0.0018121405904521636,0.0,0.0,0.0
1692310729.1620255,0.14286561793014715,0.04312864699006171,0.0017823139193323774,0.0,0.0,0.0
1692310729.2590454,0.1430112924369412,0.04308582779062412,0.0017576152862574781,0.0,0.0,0.0
1692310729.3641655,0.14351443372689565,0.0430752709057077,0.001740028894099882,0.0,0.0,0.0
1692310729.5049574,0.14415209366363335,0.043099099585052425,0.001707754249210877,0.0,0.0,0.0
1692310729.5690646,0.14416812380505212,0.04312026869461592,0.0016660174508451066,0.0,0.0,0.0
1692310729.660036,0.14471474370179652,0.04316530343016292,0.0016312596571664258,0.0,0.0,0.0
1692310729.7567935,0.1440680661524268,0.04317063609127724,0.001595221525394241,0.0,0.0,0.0
1692310729.8640897,0.142948689380917,0.043119427965060006,0.0015508073079037528,0.0,0.0,0.0
1692310729.9638476,0.14155789903204857,0.04300610282954909,0.0015424933615955302,0.0,0.0,0.0
1692310730.0643215,0.1423746850921061,0.04295297923676026,0.0015260056922226713,0.0,0.0,0.0
1692310730.163944,0.14251850579719066,0.04291669219581049,0.0014887677058215228,0.0,0.0,0.0
1692310730.2556903,0.14134853500296124,0.0428281051610578,0.0014483370165559893,0.0,0.0,0.0
1692310730.358688,0.14149936932730073,0.04276187817815524,0.0014144555375639367,0.0,0.0,0.0
1692310730.455436,0.14201669961562127,0.04273210415728467,0.0014038260430791077,0.0,0.0,0.0
1692310730.5627508,0.14287480184300708,0.042749614541511036,0.001416182692592733,0.0,0.0,0.0
1692310730.659825,0.14245245499831471,0.04274282112749632,0.0014323975818197638,0.0,0.0,0.0
1692310730.7600164,0.142819358943919,0.042755470599181104,0.0014482985710500159,0.0,0.0,0.0
1692310730.8589778,0.14414429025078157,0.04283141036167504,0.0014888808905073444,0.0,0.0,0.0
1692310730.9643908,0.14441833777168644,0.04290748831684338,0.001545329704095938,0.0,0.0,0.0
1692310731.064555,0.14472826418043674,0.042987131529458114,0.0015745150296388628,0.0,0.0,0.0
1692310731.160011,0.14551732285825156,0.04309172846550369,0.0016302863498135018,0.0,0.0,0.0
1692310731.261255,0.14621664974198578,0.043214378924684355,0.001666200004805415,0.0,0.0,0.0
1692310731.3574653,0.14598722236323097,0.043306282138857094,0.0016651578028936385,0.0,0.0,0.0
1692310731.4569366,0.14631748412265413,0.04339826513901027,0.0016927008554691258,0.0,0.0,0.0
1692310731.5572724,0.1471688437281942,0.04351618414741716,0.0017475492288636524,0.0,0.0,0.0
1692310731.665236,0.1480854156927455,0.04366056840780577,0.001789049169980492,0.0,0.0,0.0
1692310731.7602248,0.14889312934085275,0.04381962420892726,0.0018601418528549402,0.0,0.0,0.0
1692310731.8604774,0.1493942032306666,0.04397805048569651,0.0019028606474315694,0.0,0.0,0.0
1692310731.9561348,0.1490221905010643,0.04409103123484042,0.0019453351440413887,0.0,0.0,0.0
1692310732.0602527,0.14928783934204756,0.04419915258308848,0.001966243138972569,0.0,0.0,0.0
1692310732.1581852,0.15014326662071079,0.0443313664956,0.0019996667979894946,0.0,0.0,0.0
1692310732.2586234,0.15014928579320969,0.044443489743202204,0.001990580483766915,0.0,0.0,0.0
1692310732.35978,0.14962868199877322,0.04450987619780983,0.00200325564100674,0.0,0.0,0.0
1692310732.4658144,0.1504790706980004,0.04460836063821942,0.002001931944230958,0.0,0.0,0.0
1692310732.5651865,0.1511673316488293,0.04472362349702287,0.0020289354088220434,0.0,0.0,0.0
1692310732.6592336,0.15084505702115528,0.04480335201842131,0.002053949102261865,0.0,0.0,0.0
1692310732.7581375,0.15126522225485117,0.0448911745163503,0.0020677691841160524,0.0,0.0,0.0
1692310732.8545976,0.15122423668230675,0.04496436262624998,0.0020318462647915423,0.0,0.0,0.0
1692310732.9922867,0.15188901798938875,0.045058760534563924,0.001999480263972114,0.0,0.0,0.0
1692310733.0946798,0.15194990147326684,0.04514112653912351,0.0019551831146220142,0.0,0.0,0.0
1692310733.2010996,0.151524431885519,0.04518783166805897,0.001932952488294031,0.0,0.0,0.0
1692310733.2997448,0.15203124740774945,0.04525132786638187,0.0019343178771935679,0.0,0.0,0.0
1692310733.388346,0.15180341385586676,0.04529213806655291,0.0019505119893721099,0.0,0.0,0.0
1692310733.5014,0.15249873386352578,0.045360591883583365,0.0019731297717846016,0.0,0.0,0.0
1692310733.5738535,0.15289629802408597,0.04543824084498292,0.0019765071275052904,0.0,0.0,0.0
1692310733.6576018,0.15273220582805394,0.04549432066223461,0.0019877777906700035,0.0,0.0,0.0
1692310733.7703183,0.15340955924037167,0.045575735176338686,0.0019803071376777665,0.0,0.0,0.0
1692310733.8820832,0.15327830842220516,0.04563591373560308,0.001998206236150229,0.0,0.0,0.0
1692310733.9709074,0.15345918389984833,0.04569464011194097,0.0020233976010575407,0.0,0.0,0.0
1692310734.0956113,0.15396885614584946,0.04576958297223261,0.0020343339255035377,0.0,0.0,0.0
1692310734.1683164,0.1532406207458365,0.045796142978374234,0.0020287386858444862,0.0,0.0,0.0
1692310734.2684083,0.15339816933966016,0.04582716190309974,0.0020004021635789447,0.0,0.0,0.0
1692310734.3746028,0.15340240956392748,0.0458523794801648,0.001996777479036855,0.0,0.0,0.0
1692310734.460412,0.1531224204131333,0.04585898339218158,0.0020020471001122933,0.0,0.0,0.0
1692310734.5658607,0.15361954062844468,0.04588925438028169,0.002010049890760345,0.0,0.0,0.0
1692310734.685993,0.15300752802030895,0.045883911167763455,0.002013719298638452,0.0,0.0,0.0
1692310734.76034,0.15185737842225888,0.04582129148685065,0.0020275634856545275,0.0,0.0,0.0
1692310734.8634267,0.15160435911882222,0.045755577425387835,0.0020573033075850663,0.0,0.0,0.0
1692310734.9657269,0.15140302291070767,0.04569041801173338,0.002088615977706477,0.0,0.0,0.0
1692310735.0601547,0.15182548135298884,0.045656137213233985,0.002138160498651151,0.0,0.0,0.0
1692310735.1638043,0.15145299140701915,0.04560997618179094,0.0021582799499431705,0.0,0.0,0.0
1692310735.2618847,0.15059918449164386,0.0455280516218836,0.0021876818121265066,0.0,0.0,0.0
1692310735.3604896,0.1508863089805454,0.045475061969086204,0.0021953617208115782,0.0,0.0,0.0
1692310735.463016,0.150368326735892,0.04540530643555908,0.0021942705246879054,0.0,0.0,0.0
1692310735.5666277,0.14941591746715704,0.045299522238427294,0.0021914235705505925,0.0,0.0,0.0
1692310735.66166,0.1500136836321797,0.04524215693398424,0.002172798673274794,0.0,0.0,0.0
1692310735.7635922,0.15016174277620306,0.04520290792994946,0.002132359106378214,0.0,0.0,0.0
1692310735.8658845,0.150495315830079,0.04518769565402034,0.0020805263736222344,0.0,0.0,0.0
1692310735.9641578,0.1513342911733263,0.04521684075425926,0.002043507223398222,0.0,0.0,0.0
1692310736.064739,0.15129300580829724,0.04523966523689603,0.001997239581881723,0.0,0.0,0.0
1692310736.1666973,0.15171069527134792,0.045279922922091057,0.0019507961086524135,0.0,0.0,0.0
1692310736.257944,0.15199444422949018,0.04532807629606475,0.0019015021739869156,0.0,0.0,0.0
1692310736.3548744,0.15190654082031183,0.045364577380122804,0.001837594126472891,0.0,0.0,0.0
1692310736.4569056,0.15186764560459745,0.04539341214073949,0.0017727263525298934,0.0,0.0,0.0
1692310736.5662544,0.1512848932920916,0.04538867275792059,0.0017041030100223998,0.0,0.0,0.0
1692310736.659607,0.1513035939571481,0.04538607255090689,0.0016328294611481834,0.0,0.0,0.0
1692310736.7590342,0.15121859550908356,0.04537928425983674,0.0015859516646205937,0.0,0.0,0.0
1692310736.8923838,0.15094964901309427,0.04536056553015178,0.0015325127043513578,0.0,0.0,0.0
1692310736.9910264,0.1501944616395348,0.04530690209015128,0.001495719150119176,0.0,0.0,0.0
1692310737.067658,0.15004734641502213,0.04525418983111261,0.001485920357464809,0.0,0.0,0.0
1692310737.174377,0.1493189793643322,0.045174223436815666,0.0014632088322769693,0.0,0.0,0.0
1692310737.2680578,0.1490775208077202,0.04509428466756543,0.0014817187307468282,0.0,0.0,0.0
1692310737.3637753,0.14838096483156454,0.04499317766236729,0.0014855431437452785,0.0,0.0,0.0
1692310737.464693,0.1482254956664833,0.04490030533513908,0.0015128727972846538,0.0,0.0,0.0
1692310737.5667553,0.14851372890476452,0.044837247832765284,0.0015395324769080418,0.0,0.0,0.0
1692310737.660548,0.1480965432223489,0.044762969895285255,0.0015830944957343207,0.0,0.0,0.0
1692310737.7607393,0.14648737207498008,0.044620872191446406,0.001607886698752879,0.0,0.0,0.0
1692310737.8640084,0.14680489342269396,0.04451574111147552,0.0016901686765890067,0.0,0.0,0.0
1692310737.9666412,0.14765832761062925,0.044470793930653105,0.0017624491314547467,0.0,0.0,0.0
1692310738.068962,0.14778589415620946,0.044439131964117654,0.0018353514174711738,0.0,0.0,0.0
1692310738.162332,0.14809652768039291,0.04442784809409759,0.0019058631232831509,0.0,0.0,0.0
1692310738.2645583,0.14847706944425232,0.04443804988073563,0.001954381167157912,0.0,0.0,0.0
1692310738.3632457,0.1490368230944675,0.044475443676725686,0.001977768453703414,0.0,0.0,0.0
1692310738.4605494,0.14900379004132674,0.04450385298196129,0.0020196209426366525,0.0,0.0,0.0
1692310738.5615525,0.14783156202875605,0.04447116964359174,0.0020019958756719463,0.0,0.0,0.0
1692310738.660811,0.1481993763336945,0.04446103392938749,0.002017347902376165,0.0,0.0,0.0
1692310738.7623754,0.14912677795303064,0.044498986299803825,0.00203266023461615,0.0,0.0,0.0
1692310738.8644266,0.14870575838524475,0.044510023670017274,0.0020338214917754133,0.0,0.0,0.0
1692310738.9610744,0.1491405366973551,0.04453904532153864,0.0020756669503798194,0.0,0.0,0.0
1692310739.0607586,0.1494627639824182,0.04457780264466803,0.002140371631083612,0.0,0.0,0.0
1692310739.1588628,0.15007198971186084,0.04463829032854736,0.0022353793299518926,0.0,0.0,0.0
1692310739.2598913,0.15004314019512444,0.04468843595134676,0.0022940319569934465,0.0,0.0,0.0
1692310739.35403,0.14911311007223546,0.044683639426912475,0.002341085314730005,0.0,0.0,0.0
1692310739.4663632,0.14749782566517758,0.0445981189606441,0.0023881530926842145,0.0,0.0,0.0
1692310739.5631936,0.14849867449353726,0.044575954798548985,0.0024465372430080186,0.0,0.0,0.0
1692310739.6645117,0.1498934293520822,0.0446274790173537,0.00249552100793252,0.0,0.0,0.0
1692310739.7652464,0.150624955805348,0.044704440049497245,0.002578432331764192,0.0,0.0,0.0
1692310739.8561742,0.15166226401202548,0.044821651605956345,0.002631765897086587,0.0,0.0,0.0
1692310739.9627285,0.15175835948519545,0.04491951039561291,0.002743636525452472,0.0,0.0,0.0
1692310740.0697021,0.15283246731922767,0.04505640048528908,0.002816792853171276,0.0,0.0,0.0
1692310740.1661372,0.15301064825540345,0.04518172494495259,0.002842805335545642,0.0,0.0,0.0
1692310740.2665637,0.1523743874166788,0.0452540001284446,0.0028671686578377173,0.0,0.0,0.0
1692310740.366581,0.1538279608260302,0.045386190218947985,0.002902547913638742,0.0,0.0,0.0
1692310740.466261,0.15474582477804924,0.045539041921507845,0.002980149209641361,0.0,0.0,0.0
1692310740.5646706,0.1556120742226821,0.04571236579667089,0.0030092982153387578,0.0,0.0,0.0
1692310740.6656508,0.15580470935887883,0.04586446925450752,0.003061631951795688,0.0,0.0,0.0
1692310740.8082771,0.15681840428214538,0.046043811308200566,0.003080288622996842,0.0,0.0,0.0
1692310740.8667417,0.1567135666541341,0.04618141436210063,0.003184768475900587,0.0,0.0,0.0
1692310740.9662914,0.1567751091115291,0.04629443220116862,0.0033286172824401766,0.0,0.0,0.0
1692310741.0630426,0.15584856635308375,0.046341740810685074,0.0034512199486676194,0.0,0.0,0.0
1692310741.1650634,0.15648305337617405,0.04641453342669372,0.003536130616601042,0.0,0.0,0.0
1692310741.258952,0.15624924643639243,0.04646257800743178,0.003616649309048152,0.0,0.0,0.0
1692310741.3603892,0.15641464689272996,0.04651418598098332,0.003644526421738801,0.0,0.0,0.0
1692310741.4585192,0.15580047977678957,0.046531524651584194,0.0035998009536842386,0.0,0.0,0.0
1692310741.5596974,0.15716513774969137,0.04661395029078983,0.0035703508431988123,0.0,0.0,0.0
1692310741.6602218,0.15699542150327528,0.0466763109201967,0.0035144171722799006,0.0,0.0,0.0
1692310741.759412,0.15633614303351778,0.04669678176907875,0.003443668671340638,0.0,0.0,0.0
1692310741.860383,0.15677869932348218,0.04673280896853052,0.0034318521110420605,0.0,0.0,0.0
1692310741.9630127,0.1564211048573298,0.046744061123366556,0.00343295709544751,0.0,0.0,0.0
1692310742.108743,0.15483322077303563,0.046674939883748816,0.0034164298511067843,0.0,0.0,0.0
1692310742.196184,0.155630797479831,0.04665526730623363,0.003432000741326033,0.0,0.0,0.0
1692310742.2630873,0.15591040512803106,0.046654935560186996,0.0034176529108382505,0.0,0.0,0.0
1692310742.3602366,0.1559963185857203,0.046655348924821295,0.0034541662189823416,0.0,0.0,0.0
1692310742.4644494,0.15627349420120631,0.04666853566958137,0.003498384921110349,0.0,0.0,0.0
1692310742.5634089,0.15589853416030414,0.04666355343355348,0.003498016086436941,0.0,0.0,0.0
1692310742.6591783,0.1560642297379669,0.04666714514465621,0.003505438886065936,0.0,0.0,0.0
1692310742.7568078,0.156398251162404,0.04668771341664083,0.003501041860460426,0.0,0.0,0.0
1692310742.8630917,0.15588890593360666,0.046680192673530546,0.00348470993351276,0.0,0.0,0.0
1692310742.9625804,0.15593363878784472,0.04667747553318769,0.003452985225558928,0.0,0.0,0.0
1692310743.0638783,0.15637637949003863,0.04669373539025802,0.0034769759044261054,0.0,0.0,0.0
1692310743.1642435,0.1568602574232493,0.04673524101193181,0.0034473128072072855,0.0,0.0,0.0
1692310743.262107,0.15669274135818395,0.04676080591264299,0.0034310096350664886,0.0,0.0,0.0
1692310743.3658962,0.15657202809463464,0.04677469986189726,0.003435845264901207,0.0,0.0,0.0
1692310743.4607396,0.15659048270737616,0.046784156802178435,0.0034797069597437688,0.0,0.0,0.0
1692310743.5622814,0.15630179395913718,0.0467805846503747,0.003476286162319488,0.0,0.0,0.0
1692310743.712286,0.15542530060253756,0.04673158010813198,0.0034996674868730837,0.0,0.0,0.0
1692310743.790596,0.15399338124501227,0.04662226639140812,0.003473262011599493,0.0,0.0,0.0
1692310743.8802602,0.15398030076662161,0.046527859233825956,0.003487215853061325,0.0,0.0,0.0
1692310743.9591875,0.153183580556477,0.04640837473531699,0.003509159814712367,0.0,0.0,0.0
1692310744.0633805,0.15172232827674226,0.046234085227150994,0.003543767550508271,0.0,0.0,0.0
1692310744.163426,0.14978776983932765,0.04599497281720906,0.003531187197955663,0.0,0.0,0.0
1692310744.2625415,0.14759036722911298,0.04568430625125709,0.003534064787929498,0.0,0.0,0.0
1692310744.3631186,0.1480388246265989,0.045450360688490773,0.0035070360750969107,0.0,0.0,0.0
1692310744.4638302,0.1487671654822021,0.045293070597636556,0.00347127918723884,0.0,0.0,0.0
1692310744.5652714,0.14942364036128522,0.04519607661672083,0.003427050818887854,0.0,0.0,0.0
1692310744.6645837,0.14918466617898607,0.0451039595851705,0.0033806225003110623,0.0,0.0,0.0
1692310744.7618954,0.14841921445315936,0.04499055911751282,0.003316240371082701,0.0,0.0,0.0
1692310744.8614955,0.14850750926132122,0.044901389799254836,0.0032496836565796498,0.0,0.0,0.0
1692310744.9639254,0.14918929651886143,0.04485962129618295,0.0032199087392903378,0.0,0.0,0.0
1692310745.0633388,0.14970681360667862,0.04485217544834369,0.0031748851365058176,0.0,0.0,0.0
1692310745.1596222,0.15017548598175606,0.04486699548907429,0.0031742237522183474,0.0,0.0,0.0
1692310745.2613645,0.15001875277178134,0.04487296774681053,0.0031520040333423696,0.0,0.0,0.0
1692310745.3610463,0.15045112433087957,0.0448987702348387,0.003146415456806354,0.0,0.0,0.0
1692310745.4615576,0.14986226581841652,0.0448912404054061,0.003133796743101195,0.0,0.0,0.0
1692310745.5603523,0.14872966167977592,0.04482966862206901,0.00309987678497088,0.0,0.0,0.0
1692310745.6620727,0.14928943716038717,0.04480582427852298,0.003081588078054142,0.0,0.0,0.0
1692310745.7594244,0.14983943886857864,0.04481562578542592,0.0030346338211285507,0.0,0.0,0.0
1692310745.8601024,0.14963393302173728,0.04481271739454033,0.0030074805012622937,0.0,0.0,0.0
1692310745.9606307,0.15003188036671503,0.044830116713187054,0.0029872949965060454,0.0,0.0,0.0
1692310746.0606859,0.15054145423754478,0.04486721221033772,0.003014952422009735,0.0,0.0,0.0
1692310746.156161,0.15023645327067203,0.044884986155657045,0.0030057500820220304,0.0,0.0,0.0
1692310746.2747023,0.1500035478845827,0.04488925770336698,0.002980164733315737,0.0,0.0,0.0
1692310746.4101195,0.1502817144394723,0.04490485440252891,0.0029883116913104225,0.0,0.0,0.0
1692310746.4593835,0.14947476107275257,0.04487694313027145,0.0030007226256084578,0.0,0.0,0.0
1692310746.5629652,0.14804764308467672,0.044780593671239,0.0030313702497435746,0.0,0.0,0.0
1692310746.6647463,0.14785627513258515,0.04469197442108598,0.0030392062672385672,0.0,0.0,0.0
1692310746.7621012,0.14793003686896714,0.044622562136754765,0.003035518808808391,0.0,0.0,0.0
1692310746.8634098,0.14775614748543925,0.04455440828003108,0.003055393987832146,0.0,0.0,0.0
1692310746.9555693,0.14749947185353202,0.04448695131696234,0.003040097235436104,0.0,0.0,0.0
1692310747.0605037,0.14755572531361857,0.04443061331809333,0.0030698006740072794,0.0,0.0,0.0
1692310747.1604412,0.14793945881676968,0.04440485599730125,0.0030677893285941667,0.0,0.0,0.0
1692310747.2617788,0.1475175868329017,0.044361821258527,0.0030717514253736787,0.0,0.0,0.0
1692310747.3633306,0.14646912241579513,0.044271443979960017,0.003100936907937971,0.0,0.0,0.0
1692310747.4555001,0.14643237549829352,0.04419204875248066,0.0031549910273603304,0.0,0.0,0.0
1692310747.5609999,0.14681340147948407,0.04414640126934173,0.003182552612020697,0.0,0.0,0.0
1692310747.7241771,0.147480450091783,0.044139554014413815,0.00323573802097367,0.0,0.0,0.0
1692310747.7824144,0.14813196975382492,0.04416338176661631,0.003319353163596854,0.0,0.0,0.0
1692310747.8587158,0.149091747021121,0.04422283181765513,0.00348481053766858,0.0,0.0,0.0
1692310747.9556553,0.14901622158089417,0.04427020659788912,0.0036053472213905696,0.0,0.0,0.0
1692310748.0575533,0.150041981843289,0.0443626248033601,0.003691361970212744,0.0,0.0,0.0
1692310748.160118,0.14983794111981186,0.044428163287795926,0.0037757159967567767,0.0,0.0,0.0
1692310748.2566473,0.15005059828894995,0.04449944808503356,0.0037787534920056347,0.0,0.0,0.0
1692310748.356376,0.1502792321362853,0.04457096186867868,0.0037736813707774175,0.0,0.0,0.0
1692310748.4593174,0.15045891080829774,0.044638861986273884,0.0037778479218206406,0.0,0.0,0.0
1692310748.56089,0.14985077782275052,0.0446697012316888,0.0037212022996382945,0.0,0.0,0.0
1692310748.663192,0.15038754359879997,0.0447240547687998,0.0036514111956405773,0.0,0.0,0.0
1692310748.7583752,0.1508227108664365,0.04479116060894886,0.0035936990764538386,0.0,0.0,0.0
1692310748.8660762,0.15063822566034182,0.04483686873257866,0.003558074824464933,0.0,0.0,0.0
1692310748.966807,0.15198225787121541,0.04494209144567828,0.003533430284963225,0.0,0.0,0.0
1692310749.0592859,0.1525948446721187,0.04506255409066433,0.003484964374017887,0.0,0.0,0.0
1692310749.1554756,0.15224733293519677,0.045147931432178476,0.0034084555012535937,0.0,0.0,0.0
1692310749.2619004,0.1525213270179512,0.04523189388022642,0.0033583288621885686,0.0,0.0,0.0
1692310749.3655508,0.1526652543463955,0.04531004243947616,0.0033019540420126028,0.0,0.0,0.0
1692310749.4630022,0.15355575348037423,0.045417398963506384,0.0032910148762416496,0.0,0.0,0.0
1692310749.5619063,0.15338393240365938,0.04550122842362848,0.0032370442768170056,0.0,0.0,0.0
1692310749.6554034,0.1537785932051763,0.04558878472809053,0.0032234676167683723,0.0,0.0,0.0
1692310749.7606256,0.15298734497058433,0.045622190882542504,0.0032091484651736077,0.0,0.0,0.0
1692310749.8587706,0.15313734648397997,0.04565502855388727,0.003232848104890975,0.0,0.0,0.0
1692310749.9584994,0.15323416714580093,0.045688423695290074,0.003236236925728639,0.0,0.0,0.0
1692310750.0584042,0.15371329605635625,0.04574021504611657,0.0032403492984361348,0.0,0.0,0.0
1692310750.1564028,0.15432264538767465,0.04581330748944054,0.003252965761346798,0.0,0.0,0.0
1692310750.257241,0.15450868940055026,0.045884933656557894,0.0032436630979717205,0.0,0.0,0.0
1692310750.3615172,0.15461617499239333,0.04595244863995497,0.0031991468373464413,0.0,0.0,0.0
1692310750.4618704,0.15510340791415236,0.046032255571779854,0.0031758133959319352,0.0,0.0,0.0
1692310750.5544784,0.1544400006283037,0.046066973247067426,0.003132427361833426,0.0,0.0,0.0
1692310750.661647,0.15319931251489405,0.046033313288377856,0.0031009334812592717,0.0,0.0,0.0
1692310750.764766,0.1538472445026692,0.04603963122626009,0.00304519688332443,0.0,0.0,0.0
1692310750.9131176,0.1533816576841947,0.046024310914708814,0.0029499565070685773,0.0,0.0,0.0
1692310750.974754,0.15256731785832775,0.04597204653911927,0.0028447829600220034,0.0,0.0,0.0
1692310751.0603287,0.15285937712291156,0.04594215542838926,0.0027765430183723,0.0,0.0,0.0
1692310751.1636305,0.152238973185441,0.04588312137214291,0.0027725716312582867,0.0,0.0,0.0
1692310751.2614648,0.15112488716518957,0.045779510112167916,0.0027442114476729307,0.0,0.0,0.0
1692310751.363712,0.1513824671600536,0.045704740869216935,0.0027441120317962323,0.0,0.0,0.0
1692310751.4682734,0.1514409029699132,0.04564663577225378,0.002722969969702894,0.0,0.0,0.0
1692310751.5631194,0.1519537551664215,0.045625413962788595,0.0026794975851565494,0.0,0.0,0.0
1692310751.6686199,0.1529862791461891,0.045659623048148745,0.0026417512936098295,0.0,0.0,0.0
1692310751.7558062,0.153245893108688,0.04570232080467366,0.0025876704808648395,0.0,0.0,0.0
1692310751.86069,0.15245592348327464,0.045700507800132344,0.002495441066733624,0.0,0.0,0.0
1692310751.9633915,0.15269089055041946,0.045707686769971105,0.0024822184874178084,0.0,0.0,0.0
1692310752.0623467,0.15287620018957915,0.045723182602184456,0.002467035036696469,0.0,0.0,0.0
1692310752.1638913,0.1528677674421069,0.04573503020413983,0.0024664125110175164,0.0,0.0,0.0
1692310752.2682443,0.15215300129870957,0.04571029298594634,0.002441964632490177,0.0,0.0,0.0
1692310752.3653245,0.15073958691937628,0.045618365213869624,0.0024296355082873158,0.0,0.0,0.0
1692310752.4687448,0.15059541979714297,0.045534010635044475,0.002429634482639443,0.0,0.0,0.0
1692310752.558986,0.15064088474823242,0.04546761576937659,0.0023989091598852763,0.0,0.0,0.0
1692310752.6534028,0.15108394723012497,0.04543556255779885,0.0023519643278797383,0.0,0.0,0.0
1692310752.760989,0.15069829421803982,0.04538874667981308,0.002328977880537532,0.0,0.0,0.0
1692310752.8604255,0.15083457658231464,0.04535683881835079,0.0023046125646536014,0.0,0.0,0.0
1692310752.963631,0.15025152072027997,0.04530210434380956,0.002261094284694729,0.0,0.0,0.0
1692310753.061452,0.15137948475499058,0.04531352378119028,0.002214830612829203,0.0,0.0,0.0
1692310753.1588202,0.15170430847094848,0.04533934758770844,0.0021757832055629765,0.0,0.0,0.0
1692310753.2627194,0.15099737604281022,0.04532651688159228,0.0021168641132257946,0.0,0.0,0.0
1692310753.3563828,0.15165213058119242,0.045349096370282435,0.0020566641514168506,0.0,0.0,0.0
1692310753.4615915,0.15156582192051224,0.04536375475502969,0.0020019034117000393,0.0,0.0,0.0
1692310753.5664308,0.15099278441767164,0.045347704547336436,0.0019437237409493872,0.0,0.0,0.0
1692310753.6672325,0.1516449995011133,0.04536746560436633,0.0018830801561767658,0.0,0.0,0.0
1692310753.757356,0.15119071349802538,0.04536042245888022,0.0018527441259940693,0.0,0.0,0.0
1692310753.8636498,0.15125138552871956,0.04535675863307971,0.0018490083975920258,0.0,0.0,0.0
1692310753.9585776,0.1514873602923679,0.04536559206835852,0.0018445675845513636,0.0,0.0,0.0
1692310754.0565765,0.151158594330644,0.04535605533378596,0.0018509093601656627,0.0,0.0,0.0
1692310754.1633065,0.15027907961984618,0.04530435921150647,0.001847704958010567,0.0,0.0,0.0
1692310754.2652378,0.1511877860822204,0.045306135450379974,0.0018624630755237034,0.0,0.0,0.0
1692310754.361379,0.15118698920155957,0.04530749295926931,0.0018766733711448515,0.0,0.0,0.0
1692310754.461015,0.15038862596968108,0.04526957380993062,0.0018648474266216603,0.0,0.0,0.0
1692310754.5640314,0.15167522695166433,0.04530099539752029,0.0018906899309262086,0.0,0.0,0.0
1692310754.6587143,0.152264400206733,0.0453558339516806,0.0019315934237519614,0.0,0.0,0.0
1692310754.759078,0.15250048826963664,0.045413982568785025,0.0019519823107303886,0.0,0.0,0.0
1692310754.8661397,0.15321207968467787,0.045496673627614996,0.0019996379539299514,0.0,0.0,0.0
1692310754.9625587,0.15341310593854945,0.04557495373456732,0.0020531512498494528,0.0,0.0,0.0
1692310755.063203,0.15455272367726983,0.045697325663763,0.0020977756188905435,0.0,0.0,0.0
1692310755.1646392,0.15464449611828998,0.04580326247791168,0.0021467986814765532,0.0,0.0,0.0
1692310755.2607381,0.155014519206193,0.04590932098890709,0.0022019368997160133,0.0,0.0,0.0
1692310755.3671558,0.15532834954651914,0.046014309999976445,0.002230655590236464,0.0,0.0,0.0
1692310755.4651153,0.15564206478582446,0.04611733856844367,0.0022578024882702464,0.0,0.0,0.0
1692310755.5888574,0.15543456487355395,0.04619528550844777,0.0022276202260821287,0.0,0.0,0.0
1692310755.6642916,0.15553184320912128,0.04626623217725692,0.0021759117252426094,0.0,0.0,0.0
1692310755.7679434,0.1563041642689122,0.04636498928062998,0.0021091804260997323,0.0,0.0,0.0
1692310755.8617837,0.15737498339016293,0.04650151071947737,0.002038033181735794,0.0,0.0,0.0
1692310755.966471,0.1570078548373327,0.046595886763246275,0.0020039657491897505,0.0,0.0,0.0
1692310756.0676749,0.15681484038113105,0.04666328597386082,0.002012765207385807,0.0,0.0,0.0
1692310756.1903872,0.156852129706892,0.04671974266841017,0.0020540035498456924,0.0,0.0,0.0
1692310756.265274,0.15583952962701947,0.046716873787428344,0.00206942662263111,0.0,0.0,0.0
1692310756.3679736,0.15558927352361054,0.04669983409666288,0.0021252825204288867,0.0,0.0,0.0
1692310756.4667494,0.15554480378353358,0.04668137963120528,0.002209390148214186,0.0,0.0,0.0
1692310756.5801616,0.15484053954099392,0.04663283761126625,0.002239320424650902,0.0,0.0,0.0
1692310756.6646097,0.15561011477441405,0.04662962720163771,0.0022903592616895026,0.0,0.0,0.0
1692310756.7621136,0.15543619104655976,0.04661756027573782,0.002344890670940379,0.0,0.0,0.0
1692310756.8617697,0.15461738451699297,0.04656599711387772,0.002397757289699777,0.0,0.0,0.0
1692310756.963057,0.1549327428032784,0.04653979554047221,0.0024253614089009006,0.0,0.0,0.0
1692310757.0667832,0.15495030484045072,0.04652188354230709,0.002389359630059623,0.0,0.0,0.0
1692310757.1654718,0.15550118757889292,0.04653544526175372,0.0023409414643031064,0.0,0.0,0.0
1692310757.263336,0.1553470135974827,0.046538248289481846,0.0023171161349459213,0.0,0.0,0.0
1692310757.362566,0.15570524294736118,0.046559689716886184,0.0022722325221910585,0.0,0.0,0.0
1692310757.4629278,0.15627094857589163,0.046606130960691154,0.0022299738502776197,0.0,0.0,0.0
1692310757.567614,0.15591613224989825,0.04662678840193704,0.0022001739877686418,0.0,0.0,0.0
1692310757.6632628,0.15572448302148528,0.04663401032618695,0.0021837744906277315,0.0,0.0,0.0
1692310757.7642138,0.15584806353045227,0.04664599604398827,0.002175139515969097,0.0,0.0,0.0
1692310757.8649094,0.15604069407396265,0.04666683905847123,0.0021406176308086926,0.0,0.0,0.0
1692310758.0156052,0.15513406824481024,0.04663976561279052,0.002086638138424782,0.0,0.0,0.0
1692310758.0861554,0.1541173442995984,0.04656623344713063,0.002041748894603347,0.0,0.0,0.0
1692310758.1691878,0.15419918081651454,0.04650968747424849,0.001988610567752295,0.0,0.0,0.0
1692310758.2698555,0.15431157258583303,0.04646792297307494,0.0019521958817323025,0.0,0.0,0.0
1692310758.362915,0.15399271931014885,0.046416484809460694,0.0019386473372527888,0.0,0.0,0.0
1692310758.468695,0.15382112424351785,0.046365729457280146,0.0019096945299162634,0.0,0.0,0.0
1692310758.5657918,0.1539141742943133,0.04632783241168506,0.0018928846327290264,0.0,0.0,0.0
1692310758.6664894,0.1536315353669231,0.04628183720799549,0.0018853266074859468,0.0,0.0,0.0
1692310758.7698908,0.1539972554877361,0.04626233856606374,0.0018668451581800374,0.0,0.0,0.0
1692310758.865868,0.15353219638206708,0.0462225599432659,0.0018570898791253835,0.0,0.0,0.0
1692310758.9606657,0.1541837803640539,0.04622277274372778,0.0018310809128637801,0.0,0.0,0.0
1692310759.0641742,0.15463468337102826,0.04624305234318773,0.001870948571940968,0.0,0.0,0.0
1692310759.1593156,0.15438397503409462,0.04624667725729152,0.001919358759248365,0.0,0.0,0.0
1692310759.2619197,0.15341685608444838,0.04620191438061524,0.001943949843479732,0.0,0.0,0.0
1692310759.364903,0.1517030566215517,0.04607727194928251,0.00199408703354731,0.0,0.0,0.0
1692310759.45284,0.15199118074580745,0.04598934510878502,0.002005216820734659,0.0,0.0,0.0
1692310759.5695248,0.15293554270781154,0.04596172052065528,0.002051266895989676,0.0,0.0,0.0
1692310759.6585617,0.1532396564349327,0.0459536151115251,0.0020965891316323862,0.0,0.0,0.0
1692310759.7597992,0.1539541710293689,0.04598149671653232,0.002157657250333469,0.0,0.0,0.0
1692310759.8586378,0.15455769275487513,0.04603631801199043,0.0021829729583227107,0.0,0.0,0.0
1692310759.9626803,0.15521112998058773,0.046114012302239174,0.0022188712117355083,0.0,0.0,0.0
1692310760.0615556,0.15594153432507055,0.04621428849515366,0.00226937901006291,0.0,0.0,0.0
1692310760.1557868,0.1570209203295211,0.04635171210514267,0.002316309348728806,0.0,0.0,0.0
1692310760.2634122,0.15831444940758918,0.04653255950741645,0.002327059775188674,0.0,0.0,0.0
1692310760.3632615,0.15881133346817014,0.04670788414241259,0.0023409091430900276,0.0,0.0,0.0
1692310760.4633515,0.1594034907667693,0.04688216399691521,0.002380600662325684,0.0,0.0,0.0
1692310760.5670707,0.15912821857091944,0.04701301203276328,0.002423095726728795,0.0,0.0,0.0
1692310760.6574242,0.16007240572738898,0.047167655882741584,0.002488887551436605,0.0,0.0,0.0
1692310760.7619784,0.16086451798160023,0.04733661820892773,0.002536955990115448,0.0,0.0,0.0
1692310760.8680918,0.16071400782416745,0.04747041327917121,0.0025664313443609717,0.0,0.0,0.0
1692310760.967533,0.16118095153048972,0.047603847464819535,0.002616051907994115,0.0,0.0,0.0
1692310761.0654905,0.16155086974030458,0.04773429524081181,0.002644859152050719,0.0,0.0,0.0
1692310761.1621804,0.16194749898838898,0.04786253045489103,0.002674591510793443,0.0,0.0,0.0
1692310761.2586253,0.16253590558437897,0.04799790490184916,0.0027158706202212307,0.0,0.0,0.0
1692310761.366561,0.16265242460583565,0.048118895333583184,0.002708897543940163,0.0,0.0,0.0
1692310761.4668465,0.16246841746588572,0.04820915262980609,0.002726065695489885,0.0,0.0,0.0
1692310761.5784006,0.1625970768235065,0.048286502836446435,0.002809562567957316,0.0,0.0,0.0
1692310761.6598032,0.16284530881073764,0.04836108053953607,0.002913076447897892,0.0,0.0,0.0
1692310761.7549653,0.16169014250519897,0.04836676593923317,0.0029765550806071786,0.0,0.0,0.0
1692310761.8560061,0.16204592708604917,0.048390089884195256,0.003018692800930994,0.0,0.0,0.0
1692310761.9793675,0.16194922399979583,0.04840610193776816,0.0030317394988903837,0.0,0.0,0.0
1692310762.0686004,0.1627071110912884,0.04846054770859658,0.002991976151008129,0.0,0.0,0.0
1692310762.1647422,0.16330834164913482,0.048535114597337184,0.002975323663926776,0.0,0.0,0.0
1692310762.2569168,0.16346344906289084,0.04860676965741468,0.002930744492552495,0.0,0.0,0.0
1692310762.3695767,0.1630756496229602,0.04864612916553867,0.002909048270679338,0.0,0.0,0.0
1692310762.464896,0.16157772867445097,0.04860688066930364,0.0028332287148318414,0.0,0.0,0.0
1692310762.5674376,0.16237214150174725,0.04861466176408212,0.0027575105030534968,0.0,0.0,0.0
1692310762.6615815,0.16201810947311726,0.048601014598344996,0.0027401583726547637,0.0,0.0,0.0
1692310762.7618184,0.16221529686838906,0.0486005440281996,0.0027069256708425753,0.0,0.0,0.0
1692310762.8581324,0.161574127046551,0.04856681194783141,0.0027010339256388293,0.0,0.0,0.0
1692310762.9729555,0.16106261438406866,0.04851386844991948,0.0026810401098135003,0.0,0.0,0.0
1692310763.1130257,0.1610191643821394,0.04846694856040051,0.002676146538672147,0.0,0.0,0.0
1692310763.1715934,0.16082904628071057,0.04841981151133217,0.0026441827523093647,0.0,0.0,0.0
1692310763.274362,0.16087849256063255,0.04838011866293121,0.0026705742481416233,0.0,0.0,0.0
1692310763.405416,0.16113717852358225,0.048360675719357676,0.002681417545414358,0.0,0.0,0.0
1692310763.4660563,0.16144635657361564,0.04835889784570692,0.0027094379551192596,0.0,0.0,0.0
1692310763.5612752,0.16094223150742634,0.048333256700038255,0.00271307744880556,0.0,0.0,0.0
1692310763.6673293,0.16025403497512872,0.04827837013597476,0.0026980593379248366,0.0,0.0,0.0
1692310763.7707531,0.16000656759909698,0.04822100229460276,0.002671258686614164,0.0,0.0,0.0
1692310763.8653095,0.15991244539825022,0.04816877558002541,0.002643560139512923,0.0,0.0,0.0
1692310763.968361,0.1590160155536523,0.04808212655318098,0.002584132360084577,0.0,0.0,0.0
1692310764.0794833,0.1589228927761313,0.04800440349598509,0.00255239977502361,0.0,0.0,0.0
1692310764.1769385,0.15803753983757884,0.047897118116097884,0.0024870770227876466,0.0,0.0,0.0
1692310764.2695749,0.15805592384359288,0.04780961781643043,0.0024112863186449927,0.0,0.0,0.0
1692310764.3721168,0.15722678132100784,0.04769476575434308,0.002356979978420353,0.0,0.0,0.0
1692310764.4675322,0.15769061319310884,0.047622872719250836,0.002299800881386959,0.0,0.0,0.0
1692310764.5696683,0.1582577762081158,0.0475900192559691,0.0022838117107187323,0.0,0.0,0.0
1692310764.6654727,0.1577239891909471,0.047537387719513886,0.0022366107958049623,0.0,0.0,0.0
1692310764.7636542,0.15648385986552057,0.047432422013677575,0.002171373324539003,0.0,0.0,0.0
1692310764.8664837,0.15460327907626492,0.04724988938015437,0.002136624151979407,0.0,0.0,0.0
1692310764.966759,0.15499538006205188,0.047116287764886154,0.002135238722029929,0.0,0.0,0.0
1692310765.058124,0.15459177643656777,0.046985532971519126,0.0021167437638764993,0.0,0.0,0.0
1692310765.163745,0.15474875263913015,0.04688289478985453,0.0021360147891142604,0.0,0.0,0.0
1692310765.2700958,0.15399357600245808,0.046761035199984036,0.002119274330993146,0.0,0.0,0.0
1692310765.3657117,0.15402164089760778,0.04666098614279482,0.0021041355495648286,0.0,0.0,0.0
1692310765.470353,0.15396565246149752,0.04657245652025733,0.002141928396328889,0.0,0.0,0.0
1692310765.5939,0.15514293380740393,0.046557417826453104,0.0021803286479861773,0.0,0.0,0.0
1692310765.668702,0.15596423645752655,0.04658601160188661,0.0022138793695088083,0.0,0.0,0.0
1692310765.7752638,0.15731687459807664,0.04667092242843719,0.002358504756330159,0.0,0.0,0.0
1692310765.8581293,0.15779033805749632,0.04676166996875876,0.002533638410939634,0.0,0.0,0.0
1692310765.957156,0.15774330573530418,0.04683030014494527,0.0027400157378737536,0.0,0.0,0.0
1692310766.099142,0.15708226066792413,0.046856667459804956,0.0028809705157047984,0.0,0.0,0.0
1692310766.2127,0.1586442281224359,0.046953001606248546,0.0030505167509560396,0.0,0.0,0.0
1692310766.2760277,0.15910611460995938,0.04706140639246148,0.003128318486518192,0.0,0.0,0.0
1692310766.4105659,0.1586656631858431,0.04712900343168558,0.003200868465619805,0.0,0.0,0.0
1692310766.4683278,0.15778123868620816,0.04714364302885024,0.0032234434520552993,0.0,0.0,0.0
1692310766.5660799,0.1564266525541737,0.04709153484306394,0.0031871389923446175,0.0,0.0,0.0
1692310766.661229,0.15707464960386622,0.04707782122542104,0.0031994905947469125,0.0,0.0,0.0
1692310766.7638352,0.15769583835443046,0.04710103978768637,0.0031573758948066,0.0,0.0,0.0
1692310766.8614473,0.15717891637331138,0.04709622694685268,0.0030927512188136754,0.0,0.0,0.0
1692310766.9643795,0.1580594104688084,0.04713166371225361,0.0031138630324836904,0.0,0.0,0.0
1692310767.0629418,0.15838565697409696,0.047176452031007406,0.0031475984515752084,0.0,0.0,0.0
1692310767.1696131,0.15794483960982186,0.047193687086951215,0.003145425781545514,0.0,0.0,0.0
1692310767.2676716,0.1567984975521209,0.04715119730643888,0.003132841171779462,0.0,0.0,0.0
1692310767.3708224,0.1566481160236169,0.047106896775985084,0.0031426711685359487,0.0,0.0,0.0
1692310767.469705,0.15656757852864756,0.04706796102579962,0.0031204649544108193,0.0,0.0,0.0
1692310767.5920608,0.15690850137600576,0.04705141594532025,0.0031207644678806143,0.0,0.0,0.0
1692310767.6596386,0.15784429812199052,0.0470855845814836,0.0031062080468678027,0.0,0.0,0.0
1692310767.758962,0.15804628840142898,0.04712574588926065,0.003069161248445702,0.0,0.0,0.0
1692310767.8662548,0.15875451412307498,0.04719175514337916,0.003085322413288669,0.0,0.0,0.0
1692310767.959173,0.1593296917681331,0.0472738802567768,0.0031243843609175684,0.0,0.0,0.0
1692310768.0616186,0.1588740879477821,0.0473183724113289,0.0031715816167824594,0.0,0.0,0.0
1692310768.1971624,0.15794691417707254,0.04731144842625844,0.0031738202357678865,0.0,0.0,0.0
1692310768.2967682,0.1588624882181519,0.04734916374455207,0.0032116487864066526,0.0,0.0,0.0
1692310768.4110072,0.15973724708516393,0.047425991025140536,0.003222049885833934,0.0,0.0,0.0
1692310768.5058496,0.1610203420657667,0.04755271940297526,0.0032552051781212137,0.0,0.0,0.0
1692310768.6021814,0.1616173805706295,0.04768726676125466,0.0032968463750710623,0.0,0.0,0.0
1692310768.6980658,0.1621936908153864,0.047826282728638876,0.0033587405015741045,0.0,0.0,0.0
1692310768.8046656,0.1623100501030739,0.047949401509745616,0.003390484329099577,0.0,0.0,0.0
1692310768.8913736,0.16139705447878533,0.04800837725795189,0.003385018558160971,0.0,0.0,0.0
1692310768.9605265,0.1610206682886976,0.04803863162731902,0.0033800329486650678,0.0,0.0,0.0
1692310769.0627897,0.16104943492758356,0.048067617665343655,0.003341194372215337,0.0,0.0,0.0
1692310769.1799111,0.16126813756343525,0.048101866423909574,0.0033221238623498497,0.0,0.0,0.0
1692310769.3111353,0.16205038493503315,0.0481680166833422,0.0033305872810979343,0.0,0.0,0.0
1692310769.400078,0.16216738667045005,0.048228609507797185,0.0033431683714110665,0.0,0.0,0.0
1692310769.4616728,0.16160325945754384,0.048253003862558166,0.0033206979385011206,0.0,0.0,0.0
1692310769.5661066,0.1618966466707004,0.04828762246382815,0.0033084780232375175,0.0,0.0,0.0
1692310769.663552,0.16272759329946113,0.04835807097316488,0.003299977740431838,0.0,0.0,0.0
1692310769.8006122,0.16262110420855116,0.048412649342270166,0.0032740119381847693,0.0,0.0,0.0
1692310769.8690574,0.16327040921813019,0.04849224163367974,0.0032280189974970724,0.0,0.0,0.0
1692310769.9570582,0.16443355445112381,0.04861619130886308,0.003201601541374901,0.0,0.0,0.0
1692310770.0706542,0.16476088945137593,0.0487371127915321,0.0031592617827553206,0.0,0.0,0.0
1692310770.1649203,0.16449663969263253,0.04882408468246959,0.003132164871299485,0.0,0.0,0.0
1692310770.2632275,0.16448856568963097,0.04889760763592235,0.0030846347478821648,0.0,0.0,0.0
1692310770.3699484,0.1636362036420341,0.048917884868891565,0.003012838342903741,0.0,0.0,0.0
1692310770.502382,0.16367430180935777,0.04893631212198079,0.0029599080341379236,0.0,0.0,0.0
1692310770.5659513,0.1631421009410802,0.048925799778200586,0.0029002962320258127,0.0,0.0,0.0
1692310770.6981025,0.16269240495861279,0.048891986541835374,0.002895072283092976,0.0,0.0,0.0
1692310770.7585,0.16189766776871406,0.04882299714541702,0.002906306581192885,0.0,0.0,0.0
1692310770.866765,0.16034397137347328,0.04868944009879501,0.0028838798382219903,0.0,0.0,0.0
1692310770.9824226,0.15992754799129555,0.0485568714773201,0.0028723649164375258,0.0,0.0,0.0
1692310771.0654316,0.16058365997563087,0.04847990546598559,0.0028535250609555357,0.0,0.0,0.0
1692310771.1553257,0.16056950920870067,0.048414749223251244,0.0028436060728543656,0.0,0.0,0.0
1692310771.2635195,0.15990031411087186,0.04832622728418463,0.002846576762999733,0.0,0.0,0.0
1692310771.3927357,0.15838316614423228,0.04817669269856514,0.002843210998824133,0.0,0.0,0.0
1692310771.4651716,0.1589215883029012,0.04807782520224173,0.0028622582304734805,0.0,0.0,0.0
1692310771.5697837,0.1584001260257697,0.04797130116270788,0.002844784654069324,0.0,0.0,0.0
1692310771.666216,0.15842842825323739,0.04788522405565065,0.00280842577675207,0.0,0.0,0.0
1692310771.758115,0.15739336119402833,0.04776103053745857,0.002787979216909265,0.0,0.0,0.0
1692310771.8654451,0.15750668996464018,0.047662076116436414,0.002791350552744644,0.0,0.0,0.0
1692310771.9760056,0.15779948607487485,0.04759320123849274,0.0028129784534587582,0.0,0.0,0.0
1692310772.0676153,0.15696786958700193,0.04749476902140546,0.0028198524920001068,0.0,0.0,0.0
1692310772.1546862,0.15560192414018056,0.047344213378436036,0.002825588107571875,0.0,0.0,0.0
1692310772.262356,0.1560794384218584,0.047242614384745495,0.0028328860660046403,0.0,0.0,0.0
1692310772.4180534,0.15568321650659778,0.047138855598998615,0.002826430984986327,0.0,0.0,0.0
1692310772.4672081,0.15612079309126928,0.047074689767794865,0.002815949064490506,0.0,0.0,0.0
1692310772.563086,0.15573426794631434,0.047001769069719763,0.0028084271262190747,0.0,0.0,0.0
1692310772.6621137,0.15720783622649684,0.04701557757563702,0.0027919085012294634,0.0,0.0,0.0
1692310772.7618136,0.157437105558939,0.04704124717076044,0.0027291676553613943,0.0,0.0,0.0
1692310772.8644161,0.1583586245023485,0.0471098353516676,0.0026572365449595795,0.0,0.0,0.0
1692310772.9618216,0.15830554433780925,0.04716338536276907,0.002615886104582513,0.0,0.0,0.0
1692310773.0657957,0.15950796626369187,0.04726875633634914,0.0025725084585456687,0.0,0.0,0.0
1692310773.1648457,0.1595475137064751,0.04735874919502075,0.0025315752340043397,0.0,0.0,0.0
1692310773.2583694,0.1592932286731741,0.0474192096260794,0.0025318222344126095,0.0,0.0,0.0
1692310773.3626008,0.15900613608289593,0.04745569869121799,0.0025219570089555056,0.0,0.0,0.0
1692310773.4624884,0.1598506972921782,0.0475283721266251,0.002515500592402038,0.0,0.0,0.0
1692310773.5677416,0.16076492192046493,0.0476348124980481,0.0025093543531238462,0.0,0.0,0.0
1692310773.661785,0.1602640179868484,0.04769938536217122,0.00248364011328094,0.0,0.0,0.0
1692310773.7616122,0.1593074626031981,0.04770660368428397,0.002432510183474266,0.0,0.0,0.0
1692310773.863994,0.15910820308102813,0.047700951583939784,0.002424844491108134,0.0,0.0,0.0
1692310773.9552846,0.15843128420784786,0.047663258502893435,0.0023986440226552797,0.0,0.0,0.0
1692310774.0596228,0.15698364513232013,0.047559296561004646,0.002375851541971439,0.0,0.0,0.0
1692310774.1646492,0.15625862541866642,0.04743599939179528,0.00236365970597705,0.0,0.0,0.0
1692310774.256789,0.1562437036273298,0.047331921184698644,0.002365970484420964,0.0,0.0,0.0
1692310774.359672,0.15644520990365662,0.04725467038170341,0.0023807408915056984,0.0,0.0,0.0
1692310774.4598851,0.15617166654280817,0.04717760090127881,0.0023734402368389214,0.0,0.0,0.0
1692310774.5581307,0.15585696021846185,0.04709551609079343,0.0024072645101883574,0.0,0.0,0.0
1692310774.6648848,0.1550622856301748,0.046988517404907205,0.0024122373532684833,0.0,0.0,0.0
1692310774.7565346,0.15533276713729724,0.04691299865229277,0.0024155878883261174,0.0,0.0,0.0
1692310774.8604972,0.1543890933763867,0.046804874149088085,0.002375711814182134,0.0,0.0,0.0
1692310774.9627633,0.15466308875207302,0.04672967848212516,0.002317586395817667,0.0,0.0,0.0
1692310775.0565538,0.15496716288575935,0.04668209642841381,0.0022735538574763592,0.0,0.0,0.0
1692310775.1624918,0.1551326345573845,0.04665178439382024,0.0022128129877009173,0.0,0.0,0.0
1692310775.264787,0.15447617632226068,0.04659396844030233,0.002153604673385618,0.0,0.0,0.0
1692310775.364576,0.1544908716385642,0.04654661792923241,0.0021024507602755093,0.0,0.0,0.0
1692310775.4567456,0.1538108182769789,0.046473894997579396,0.002038699525428511,0.0,0.0,0.0
1692310775.564171,0.15261009026767342,0.04635311078968891,0.0019857896464246035,0.0,0.0,0.0
1692310775.658828,0.1533976344150351,0.046291490894660836,0.0019545273487467448,0.0,0.0,0.0
1692310775.7609718,0.15286935883860492,0.04621459440368848,0.0019040558718559182,0.0,0.0,0.0
1692310775.862293,0.15290208906673136,0.046152096461924995,0.0018643342169655055,0.0,0.0,0.0
1692310775.9634185,0.15217161137594823,0.04606342308984941,0.0018310097058021326,0.0,0.0,0.0
1692310776.0824425,0.15077528280425,0.04592042949420131,0.001778397195851537,0.0,0.0,0.0
1692310776.159875,0.1512403962845154,0.045824323580695187,0.0017436074531445153,0.0,0.0,0.0
1692310776.2606401,0.15231996020299066,0.0457990699182904,0.001693905606719945,0.0,0.0,0.0
1692310776.357146,0.1534289278441558,0.045833543818894235,0.0016549324758029426,0.0,0.0,0.0
1692310776.4615073,0.15382426124130227,0.04588199547532605,0.0016250206665848917,0.0,0.0,0.0
1692310776.5643265,0.15442799674270397,0.045952629710320186,0.001599745009848534,0.0,0.0,0.0
1692310776.6636856,0.15381024685444813,0.04598136438506776,0.001550067559394554,0.0,0.0,0.0
1692310776.760114,0.15340906834109358,0.04598576149866594,0.0014875898858308291,0.0,0.0,0.0
1692310776.8643854,0.15427738883242476,0.04603328620613232,0.0014214699017081906,0.0,0.0,0.0
1692310776.958,0.15525991643423573,0.04612255863673118,0.001346249983168904,0.0,0.0,0.0
1692310777.0617945,0.15559846087886253,0.04621436362285228,0.001258805776199742,0.0,0.0,0.0
1692310777.1588488,0.15530195753738213,0.04627625671322977,0.001169285095506101,0.0,0.0,0.0
1692310777.2639186,0.15510969428072155,0.04631834521653571,0.0010835709727641657,0.0,0.0,0.0
1692310777.3608887,0.15514763132451118,0.04635535444709776,0.0010086619849599974,0.0,0.0,0.0
1692310777.461601,0.1556939849126159,0.0464133744420309,0.0009589975435739704,0.0,0.0,0.0
1692310777.5741615,0.1553637457802703,0.04644527957881417,0.0009093879405844892,0.0,0.0,0.0
1692310777.6609988,0.15567580442266082,0.04648753870304925,0.0008647373081964321,0.0,0.0,0.0
1692310777.7597947,0.15649118570188886,0.046563410323746314,0.0008402884669522243,0.0,0.0,0.0
1692310777.8627121,0.15672201697544913,0.04663807528771493,0.0008264276986418497,0.0,0.0,0.0
1692310777.9689438,0.15729869772359756,0.046728793633903525,0.0008363068883589918,0.0,0.0,0.0
1692310778.095718,0.15826920817887402,0.0468528163548108,0.0008537253444727728,0.0,0.0,0.0
1692310778.1676943,0.15827753731768027,0.04695609862378948,0.000889329631904441,0.0,0.0,0.0
1692310778.296481,0.1591375994644513,0.047085270877628246,0.0009172713921065351,0.0,0.0,0.0
1692310778.3671207,0.1593319359635813,0.0472026652332726,0.0009380312424009833,0.0,0.0,0.0
1692310778.4600842,0.15921127899431872,0.047294527683271984,0.0009497658372476312,0.0,0.0,0.0
1692310778.562087,0.15932271266497786,0.047376585900731086,0.0009617664812124017,0.0,0.0,0.0
1692310778.6603258,0.1587691870727081,0.047417554943016305,0.0009544519867459495,0.0,0.0,0.0
1692310778.7640848,0.15927677947539817,0.04747726273492385,0.0009405902232728126,0.0,0.0,0.0
1692310778.860525,0.16033927216031843,0.04758037525728125,0.0009213187530035697,0.0,0.0,0.0
1692310778.9559305,0.16045877920011647,0.04767237033501866,0.0008984376711509397,0.0,0.0,0.0
1692310779.0660164,0.17639603698555933,0.04854721774155562,0.0009004531068520033,0.0,0.0,0.0
1692310779.1633778,0.18378807539291014,0.049646287884883886,0.0009064008260716271,0.0,0.0,0.0
1692310779.2599332,0.18695485019509778,0.05072034383534492,0.000919948290018609,0.0,0.0,0.0
1692310779.3610737,0.18691494670852388,0.05161293282630578,0.0009368239596401447,0.0,0.0,0.0
1692310779.4694018,0.18619803348145939,0.0523201580891084,0.0009704384446786159,0.0,0.0,0.0
1692310779.56572,0.18566627851196985,0.052882695586343516,0.000995215599252597,0.0,0.0,0.0
1692310779.665531,0.18522528375286812,0.05332561805471064,0.0011471273714304434,0.0,0.0,0.0
1692310779.763653,0.18383365625353076,0.05362511336594002,0.0012647857735636815,0.0,0.0,0.0
1692310779.861952,0.18298904135310948,0.053831923536832235,0.0013724299302550493,0.0,0.0,0.0
1692310779.9698372,0.18218394291967827,0.053959075591316255,0.0015774078491880195,0.0,0.0,0.0
1692310780.1104474,0.17978807605908254,0.053945644810449854,0.001730765083306439,0.0,0.0,0.0
1692310780.1659951,0.17927355090985936,0.05390663596259361,0.0018998456114517575,0.0,0.0,0.0
1692310780.2538984,0.17798517071097625,0.053809751915296675,0.0020359431433836332,0.0,0.0,0.0
1692310780.3569417,0.17936420181489293,0.053798774365624365,0.0021383185770246847,0.0,0.0,0.0
1692310780.457836,0.1795562907879924,0.053799555855398085,0.0022176579592253715,0.0,0.0,0.0
1692310780.5603745,0.17920465269351166,0.05378475203269885,0.002236308098463295,0.0,0.0,0.0
1692310780.661856,0.18054801219523134,0.05384006101633025,0.002245390479248996,0.0,0.0,0.0
1692310780.7651746,0.18016735964546793,0.053868542479892284,0.0022158670742716065,0.0,0.0,0.0
1692310780.8699331,0.17984508103158336,0.05387775415512768,0.002145354255887059,0.0,0.0,0.0
1692310780.9645197,0.1787149034223401,0.0538297914814479,0.0020544983829085288,0.0,0.0,0.0
1692310781.0663075,0.1771721766255551,0.05371307895672319,0.001959333583977479,0.0,0.0,0.0
1692310781.1654837,0.17613813304131778,0.053565435240736245,0.0018237119335224564,0.0,0.0,0.0
1692310781.2604682,0.17585999413143205,0.053428792264636066,0.0016972880313163676,0.0,0.0,0.0
1692310781.3652935,0.17466698867660452,0.053255797379771694,0.0015589199794754113,0.0,0.0,0.0
1692310781.458985,0.1739633915483681,0.05307642226026797,0.0014445754677433404,0.0,0.0,0.0
1692310781.5654476,0.17323490832712712,0.05289037038908269,0.0013568730045327008,0.0,0.0,0.0
1692310781.6648297,0.17182317237842198,0.05266468779409072,0.0012816861492534167,0.0,0.0,0.0
1692310781.8359084,0.1694068637560995,0.0523555745825391,0.0012214769643255096,0.0,0.0,0.0
1692310781.903871,0.16887760483352154,0.052071431464609075,0.0011783952442192553,0.0,0.0,0.0
1692310781.9655254,0.16953725391656932,0.05186683776967822,0.001186886474953512,0.0,0.0,0.0
1692310782.0698147,0.16948740245314164,0.051693957799471627,0.0011920959153977303,0.0,0.0,0.0
1692310782.169952,0.1680528211289999,0.051476681547677115,0.001246995930229314,0.0,0.0,0.0
1692310782.2695084,0.16826909529066592,0.051306055047365344,0.0013080460208211766,0.0,0.0,0.0
1692310782.3662777,0.16696156168768528,0.05109788986757844,0.0013737691051933158,0.0,0.0,0.0
1692310782.4604285,0.16730325191050016,0.05094122277395307,0.0014399042219635089,0.0,0.0,0.0
1692310782.5694785,0.166935954953702,0.05079256692204255,0.0014875222317906902,0.0,0.0,0.0
1692310782.6690226,0.1655181124210479,0.05059752295841906,0.0015311079450297175,0.0,0.0,0.0
1692310782.7560384,0.1648702320440094,0.05040043716552363,0.0016225599614329935,0.0,0.0,0.0
1692310782.8577335,0.16440807521019155,0.050211451550032545,0.0017356204630334196,0.0,0.0,0.0
1692310782.964158,0.16288116390551366,0.04997897287611079,0.0017958490041334184,0.0,0.0,0.0
1692310783.0703115,0.1631896015357238,0.04980048129141382,0.0018530371224409346,0.0,0.0,0.0
1692310783.1644156,0.16260701756321186,0.049621976736178984,0.0019142206517106168,0.0,0.0,0.0
1692310783.2689414,0.1619713151107993,0.04944252623542809,0.00193968912454316,0.0,0.0,0.0
1692310783.3680854,0.16189694352203582,0.04928791097957104,0.0019924181165642883,0.0,0.0,0.0
1692310783.4679537,0.16249568381818225,0.0491893166021973,0.002032631780576476,0.0,0.0,0.0
1692310783.5634387,0.16283696763549432,0.04912381061805723,0.0020767536971016544,0.0,0.0,0.0
1692310783.6684492,0.1623332206372664,0.04904347529681936,0.0021240179599484907,0.0,0.0,0.0
1692310783.7646637,0.16132273087884808,0.04892348735697469,0.002209502440022668,0.0,0.0,0.0
1692310783.8646672,0.16203796805986442,0.0488615634939708,0.002239361801119927,0.0,0.0,0.0
1692310783.9585507,0.16198583742202163,0.04880676178475453,0.0022763303897712674,0.0,0.0,0.0
1692310784.060668,0.16236131284306113,0.048779234666170235,0.002320980804735027,0.0,0.0,0.0
1692310784.1643689,0.16245830834902714,0.0487598282061528,0.002383126660068611,0.0,0.0,0.0
1692310784.2667665,0.16243994601686843,0.04874445545671628,0.0024027728397722887,0.0,0.0,0.0
1692310784.361064,0.16314176183380993,0.048766117844904366,0.0024333451970996994,0.0,0.0,0.0
1692310784.4684253,0.1632785004036548,0.0487906245396869,0.002466280735014477,0.0,0.0,0.0
1692310784.5663276,0.162527398118987,0.048773227013813245,0.0024960556328572476,0.0,0.0,0.0
1692310784.6802003,0.161275229286791,0.04869731700949697,0.002494319482640273,0.0,0.0,0.0
1692310784.7707107,0.16088271591635028,0.04861490013439659,0.002482919287613194,0.0,0.0,0.0
1692310784.8933818,0.1597249596407918,0.04848883237155523,0.0024601252708340983,0.0,0.0,0.0
1692310784.980598,0.15984028364196784,0.048390590825371955,0.002420417228450337,0.0,0.0,0.0
1692310785.0585558,0.16015471075869786,0.04832448434306965,0.002388224493855329,0.0,0.0,0.0
1692310785.156292,0.16034719341425185,0.04827812912324951,0.002381205672557497,0.0,0.0,0.0
1692310785.2658763,0.15963236618469684,0.04820446409483264,0.0023585965728052313,0.0,0.0,0.0
1692310785.3652852,0.16004754511023714,0.04816437647628673,0.0023299817117621345,0.0,0.0,0.0
1692310785.4602833,0.15971117884571495,0.04811468104411977,0.0022935180407592896,0.0,0.0,0.0
1692310785.5688887,0.15866437538597217,0.04802181954091337,0.002239105928932297,0.0,0.0,0.0
1692310785.6645029,0.15909034703373512,0.04796624941084563,0.0021833361288951343,0.0,0.0,0.0
1692310785.7999766,0.16066257151231722,0.04799771769491735,0.002162923257508328,0.0,0.0,0.0
1692310785.8809652,0.1607504317498458,0.04802929191809738,0.0021228104661257523,0.0,0.0,0.0
1692310785.9968166,0.16023918142521895,0.04803054911917664,0.0020743028824587663,0.0,0.0,0.0
1692310786.062388,0.16053709944144498,0.048046508459268354,0.0020345371853025965,0.0,0.0,0.0
1692310786.1690643,0.1595701825572322,0.04801282199538981,0.001959539909530075,0.0,0.0,0.0
1692310786.2779517,0.16043715911470458,0.04802854860750642,0.0018869142692822265,0.0,0.0,0.0
1692310786.3679307,0.161177935782559,0.04807874450463438,0.0018275503579855772,0.0,0.0,0.0
1692310786.4678383,0.16128188737669916,0.048126457839015514,0.001755308436379466,0.0,0.0,0.0
1692310786.5701475,0.1622145453945099,0.04821360586549356,0.0016709532434585597,0.0,0.0,0.0
1692310786.6702719,0.1626668531597138,0.04830912354432867,0.001590473586376003,0.0,0.0,0.0
1692310786.769866,0.16292882507898926,0.04840255994168955,0.0014901756623480365,0.0,0.0,0.0
1692310786.8671567,0.16235350023352704,0.04845190826181691,0.001388653135205735,0.0,0.0,0.0
1692310786.993958,0.16264960200003764,0.04850804365777256,0.001293107447597371,0.0,0.0,0.0
1692310787.069836,0.16265406109755892,0.04855551695216359,0.001180230347193231,0.0,0.0,0.0
1692310787.16764,0.16304031944005032,0.04861451468089608,0.0010780016508178507,0.0,0.0,0.0
1692310787.2702675,0.16375589122517134,0.048699459908286266,0.0009972758289430918,0.0,0.0,0.0
1692310787.3680623,0.16319489378788515,0.0487420634054211,0.000933894712033777,0.0,0.0,0.0
1692310787.4656885,0.1620902595075038,0.048722182813521205,0.0008828690975650714,0.0,0.0,0.0
1692310787.5643146,0.16318441589300317,0.04875966152259882,0.000889718668947249,0.0,0.0,0.0
1692310787.6645577,0.1629326843339363,0.04877673730577807,0.0009619895444917811,0.0,0.0,0.0
1692310787.7746735,0.16222322099636238,0.048752570483650344,0.0011092553900091387,0.0,0.0,0.0
1692310787.8620996,0.16266723256093207,0.048748862358551,0.001359748074884999,0.0,0.0,0.0
1692310787.9631803,0.1632714410042692,0.04876800286407727,0.001700013351371473,0.0,0.0,0.0
1692310788.0657096,0.1633901520716462,0.048789909313094515,0.001983445159840752,0.0,0.0,0.0
1692310788.1620207,0.16284325390916068,0.04877493113488915,0.0022968793447910234,0.0,0.0,0.0
1692310788.2632592,0.1634323257701958,0.04879132982168453,0.002567137594843819,0.0,0.0,0.0
1692310788.367185,0.16463087056425718,0.048853325343530124,0.0029277857863898383,0.0,0.0,0.0
1692310788.457846,0.16493558620647045,0.04891823680501087,0.003249459365305471,0.0,0.0,0.0
1692310788.556403,0.16599265675716604,0.04902467936949549,0.0035259745672857916,0.0,0.0,0.0
1692310788.666869,0.16984377587729588,0.049310207054113944,0.0037246929228208422,0.0,0.0,0.0
1692310788.7579818,0.17147016695045036,0.04962833393746988,0.003906860104605012,0.0,0.0,0.0
1692310788.8652527,0.17192648849824307,0.0499280073096967,0.003922032878460506,0.0,0.0,0.0
1692310788.9637737,0.17579735407121036,0.050376830151318594,0.0038697764208479365,0.0,0.0,0.0
1692310789.0611396,0.1782191893813292,0.05087697736503053,0.0037528443917944497,0.0,0.0,0.0
1692310789.165284,0.17805200699275772,0.05129151651535385,0.0035357710783041557,0.0,0.0,0.0
1692310789.2685173,0.17770671695918727,0.05162315131046963,0.0032662913282463096,0.0,0.0,0.0
1692310789.369003,0.17782702839300354,0.05190867904338889,0.0029335507875607922,0.0,0.0,0.0
1692310789.4672267,0.17816166500705613,0.0521641939616638,0.002614489173866121,0.0,0.0,0.0
1692310789.5576322,0.18103052240019768,0.05252224486813037,0.002231382991453547,0.0,0.0,0.0
1692310789.6655354,0.18236367500578765,0.05288730133619381,0.001910878258971446,0.0,0.0,0.0
1692310789.7616036,0.18050895738561842,0.053098474785588,0.0015403753626965174,0.0,0.0,0.0
1692310789.90361,0.17788317187073102,0.05314284545551194,0.0012348206663900442,0.0,0.0,0.0
1692310789.959357,0.17666049275335677,0.05311843030304576,0.0009619966141172993,0.0,0.0,0.0
1692310790.0684237,0.17571968176612615,0.053051063983389504,0.000750900338011644,0.0,0.0,0.0
1692310790.1706336,0.174547977547345,0.052936387841983956,0.0006316053754683416,0.0,0.0,0.0
1692310790.2891052,0.17423390459289745,0.052825080436045196,0.0005554518074663298,0.0,0.0,0.0
1692310790.3694181,0.17317309442116957,0.05267908457141267,0.0005184944721945685,0.0,0.0,0.0
1692310790.4642975,0.17135837546715088,0.052466379409845616,0.0005097191221381172,0.0,0.0,0.0
1692310790.5636554,0.17068412395595145,0.05225533640557867,0.0005105753380970392,0.0,0.0,0.0
1692310790.6977863,0.1702294730759967,0.0520567111390958,0.0005158568047888977,0.0,0.0,0.0
1692310790.7715755,0.17012903679262237,0.05188635598248751,0.0005068555768628672,0.0,0.0,0.0
1692310790.8600848,0.17022966445010596,0.05174942355631395,0.0005065637181437032,0.0,0.0,0.0
1692310790.9585605,0.17040507887501966,0.05164425105112376,0.0004950979714280676,0.0,0.0,0.0
1692310791.0661461,0.17045216730291887,0.0515591479343781,0.0004657864604788363,0.0,0.0,0.0
1692310791.1701677,0.17009191968779433,0.05147020144173317,0.0004424507794218401,0.0,0.0,0.0
1692310791.2608006,0.16941176694155835,0.05136205605827161,0.00041923431524533504,0.0,0.0,0.0
1692310791.3632746,0.16908865625980568,0.051255756462035215,0.0004041247712987256,0.0,0.0,0.0
1692310791.4669938,0.16870910647370072,0.05114833531658578,0.0003613224072205552,0.0,0.0,0.0
1692310791.5663939,0.16776812263490604,0.051011725722994186,0.00031956327568883393,0.0,0.0,0.0
1692310791.6662674,0.16723152557376647,0.050871001803261665,0.00023315417564504816,0.0,0.0,0.0
1692310791.7642596,0.16672486860953883,0.050728367061904825,0.00015472557072356534,0.0,0.0,0.0
1692310791.866904,0.16664475165318277,0.05060523167340122,4.714647174747454e-05,0.0,0.0,0.0
1692310791.9660654,0.16613039732900156,0.05047687395848619,-4.403473821136752e-05,0.0,0.0,0.0
1692310792.0692372,0.16582023979491559,0.05035386903679906,-0.00016303762292723707,0.0,0.0,0.0
1692310792.1688066,0.16473440224457464,0.05019660773433548,-0.0002855628270736886,0.0,0.0,0.0
1692310792.270205,0.16429689359160127,0.05004288262200199,-0.00042669390401698076,0.0,0.0,0.0
1692310792.368146,0.16431169640543125,0.04991540599551714,-0.0005513334996425988,0.0,0.0,0.0
1692310792.4683046,0.16453550073581782,0.04982077906066572,-0.0006400482628575472,0.0,0.0,0.0
1692310792.5624688,0.16410067353741664,0.04971965661237625,-0.0007357353406782503,0.0,0.0,0.0
1692310792.6630042,0.1625259429632768,0.04955741125455649,-0.0007749053237462171,0.0,0.0,0.0
1692310792.7606938,0.16256944572008636,0.04942384176540733,-0.0008352637795309996,0.0,0.0,0.0
1692310792.8683684,0.16176980479513717,0.04927287020304867,-0.0008692701250642053,0.0,0.0,0.0
1692310792.9692788,0.16193032009861708,0.04915402610237092,-0.0009441127451539526,0.0,0.0,0.0
1692310793.0682073,0.16257825920917793,0.04908743784438731,-0.00100884065315886,0.0,0.0,0.0
1692310793.1653044,0.1620065972677256,0.04900256037369339,-0.001088892928346723,0.0,0.0,0.0
1692310793.266411,0.16220945279169952,0.04894227635414701,-0.0011472295726325838,0.0,0.0,0.0
1692310793.377819,0.16210911736954992,0.048885403785451226,-0.0012456432905982857,0.0,0.0,0.0
1692310793.4660952,0.16260578967630313,0.04886169791754299,-0.0013603111688350919,0.0,0.0,0.0
1692310793.5647979,0.16247555536424502,0.04883601898742079,-0.0014403883995215356,0.0,0.0,0.0
1692310793.6624317,0.16163367023397276,0.04877328571954511,-0.0014833688001229031,0.0,0.0,0.0
1692310793.7624924,0.1596047752871399,0.04861900115318838,-0.0015279684443859234,0.0,0.0,0.0
1692310793.8594527,0.16014815069540764,0.04851725797417658,-0.0015776176108366134,0.0,0.0,0.0
1692310793.9651942,0.1606930932049259,0.048458972780346186,-0.001640746487653508,0.0,0.0,0.0
1692310794.0707693,0.16148684672396918,0.04845096736030939,-0.0016742998952253823,0.0,0.0,0.0
1692310794.1599133,0.16225483492676243,0.048482268636372124,-0.0017160469356017815,0.0,0.0,0.0
1692310794.2840755,0.16212430535190397,0.048501545351671366,-0.0017571395285628628,0.0,0.0,0.0
1692310794.356064,0.16097907708768502,0.04846187850666693,-0.0017465210414868166,0.0,0.0,0.0
1692310794.459889,0.1613955677308066,0.048449652597351046,-0.00173945366656846,0.0,0.0,0.0
1692310794.567116,0.16213531116735114,0.04847752550362035,-0.0017043046831916125,0.0,0.0,0.0
1692310794.664697,0.16220649145276014,0.04850397297770025,-0.0016855769068413683,0.0,0.0,0.0
1692310794.7674437,0.1629693583276344,0.04856424650517832,-0.0016698915456296417,0.0,0.0,0.0
1692310794.8631778,0.16359627605051064,0.048645396047843625,-0.0016713297394315295,0.0,0.0,0.0
1692310794.9754734,0.16359435887846543,0.0487127237156147,-0.0016775611769418047,0.0,0.0,0.0
1692310795.0800035,0.16315049930462247,0.04874641402657509,-0.0016868096367628428,0.0,0.0,0.0
1692310795.1962347,0.16318612301718385,0.04877617544958146,-0.0016970007253013604,0.0,0.0,0.0
1692310795.2686832,0.16349364726447993,0.04881721537850878,-0.0016811435443603163,0.0,0.0,0.0
1692310795.3679152,0.1640563260298689,0.048879858062025376,-0.0016601062036037941,0.0,0.0,0.0
1692310795.4676316,0.16392784913123015,0.0489271543348767,-0.0015876185154016613,0.0,0.0,0.0
1692310795.5929878,0.1637560713491858,0.04895805026770703,-0.0015229091330022258,0.0,0.0,0.0
1692310795.6936874,0.1630562288379021,0.04894886798910728,-0.001462628349635083,0.0,0.0,0.0
1692310795.7684085,0.16330892282273937,0.04895388796701828,-0.001412191772396584,0.0,0.0,0.0
1692310795.890033,0.1644524233552602,0.04901548150997892,-0.0013655957005109327,0.0,0.0,0.0
1692310795.9602635,0.1640874383681106,0.049048691031278874,-0.001318219214761986,0.0,0.0,0.0
1692310796.0700672,0.16428739714386398,0.049086373167910265,-0.0012788341385562851,0.0,0.0,0.0
1692310796.1835206,0.16457098585046864,0.049132035052784184,-0.001243202039060339,0.0,0.0,0.0
1692310796.2706954,0.16510533217692897,0.049196796585132346,-0.001215911243873246,0.0,0.0,0.0
1692310796.372099,0.16517113994359398,0.049253774791150576,-0.0012049903260539993,0.0,0.0,0.0
1692310796.476295,0.16543794358058306,0.04931450865547554,-0.0012001349739086146,0.0,0.0,0.0
1692310796.5984955,0.1648385287834584,0.04933479522149675,-0.0012069559178963288,0.0,0.0,0.0
1692310796.6668773,0.16510740466745502,0.0493651091920894,-0.0012150046464170967,0.0,0.0,0.0
1692310796.7682142,0.16447909479011763,0.04935930402695417,-0.001203991206834761,0.0,0.0,0.0
1692310796.8650825,0.16395602609226836,0.04932860838534317,-0.0011790666462667982,0.0,0.0,0.0
1692310796.982048,0.16406309537018582,0.04930866116518705,-0.001145883565635484,0.0,0.0,0.0
1692310797.0981123,0.16398908265480094,0.04928777014651355,-0.0011445374005023055,0.0,0.0,0.0
1692310797.16844,0.16452764221908642,0.04929671889038044,-0.0011693209227370744,0.0,0.0,0.0
1692310797.2581174,0.16370807285358574,0.049263555871786,-0.0011718411000767785,0.0,0.0,0.0
1692310797.3646955,0.163283485803434,0.04921224434999258,-0.0012563492405116992,0.0,0.0,0.0
1692310797.4723377,0.16264910313478614,0.049135478433574985,-0.0013852180912108524,0.0,0.0,0.0
1692310797.5697346,0.1613323882968421,0.0490036413980993,-0.0015344651833251199,0.0,0.0,0.0
1692310797.6886384,0.16184669718980513,0.04891864698869942,-0.00167889020302443,0.0,0.0,0.0
1692310797.7582133,0.16165966314370672,0.04883559873863718,-0.0018533833451650022,0.0,0.0,0.0
1692310797.8684769,0.161987164161914,0.04877975366310597,-0.0020509437657203486,0.0,0.0,0.0
1692310797.9627004,0.16357787677324323,0.048809590674205774,-0.0022690247611200885,0.0,0.0,0.0
1692310798.0644443,0.16426945015454605,0.04887088498191004,-0.00242503245252643,0.0,0.0,0.0
1692310798.200917,0.16480486264561328,0.04894953904735072,-0.0025438564757849016,0.0,0.0,0.0
1692310798.270054,0.16433032358616573,0.048994519349665866,-0.0025884958492765754,0.0,0.0,0.0
1692310798.36598,0.1641809209111079,0.049023586966671445,-0.0026412298165859674,0.0,0.0,0.0
1692310798.4846716,0.16604679882413398,0.04914352167446778,-0.002648127050874981,0.0,0.0,0.0
1692310798.5779524,0.16655154159446847,0.04926781484280253,-0.0026709671651505805,0.0,0.0,0.0
1692310798.6940289,0.1667806239500095,0.04938393593291219,-0.0026700092862938733,0.0,0.0,0.0
1692310798.7694488,0.16699763504846896,0.04949315613056338,-0.0026380137063651884,0.0,0.0,0.0
1692310798.9014127,0.16756803945610235,0.0496140807703506,-0.0025834316168793685,0.0,0.0,0.0
1692310798.9662075,0.16825388704255123,0.0497502336390562,-0.0025149017999974025,0.0,0.0,0.0
1692310799.0592132,0.168573538812123,0.04988162505418584,-0.0024093073957449605,0.0,0.0,0.0
1692310799.1621063,0.16795372029104377,0.04996186740826678,-0.0022666230538181662,0.0,0.0,0.0
1692310799.2943707,0.16799101039561665,0.050031755560002576,-0.002106321657451094,0.0,0.0,0.0
1692310799.361549,0.1674656541799004,0.05006391219640094,-0.0019621931995361,0.0,0.0,0.0
1692310799.4698935,0.16637420223403848,0.05003641975233022,-0.0018245455813956056,0.0,0.0,0.0
1692310799.5843413,0.1674187207113883,0.05006639938801423,-0.0016844954001895554,0.0,0.0,0.0
1692310799.680391,0.16845533218847725,0.05014317008752206,-0.0015751785913133134,0.0,0.0,0.0
1692310799.7701132,0.16920332328409243,0.050244695356833034,-0.0014794634142743183,0.0,0.0,0.0
1692310799.8694725,0.17048207869534573,0.05039280642775804,-0.0014252207555760694,0.0,0.0,0.0
1692310799.9681346,0.17037974342844311,0.05050924984125775,-0.0014479446098035172,0.0,0.0,0.0
1692310800.0645032,0.16974571608443428,0.05057439020145858,-0.00146938315035908,0.0,0.0,0.0
1692310800.17017,0.1684079435770976,0.05056181406550521,-0.0014802041406456361,0.0,0.0,0.0
1692310800.2685761,0.169017603842925,0.05058137428547846,-0.001505913936576903,0.0,0.0,0.0
1692310800.380184,0.16972041460611034,0.050632938871164816,-0.0015260229072612116,0.0,0.0,0.0
1692310800.4702628,0.16980009527662546,0.050679046924059626,-0.0015678862116959426,0.0,0.0,0.0
1692310800.5700192,0.16946975413785473,0.050700731575197756,-0.0016073884999916565,0.0,0.0,0.0
1692310800.665997,0.16859567343399337,0.050674325083400265,-0.0016579983932433092,0.0,0.0,0.0
1692310800.8027349,0.16844504762220402,0.05064481849956018,-0.0016990504164197504,0.0,0.0,0.0
1692310800.8673167,0.16756269276617108,0.05057569978411993,-0.001741122210752466,0.0,0.0,0.0
1692310801.0072052,0.16650425114381726,0.05046540817941383,-0.0017670225628633777,0.0,0.0,0.0
1692310801.0938342,0.16493872226445933,0.05029638241697097,-0.0017515586945318607,0.0,0.0,0.0
1692310801.1978652,0.1629405225315593,0.050055836488676946,-0.0017261294565025123,0.0,0.0,0.0
1692310801.2906377,0.1623298867041709,0.04982548178358232,-0.0016850512947659687,0.0,0.0,0.0
1692310801.3884728,0.1621164933262621,0.0496231299931117,-0.0016431724982023436,0.0,0.0,0.0
1692310801.466509,0.16207465509458407,0.049452886609891826,-0.001593869810686277,0.0,0.0,0.0
1692310801.5904717,0.16119536365731577,0.04926707274286297,-0.0015503341026886378,0.0,0.0,0.0
1692310801.6701577,0.15951501825095526,0.0490285333920518,-0.0014968524533023905,0.0,0.0,0.0
1692310801.7837787,0.1572529210224999,0.04871672960816996,-0.0014417337822411776,0.0,0.0,0.0
1692310801.8688514,0.15727935751420807,0.0484584113691535,-0.0013921700205601767,0.0,0.0,0.0
1692310801.9695103,0.1571127772679389,0.04823519497712908,-0.0013376317225146552,0.0,0.0,0.0
1692310802.0706556,0.15708480468409947,0.048048148684333936,-0.0012786536687409197,0.0,0.0,0.0
1692310802.1694925,0.156339981878468,0.047855357026390835,-0.0012123515062678566,0.0,0.0,0.0
1692310802.2641664,0.15444247855327503,0.047600061689787795,-0.0011354531454180047,0.0,0.0,0.0
1692310802.3753724,0.1539066354256281,0.04736067502239665,-0.001063560916670983,0.0,0.0,0.0
1692310802.468235,0.15314235352118466,0.047123426870224014,-0.0009687960604369372,0.0,0.0,0.0
1692310802.5648088,0.1527809930615258,0.04690777905699424,-0.0008815803718825636,0.0,0.0,0.0
1692310802.6685617,0.15123758571973603,0.04665092831061091,-0.000796481203804874,0.0,0.0,0.0
1692310802.7686787,0.1510907598129634,0.04642986052845059,-0.000675662351951857,0.0,0.0,0.0
1692310802.8668485,0.15129555912494105,0.04625598106179905,-0.0005648519890521464,0.0,0.0,0.0
1692310802.9572797,0.15041485976848065,0.04606701635436118,-0.0004728003975507828,0.0,0.0,0.0
1692310803.0692716,0.14891323485271696,0.04583436035839454,-0.00037776180958422307,0.0,0.0,0.0
1692310803.167375,0.14934208572457544,0.04566204397269698,-0.0002988670616087833,0.0,0.0,0.0
1692310803.2636402,0.1491288108488207,0.045507806910435544,-0.00022808847139360177,0.0,0.0,0.0
1692310803.366047,0.14929415760168271,0.045387542004712796,-0.00015162200309919033,0.0,0.0,0.0
1692310803.4684265,0.1487434737856776,0.045259808357042845,-9.58614010558834e-05,0.0,0.0,0.0
1692310803.5703669,0.14754996493940786,0.04509362035593912,-5.1794455706509447e-05,0.0,0.0,0.0
1692310803.6682858,0.14578267253160743,0.0448665785991985,-1.4432688137488954e-06,0.0,0.0,0.0
1692310803.7669158,0.147042733302775,0.04474060284500778,3.6809233972331235e-05,0.0,0.0,0.0
1692310803.8672678,0.1473552621050339,0.04465122582350523,8.431662928657643e-05,0.0,0.0,0.0
1692310803.972669,0.14711430902479425,0.044564681869455926,0.00012667864942731672,0.0,0.0,0.0
1692310804.0696764,0.14761031766431304,0.04451735847682171,0.00017196077457628964,0.0,0.0,0.0
1692310804.158429,0.1472723118944243,0.04446104405098987,0.00020499165221833177,0.0,0.0,0.0
1692310804.271429,0.1464467451909582,0.04437265286460313,0.00024530886711896877,0.0,0.0,0.0
1692310804.3680346,0.14714806754163612,0.04433390548465521,0.0003009127335294835,0.0,0.0,0.0
1692310804.469902,0.14748653539847512,0.04431849059167017,0.0003543880711832225,0.0,0.0,0.0
1692310804.5941129,0.1483124701682434,0.04434712491817088,0.00039215435809818866,0.0,0.0,0.0
1692310804.6568305,0.14852843013610167,0.04438187153631157,0.00041778110643362113,0.0,0.0,0.0
1692310804.7648687,0.1490380394316352,0.04443645007067729,0.0004304132739695449,0.0,0.0,0.0
1692310804.8576133,0.14937817722080352,0.04449886506106794,0.0004488116640977213,0.0,0.0,0.0
1692310804.9989674,0.14900222347274647,0.04453222389284112,0.0004453263951676586,0.0,0.0,0.0
1692310805.0678687,0.14904540850213285,0.04456202010353398,0.0004571402844401364,0.0,0.0,0.0
1692310805.1644938,0.1489782896155038,0.044583397665928975,0.00047363496465732414,0.0,0.0,0.0
1692310805.2713883,0.14847663093390845,0.04457600375264176,0.0004925485617010987,0.0,0.0,0.0
1692310805.3675897,0.14856811238916334,0.04457438746924454,0.0005113522734256742,0.0,0.0,0.0
1692310805.4789271,0.14852806771302055,0.044571130348381484,0.0005197079830925141,0.0,0.0,0.0
1692310805.5720253,0.1477095651438769,0.0445274658454258,0.0005218955003533231,0.0,0.0,0.0
1692310805.6627867,0.1476831011125755,0.044489851466696685,0.0005164265287071169,0.0,0.0,0.0
1692310805.7683668,0.14740360142744566,0.044444552087944546,0.000508436927850501,0.0,0.0,0.0
1692310805.870791,0.14611838952266587,0.04434248911287906,0.0004955290020372563,0.0,0.0,0.0
1692310805.970515,0.14442963869230777,0.044172864506725217,0.0004843322450270585,0.0,0.0,0.0
1692310806.0681746,0.142251860099123,0.0439225257522737,0.0004675824361895296,0.0,0.0,0.0
1692310806.171406,0.14294624868146313,0.043748854911895105,0.0004451305212470872,0.0,0.0,0.0
1692310806.26907,0.14326320393091413,0.043620107026700966,0.0004210048740880032,0.0,0.0,0.0
1692310806.359346,0.14356870755418316,0.04352827372343042,0.00038189941545036036,0.0,0.0,0.0
1692310806.468994,0.14306528994371479,0.043426587154267476,0.00034080247353519074,0.0,0.0,0.0
1692310806.5805316,0.1434023098068935,0.04335878943054498,0.00029775942447051324,0.0,0.0,0.0
1692310806.6870701,0.14421317825387284,0.04334294057202947,0.00026078600853889414,0.0,0.0,0.0
1692310806.7584047,0.1443570652421624,0.04333693979729558,0.00023366709245134667,0.0,0.0,0.0
1692310806.8708274,0.14331040730855532,0.0432795065843169,0.00020964666180344504,0.0,0.0,0.0
1692310806.9667504,0.14169031562141712,0.04315049241609853,0.00019205856635759935,0.0,0.0,0.0
1692310807.0680628,0.14123501983692327,0.043020195657890184,0.00018348327933236677,0.0,0.0,0.0
1692310807.169397,0.14165344529081428,0.042932453446742236,0.0002070643612912841,0.0,0.0,0.0
1692310807.2682102,0.14149074800017977,0.04285120567313774,0.00022763281173563045,0.0,0.0,0.0
1692310807.3704655,0.14205418640136877,0.04281165069760582,0.00025693438401841066,0.0,0.0,0.0
1692310807.4673712,0.14267098956006874,0.04280890592837307,0.0003345201287552673,0.0,0.0,0.0
1692310807.5644572,0.1432873331559741,0.04283401108467951,0.0005328800914062249,0.0,0.0,0.0
1692310807.6680424,0.14309101742781588,0.04284524285214209,0.0006935420377828481,0.0,0.0,0.0
1692310807.8005097,0.14323937127347985,0.042858550986324795,0.0009128359829142842,0.0,0.0,0.0
1692310807.908482,0.1435394593142313,0.042879314942193256,0.0011956630944128252,0.0,0.0,0.0
1692310807.9960654,0.14583190356268824,0.04301018923552747,0.0014554037452753819,0.0,0.0,0.0
1692310808.060658,0.14689523312272393,0.04317189361604261,0.001682694196648593,0.0,0.0,0.0
1692310808.1587632,0.14745959860945546,0.04332330949848075,0.002028082716773879,0.0,0.0,0.0
1692310808.2699163,0.14833373863872407,0.043492721891098485,0.00232364796502446,0.0,0.0,0.0
1692310808.3713753,0.14966854151052927,0.043701275568767524,0.0025661104020964142,0.0,0.0,0.0
1692310808.4665089,0.15030731105721004,0.04390329559037254,0.00281201236577417,0.0,0.0,0.0
1692310808.5641806,0.15123119565448823,0.04411714491668628,0.003026906111942332,0.0,0.0,0.0
1692310808.6686494,0.15227882942824295,0.044344694714419625,0.003241470825426554,0.0,0.0,0.0
1692310808.7699509,0.15365176325123814,0.044601487640902576,0.00343958530578333,0.0,0.0,0.0
1692310808.8713248,0.15466276703231427,0.04486589727893437,0.0036086084944920477,0.0,0.0,0.0
1692310808.9674983,0.15578900206953966,0.04514835507688972,0.0036892560560649497,0.0,0.0,0.0
1692310809.0720198,0.1564219989970404,0.04542105621444212,0.003689380339510579,0.0,0.0,0.0
1692310809.1690626,0.1566813919486246,0.0456638681712038,0.0036553097949460303,0.0,0.0,0.0
1692310809.264606,0.15684272278619174,0.04587875459279954,0.003562505482487261,0.0,0.0,0.0
1692310809.358797,0.15624640036449297,0.046030661727160235,0.003440270186421862,0.0,0.0,0.0
1692310809.4982133,0.15522152159847596,0.046107942368400115,0.003301124038325572,0.0,0.0,0.0
1692310809.5687435,0.15388644177733277,0.046107047604603366,0.0031535837852669285,0.0,0.0,0.0
1692310809.6683815,0.15373960870060982,0.04610012457637708,0.003007360315957857,0.0,0.0,0.0
1692310809.7581537,0.15288484130693367,0.046052575490888835,0.002862873464314261,0.0,0.0,0.0
1692310809.862695,0.1515781573580864,0.04594905633122075,0.0027061844307807574,0.0,0.0,0.0
1692310809.970319,0.15175449701404908,0.04587219420192208,0.0025629608743427063,0.0,0.0,0.0
1692310810.0717094,0.15121119567048655,0.04578113201314676,0.002438564824480462,0.0,0.0,0.0
1692310810.1694999,0.1489827465018435,0.045593900299642935,0.002325979640540292,0.0,0.0,0.0
1692310810.2648184,0.14635989456541482,0.045306451295073234,0.0022315927033635047,0.0,0.0,0.0
1692310810.438461,0.14274134641542896,0.04488578668443497,0.002147589669905542,0.0,0.0,0.0
1692310810.5066764,0.13902448677864546,0.044348219709090295,0.002095904105717325,0.0,0.0,0.0
1692310810.5701418,0.1352535543275785,0.04371003777379685,0.002079804149434749,0.0,0.0,0.0
1692310810.671896,0.13158983384715803,0.04299531130716029,0.002053094223623357,0.0,0.0,0.0
1692310810.7693634,0.1321920209293778,0.04242774281848179,0.0020771441890020843,0.0,0.0,0.0
1692310810.8618069,0.13260066680338953,0.04197219878682091,0.002152065430064197,0.0,0.0,0.0
1692310810.9617898,0.1332470145752946,0.04162410907625334,0.002231028711281524,0.0,0.0,0.0
1692310811.0702553,0.13279522077668288,0.041313748815693274,0.0022607503722935733,0.0,0.0,0.0
1692310811.165466,0.13319443365200456,0.04107117608660412,0.002348157867872897,0.0,0.0,0.0
1692310811.2616756,0.13282734511719202,0.04085375147092797,0.002374765758706751,0.0,0.0,0.0
1692310811.3608983,0.1333782250090235,0.040696659458152346,0.0024512224560553834,0.0,0.0,0.0
1692310811.4693122,0.13432070367875706,0.040608438891626714,0.0025774377439486003,0.0,0.0,0.0
1692310811.567805,0.13544033067798658,0.04059078262636095,0.00268808938733137,0.0,0.0,0.0
1692310811.6673496,0.13550908259452732,0.040574485100612394,0.002840039278995812,0.0,0.0,0.0
1692310811.767185,0.13568827583738174,0.04056605346623815,0.003008723629196473,0.0,0.0,0.0
1692310811.865044,0.136354443482602,0.04059401626745463,0.003133583261294468,0.0,0.0,0.0
1692310812.0137024,0.13647369868927411,0.04062383366648842,0.003231873875284717,0.0,0.0,0.0
1692310812.0797508,0.13734937509169365,0.04068772662785189,0.003366582493739918,0.0,0.0,0.0
1692310812.2185915,0.13859306346432626,0.04080641193827974,0.00344887099022048,0.0,0.0,0.0
1692310812.2798777,0.13906318584750704,0.04091880693112142,0.0036184045492216074,0.0,0.0,0.0
1692310812.4120853,0.13964274476880947,0.0410440210643245,0.0037370130623022167,0.0,0.0,0.0
1692310812.4834883,0.14013634179651105,0.04116529993300812,0.003908321576020993,0.0,0.0,0.0
1692310812.5691292,0.13980181889784374,0.041256846199125514,0.003983469525898765,0.0,0.0,0.0
1692310812.667861,0.13896290745087142,0.04129237187063243,0.004031389269245458,0.0,0.0,0.0
1692310812.7696853,0.13958332736571788,0.041359609705002756,0.004005861470296553,0.0,0.0,0.0
1692310812.8621612,0.13986005111816088,0.04143028370366687,0.003976561600178759,0.0,0.0,0.0
1692310813.012244,0.1395277424403383,0.04147809126682358,0.00388730748898683,0.0,0.0,0.0
1692310813.103297,0.13945285962740003,0.04151800053866634,0.003764247753052603,0.0,0.0,0.0
1692310813.1579628,0.13994681239503529,0.041576468130662854,0.0036563166918984384,0.0,0.0,0.0
1692310813.2964056,0.13969005132730467,0.04161595799234251,0.0035143978056595224,0.0,0.0,0.0
1692310813.3794286,0.1385440122038405,0.04158783881620764,0.0034448710221639954,0.0,0.0,0.0
1692310813.458638,0.13761059396755385,0.0415176003137861,0.0033858861653947026,0.0,0.0,0.0
1692310813.5578275,0.13610970338505513,0.04138609132871782,0.0033039892431905304,0.0,0.0,0.0
1692310813.6608677,0.13424144528149984,0.04118545311160201,0.003196003831642763,0.0,0.0,0.0
1692310813.7693129,0.13385702117183135,0.0410003134596859,0.0030860924499645248,0.0,0.0,0.0
1692310813.8759658,0.1338865797578772,0.0408465898943342,0.0030098343877496404,0.0,0.0,0.0
1692310813.955297,0.1328425523260395,0.04066458432634156,0.0029689360519435347,0.0,0.0,0.0
1692310814.0595822,0.13133193599810664,0.040438961719712445,0.002907699136127051,0.0,0.0,0.0
1692310814.1588824,0.12951716131423177,0.04016212082421851,0.0028221687142429503,0.0,0.0,0.0
1692310814.25707,0.1296891018491637,0.03993761767825074,0.0027899468156661897,0.0,0.0,0.0
1692310814.3650105,0.12981782190592583,0.03975568648474855,0.0027830980705418487,0.0,0.0,0.0
1692310814.4659727,0.1300127616051022,0.03961568049154419,0.002751886799039747,0.0,0.0,0.0
1692310814.565401,0.13052323135832836,0.0395253778502421,0.0027153574425387104,0.0,0.0,0.0
1692310814.669451,0.13046271852718955,0.0394483987256134,0.002664691144077622,0.0,0.0,0.0
1692310814.7996047,0.12976399446974507,0.039348532055309984,0.0026331371682930707,0.0,0.0,0.0
1692310814.870844,0.13010599677440013,0.03928041652717219,0.002638600072839802,0.0,0.0,0.0
1692310814.9675243,0.13051370339940835,0.03924535934670462,0.0026250615032997362,0.0,0.0,0.0
1692310815.0698273,0.13010481456752349,0.03919812478766551,0.002573880992820859,0.0,0.0,0.0
1692310815.1577058,0.13059447451324294,0.03918092211269708,0.002570286008878463,0.0,0.0,0.0
1692310815.2694273,0.1303712731032817,0.03915759139927483,0.002532111929013507,0.0,0.0,0.0
1692310815.370731,0.13126215693941842,0.03917959980885796,0.002551802391890487,0.0,0.0,0.0
1692310815.4684613,0.13109918184572034,0.03919247912982255,0.0025257344259538733,0.0,0.0,0.0
1692310815.5636234,0.13186104012840608,0.03924157596912365,0.002501893472228801,0.0,0.0,0.0
1692310815.7201238,0.13272140805372729,0.039327129806561764,0.002456639420498568,0.0,0.0,0.0
1692310815.7980807,0.133301614128855,0.03942782690460939,0.002413227192582599,0.0,0.0,0.0
1692310815.8617775,0.13399351806271492,0.039539759433583746,0.002483377142267692,0.0,0.0,0.0
1692310815.9697669,0.13413373337567586,0.03964203976309212,0.0025125958609404824,0.0,0.0,0.0
1692310816.0684063,0.1348909199670288,0.03976627427159964,0.00252120144391747,0.0,0.0,0.0
1692310816.181385,0.13502136587196428,0.0398737346301681,0.0025672051778359525,0.0,0.0,0.0
1692310816.2807732,0.13569565979613396,0.03999785413139998,0.0025946159845962125,0.0,0.0,0.0
1692310816.3721395,0.13565165908767596,0.04010075945221879,0.0025910662035978564,0.0,0.0,0.0
1692310816.466789,0.13662631457543725,0.040226240510106696,0.0027149943439209526,0.0,0.0,0.0
1692310816.5617936,0.13757024882270774,0.04037913900945086,0.0028066825726231867,0.0,0.0,0.0
1692310816.6714737,0.13833633430366654,0.04054495811774576,0.002883643543261048,0.0,0.0,0.0
1692310816.7652695,0.13918789109418503,0.04071461359667278,0.0030760850008036476,0.0,0.0,0.0
1692310816.8639274,0.13887542981461795,0.04084660909362503,0.003167028236084058,0.0,0.0,0.0
1692310816.9643261,0.139714138263082,0.040988179521149935,0.003354211499528683,0.0,0.0,0.0
1692310817.0681305,0.14092429827682051,0.041168207143420385,0.0034987295009583277,0.0,0.0,0.0
1692310817.16735,0.14177117052244687,0.041357158456051285,0.003654823719598392,0.0,0.0,0.0
1692310817.2711616,0.14325100634370058,0.041576175557904695,0.0039003149827522227,0.0,0.0,0.0
1692310817.3703825,0.1443449805506007,0.04181721711028984,0.004075771682092416,0.0,0.0,0.0
1692310817.467817,0.14626981507165582,0.042110943922401514,0.0042574632051911145,0.0,0.0,0.0
1692310817.5715992,0.14811940770863594,0.042444343557860996,0.00444709206530422,0.0,0.0,0.0
1692310817.6642957,0.14947137363063315,0.042797395762881774,0.004544400791205584,0.0,0.0,0.0
1692310817.7715309,0.15013107835726772,0.04313073432998442,0.004570365163319725,0.0,0.0,0.0
1692310817.8664563,0.15122776330318713,0.04346827070023233,0.004546271363078506,0.0,0.0,0.0
1692310817.9736319,0.15242789022826597,0.04381390967951432,0.004483201355578928,0.0,0.0,0.0
1692310818.0799012,0.15297176539053753,0.04413384928058733,0.004377523850611658,0.0,0.0,0.0
1692310818.2120693,0.1537123421161613,0.04444264102119589,0.004226098001243013,0.0,0.0,0.0
1692310818.2713177,0.15448731796050388,0.04473049464829102,0.004201592102256965,0.0,0.0,0.0
1692310818.3685637,0.15404757870761415,0.044950911057650256,0.004149383154494274,0.0,0.0,0.0
1692310818.4693089,0.15303075797517712,0.04508694310687774,0.004062683628558376,0.0,0.0,0.0
1692310818.5696862,0.1526182569524767,0.045181106874322745,0.00397025350754973,0.0,0.0,0.0
1692310818.6636505,0.15151516813359683,0.04520453070647192,0.0038878827569969686,0.0,0.0,0.0
1692310818.7580438,0.15020863551111358,0.045158571157644774,0.003816941027582949,0.0,0.0,0.0
1692310818.8680255,0.14960490591814396,0.04509251026125122,0.003723752930573593,0.0,0.0,0.0
1692310818.9626067,0.14849800118953901,0.044984853516498974,0.003603912024511518,0.0,0.0,0.0
1692310819.070314,0.14789767978152354,0.04486282644512735,0.0035355477636874444,0.0,0.0,0.0
1692310819.1677496,0.1475367534598871,0.04474082597889331,0.0035084701461141326,0.0,0.0,0.0
1692310819.2658334,0.146279231668816,0.04457913567457136,0.00344382345565417,0.0,0.0,0.0
1692310819.3602285,0.14518515871193513,0.044384104360605366,0.003460229057107185,0.0,0.0,0.0
1692310819.4840562,0.14427870278862903,0.04417820776727312,0.0034473571139720634,0.0,0.0,0.0
1692310819.5681968,0.1439004551218971,0.04397882079202821,0.0035399176229587706,0.0,0.0,0.0
1692310819.671849,0.14305780528658718,0.04377363816473104,0.0035807117216197152,0.0,0.0,0.0
1692310819.7714686,0.14331885192228228,0.04361351333099747,0.0036406093288074044,0.0,0.0,0.0
1692310819.8699489,0.14338979106318603,0.04348813532075271,0.003640329369549363,0.0,0.0,0.0
1692310819.9578872,0.14218687860374948,0.04331757047369989,0.0037027199272675476,0.0,0.0,0.0
1692310820.0629423,0.1413785148145657,0.043136610681969244,0.0037354649759124858,0.0,0.0,0.0
1692310820.1619642,0.1401401527466739,0.042922573525602914,0.003773280404117789,0.0,0.0,0.0
1692310820.270645,0.138137970749452,0.042650499313612394,0.0037275263207895894,0.0,0.0,0.0
1692310820.36973,0.1381296138747259,0.0424213094752143,0.0037140453017041287,0.0,0.0,0.0
1692310820.471432,0.137458410103655,0.04220166197349621,0.003643266541639015,0.0,0.0,0.0
1692310820.5663483,0.13580829775840908,0.041938815533056326,0.003545159113283025,0.0,0.0,0.0
1692310820.663628,0.1360436475095288,0.04173057467663005,0.0034780621263533775,0.0,0.0,0.0
1692310820.7640023,0.13556110880231131,0.041535717791741554,0.0033839408823012236,0.0,0.0,0.0
1692310820.8589947,0.13470326672173952,0.041331960815073863,0.003282180846229334,0.0,0.0,0.0
1692310820.9711401,0.1347076130966323,0.04115636922989962,0.003278611569345502,0.0,0.0,0.0
1692310821.0608,0.13424069903201546,0.04098815580425533,0.0032565469265605955,0.0,0.0,0.0
1692310821.1696465,0.13343233940872198,0.04080518689532774,0.0032656423645001176,0.0,0.0,0.0
1692310821.2753391,0.1337269956514398,0.040664958830189384,0.0033040835694412877,0.0,0.0,0.0
1692310821.3732085,0.13418146235512526,0.04056810471189829,0.0033684634425634103,0.0,0.0,0.0
1692310821.4744039,0.13386536137887195,0.040475302336024976,0.0033796387361172977,0.0,0.0,0.0
1692310821.573723,0.13447772411412123,0.04043063998844768,0.0033668698731708527,0.0,0.0,0.0
1692310821.660469,0.13553200490605258,0.040443819099530834,0.0033874062376200724,0.0,0.0,0.0
1692310821.7699993,0.13665961625235384,0.040513155981983864,0.003384771017248453,0.0,0.0,0.0
1692310821.8700464,0.13745216283621492,0.04061525031057877,0.003324790584232881,0.0,0.0,0.0
1692310821.9683037,0.1379940802245083,0.04072597854986594,0.003295413071912357,0.0,0.0,0.0
1692310822.0873294,0.13887945710100247,0.04086512465083441,0.0032379174538984244,0.0,0.0,0.0
1692310822.163342,0.13954747526783035,0.04101540722557353,0.003178246283848854,0.0,0.0,0.0
1692310822.262132,0.1400176832098401,0.04116662293021133,0.003091981138550517,0.0,0.0,0.0
1692310822.3726318,0.1408220762593682,0.04133371821695383,0.0030080482745771715,0.0,0.0,0.0
1692310822.4631999,0.1414222480115895,0.04150505517320267,0.0029036947580509324,0.0,0.0,0.0
1692310822.560249,0.14186481946936613,0.04166922858555561,0.0028300618799678963,0.0,0.0,0.0
1692310822.6687715,0.141552984015354,0.041788090727258725,0.002805704034357392,0.0,0.0,0.0
1692310822.770679,0.14021721215912983,0.04181589035919657,0.002846248379795519,0.0,0.0,0.0
1692310822.8638773,0.1406693120110398,0.04186130212924795,0.0028862661824324456,0.0,0.0,0.0
1692310822.969174,0.1405623909490605,0.04189505296643071,0.0029016520557618632,0.0,0.0,0.0
1692310823.072057,0.1407225554884323,0.041931481781840044,0.0029106353040545554,0.0,0.0,0.0
1692310823.2091668,0.14075945858380765,0.041960359805835894,0.002963361959468886,0.0,0.0,0.0
1692310823.3028755,0.1412221669335955,0.042005326545361335,0.0030370680210534255,0.0,0.0,0.0
1692310823.4159973,0.14179871141361908,0.042072456385612224,0.003089750688723308,0.0,0.0,0.0
1692310823.4747152,0.14225262230359836,0.04214953964957391,0.003154164140200581,0.0,0.0,0.0
1692310823.5983748,0.1428770011106276,0.04224385546938764,0.0032233423889876994,0.0,0.0,0.0
1692310823.6754522,0.14288609334688077,0.04232075688642907,0.003305832870082249,0.0,0.0,0.0
1692310823.7699456,0.14182456609642213,0.04232911624164046,0.0034003937588888374,0.0,0.0,0.0
1692310823.8633993,0.14243261010606637,0.04237011947606163,0.0034400499435110468,0.0,0.0,0.0
1692310823.9694238,0.1438273196056936,0.04247133834646623,0.0035082682072267554,0.0,0.0,0.0
1692310824.0720756,0.14491420261607674,0.04260963498247476,0.0035727864627550262,0.0,0.0,0.0
1692310824.1892152,0.14563698394110033,0.04276178636778786,0.0036198642722422014,0.0,0.0,0.0
1692310824.2627833,0.14577706442463478,0.042898267077803816,0.003627882728772981,0.0,0.0,0.0
1692310824.390329,0.1464593960654068,0.04304592834405417,0.0036385157949326563,0.0,0.0,0.0
1692310824.4971092,0.14614547356744106,0.04315276222669235,0.003651906845397454,0.0,0.0,0.0
1692310824.5996075,0.14671160886093904,0.04327327743254217,0.0036258888479753035,0.0,0.0,0.0
1692310824.7024667,0.14643742714786265,0.04335194096107583,0.0036964076889092687,0.0,0.0,0.0
1692310824.792197,0.14548909349428818,0.04337466089197994,0.0037001978650656187,0.0,0.0,0.0
1692310824.8711307,0.14602444895334046,0.04341628939678789,0.0037509952374379027,0.0,0.0,0.0
1692310824.9743803,0.14745377680838617,0.04352363749651095,0.0037848490597283454,0.0,0.0,0.0
1692310825.0698953,0.14835190899098732,0.043651609412100376,0.0038835361463790546,0.0,0.0,0.0
1692310825.179838,0.14839353257526508,0.04376039791188434,0.003964806360173215,0.0,0.0,0.0
1692310825.2710967,0.14855866191933453,0.043860343819436355,0.004022159689375535,0.0,0.0,0.0
1692310825.3593853,0.14811469451075457,0.04391832598406527,0.004099353754343894,0.0,0.0,0.0
1692310825.4700174,0.14864180296614027,0.043995941765885394,0.004135689738468451,0.0,0.0,0.0
1692310825.596079,0.14859811076166166,0.04406227060962464,0.004124962045189568,0.0,0.0,0.0
1692310825.670288,0.148855510110462,0.04413063718824364,0.004114222151186422,0.0,0.0,0.0
1692310825.7631376,0.14914850761737966,0.044205673247772,0.004067490895277481,0.0,0.0,0.0
1692310825.8690124,0.1498151358134026,0.0442982292345196,0.004067871566726624,0.0,0.0,0.0
1692310826.0084698,0.15011937573964365,0.04438505145567878,0.004127128353298,0.0,0.0,0.0
1692310826.105449,0.149879553033923,0.044449046941061054,0.004137552530382098,0.0,0.0,0.0
1692310826.1722484,0.14871405854296757,0.044443975482307566,0.0041433810550450785,0.0,0.0,0.0
1692310826.2962232,0.14874295781019564,0.044437775164077646,0.004183840251942758,0.0,0.0,0.0
1692310826.4058905,0.1482780331899004,0.044413933771280605,0.004168118783582653,0.0,0.0,0.0
1692310826.4942935,0.1467448692548322,0.04431922847372789,0.004129947827181333,0.0,0.0,0.0
1692310826.5716317,0.14707576796641916,0.04425363578921618,0.0041344852996989,0.0,0.0,0.0
1692310826.6686158,0.14741207821778365,0.044220863708255294,0.004083763763294066,0.0,0.0,0.0
1692310826.7684295,0.14713494297099886,0.04417815560639774,0.004058190918572288,0.0,0.0,0.0
1692310826.883633,0.1462695880389526,0.044102924170560345,0.0039923034406096234,0.0,0.0,0.0
1692310826.9697177,0.14656313584390407,0.04405710734266746,0.00391185238048745,0.0,0.0,0.0
1692310827.071094,0.14683914395391973,0.04403274343161614,0.00384572035826981,0.0,0.0,0.0
1692310827.1727364,0.14695679809673884,0.04401933433136657,0.0037783444639904,0.0,0.0,0.0
1692310827.2912073,0.14760827448374686,0.04404219242304907,0.0037054368037760218,0.0,0.0,0.0
1692310827.3723292,0.1476219957319957,0.0440598939360601,0.0036708947580044293,0.0,0.0,0.0
1692310827.493934,0.14719907294494097,0.044056165529940024,0.003606002864950116,0.0,0.0,0.0
1692310827.5719466,0.14671803977852213,0.04403086007190578,0.003524975236005397,0.0,0.0,0.0
1692310827.6898248,0.14666462239874478,0.04400852086991815,0.003437062467648364,0.0,0.0,0.0
1692310827.7722895,0.14553673042054474,0.04393599606785729,0.0033225551280042813,0.0,0.0,0.0
1692310827.872355,0.14364859076522504,0.04378214286320224,0.003205613948887469,0.0,0.0,0.0
1692310827.9700818,0.14365251401337054,0.043655060331289304,0.003093515016621803,0.0,0.0,0.0
1692310828.0731187,0.14364844689058112,0.04354808626384438,0.0030153138735642356,0.0,0.0,0.0
1692310828.1690829,0.1426306430931425,0.04340415280310765,0.0030072308783221937,0.0,0.0,0.0
1692310828.262426,0.14093066649841474,0.04319688942562168,0.003028017726951115,0.0,0.0,0.0
1692310828.3962917,0.14100355662983394,0.04302707454862493,0.003056347497027919,0.0,0.0,0.0
1692310828.4986713,0.14091528820039326,0.04288194884832541,0.0030697633617831066,0.0,0.0,0.0
1692310828.5907068,0.14107236715561186,0.04276385038609183,0.003145553214134615,0.0,0.0,0.0
1692310828.7005477,0.14120261014339655,0.042667856261821145,0.0032566285302396553,0.0,0.0,0.0
1692310828.7787569,0.141362317489999,0.04258955562286941,0.003416209623084558,0.0,0.0,0.0
1692310828.8978236,0.14174574447310176,0.04254299662655366,0.0035555351207591564,0.0,0.0,0.0
1692310828.9992077,0.141135031122369,0.042460750918159235,0.003787922467037412,0.0,0.0,0.0
1692310829.0680714,0.1412954864610878,0.04240264237352233,0.003961618364133429,0.0,0.0,0.0
1692310829.194895,0.14291776544127763,0.04243062790027812,0.004152713613844344,0.0,0.0,0.0
1692310829.2920067,0.14438523065969625,0.04252958912491601,0.0042982409276801255,0.0,0.0,0.0
1692310829.3935282,0.14520177252124097,0.04264546664484644,0.004483654181267232,0.0,0.0,0.0
1692310829.488847,0.14608169783524266,0.04278474918316495,0.004651426990909874,0.0,0.0,0.0
1692310829.5850928,0.14579750116250642,0.04289303995101137,0.004737229306663218,0.0,0.0,0.0
1692310829.6805084,0.14688468576391592,0.0430417162059095,0.0047774490326814145,0.0,0.0,0.0
1692310829.769316,0.1481198585924677,0.043225058438315214,0.004835273619117394,0.0,0.0,0.0
1692310829.890736,0.14899129795842803,0.04342517657744221,0.004853052897194139,0.0,0.0,0.0
1692310829.9872584,0.15004903237000072,0.043650625385223615,0.004817089518578143,0.0,0.0,0.0
1692310830.0846643,0.15040660237748316,0.043854428406143404,0.004806303049779242,0.0,0.0,0.0
1692310830.192515,0.1512830853626393,0.04405965765902869,0.004875949775278905,0.0,0.0,0.0
1692310830.2754986,0.15109094859874347,0.04422580729941068,0.004890781022536237,0.0,0.0,0.0
1692310830.3676078,0.15165701389308117,0.04439857906935165,0.0048481066491075754,0.0,0.0,0.0
1692310830.4983845,0.15146625121347224,0.04453506797220759,0.00479102345912288,0.0,0.0,0.0
1692310830.598274,0.1506831913008723,0.04461556536983912,0.0046784664716674335,0.0,0.0,0.0
1692310830.6945589,0.1513852813868729,0.04472089187719683,0.0045514742546749086,0.0,0.0,0.0
1692310830.801838,0.15256169296522423,0.04486792495843968,0.0044440695881243905,0.0,0.0,0.0
1692310830.9119442,0.15302394462099478,0.04501647265357846,0.004320641985423654,0.0,0.0,0.0
1692310830.9956996,0.15334415476301547,0.045153461192698335,0.004252101323570096,0.0,0.0,0.0
1692310831.085127,0.1539019570016468,0.04530038824616342,0.004136241859514296,0.0,0.0,0.0
1692310831.1692057,0.15371835501080688,0.04541315876093135,0.004044797420252655,0.0,0.0,0.0
1692310831.2635987,0.15220398276532665,0.04543367370157566,0.0039335976077617615,0.0,0.0,0.0
1692310831.3645308,0.15248435122724022,0.04546454100117316,0.003845093246212378,0.0,0.0,0.0
1692310831.4693944,0.1522109143065925,0.045479113330354703,0.003735483075560308,0.0,0.0,0.0
1692310831.577931,0.15263969901259372,0.04551069533695487,0.0036733343884798927,0.0,0.0,0.0
1692310831.669217,0.15298828154994204,0.04555717017471222,0.0035841687311736876,0.0,0.0,0.0
1692310831.7689998,0.15269720389797448,0.04557893489236807,0.003542796972655398,0.0,0.0,0.0
1692310831.8745303,0.15247915873789034,0.045586953491885795,0.003496701799570055,0.0,0.0,0.0
1692310831.9675217,0.15279348424878494,0.0456103093946812,0.0034457237583685645,0.0,0.0,0.0
1692310832.0697348,0.15384025455931596,0.0456800384275112,0.0034354123938781602,0.0,0.0,0.0
1692310832.1652577,0.1541999239668188,0.045758196007013446,0.0033987837647921643,0.0,0.0,0.0
1692310832.2634814,0.15520953500307688,0.04587446788765588,0.0033615391281989204,0.0,0.0,0.0
1692310832.3664408,0.15478568220406688,0.04595035531728415,0.00332585964860138,0.0,0.0,0.0
1692310832.4731686,0.1556473793194376,0.04605780173905787,0.003281699429838178,0.0,0.0,0.0
1692310832.5731962,0.15550370950136908,0.046137454701531466,0.0032835377607709462,0.0,0.0,0.0
1692310832.6721652,0.15653667732450902,0.04625086653962545,0.0033498020531614672,0.0,0.0,0.0
1692310832.7959695,0.1580326688029904,0.04642069341756003,0.003402727717464926,0.0,0.0,0.0
1692310832.878197,0.15811871872781152,0.04656464414929097,0.0034700905760526404,0.0,0.0,0.0
1692310832.971797,0.1575981908219713,0.04666201899872045,0.0034795750298391892,0.0,0.0,0.0
1692310833.068635,0.1590722834966654,0.0468071528532623,0.003610056481582824,0.0,0.0,0.0
1692310833.183378,0.15968858423868612,0.04696174668248224,0.0036878656465112675,0.0,0.0,0.0
1692310833.310649,0.16107066031358078,0.047154262965001,0.00381751835241796,0.0,0.0,0.0
1692310833.363467,0.162376098133249,0.04737361877214445,0.003994962138177939,0.0,0.0,0.0
1692310833.4728374,0.16281240522262524,0.04757735505705916,0.004152240924007794,0.0,0.0,0.0
1692310833.5708516,0.16446348213372708,0.047824338634415944,0.004339666739551562,0.0,0.0,0.0
1692310833.6598015,0.16524822912642712,0.04807425119678264,0.004451353390849548,0.0,0.0,0.0
1692310833.761071,0.1675371555316409,0.048384566100367496,0.004666386720211034,0.0,0.0,0.0
1692310833.8616335,0.16958118378587364,0.04874566148247899,0.00484962902114781,0.0,0.0,0.0
1692310833.9704545,0.17072776755490324,0.049110110512681666,0.004949194939212498,0.0,0.0,0.0
1692310834.0698023,0.17218249992792722,0.04948839155513652,0.00501882061674029,0.0,0.0,0.0
1692310834.1818376,0.17351283941994036,0.04986623387578853,0.0051171549293567735,0.0,0.0,0.0
1692310834.2984118,0.17483237763328072,0.05025145522744644,0.0051612279515178315,0.0,0.0,0.0
1692310834.401758,0.17535527482444785,0.050596437927290024,0.005219486810573979,0.0,0.0,0.0
1692310834.4684553,0.17696708756078605,0.0509564817682413,0.0053463047533416665,0.0,0.0,0.0
1692310834.5692608,0.17773405980055282,0.05130095722860372,0.005398300983420396,0.0,0.0,0.0
1692310834.6718912,0.1784683762422169,0.05162638219944119,0.005427584358605007,0.0,0.0,0.0
1692310834.7823672,0.1784322070300955,0.05189496370313898,0.005458407406029524,0.0,0.0,0.0
1692310834.8713422,0.17853649821227793,0.05212925999521167,0.005432195606038352,0.0,0.0,0.0
1692310834.9780269,0.1790698762274319,0.05235459678460848,0.005376278558475658,0.0,0.0,0.0
1692310835.0871623,0.17956618546150613,0.052558135729959335,0.005420961223668165,0.0,0.0,0.0
1692310835.180009,0.18026350080993442,0.05276572976742559,0.005429946716231532,0.0,0.0,0.0
1692310835.273402,0.18065965876921794,0.05295880879378391,0.005435426027905867,0.0,0.0,0.0
1692310835.3721426,0.18168801869946805,0.0531737556997427,0.005416564901544022,0.0,0.0,0.0
1692310835.478258,0.18179592307734427,0.053358964156711555,0.0053934212467626795,0.0,0.0,0.0
1692310835.5840864,0.18252284378103112,0.053554964907200985,0.005319431878290137,0.0,0.0,0.0
1692310835.6729827,0.18372243260958218,0.053777994411837345,0.005264249466927738,0.0,0.0,0.0
1692310835.7822013,0.18474532407806754,0.054017427160931476,0.005193660667699524,0.0,0.0,0.0
1692310835.8847249,0.18557702473379029,0.05425779926800734,0.005145135856487398,0.0,0.0,0.0
1692310835.973404,0.18570230101926738,0.05445628590172696,0.005191157938984896,0.0,0.0,0.0
1692310836.0807707,0.18627633752413286,0.05465238018582227,0.0052102127646490096,0.0,0.0,0.0
1692310836.1705952,0.1861055428250096,0.05480566703932587,0.005241291048501489,0.0,0.0,0.0
1692310836.3052115,0.1865449679893047,0.054960202754011325,0.005216949930674583,0.0,0.0,0.0
1692310836.4004111,0.1870063634468777,0.05511224113777228,0.005195598116920804,0.0,0.0,0.0
1692310836.51227,0.18641413649280877,0.055209846084704,0.005169555629255651,0.0,0.0,0.0
1692310836.6177344,0.18684312488738755,0.05530948803336597,0.005183043254574479,0.0,0.0,0.0
1692310836.712606,0.18747227303935135,0.05542583589959023,0.005176095094547901,0.0,0.0,0.0
1692310836.8195536,0.18821170892155084,0.05554802274762065,0.005292080597794638,0.0,0.0,0.0
1692310836.9140236,0.18783750670806804,0.055636817193028446,0.005331013027670148,0.0,0.0,0.0
1692310837.0065093,0.18860079113036596,0.055741506127582816,0.005438824726282054,0.0,0.0,0.0
1692310837.0955048,0.18826335954061213,0.05581828202211979,0.005464826883806943,0.0,0.0,0.0
1692310837.1923594,0.18846896545211012,0.055887679967421944,0.005534594996763166,0.0,0.0,0.0
1692310837.29515,0.18953886345168175,0.055992303030022623,0.005658532088513727,0.0,0.0,0.0
1692310837.3653026,0.18975780662115527,0.05609613538451444,0.005709571806815215,0.0,0.0,0.0
1692310837.4665387,0.1905713439983473,0.05621872476071867,0.0057976140830224565,0.0,0.0,0.0
1692310837.5668094,0.19171855655267953,0.05637081250678623,0.005940542372551037,0.0,0.0,0.0
1692310837.6668544,0.19407987935610085,0.05660686315463813,0.006141158803968166,0.0,0.0,0.0
1692310837.7676232,0.19498640070856232,0.056837835035559135,0.0063976939578277514,0.0,0.0,0.0
1692310837.8663476,0.19621832337758635,0.057082190559788845,0.006687383066510305,0.0,0.0,0.0
1692310837.9697926,0.19860058586500226,0.05740934763368291,0.006905883082390563,0.0,0.0,0.0
1692310838.0722134,0.20046848216406055,0.057784169611975064,0.0070278331617611624,0.0,0.0,0.0
1692310838.1720467,0.2013035978241559,0.058149431719235506,0.007041148632639965,0.0,0.0,0.0
1692310838.269184,0.20079301976725006,0.05844356201049761,0.006912387065787953,0.0,0.0,0.0
1692310838.3595324,0.2015949276052122,0.05873885627905578,0.0067054625759940525,0.0,0.0,0.0
1692310838.4737315,0.20261330762019353,0.05904757970421325,0.0064011955961086825,0.0,0.0,0.0
1692310838.574732,0.20263000674213866,0.05930744107791466,0.006124383285937024,0.0,0.0,0.0
1692310838.6868436,0.20295277950597804,0.05954382991709234,0.0058448821832163085,0.0,0.0,0.0
1692310838.765674,0.20237917559418625,0.05971391369713346,0.005584515971402397,0.0,0.0,0.0
1692310838.866645,0.20267521061323715,0.0598699612336626,0.005374680964733557,0.0,0.0,0.0
1692310838.9606707,0.2033884627950716,0.060038033726850286,0.005167366168753858,0.0,0.0,0.0
1692310839.0701134,0.20325985679117153,0.060171612123863474,0.004994201560746987,0.0,0.0,0.0
1692310839.172241,0.20269729892932103,0.06025825053327533,0.004794600482006405,0.0,0.0,0.0
1692310839.2911627,0.20224148294898903,0.06030545580437679,0.0046607103865075215,0.0,0.0,0.0
1692310839.3703601,0.20118743600936032,0.060291367737457774,0.004556484758689851,0.0,0.0,0.0
1692310839.4729135,0.2010803597154044,0.060274469364784936,0.004466472969696642,0.0,0.0,0.0
1692310839.5986927,0.2009992310804887,0.060254548633212154,0.0044175058824673175,0.0,0.0,0.0
1692310839.6806338,0.20038160828067988,0.060201747050928754,0.00444766697791258,0.0,0.0,0.0
1692310839.7724166,0.19970233380684502,0.06012464378616219,0.004459523315056138,0.0,0.0,0.0
1692310839.8706613,0.19961838629267206,0.06005397618005697,0.004498220583611453,0.0,0.0,0.0
1692310839.9586096,0.1985209154935384,0.05993798786512373,0.004554981665553004,0.0,0.0,0.0
1692310840.0724795,0.19853052063729026,0.05984375754892476,0.00457853750148695,0.0,0.0,0.0
1692310840.1694386,0.1995439587097668,0.05981103920911559,0.004661131889007832,0.0,0.0,0.0
1692310840.2646446,0.19923982169027207,0.05977348982278182,0.0046690648904814825,0.0,0.0,0.0
1692310840.3611283,0.1988014521141478,0.05971528518980233,0.0047352120220336144,0.0,0.0,0.0
1692310840.4922583,0.19948342567061458,0.05969482031862366,0.0048611468453644184,0.0,0.0,0.0
1692310840.573693,0.19953899263004227,0.059681413989619465,0.004956825324262785,0.0,0.0,0.0
1692310840.678336,0.19841813878485365,0.059606392554233674,0.005114570395404861,0.0,0.0,0.0
1692310840.7698386,0.19766197434756141,0.05950984117785033,0.005204982126216593,0.0,0.0,0.0
1692310840.866929,0.19757379124080354,0.059428485550827,0.005242935391822934,0.0,0.0,0.0
1692310840.9688962,0.19789200444527533,0.05937949631719047,0.00524387941342294,0.0,0.0,0.0
1692310841.0687504,0.1978604692264977,0.059339163344057824,0.005221127958050251,0.0,0.0,0.0
1692310841.1715913,0.1980019875223872,0.05931509793931466,0.005173709741644966,0.0,0.0,0.0
1692310841.265265,0.19861279934111192,0.05932642355134664,0.00512617918099316,0.0,0.0,0.0
1692310841.3587854,0.19865045072219303,0.05934136460614493,0.00504142392009488,0.0,0.0,0.0
1692310841.4689653,0.19751835472168597,0.0593018295468285,0.0049052273051138195,0.0,0.0,0.0
1692310841.5713403,0.1977808092439312,0.05928459899732909,0.004755553478839726,0.0,0.0,0.0
1692310841.700001,0.19851980909611555,0.05931056346678109,0.004581479558342922,0.0,0.0,0.0
1692310841.7725887,0.19822983806364614,0.05932037381089783,0.004391042875438441,0.0,0.0,0.0
1692310841.898229,0.1990296213234867,0.059372284300265095,0.004166179113568599,0.0,0.0,0.0
1692310841.9970453,0.19869104850861366,0.05940052835342099,0.003938396831419981,0.0,0.0,0.0
1692310842.0730083,0.19969278661234327,0.059475564709427206,0.003720770739088653,0.0,0.0,0.0
1692310842.1717534,0.1998220172836965,0.05954662114146848,0.003489603642191875,0.0,0.0,0.0
1692310842.2600646,0.20010763439741258,0.059621654998321894,0.003255737309406345,0.0,0.0,0.0
1692310842.3702724,0.2005048595202254,0.05970448730748757,0.003048740984775865,0.0,0.0,0.0
1692310842.5022206,0.20088491620978835,0.05979301957476946,0.002861609818733883,0.0,0.0,0.0
1692310842.577609,0.20131509306687922,0.05988870174801369,0.0026938676606464446,0.0,0.0,0.0
1692310842.6715674,0.20113353432441755,0.05995976196688355,0.00253891123647987,0.0,0.0,0.0
1692310842.7618484,0.2002160182067232,0.05997302346724031,0.002407933246041957,0.0,0.0,0.0
1692310842.9028666,0.1987703949266084,0.05991155371448253,0.0023008499725956956,0.0,0.0,0.0
1692310842.9696789,0.19915852372593973,0.059880235463837625,0.0021966557565137,0.0,0.0,0.0
1692310843.0694056,0.19919430042759437,0.059856136666624794,0.002102784013417679,0.0,0.0,0.0
1692310843.1978185,0.19841006769163014,0.05979718452742305,0.002008575876918092,0.0,0.0,0.0
1692310843.2601929,0.19916147856280653,0.05978568514292277,0.0019320523961294995,0.0,0.0,0.0
1692310843.3695595,0.19939365958355537,0.059788229723303304,0.0018487720690621965,0.0,0.0,0.0
1692310843.4722872,0.20036972481358034,0.05983945038877559,0.0017714620763472798,0.0,0.0,0.0
1692310843.600859,0.19971649117126616,0.05985025549052748,0.001665563344694868,0.0,0.0,0.0
1692310843.705099,0.20039201886271826,0.05989341947223473,0.00155999856205602,0.0,0.0,0.0
1692310843.7668839,0.20043307775916008,0.05993218727419129,0.0014204211332091742,0.0,0.0,0.0
1692310843.8682237,0.20071131086057037,0.05997864462766546,0.0012838922313288903,0.0,0.0,0.0
1692310843.9811425,0.20066165930278973,0.060015096665160805,0.0011422609960611433,0.0,0.0,0.0
1692310844.0817547,0.20080654409466447,0.06005296382779945,0.0009713384903127194,0.0,0.0,0.0
1692310844.1801229,0.20265667429130377,0.06017721493289056,0.000800917096288786,0.0,0.0,0.0
1692310844.2775795,0.20371952114697858,0.0603338424870327,0.0006165375295971521,0.0,0.0,0.0
1692310844.3644853,0.20428417255753967,0.06049247101075089,0.00044107074531364457,0.0,0.0,0.0
1692310844.4742467,0.2043577141896372,0.06062831456515976,0.0002980041699560143,0.0,0.0,0.0
1692310844.593677,0.20362829767145535,0.06070497329210267,0.00018590046381896259,0.0,0.0,0.0
1692310844.6729183,0.20322713977160906,0.06074878007649975,0.00010101010665702911,0.0,0.0,0.0
1692310844.7747138,0.2041636400770489,0.060832332028981737,8.584941523794652e-05,0.0,0.0,0.0
1692310844.9137254,0.20421826493767542,0.06090463783661145,9.621342647079273e-05,0.0,0.0,0.0
1692310845.011044,0.20467568597727304,0.06098746950227283,0.00016434390395094373,0.0,0.0,0.0
1692310845.0855505,0.20391709360548854,0.06101783253373978,0.0002781081217088676,0.0,0.0,0.0
1692310845.1872668,0.20396053483842758,0.06104469477182768,0.00041149536962283234,0.0,0.0,0.0
1692310845.2694316,0.2033251762090037,0.061035098103143934,0.0005301783663859905,0.0,0.0,0.0
1692310845.371746,0.2033517172823792,0.06102867328926744,0.0006155496234044588,0.0,0.0,0.0
1692310845.4694679,0.20341001236501222,0.06102711870553752,0.0006240492068919305,0.0,0.0,0.0
1692310845.6022906,0.20242760603510665,0.060976820948029864,0.0006090002396819513,0.0,0.0,0.0
1692310845.6737304,0.20287181850756436,0.06095756297105075,0.0004953805155012272,0.0,0.0,0.0
1692310845.7739701,0.2034536009146722,0.06097029208734574,0.00032425919036770584,0.0,0.0,0.0
1692310845.8750124,0.20369319130176397,0.060992444763648485,0.0001393742844540043,0.0,0.0,0.0
1692310845.9715765,0.20347599640917008,0.060998327175917286,-0.00011085799835650065,0.0,0.0,0.0
1692310846.0700216,0.2038961128511551,0.0610224228412415,-0.0003914174231531729,0.0,0.0,0.0
1692310846.175796,0.20400206214572636,0.06104782146389558,-0.0006245558884711033,0.0,0.0,0.0
1692310846.3085463,0.20308110885671649,0.061021759104220426,-0.0008529139927554593,0.0,0.0,0.0
1692310846.3741753,0.20222517463026551,0.060957376034807165,-0.0010359908564939245,0.0,0.0,0.0
1692310846.4755845,0.2043763206460979,0.061012924743429106,-0.0011427623543749988,0.0,0.0,0.0
1692310846.5723515,0.20704393261433673,0.06119335096411986,-0.0012141991012064788,0.0,0.0,0.0
1692310846.690248,0.20614373241265502,0.061299759282761344,-0.0012198400263261494,0.0,0.0,0.0
1692310846.765607,0.20716252290642845,0.06144028655058316,-0.0011775459466648766,0.0,0.0,0.0
1692310846.894667,0.20684790244280093,0.06154236853783682,-0.0010796001276134905,0.0,0.0,0.0
1692310846.9867413,0.20582404345649943,0.06157625114011717,-0.0009813558305757743,0.0,0.0,0.0
1692310847.0741205,0.20591733517070934,0.06160932314348576,-0.0008735719274601848,0.0,0.0,0.0
1692310847.1871593,0.20445539096251003,0.06156375095825579,-0.0007027677240502663,0.0,0.0,0.0
1692310847.2950635,0.20349165494433852,0.06147752139307608,-0.0005678774955799249,0.0,0.0,0.0
1692310847.3981469,0.20277147504044177,0.06136950796919229,-0.0004240259378428603,0.0,0.0,0.0
1692310847.4980166,0.2021146802308495,0.061246648534436475,-0.00030887271823642007,0.0,0.0,0.0
1692310847.597985,0.2016703923188332,0.061121909934652364,-0.00018838769982369204,0.0,0.0,0.0
1692310847.7021043,0.20086398058942795,0.06097772988601026,-0.000110625632992609,0.0,0.0,0.0
1692310847.8015945,0.20088125474386034,0.06085849971348706,-4.725434631596445e-05,0.0,0.0,0.0
1692310847.8984995,0.20035390217982166,0.06073274775279533,8.267685633599125e-06,0.0,0.0,0.0
1692310847.9996638,0.19930949834113673,0.060575677491542974,5.31679337738525e-05,0.0,0.0,0.0
1692310848.0971937,0.19878396632149242,0.06041853909478087,8.344322577618955e-05,0.0,0.0,0.0
1692310848.2078369,0.19718023717737204,0.060207264192731064,0.00011586256682172811,0.0,0.0,0.0
1692310848.3044317,0.19458453538147927,0.05990124611935689,0.00013844420918896863,0.0,0.0,0.0
1692310848.402316,0.1935880360632196,0.05959647129678551,0.0001383475618727819,0.0,0.0,0.0
1692310848.5105276,0.1927039155433911,0.059298326491165454,0.00011751740572446977,0.0,0.0,0.0
1692310848.6121624,0.19161301507133705,0.058995248050654106,6.123926690321688e-05,0.0,0.0,0.0
1692310848.7042234,0.19018815165235484,0.05867112757102795,-2.9534855993084864e-05,0.0,0.0,0.0
1692310848.80513,0.19035522120800322,0.0584093374268803,-0.00012307680450095298,0.0,0.0,0.0
1692310848.9046464,0.19047063955023427,0.05819666581402391,-0.00023294492403322148,0.0,0.0,0.0
1692310849.0116515,0.18961985833256653,0.057975915917992366,-0.00038210404264968784,0.0,0.0,0.0
1692310849.1210947,0.19171021752294023,0.05789445271728604,-0.0006011897317923771,0.0,0.0,0.0
1692310849.2187877,0.19179183538857725,0.05782939803865716,-0.000824434134413662,0.0,0.0,0.0
1692310849.2795045,0.1914862493717569,0.05775999111825995,-0.0010073549505371223,0.0,0.0,0.0
1692310849.406495,0.1912692289754187,0.05769033840085168,-0.0011871686844873146,0.0,0.0,0.0
1692310849.4723039,0.1925730187803068,0.05769751582047254,-0.0013414830130023848,0.0,0.0,0.0
1692310849.6184916,0.19231495697151843,0.05769163199175793,-0.0014393334500128639,0.0,0.0,0.0
1692310849.7212665,0.19207976757757605,0.057674682028737545,-0.001528495456975799,0.0,0.0,0.0
1692310849.8028386,0.1920893600369756,0.057662203555269506,-0.0015669638853606862,0.0,0.0,0.0
1692310849.8663876,0.19145933753722072,0.05762127780229105,-0.001562544602915146,0.0,0.0,0.0
1692310850.0057113,0.19072832948288382,0.05755181238717118,-0.0015066964849741536,0.0,0.0,0.0
1692310850.1020348,0.19015400151205863,0.05746552469884838,-0.0014428409541460032,0.0,0.0,0.0
1692310850.1978474,0.19031473536683777,0.057402424631637985,-0.0013483959418475963,0.0,0.0,0.0
1692310850.2998185,0.189636770797896,0.057316486799560536,-0.0012240510548491832,0.0,0.0,0.0
1692310850.3990388,0.18941779679444387,0.057234266232965944,-0.0010810742111221048,0.0,0.0,0.0
1692310850.503283,0.18847472996313896,0.0571186593142605,-0.000936483219697966,0.0,0.0,0.0
1692310850.5963714,0.18799709833920525,0.05699848241362942,-0.0007971348080341331,0.0,0.0,0.0
1692310850.685946,0.1881676297660795,0.056906932739352184,-0.0006690817039616834,0.0,0.0,0.0
1692310850.7967,0.18816209399016293,0.05683037936142098,-0.0005749930975663509,0.0,0.0,0.0
1692310850.8947463,0.1883250767264602,0.05677473511242608,-0.000511834406404517,0.0,0.0,0.0
1692310850.9975357,0.18859014551769548,0.05674161811789613,-0.00047037288787725364,0.0,0.0,0.0
1692310851.1056042,0.18951146681564124,0.05676012555378827,-0.00044810415696681217,0.0,0.0,0.0
1692310851.211156,0.19063516162724323,0.05683162105083475,-0.00045904094836679663,0.0,0.0,0.0
1692310851.2682836,0.19082480543663582,0.056900433617926606,-0.0004920874113516053,0.0,0.0,0.0
1692310851.3944244,0.19235556898992265,0.057034390364794955,-0.0005247968422755647,0.0,0.0,0.0
1692310851.4658475,0.19298185815471108,0.057177106062523554,-0.0005714128890964385,0.0,0.0,0.0
1692310851.604008,0.1931309574068955,0.05730351202857244,-0.0006063541331382575,0.0,0.0,0.0
1692310851.7134728,0.19455198124513476,0.057480031787906255,-0.0006336625630168077,0.0,0.0,0.0
1692310851.8066175,0.19461992570873612,0.05763048853149223,-0.0006555377085335047,0.0,0.0,0.0
1692310851.875697,0.1949257917456301,0.05777153781596296,-0.0006389016446058794,0.0,0.0,0.0
1692310851.974008,0.19570694218044762,0.057928436251540455,-0.0005903746012143919,0.0,0.0,0.0
1692310852.0965672,0.19558103050107445,0.058052877530422334,-0.0005401737739577667,0.0,0.0,0.0
1692310852.1954045,0.19567006358472178,0.05816111667004486,-0.00045309069893652065,0.0,0.0,0.0
1692310852.2637095,0.1960988112589802,0.05827230617951116,-0.0002829293600295082,0.0,0.0,0.0
1692310852.3652318,0.19669938276676296,0.05839494207491745,-0.00013366451928042972,0.0,0.0,0.0
1692310852.5092971,0.1965157963931494,0.05848786218209998,-5.777199676548065e-06,0.0,0.0,0.0
1692310852.6159434,0.19782463329301433,0.05863073533028669,0.0001102552993953232,0.0,0.0,0.0
1692310852.7006269,0.1976176552304105,0.05873884588573679,0.0002460610160503172,0.0,0.0,0.0
1692310852.8094075,0.19952902474087372,0.05892467515476654,0.0003590538679715667,0.0,0.0,0.0
1692310852.9053185,0.2004520295773352,0.05912598185986992,0.0004349670956363576,0.0,0.0,0.0
1692310853.0076938,0.2011179362692838,0.05932660546216782,0.0005270197048029586,0.0,0.0,0.0
1692310853.1088355,0.2007875934638075,0.05947692299789597,0.0006182925031484491,0.0,0.0,0.0
1692310853.20498,0.2005260231290683,0.05958808886222321,0.00074101166907304,0.0,0.0,0.0
1692310853.2957618,0.20176997455898849,0.05974316300319376,0.000837100853936488,0.0,0.0,0.0
1692310853.3817344,0.20200128010131008,0.05988351550571404,0.0009354953143417208,0.0,0.0,0.0
1692310853.5090754,0.20243209921679892,0.06002181557348748,0.0010259711459840199,0.0,0.0,0.0
1692310853.6196895,0.20209027202299917,0.06012054652401542,0.001072693227546732,0.0,0.0,0.0
1692310853.7163684,0.20025478565670796,0.06011087263435873,0.0011087127217582252,0.0,0.0,0.0
1692310853.8160968,0.1978631667835865,0.059983108362849334,0.0011320697576780354,0.0,0.0,0.0
1692310853.9161794,0.19770160526122427,0.05986819353362991,0.0011693419515022658,0.0,0.0,0.0
1692310854.0029788,0.19741852035804397,0.059758304861496706,0.0011994421131106198,0.0,0.0,0.0
1692310854.104611,0.19852043146921558,0.05972200158820223,0.0012238977092579656,0.0,0.0,0.0
1692310854.1787114,0.19983079654423866,0.05975710222363285,0.0012582904755098446,0.0,0.0,0.0
1692310854.2715652,0.1992189797714621,0.05975482565744616,0.0013203174302748855,0.0,0.0,0.0
1692310854.3628323,0.20031228293658412,0.05980796541986497,0.0013629376864336086,0.0,0.0,0.0
1692310854.463528,0.2008930029340694,0.05987949404513813,0.0014613144748140735,0.0,0.0,0.0
1692310854.5738351,0.20007339348476638,0.059896846795246206,0.00157677314526636,0.0,0.0,0.0
1692310854.6744835,0.19981634961322553,0.05989487479455671,0.0017607438908238836,0.0,0.0,0.0
1692310854.7732208,0.19857888965925846,0.05982866702725116,0.001966576007299322,0.0,0.0,0.0
1692310854.898101,0.19771733472816916,0.059725703983117204,0.0022218849608269826,0.0,0.0,0.0
1692310854.9714923,0.1962701037724015,0.05956922643078645,0.0024012488942716384,0.0,0.0,0.0
1692310855.1005254,0.19670608097205194,0.0594529260615235,0.002676266987169577,0.0,0.0,0.0
1692310855.1818748,0.19638644815213527,0.05934344400724752,0.0028532841606665085,0.0,0.0,0.0
1692310855.273446,0.1960956887995352,0.05924094442122498,0.0029465987391240596,0.0,0.0,0.0
1692310855.4019237,0.1947991620582113,0.059091143511326744,0.003013148657826132,0.0,0.0,0.0
1692310855.4779248,0.19748262734227393,0.059098779891460285,0.0031068580179122508,0.0,0.0,0.0
1692310855.5767405,0.19833643007451962,0.05914727041907324,0.003196826284443708,0.0,0.0,0.0
1692310855.6739194,0.1984840297005881,0.05919489470481647,0.0032746481941798747,0.0,0.0,0.0
1692310855.776278,0.1979831463871712,0.059211723214270026,0.0033010462007506724,0.0,0.0,0.0
1692310855.8996313,0.1976352146655641,0.059211129141196146,0.0032716062358019676,0.0,0.0,0.0
1692310855.9614513,0.19825044918554513,0.05924344565475255,0.0032086908798667157,0.0,0.0,0.0
1692310856.0753558,0.19729555561876935,0.059226222891890425,0.0030722930904074986,0.0,0.0,0.0
1692310856.20551,0.1958546987115994,0.05914125038825904,0.0029166922728491415,0.0,0.0,0.0
1692310856.2732432,0.19709113508552645,0.05913711588190811,0.0026187404729849065,0.0,0.0,0.0
1692310856.3676085,0.1971803902462771,0.0591388369958989,0.002330035468075037,0.0,0.0,0.0
1692310856.4755661,0.19584024746139134,0.05907418188566697,0.0019768336492838033,0.0,0.0,0.0
1692310856.578091,0.19394734880236217,0.05892552800992101,0.0016698937709951663,0.0,0.0,0.0
1692310856.6683848,0.19371635226810102,0.05879008960110191,0.0013556439328552888,0.0,0.0,0.0
1692310856.7776184,0.1933313011910074,0.05865782501896935,0.0010642953118055374,0.0,0.0,0.0
1692310856.8704252,0.19324725249645303,0.05854317575205717,0.0007901678056265026,0.0,0.0,0.0
1692310857.000817,0.193103974738992,0.058440384792600164,0.0005513893447346534,0.0,0.0,0.0
1692310857.0623977,0.19263390314927095,0.05833116266571628,0.0003484758710571086,0.0,0.0,0.0
1692310857.1932297,0.19124896471428815,0.05817100937056319,0.00020032656069943932,0.0,0.0,0.0
1692310857.29664,0.19033198618574249,0.057991995844821086,0.00012602924940736867,0.0,0.0,0.0
1692310857.3690681,0.19097885791615984,0.05787534529135034,0.00012814190192376998,0.0,0.0,0.0
1692310857.4726868,0.19045301358478733,0.05775134437328884,0.00020580321429572587,0.0,0.0,0.0
1692310857.6115255,0.19006980383018005,0.05762783087053372,0.00034247173638588023,0.0,0.0,0.0
1692310857.7051744,0.18907408395398334,0.05747482782920077,0.0004682298851879227,0.0,0.0,0.0
1692310857.7675147,0.1867390084056355,0.05722975516462842,0.0006019671960507668,0.0,0.0,0.0
1692310857.86615,0.18616042603542896,0.05699654673069664,0.0007163614368647848,0.0,0.0,0.0
1692310858.0001698,0.18625015281634666,0.05680450727023169,0.0008943883590978023,0.0,0.0,0.0
1692310858.0998878,0.18552505884429235,0.05660758312631007,0.0010611349098726655,0.0,0.0,0.0
1692310858.1613028,0.18633355367248877,0.05648248315463009,0.0012439424736619747,0.0,0.0,0.0
1692310858.2709572,0.18653083138233387,0.05638880508038599,0.0013792392800550063,0.0,0.0,0.0
1692310858.3703344,0.1885474949078596,0.05641233290129027,0.0014790567936682308,0.0,0.0,0.0
1692310858.4695957,0.1890042688112287,0.056450568384556976,0.0016675284691740361,0.0,0.0,0.0
1692310858.5726962,0.18882570393569084,0.05647475647840209,0.001795484682657101,0.0,0.0,0.0
1692310858.7143867,0.18825784460610936,0.05646693953437594,0.0018900586943449169,0.0,0.0,0.0
1692310858.7854338,0.18783099221205699,0.056438873427933973,0.0019724107136357446,0.0,0.0,0.0
1692310858.8606231,0.18754438001622728,0.05640286265394901,0.0019975847675466132,0.0,0.0,0.0
1692310859.0108478,0.18807292885980811,0.056400346609984796,0.001991444181138403,0.0,0.0,0.0
1692310859.0869205,0.18865166154427487,0.05642801935175362,0.0019637222049258183,0.0,0.0,0.0
1692310859.1622815,0.18869559912786996,0.05645446097489318,0.0019012707351575013,0.0,0.0,0.0
1692310859.2619543,0.18773445826079124,0.05642923001729807,0.0018145636038248577,0.0,0.0,0.0
1692310859.3713474,0.18721693121483562,0.056382546984876276,0.0017310810244567597,0.0,0.0,0.0
1692310859.4682827,0.18613648328784507,0.0562897483776758,0.0016513802039677,0.0,0.0,0.0
1692310859.5719178,0.18615670638896334,0.05621317842465447,0.0015971972901970357,0.0,0.0,0.0
1692310859.6702273,0.18512963555938194,0.0560977351492046,0.0015598609669555835,0.0,0.0,0.0
1692310859.7616985,0.18536206515329304,0.056013120544243164,0.0015327175934515263,0.0,0.0,0.0
1692310859.8700407,0.18488236042961168,0.055917570605860896,0.0015477481286059816,0.0,0.0,0.0
1692310859.965909,0.18466151364362926,0.05582590120382896,0.0015926947715869215,0.0,0.0,0.0
1692310860.0661898,0.18358403395751788,0.055695750548810326,0.0016233668083878213,0.0,0.0,0.0
1692310860.164482,0.18371552519026357,0.055593329838511965,0.001666866228171485,0.0,0.0,0.0
1692310860.273274,0.1842429049272478,0.0555340199413414,0.0017154831999058981,0.0,0.0,0.0
1692310860.3706107,0.18367269433014488,0.055456129733034966,0.0017531427670266135,0.0,0.0,0.0
1692310860.4673488,0.18330253417984674,0.05537222479463827,0.0017974443146442699,0.0,0.0,0.0
1692310860.5702782,0.18220501221565144,0.05524783834735471,0.001819698528489727,0.0,0.0,0.0
1692310860.6677735,0.18220435099138685,0.055144266069126216,0.001836113460167949,0.0,0.0,0.0
1692310860.7999485,0.18186848422076887,0.055041266442715425,0.0018465469959170384,0.0,0.0,0.0
1692310860.8979578,0.18216901604904417,0.05497100672381354,0.00184131899974322,0.0,0.0,0.0
1692310860.995878,0.18349227829516856,0.05497887741298801,0.0018349796304489615,0.0,0.0,0.0
1692310861.106296,0.18429845498462366,0.0550268021895372,0.0017987704024550358,0.0,0.0,0.0
1692310861.2082734,0.1840361223215594,0.05505370500146341,0.0017641381621094196,0.0,0.0,0.0
1692310861.3016999,0.18452265172432658,0.05510068639314598,0.0017287370930400112,0.0,0.0,0.0
1692310861.392361,0.1858847332264739,0.05520828386220705,0.0016921459158908171,0.0,0.0,0.0
1692310861.4674227,0.18586924303440555,0.05529763061390214,0.0016426963911120155,0.0,0.0,0.0
1692310861.569026,0.18677393156359126,0.05541760380041771,0.0015929914005665682,0.0,0.0,0.0
1692310861.669008,0.18748283529570067,0.0555529488502709,0.001556503382325534,0.0,0.0,0.0
1692310861.827814,0.1885739291207871,0.055720837513033236,0.0015060495465795253,0.0,0.0,0.0
1692310861.9223626,0.18867601724459124,0.05586519903853175,0.001489759909666999,0.0,0.0,0.0
1692310862.0181208,0.18872566674892882,0.055987219003890594,0.001503583458252153,0.0,0.0,0.0
1692310862.1039653,0.18807504598480537,0.05605675862448178,0.0014962862586721977,0.0,0.0,0.0
1692310862.1976624,0.18814264203353825,0.05611700619985241,0.0015284331675294305,0.0,0.0,0.0
1692310862.2615209,0.18888980873964226,0.056202996838799424,0.0016058461436361956,0.0,0.0,0.0
1692310862.3701627,0.20487783165907594,0.057074993243891946,0.0017024100588041418,0.0,0.0,0.0
1692310862.4625456,0.21211548886550183,0.05816364616360006,0.0017984708214243217,0.0,0.0,0.0
1692310862.562499,0.21393557796896967,0.05915923285120503,0.0019434884509861691,0.0,0.0,0.0
1692310862.7008028,0.21478558641226597,0.06003207828879919,0.0020420118459539196,0.0,0.0,0.0
1692310862.7728477,0.2148431043824166,0.06076314856655175,0.0020949584849663284,0.0,0.0,0.0
1692310862.8712816,0.21414883753078445,0.061336989111125076,0.0021480722196465215,0.0,0.0,0.0
1692310862.9712274,0.21268000565940196,0.06174248462678685,0.002161341789439267,0.0,0.0,0.0
1692310863.0984225,0.21066847786406537,0.06198068014012573,0.0021348461152933787,0.0,0.0,0.0
1692310863.1736822,0.20905664945281016,0.06209953726400061,0.0020716243216742447,0.0,0.0,0.0
1692310863.2683458,0.20764108111373422,0.062129104905748085,0.0019594709388390864,0.0,0.0,0.0
1692310863.3920403,0.20649125613078897,0.062096922305830894,0.0018270292784588918,0.0,0.0,0.0
1692310863.505607,0.20487428567067126,0.06199019169451754,0.0016456883926431697,0.0,0.0,0.0
1692310863.5819063,0.20394515002281147,0.06185489157297238,0.001480672043559208,0.0,0.0,0.0
1692310863.6851172,0.20245419476289278,0.06166762225734737,0.0013297441365239281,0.0,0.0,0.0
1692310863.79676,0.20155345177113743,0.061466954432671014,0.0011152521282042074,0.0,0.0,0.0
1692310863.899609,0.1996927647923595,0.06120657085849142,0.0009429366309829949,0.0,0.0,0.0
1692310863.9696012,0.19757511551665713,0.060881695818653006,0.000591991461406812,0.0,0.0,0.0
1692310864.0825138,0.19594731928649434,0.060528911920083764,0.0002715303795092208,0.0,0.0,0.0
1692310864.1711812,0.1948336073312598,0.06017839372937761,-2.9665471252380334e-05,0.0,0.0,0.0
1692310864.2657828,0.1929026575007475,0.05978399245569123,-0.00044245448820077376,0.0,0.0,0.0
1692310864.3721478,0.19206878918924353,0.05941391422378631,-0.0007799517725092275,0.0,0.0,0.0
1692310864.470273,0.19066627134691977,0.05903405444667653,-0.0010892075918720568,0.0,0.0,0.0
1692310864.5660923,0.1897114139285658,0.058670896480150184,-0.0013211240886912634,0.0,0.0,0.0
1692310864.6679194,0.18864076517730324,0.05831668922968773,-0.0014659869784263823,0.0,0.0,0.0
1692310864.7663054,0.1876428974798612,0.05797371420451959,-0.0015276461268962905,0.0,0.0,0.0
1692310864.9075177,0.18767394699072837,0.05769112220309359,-0.001527085333625736,0.0,0.0,0.0
1692310864.9734647,0.18750748669175557,0.05744840665827672,-0.0014854213914159292,0.0,0.0,0.0
1692310865.1153407,0.18745650927248364,0.0572450116850952,-0.001379923514915647,0.0,0.0,0.0
1692310865.2096264,0.18670630753036363,0.05703860375764888,-0.0012439387822748165,0.0,0.0,0.0
1692310865.2965953,0.18656885091337683,0.0568600484169753,-0.0010985492333369141,0.0,0.0,0.0
1692310865.3604581,0.18553198886762226,0.0566585418446974,-0.0007766431888287884,0.0,0.0,0.0
1692310865.4639423,0.1854878865820416,0.05648827239451811,-0.0004953782391717467,0.0,0.0,0.0
1692310865.570139,0.18457036625916345,0.05629948372094775,-0.0002099224701093177,0.0,0.0,0.0
1692310865.6722932,0.18499109992949558,0.05616156132524121,9.612852691737492e-05,0.0,0.0,0.0
1692310865.802423,0.18574966976403032,0.056080380054724537,0.00047205589409310617,0.0,0.0,0.0
1692310865.8983238,0.18637539504445172,0.05604481615069974,0.0007685829557245905,0.0,0.0,0.0
1692310865.9890323,0.18716635626321215,0.056055854807336145,0.0009896213965027837,0.0,0.0,0.0
1692310866.0664432,0.18751109710423602,0.0560792898379914,0.0012476890777960007,0.0,0.0,0.0
1692310866.172972,0.18736296394615662,0.05609105955725712,0.0014697467857046136,0.0,0.0,0.0
1692310866.266626,0.18650036437398068,0.0560592123745591,0.001618246468231892,0.0,0.0,0.0
1692310866.4009233,0.1859886189715402,0.0560075639844346,0.0017289314124601775,0.0,0.0,0.0
1692310866.4765263,0.18529061283959372,0.05592650780773872,0.001888947726835758,0.0,0.0,0.0
1692310866.572854,0.18371202292034708,0.055780593885594525,0.0020058262956478383,0.0,0.0,0.0
1692310866.6709535,0.1821619299775344,0.05558242773601095,0.002078743750543329,0.0,0.0,0.0
1692310866.7685933,0.18026370201451805,0.05532184401697586,0.0021463702360732563,0.0,0.0,0.0
1692310866.8687468,0.17921890724283185,0.05505149079663966,0.0022214619905970277,0.0,0.0,0.0
1692310866.9636743,0.17692153516209755,0.0547119198517417,0.0022659139615328967,0.0,0.0,0.0
1692310867.0661597,0.17573289890352545,0.05437003981586035,0.0022900577423675727,0.0,0.0,0.0
1692310867.1610718,0.1737555228627483,0.053982123479215244,0.0023881206193776586,0.0,0.0,0.0
1692310867.270749,0.17164062282304338,0.05355038016938587,0.002512383576182548,0.0,0.0,0.0
1692310867.366172,0.1687492493275373,0.05304815210080789,0.0025730762518958116,0.0,0.0,0.0
1692310867.4943073,0.16682296433871222,0.05253090036109287,0.0026609400398426948,0.0,0.0,0.0
1692310867.5708134,0.1652588583865558,0.05202330542819808,0.002704719970986844,0.0,0.0,0.0
1692310867.6632073,0.1640941284573249,0.051539389463809746,0.0027836188488522045,0.0,0.0,0.0
1692310867.7586129,0.16266849844237244,0.05106632876258224,0.0028239652522912984,0.0,0.0,0.0
1692310867.8603258,0.16140690076545713,0.05060682962991605,0.0028902331075000296,0.0,0.0,0.0
1692310867.973495,0.15977374144618534,0.05014395262241313,0.0029165859456071535,0.0,0.0,0.0
1692310868.0720425,0.15758570794961704,0.04964784245310025,0.002949073075283458,0.0,0.0,0.0
1692310868.171419,0.15739738001332232,0.04922602998066548,0.0029622728313884973,0.0,0.0,0.0
1692310868.2658303,0.15616100091477259,0.048808837328792126,0.0030281902425706455,0.0,0.0,0.0
1692310868.3647518,0.15555926968823244,0.04843285062226283,0.0030581445641275832,0.0,0.0,0.0
1692310868.4688709,0.154299271236705,0.04805676227437726,0.0030775193558752827,0.0,0.0,0.0
1692310868.5698266,0.15364879906774892,0.047711335235737416,0.0030860643094989494,0.0,0.0,0.0
1692310868.6811132,0.15344680216677323,0.04741608367398896,0.003052983521196997,0.0,0.0,0.0
1692310868.800654,0.15252239204086007,0.04712518945703745,0.0030018373668745726,0.0,0.0,0.0
1692310868.8684046,0.15118499197974836,0.04681761569726573,0.0029273484100558046,0.0,0.0,0.0
1692310868.960992,0.15117267451349867,0.04656271286455578,0.0028297220133183935,0.0,0.0,0.0
1692310869.0625482,0.1512330362702017,0.046355427112881174,0.0027071495517613834,0.0,0.0,0.0
1692310869.164002,0.15062578279165237,0.04615318926050521,0.00258538399262784,0.0,0.0,0.0
1692310869.2679205,0.14935120216367062,0.045921819741870505,0.002460174548281807,0.0,0.0,0.0
1692310869.376456,0.15011625080280905,0.04576848545832511,0.0023293401553559135,0.0,0.0,0.0
1692310869.4635205,0.15081996696520197,0.04567650247180666,0.0022075512437696454,0.0,0.0,0.0
1692310869.5707076,0.15136898718463115,0.04562725206950812,0.002110367935366253,0.0,0.0,0.0
1692310869.6699278,0.1519067982678808,0.04561349128918706,0.002020780995740104,0.0,0.0,0.0
1692310869.7689488,0.1520614433488751,0.04560875344761024,0.00197439760593098,0.0,0.0,0.0
1692310869.8722475,0.15166046088613414,0.04558486646254258,0.0019314617551805602,0.0,0.0,0.0
1692310869.971801,0.15229744223792255,0.045594897680797164,0.0019448232875883356,0.0,0.0,0.0
1692310870.065522,0.15240326645857527,0.04560452699368641,0.002037602351341539,0.0,0.0,0.0
1692310870.1764388,0.15321936158167968,0.045651795403509915,0.0021450055939573978,0.0,0.0,0.0
1692310870.2754948,0.15309302588604384,0.04568057495868124,0.0023021138437022484,0.0,0.0,0.0
1692310870.3758457,0.15423453714959603,0.045760901505117704,0.0024472264570796396,0.0,0.0,0.0
1692310870.4806776,0.15476518343341553,0.04584739365512324,0.002662827810782271,0.0,0.0,0.0
1692310870.572207,0.15573621638348017,0.045957141477869876,0.002968048069551931,0.0,0.0,0.0
1692310870.6704688,0.15691542664568384,0.0461075821965042,0.00322573595027636,0.0,0.0,0.0
1692310870.77866,0.1579088647871731,0.04627743977652857,0.00349543067587573,0.0,0.0,0.0
1692310870.8772604,0.1592982433393711,0.046490810819966345,0.0037011141915019325,0.0,0.0,0.0
1692310870.9722486,0.16082871358171555,0.04673858008008331,0.003940765153201614,0.0,0.0,0.0
1692310871.0877068,0.1627639390240229,0.047044617399602695,0.0041198830902956125,0.0,0.0,0.0
1692310871.1898673,0.16357245154742647,0.04734896931059458,0.004179517891608623,0.0,0.0,0.0
1692310871.2686543,0.16357400982446418,0.04760918870944664,0.0041530755511236086,0.0,0.0,0.0
1692310871.3684173,0.16505133998266053,0.047902249212092136,0.00410557513423357,0.0,0.0,0.0
1692310871.461634,0.16518036793042393,0.048158757787557335,0.00398556393774264,0.0,0.0,0.0
1692310871.6034071,0.16613986330583222,0.048422587330007386,0.0038558078022857267,0.0,0.0,0.0
1692310871.7055483,0.16732002860866538,0.04870338970698059,0.003719100321923201,0.0,0.0,0.0
1692310871.7991347,0.16751797918443753,0.04894905629364993,0.0035741643960606586,0.0,0.0,0.0
1692310871.8740368,0.1691342950600998,0.049236323329569384,0.0034256111920189574,0.0,0.0,0.0
1692310872.0001452,0.16983058239034737,0.04951190891465157,0.003275314638917423,0.0,0.0,0.0
1692310872.0945132,0.17050461734824504,0.049775804980514926,0.003139407646695148,0.0,0.0,0.0
1692310872.1597586,0.17161420932568555,0.05005263387871918,0.00299697615567063,0.0,0.0,0.0
1692310872.2712924,0.17281015247964757,0.050344972488105426,0.0028360107634183666,0.0,0.0,0.0
1692310872.3691313,0.17417212840011267,0.050657563314614955,0.0026811114368931236,0.0,0.0,0.0
1692310872.4701917,0.1759003071585143,0.051005518495927174,0.002525311206617101,0.0,0.0,0.0
1692310872.5643482,0.17763675600918613,0.05138286806748369,0.0023811764109204206,0.0,0.0,0.0
1692310872.6743765,0.1796724189177158,0.05179972581859922,0.0022447557000536793,0.0,0.0,0.0
1692310872.8070307,0.18535229956820598,0.052431292202799615,0.002143419311628909,0.0,0.0,0.0
1692310872.8677611,0.18920674193962073,0.053150020150679336,0.0020776486244431904,0.0,0.0,0.0
1692310872.9644976,0.18758729213904987,0.05366355327918848,0.002131165660455699,0.0,0.0,0.0
1692310873.059881,0.1855504548147673,0.05398947574114826,0.0021689928963850645,0.0,0.0,0.0
1692310873.1952114,0.18392549676020745,0.054178693302844826,0.002218597576930736,0.0,0.0,0.0
1692310873.2969406,0.18242648760545882,0.05425037840876706,0.002453000722176392,0.0,0.0,0.0
1692310873.4042852,0.18112517727861396,0.054244260931772786,0.002655566745529097,0.0,0.0,0.0
1692310873.4967525,0.18040791258485483,0.054195326713134574,0.00293028159533951,0.0,0.0,0.0
1692310873.5964682,0.1803598626455006,0.0541420579908929,0.0032760892914175084,0.0,0.0,0.0
1692310873.6947694,0.1800651678910713,0.05407084309814342,0.0036845935026057,0.0,0.0,0.0
1692310873.8037467,0.17981906515127274,0.05399906558817846,0.004025401362571617,0.0,0.0,0.0
1692310873.9093723,0.17981527542534675,0.05393399298186508,0.0043558442649641385,0.0,0.0,0.0
1692310874.0085094,0.18064456991899452,0.053911280787706496,0.004719652218156671,0.0,0.0,0.0
1692310874.0988588,0.18193404962019752,0.053946603276199386,0.005109065062525125,0.0,0.0,0.0
1692310874.200862,0.1827436689058264,0.05401691469419684,0.005433564806148685,0.0,0.0,0.0
1692310874.2721832,0.18403432938029776,0.05414631725201572,0.005659275165920222,0.0,0.0,0.0
1692310874.3780751,0.18470789672200055,0.054284500029432185,0.005876194540135195,0.0,0.0,0.0
1692310874.4814084,0.1857596116911654,0.054456100732088814,0.006029662016809554,0.0,0.0,0.0
1692310874.576899,0.18601679398666698,0.05462173684755613,0.006075324309628834,0.0,0.0,0.0
1692310874.7009337,0.1868652868251361,0.054802370740741034,0.006114447485025917,0.0,0.0,0.0
1692310874.7967365,0.18676860772905052,0.05495937408945039,0.00604095744812275,0.0,0.0,0.0
1692310874.902337,0.18553691312869117,0.055032998361427075,0.005930955898214811,0.0,0.0,0.0
1692310874.9635763,0.1859605001361043,0.05511321827868364,0.0058640561035064225,0.0,0.0,0.0
1692310875.098113,0.18556972568458238,0.0551595010623665,0.005816957163982138,0.0,0.0,0.0
1692310875.180924,0.18561215417471436,0.05520364827295234,0.00574274730716075,0.0,0.0,0.0
1692310875.2972798,0.18483389784410356,0.055198551266643615,0.005708220684360398,0.0,0.0,0.0
1692310875.3696623,0.18467236425132655,0.055183160101017995,0.005708974357531213,0.0,0.0,0.0
1692310875.468187,0.18472969958797053,0.05517368241781439,0.005705198893621948,0.0,0.0,0.0
1692310875.5829227,0.18381582128527524,0.0550945294066965,0.005920052463939479,0.0,0.0,0.0
1692310875.692639,0.18279526383007721,0.05497797203829151,0.006091804118610312,0.0,0.0,0.0
1692310875.7844267,0.18144719342029292,0.05479808411679023,0.006343908396851996,0.0,0.0,0.0
1692310875.871543,0.1808382736139476,0.05462269695344271,0.006516101359372315,0.0,0.0,0.0
1692310875.976714,0.18003524252309352,0.05442308172113307,0.006749802712158417,0.0,0.0,0.0
1692310876.0995889,0.17961571464854847,0.054244462085231517,0.006883033648103226,0.0,0.0,0.0
1692310876.1703691,0.1793748988880544,0.0540878543137098,0.0069627889764787634,0.0,0.0,0.0
1692310876.293547,0.17914667700990397,0.0539401830420828,0.0070695912913002435,0.0,0.0,0.0
1692310876.397116,0.1787620031067357,0.053800180968352325,0.007141142787655266,0.0,0.0,0.0
1692310876.4972255,0.1783744898617645,0.05366233911888758,0.0072120887964378,0.0,0.0,0.0
1692310876.599701,0.17692519818086988,0.05347446300030999,0.007269111735455273,0.0,0.0,0.0
1692310876.6965973,0.1762248281893636,0.05329120538620924,0.007254844457553404,0.0,0.0,0.0
1692310876.784879,0.17604848659778766,0.05313026609380883,0.0072383489107721985,0.0,0.0,0.0
1692310876.8839073,0.1751975241274905,0.05295223456645111,0.0072314070850077695,0.0,0.0,0.0
1692310876.9913104,0.17491576389388314,0.052796011570744907,0.007179000186816558,0.0,0.0,0.0
1692310877.1008685,0.17491358634103335,0.0526727303510515,0.007081725421414785,0.0,0.0,0.0
1692310877.2004378,0.17402927530890994,0.05251200797885405,0.0071010096829176765,0.0,0.0,0.0
1692310877.300804,0.17208872614618462,0.052295448900785454,0.007001362027668107,0.0,0.0,0.0
1692310877.3916223,0.17170380119790798,0.05209300222882806,0.006938689917071625,0.0,0.0,0.0
1692310877.5036032,0.1715736808261429,0.05192239846130382,0.0068503881580397556,0.0,0.0,0.0
1692310877.5996625,0.1703918560235963,0.05172401460689765,0.0067495292752551015,0.0,0.0,0.0
1692310877.6991732,0.17074553998316,0.051571061680939605,0.006709752244783501,0.0,0.0,0.0
1692310877.8004045,0.17028557058536367,0.05141613396522396,0.006709454072651773,0.0,0.0,0.0
1692310877.9009473,0.1696637010103112,0.05124925061351255,0.006756333129889058,0.0,0.0,0.0
1692310878.0061252,0.16916971909732426,0.05107628659230351,0.0068581259786554116,0.0,0.0,0.0
1692310878.106873,0.16782882744866529,0.050876344121703304,0.006858554756922847,0.0,0.0,0.0
1692310878.2043748,0.16574945174285008,0.05060510164489433,0.0068554634656375225,0.0,0.0,0.0
1692310878.297273,0.16570245934665329,0.05038167452846165,0.0068170817033419515,0.0,0.0,0.0
1692310878.3750188,0.16560948321546692,0.050189102179346204,0.006798093160151821,0.0,0.0,0.0
1692310878.4709535,0.16587401505521662,0.05003917490095639,0.006803329741194877,0.0,0.0,0.0
1692310878.571264,0.1660210214889168,0.049922621368886255,0.006801167051418855,0.0,0.0,0.0
1692310878.6972775,0.16555015861520117,0.049809689061831156,0.006740040283910006,0.0,0.0,0.0
1692310878.802539,0.16435116454519463,0.049665203791972645,0.0066088068346900715,0.0,0.0,0.0
1692310878.900763,0.16443299170629566,0.04954959682604551,0.006494380980942526,0.0,0.0,0.0
1692310878.9829767,0.16515164640786514,0.049488908538473556,0.006404476418246503,0.0,0.0,0.0
1692310879.0978272,0.16465147132026528,0.0494221178170385,0.006252414673675785,0.0,0.0,0.0
1692310879.202699,0.1656969322364992,0.049422981947742334,0.0060909221041755245,0.0,0.0,0.0
1692310879.30016,0.16578730047256637,0.04943601433472769,0.005880498669355366,0.0,0.0,0.0
1692310879.4046361,0.16470836676169082,0.049397815691028024,0.00564976513768327,0.0,0.0,0.0
1692310879.5099225,0.1661269024317517,0.04943738312851002,0.005457294754816838,0.0,0.0,0.0
1692310879.6071966,0.16736234485876583,0.04953571378919307,0.005260215595923915,0.0,0.0,0.0
1692310879.6863804,0.16804638482094378,0.04965746013169024,0.005028966065539178,0.0,0.0,0.0
1692310879.7664769,0.16774648212765772,0.04974766407432999,0.004784267781771423,0.0,0.0,0.0
1692310879.8595097,0.169453267279939,0.04990998070062416,0.004559372868831925,0.0,0.0,0.0
1692310879.9680257,0.16999937472292845,0.050073606693900236,0.004357132270427427,0.0,0.0,0.0
1692310880.065136,0.1707113903668145,0.050246932463824404,0.0041688297329684505,0.0,0.0,0.0
1692310880.2001152,0.17161597764776765,0.050436042792454214,0.004022682217930343,0.0,0.0,0.0
1692310880.3009415,0.1724262093610767,0.05063568197637696,0.0038779728530105306,0.0,0.0,0.0
1692310880.3716445,0.17285008876235788,0.05081728332966281,0.0038476448701067244,0.0,0.0,0.0
1692310880.4984536,0.1736226047898627,0.05100262512376428,0.0038856533830752354,0.0,0.0,0.0
1692310880.6009583,0.17458298187422405,0.05120485232558236,0.0039227323116400445,0.0,0.0,0.0
1692310880.695545,0.1746533373795293,0.051362662907036755,0.004114848021531901,0.0,0.0,0.0
1692310880.7765732,0.1757769707729671,0.051541083091204545,0.0043688759548285196,0.0,0.0,0.0
1692310880.8997552,0.1770502412726921,0.05175368309693164,0.00458216349678291,0.0,0.0,0.0
1692310880.9964669,0.17750237637874464,0.05194764458615645,0.004813745228800262,0.0,0.0,0.0
1692310881.0876834,0.17646956365893787,0.05207038622510651,0.004882042362679506,0.0,0.0,0.0
1692310881.1935766,0.1850045156449111,0.052594878504519854,0.005013491166139835,0.0,0.0,0.0
1692310881.28325,0.1915148118691696,0.05336362510908682,0.005081503537507274,0.0,0.0,0.0
1692310881.3701608,0.19881615858688956,0.05435796342334423,0.005274640035830321,0.0,0.0,0.0
1692310881.4581997,0.2038267901900167,0.05544821567201992,0.0053373812370600135,0.0,0.0,0.0
1692310881.5675454,0.20682412994129595,0.056491775955203674,0.005545327773610836,0.0,0.0,0.0
1692310881.680134,0.20869990488099693,0.05746072741637803,0.005668583999087675,0.0,0.0,0.0
1692310881.7970839,0.20965084200869474,0.058321423926055105,0.005713083921099973,0.0,0.0,0.0
1692310881.8629713,0.21469446344061766,0.0592944420821765,0.005725345163297314,0.0,0.0,0.0
1692310881.9697824,0.21710202140139934,0.060201507815099524,0.005979752404213377,0.0,0.0,0.0
1692310882.0721107,0.21853042681481516,0.06101241085319925,0.006333298571883704,0.0,0.0,0.0
1692310882.1823976,0.2186426450656068,0.06167551106503548,0.006765733245157655,0.0,0.0,0.0
1692310882.3012238,0.21859024918944858,0.06220668263081966,0.007255228565444224,0.0,0.0,0.0
1692310882.3855925,0.21852376000980522,0.06262528964145472,0.0077945138256307524,0.0,0.0,0.0
1692310882.458367,0.21787693949924042,0.06293226954448301,0.00829759387708705,0.0,0.0,0.0
1692310882.5694573,0.216274274497074,0.06311299400073063,0.008678156643945738,0.0,0.0,0.0
1692310882.6922889,0.21381906401757952,0.063168585840453,0.008806976692343626,0.0,0.0,0.0
1692310882.7704837,0.21080346267799774,0.06308835924620401,0.008729638114098187,0.0,0.0,0.0
1692310882.8695521,0.20581785474944195,0.06273500756785974,0.008898180011004186,0.0,0.0,0.0
1692310882.965264,0.2000839874996372,0.062174099669358406,0.008882180889153306,0.0,0.0,0.0
1692310883.0650418,0.19454694447810744,0.061429740993414056,0.008846372520878845,0.0,0.0,0.0
1692310883.1595972,0.2018611442945415,0.061165395087540396,0.008914745847857296,0.0,0.0,0.0
1692310883.2641506,0.20690037142599305,0.061210759562597215,0.008902673314583973,0.0,0.0,0.0
1692310883.3656433,0.21178828920389633,0.06148466046602996,0.008970475667757107,0.0,0.0,0.0
1692310883.4682302,0.213984061469387,0.061813379007854274,0.009097878441838333,0.0,0.0,0.0
1692310883.5941815,0.2154070714511882,0.06215151506756425,0.009254448388792252,0.0,0.0,0.0
1692310883.6696444,0.2166643788904774,0.06248692681752281,0.009447755135021068,0.0,0.0,0.0
1692310883.7662969,0.2173605941792459,0.06280343625628843,0.009597762271662981,0.0,0.0,0.0
1692310883.856211,0.21823501242161814,0.06310916055999713,0.00973700532569983,0.0,0.0,0.0
1692310883.9625921,0.2197271696301201,0.06344932480439358,0.00979084826422859,0.0,0.0,0.0
1692310884.0585027,0.22002796220356932,0.06375469953875407,0.009791192287524321,0.0,0.0,0.0
1692310884.1659982,0.2213966134709746,0.06407901765516555,0.009787387971399726,0.0,0.0,0.0
1692310884.2605379,0.22126511033260665,0.06435795173830369,0.009676849294174911,0.0,0.0,0.0
1692310884.361064,0.2227379491062466,0.0646714928598975,0.009535374244483912,0.0,0.0,0.0
1692310884.4611547,0.22289065269583763,0.06495177818638032,0.009329363806136047,0.0,0.0,0.0
1692310884.5682302,0.22275700118805838,0.06518258042226299,0.00912482958660991,0.0,0.0,0.0
1692310884.6702561,0.22236663518716765,0.06536789716385319,0.008845765063510366,0.0,0.0,0.0
1692310884.7694266,0.22171354417017086,0.06549439086139981,0.008567664061523404,0.0,0.0,0.0
1692310884.8692765,0.22300751496137694,0.06566842179923185,0.00830355788430947,0.0,0.0,0.0
1692310884.9642968,0.22455572800306414,0.06588936155046901,0.008102741939091622,0.0,0.0,0.0
1692310885.0652027,0.223887248660522,0.06603527661243956,0.007976584031466024,0.0,0.0,0.0
1692310885.1644552,0.22268154453067185,0.06609144164701544,0.007912461286215068,0.0,0.0,0.0
1692310885.269527,0.22169925563371798,0.06608277895728942,0.00790948880641156,0.0,0.0,0.0
1692310885.3682706,0.2212174536808446,0.06605397505227208,0.007884085654072791,0.0,0.0,0.0
1692310885.466385,0.2203514894704076,0.06598342638239972,0.007886982666555338,0.0,0.0,0.0
1692310885.5685306,0.2206333254324751,0.06591677999435061,0.00806176877900316,0.0,0.0,0.0
1692310885.7013235,0.22124389493676042,0.0658818881310277,0.00828095150118448,0.0,0.0,0.0
1692310885.7658818,0.22208735874783136,0.06586733146166826,0.008650387406738137,0.0,0.0,0.0
1692310885.8658254,0.2229149417994,0.06590070946275327,0.008935827702620452,0.0,0.0,0.0
1692310885.9604404,0.22339281086336635,0.06595463661752005,0.009161475357051753,0.0,0.0,0.0
1692310886.057031,0.22413327916324965,0.06602787473348948,0.009407999476426074,0.0,0.0,0.0
1692310886.1634226,0.2252325207077706,0.0661416867977831,0.00963186131806877,0.0,0.0,0.0
1692310886.302842,0.2265909895952803,0.06631535006484063,0.009755214320193023,0.0,0.0,0.0
1692310886.3686233,0.22751699350408464,0.06652114726564048,0.009762956552145973,0.0,0.0,0.0
1692310886.4577594,0.22880703315591677,0.06677310130688391,0.009660188570253657,0.0,0.0,0.0
1692310886.5680735,0.22897537213458657,0.06699170702153416,0.009572956745976517,0.0,0.0,0.0
1692310886.669987,0.2290160689978524,0.06719562006129794,0.009345037353082173,0.0,0.0,0.0
1692310886.7601862,0.22950090792945865,0.067396718287598,0.009097541925553525,0.0,0.0,0.0
1692310886.8575249,0.22935587836701116,0.06755801062688792,0.008881855501250252,0.0,0.0,0.0
1692310886.9648635,0.2285083610555589,0.06765403008699311,0.008663204418668694,0.0,0.0,0.0
1692310887.0640464,0.2288436431465456,0.06775860261082867,0.008409765679657096,0.0,0.0,0.0
1692310887.1632192,0.22928818760157094,0.06786936662762855,0.00818650557503077,0.0,0.0,0.0
1692310887.2637513,0.22941428340550846,0.06797404506265163,0.007940314104392282,0.0,0.0,0.0
1692310887.366131,0.22834391207711924,0.06800934266334223,0.007714898317730757,0.0,0.0,0.0
1692310887.4924457,0.22808880409981805,0.06802431970665095,0.007543388871196992,0.0,0.0,0.0
1692310887.5699193,0.22812339401095794,0.06803101401183428,0.007474648980286506,0.0,0.0,0.0
1692310887.6665275,0.22854470169629038,0.0680444348733688,0.0075390215733912675,0.0,0.0,0.0
1692310887.758315,0.22813139519781928,0.06803845696323196,0.007560351980631634,0.0,0.0,0.0
1692310887.8660393,0.22892139638458625,0.06805542727556507,0.007728336688727349,0.0,0.0,0.0
1692310887.9665072,0.22840213766391873,0.06804206428545345,0.00787838322383626,0.0,0.0,0.0
1692310888.064792,0.2278532239276926,0.06800714824016679,0.007972080582398991,0.0,0.0,0.0
1692310888.1649601,0.2283425284604811,0.06798268397738828,0.008203414714589423,0.0,0.0,0.0
1692310888.265227,0.22853716758072384,0.06794897620001153,0.00855596603926441,0.0,0.0,0.0
1692310888.3655493,0.2291926324976097,0.06796011439794632,0.008809614784167807,0.0,0.0,0.0
1692310888.4626827,0.2302328026049902,0.06796349401882239,0.00937905546801997,0.0,0.0,0.0
1692310888.5620918,0.22956853602949498,0.0679384157396532,0.009820278963855155,0.0,0.0,0.0
1692310888.660251,0.22793090958752465,0.0678400306227481,0.01015484403367878,0.0,0.0,0.0
1692310888.7687757,0.22935275910438213,0.06783167211156509,0.010426189704287868,0.0,0.0,0.0
1692310888.858501,0.23089156623421492,0.06791994871102947,0.010551051426262757,0.0,0.0,0.0
1692310888.9546185,0.2326134289723722,0.06808953597073733,0.010600922700574592,0.0,0.0,0.0
1692310889.0613377,0.23507458796568168,0.06835063770837346,0.010674103809944898,0.0,0.0,0.0
1692310889.1657052,0.23594821309417496,0.06863509241797683,0.010585431435733261,0.0,0.0,0.0
1692310889.267349,0.2382532536468828,0.06896581214697148,0.010664305117164893,0.0,0.0,0.0
1692310889.369698,0.24044043123831127,0.0693589222634304,0.010686155849262082,0.0,0.0,0.0
1692310889.4665763,0.24148763777859417,0.0697537776716501,0.010606519634747263,0.0,0.0,0.0
1692310889.5697486,0.24365204169626475,0.070215886218884,0.010362969610150437,0.0,0.0,0.0
1692310889.670407,0.24545243547303663,0.07070220721237064,0.01007396324662373,0.0,0.0,0.0
1692310889.7685215,0.24664149687949308,0.07117746319099777,0.009743864475843632,0.0,0.0,0.0
1692310889.8660257,0.24836623039147843,0.07166717585169965,0.009404241839275096,0.0,0.0,0.0
1692310889.967872,0.249072012685206,0.07211804548638387,0.009048000031895202,0.0,0.0,0.0
1692310890.0599647,0.2517450574080625,0.07263112214179984,0.008720344873804875,0.0,0.0,0.0
1692310890.1606064,0.2536367377512426,0.07316226362256188,0.008352027708698334,0.0,0.0,0.0
1692310890.2702,0.2557719967096438,0.07371082053174914,0.00805980648538939,0.0,0.0,0.0
1692310890.3765178,0.25830672302928026,0.07429260573291917,0.007846614832130908,0.0,0.0,0.0
1692310890.4576333,0.255470510186897,0.07459840072382025,0.008020996250990202,0.0,0.0,0.0
1692310890.5673475,0.2531034237067829,0.07472918657480015,0.00820424115606386,0.0,0.0,0.0
1692310890.6804824,0.25370907655048425,0.07487061657890424,0.008340874714617552,0.0,0.0,0.0
1692310890.7839808,0.2530771112402125,0.07496316470351855,0.0083982759386611,0.0,0.0,0.0
1692310890.8973818,0.2524895866370741,0.07502203340347947,0.008343597572049326,0.0,0.0,0.0
1692310890.9689806,0.25217793108753783,0.07506997703811874,0.008154124541035803,0.0,0.0,0.0
1692310891.0680914,0.25173602228551595,0.0750969945368783,0.00789477246692568,0.0,0.0,0.0
1692310891.167048,0.2501580800278775,0.07505296539932203,0.007522309090763362,0.0,0.0,0.0
1692310891.2688468,0.2490855279697587,0.07496720091599375,0.007146619093511637,0.0,0.0,0.0
1692310891.3762112,0.24881476050544846,0.07488745484265223,0.0067553996761426675,0.0,0.0,0.0
1692310891.4685457,0.24880560669733676,0.07482383472246817,0.006377127045402738,0.0,0.0,0.0
1692310891.5629416,0.24858731925006602,0.07476363761266458,0.005996949865271755,0.0,0.0,0.0
1692310891.677284,0.2477904071533335,0.07467455302508084,0.0056610665808256464,0.0,0.0,0.0
1692310891.7566662,0.2466553664697574,0.07454412106821853,0.005367727883367792,0.0,0.0,0.0
1692310891.8566608,0.24617171069337462,0.07441003198619632,0.005145189572336917,0.0,0.0,0.0
1692310892.0039904,0.24483997786314815,0.07423328279933879,0.004926888812652189,0.0,0.0,0.0
1692310892.098627,0.2451892717327892,0.07409252594593994,0.004929782507826521,0.0,0.0,0.0
1692310892.2066774,0.24558585526373242,0.07398225002857642,0.005106146000230828,0.0,0.0,0.0
1692310892.3095899,0.24504656284086038,0.07384980370252836,0.005406212407430441,0.0,0.0,0.0
1692310892.4065764,0.2436511739219563,0.07364004613215956,0.005930956505242219,0.0,0.0,0.0
1692310892.4966352,0.2422433451569187,0.07339408881713733,0.006369813456743736,0.0,0.0,0.0
1692310892.5670624,0.24075238178610464,0.07310232021494376,0.006829926853908513,0.0,0.0,0.0
1692310892.6587512,0.2405823251959345,0.07285523154565077,0.007177120348576978,0.0,0.0,0.0
1692310892.7800038,0.23939982878031554,0.07256913158414288,0.007622559243012183,0.0,0.0,0.0
1692310892.8987997,0.24084813413033637,0.07240925540792723,0.007955362459896538,0.0,0.0,0.0
1692310892.9694524,0.24129399350762137,0.07230160695350961,0.008210111422675009,0.0,0.0,0.0
1692310893.082581,0.24096217422099,0.07221125823918738,0.008295527170521573,0.0,0.0,0.0
1692310893.1739936,0.24134927953629684,0.07216895276286858,0.008251473631313313,0.0,0.0,0.0
1692310893.2629068,0.24877841517619914,0.0725321414424531,0.007970757925831769,0.0,0.0,0.0
1692310893.3972952,0.25271915952257235,0.07304109903690964,0.00763777491711421,0.0,0.0,0.0
1692310893.475222,0.25418379073739594,0.07356113049919931,0.007014482348153938,0.0,0.0,0.0
1692310893.5685875,0.25588913778236083,0.07408538729145603,0.00637595685722046,0.0,0.0,0.0
1692310893.6631227,0.25721693619089014,0.07459203498812979,0.005755460965505476,0.0,0.0,0.0
1692310893.7815845,0.2591212123078133,0.0751104489666869,0.005210983377977114,0.0,0.0,0.0
1692310893.8950179,0.2611881765858902,0.07564546375802314,0.004770776915471518,0.0,0.0,0.0
1692310893.9762151,0.2636278519334502,0.0762124532209369,0.004432925062630694,0.0,0.0,0.0
1692310894.0716965,0.2637770917091626,0.07667841603668686,0.004451203866563998,0.0,0.0,0.0
1692310894.1633077,0.26305065884052636,0.07702948900403997,0.004477099572888858,0.0,0.0,0.0
1692310894.2762005,0.2638514706382128,0.07735087370277101,0.004672019071559113,0.0,0.0,0.0
1692310894.359796,0.26262856975860627,0.07753373623490908,0.005117691628239027,0.0,0.0,0.0
1692310894.4605987,0.2635796251073623,0.07773131806057082,0.0055164885902552994,0.0,0.0,0.0
1692310894.5560932,0.26412929439490757,0.07790587688732913,0.006022434812333667,0.0,0.0,0.0
1692310894.6631372,0.26603831055639915,0.07813331895102958,0.006569783409737162,0.0,0.0,0.0
1692310894.7633424,0.26677060802919245,0.07835142924210109,0.007094997187255033,0.0,0.0,0.0
1692310894.865397,0.2668565845045171,0.07852888042329928,0.007601160284155314,0.0,0.0,0.0
1692310894.9600995,0.2672662753828158,0.07869212698092572,0.008063623223269707,0.0,0.0,0.0
1692310895.0699265,0.2669919603190666,0.07882283327582931,0.008381812075525892,0.0,0.0,0.0
1692310895.162504,0.267073006098276,0.07894546076848062,0.00856795409218066,0.0,0.0,0.0
1692310895.264092,0.2667434330190308,0.07904443118278065,0.008606101066261721,0.0,0.0,0.0
1692310895.3797975,0.26689223040743487,0.0791555017357431,0.00843217258586939,0.0,0.0,0.0
1692310895.4977882,0.2708733929426166,0.07946082182658998,0.008146076167643374,0.0,0.0,0.0
1692310895.5913873,0.2722493828809609,0.07979233963754162,0.007806039698918585,0.0,0.0,0.0
1692310895.6925309,0.27188310072796157,0.0800655147041064,0.007291041822140898,0.0,0.0,0.0
1692310895.7671783,0.270139380655387,0.08021697202476387,0.006633294885224823,0.0,0.0,0.0
1692310895.8680708,0.2703279286597046,0.08036023333636728,0.0058519285994000315,0.0,0.0,0.0
1692310895.9859483,0.2696697107684506,0.08044985833532511,0.005009059647903789,0.0,0.0,0.0
1692310896.1034517,0.2697886802381286,0.08053087176379109,0.004086623197534463,0.0,0.0,0.0
1692310896.1662838,0.2697074578971404,0.08058717432619356,0.002957462471793792,0.0,0.0,0.0
1692310896.2633188,0.26805017155923855,0.08055120157798273,0.0020230119172224468,0.0,0.0,0.0
1692310896.3550556,0.26732122382564766,0.08048106561425566,0.0011454729849355166,0.0,0.0,0.0
1692310896.469184,0.267643379194164,0.08043839810459626,0.0004047076604172246,0.0,0.0,0.0
1692310896.559194,0.2674237831609348,0.08039536156907534,-0.00011868279276290133,0.0,0.0,0.0
1692310896.6780655,0.26707154352867124,0.08034434761476916,-0.0004744663882876967,0.0,0.0,0.0
1692310896.7637258,0.26837683041181665,0.0803692933150987,-0.0006898151959575928,0.0,0.0,0.0
1692310896.8566732,0.2679704590566532,0.08037260150549771,-0.0006701377608963762,0.0,0.0,0.0
1692310896.9648707,0.2696080568216414,0.08045633069446581,-0.0003630608502076245,0.0,0.0,0.0
1692310897.0577178,0.269714713871525,0.08053024678505005,-3.8189461546724827e-05,0.0,0.0,0.0
1692310897.1975126,0.27123237773511566,0.08066502800161553,0.0003515843601297606,0.0,0.0,0.0
1692310897.2651615,0.27081578842114495,0.08075449616746007,0.0007391971329598085,0.0,0.0,0.0
1692310897.3704877,0.2707358542966478,0.08082497666218844,0.0010632803071371117,0.0,0.0,0.0
1692310897.4589248,0.2701552308167364,0.08085439478433235,0.001338859103842363,0.0,0.0,0.0
1692310897.561047,0.26983328766896963,0.08086489796267876,0.001499470322306151,0.0,0.0,0.0
1692310897.6610072,0.270090842540592,0.08089041268374875,0.0014570458884050773,0.0,0.0,0.0
1692310897.7999444,0.27030197722297983,0.08092322245571736,0.001343341142911559,0.0,0.0,0.0
1692310897.8675086,0.2700235129317991,0.08093712367379209,0.0011706611883109265,0.0,0.0,0.0
1692310897.9624088,0.26903275758958134,0.08089842979877021,0.000834366343696884,0.0,0.0,0.0
1692310898.0802493,0.2685010923164621,0.08083827521419816,0.0004618258386625292,0.0,0.0,0.0
1692310898.1649015,0.2682725477941911,0.0807758181905585,0.00010456548504550039,0.0,0.0,0.0
1692310898.269293,0.26844844016800834,0.08073309367523127,-0.00016853393691702788,0.0,0.0,0.0
1692310898.3873692,0.26863714432443847,0.08070743813365319,-0.00036947519990526646,0.0,0.0,0.0
1692310898.465233,0.26785987794066674,0.08064900994406907,-0.0003498309695918078,0.0,0.0,0.0
1692310898.5648637,0.2671525736330558,0.0805645980828258,-0.0001917358192671763,0.0,0.0,0.0
1692310898.657503,0.26615074339985456,0.08044114560828036,0.0001376785349334602,0.0,0.0,0.0
1692310898.7604113,0.26601195781798254,0.08032629829127647,0.0005870872825420754,0.0,0.0,0.0
1692310898.8663652,0.2666337670232683,0.08025648713885036,0.0010932447563593243,0.0,0.0,0.0
1692310898.9680674,0.267789402537179,0.08025540184737255,0.0015342816921611936,0.0,0.0,0.0
1692310899.0608785,0.26857439445511455,0.08029699137228662,0.0018302555901940959,0.0,0.0,0.0
1692310899.1617835,0.26757103543239763,0.08028606230620076,0.0019464899186517374,0.0,0.0,0.0
1692310899.267502,0.26797782728300734,0.08030201748219698,0.001850918795319634,0.0,0.0,0.0
1692310899.3633888,0.2695070272739948,0.0803938139691663,0.001498755751994905,0.0,0.0,0.0
1692310899.4597702,0.2703403880923158,0.08050066119276642,0.0006919226435630247,0.0,0.0,0.0
1692310899.5666695,0.2706942656600783,0.08060311254498745,-7.64383234469505e-05,0.0,0.0,0.0
1692310899.6680732,0.2708404783829742,0.08069195916987704,-0.0007916434884880205,0.0,0.0,0.0
1692310899.7645288,0.27127955039831186,0.08078572434165933,-0.0014286196988471346,0.0,0.0,0.0
1692310899.85812,0.27011678979878145,0.08080119061859961,-0.0020312272120251405,0.0,0.0,0.0
1692310899.959764,0.2698345569210197,0.08079136805469575,-0.002660484892977451,0.0,0.0,0.0
1692310900.0719094,0.26914484594036114,0.08075288683254966,-0.003122303528594108,0.0,0.0,0.0
1692310900.1877515,0.26912166030268136,0.08073647936867323,-0.003207882030506962,0.0,0.0,0.0
1692310900.2662666,0.2682338185109688,0.08068369520969905,-0.0031445878639377815,0.0,0.0,0.0
1692310900.36833,0.2686355780005292,0.08066664238983981,-0.0028215874695547995,0.0,0.0,0.0
1692310900.463702,0.2699520082371655,0.08071989161692586,-0.00237189320822751,0.0,0.0,0.0
1692310900.5673747,0.2720678508796913,0.08086509633554523,-0.0016003039807770056,0.0,0.0,0.0
1692310900.6882677,0.2733489579101848,0.08103982121476477,-0.0006798508045468069,0.0,0.0,0.0
1692310900.7605112,0.2758826090571179,0.08130008615575049,0.00030993473592860483,0.0,0.0,0.0
1692310900.8651946,0.2785748685473698,0.08165010725797713,0.001164600543930726,0.0,0.0,0.0
1692310900.9640255,0.28526039586484997,0.08228150520180869,0.001807947295356533,0.0,0.0,0.0
1692310901.0653298,0.2855771106436321,0.08282196075359627,0.002367284465254804,0.0,0.0,0.0
1692310901.16181,0.28763392538840127,0.08338364689283713,0.0026820428590938533,0.0,0.0,0.0
1692310901.2640955,0.28552234460949055,0.08375418627785063,0.0027432080176329975,0.0,0.0,0.0
1692310901.3701313,0.28455777173191543,0.08401825580226528,0.0026747364054326784,0.0,0.0,0.0
1692310901.4658108,0.28462640482242174,0.0842466011353817,0.002333360209818836,0.0,0.0,0.0
1692310901.558142,0.281388787260445,0.08427219879020177,0.0016628193672263388,0.0,0.0,0.0
1692310901.6921225,0.27776800855715417,0.084099647430477,0.0007333574554675784,0.0,0.0,0.0
1692310901.76177,0.2744138229374106,0.08376456082533848,-0.0004183182819036536,0.0,0.0,0.0
1692310901.9043188,0.2726791567712052,0.08336587356030065,-0.0017417076752361252,0.0,0.0,0.0
1692310902.009745,0.27055337583810174,0.0828958741764118,-0.0031156281979738644,0.0,0.0,0.0
1692310902.1026173,0.27056012756357223,0.08250173312971969,-0.004283949312700378,0.0,0.0,0.0
1692310902.1668053,0.27007940643690254,0.08215158557206104,-0.005237603297899998,0.0,0.0,0.0
1692310902.2687902,0.2688960806937307,0.08175605362232066,-0.0063537375554493635,0.0,0.0,0.0
1692310902.3790367,0.26859023123336645,0.08143134501177055,-0.007142961121470122,0.0,0.0,0.0
1692310902.4582922,0.26662258774158,0.08107726062430962,-0.007682683241206089,0.0,0.0,0.0
1692310902.5735621,0.2679931210299629,0.08087447349073741,-0.00794597934229246,0.0,0.0,0.0
1692310902.7046175,0.2678663435101933,0.0807180638837359,-0.007992548311419292,0.0,0.0,0.0
1692310902.8086288,0.2674810342436672,0.0806072878432054,-0.0075783982861525965,0.0,0.0,0.0
1692310902.9033508,0.26704368336315615,0.08051430577412907,-0.006841581814703197,0.0,0.0,0.0
1692310902.9927795,0.26653391436713436,0.0804212053030867,-0.0058213864658475615,0.0,0.0,0.0
1692310903.1001751,0.26604448312783363,0.08031838472189194,-0.0046624962959552155,0.0,0.0,0.0
1692310903.196887,0.266809037287571,0.08026906851538662,-0.0035878128253336696,0.0,0.0,0.0
1692310903.2925563,0.2674564249681278,0.0802507779862126,-0.00240029647678619,0.0,0.0,0.0
1692310903.3667698,0.2669871532470718,0.08020873732016587,-0.0013409796322137128,0.0,0.0,0.0
1692310903.4864361,0.26959137177050263,0.08030544635211735,-0.0004815207545158539,0.0,0.0,0.0
1692310903.5954049,0.2703425325219909,0.08042735305648693,0.00015068286968242093,0.0,0.0,0.0
1692310903.6927478,0.2714211298906423,0.08058749838097133,0.000551866101453676,0.0,0.0,0.0
1692310903.7952728,0.2717609860074782,0.08074167020869155,0.0007426981145695118,0.0,0.0,0.0
1692310903.8682323,0.2706975250275045,0.08081865955672972,0.0007912176142447871,0.0,0.0,0.0
1692310903.9685097,0.2686373113322609,0.08078061733673715,0.0006976908022296769,0.0,0.0,0.0
1692310904.1005313,0.26637617911117895,0.08063561325927729,0.0005328346134170121,0.0,0.0,0.0
1692310904.2047706,0.26508162864551144,0.08044974728858044,0.00035338149631255035,0.0,0.0,0.0
1692310904.2845027,0.2639172702601163,0.08023640766432784,0.00018087663896584758,0.0,0.0,0.0
1692310904.4054863,0.26284671677894506,0.0800052565592154,6.304510972220526e-05,0.0,0.0,0.0
1692310904.5025222,0.2607823219091885,0.0797095183550609,1.4714799851447447e-05,0.0,0.0,0.0
1692310904.6017804,0.2595553841023773,0.07940175353329464,1.2255140645833459e-05,0.0,0.0,0.0
1692310904.6859972,0.25696340285848174,0.07901438673605514,0.00018156329281999203,0.0,0.0,0.0
1692310904.7607021,0.2553602334000138,0.07861006142035266,0.00040264801970696113,0.0,0.0,0.0
1692310904.8729022,0.25313828056595133,0.0781619059835481,0.0005873619068343676,0.0,0.0,0.0
1692310904.9784575,0.25142770525756863,0.07770124048703542,0.0008127932454004473,0.0,0.0,0.0
1692310905.095676,0.2496313812270855,0.07722544936401016,0.0010713239403662444,0.0,0.0,0.0
1692310905.1691637,0.24833637351233173,0.07676453951361754,0.0012759204942770423,0.0,0.0,0.0
1692310905.295286,0.24598896229556116,0.07626016437734763,0.001527005181816616,0.0,0.0,0.0
1692310905.3785055,0.2440282706165793,0.07574035064193256,0.0017708725990730526,0.0,0.0,0.0
1692310905.4676192,0.24163918801571183,0.07518817909707334,0.0019585700641419923,0.0,0.0,0.0
1692310905.5684764,0.2407814043097545,0.0746863240827498,0.0020863171794242978,0.0,0.0,0.0
1692310905.6931677,0.23962098290567058,0.0742105425439983,0.002180908920173857,0.0,0.0,0.0
1692310905.792811,0.23774022704222542,0.07372144588501078,0.002216784393223746,0.0,0.0,0.0
1692310905.8901877,0.23553692936112244,0.0732035797881212,0.002246682087611011,0.0,0.0,0.0
1692310905.9923103,0.23291522593391856,0.07264042961082781,0.0022814900204185347,0.0,0.0,0.0
1692310906.0857177,0.2301224677920259,0.07202931617087267,0.002363400129686224,0.0,0.0,0.0
1692310906.1767743,0.22691877057035478,0.07136083557161586,0.0024008277475930247,0.0,0.0,0.0
1692310906.3050041,0.22337326571179716,0.07062475968063393,0.0024685331929260395,0.0,0.0,0.0
1692310906.405663,0.22146598598111705,0.06991335800696923,0.002583081759424871,0.0,0.0,0.0
1692310906.5044177,0.21984097580553663,0.06924013122919434,0.002659867454100636,0.0,0.0,0.0
1692310906.603051,0.21695393487342618,0.06853276223916198,0.0027604154815122446,0.0,0.0,0.0
1692310906.705928,0.2137827298759121,0.06778565697059688,0.002819800069900534,0.0,0.0,0.0
1692310906.803302,0.2108129655187362,0.06701067025063061,0.0029392399825651123,0.0,0.0,0.0
1692310906.9052315,0.2071572754066096,0.06618375060694362,0.0030009001320276197,0.0,0.0,0.0
1692310906.9919634,0.20500275519077327,0.06538044708904826,0.003160171781345371,0.0,0.0,0.0
1692310907.0693867,0.20167893671464618,0.06454782634138828,0.0032386202067982988,0.0,0.0,0.0
1692310907.172142,0.19925734281589935,0.06372990206098954,0.0033484793150211868,0.0,0.0,0.0
1692310907.268992,0.196218686302161,0.06289830651401922,0.003404315406151312,0.0,0.0,0.0
1692310907.371513,0.19317923137472248,0.06204960875271097,0.003502053462674821,0.0,0.0,0.0
1692310907.455703,0.19071794945144346,0.0612165655158249,0.003617921295534626,0.0,0.0,0.0
1692310907.5537765,0.18667108777959585,0.06032427145387542,0.003645288085081002,0.0,0.0,0.0
1692310907.6539881,0.18338708454050007,0.05941736778772126,0.003649089278505064,0.0,0.0,0.0
1692310907.7667296,0.17999292457238805,0.05849537306352225,0.003592165541674547,0.0,0.0,0.0
1692310907.8775954,0.17776622903374714,0.05761885652070082,0.0034892574107140365,0.0,0.0,0.0
1692310907.957117,0.17472806620964407,0.05674160403119749,0.0032985124088389267,0.0,0.0,0.0
1692310908.0677664,0.17126836137006246,0.05584164885979863,0.003030176725617649,0.0,0.0,0.0
1692310908.1620371,0.1675092177209216,0.05490491906577827,0.0027625164434744065,0.0,0.0,0.0
1692310908.2882466,0.16522101829673738,0.0540113388053363,0.0024845678648541983,0.0,0.0,0.0
1692310908.3658571,0.16212629466080103,0.053113808018891547,0.00201794013270629,0.0,0.0,0.0
1692310908.4666731,0.15894672540460061,0.05220685493184457,0.0016276869954972512,0.0,0.0,0.0
1692310908.5680344,0.15680824588178674,0.05134087498572527,0.0011204387161467036,0.0,0.0,0.0
1692310908.662729,0.1536284696869811,0.0504609841087036,0.000727555021406433,0.0,0.0,0.0
1692310908.76756,0.15039996994878366,0.04956694209690638,0.00042833192200518065,0.0,0.0,0.0
1692310908.8630078,0.14912497977260147,0.04874579069448432,-0.00011058074680489726,0.0,0.0,0.0
1692310908.9674926,0.1475017759264579,0.047983047461233254,-0.0005136952622755047,0.0,0.0,0.0
1692310909.0616975,0.1470662454411401,0.04731962440564275,-0.0009465005759887337,0.0,0.0,0.0
1692310909.1610835,0.14495452483333418,0.046663792016912516,-0.0012653533538441477,0.0,0.0,0.0
1692310909.2656045,0.14265059954439777,0.04600488087012091,-0.001482465686781786,0.0,0.0,0.0
1692310909.3658879,0.14031297844897042,0.04533664974460457,-0.0016953454237692612,0.0,0.0,0.0
1692310909.4568608,0.13795429813804633,0.044661718356082125,-0.0018706674174200765,0.0,0.0,0.0
1692310909.5760036,0.13673674292126595,0.04404008222925403,-0.0019903488623223674,0.0,0.0,0.0
1692310909.6624272,0.13473624929169703,0.04342312014478318,-0.002069463375481778,0.0,0.0,0.0
1692310909.7653806,0.13085610166500733,0.042714622832215346,-0.002132165457644858,0.0,0.0,0.0
1692310909.8580885,0.12689087555877487,0.041928601687841086,-0.002130956471600046,0.0,0.0,0.0
1692310909.964406,0.1225213051575479,0.04105825069702875,-0.0020594858670192288,0.0,0.0,0.0
1692310910.066308,0.1186639468873084,0.040141934413039385,-0.0019506965611761193,0.0,0.0,0.0
1692310910.164201,0.1148417951032408,0.03918948249305074,-0.0017884034627777686,0.0,0.0,0.0
1692310910.2544854,0.11123043228300547,0.038215670102178544,-0.0016318962677402003,0.0,0.0,0.0
1692310910.364686,0.10724651934578014,0.037205465735925695,-0.0014747081497361435,0.0,0.0,0.0
1692310910.4685316,0.10360825571734944,0.036182703686763594,-0.0012765340468553548,0.0,0.0,0.0
1692310910.5648818,0.101671589545767,0.03523390842339007,-0.001080946471461307,0.0,0.0,0.0
1692310910.6626472,0.09968621744003617,0.034344105555729774,-0.0009144398968590351,0.0,0.0,0.0
1692310910.7560494,0.09622854380559623,0.033422406717608405,-0.0004968268907874359,0.0,0.0,0.0
1692310910.8659203,0.09295813658987359,0.032491121644871356,-0.0001595976866127844,0.0,0.0,0.0
1692310910.9976578,0.08996130432621116,0.03155449654774371,0.00026575238082366564,0.0,0.0,0.0
1692310911.0544696,0.08681062034552676,0.030618945912327153,0.0005842130365805261,0.0,0.0,0.0
1692310911.1607363,0.08323320140524074,0.02965291573358319,0.0009206816265379348,0.0,0.0,0.0
1692310911.2618668,0.07992240565079203,0.02868468686874011,0.0011696565094604448,0.0,0.0,0.0
1692310911.360137,0.07678014336675698,0.027723578655786774,0.0013403157897794366,0.0,0.0,0.0
1692310911.4970548,0.07308968588739723,0.02673392836507752,0.0015136807308187708,0.0,0.0,0.0
1692310911.5611362,0.0696525546439065,0.025740968325489524,0.0016147477387205762,0.0,0.0,0.0
1692310911.6559758,0.06622674197373807,0.024745869401201707,0.001652983220576825,0.0,0.0,0.0
1692310911.7611806,0.06290382775492105,0.023745247536559225,0.0017273628699245875,0.0,0.0,0.0
1692310911.862831,0.05966758203233983,0.02275287943793989,0.0017502371109282024,0.0,0.0,0.0
1692310911.9608588,0.05668786634574617,0.021778534635867774,0.001746298589570748,0.0,0.0,0.0
1692310912.0582764,0.05379044390624881,0.020817275627115876,0.0017753239349287365,0.0,0.0,0.0
1692310912.1586068,0.050936657758037726,0.01987575633087938,0.0017725757782622034,0.0,0.0,0.0
1692310912.2620838,0.04844332202118183,0.01896774284121554,0.0017528015828430091,0.0,0.0,0.0
1692310912.3660386,0.04626460336088428,0.018099192884842054,0.0017546481777316854,0.0,0.0,0.0
1692310912.4670901,0.043901425255101746,0.01726060329391678,0.0017221616811883228,0.0,0.0,0.0
1692310912.5624197,0.041842982099809786,0.016457141102935013,0.0017031295639539693,0.0,0.0,0.0
1692310912.6582716,0.039874895672829556,0.01569092165759807,0.001667950135562743,0.0,0.0,0.0
1692310912.7634144,0.03786461141708365,0.014953660588256337,0.001618579165474588,0.0,0.0,0.0
1692310912.8643775,0.03610871058394507,0.014252465172709484,0.001564600626256186,0.0,0.0,0.0
1692310912.965326,0.03445111248792235,0.01358633673544097,0.0015062127137012596,0.0,0.0,0.0
1692310913.059915,0.03278642859925084,0.012947949066602895,0.0014534340208565194,0.0,0.0,0.0
1692310913.1614401,0.031224082487006383,0.012338675444148654,0.001398335948217266,0.0,0.0,0.0
1692310913.264281,0.029775736646274614,0.011759261539390425,0.00134249570858084,0.0,0.0,0.0
1692310913.3621266,0.02842252821041272,0.011209716202576431,0.0012843708998250616,0.0,0.0,0.0
1692310913.461047,0.027051153506708232,0.010683977333383271,0.0012256286153461565,0.0,0.0,0.0
1692310913.5620997,0.0257503288838315,0.010181494661790821,0.0011674909034236592,0.0,0.0,0.0
1692310913.6616414,0.024488248224895304,0.009700422645844342,0.0011090782815866848,0.0,0.0,0.0
1692310913.7529976,0.02330324160652976,0.009240801362603532,0.0010528118876554768,0.0,0.0,0.0
1692310913.8494306,0.02206939337358902,0.008796696881553868,0.0009973227056434373,0.0,0.0,0.0
1692310913.9579086,0.020944673785074374,0.008370831690696792,0.000944164768799866,0.0,0.0,0.0
1692310914.0561926,0.019882702540350114,0.007963207938272324,0.0008939953100817925,0.0,0.0,0.0
1692310914.153797,0.018893278749131295,0.0075744591815149805,0.000846092161829229,0.0,0.0,0.0
1692310914.258866,0.01792817331237921,0.007202627115296452,0.000800364741573539,0.0,0.0,0.0
1692310914.3914406,0.016999566039463444,0.0068466316106911744,0.0007573261817877064,0.0,0.0,0.0
1692310914.4736087,0.01613363229179031,0.006507012554723787,0.0007162757351658986,0.0,0.0,0.0
1692310914.5609682,0.015323990505026603,0.006183748798810621,0.0006780305312558697,0.0,0.0,0.0
1692310914.6545591,0.014593385442266984,0.005878055717704961,0.000642454241599483,0.0,0.0,0.0
1692310914.7568536,0.01386451463926561,0.005587140251284661,0.0006085959170499538,0.0,0.0,0.0
1692310914.8493803,0.013165274641420189,0.0053100855223620815,0.0005756127513174131,0.0,0.0,0.0
1692310914.9561477,0.012502812671859967,0.005046312661905395,0.0005444650075171111,0.0,0.0,0.0
1692310915.1244056,0.011875044994407218,0.0047952965814617166,0.0005153694485834797,0.0,0.0,0.0
1692310915.1516836,0.011304180658311768,0.004557748812332312,0.0004882173570553534,0.0,0.0,0.0
1692310915.2505336,0.010756799497805322,0.00433263380893955,0.000462389119732691,0.0,0.0,0.0
1692310915.3536413,0.010233040008598157,0.004119082804921937,0.00043748790479983013,0.0,0.0,0.0
1692310915.4554253,0.009752926309202523,0.0039173133506541806,0.00041383364332404167,0.0,0.0,0.0
1692310915.5583644,0.009309196977659853,0.0037271517581357436,0.00039159294760024113,0.0,0.0,0.0
1692310915.6600933,0.008895795724045107,0.0035481222741067455,0.0003711661101160737,0.0,0.0,0.0
1692310915.75721,0.008495732588130743,0.003379010710720689,0.00035251228260285044,0.0,0.0,0.0
1692310915.858415,0.008110793734815314,0.0032189833392285492,0.0003347377495188869,0.0,0.0,0.0
1692310915.9540625,0.00770274895980648,0.0030653850029545545,0.00031744178974642864,0.0,0.0,0.0
1692310916.0584085,0.007311266209246188,0.00291795673057929,0.0003007320231912285,0.0,0.0,0.0
1692310916.1505234,0.006941554767325573,0.002776743950984799,0.00028471174337333505,0.0,0.0,0.0
1692310916.2584925,0.006613772486912264,0.00264278859385819,0.0002695775927842433,0.0,0.0,0.0
1692310916.349968,0.006305091060883938,0.0025158207970513943,0.0002553787367903658,0.0,0.0,0.0
1692310916.457972,0.0060321208649778265,0.0023964330550474214,0.00024234916990460844,0.0,0.0,0.0
1692310916.5589182,0.006352865817269189,0.002312972794976893,0.00023309309209121668,0.0,0.0,0.0
1692310916.6581893,0.006589197275075231,0.0022552561498584804,0.0002263135903145685,0.0,0.0,0.0
1692310916.753859,0.0067629373331475175,0.0022158500379846125,0.0002214233628559695,0.0,0.0,0.0
1692310916.8508828,0.006884542301046407,0.0021890638368905614,0.00021819182902730447,0.0,0.0,0.0
1692310916.9591208,0.006974279890641568,0.0021712188701247235,0.00021600430541328602,0.0,0.0,0.0
1692310917.0510688,0.00701821626877553,0.002158534415850252,0.00021450135570288227,0.0,0.0,0.0
1692310917.1586306,0.006985533077654898,0.0021463784128716817,0.00021268476980878956,0.0,0.0,0.0
1692310917.2543004,0.006900661244093375,0.002132071700505102,0.00021022978070051824,0.0,0.0,0.0
1692310917.3559632,0.006803087307654766,0.002115307369585769,0.00020751671600083833,0.0,0.0,0.0
1692310917.456707,0.006679606937199132,0.002095186496006288,0.00020464596381137572,0.0,0.0,0.0
1692310917.560688,0.006561414278777496,0.002072530518946118,0.0002016985690105637,0.0,0.0,0.0
1692310917.6583033,0.006443792248327026,0.0020477971541267904,0.0001986282302149721,0.0,0.0,0.0
1692310917.7615492,0.006322821738133334,0.0020211683557059255,0.0001954180724113216,0.0,0.0,0.0
1692310917.8534005,0.006222053303141961,0.0019939580412382547,0.00019229448616196325,0.0,0.0,0.0
1692310917.9590425,0.006126620334190794,0.001966530295452189,0.0001892592013520329,0.0,0.0,0.0
1692310918.0608168,0.006016491048460222,0.0019381896549198994,0.00018621510641275333,0.0,0.0,0.0
1692310918.16098,0.005909438008919094,0.0019092407431109731,0.0001831914679730229,0.0,0.0,0.0
1692310918.2504115,0.005812604617452756,0.0018802962868519767,0.00018021820834658066,0.0,0.0,0.0
1692310918.3602395,0.005716632120472501,0.0018514032822036961,0.0001772405464056653,0.0,0.0,0.0
1692310918.4581845,0.005594617865853871,0.0018212726643489364,0.00017394154190535652,0.0,0.0,0.0
1692310918.5629354,0.0054203981223718955,0.0017874840365851396,0.00017037365312466842,0.0,0.0,0.0
1692310918.6565356,0.005256188335624385,0.0017511558618655688,0.00016654072627359445,0.0,0.0,0.0
1692310918.7576277,0.00510032602697214,0.0017131185699819367,0.00016263299148896,0.0,0.0,0.0
1692310918.8634136,0.004951422695583561,0.001674004626079095,0.00015869632595860028,0.0,0.0,0.0
1692310918.9539132,0.004804504629109701,0.0016340931782719227,0.00015474143513606977,0.0,0.0,0.0
1692310919.0609362,0.004655444979048175,0.001593412471185027,0.00015074129299698073,0.0,0.0,0.0
1692310919.1811392,0.004500802377414712,0.0015518154651434075,0.00014664564384284342,0.0,0.0,0.0
1692310919.250105,0.004371985090254038,0.0015107381815403394,0.00014264655080018754,0.0,0.0,0.0
1692310919.3516338,0.004260870500360172,0.001470981772625644,0.00013875834894317769,0.0,0.0,0.0
1692310919.457138,0.004164502484262733,0.0014330561531306033,0.0001350855712038,0.0,0.0,0.0
1692310919.5599942,0.0040728053647371395,0.0013968870286929504,0.00013163048218366155,0.0,0.0,0.0
1692310919.6611235,0.003988804585742404,0.0013625663647787475,0.00012837782406349788,0.0,0.0,0.0
1692310919.7616086,0.0038845854369726337,0.0013287855252650139,0.00012510800368419208,0.0,0.0,0.0
1692310919.8580716,0.0037787520218782794,0.0012953666699173404,0.00012189263687811446,0.0,0.0,0.0
1692310919.966523,0.0036905927871046726,0.001263131863682922,0.00011879562284761874,0.0,0.0,0.0
1692310920.0485744,0.0036133511586895475,0.0012324252506366001,0.00011587707540881597,0.0,0.0,0.0
1692310920.1555855,0.0035413996032318943,0.0012032570064712284,0.00011311584489010257,0.0,0.0,0.0
1692310920.256943,0.0034852684815159466,0.0011761598718006716,0.00011055426506739213,0.0,0.0,0.0
1692310920.3555157,0.003434706733146313,0.0011510642634605336,0.0001082011621131614,0.0,0.0,0.0
1692310920.458124,0.003377382532101192,0.0011273093922159487,0.00010587508431699784,0.0,0.0,0.0
1692310920.5552623,0.003322034488640205,0.001104764855253308,0.00010363467378518245,0.0,0.0,0.0
1692310920.6615999,0.0032721314243584145,0.0010834951361572756,0.00010154460637553719,0.0,0.0,0.0
1692310920.7553287,0.0032305621718116463,0.0010637037210898977,9.961145536696783e-05,0.0,0.0,0.0
1692310920.85678,0.0031959349844402347,0.0010454899110020712,9.784256652812137e-05,0.0,0.0,0.0
