Time,linear.x,linear.y,linear.z,angular.x,angular.y,angular.z
1692310665.7035408,-0.00022810090350064373,-6.84149581658814e-05,-1.4475797722027477e-06,0.0,0.0,0.0
1692310665.845703,-0.00022810090350063917,-6.841495497926141e-05,-1.4477307893475833e-06,0.0,0.0,0.0
1692310665.9048584,-0.00022810090350064465,-6.841494418672732e-05,-1.4482406601601871e-06,0.0,0.0,0.0
1692310666.0013297,-0.00022810090350063993,-6.841493770843839e-05,-1.448546899789052e-06,0.0,0.0,0.0
1692310666.1035652,-0.00022810090350062676,-6.841493808235511e-05,-1.448529598292232e-06,0.0,0.0,0.0
1692310666.2123687,-0.00022810090350062503,-6.841495500552102e-05,-1.4477292816700176e-06,0.0,0.0,0.0
1692310666.30113,-0.00022810090350062362,-6.84149375318349e-05,-1.4485540573467686e-06,0.0,0.0,0.0
1692310666.415673,-0.0002281009035006317,-6.841493681107334e-05,-1.4485886531708555e-06,0.0,0.0,0.0
1692310666.511642,-0.00022810090350062915,-6.841493424825944e-05,-1.448710125185269e-06,0.0,0.0,0.0
1692310666.6061301,-0.00022810090350062703,-6.84149365842439e-05,-1.4486001748530869e-06,0.0,0.0,0.0
1692310666.7319381,-0.00022810090350061597,-6.841492348845155e-05,-1.4492182062539722e-06,0.0,0.0,0.0
1692310666.8100226,-0.00022810090350060676,-6.84148962472039e-05,-1.4505011969922364e-06,0.0,0.0,0.0
1692310666.9121623,-0.00022810090350060838,-6.841490576573336e-05,-1.4500526191464432e-06,0.0,0.0,0.0
1692310667.0054705,-0.00022810090350063755,-6.841491571112757e-05,-1.449583649458008e-06,0.0,0.0,0.0
1692310667.1052945,-0.00022810090350063402,-6.841491517206453e-05,-1.44960975137514e-06,0.0,0.0,0.0
1692310667.202745,-0.00022810090350064037,-6.841491789702908e-05,-1.449481662963851e-06,0.0,0.0,0.0
1692310667.3043752,-0.00022810090350065492,-6.84149152895977e-05,-1.449605165110697e-06,0.0,0.0,0.0
1692310667.40409,-0.00022810090350065777,-6.841491337737547e-05,-1.4496957874062194e-06,0.0,0.0,0.0
1692310667.5032413,-0.0002281009035006416,-6.84149264866238e-05,-1.4490766637991722e-06,0.0,0.0,0.0
1692310667.6009734,-0.00022810090350062817,-6.84148959598638e-05,-1.4505140295841758e-06,0.0,0.0,0.0
1692310667.7020254,-0.00022810090350062622,-6.841489288573062e-05,-1.4506598927108594e-06,0.0,0.0,0.0
1692310667.8008442,-0.0002281009035006246,-6.841486631596991e-05,-1.451910491925976e-06,0.0,0.0,0.0
1692310667.9002476,-0.0002281009035006325,-6.841487339106509e-05,-1.451577967804983e-06,0.0,0.0,0.0
1692310668.026441,-0.00022810090350062985,-6.841486613380555e-05,-1.4519207071369924e-06,0.0,0.0,0.0
1692310668.1028755,-0.00022810090350061836,-6.841487693281132e-05,-1.4514121357801951e-06,0.0,0.0,0.0
1692310668.2043588,-0.00022810090350061803,-6.841487408849375e-05,-1.4515469228473622e-06,0.0,0.0,0.0
1692310668.3176754,-0.0002281009035006085,-6.84148953141203e-05,-1.4505450692134828e-06,0.0,0.0,0.0
1692310668.4039514,-0.00022810090350060985,-6.841490896454607e-05,-1.4499012066237223e-06,0.0,0.0,0.0
1692310668.5026712,-0.0002281009035006202,-6.841490435410638e-05,-1.4501194545515097e-06,0.0,0.0,0.0
1692310668.6002393,-0.00022810090350061955,-6.841490764491402e-05,-1.4499648275545418e-06,0.0,0.0,0.0
1692310668.699778,-0.00022810090350063757,-6.841488464475872e-05,-1.451048210885947e-06,0.0,0.0,0.0
1692310668.800549,-0.0002281009035006433,-6.841489310214523e-05,-1.4506499430672516e-06,0.0,0.0,0.0
1692310668.8998795,-0.0002281009035006388,-6.84148930470619e-05,-1.4506532642449831e-06,0.0,0.0,0.0
1692310669.0007915,-0.0002281009035006629,-6.841489764860845e-05,-1.4504367545422362e-06,0.0,0.0,0.0
1692310669.1008914,-0.0002281009035006551,-6.841490531788008e-05,-1.4500752522938805e-06,0.0,0.0,0.0
1692310669.205016,-0.0002281009035006672,-6.841493222309043e-05,-1.4488029813865089e-06,0.0,0.0,0.0
1692310669.33376,-0.00022810090350066801,-6.841489777721208e-05,-1.4504249897959675e-06,0.0,0.0,0.0
1692310669.4040358,-0.00022810090350065012,-6.841490507909434e-05,-1.450081792265061e-06,0.0,0.0,0.0
1692310669.501261,-0.00022810090350066305,-6.841489822798931e-05,-1.4504060667488986e-06,0.0,0.0,0.0
1692310669.6497626,-0.00022810090350065527,-6.84149268330556e-05,-1.4490540823038522e-06,0.0,0.0,0.0
1692310669.7388585,-0.00022810090350064877,-6.841492657177993e-05,-1.449067840806751e-06,0.0,0.0,0.0
1692310669.813497,-0.00022810090350066192,-6.841491002764097e-05,-1.4498488648659403e-06,0.0,0.0,0.0
1692310669.8997529,-0.00022810090350064503,-6.84149168407614e-05,-1.4495283199980142e-06,0.0,0.0,0.0
1692310670.002049,-0.0002281009035006588,-6.841492655006832e-05,-1.44907062470289e-06,0.0,0.0,0.0
1692310670.100436,-0.00022810090350065175,-6.841492939279599e-05,-1.4489372661377014e-06,0.0,0.0,0.0
1692310670.200428,-0.0002281009035006551,-6.841493320247673e-05,-1.448758064918574e-06,0.0,0.0,0.0
1692310670.3019068,-0.00022810090350065793,-6.841493095383354e-05,-1.448864861835339e-06,0.0,0.0,0.0
1692310670.405515,-0.00022810090350066026,-6.841493329172809e-05,-1.4487549723319263e-06,0.0,0.0,0.0
1692310670.4999115,-0.00022810090350065294,-6.841491846203086e-05,-1.4494547116979602e-06,0.0,0.0,0.0
1692310670.6009848,-0.00022810090350065614,-6.84149187038894e-05,-1.4494438069361784e-06,0.0,0.0,0.0
1692310670.741103,-0.00022810090350064026,-6.841490547102735e-05,-1.4500680294006414e-06,0.0,0.0,0.0
1692310670.836109,-0.0002281009035006363,-6.841493237936982e-05,-1.4487956030455848e-06,0.0,0.0,0.0
1692310670.8980548,-0.00022810090350065153,-6.841492307874316e-05,-1.449235251729511e-06,0.0,0.0,0.0
1692310670.997902,-0.00022810090350064568,-6.84148955878509e-05,-1.4505303315977845e-06,0.0,0.0,0.0
1692310671.1024213,-0.0002281009035006408,-6.841492627109146e-05,-1.449079919447384e-06,0.0,0.0,0.0
1692310671.2036479,-0.000228100903500646,-6.841491608321601e-05,-1.44956197503879e-06,0.0,0.0,0.0
1692310671.3017523,-0.00022810090350065034,-6.841491120878864e-05,-1.449793271149799e-06,0.0,0.0,0.0
1692310671.3990278,-0.0002281009035006447,-6.841491419125567e-05,-1.4496536284501036e-06,0.0,0.0,0.0
1692310671.5026283,-0.00022810090350065853,-6.841491381944894e-05,-1.4496721288740584e-06,0.0,0.0,0.0
1692310671.59808,-0.00022810090350065148,-6.84149156160754e-05,-1.449588120265791e-06,0.0,0.0,0.0
1692310671.7046373,-0.00022810090350063636,-6.841490460477593e-05,-1.4501079165541658e-06,0.0,0.0,0.0
1692310671.8035936,-0.00022810090350062378,-6.8414889761503e-05,-1.4508078287541759e-06,0.0,0.0,0.0
1692310671.9016645,-0.00022810090350062253,-6.841491239617822e-05,-1.4497387648293004e-06,0.0,0.0,0.0
1692310671.9981568,-0.00022810090350063077,-6.841488561557229e-05,-1.4510001697421777e-06,0.0,0.0,0.0
1692310672.1055086,-0.00022810090350064693,-6.841489321879823e-05,-1.4506426047969863e-06,0.0,0.0,0.0
1692310672.200693,-0.0002281009035006511,-6.841488935949036e-05,-1.4508255776632305e-06,0.0,0.0,0.0
1692310672.3290403,-0.00022810090350065457,-6.841489114258433e-05,-1.450742347710545e-06,0.0,0.0,0.0
1692310672.4023137,-0.00022810090350064823,-6.841489891821605e-05,-1.45037610808079e-06,0.0,0.0,0.0
1692310672.5024042,-0.00022810090350064291,-6.841492737930734e-05,-1.4490304884042468e-06,0.0,0.0,0.0
1692310672.5996363,-0.0002281009035006478,-6.841493192929998e-05,-1.4488166255537218e-06,0.0,0.0,0.0
1692310672.7006605,-0.00022810090350063327,-6.841492694961436e-05,-1.4490525506138683e-06,0.0,0.0,0.0
1692310672.801361,-0.00022810090350063045,-6.841491653282925e-05,-1.4495446234593348e-06,0.0,0.0,0.0
1692310672.9004676,0.005962660764880616,0.00024167260312220822,5.122653423305029e-06,0.0,0.0,0.0
1692310672.9971988,0.011119565234642203,0.0007582785148757433,1.6067027692839958e-05,0.0,0.0,0.0
1692310673.0975988,0.015415266657953597,0.0014037762065985592,2.9807738252140014e-05,0.0,0.0,0.0
1692310673.2006018,0.018993585943571978,0.0021207110998599918,4.496900999825133e-05,0.0,0.0,0.0
1692310673.299799,0.021974325908492118,0.0028672186670660274,6.079770729392817e-05,0.0,0.0,0.0
1692310673.3983386,0.024457282299270595,0.003613426129562195,7.669079496988671e-05,0.0,0.0,0.0
1692310673.5024679,0.02652558497278905,0.004338618385072377,9.199621004192144e-05,0.0,0.0,0.0
1692310673.6030602,0.028248481099829928,0.005029004319011564,0.00010642924399748238,0.0,0.0,0.0
1692310673.7004125,0.03239082200585505,0.005811572255181779,0.0001232378458771705,0.0,0.0,0.0
1692310673.7987437,0.0358287141572267,0.006635658376169606,0.00014054467047212084,0.0,0.0,0.0
1692310673.9515412,0.039386525584862345,0.007500324907989832,0.00015890547595986317,0.0,0.0,0.0
1692310674.0445764,0.042888426112214224,0.008395992311239317,0.00017818297732803958,0.0,0.0,0.0
1692310674.1033227,0.04576747586613676,0.00928629645020675,0.00019705376653189182,0.0,0.0,0.0
1692310674.2013788,0.048093883893505704,0.01014442639426217,0.00021619001197772776,0.0,0.0,0.0
1692310674.3004298,0.04979935580066236,0.010944765041458708,0.00022952475669362057,0.0,0.0,0.0
1692310674.4413893,0.05243646857989825,0.01174357935923606,0.0002412538291452038,0.0,0.0,0.0
1692310674.5090652,0.05446439757337626,0.012510636232323945,0.0002495000180691775,0.0,0.0,0.0
1692310674.597682,0.05598461262531623,0.0132258153086562,0.0002536216840863782,0.0,0.0,0.0
1692310674.7016487,0.058762494225570776,0.013960766531399245,0.00025591496884827086,0.0,0.0,0.0
1692310674.8085668,0.06090318760595351,0.014680271963675679,0.000255695571265835,0.0,0.0,0.0
1692310674.9001822,0.062441247690952814,0.015356764479953053,0.0002491182287273975,0.0,0.0,0.0
1692310675.0121293,0.0634857625148613,0.01597265446843408,0.00024011292783986777,0.0,0.0,0.0
1692310675.1226904,0.06505539600964151,0.01656436519962203,0.00022927070966084225,0.0,0.0,0.0
1692310675.2268448,0.06611352651266095,0.017110274672624968,0.00022023981970420488,0.0,0.0,0.0
1692310675.3140802,0.06665681434588129,0.01759224144677396,0.00021220939438482253,0.0,0.0,0.0
1692310675.4315927,0.06683041116082461,0.018002438344599185,0.0002029537373442462,0.0,0.0,0.0
1692310675.5275319,0.06671753820872905,0.018338498281166425,0.0001924054878993371,0.0,0.0,0.0
1692310675.625035,0.06641640352693315,0.01860337706285702,0.00017919938269432052,0.0,0.0,0.0
1692310675.7083626,0.06565411393060121,0.018785860989980575,0.0001616301078459684,0.0,0.0,0.0
1692310675.8321865,0.06479968654680823,0.018895063915351416,0.00014674755422285443,0.0,0.0,0.0
1692310675.9347377,0.06388506015336787,0.01894021466060672,0.0001320704813947762,0.0,0.0,0.0
1692310676.028718,0.06718670052555206,0.019143241752977005,0.00011852399993328914,0.0,0.0,0.0
1692310676.1013803,0.0696284064557187,0.019434692431071553,0.00010753559380730275,0.0,0.0,0.0
1692310676.2239375,0.07137514061850771,0.019764983763910757,9.785281144916624e-05,0.0,0.0,0.0
1692310676.3127425,0.07371334384780094,0.020157263739700046,8.831246697179626e-05,0.0,0.0,0.0
1692310676.4223592,0.07608828342682275,0.020603021081481765,7.802796765683308e-05,0.0,0.0,0.0
1692310676.4959738,0.0780952729474158,0.021074877567603192,7.475515220056202e-05,0.0,0.0,0.0
1692310676.603426,0.07946276279637576,0.0215364310274012,7.677002625042922e-05,0.0,0.0,0.0
1692310676.699652,0.08021724045460779,0.021958694274617125,8.108190776968531e-05,0.0,0.0,0.0
1692310676.8049753,0.08059633816542927,0.022329430213773246,8.521040051392791e-05,0.0,0.0,0.0
1692310676.9100144,0.08291156909604078,0.02275424847946597,8.839387318322242e-05,0.0,0.0,0.0
1692310677.0301118,0.08456964014463891,0.023191189597755884,9.166068743918492e-05,0.0,0.0,0.0
1692310677.1279294,0.08549458197120398,0.02360151354145248,9.126319841089429e-05,0.0,0.0,0.0
1692310677.2379663,0.08596495314586021,0.02396689149029545,8.678272585999923e-05,0.0,0.0,0.0
1692310677.3303447,0.08585800471974293,0.024265887422890268,8.515047871750941e-05,0.0,0.0,0.0
1692310677.4283187,0.08847110778513274,0.024645870160726648,8.304743311815597e-05,0.0,0.0,0.0
1692310677.5347934,0.0903561699037137,0.025056842485078418,7.93694181028516e-05,0.0,0.0,0.0
1692310677.602059,0.09154600953208919,0.02545879904702234,7.34216985763679e-05,0.0,0.0,0.0
1692310677.7154913,0.09207245502997585,0.025820004600738515,6.795370703007621e-05,0.0,0.0,0.0
1692310677.8042555,0.09333802521419535,0.02618428302808303,6.878741892479018e-05,0.0,0.0,0.0
1692310677.932688,0.09397378764057426,0.026519565952706155,7.370186432841943e-05,0.0,0.0,0.0
1692310678.0183017,0.09505413306708138,0.026852987242913677,7.627854328608426e-05,0.0,0.0,0.0
1692310678.1293406,0.09562436801035236,0.02715929183080811,7.973697210059979e-05,0.0,0.0,0.0
1692310678.2236907,0.0966461279770946,0.027465652490393327,7.555544159318946e-05,0.0,0.0,0.0
1692310678.3346689,0.09714642431067877,0.02774591558550816,7.219133663820994e-05,0.0,0.0,0.0
1692310678.4251125,0.09700554106605012,0.027972316142720676,6.956472047418738e-05,0.0,0.0,0.0
1692310678.5276,0.09653312960845657,0.028137247527225667,6.189739463415602e-05,0.0,0.0,0.0
1692310678.6290066,0.09570001575819675,0.02823289793122112,5.2242095375150796e-05,0.0,0.0,0.0
1692310678.7307096,0.0967299845922875,0.028364170979298928,3.640098483630216e-05,0.0,0.0,0.0
1692310678.8021717,0.0975004799646219,0.028512126452442083,2.5880173504020182e-05,0.0,0.0,0.0
1692310678.9272242,0.09783057147526583,0.028651912515223678,1.9456570516801934e-05,0.0,0.0,0.0
1692310679.0028164,0.09845019573002374,0.028799385922027,5.323049829754875e-06,0.0,0.0,0.0
1692310679.1127086,0.09932745004928827,0.028966178651042406,-7.8125476942332e-06,0.0,0.0,0.0
1692310679.2202768,0.09946221177112313,0.029111879973332217,-1.2541375493273313e-05,0.0,0.0,0.0
1692310679.327195,0.09901732321584071,0.02921096345829542,-1.256605189860066e-05,0.0,0.0,0.0
1692310679.4263177,0.09822404316194898,0.02925375505259304,-1.4981804405558962e-05,0.0,0.0,0.0
1692310679.4965954,0.099439580727871,0.029350300196999725,-1.5224915589150573e-05,0.0,0.0,0.0
1692310679.5988827,0.10027245829227516,0.029472450157597585,-1.1862215501065197e-05,0.0,0.0,0.0
1692310679.7019114,0.1005326061647032,0.02958723093455403,-3.846242884792311e-06,0.0,0.0,0.0
1692310679.8047416,0.10100311964531128,0.02970641473320014,3.8593068952416845e-06,0.0,0.0,0.0
1692310679.9014215,0.10089628662227541,0.029800343529264455,9.496623002245069e-06,0.0,0.0,0.0
1692310680.0289013,0.10158977401838151,0.029913329966915994,1.4188179296354463e-05,0.0,0.0,0.0
1692310680.1030624,0.10177462562366607,0.030016694599790755,2.536960628444003e-05,0.0,0.0,0.0
1692310680.2067382,0.10247063194934222,0.030137669026677895,3.4044109365126196e-05,0.0,0.0,0.0
1692310680.2994301,0.10231915928699677,0.030230855864143744,3.959536047963132e-05,0.0,0.0,0.0
1692310680.4399548,0.10185543003505507,0.03028525288911071,4.148968270331412e-05,0.0,0.0,0.0
1692310680.5016103,0.10274014510044283,0.030374893940088077,4.010530013237504e-05,0.0,0.0,0.0
1692310680.6019044,0.10286048858983723,0.030455584469524597,4.483098683260114e-05,0.0,0.0,0.0
1692310680.7272818,0.10226752908444542,0.03049309314493337,4.839866745048997e-05,0.0,0.0,0.0
1692310680.825351,0.103445015951417,0.030583325597784275,5.331071223544513e-05,0.0,0.0,0.0
1692310680.9196217,0.10405389929539359,0.030688993968572605,5.756720531850768e-05,0.0,0.0,0.0
1692310680.9975636,0.10411305231812612,0.03077995834505984,6.774602617164119e-05,0.0,0.0,0.0
1692310681.137425,0.10372752367373672,0.03083638609067367,8.304595397603242e-05,0.0,0.0,0.0
1692310681.2004964,0.10542355703156915,0.030968371292244973,9.404210648576971e-05,0.0,0.0,0.0
1692310681.296464,0.10634671251015698,0.031124577795422343,0.00010042575349224528,0.0,0.0,0.0
1692310681.4498146,0.10642673371113581,0.031258687061841546,0.00011010382215615972,0.0,0.0,0.0
1692310681.5194397,0.10759675561988707,0.03142895889591863,0.00012840945326769403,0.0,0.0,0.0
1692310681.596357,0.10918990787290409,0.03165061552540877,0.0001434424841149153,0.0,0.0,0.0
1692310681.7161875,0.11098094534216878,0.03192499083855044,0.00015559720524457608,0.0,0.0,0.0
1692310681.7978442,0.11288981842007155,0.032249145055818544,0.00017110671264709167,0.0,0.0,0.0
1692310681.8986192,0.11430318126376617,0.03258997348779228,0.00018449159247324986,0.0,0.0,0.0
1692310681.9974437,0.11481691274272514,0.03289972099788167,0.0001786630285345653,0.0,0.0,0.0
1692310682.098256,0.11562967422772419,0.03319850112175164,0.00016116879743655754,0.0,0.0,0.0
1692310682.228963,0.11713093060140636,0.03352259389163796,0.00014844754208747805,0.0,0.0,0.0
1692310682.2975225,0.1177948459868424,0.033825840602221616,0.00012838422382875647,0.0,0.0,0.0
1692310682.4020917,0.1193308050370352,0.034155388171346036,9.580202971010794e-05,0.0,0.0,0.0
1692310682.497359,0.12000244193911044,0.03446352903612905,6.0294441272368535e-05,0.0,0.0,0.0
1692310682.6007555,0.12118356533648203,0.03477938554364631,3.089684813465521e-05,0.0,0.0,0.0
1692310682.7336104,0.12142026222674973,0.03505434531912264,4.2421926714327136e-06,0.0,0.0,0.0
1692310682.8009033,0.12124969282621526,0.035274809296752745,-2.562120533159303e-05,0.0,0.0,0.0
1692310682.9018488,0.12229595407009379,0.03551085957944601,-5.339964489226559e-05,0.0,0.0,0.0
1692310683.0085783,0.12248274063519476,0.035716813120345414,-8.257145029500916e-05,0.0,0.0,0.0
1692310683.0975752,0.12407568736991512,0.0359681630252657,-0.00010963443899293466,0.0,0.0,0.0
1692310683.2096362,0.12501374357434925,0.03622450615976383,-0.00013639952513119059,0.0,0.0,0.0
1692310683.321714,0.12521299269979852,0.03644799941497965,-0.00016181754163923674,0.0,0.0,0.0
1692310683.4003737,0.12637437171419608,0.036692357228390315,-0.00018284055158732316,0.0,0.0,0.0
1692310683.504162,0.12821261074890683,0.03698801010896914,-0.00019975644700034314,0.0,0.0,0.0
1692310683.6003227,0.13039210616190836,0.03734336949935224,-0.0002276784859218926,0.0,0.0,0.0
1692310683.7035205,0.1320627100349472,0.037723072075363046,-0.0002522922310580865,0.0,0.0,0.0
1692310683.7982004,0.13414525107060055,0.03814349114441877,-0.00029254429284458967,0.0,0.0,0.0
1692310683.9063132,0.13548811137264552,0.038560914615916556,-0.000331491797331601,0.0,0.0,0.0
1692310684.0268366,0.13748575396464024,0.039008275956337615,-0.00039362849740767834,0.0,0.0,0.0
1692310684.1205387,0.13842050592017854,0.039427502167775234,-0.0004600330339024901,0.0,0.0,0.0
1692310684.2185938,0.14028877011651422,0.03987029955061191,-0.0005171889122980157,0.0,0.0,0.0
1692310684.302334,0.14123838347579212,0.04028633961727124,-0.000584216633250105,0.0,0.0,0.0
1692310684.4049478,0.1414672406231518,0.04064453492625502,-0.0006322051671080539,0.0,0.0,0.0
1692310684.5346806,0.1429952879654696,0.04101915611837821,-0.0006874521974986451,0.0,0.0,0.0
1692310684.6137655,0.14494967365514044,0.04142877250840712,-0.0007498858690459641,0.0,0.0,0.0
1692310684.723612,0.14675285582261557,0.04186039133225114,-0.00080012774636687,0.0,0.0,0.0
1692310684.8255367,0.14815399760280973,0.04228974375465904,-0.0008582679821498775,0.0,0.0,0.0
1692310684.900939,0.14919538084525408,0.04270009235927081,-0.0008857847126032509,0.0,0.0,0.0
1692310684.9998207,0.150914718141419,0.04312847792946383,-0.0008897768426467238,0.0,0.0,0.0
1692310685.1001205,0.15257853653413816,0.04356897010895689,-0.0008786809929656539,0.0,0.0,0.0
1692310685.1988266,0.15345318374478226,0.0439800250175479,-0.0008516210496335177,0.0,0.0,0.0
1692310685.295396,0.1541224152016523,0.04435636852902976,-0.0007994678361207119,0.0,0.0,0.0
1692310685.3994746,0.15584304485226932,0.04475632317474425,-0.0007306903931817717,0.0,0.0,0.0
1692310685.5447366,0.15678697931122354,0.04513691797523179,-0.0006533134699409648,0.0,0.0,0.0
1692310685.6273584,0.15673324467879413,0.045451304795242085,-0.0005804086889036506,0.0,0.0,0.0
1692310685.7009363,0.1581451034250638,0.04578395305426898,-0.0005126027739030802,0.0,0.0,0.0
1692310685.801543,0.15825023149877396,0.04606636161441685,-0.0004381747323064282,0.0,0.0,0.0
1692310685.9278338,0.15781881386186392,0.04627999403997267,-0.00037607662098153543,0.0,0.0,0.0
1692310686.000147,0.15667517779514706,0.046400654023946684,-0.0003240638578268698,0.0,0.0,0.0
1692310686.1296244,0.15518122676855467,0.04642632392940112,-0.00027222291025241367,0.0,0.0,0.0
1692310686.2333703,0.15742800599501494,0.04656027089760403,-0.00022600876589641149,0.0,0.0,0.0
1692310686.3292978,0.1588694739099311,0.04674405800154783,-0.00017677138632186292,0.0,0.0,0.0
1692310686.4264963,0.16003076755528764,0.046955266093058945,-0.00011241556461300716,0.0,0.0,0.0
1692310686.5203793,0.1622149640736467,0.04724038909245451,-2.183217011617499e-05,0.0,0.0,0.0
1692310686.6004684,0.1643577559844044,0.047585177076170715,6.201797633311615e-05,0.0,0.0,0.0
1692310686.6969538,0.16433532347961288,0.047871029317047724,0.0001529350033900642,0.0,0.0,0.0
1692310686.798561,0.16556083748176023,0.04817062153902781,0.00022237680893800972,0.0,0.0,0.0
1692310686.907564,0.1665523237913221,0.048470139942392354,0.00025101193491672627,0.0,0.0,0.0
1692310686.9986324,0.16697719962240506,0.0487410186099487,0.00026173989592135597,0.0,0.0,0.0
1692310687.0983763,0.16803792060542502,0.04901993311713837,0.00024237677291861915,0.0,0.0,0.0
1692310687.2000577,0.1687032106234965,0.04928563472536035,0.00020454353039487625,0.0,0.0,0.0
1692310687.3282073,0.16942345051765978,0.04954302344272336,0.00014972013255406215,0.0,0.0,0.0
1692310687.4267404,0.16947541484224213,0.04976002780395786,0.00010252257068339158,0.0,0.0,0.0
1692310687.530609,0.16970919529411022,0.04995239308096766,3.6476339635077164e-05,0.0,0.0,0.0
1692310687.602844,0.17068543613226944,0.0501614772821891,-2.904363328629655e-05,0.0,0.0,0.0
1692310687.7130327,0.17095941817493823,0.050349419009185534,-7.628640626302846e-05,0.0,0.0,0.0
1692310687.822464,0.1706521135634528,0.0504906500274239,-0.00010209355801160257,0.0,0.0,0.0
1692310687.911827,0.17226419434016715,0.050689077118094866,-0.00011992565519662767,0.0,0.0,0.0
1692310688.0209007,0.17322073661044193,0.05090231987429129,-0.0001263355563839989,0.0,0.0,0.0
1692310688.1240146,0.1729506093335914,0.05106642406148801,-0.0001294830343481493,0.0,0.0,0.0
1692310688.2024333,0.17215091175737562,0.05116304583525465,-0.00013605469929274796,0.0,0.0,0.0
1692310688.3369138,0.17205496185345792,0.05123870244806131,-0.000147653423990575,0.0,0.0,0.0
1692310688.4001026,0.1724048837409268,0.05131921174296153,-0.00016699555807409382,0.0,0.0,0.0
1692310688.5361323,0.17184725221104757,0.051358366524588465,-0.00017718250688039127,0.0,0.0,0.0
1692310688.6308966,0.17214596004148514,0.05140595810356184,-0.00018327406599454596,0.0,0.0,0.0
1692310688.7360582,0.17252633097959869,0.05146469650752179,-0.00017753581195368993,0.0,0.0,0.0
1692310688.8359323,0.17230001582329846,0.051502291141911044,-0.0001713335911500507,0.0,0.0,0.0
1692310688.9063153,0.17261705796301732,0.05154950075999004,-0.00016238894156197803,0.0,0.0,0.0
1692310689.0005472,0.17246906735525083,0.05158143375636719,-0.00013862464065332787,0.0,0.0,0.0
1692310689.1238804,0.17237040165467052,0.051603045639316,-8.734820262824229e-05,0.0,0.0,0.0
1692310689.2079303,0.1730472481720926,0.051654928429735604,-3.652639953441247e-05,0.0,0.0,0.0
1692310689.2993388,0.1728212059255147,0.051686765662283876,1.7408115943605513e-05,0.0,0.0,0.0
1692310689.464156,0.17218708019120413,0.05168150132794263,6.489347298934561e-05,0.0,0.0,0.0
1692310689.5391712,0.17212964955122836,0.05167430208852457,9.210999856019218e-05,0.0,0.0,0.0
1692310689.6409233,0.17536349164011086,0.0518303619726206,0.00010408655254073786,0.0,0.0,0.0
1692310689.7365959,0.17659730113964828,0.05202219186750806,0.00010750110836239535,0.0,0.0,0.0
1692310689.840778,0.17599635845504558,0.05215188463046892,0.00010773410906406924,0.0,0.0,0.0
1692310689.9370704,0.17567994066469678,0.052244068070424976,0.00010696702655269245,0.0,0.0,0.0
1692310690.0239344,0.17558463115843367,0.05231608066344165,0.00010692891675052111,0.0,0.0,0.0
1692310690.123459,0.1748741104275946,0.052340447191338915,0.00011585340344816321,0.0,0.0,0.0
1692310690.1983347,0.17409145685194222,0.052321501799895996,0.0001321169713830979,0.0,0.0,0.0
1692310690.341707,0.1737563873273971,0.05228889288948471,0.00015443093454504234,0.0,0.0,0.0
1692310690.41961,0.17286019846790915,0.05221676807198668,0.00018379801582381764,0.0,0.0,0.0
1692310690.5362666,0.17183253742038504,0.05210493920080486,0.00024001553153858702,0.0,0.0,0.0
1692310690.6362653,0.17160366512355413,0.052000211458741924,0.00029687060413661993,0.0,0.0,0.0
1692310690.735473,0.17173874762308994,0.051919790794619204,0.00033973491013560724,0.0,0.0,0.0
1692310690.8359416,0.17351355155423703,0.05194174596329651,0.00037326906172479646,0.0,0.0,0.0
1692310690.9224005,0.1734944179476732,0.051959045139237374,0.00040412458447497163,0.0,0.0,0.0
1692310691.0370634,0.17404459853089932,0.05200119225190665,0.0004121203536489569,0.0,0.0,0.0
1692310691.1385787,0.1734452769808142,0.05200642326452013,0.0003989555182647599,0.0,0.0,0.0
1692310691.23514,0.1730655899734037,0.05199188977100086,0.00036083800492484725,0.0,0.0,0.0
1692310691.3360245,0.1724203352892551,0.05194750297677293,0.00030048867305139897,0.0,0.0,0.0
1692310691.4332178,0.17167925074389181,0.05187339294497887,0.00023895081987286546,0.0,0.0,0.0
1692310691.5335937,0.17019137269250487,0.05173708564435238,0.00017343929125135726,0.0,0.0,0.0
1692310691.624603,0.16975622882451558,0.05160168359212524,0.00010410487217555893,0.0,0.0,0.0
1692310691.7375376,0.16970534817053604,0.051486322430675836,4.1935684723109014e-05,0.0,0.0,0.0
1692310691.82469,0.16876237671975022,0.05134293333496152,-1.841848431050568e-05,0.0,0.0,0.0
1692310691.925902,0.16921745350143558,0.051246287660849855,-6.906670871152716e-05,0.0,0.0,0.0
1692310692.029173,0.16857503312661545,0.05113356040966194,-0.00011657342671575683,0.0,0.0,0.0
1692310692.1335082,0.16832152254804503,0.051026797313886145,-0.00017575697119000185,0.0,0.0,0.0
1692310692.217069,0.16693623591113854,0.050868464347261104,-0.0002243522890596945,0.0,0.0,0.0
1692310692.3113997,0.16503480465846262,0.050641167154767124,-0.00027848072431525334,0.0,0.0,0.0
1692310692.4020336,0.1650872524719633,0.05045433672907083,-0.0003338025280770407,0.0,0.0,0.0
1692310692.5397902,0.16491923391557134,0.05029033588014905,-0.00037597574690974186,0.0,0.0,0.0
1692310692.6433506,0.16514807182744393,0.05016514402575194,-0.00041481517657103353,0.0,0.0,0.0
1692310692.7363956,0.16410613522550002,0.05000891241623216,-0.00042353345280131107,0.0,0.0,0.0
1692310692.8088424,0.16392855385787303,0.0498700795519167,-0.0004048691469318676,0.0,0.0,0.0
1692310692.9298484,0.1644430005484181,0.04978035921581866,-0.00035094847816292827,0.0,0.0,0.0
1692310692.999463,0.16374200763807506,0.04967047054580154,-0.0002656975876977536,0.0,0.0,0.0
1692310693.1284165,0.16379964085008905,0.04958160978079042,-0.00015673589688345262,0.0,0.0,0.0
1692310693.2230625,0.16306621231586652,0.04947081384533213,-6.240088009368543e-05,0.0,0.0,0.0
1692310693.3191717,0.1634743524248925,0.04939870731129394,4.25609822955092e-05,0.0,0.0,0.0
1692310693.4271605,0.1641769558734972,0.04937389669371483,0.00012541543752409863,0.0,0.0,0.0
1692310693.5257504,0.16393611198394983,0.049341179244476244,0.00019288649977552708,0.0,0.0,0.0
1692310693.6247864,0.16467860471703086,0.049351115312091076,0.0002501407409603656,0.0,0.0,0.0
1692310693.7329643,0.1666132257727818,0.049456165666794,0.00031140790760390244,0.0,0.0,0.0
1692310693.8318098,0.16702350886631104,0.04956425511073986,0.0003603305558273558,0.0,0.0,0.0
1692310693.9264462,0.16666272101191879,0.04963577410559709,0.0004327410692638896,0.0,0.0,0.0
1692310694.0338578,0.16684338099865612,0.04970439336040676,0.0004935795280093342,0.0,0.0,0.0
1692310694.1095395,0.1661513570241808,0.04972619098613879,0.0005819129096763952,0.0,0.0,0.0
1692310694.2271276,0.1661876996750363,0.049744974717330054,0.0007062063940672975,0.0,0.0,0.0
1692310694.3429897,0.16674421990500848,0.04978711703789445,0.0008572766586686797,0.0,0.0,0.0
1692310694.4499366,0.16724986605536965,0.04984727519388694,0.0009920714163266114,0.0,0.0,0.0
1692310694.5237243,0.16664008821771703,0.04986473933442491,0.0011610337884175672,0.0,0.0,0.0
1692310694.6069033,0.16683498171063768,0.04988931157782597,0.001295414395678676,0.0,0.0,0.0
1692310694.7437572,0.1670102092089074,0.04991732811753706,0.0014374931523669407,0.0,0.0,0.0
1692310694.8413193,0.1678790634709921,0.04998476636882761,0.0015431685932891597,0.0,0.0,0.0
1692310694.943463,0.1693789473672266,0.050116950684259524,0.0016109576680004983,0.0,0.0,0.0
1692310695.023371,0.1697741911515652,0.05024744228088073,0.0016522997880847028,0.0,0.0,0.0
1692310695.140565,0.16991190589701574,0.05036346775318355,0.0016749507357152913,0.0,0.0,0.0
1692310695.2383018,0.16920491807236643,0.0504262640202862,0.0016446855792371165,0.0,0.0,0.0
1692310695.3414528,0.16962249280385933,0.050499913244458815,0.001605084233903741,0.0,0.0,0.0
1692310695.4056122,0.16923957176668794,0.05054256436806471,0.0015535902725001822,0.0,0.0,0.0
1692310695.5310977,0.16933171274039746,0.05058329699776326,0.0014863600042305612,0.0,0.0,0.0
1692310695.6239078,0.18273959434990397,0.051289499614590915,0.00141144394460537,0.0,0.0,0.0
1692310695.7235312,0.1882760339178972,0.05215555342519171,0.0013279986688475548,0.0,0.0,0.0
1692310695.7997036,0.18969105125392569,0.052948089427666004,0.0012446523255506183,0.0,0.0,0.0
1692310695.9256413,0.1893978695938548,0.05359372168670798,0.001165291308638684,0.0,0.0,0.0
1692310696.0094295,0.1885474531089635,0.054089179937980465,0.001078706750776709,0.0,0.0,0.0
1692310696.0991871,0.18736511153085866,0.05444276124839597,0.0009971504631866562,0.0,0.0,0.0
1692310696.1982596,0.18599129649271245,0.05466835844717586,0.0009386031802857106,0.0,0.0,0.0
1692310696.3123872,0.18403325188516828,0.054758267855681546,0.0008817031808394407,0.0,0.0,0.0
1692310696.428914,0.18193601569391768,0.054727818025425805,0.0008562337625607984,0.0,0.0,0.0
1692310696.531757,0.1799390271778077,0.05460237278456874,0.0008366631454235512,0.0,0.0,0.0
1692310696.629626,0.1787196342626879,0.05443675206879148,0.0008223383862731295,0.0,0.0,0.0
1692310696.7289603,0.17691053763318498,0.05420813094959732,0.0008114153312570349,0.0,0.0,0.0
1692310696.8303995,0.17448458861285238,0.05389610230374052,0.0008046916515499989,0.0,0.0,0.0
1692310696.9314594,0.17322169854279523,0.05357202251064365,0.0008489000513193612,0.0,0.0,0.0
1692310697.0345905,0.1717585989582958,0.053226490951635216,0.0009730478765842079,0.0,0.0,0.0
1692310697.1323416,0.17121817248918098,0.05291100167032773,0.0010943414992492257,0.0,0.0,0.0
1692310697.229409,0.16962553843836312,0.05256387430092334,0.0013075472537072389,0.0,0.0,0.0
1692310697.331805,0.16825060321226493,0.05220596453788046,0.0014807189365816588,0.0,0.0,0.0
1692310697.4286556,0.16669067699919798,0.051829990669551386,0.0016162989666627901,0.0,0.0,0.0
1692310697.5295706,0.1662346965121266,0.05149181825612322,0.001772768652511027,0.0,0.0,0.0
1692310697.6377141,0.16604591754331285,0.05120055847810107,0.0019048947077116253,0.0,0.0,0.0
1692310697.7288127,0.1651068187070603,0.050912538032840786,0.0019805691991355906,0.0,0.0,0.0
1692310697.827063,0.16375141703396984,0.05060382915432155,0.0020600048624964708,0.0,0.0,0.0
1692310697.9292133,0.1630338748157866,0.050311486357985026,0.0021098230192093744,0.0,0.0,0.0
1692310698.0347586,0.16304514502243136,0.0500683868180655,0.002154278821886854,0.0,0.0,0.0
1692310698.1526704,0.1629654949046528,0.04986256192398147,0.002177245405549356,0.0,0.0,0.0
1692310698.2507372,0.16261405768655873,0.0496740662997905,0.0021837737160114203,0.0,0.0,0.0
1692310698.3472722,0.1625969738215214,0.049517296266310296,0.002164093774908442,0.0,0.0,0.0
1692310698.4424477,0.1624351883104533,0.049377862621075616,0.002164527372891232,0.0,0.0,0.0
1692310698.5462666,0.1616381792443354,0.04922284639293606,0.0021393497831192773,0.0,0.0,0.0
1692310698.6372259,0.161443232434079,0.049083533188173545,0.0021280749251403274,0.0,0.0,0.0
1692310698.7389534,0.16111255821960777,0.04894872019317385,0.0021662844378194965,0.0,0.0,0.0
1692310698.827311,0.16019923957644414,0.048791230214994555,0.0021852479423320405,0.0,0.0,0.0
1692310698.941481,0.15875927406868962,0.048588121188594784,0.002194637685891794,0.0,0.0,0.0
1692310699.0338209,0.15939408171279978,0.048448794574137484,0.0022424247499022863,0.0,0.0,0.0
1692310699.1397474,0.15928012177881112,0.04832595200539687,0.002302258866094103,0.0,0.0,0.0
1692310699.2220795,0.15972866178170914,0.048247586651331824,0.002324401940953063,0.0,0.0,0.0
1692310699.3297458,0.15934714748406337,0.0481637244465098,0.002331819112838338,0.0,0.0,0.0
1692310699.428504,0.1584725900538937,0.04805105282977577,0.002316248601089041,0.0,0.0,0.0
1692310699.540124,0.15858677356950523,0.0479629254328151,0.0023032546308365993,0.0,0.0,0.0
1692310699.6307971,0.1593613834588932,0.047928137416854616,0.002297277630625563,0.0,0.0,0.0
1692310699.7266574,0.15974669987895196,0.047918862039912705,0.0022842541617549943,0.0,0.0,0.0
1692310699.8262973,0.15927516590611113,0.047888160310059144,0.0022586148580503542,0.0,0.0,0.0
1692310699.9317312,0.1594898750671846,0.04787397265940864,0.00222308219213986,0.0,0.0,0.0
1692310700.0306609,0.1586197535559974,0.04781841890947278,0.0021958508149900312,0.0,0.0,0.0
1692310700.1236765,0.1589208773511131,0.0477883156252456,0.0021474008424744273,0.0,0.0,0.0
1692310700.2316206,0.15952056771017314,0.04779327492807839,0.0021078711980844714,0.0,0.0,0.0
1692310700.330906,0.15924429499434528,0.04778492795332759,0.002038529223330336,0.0,0.0,0.0
1692310700.4335504,0.1595570786217821,0.047793056835723956,0.0019972001316717974,0.0,0.0,0.0
1692310700.5246813,0.1598716535399929,0.04781545696453465,0.001966561062449701,0.0,0.0,0.0
1692310700.629833,0.16116871350549317,0.04790002675942917,0.0019165621094872293,0.0,0.0,0.0
1692310700.7298925,0.16147720926433598,0.047985935159827645,0.0018750016749467797,0.0,0.0,0.0
1692310700.827868,0.16207544191193124,0.04808704146671176,0.0018530471603726952,0.0,0.0,0.0
1692310700.926562,0.1617346472399899,0.048155122282886514,0.0018071973080917361,0.0,0.0,0.0
1692310701.0279593,0.16191863745901902,0.04821999770034585,0.001799769189263649,0.0,0.0,0.0
1692310701.1279097,0.16104010749906586,0.048229137487056255,0.0018162086124264782,0.0,0.0,0.0
1692310701.2323508,0.1597099128140533,0.04816856483600339,0.0018655142240708322,0.0,0.0,0.0
1692310701.3003736,0.16002678231296363,0.0481341792532842,0.0019024531491412962,0.0,0.0,0.0
1692310701.4024827,0.1603574188808047,0.04811950852393111,0.0019888448072235766,0.0,0.0,0.0
1692310701.5104468,0.16054956566860284,0.048114370119782326,0.002108775009896368,0.0,0.0,0.0
1692310701.601174,0.15989212867862518,0.04807866486054494,0.0021800826493151883,0.0,0.0,0.0
1692310701.7103097,0.16055027196875887,0.04807529315238959,0.0023508800524126064,0.0,0.0,0.0
1692310701.8352823,0.1602775851835628,0.04805830737423583,0.002500373089332617,0.0,0.0,0.0
1692310701.9333546,0.16089178073992783,0.048072636410645214,0.002658888978249392,0.0,0.0,0.0
1692310702.0328705,0.16038692628868273,0.04806053048124265,0.002772318251423577,0.0,0.0,0.0
1692310702.1312108,0.16177542685888904,0.04812003882805183,0.0028688008284578053,0.0,0.0,0.0
1692310702.230815,0.1615162888103535,0.048157514203074125,0.002935751066290935,0.0,0.0,0.0
1692310702.3240526,0.1623660770846648,0.048233506200444164,0.002959294290384042,0.0,0.0,0.0
1692310702.4263248,0.16241588311740854,0.04830094340259109,0.002952367348388552,0.0,0.0,0.0
1692310702.5288372,0.16179443005226235,0.04832842493927545,0.0029031888342353823,0.0,0.0,0.0
1692310702.6298902,0.16166055966162327,0.0483463039218656,0.002830007400219355,0.0,0.0,0.0
1692310702.7320735,0.16265767182823443,0.048411222129574445,0.0027689396450457948,0.0,0.0,0.0
1692310702.827736,0.16261196594822808,0.048462818163697616,0.002721771219314183,0.0,0.0,0.0
1692310702.9369764,0.16307848863944932,0.04852948280457634,0.002676900466437958,0.0,0.0,0.0
1692310703.0277631,0.162925310777153,0.048578531169342486,0.002614888869526937,0.0,0.0,0.0
1692310703.1296716,0.1621390258011829,0.048581450673574,0.0025302212362667523,0.0,0.0,0.0
1692310703.3332539,0.16291575445730624,0.048623608512458914,0.0024412475964330845,0.0,0.0,0.0
1692310703.3392906,0.16333188856013597,0.048680367441850544,0.002347542381967207,0.0,0.0,0.0
1692310703.4986188,0.16287663144980452,0.04870579255167932,0.002243188342966096,0.0,0.0,0.0
1692310703.5302918,0.1632521225650612,0.04874707830636639,0.0021171508028664074,0.0,0.0,0.0
1692310703.636606,0.16323000863257683,0.04878123698160395,0.0019814553521674268,0.0,0.0,0.0
1692310703.7303412,0.163215892297038,0.04880988989830705,0.0018312473449760822,0.0,0.0,0.0
1692310703.8429136,0.16401544354715758,0.04887392154378117,0.001701681571836229,0.0,0.0,0.0
1692310703.930129,0.16382921206985085,0.04891823344029061,0.0015788846135084342,0.0,0.0,0.0
1692310704.0247233,0.16403685194237397,0.048965718201213454,0.0014677916518794731,0.0,0.0,0.0
1692310704.1235383,0.16406884690865428,0.04900676699278552,0.0013810257919110729,0.0,0.0,0.0
1692310704.2258532,0.1638731093259278,0.049030592531890585,0.0013355075062629661,0.0,0.0,0.0
1692310704.3240318,0.16422964406670562,0.04906705052891513,0.0013468320502781647,0.0,0.0,0.0
1692310704.423469,0.1636689319030093,0.04906710842942354,0.0014237731284728508,0.0,0.0,0.0
1692310704.5316086,0.1632911887032596,0.04904797952916318,0.0014942785997640075,0.0,0.0,0.0
1692310704.6196434,0.163261646076267,0.04902324842062393,0.0017079508692551615,0.0,0.0,0.0
1692310704.7236483,0.1636397671643565,0.049017997324597766,0.0019460669403199267,0.0,0.0,0.0
1692310704.8209257,0.1645077052061593,0.049052731490103016,0.0022103950965845025,0.0,0.0,0.0
1692310704.9295878,0.16466514007069183,0.04909128268745035,0.002406197966318009,0.0,0.0,0.0
1692310705.0225434,0.164951688046513,0.04913968041935645,0.002540933367010996,0.0,0.0,0.0
1692310705.1255996,0.16658186530459987,0.0492642654575348,0.0026140691733407724,0.0,0.0,0.0
1692310705.2212315,0.16734139823455535,0.04940690088247912,0.0026624506263064557,0.0,0.0,0.0
1692310705.3225975,0.16713352034110388,0.049517586815920375,0.002661277248723442,0.0,0.0,0.0
1692310705.4224796,0.1675927259030729,0.049634855591361764,0.0026201115955572516,0.0,0.0,0.0
1692310705.5254428,0.16829884808556803,0.04976751555187662,0.002594955301760092,0.0,0.0,0.0
1692310705.623361,0.16872423942140483,0.049900981317875036,0.0025393231711505187,0.0,0.0,0.0
1692310705.732453,0.1694897524564598,0.05004860668078845,0.0025343274977862717,0.0,0.0,0.0
1692310705.8275926,0.17041362766809662,0.05021256832422164,0.0026276990109600504,0.0,0.0,0.0
1692310705.9188273,0.17041923699823214,0.05035052099783757,0.0026871518503089487,0.0,0.0,0.0
1692310706.0044346,0.17118989063284337,0.050500518163793535,0.002794987376298045,0.0,0.0,0.0
1692310706.106642,0.1719646985304495,0.050663455611732286,0.002898692349212821,0.0,0.0,0.0
1692310706.2081444,0.1726248819698415,0.05082962655643028,0.0030246015115102907,0.0,0.0,0.0
1692310706.320852,0.17312397394389856,0.05099394521261631,0.0031175730337889788,0.0,0.0,0.0
1692310706.4264855,0.17436361368198436,0.05119019486982422,0.003235613019399778,0.0,0.0,0.0
1692310706.529072,0.17213814842944306,0.05123518430749109,0.0034183797364108074,0.0,0.0,0.0
1692310706.626229,0.17058159290195335,0.05119743870797137,0.0035338884573859206,0.0,0.0,0.0
1692310706.720541,0.1692726821683742,0.05109522738936337,0.0036888842825858934,0.0,0.0,0.0
1692310706.821913,0.16843486228589524,0.05097106541530192,0.0037819376459482775,0.0,0.0,0.0
1692310706.9227514,0.16733234169333816,0.050813855128425026,0.003839734537672182,0.0,0.0,0.0
1692310707.0290403,0.16654586149373918,0.0506439637302645,0.0038805794161902293,0.0,0.0,0.0
1692310707.1231253,0.16484222378729055,0.0504199444700406,0.00387556418254209,0.0,0.0,0.0
1692310707.2204688,0.16479628709210464,0.050231582948547335,0.00386424282886762,0.0,0.0,0.0
1692310707.3190978,0.16389891285043173,0.0500315959954824,0.003828364786829032,0.0,0.0,0.0
1692310707.4240608,0.16368745844927537,0.04985529139825992,0.0037861727516880833,0.0,0.0,0.0
1692310707.5291145,0.1638194409245652,0.049714795947622195,0.0037546296556567483,0.0,0.0,0.0
1692310707.6256523,0.16305554355797877,0.04956305765870887,0.00367633261559074,0.0,0.0,0.0
1692310707.7245555,0.16273737385000384,0.04942049722924165,0.0036138613192604327,0.0,0.0,0.0
1692310707.8202667,0.1617246490457866,0.049251298968987695,0.003555790194227874,0.0,0.0,0.0
1692310707.9236646,0.16163451073185997,0.04910825411825208,0.0034702463832429367,0.0,0.0,0.0
1692310708.023821,0.16150645464783198,0.048983084956268644,0.0033923433805674755,0.0,0.0,0.0
1692310708.1206706,0.16041821702805067,0.04882342619504834,0.003339557884824888,0.0,0.0,0.0
1692310708.2227776,0.16031613336844439,0.04868706990108783,0.0032672770679223894,0.0,0.0,0.0
1692310708.324078,0.16041111635526378,0.04857816505958757,0.003208509428830313,0.0,0.0,0.0
1692310708.420401,0.15970753686666136,0.04845388651757533,0.0031298814493342948,0.0,0.0,0.0
1692310708.527477,0.15826348409729393,0.04827800847316062,0.0030624323174279484,0.0,0.0,0.0
1692310708.6233263,0.1557871321697004,0.048008219279981064,0.0029889615056985157,0.0,0.0,0.0
1692310708.7366898,0.15535742801044325,0.04776235029625325,0.002920104822606502,0.0,0.0,0.0
1692310708.8112214,0.15442315827936454,0.04751042564434778,0.0028669763680589416,0.0,0.0,0.0
1692310708.9217424,0.15303841565198756,0.04723181828907678,0.002809624192149197,0.0,0.0,0.0
1692310709.0227773,0.1532688060773802,0.04701091839472008,0.002768706858679204,0.0,0.0,0.0
1692310709.120245,0.1537278364555542,0.04685003803361096,0.0027328941139880647,0.0,0.0,0.0
1692310709.222324,0.15442109726559905,0.04675015776460111,0.0027147177335215913,0.0,0.0,0.0
1692310709.326728,0.15414707819633988,0.046655088899155255,0.0026651059405119267,0.0,0.0,0.0
1692310709.4235606,0.15495989338069416,0.04661635086015282,0.0026299382453644406,0.0,0.0,0.0
1692310709.520201,0.15558679454732577,0.046614384734294474,0.002621905887650847,0.0,0.0,0.0
1692310709.6103754,0.15527059145471273,0.046599632275943395,0.0025624076016122414,0.0,0.0,0.0
1692310709.7160046,0.15592622094706135,0.046620254418262855,0.0025123266278655825,0.0,0.0,0.0
1692310709.8263228,0.15638045888842658,0.04666004116693952,0.002474224690748601,0.0,0.0,0.0
1692310709.9175587,0.1561539965021335,0.04668317661756662,0.0024136944860376195,0.0,0.0,0.0
1692310710.036299,0.15674589544700412,0.046732448927875224,0.002356165388914796,0.0,0.0,0.0
1692310710.1268547,0.15650588380257188,0.04676068064884055,0.002325404224687772,0.0,0.0,0.0
1692310710.2285144,0.15705207592363565,0.04681257172101445,0.0022778678262000383,0.0,0.0,0.0
1692310710.3285272,0.15686643799595487,0.04684755137398147,0.0022128141230809673,0.0,0.0,0.0
1692310710.4204197,0.15667367218508474,0.046865428018324426,0.0021960897434943082,0.0,0.0,0.0
1692310710.5293584,0.15718589190592125,0.04690573564714667,0.002188165518842264,0.0,0.0,0.0
1692310710.6238675,0.15639695757000938,0.04690028313099913,0.002169626776746871,0.0,0.0,0.0
1692310710.7294054,0.15657159060074832,0.04690497515102607,0.002143251779263248,0.0,0.0,0.0
1692310710.8353262,0.15703506247984753,0.04693160337783333,0.002133267059677772,0.0,0.0,0.0
1692310710.9333386,0.15792198829364992,0.046998836841804226,0.002111658069169793,0.0,0.0,0.0
1692310711.0217893,0.15866648202380507,0.047092643880367595,0.00208233085888536,0.0,0.0,0.0
1692310711.132494,0.1587438871092536,0.04717530097378672,0.0020419073671965097,0.0,0.0,0.0
1692310711.2231207,0.15895848105590873,0.04725573316145072,0.001986221182810087,0.0,0.0,0.0
1692310711.3253164,0.15930684359364009,0.04733991952623892,0.0019474976325228987,0.0,0.0,0.0
1692310711.408559,0.15924451777213589,0.047407088367559094,0.0019106817654410894,0.0,0.0,0.0
1692310711.5121217,0.15845618498670802,0.047423782536620704,0.0018726595943070387,0.0,0.0,0.0
1692310711.637567,0.15723111353864325,0.047376596533890425,0.0018318000556196926,0.0,0.0,0.0
1692310711.728318,0.15709102781928494,0.04733067779796801,0.0017856408816178666,0.0,0.0,0.0
1692310711.8231077,0.15784966047152604,0.04733077520968866,0.001737275571424069,0.0,0.0,0.0
1692310711.9011223,0.15822253246001972,0.04735025585785101,0.001673376397997781,0.0,0.0,0.0
1692310712.0408788,0.15874982086466158,0.04739324558113716,0.0016080718340585373,0.0,0.0,0.0
1692310712.0965457,0.15898859542066524,0.04744124188217904,0.0015453721526704576,0.0,0.0,0.0
1692310712.2273464,0.15846903921151081,0.047455445850950226,0.0014827993515276624,0.0,0.0,0.0
1692310712.307551,0.15868285040661456,0.04747768062155467,0.0014429849096519308,0.0,0.0,0.0
1692310712.4317768,0.15914495893645558,0.04751929580832318,0.0014123320094003035,0.0,0.0,0.0
1692310712.5277371,0.15963236251389315,0.04757728937313503,0.0014250941940626284,0.0,0.0,0.0
1692310712.6349828,0.15951249645116342,0.04761941242226177,0.0014413604895274661,0.0,0.0,0.0
1692310712.6986678,0.15880744068553615,0.04761779232000961,0.001494577459283612,0.0,0.0,0.0
1692310712.8032043,0.15883833229973712,0.047618064955061594,0.0015369130770001825,0.0,0.0,0.0
1692310712.9408128,0.15938149676098673,0.04764250773129375,0.0016453974139530383,0.0,0.0,0.0
1692310713.050118,0.16014938108394045,0.04770056645866273,0.001753197985442541,0.0,0.0,0.0
1692310713.1295211,0.1598323710870727,0.04772553443225076,0.0019763631641195327,0.0,0.0,0.0
1692310713.2262032,0.16019810644151894,0.04776445059014758,0.0021660270277583907,0.0,0.0,0.0
1692310713.324253,0.16106485819826855,0.047835634101340604,0.0023929958530201616,0.0,0.0,0.0
1692310713.4249563,0.16104333370589977,0.04789703336422006,0.0025367803848192266,0.0,0.0,0.0
1692310713.537161,0.1625145780257713,0.0480232865809781,0.002637809481556265,0.0,0.0,0.0
1692310713.6299374,0.16296111164135405,0.048149036132133,0.002749756574070191,0.0,0.0,0.0
1692310713.721101,0.16403389453892878,0.048305263329597094,0.0028774221170972457,0.0,0.0,0.0
1692310713.8244393,0.16418028429927933,0.048445404081414685,0.002945455621957021,0.0,0.0,0.0
1692310713.932776,0.16376209011575169,0.04854366217726406,0.002963142096295502,0.0,0.0,0.0
1692310714.0373676,0.1627458267773468,0.04857354743629899,0.0029928230523909157,0.0,0.0,0.0
1692310714.1286967,0.16402361324882492,0.04866565471174138,0.0029672204923001932,0.0,0.0,0.0
1692310714.2264245,0.1643872075426953,0.04876065168983019,0.002945456310297407,0.0,0.0,0.0
1692310714.3052928,0.16512883424634886,0.04887700770029313,0.0029272102943266477,0.0,0.0,0.0
1692310714.4214036,0.16476430151115848,0.048958623196507185,0.0028568710764336532,0.0,0.0,0.0
1692310714.5035431,0.16576909622721178,0.049076345074436395,0.0028113233669701627,0.0,0.0,0.0
1692310714.6104653,0.16633873380745748,0.04920368168118046,0.002759724551198781,0.0,0.0,0.0
1692310714.7092192,0.1671959456271664,0.049354299363001126,0.0026845459486944754,0.0,0.0,0.0
1692310714.7980702,0.16707334826720283,0.04947490062987765,0.0025929671861481055,0.0,0.0,0.0
1692310714.9241948,0.16644302477848416,0.049544811487280835,0.0024910507740381056,0.0,0.0,0.0
1692310715.012243,0.1668583366583435,0.04962442653623022,0.002391822375893309,0.0,0.0,0.0
1692310715.1370485,0.1676158115226146,0.049728147035063036,0.0023240592000544078,0.0,0.0,0.0
1692310715.1986864,0.16756435931453892,0.049811412394192636,0.0022813405225415276,0.0,0.0,0.0
1692310715.3076863,0.16802207919866505,0.049902101890372835,0.002283211127693583,0.0,0.0,0.0
1692310715.4291224,0.16810551482691763,0.04998023505573488,0.002318357440698115,0.0,0.0,0.0
1692310715.4985235,0.16722663375336472,0.049999999771736164,0.0023717315789469075,0.0,0.0,0.0
1692310715.6201038,0.16711371983939066,0.05000815403360842,0.002463807700131547,0.0,0.0,0.0
1692310715.7368352,0.16710256571173865,0.05001185257513793,0.002582114536385528,0.0,0.0,0.0
1692310715.8245704,0.16640741604314807,0.04998106952266801,0.0026641782919012416,0.0,0.0,0.0
1692310715.9120262,0.1667316049539226,0.049965817367253335,0.0028205172397567082,0.0,0.0,0.0
1692310715.9964678,0.16614445963570368,0.04992579113942306,0.002919971191249754,0.0,0.0,0.0
1692310716.1363156,0.16502126063822747,0.049834517940534,0.0030244597209900474,0.0,0.0,0.0
1692310716.2064972,0.164758128336548,0.04974671005003749,0.003091129705294446,0.0,0.0,0.0
1692310716.3332665,0.16446509705543286,0.04966015286496675,0.00312761336027,0.0,0.0,0.0
1692310716.4165864,0.1642421488103999,0.04957511425130741,0.003183291935877345,0.0,0.0,0.0
1692310716.5311673,0.16316314039886762,0.04945058863234585,0.003222508738645649,0.0,0.0,0.0
1692310716.6208162,0.16339702541837142,0.04935933182913868,0.0032446822869292035,0.0,0.0,0.0
1692310716.7167916,0.1633597484323287,0.04927635128566999,0.0033329747594704564,0.0,0.0,0.0
1692310716.8284624,0.16444533575652276,0.04926386769968956,0.0033786522553293035,0.0,0.0,0.0
1692310716.9207816,0.16467455173300238,0.04926845033317556,0.0033673011799687023,0.0,0.0,0.0
1692310717.0258665,0.16470398355879798,0.04926810366568158,0.003436269233519208,0.0,0.0,0.0
1692310717.0950942,0.16527620555568615,0.049294388075279444,0.0035215987674597567,0.0,0.0,0.0
1692310717.2226722,0.16532218279024546,0.04931437875058195,0.0036434993369003302,0.0,0.0,0.0
1692310717.3221648,0.16513769370218173,0.049323585352632864,0.003723449356766867,0.0,0.0,0.0
1692310717.4274952,0.16377193882853563,0.04926295537329398,0.00378569479720473,0.0,0.0,0.0
1692310717.516277,0.16336279697893563,0.049192287615289355,0.00383267749712473,0.0,0.0,0.0
1692310717.6006978,0.16351762152444924,0.04913649597396219,0.003926220821656083,0.0,0.0,0.0
1692310717.705591,0.16335666455366993,0.049081309786684485,0.004010946752129993,0.0,0.0,0.0
1692310717.8278687,0.16257281028472714,0.048989171414151184,0.0041519247351771765,0.0,0.0,0.0
1692310717.9180248,0.16138416920750592,0.048855987559560776,0.004234700864409101,0.0,0.0,0.0
1692310717.9989934,0.16146347857867094,0.04874993657954261,0.004294265993472674,0.0,0.0,0.0
1692310718.1224976,0.16069197357556061,0.048629446624605825,0.004270543683647756,0.0,0.0,0.0
1692310718.2304826,0.15932257064071928,0.04846107268761571,0.004240856040678132,0.0,0.0,0.0
1692310718.3508716,0.16014503190416216,0.04836508384599461,0.00418118931847251,0.0,0.0,0.0
1692310718.4228945,0.1610394475516039,0.04833029818090925,0.004128796566039221,0.0,0.0,0.0
1692310718.497664,0.16150283409620428,0.04832385793828032,0.004094500909862452,0.0,0.0,0.0
1692310718.6252527,0.16177459884257656,0.04833065188590973,0.004084189495438794,0.0,0.0,0.0
1692310718.702269,0.16237642775152455,0.04836759304782694,0.004063133938995107,0.0,0.0,0.0
1692310718.7976332,0.16194452643548257,0.048380523111633426,0.003996431774733846,0.0,0.0,0.0
1692310718.924225,0.16240698605799883,0.048415099878107444,0.003933251566070389,0.0,0.0,0.0
1692310719.0266042,0.16267522106410975,0.04845814271080463,0.0038702471319651283,0.0,0.0,0.0
1692310719.110254,0.16325457957891853,0.048527392079432755,0.0037555343531753,0.0,0.0,0.0
1692310719.2225804,0.16382450511814922,0.04861422890906217,0.00365161552711586,0.0,0.0,0.0
1692310719.3223166,0.16384778815170453,0.04869005801833609,0.0035272798376672727,0.0,0.0,0.0
1692310719.420103,0.16417783084345783,0.048771159660955146,0.0033999202690716533,0.0,0.0,0.0
1692310719.532793,0.16392034071857503,0.04882765209709535,0.0032596064750606358,0.0,0.0,0.0
1692310719.617055,0.16347044728190424,0.04885175130238809,0.0031500972872267282,0.0,0.0,0.0
1692310719.7133083,0.16368752852199037,0.04888379840041568,0.0030380096905900044,0.0,0.0,0.0
1692310719.8302226,0.16327222224720886,0.04889077623312339,0.0029219952355789645,0.0,0.0,0.0
1692310719.9379847,0.16327929407971545,0.04889554166428877,0.002853602569066722,0.0,0.0,0.0
1692310720.0248282,0.1628134583311855,0.048874749332481385,0.0028228496143389158,0.0,0.0,0.0
1692310720.1312518,0.16274951623602057,0.0488523840545044,0.0028296017564638926,0.0,0.0,0.0
1692310720.2101758,0.16240834979558366,0.04881742500325105,0.002821556329628715,0.0,0.0,0.0
1692310720.2967222,0.16239592081169962,0.04878745980376957,0.0028186962317900952,0.0,0.0,0.0
1692310720.4142234,0.16203920888273934,0.048739108326093045,0.0029032145644369784,0.0,0.0,0.0
1692310720.4961717,0.16180956113734105,0.048687398771303986,0.0029721653396817234,0.0,0.0,0.0
1692310720.5985873,0.16152201439080272,0.048627630109323014,0.0030615453957696494,0.0,0.0,0.0
1692310720.7040188,0.16153430834248306,0.04857424896842218,0.003191398792056044,0.0,0.0,0.0
1692310720.8063378,0.161460549599313,0.04852676667977645,0.0032908134553600336,0.0,0.0,0.0
1692310720.8977704,0.1611547697508298,0.048470606727002236,0.0033892219228924825,0.0,0.0,0.0
1692310721.031258,0.16029927453376672,0.048383378923060875,0.0034388423129870062,0.0,0.0,0.0
1692310721.1244862,0.16055086233071833,0.048320585281969274,0.003515312842385646,0.0,0.0,0.0
1692310721.2009475,0.16076437706602867,0.04827593127012974,0.0036159428454687233,0.0,0.0,0.0
1692310721.3298109,0.16143382332918355,0.04826739184154587,0.003756085459810678,0.0,0.0,0.0
1692310721.4242966,0.16135987755209966,0.04826087586203513,0.0038245270138603446,0.0,0.0,0.0
1692310721.5389237,0.16029519218226726,0.04820065890269584,0.003895749762969411,0.0,0.0,0.0
1692310721.6462667,0.16044823306031455,0.048153552907282626,0.004005627882540114,0.0,0.0,0.0
1692310721.7469437,0.1606886253831275,0.04812013098672049,0.004160667479472202,0.0,0.0,0.0
1692310721.8432639,0.16099631949818827,0.04810325232511845,0.00433283956888374,0.0,0.0,0.0
1692310721.9320903,0.16052319028292295,0.048070686644926454,0.0044255465963206645,0.0,0.0,0.0
1692310722.020961,0.1609216405109971,0.048066340086368786,0.004475639742334227,0.0,0.0,0.0
1692310722.1348639,0.16044364875746595,0.04803388482608126,0.004564320744561981,0.0,0.0,0.0
1692310722.2196386,0.16073657328568552,0.048024531883192195,0.004609662735706582,0.0,0.0,0.0
1692310722.3188694,0.16111050171740118,0.0480402694495818,0.0045992406277740585,0.0,0.0,0.0
1692310722.4265242,0.1617462341920073,0.048089058883402286,0.004550295752109078,0.0,0.0,0.0
1692310722.5229926,0.1615801244990482,0.04812513740699252,0.004465659149170055,0.0,0.0,0.0
1692310722.6229765,0.1615498217167915,0.04816216170317638,0.004284594244603447,0.0,0.0,0.0
1692310722.7243226,0.16194454288034602,0.04821530001208142,0.00409712274355206,0.0,0.0,0.0
1692310722.8234255,0.16209644933799228,0.04826941884820906,0.0039055774488358196,0.0,0.0,0.0
1692310722.9219909,0.16287008414871024,0.048354782336903844,0.00372139462162751,0.0,0.0,0.0
1692310723.020952,0.16294251017152378,0.048431426408249656,0.003533588904072512,0.0,0.0,0.0
1692310723.1222658,0.16366420005585453,0.048532361408580305,0.0033601418799900076,0.0,0.0,0.0
1692310723.197579,0.16390895149555346,0.048627733561906056,0.0032346083780126515,0.0,0.0,0.0
1692310723.3441067,0.1644909608619517,0.04873387538774136,0.003174994762304317,0.0,0.0,0.0
1692310723.427946,0.164359768359979,0.04881617771779306,0.003117225788196344,0.0,0.0,0.0
1692310723.5072923,0.16428255085510032,0.04888067292936467,0.003072356557409325,0.0,0.0,0.0
1692310723.6247292,0.1647318972566667,0.048955337432387114,0.003062088425150362,0.0,0.0,0.0
1692310723.7301416,0.16408100388397268,0.04898445048127628,0.003060210333236993,0.0,0.0,0.0
1692310723.8305686,0.1634294671431268,0.04897358113271776,0.0030960116602438206,0.0,0.0,0.0
1692310723.9312158,0.16334327941250557,0.04896228722534074,0.003093711434605855,0.0,0.0,0.0
1692310724.031983,0.16299773741449236,0.04893478294930449,0.0031035417403647357,0.0,0.0,0.0
1692310724.134027,0.16263047599272143,0.04889245024352306,0.003126703811250549,0.0,0.0,0.0
1692310724.2335346,0.16247772052620205,0.048851715385265046,0.003111946846331718,0.0,0.0,0.0
1692310724.3219326,0.16152021356117935,0.04876984580202224,0.0030976180010239057,0.0,0.0,0.0
1692310724.4338655,0.16157344306933974,0.048706118842446626,0.0030560607905026228,0.0,0.0,0.0
1692310724.5326326,0.16083595089568106,0.048618724689719714,0.0029732972056505224,0.0,0.0,0.0
1692310724.6081312,0.1608342354034997,0.04854572425891274,0.0029065143560425316,0.0,0.0,0.0
1692310724.7210517,0.1602963508410747,0.04845958439970734,0.002818779666961908,0.0,0.0,0.0
1692310724.8168135,0.16056682664276206,0.048403032740458124,0.002711149631067818,0.0,0.0,0.0
1692310724.9304328,0.1600281840118993,0.04833061441655954,0.0025817552825922823,0.0,0.0,0.0
1692310725.0333452,0.15998445143701653,0.048266766896961494,0.002505387013762463,0.0,0.0,0.0
1692310725.1090064,0.16013886581995584,0.048219263927256714,0.002485632604436632,0.0,0.0,0.0
1692310725.22574,0.1608303749515321,0.048213763375345164,0.0024814603923380397,0.0,0.0,0.0
1692310725.3375697,0.1606154527996997,0.04819801458760854,0.0024854497302016013,0.0,0.0,0.0
1692310725.4356136,0.1609971533667819,0.048201306869220854,0.002538519974538035,0.0,0.0,0.0
1692310725.5384092,0.160722334020371,0.048191119511513135,0.002567684931024673,0.0,0.0,0.0
1692310725.6158311,0.16067862184469223,0.048177045501624625,0.002648637022684119,0.0,0.0,0.0
1692310725.7045612,0.1606471525262746,0.048164852843311484,0.0026982550031433472,0.0,0.0,0.0
1692310725.829296,0.16120358874089752,0.04817948973720679,0.002788532595052704,0.0,0.0,0.0
1692310725.9323413,0.16098448317213504,0.04818166712895312,0.0028488469632451793,0.0,0.0,0.0
1692310726.028057,0.16145070506637144,0.048201010902045836,0.0029826141661070888,0.0,0.0,0.0
1692310726.1246126,0.16182852659143654,0.048238231559080545,0.0030651746381603387,0.0,0.0,0.0
1692310726.2346153,0.16174273918752602,0.04826527052429365,0.003129150716843037,0.0,0.0,0.0
1692310726.3321764,0.16077396988396006,0.04824028474564375,0.0031661691516458026,0.0,0.0,0.0
1692310726.433247,0.16141574455900204,0.04825355480238209,0.0031696215703934296,0.0,0.0,0.0
1692310726.5325422,0.16198449520536595,0.04829259615127307,0.0031810812522148095,0.0,0.0,0.0
1692310726.6357985,0.1618915718543098,0.04832232357552295,0.0031618468694341473,0.0,0.0,0.0
1692310726.7315643,0.162354570647462,0.04837254440867814,0.0031093986415096763,0.0,0.0,0.0
1692310726.8304582,0.16208471340305358,0.04840028091721679,0.0030750667489993157,0.0,0.0,0.0
1692310726.9296026,0.16112243246937918,0.048377625423782454,0.0030022957049937486,0.0,0.0,0.0
1692310727.0361383,0.1593779022734981,0.048274019554447406,0.002887736506741323,0.0,0.0,0.0
1692310727.1291263,0.1600798179710312,0.04822151356693549,0.002820468764429463,0.0,0.0,0.0
1692310727.227386,0.16130367695577397,0.048239046043505956,0.002766897200262103,0.0,0.0,0.0
1692310727.3350008,0.16123177033720462,0.0482493024269014,0.002736350155229306,0.0,0.0,0.0
1692310727.4290602,0.1611824504589902,0.048255838807811785,0.0027020823023792273,0.0,0.0,0.0
1692310727.5307395,0.1608771074705437,0.048246719257511984,0.0026589195041826536,0.0,0.0,0.0
1692310727.6294873,0.16066837811801984,0.048228414830964406,0.002627608279764471,0.0,0.0,0.0
1692310727.7317398,0.16107036364408867,0.04823546923581135,0.0025574585998311868,0.0,0.0,0.0
1692310727.834078,0.1611714309052227,0.048247226532850226,0.002480801379447372,0.0,0.0,0.0
1692310727.92991,0.16059486809510526,0.0482284994404857,0.0024078307075762347,0.0,0.0,0.0
1692310728.0285914,0.16066616828099461,0.048216268812422955,0.00235187310476008,0.0,0.0,0.0
1692310728.1303253,0.16063699691386385,0.04820421956720551,0.002314391416474138,0.0,0.0,0.0
1692310728.230696,0.16007928717103714,0.04816683350389267,0.002268910124129621,0.0,0.0,0.0
1692310728.3346465,0.1598331260093382,0.04812323284760667,0.0022336931037026993,0.0,0.0,0.0
1692310728.4286592,0.15999942997697722,0.04809496902644785,0.002210911939665765,0.0,0.0,0.0
1692310728.539873,0.15959601921516015,0.04805214258862213,0.0021696110931953947,0.0,0.0,0.0
1692310728.6389394,0.1579852699868861,0.04793705059589766,0.0021008579527400486,0.0,0.0,0.0
1692310728.730721,0.15823022756575125,0.04785350582112273,0.0020423414850884,0.0,0.0,0.0
1692310728.8354363,0.15888669622024465,0.04781750353373925,0.0019744912616994933,0.0,0.0,0.0
1692310728.9359655,0.15811426690106917,0.04775004357930983,0.0018789111841318721,0.0,0.0,0.0
1692310729.0310783,0.1588370154195525,0.04773053166951788,0.0017832248918840227,0.0,0.0,0.0
1692310729.123887,0.15970193156989973,0.047758090670322814,0.0016857829435944411,0.0,0.0,0.0
1692310729.2362604,0.16046298050510627,0.04781940515046794,0.0015956957714161435,0.0,0.0,0.0
1692310729.3355458,0.1612952152429546,0.047910964862057294,0.001566682494839269,0.0,0.0,0.0
1692310729.4292731,0.1616540488834084,0.048003549573194956,0.0015938791473306718,0.0,0.0,0.0
1692310729.5324402,0.16167804265187422,0.04807916993560259,0.0016843797009643154,0.0,0.0,0.0
1692310729.6320488,0.16119896582161644,0.04811550706169138,0.001814966147566566,0.0,0.0,0.0
1692310729.7346177,0.16199660650158548,0.04818210167658615,0.001990838212073445,0.0,0.0,0.0
1692310729.831671,0.16243831776495027,0.04825937181977935,0.002143598729966544,0.0,0.0,0.0
1692310729.9054255,0.16254752587264434,0.04832384699297697,0.0023537359631294026,0.0,0.0,0.0
1692310730.0083575,0.16300748133103798,0.04840109985090474,0.002522360325407385,0.0,0.0,0.0
1692310730.1297767,0.16433264566878902,0.048529718470448124,0.002695227213475701,0.0,0.0,0.0
1692310730.2306817,0.16467839379537885,0.048654040204662075,0.0028417786353738435,0.0,0.0,0.0
1692310730.3337047,0.16561349082209167,0.04880240489378241,0.002993174288791786,0.0,0.0,0.0
1692310730.4335613,0.16570548829996284,0.048932011724528005,0.0031005322250535943,0.0,0.0,0.0
1692310730.5246441,0.16696049115579753,0.049103126860088386,0.0031884562849094048,0.0,0.0,0.0
1692310730.6291559,0.16748122584249375,0.049273425489309505,0.0032391340849287466,0.0,0.0,0.0
1692310730.7308443,0.1681669647856067,0.04945333175047666,0.003226765659415839,0.0,0.0,0.0
1692310730.8334754,0.16815243461874418,0.04960356097704976,0.003198718586064851,0.0,0.0,0.0
1692310730.937875,0.16733938623765945,0.049689792325390274,0.003143222904256962,0.0,0.0,0.0
1692310731.0342577,0.16678036323037415,0.04973615914091175,0.0030495143089498094,0.0,0.0,0.0
1692310731.1293461,0.16706452511248943,0.04979087743424917,0.0029341873478433834,0.0,0.0,0.0
1692310731.2311182,0.16742690868150537,0.0498558917209242,0.002810375098735339,0.0,0.0,0.0
1692310731.337854,0.16816444869550015,0.04994792798170722,0.0026860905739478583,0.0,0.0,0.0
1692310731.4307654,0.16761271416796078,0.04999865205019933,0.002537749002846358,0.0,0.0,0.0
1692310731.5223024,0.16735831374118015,0.050028580730491864,0.002401953807509719,0.0,0.0,0.0
1692310731.62972,0.16627975461417227,0.050000100847256757,0.002269158059384233,0.0,0.0,0.0
1692310731.7225518,0.16622868128998608,0.049973219721825106,0.002176467506371384,0.0,0.0,0.0
1692310731.822565,0.16589992536338294,0.04993452630386884,0.00209401431318261,0.0,0.0,0.0
1692310731.931317,0.16558906277309243,0.049885618282671525,0.0020559199472988156,0.0,0.0,0.0
1692310732.0353045,0.16460090487842688,0.04979534430304393,0.0020239682332097953,0.0,0.0,0.0
1692310732.1262698,0.16305190772741254,0.04964093230944405,0.0020357014500469424,0.0,0.0,0.0
1692310732.2214825,0.16276204106038827,0.0494959550045468,0.0020854938089102035,0.0,0.0,0.0
1692310732.321135,0.1623192827025274,0.04935120410489066,0.002162394684957313,0.0,0.0,0.0
1692310732.4227452,0.16138105601727942,0.0491846708814345,0.002204739154920293,0.0,0.0,0.0
1692310732.5068946,0.16155222034409672,0.04905279729497056,0.002273434686136901,0.0,0.0,0.0
1692310732.6194608,0.1616745490992985,0.048949348718154366,0.0023257333644684346,0.0,0.0,0.0
1692310732.7282825,0.16116914699384852,0.04883769628886498,0.00237158656087956,0.0,0.0,0.0
1692310732.8226626,0.1615066225247734,0.04876263930729941,0.002390417040186192,0.0,0.0,0.0
1692310732.9183717,0.16197048834772054,0.04872359943434134,0.0024019330676546893,0.0,0.0,0.0
1692310733.0194662,0.16178648096344073,0.04868324170513873,0.0023830809557007183,0.0,0.0,0.0
1692310733.1159635,0.1601571337042568,0.048569988107107165,0.002320785082838391,0.0,0.0,0.0
1692310733.2258008,0.16053354131133843,0.048494476254980386,0.0022699946552445956,0.0,0.0,0.0
1692310733.3242202,0.1602946291832248,0.04842014271315477,0.0022143701244228594,0.0,0.0,0.0
1692310733.4258344,0.16006833249214042,0.048348726489770975,0.0021183829302522635,0.0,0.0,0.0
1692310733.5213478,0.1604724453618907,0.04831021741871987,0.002016321781758869,0.0,0.0,0.0
1692310733.622812,0.16100814021459098,0.04830560874547878,0.0019106639447253962,0.0,0.0,0.0
1692310733.7228632,0.16059892639893278,0.04828159663371939,0.0018106083645364475,0.0,0.0,0.0
1692310733.8224745,0.16144866086663262,0.04830461442187819,0.001710667342539844,0.0,0.0,0.0
1692310733.9237769,0.16140044357896693,0.04832138937919023,0.0016267131099225417,0.0,0.0,0.0
1692310734.0222116,0.16124437242097697,0.04832775897390295,0.0015478687799710144,0.0,0.0,0.0
1692310734.1240976,0.16168339783198202,0.048354052070365194,0.0015208986543480978,0.0,0.0,0.0
1692310734.21624,0.16216439106832065,0.04839845812316661,0.001549128602787602,0.0,0.0,0.0
1692310734.3108313,0.1625534688555571,0.04845256099050775,0.001634775967031901,0.0,0.0,0.0
1692310734.4092348,0.1628348781262547,0.048508354341121954,0.0017786090750187803,0.0,0.0,0.0
1692310734.5203817,0.16281334679300474,0.04855324859968395,0.001908109412785734,0.0,0.0,0.0
1692310734.6228049,0.1632599276284392,0.048610543470466366,0.0020615398787718958,0.0,0.0,0.0
1692310734.7243829,0.16356014253495646,0.04867138937799893,0.002221949541506062,0.0,0.0,0.0
1692310734.8181615,0.16295617257798736,0.048691794490944504,0.0023549708712354983,0.0,0.0,0.0
1692310734.9224367,0.16390712062309942,0.048755547799818465,0.0024814226928225967,0.0,0.0,0.0
1692310734.9954224,0.16450290665036768,0.04883900040333368,0.002579786796532699,0.0,0.0,0.0
1692310735.1094172,0.16427111881578618,0.04889746495526798,0.00265228693289595,0.0,0.0,0.0
1692310735.2058687,0.16453435101710037,0.048961230859430147,0.0026814263816355155,0.0,0.0,0.0
1692310735.3343482,0.16513606973424771,0.049044856273057574,0.002700191925595158,0.0,0.0,0.0
1692310735.4089751,0.1653597355492836,0.04912690718160661,0.002694644677478616,0.0,0.0,0.0
1692310735.5387278,0.16567940697503641,0.04921289119271514,0.0026592385099014236,0.0,0.0,0.0
1692310735.6386743,0.1651532244853034,0.04925863965308449,0.0026192765012339673,0.0,0.0,0.0
1692310735.7438421,0.16506747228210358,0.049293744680680894,0.0025585256543606593,0.0,0.0,0.0
1692310735.810325,0.16443497410127716,0.049291772398463746,0.0024966875965048998,0.0,0.0,0.0
1692310735.9345226,0.16479739287800133,0.049308787376825966,0.00243411001763218,0.0,0.0,0.0
1692310736.035552,0.16475630467102534,0.04932168784639458,0.002363157817445804,0.0,0.0,0.0
1692310736.1376927,0.16433696316582003,0.0493125142408356,0.0022757231699691016,0.0,0.0,0.0
1692310736.2321846,0.1645855943535442,0.049315568805870666,0.0022471432279755487,0.0,0.0,0.0
1692310736.338395,0.16509952429956276,0.04934384619693537,0.002224235536021227,0.0,0.0,0.0
1692310736.43611,0.16490796211433575,0.049356303780523164,0.0022385103931610293,0.0,0.0,0.0
1692310736.538927,0.16458298091256068,0.049347917118528276,0.0022998492658845324,0.0,0.0,0.0
1692310736.6333475,0.1644030408112231,0.04932904894947432,0.0024019037111858116,0.0,0.0,0.0
1692310736.7417254,0.16436831070746238,0.04930755922649789,0.002550835527106197,0.0,0.0,0.0
1692310736.828797,0.16354095343860592,0.04924672917802674,0.002695110466464265,0.0,0.0,0.0
1692310736.9297185,0.16380957549461075,0.04920695731630568,0.0028513445586127143,0.0,0.0,0.0
1692310737.006192,0.1630750509289531,0.049137299927472844,0.0029764468103629024,0.0,0.0,0.0
1692310737.1396887,0.1628176841704265,0.04906685603785732,0.003073717945502104,0.0,0.0,0.0
1692310737.23724,0.16297981168098136,0.04901899413222438,0.0031168995705766053,0.0,0.0,0.0
1692310737.3266675,0.1631518129783348,0.0489881554592487,0.003147081000168118,0.0,0.0,0.0
1692310737.4012198,0.16352386688276838,0.04898400147029798,0.0031281107233799505,0.0,0.0,0.0
1692310737.509447,0.16316699289248301,0.04896550258641109,0.0030636587022936945,0.0,0.0,0.0
1692310737.6090305,0.16316391227659816,0.048952567924275055,0.002960417599771678,0.0,0.0,0.0
1692310737.7449546,0.16377679552029267,0.04897231319751739,0.002878885210293698,0.0,0.0,0.0
1692310737.8435543,0.16432020765414213,0.04901734889430906,0.0027836019662697675,0.0,0.0,0.0
1692310737.9297597,0.16515650752305527,0.04909664863388548,0.0027076336099771973,0.0,0.0,0.0
1692310738.0140944,0.16506074315743785,0.049156845698211035,0.002666179152336395,0.0,0.0,0.0
1692310738.1158264,0.164803855367007,0.049189004327805916,0.0027236906674097967,0.0,0.0,0.0
1692310738.2391398,0.1639437784966079,0.04917309353352173,0.0027638503143089677,0.0,0.0,0.0
1692310738.3392513,0.16396756076991656,0.04916159951571045,0.0027878365655557833,0.0,0.0,0.0
1692310738.4349735,0.1635055710309449,0.049119896570089645,0.002940265524629883,0.0,0.0,0.0
1692310738.5248551,0.16370418675464746,0.049096668318831076,0.003046629524718121,0.0,0.0,0.0
1692310738.6406488,0.1641264990942754,0.049099485395648276,0.0031220124196632013,0.0,0.0,0.0
1692310738.7313998,0.164379746432327,0.0491113337913255,0.0032284214454738973,0.0,0.0,0.0
1692310738.8362606,0.16445281062235248,0.04912774800695736,0.003278254389569209,0.0,0.0,0.0
1692310738.9364917,0.16519475797804536,0.049174406985900476,0.003376968822334594,0.0,0.0,0.0
1692310739.034681,0.16553567996913307,0.04923455873120286,0.00340366674326805,0.0,0.0,0.0
1692310739.1412013,0.1649615733312125,0.04925673254527133,0.003413156228023512,0.0,0.0,0.0
1692310739.2344959,0.16368683507257067,0.04921464946759731,0.0033696687098182304,0.0,0.0,0.0
1692310739.325776,0.16372274408414778,0.04918228380535538,0.003319470743129188,0.0,0.0,0.0
1692310739.425266,0.16383322579511647,0.04916219411286962,0.0032560205742203723,0.0,0.0,0.0
1692310739.523511,0.16326602684837424,0.04911743599149213,0.003195718494387525,0.0,0.0,0.0
1692310739.6293936,0.1630068520703849,0.04906908960752221,0.003111497584147914,0.0,0.0,0.0
1692310739.7324362,0.16292715774437913,0.049025513154915094,0.003028559636192,0.0,0.0,0.0
1692310739.8336701,0.16340749114904915,0.04901396290177487,0.0029471323160983097,0.0,0.0,0.0
1692310739.9375405,0.1629197839608564,0.048980271397502356,0.0028716078530228264,0.0,0.0,0.0
1692310740.0332272,0.16319121792111946,0.0489632666155019,0.002856090221192308,0.0,0.0,0.0
1692310740.12314,0.16264249946155615,0.04892296618362212,0.002817934524601608,0.0,0.0,0.0
1692310740.2223873,0.16136861072905556,0.04882499851861499,0.0027949317148119775,0.0,0.0,0.0
1692310740.3198776,0.161695158190497,0.04875468271220399,0.002859889145054577,0.0,0.0,0.0
1692310740.4256275,0.16113317811136135,0.04866628941426028,0.002937764767085913,0.0,0.0,0.0
1692310740.5267217,0.16115812643201685,0.04859493696789943,0.0029875472081445347,0.0,0.0,0.0
1692310740.6212971,0.16125786925862678,0.0485333508669446,0.003126879939309795,0.0,0.0,0.0
1692310740.72533,0.16125346026632884,0.04847920715109823,0.0032751948468874737,0.0,0.0,0.0
1692310740.8242335,0.1608944302885719,0.04841903288823768,0.0033620626213489583,0.0,0.0,0.0
1692310740.9346368,0.1608223385011627,0.04836262438782832,0.003467279520056158,0.0,0.0,0.0
1692310741.0332541,0.1598682954627955,0.04826887176921875,0.0035404155362015626,0.0,0.0,0.0
1692310741.1282578,0.16023776644157725,0.04821239385276069,0.003562822716584006,0.0,0.0,0.0
1692310741.2284899,0.16064398362833468,0.04818109079204889,0.0036397483937776363,0.0,0.0,0.0
1692310741.3290648,0.1601924968831231,0.04813623194966224,0.003655471226467479,0.0,0.0,0.0
1692310741.4241705,0.15880316085195417,0.0480338376013665,0.0036042871206100903,0.0,0.0,0.0
1692310741.5265918,0.159760390920633,0.04799531099757339,0.0035800147695851693,0.0,0.0,0.0
1692310741.6284254,0.15951610322746043,0.04795476816082178,0.00350440635928237,0.0,0.0,0.0
1692310741.7277322,0.1587751900152284,0.047883439656531954,0.003446817619260771,0.0,0.0,0.0
1692310741.795571,0.1597086086092919,0.04787029995108151,0.003407698298057339,0.0,0.0,0.0
1692310741.917708,0.15932064071138718,0.04784425727290341,0.003305503692613305,0.0,0.0,0.0
1692310742.005185,0.15982863869212627,0.047847324149441095,0.003232773740725162,0.0,0.0,0.0
1692310742.137477,0.16036123231355254,0.047876123504911494,0.0031802546862093497,0.0,0.0,0.0
1692310742.2325225,0.15987351774501843,0.047878485636237714,0.003087220287006643,0.0,0.0,0.0
1692310742.32784,0.1602322294905059,0.047897558071514704,0.003025777628783614,0.0,0.0,0.0
1692310742.4290714,0.16071211147204822,0.047936676646265504,0.0029893883905934573,0.0,0.0,0.0
1692310742.5331752,0.16034695464061288,0.047952715903088125,0.002927589842602025,0.0,0.0,0.0
1692310742.6361685,0.16091275308109956,0.04799266604234185,0.0029080489885430004,0.0,0.0,0.0
1692310742.7353804,0.16122674984889934,0.04803943187065514,0.0029292761289195263,0.0,0.0,0.0
1692310742.8318937,0.16085404861110825,0.0480583869717368,0.0029670521094838993,0.0,0.0,0.0
1692310742.9213324,0.16131744340085855,0.04809822804965911,0.0029863531693069077,0.0,0.0,0.0
1692310743.0332341,0.16187756499893236,0.04816087885424121,0.002980843072939155,0.0,0.0,0.0
1692310743.1364608,0.1615422101759419,0.04819586099334493,0.002982332786608403,0.0,0.0,0.0
1692310743.2334862,0.161811033796866,0.04823992964213979,0.002959751373580796,0.0,0.0,0.0
1692310743.3365304,0.1650272341743087,0.048438232708666665,0.00293763434233078,0.0,0.0,0.0
1692310743.4290774,0.1664049373156506,0.04867019233959344,0.002959148193803258,0.0,0.0,0.0
1692310743.523637,0.16683345688293275,0.04888452549622116,0.0029835213916793854,0.0,0.0,0.0
1692310743.6332214,0.1661978433534774,0.049034408617024294,0.002948819402733031,0.0,0.0,0.0
1692310743.7311494,0.16586675001623044,0.049142714532385175,0.002918714218320885,0.0,0.0,0.0
1692310743.818144,0.1659127532890152,0.04923471105414597,0.0029030654695055523,0.0,0.0,0.0
1692310743.919607,0.16599200461075408,0.04931680531384127,0.002863139890315354,0.0,0.0,0.0
1692310744.028642,0.16492331101585803,0.04933381213755711,0.002786165258610403,0.0,0.0,0.0
1692310744.1234796,0.16534296301319426,0.049368065708101996,0.0027414260307411058,0.0,0.0,0.0
1692310744.229424,0.16490711475381817,0.04937487784081271,0.0027013396936096884,0.0,0.0,0.0
1692310744.3419063,0.16557624258331527,0.04941458110942101,0.0026586677710925153,0.0,0.0,0.0
1692310744.4384236,0.16630914704068936,0.04948496878043946,0.0026117168588797126,0.0,0.0,0.0
1692310744.5376897,0.1661037700197918,0.04953382963438577,0.002561372012293583,0.0,0.0,0.0
1692310744.6421149,0.16520783169219255,0.049530952556893854,0.0024891663249385267,0.0,0.0,0.0
1692310744.7302911,0.16596759935447009,0.04956669607170524,0.0024280654680206375,0.0,0.0,0.0
1692310744.8301075,0.165867311316861,0.04959084459679416,0.002390876809354455,0.0,0.0,0.0
1692310744.9265053,0.16492510315910247,0.04956500558056099,0.0023295892848337043,0.0,0.0,0.0
1692310745.0374312,0.1647631829030489,0.04953302992710908,0.0023313300350934797,0.0,0.0,0.0
1692310745.111767,0.16525787897841132,0.04952922646745565,0.002372640000321103,0.0,0.0,0.0
1692310745.2323737,0.1648213264606922,0.04950417982794794,0.0024066173029946855,0.0,0.0,0.0
1692310745.3264408,0.16350527357075606,0.049411662018916364,0.00253115932603429,0.0,0.0,0.0
1692310745.4299245,0.16373996074315494,0.04934645622450749,0.0026336668022103604,0.0,0.0,0.0
1692310745.530502,0.1629492206185827,0.04925090971492908,0.0027423049252613594,0.0,0.0,0.0
1692310745.6213558,0.1630466520431998,0.04917200308524639,0.00289211915417183,0.0,0.0,0.0
1692310745.7223992,0.16324402750898978,0.04911580422748472,0.003022066862510152,0.0,0.0,0.0
1692310745.825507,0.16397820554525228,0.04910673994337188,0.003118656640190182,0.0,0.0,0.0
1692310745.9305017,0.1638441406685482,0.049092010354265594,0.00320513509007572,0.0,0.0,0.0
1692310746.02655,0.16433916713277963,0.049107449893460914,0.0032374613039347134,0.0,0.0,0.0
1692310746.121189,0.16459713320257946,0.049130476407419486,0.0033034687165418453,0.0,0.0,0.0
1692310746.2244985,0.16484747154154047,0.04916337002405366,0.003342819643557307,0.0,0.0,0.0
1692310746.3233917,0.16514273127337675,0.04920799223182942,0.0033412029163612817,0.0,0.0,0.0
1692310746.4261067,0.16506994098357453,0.04924521582684539,0.003281850526843304,0.0,0.0,0.0
1692310746.5225444,0.16442242245266453,0.04924499920818192,0.003210900244520395,0.0,0.0,0.0
1692310746.6258807,0.1632082721599908,0.049185819397247366,0.0031174975589127645,0.0,0.0,0.0
1692310746.7259185,0.16411731994765227,0.04918312024732903,0.003020982201542505,0.0,0.0,0.0
1692310746.8240738,0.16543896765977784,0.04924753752320443,0.002933428374858614,0.0,0.0,0.0
1692310746.924123,0.16647259178898025,0.04935307251572074,0.0028599843943786975,0.0,0.0,0.0
1692310747.0254307,0.16655578153817047,0.04944626980509436,0.002775886651897737,0.0,0.0,0.0
1692310747.1354132,0.16618169331966173,0.04950404840119792,0.0027282698166382385,0.0,0.0,0.0
1692310747.2248297,0.16629380001118144,0.04955612639231563,0.0027208610631737754,0.0,0.0,0.0
1692310747.3241343,0.16577946386942302,0.04957338404474645,0.002720527852243987,0.0,0.0,0.0
1692310747.4203396,0.16597279805869344,0.049598093723941035,0.002708513477342525,0.0,0.0,0.0
1692310747.5182166,0.1653284311741403,0.04958622897964226,0.002700728493281172,0.0,0.0,0.0
1692310747.6187334,0.16535007901892376,0.049577018012475826,0.002701877214313431,0.0,0.0,0.0
1692310747.7162457,0.16601183732658492,0.04960368258410575,0.0026815032361562846,0.0,0.0,0.0
1692310747.826623,0.16615033141245178,0.0496323251927686,0.0026743911876793537,0.0,0.0,0.0
1692310747.9279647,0.1654107731483881,0.0496192578271024,0.0026651214527669788,0.0,0.0,0.0
1692310748.0042455,0.16421992267766108,0.04955042094711468,0.0026222917294551518,0.0,0.0,0.0
1692310748.128475,0.16460450556004516,0.04951263018544702,0.0025812600593104,0.0,0.0,0.0
1692310748.226875,0.16411020540374122,0.049457627049854326,0.00251987119052451,0.0,0.0,0.0
1692310748.328632,0.16433195763220917,0.04942463739964624,0.002428572443707392,0.0,0.0,0.0
1692310748.4199781,0.16476355293794712,0.049418945583515186,0.00234878627849634,0.0,0.0,0.0
1692310748.525956,0.1643883131724202,0.04939658100070915,0.0022507053418744857,0.0,0.0,0.0
1692310748.6124346,0.1650485177448907,0.049410480851172583,0.002184541794451192,0.0,0.0,0.0
1692310748.718082,0.16534532054027923,0.04943628906692091,0.0021463540981714493,0.0,0.0,0.0
1692310748.820904,0.16485182253004052,0.04943173445735414,0.002146097696882065,0.0,0.0,0.0
1692310748.917415,0.16363389518102367,0.0493655918306544,0.002173886131870652,0.0,0.0,0.0
1692310749.0182614,0.16181524349924103,0.049219674961967226,0.0021886219577576583,0.0,0.0,0.0
1692310749.1227417,0.16327543465976513,0.049170179207375736,0.0022256393250627672,0.0,0.0,0.0
1692310749.2089283,0.16310810863653044,0.04911971281942081,0.002273223194674487,0.0,0.0,0.0
1692310749.320138,0.16292898523625948,0.04906834023443292,0.002319575933717877,0.0,0.0,0.0
1692310749.4153786,0.16271628812456476,0.04901436324305147,0.002367880089913183,0.0,0.0,0.0
1692310749.5221584,0.16298689568387245,0.048983141493413186,0.002405031943196514,0.0,0.0,0.0
1692310749.6176739,0.16266800612079968,0.04894077263836248,0.002442741551209469,0.0,0.0,0.0
1692310749.7176669,0.1617447298376648,0.04886020400440326,0.0024543977947637592,0.0,0.0,0.0
1692310749.819216,0.16193901123106547,0.04880313860336129,0.002458240271062424,0.0,0.0,0.0
1692310749.9145937,0.16121704041645815,0.04872023733180201,0.0024444755778534246,0.0,0.0,0.0
1692310750.0188441,0.16118755367584423,0.04865080841393166,0.0024098284769406577,0.0,0.0,0.0
1692310750.1045942,0.16021136793785712,0.0485452708608195,0.002352949973951474,0.0,0.0,0.0
1692310750.2296197,0.16067830922385,0.04848141713333543,0.002290249816149345,0.0,0.0,0.0
1692310750.321755,0.16047564911570789,0.048418905602946316,0.0022169001852884317,0.0,0.0,0.0
1692310750.4005659,0.15952935277444502,0.04832061367612797,0.0021223398667977672,0.0,0.0,0.0
1692310750.4948618,0.16084554320416106,0.04830621348865158,0.0019956723772185272,0.0,0.0,0.0
1692310750.5970492,0.1616271263270276,0.048333842134537376,0.0018735182712807201,0.0,0.0,0.0
1692310750.6957972,0.16208558611589935,0.04838069939679257,0.001735319584041338,0.0,0.0,0.0
1692310750.7969568,0.16260009846402532,0.0484459972040536,0.00159602039416861,0.0,0.0,0.0
1692310750.9008098,0.16280619970719737,0.048510655799502464,0.0014833023705692768,0.0,0.0,0.0
1692310751.0196364,0.16308908961268698,0.04857889648574208,0.0013781180399226717,0.0,0.0,0.0
1692310751.1212318,0.162448354438699,0.04860339563641077,0.0013035790720415347,0.0,0.0,0.0
1692310751.218675,0.16245771557596056,0.0486240677273484,0.0012518520728339532,0.0,0.0,0.0
1692310751.3234515,0.16205135869494422,0.0486208815140153,0.001210869759630368,0.0,0.0,0.0
1692310751.4175222,0.16219578596093376,0.04862524045229354,0.0011872445368425926,0.0,0.0,0.0
1692310751.51982,0.161694701189724,0.04860295680112982,0.0012009188798580036,0.0,0.0,0.0
1692310751.6169028,0.1607293903308614,0.048535836845700155,0.0012190001644538989,0.0,0.0,0.0
1692310751.720759,0.16036916237725293,0.04846177505346146,0.0012375885438168058,0.0,0.0,0.0
1692310751.7956054,0.1604448517437114,0.04840395797182527,0.0012500536233432382,0.0,0.0,0.0
1692310751.8942103,0.16154203124094849,0.048410935150417965,0.001254834504148887,0.0,0.0,0.0
1692310751.9965231,0.16150078523597522,0.04841525329498736,0.0012358678416330914,0.0,0.0,0.0
1692310752.1079192,0.16224489932091019,0.0484565113387064,0.0012035505403856697,0.0,0.0,0.0
1692310752.2213848,0.16233228817535428,0.04849560707152618,0.001159504355285335,0.0,0.0,0.0
1692310752.336165,0.16232804133095355,0.048528620849640255,0.0010837712608237344,0.0,0.0,0.0
1692310752.426949,0.163267189704647,0.048603243862494115,0.0010159941324310938,0.0,0.0,0.0
1692310752.52459,0.16360156722233757,0.04868236806682698,0.0009432047128324553,0.0,0.0,0.0
1692310752.6194892,0.16390399366354014,0.0487635851599568,0.000868495738516063,0.0,0.0,0.0
1692310752.6948464,0.16398894819190057,0.04883549575905127,0.0008062311767113012,0.0,0.0,0.0
1692310752.8260381,0.16417604432433852,0.048904818399028445,0.0007495423086693051,0.0,0.0,0.0
1692310752.9281566,0.163761586108851,0.048941849269459145,0.0006968218493156664,0.0,0.0,0.0
1692310753.0253012,0.16270477509689768,0.04891977311243523,0.0006499850223136874,0.0,0.0,0.0
1692310753.1300914,0.16291820589100167,0.04891198672333663,0.0006208573578519928,0.0,0.0,0.0
1692310753.221843,0.16323823290359185,0.048921463255644206,0.0006036450223949031,0.0,0.0,0.0
1692310753.3204231,0.16209256104465844,0.04887180634333944,0.0006023587946416281,0.0,0.0,0.0
1692310753.4245806,0.16254681722153033,0.04885323259757535,0.0005987577824288538,0.0,0.0,0.0
1692310753.5256763,0.16236233113871845,0.048828319670749215,0.0006111122342394405,0.0,0.0,0.0
1692310753.6248786,0.16310315197239159,0.04884424996994102,0.0006495718253764289,0.0,0.0,0.0
1692310753.7247415,0.1634898400523744,0.0488762952536068,0.0007130856785336035,0.0,0.0,0.0
1692310753.8256946,0.16401003008378665,0.048928498571976384,0.0007908338145698932,0.0,0.0,0.0
1692310753.9176633,0.16441063570061415,0.048991258143498535,0.0008866880924868752,0.0,0.0,0.0
1692310754.0258536,0.1648926030187683,0.04906712166608494,0.000986359391752077,0.0,0.0,0.0
1692310754.1285617,0.16528641004741487,0.04915008561306011,0.0010683462564545245,0.0,0.0,0.0
1692310754.2263715,0.1660607204233974,0.049258349744055255,0.0011247217638601092,0.0,0.0,0.0
1692310754.3267438,0.16589924284422683,0.04934078940775377,0.001158993409237746,0.0,0.0,0.0
1692310754.4267433,0.16744186644092085,0.049488079297505906,0.0011310979043606538,0.0,0.0,0.0
1692310754.5317419,0.1686185715490267,0.0496703193386148,0.0010748309611204865,0.0,0.0,0.0
1692310754.629171,0.1686008696864869,0.04982199250989097,0.0009649734806433244,0.0,0.0,0.0
1692310754.7308693,0.16903244963782912,0.04997022911878146,0.0008204734096472225,0.0,0.0,0.0
1692310754.8285692,0.16984242468645305,0.050134272178542924,0.0006593453871606762,0.0,0.0,0.0
1692310754.9310675,0.1701974150239041,0.050288678966538165,0.0005171800389140245,0.0,0.0,0.0
1692310755.031174,0.17034000780505743,0.05042441814642382,0.0003925377695077096,0.0,0.0,0.0
1692310755.1290736,0.16961850610442353,0.05050142225653809,0.00031756921651620494,0.0,0.0,0.0
1692310755.232453,0.17042099812014852,0.05060577454690733,0.000270662459835991,0.0,0.0,0.0
1692310755.3318768,0.17006309334271136,0.050674678147443905,0.0002652763308708945,0.0,0.0,0.0
1692310755.4306324,0.17004627333050717,0.050731054298457395,0.0002889131018858141,0.0,0.0,0.0
1692310755.5338008,0.17021207343172265,0.05078625211834897,0.00031692452291039766,0.0,0.0,0.0
1692310755.6327293,0.17054543031146843,0.0508489069248816,0.0003432063020814783,0.0,0.0,0.0
1692310755.7320404,0.17025001379812207,0.05088631333662845,0.000363361129646481,0.0,0.0,0.0
1692310755.829943,0.16954471263877538,0.05088216172113809,0.0003772569199355671,0.0,0.0,0.0
1692310755.9329224,0.16891327914793713,0.0508470331432651,0.00039262109180810003,0.0,0.0,0.0
1692310756.032928,0.16925998120377939,0.05083509929814291,0.00040986560132839987,0.0,0.0,0.0
1692310756.1311767,0.16926032763320104,0.05082520964390928,0.00042068506538741013,0.0,0.0,0.0
1692310756.2273986,0.16845929020493972,0.05077689804480727,0.000423003479618576,0.0,0.0,0.0
1692310756.3349555,0.16853860290517975,0.05074057821589881,0.0004305336382051715,0.0,0.0,0.0
1692310756.4336894,0.1680395347361207,0.05068540188182572,0.0004273529496824519,0.0,0.0,0.0
1692310756.5325105,0.16654786119840018,0.05056463362417689,0.0004328438651931242,0.0,0.0,0.0
1692310756.629679,0.16647564790962924,0.050460398344148095,0.0004392707653841367,0.0,0.0,0.0
1692310756.729418,0.16565544018352382,0.05033264436295383,0.0004242466504525549,0.0,0.0,0.0
1692310756.829565,0.1640632644970808,0.05014651562172917,0.00040250281359423875,0.0,0.0,0.0
1692310756.928147,0.16453949913996746,0.05001531258197988,0.00038725737697446294,0.0,0.0,0.0
1692310757.0289462,0.16413912124000243,0.049885981289617444,0.00037126171064267254,0.0,0.0,0.0
1692310757.1254153,0.16483899286970988,0.049813289505663015,0.0003616940794146676,0.0,0.0,0.0
1692310757.2286708,0.16513430683854965,0.049766952116893484,0.00041245126594413546,0.0,0.0,0.0
1692310757.3284504,0.16486474334655887,0.04971401607478009,0.0005050538942846306,0.0,0.0,0.0
1692310757.4266567,0.16480400811982515,0.049666628704622885,0.0005944185704938921,0.0,0.0,0.0
1692310757.5290291,0.16412457829754723,0.04959334519655159,0.0006572467889050591,0.0,0.0,0.0
1692310757.629593,0.16454824384363242,0.049552008221916105,0.0007741035375929789,0.0,0.0,0.0
1692310757.7316637,0.16377009127696202,0.04947876460768053,0.0008644483993738907,0.0,0.0,0.0
1692310757.8297098,0.16398967923379804,0.04942618054026897,0.0010210223573663157,0.0,0.0,0.0
1692310757.900803,0.1645771656649878,0.04940807313442559,0.0012409901290807586,0.0,0.0,0.0
1692310758.0238566,0.16428871682092824,0.04937539666450634,0.0014852490632638203,0.0,0.0,0.0
1692310758.1304834,0.16330547326471714,0.04929990282953372,0.0016690941347440838,0.0,0.0,0.0
1692310758.2275274,0.16354682212142288,0.04924571460250193,0.0018826138085084295,0.0,0.0,0.0
1692310758.3281136,0.16372689797158213,0.049206834325901484,0.0021047141018234964,0.0,0.0,0.0
1692310758.4282207,0.16428628461818445,0.04920419778122357,0.0022635868622281194,0.0,0.0,0.0
1692310758.5276372,0.16510151692436964,0.049241493804113454,0.0024185446126915393,0.0,0.0,0.0
1692310758.6125576,0.1650329462663171,0.04926984153924256,0.002536316001217224,0.0,0.0,0.0
1692310758.7202067,0.1658320856934843,0.049332983259252415,0.0026436888977978655,0.0,0.0,0.0
1692310758.820922,0.1652864598720837,0.04936071282019807,0.002692257978024394,0.0,0.0,0.0
1692310758.9233537,0.1661777410001525,0.04943012901443793,0.002705029005823287,0.0,0.0,0.0
1692310759.0200026,0.165624304078748,0.04946281999562013,0.002665701625591462,0.0,0.0,0.0
1692310759.121167,0.16460956975816446,0.04944067634128639,0.0026012386860852902,0.0,0.0,0.0
1692310759.223331,0.16506719396330738,0.04944581674465895,0.002533509584167962,0.0,0.0,0.0
1692310759.3238974,0.16463771554349066,0.04942829825790286,0.0024829398897557725,0.0,0.0,0.0
1692310759.423341,0.16506527367878326,0.04943354745002318,0.0024747569804613864,0.0,0.0,0.0
1692310759.521202,0.16504670004990873,0.04943586840860897,0.0024900913506771417,0.0,0.0,0.0
1692310759.6212163,0.16607832519280732,0.049489074904853686,0.0025120793862422556,0.0,0.0,0.0
1692310759.70985,0.16736317411329,0.04959425613812388,0.0025945209517772923,0.0,0.0,0.0
1692310759.831048,0.16792251648353101,0.04970920261345574,0.0026754701721172624,0.0,0.0,0.0
1692310759.928641,0.16712895277033085,0.049767066194295446,0.0027102410071621714,0.0,0.0,0.0
1692310760.0302784,0.16740038175506466,0.04982889890289366,0.002739009593011893,0.0,0.0,0.0
1692310760.1263378,0.1668744292897438,0.04984653529849318,0.0028786490201722975,0.0,0.0,0.0
1692310760.221842,0.16635693456444417,0.04982676754005859,0.00310300730809082,0.0,0.0,0.0
1692310760.3206658,0.1663686828829416,0.04981180049181351,0.0032791101794047324,0.0,0.0,0.0
1692310760.4224634,0.16560722223826746,0.04976515962023066,0.0033749963560648043,0.0,0.0,0.0
1692310760.525242,0.165866788995857,0.049734465664733433,0.0035149484897415914,0.0,0.0,0.0
1692310760.621079,0.16630434128713512,0.049737770979629024,0.003545081328020158,0.0,0.0,0.0
1692310760.7239568,0.1653265027531473,0.049695155239022445,0.0035176589611735443,0.0,0.0,0.0
1692310760.8231254,0.1653845139709021,0.049659354997317495,0.0035400579557402184,0.0,0.0,0.0
1692310760.9225254,0.16569942087405323,0.049646997240643566,0.0035359689395215803,0.0,0.0,0.0
1692310761.0265837,0.1663840716221331,0.0496718485138547,0.0035217189821426303,0.0,0.0,0.0
1692310761.1272113,0.16644275688278537,0.049696439381733015,0.0034960763634644984,0.0,0.0,0.0
1692310761.227329,0.16632325112513846,0.0497117355115274,0.0034625699815491406,0.0,0.0,0.0
1692310761.328288,0.1666213359651873,0.049741543042305256,0.003401908760110196,0.0,0.0,0.0
1692310761.424901,0.16696837939501374,0.04978245194629505,0.0033725750293565416,0.0,0.0,0.0
1692310761.5238914,0.16713463834269807,0.04982321303468183,0.003373338606574092,0.0,0.0,0.0
1692310761.6307728,0.16748841084538468,0.04987389441180837,0.003389161268008077,0.0,0.0,0.0
1692310761.7288966,0.16816303471913116,0.049949673822419244,0.0034069280741649785,0.0,0.0,0.0
1692310761.8170698,0.16854101914844954,0.05003379940115596,0.0033918270930563045,0.0,0.0,0.0
1692310761.9288933,0.1683157136800126,0.050095141573642504,0.00333858699074594,0.0,0.0,0.0
1692310762.0236268,0.16739540665063746,0.05009940760944387,0.0033045489418110042,0.0,0.0,0.0
1692310762.124266,0.16757829763366605,0.050111666213955644,0.003283755007912885,0.0,0.0,0.0
1692310762.2162492,0.1668010252393397,0.05008208886931733,0.003278373819059043,0.0,0.0,0.0
1692310762.320122,0.166897557805235,0.050059705421578046,0.0033123526561749652,0.0,0.0,0.0
1692310762.41948,0.16716048955343485,0.05005147125477463,0.0033794913084522708,0.0,0.0,0.0
1692310762.5243225,0.1666350626895146,0.050015621843267966,0.003469298675148842,0.0,0.0,0.0
1692310762.6280003,0.167185452973724,0.050012759859341976,0.003552463184390347,0.0,0.0,0.0
1692310762.7245095,0.16737355764098705,0.0500164557071965,0.0036630115573913196,0.0,0.0,0.0
1692310762.8195012,0.16695173146261785,0.05000048092644026,0.0037290936899409184,0.0,0.0,0.0
1692310762.9190195,0.16705702814028897,0.049991510075846186,0.00379581247063477,0.0,0.0,0.0
1692310763.0318134,0.16629382604668425,0.04994757198605685,0.0038280880754687895,0.0,0.0,0.0
1692310763.1352715,0.16638023034387248,0.04991950075231623,0.003800518824994999,0.0,0.0,0.0
1692310763.2330573,0.16553911940466698,0.04985640670805632,0.0037421333874237545,0.0,0.0,0.0
1692310763.3323107,0.16550986822450184,0.049806171612645875,0.0036362210343162324,0.0,0.0,0.0
1692310763.4324796,0.1657414315770941,0.04977945432845045,0.003488632521239924,0.0,0.0,0.0
1692310763.5348632,0.16600463203345803,0.04977266547320775,0.0033228601099309437,0.0,0.0,0.0
1692310763.6372142,0.16732691170824662,0.04983442254033285,0.0031624111816960865,0.0,0.0,0.0
1692310763.705306,0.16868348943986047,0.04995492489552886,0.0030063007635651173,0.0,0.0,0.0
1692310763.8266373,0.1692081491391937,0.05008205718239809,0.0028660359078062584,0.0,0.0,0.0
1692310763.9194236,0.1698305335928763,0.05021897123251774,0.002753793367132419,0.0,0.0,0.0
1692310764.0415597,0.17053137163159285,0.05036892068347691,0.002642246693177937,0.0,0.0,0.0
1692310764.1406207,0.1703629178471298,0.05048505882589957,0.0025571525954008662,0.0,0.0,0.0
1692310764.216879,0.16993683479402988,0.05056106093073512,0.002471028523540241,0.0,0.0,0.0
1692310764.3185906,0.17001240045226015,0.05062750627112007,0.0024152229420079125,0.0,0.0,0.0
1692310764.4130857,0.1692004227703324,0.05064173749718519,0.0023781472409021955,0.0,0.0,0.0
1692310764.5044954,0.16885948034492537,0.05063566976208282,0.0023658322032247513,0.0,0.0,0.0
1692310764.6246128,0.16884529064604803,0.05062898614329285,0.002375219316272453,0.0,0.0,0.0
1692310764.7207205,0.1687513080779568,0.05061840543296743,0.0023892406281179972,0.0,0.0,0.0
1692310764.8317297,0.1680600104621059,0.050574399440057885,0.002411376864033347,0.0,0.0,0.0
1692310764.935482,0.16798383193911784,0.05053403110130002,0.002427615461256713,0.0,0.0,0.0
1692310765.0224469,0.16754152453665083,0.05047828515258879,0.0024397780940595922,0.0,0.0,0.0
1692310765.1325605,0.16712291463879514,0.05041155665752099,0.0024355163663606835,0.0,0.0,0.0
1692310765.2308745,0.16719803165469782,0.05035995233912269,0.002427526039222125,0.0,0.0,0.0
1692310765.3307035,0.16843833130800806,0.05037901515658836,0.00242423399716836,0.0,0.0,0.0
1692310765.428269,0.16804292019037342,0.05037659009486363,0.002388144463709865,0.0,0.0,0.0
1692310765.533738,0.16771727622049876,0.05035793644506116,0.0023649184389937018,0.0,0.0,0.0
1692310765.6327448,0.16729463638755715,0.050322095651067336,0.002325100534070842,0.0,0.0,0.0
1692310765.740895,0.16736864267328275,0.050295801569832016,0.002295447414206015,0.0,0.0,0.0
1692310765.8344057,0.1659234583389749,0.05020300191212761,0.002232226378136176,0.0,0.0,0.0
1692310765.9256544,0.16602839864267624,0.050130175624176244,0.002199348468744881,0.0,0.0,0.0
1692310766.03218,0.16556695568437801,0.050047436968381334,0.002144960078008209,0.0,0.0,0.0
1692310766.1278963,0.16597975864685013,0.04999952951395477,0.0020910997134502823,0.0,0.0,0.0
1692310766.233256,0.16458434994673332,0.04989057010342546,0.002020663022235994,0.0,0.0,0.0
1692310766.3326802,0.16414675348437335,0.04977856620334806,0.0019406697484939729,0.0,0.0,0.0
1692310766.4306169,0.1642702581723827,0.04969191066846225,0.001859126585282439,0.0,0.0,0.0
1692310766.5337799,0.16427541619670022,0.04962100752825031,0.0017536089455632497,0.0,0.0,0.0
1692310766.633309,0.1650307328559669,0.049600246060671364,0.0016467788782363415,0.0,0.0,0.0
1692310766.7291703,0.164790291057198,0.049571006142707374,0.001553135607432471,0.0,0.0,0.0
1692310766.834974,0.16464439534219658,0.04954036637452402,0.0014199946167741107,0.0,0.0,0.0
1692310766.9301035,0.16375053192791422,0.04947004687896686,0.0013096547288829327,0.0,0.0,0.0
1692310767.0224621,0.16454338894512072,0.049451355511008675,0.001207023295850249,0.0,0.0,0.0
1692310767.1271224,0.1644969092922232,0.04943376064571316,0.0010974614204129515,0.0,0.0,0.0
1692310767.233902,0.164439871987726,0.04941626589128252,0.0010044322038377522,0.0,0.0,0.0
1692310767.3279195,0.16409567625808308,0.049384542206828475,0.0009178564569956857,0.0,0.0,0.0
1692310767.435572,0.16323036810152267,0.04931470861541583,0.0008509799352966591,0.0,0.0,0.0
1692310767.5424287,0.16309049544491505,0.049249505748014316,0.0007974636683186969,0.0,0.0,0.0
1692310767.6363275,0.16355770281068793,0.04921873463722724,0.0007394319239730252,0.0,0.0,0.0
1692310767.7366135,0.16383211803986114,0.049206903129363044,0.0006851735954178841,0.0,0.0,0.0
1692310767.832749,0.16336628623303942,0.04917385009905473,0.0006204905746863137,0.0,0.0,0.0
1692310767.9163451,0.16360544397866508,0.04915840156336588,0.0005450110889291074,0.0,0.0,0.0
1692310767.9979641,0.1627681684192777,0.04910363251240096,0.00045846892445727003,0.0,0.0,0.0
1692310768.1337945,0.16129074643891378,0.0489839808360342,0.0003683053409838705,0.0,0.0,0.0
1692310768.225048,0.16160512509080777,0.048900036656971395,0.0002826051090209254,0.0,0.0,0.0
1692310768.3359795,0.16141893600417473,0.04882055474055176,0.00017000505449696373,0.0,0.0,0.0
1692310768.4255452,0.16069422807237904,0.04871807169395843,8.059673480123628e-05,0.0,0.0,0.0
1692310768.5323281,0.16175970466886025,0.048685806614867516,-2.3629630563616567e-05,0.0,0.0,0.0
1692310768.6319523,0.16202442282728302,0.04867182608549304,-0.00013882676216686577,0.0,0.0,0.0
1692310768.7172058,0.16255856255099282,0.04868692761999236,-0.0002358717466369579,0.0,0.0,0.0
1692310768.7981496,0.1619708560740825,0.04867043322446696,-0.0002881131221343032,0.0,0.0,0.0
1692310768.903178,0.1622601426746312,0.048670002669118764,-0.00040630675745986235,0.0,0.0,0.0
1692310769.0172482,0.16243310461414628,0.048678319080755664,-0.0005043771266921695,0.0,0.0,0.0
1692310769.108829,0.1620438229864022,0.04866450378611534,-0.0006382979396976794,0.0,0.0,0.0
1692310769.2391865,0.16191706660321994,0.04864689066591343,-0.0007404390818594302,0.0,0.0,0.0
1692310769.330896,0.16110781343201397,0.04859022598086439,-0.0008751278168378892,0.0,0.0,0.0
1692310769.430167,0.16124805219915217,0.0485497749410477,-0.0009958985538755798,0.0,0.0,0.0
1692310769.5275981,0.16063901067719122,0.04848404348468584,-0.0011385660143261723,0.0,0.0,0.0
1692310769.6302817,0.1616162627149977,0.048477751865233384,-0.0012710767967256816,0.0,0.0,0.0
1692310769.7307954,0.1618827776944048,0.04848368982184548,-0.0014323025168011822,0.0,0.0,0.0
1692310769.8156235,0.16127574060552188,0.04845951186327865,-0.0015368777476014238,0.0,0.0,0.0
1692310769.9279377,0.16000021840948486,0.048373510159964925,-0.0016657027528709015,0.0,0.0,0.0
1692310770.0301664,0.16048012306749368,0.048325899625251356,-0.0017738901595818696,0.0,0.0,0.0
1692310770.1084323,0.16037217568481096,0.04827774684135398,-0.0019233870348496515,0.0,0.0,0.0
1692310770.204071,0.16067562157491172,0.04824854072061804,-0.0021199851851328748,0.0,0.0,0.0
1692310770.3314178,0.16122117858301901,0.04825180593476631,-0.0022805506686589963,0.0,0.0,0.0
1692310770.4331098,0.1620480294430991,0.04829541783304165,-0.0024239281938657287,0.0,0.0,0.0
1692310770.5352697,0.16200405701378823,0.048323040584464,-0.002635606228259006,0.0,0.0,0.0
1692310770.630664,0.1623695449124249,0.04836161665700335,-0.0028476992763952777,0.0,0.0,0.0
1692310770.7320507,0.16210819773307442,0.04838285733098262,-0.0029959128355859675,0.0,0.0,0.0
1692310770.825762,0.16300796778861723,0.04844547720190655,-0.003123082733536555,0.0,0.0,0.0
1692310770.9299257,0.16316469738548,0.04850957073145934,-0.0031739014200847077,0.0,0.0,0.0
1692310771.029527,0.16366161104868096,0.04858849899778769,-0.003207855967572279,0.0,0.0,0.0
1692310771.1323843,0.16291055673665036,0.048620170389489216,-0.0031808427833457916,0.0,0.0,0.0
1692310771.2286925,0.1639292350220919,0.04869944351267924,-0.003129202963978925,0.0,0.0,0.0
1692310771.3233185,0.16536449625009406,0.048836617508108665,-0.0031012798912494694,0.0,0.0,0.0
1692310771.4384568,0.16662400009729694,0.04901615861412116,-0.003041962173366196,0.0,0.0,0.0
1692310771.5198097,0.16753044729686278,0.04921241747986106,-0.0029696872200399693,0.0,0.0,0.0
1692310771.6179955,0.16798286112883215,0.0494007062432513,-0.002866703960176175,0.0,0.0,0.0
1692310771.7233374,0.16841525716214648,0.049579348613051806,-0.002778526554901809,0.0,0.0,0.0
1692310771.8291073,0.1676899458179575,0.049689629571142785,-0.002748834249126729,0.0,0.0,0.0
1692310771.9235194,0.1676659513908211,0.049779194246187555,-0.0027447692825263575,0.0,0.0,0.0
1692310772.0176861,0.16707467663503586,0.04982189650943968,-0.002780792403100089,0.0,0.0,0.0
1692310772.123193,0.16664659061617065,0.04983354450021253,-0.0028503175951925426,0.0,0.0,0.0
1692310772.226318,0.1672350501853431,0.049868318197815086,-0.0029741634177206083,0.0,0.0,0.0
1692310772.3183641,0.16713688011814015,0.049889545792483336,-0.003115219781524703,0.0,0.0,0.0
1692310772.4180672,0.16681431321747597,0.049890094959852194,-0.003244701488068313,0.0,0.0,0.0
1692310772.506326,0.1668248818766529,0.04989212922713447,-0.0033390063757891674,0.0,0.0,0.0
1692310772.5968835,0.16684325464991817,0.04989664397500244,-0.0033922003056663136,0.0,0.0,0.0
1692310772.7080507,0.16745522800867765,0.04993123753045964,-0.0034352627127582774,0.0,0.0,0.0
1692310772.8295994,0.167387569390351,0.049959918398275266,-0.003424572542592993,0.0,0.0,0.0
1692310772.9295797,0.16748753322093998,0.049990486625951194,-0.003390451318914027,0.0,0.0,0.0
1692310773.0265949,0.1674952146603112,0.05001860479893341,-0.0033254434147208514,0.0,0.0,0.0
1692310773.1198194,0.16782971475662317,0.05006047154967831,-0.0032427447514705933,0.0,0.0,0.0
1692310773.2264826,0.1680245554789585,0.050107534813059566,-0.003128827525375906,0.0,0.0,0.0
1692310773.3263938,0.16761779218215636,0.050128005698690206,-0.0029997652396936813,0.0,0.0,0.0
1692310773.4248288,0.1666493528723847,0.05009768337073396,-0.0028659863943749217,0.0,0.0,0.0
1692310773.5259867,0.1670661716322707,0.05009430752839164,-0.0027315097603025653,0.0,0.0,0.0
1692310773.6284304,0.1680779107100088,0.050142681538668646,-0.0026081726148388072,0.0,0.0,0.0
1692310773.722467,0.16812293365691136,0.05018578983383022,-0.002491079764071939,0.0,0.0,0.0
1692310773.822734,0.16871563271941717,0.050251795979751254,-0.002383255734182323,0.0,0.0,0.0
1692310773.929059,0.1691665282624957,0.05033005424665743,-0.0022744303448815786,0.0,0.0,0.0
1692310774.0201867,0.1695578249049589,0.050415004715706604,-0.002179460847135786,0.0,0.0,0.0
1692310774.1246958,0.1699356448995439,0.05050516654981006,-0.0020863032383344905,0.0,0.0,0.0
1692310774.225758,0.17028248543943855,0.05059779430096393,-0.002004339904494022,0.0,0.0,0.0
1692310774.3191588,0.1698941737717893,0.050655814038966185,-0.0019254851003350569,0.0,0.0,0.0
1692310774.4157898,0.17028062205879296,0.05072314841065915,-0.0018717142558306045,0.0,0.0,0.0
1692310774.5250454,0.16964653987312517,0.050746961706831344,-0.0018421304706780414,0.0,0.0,0.0
1692310774.6181507,0.16915866465551926,0.050741650495646995,-0.0018374783774659897,0.0,0.0,0.0
1692310774.7277532,0.16946922632126518,0.05075271380771777,-0.0018358776728186284,0.0,0.0,0.0
1692310774.8314447,0.1690039146786609,0.0507373341408292,-0.0018678749556995488,0.0,0.0,0.0
1692310774.9251418,0.16881999925418312,0.05071342056198109,-0.0019385989869965185,0.0,0.0,0.0
1692310775.0226605,0.16870985745470646,0.050686655040341845,-0.0020256413810440547,0.0,0.0,0.0
1692310775.1239693,0.16884367673459078,0.05066911670092279,-0.0021365564244278912,0.0,0.0,0.0
1692310775.2323697,0.16873199824515564,0.050650767412825475,-0.002192448618978388,0.0,0.0,0.0
1692310775.3335924,0.1691610242478036,0.05065551278099639,-0.002268501066352654,0.0,0.0,0.0
1692310775.430939,0.16974602505110267,0.05068736395168068,-0.002358875434323826,0.0,0.0,0.0
1692310775.5330646,0.16960441324385492,0.050705970635360316,-0.0024487522354396307,0.0,0.0,0.0
1692310775.6362076,0.17102606350891936,0.05079496782028718,-0.0024838127571283706,0.0,0.0,0.0
1692310775.7319717,0.17137663774133682,0.05088689450530011,-0.002509047611806961,0.0,0.0,0.0
1692310775.8342097,0.17113153542737827,0.050951775445916024,-0.002518197150121207,0.0,0.0,0.0
1692310775.9337006,0.17152006541458742,0.05102649143637609,-0.0025014600069904035,0.0,0.0,0.0
1692310776.0292146,0.17266806213548186,0.051147841723265475,-0.0024532312214154096,0.0,0.0,0.0
1692310776.1322618,0.1727996572168467,0.051256869297686865,-0.002380131229587354,0.0,0.0,0.0
1692310776.2307127,0.17263050913828387,0.05134057632307017,-0.0022820639427763743,0.0,0.0,0.0
1692310776.3308349,0.17379812436140868,0.051469125188181836,-0.002191866815577007,0.0,0.0,0.0
1692310776.4301293,0.1742390165062417,0.05159964969108424,-0.0020732187250661663,0.0,0.0,0.0
1692310776.5329368,0.17459397496448373,0.05172680223826763,-0.0019508153933392419,0.0,0.0,0.0
1692310776.6242027,0.17459458139561387,0.051833114225289204,-0.001834169393361621,0.0,0.0,0.0
1692310776.734598,0.17451999584914,0.05191834846074214,-0.0017189107971545634,0.0,0.0,0.0
1692310776.832949,0.1751101510391291,0.05201880458636533,-0.0016282342547627655,0.0,0.0,0.0
1692310776.9360049,0.1755640777063709,0.0521254731052264,-0.0015415876727684905,0.0,0.0,0.0
1692310777.0322466,0.17537509857593273,0.052204885549715134,-0.0014681013199518529,0.0,0.0,0.0
1692310777.1283033,0.17479642344629248,0.05224207428955679,-0.0014051573274403047,0.0,0.0,0.0
1692310777.226061,0.17565640499879648,0.05231618702435539,-0.0013507758424777618,0.0,0.0,0.0
1692310777.322769,0.17549746125756027,0.05236997527312335,-0.0013046405627734079,0.0,0.0,0.0
1692310777.4262533,0.1744939741078608,0.05236454417798812,-0.0012638301255103808,0.0,0.0,0.0
1692310777.521477,0.17459093487257016,0.05236508334619082,-0.0012194267771098197,0.0,0.0,0.0
1692310777.6275764,0.17420751226548087,0.05234606606391322,-0.0011952188924443646,0.0,0.0,0.0
1692310777.727997,0.1758363499298505,0.052411793677697355,-0.0011776293085524923,0.0,0.0,0.0
1692310777.8279734,0.17702297711469836,0.052525704189446604,-0.0011771935704213191,0.0,0.0,0.0
1692310777.9301302,0.17849369129764214,0.05269418211741391,-0.001181788859504172,0.0,0.0,0.0
1692310778.0283117,0.17755117502725765,0.05278710064294377,-0.0011939107699016952,0.0,0.0,0.0
1692310778.1252933,0.17713685532186377,0.05284339491247111,-0.0012180902375833072,0.0,0.0,0.0
1692310778.2219198,0.17596412866974834,0.05283173128067188,-0.0012295636043927758,0.0,0.0,0.0
1692310778.3246202,0.17549887397950845,0.05279846608616562,-0.0012484559500942894,0.0,0.0,0.0
1692310778.4283433,0.17405664374590818,0.052699146506302835,-0.0012364358204845932,0.0,0.0,0.0
1692310778.528279,0.17332510741675333,0.052580014804355,-0.001214538634099953,0.0,0.0,0.0
1692310778.62566,0.17266783014717996,0.052448222158550314,-0.0011774815866116934,0.0,0.0,0.0
1692310778.7221165,0.17221604089644052,0.05231651670353817,-0.0011037876353890447,0.0,0.0,0.0
1692310778.8246038,0.17062529333023163,0.05212763972578527,-0.000996353353801904,0.0,0.0,0.0
1692310778.9190261,0.17012755732917847,0.05194556160358241,-0.000881017247036074,0.0,0.0,0.0
1692310779.0270014,0.16977735838613844,0.05177643497181353,-0.0007667541179170271,0.0,0.0,0.0
1692310779.128387,0.16929008987598004,0.051611175066425256,-0.000616615799309045,0.0,0.0,0.0
1692310779.2224102,0.16963881199926018,0.051490954989853274,-0.000482155460576636,0.0,0.0,0.0
1692310779.3164675,0.16872568724846157,0.05134493667294681,-0.00034559477560387503,0.0,0.0,0.0
1692310779.4275465,0.16884525511286436,0.05122926223546657,-0.00022724876530509208,0.0,0.0,0.0
1692310779.5227349,0.168243679157864,0.05110264057529649,-0.00011323620909548494,0.0,0.0,0.0
1692310779.6260662,0.16861661754427848,0.051015660156720044,4.77976096207092e-07,0.0,0.0,0.0
1692310779.7222936,0.16905091929547075,0.05096478392875856,0.00011021911439861342,0.0,0.0,0.0
1692310779.8305821,0.1687364538772528,0.05090676010798756,0.00019263467033001818,0.0,0.0,0.0
1692310779.92678,0.16953060821782556,0.05089793964612179,0.0002823775787167271,0.0,0.0,0.0
1692310780.0266182,0.16901983297536388,0.05086505700860608,0.00035308730269789364,0.0,0.0,0.0
1692310780.1305938,0.1688986943531767,0.05083169270367251,0.00040483977025495074,0.0,0.0,0.0
1692310780.2252464,0.16903529995272917,0.050810629514153646,0.0004564385980822471,0.0,0.0,0.0
1692310780.3295007,0.16792400137423902,0.05073769982377783,0.00047615096412506966,0.0,0.0,0.0
1692310780.4248257,0.16745869759820411,0.050653522378941315,0.0005020516551671665,0.0,0.0,0.0
1692310780.5241144,0.16774357323160075,0.05059750166969743,0.0005367086232279801,0.0,0.0,0.0
1692310780.6198823,0.1686371784824846,0.05059555170254902,0.0005696958458973245,0.0,0.0,0.0
1692310780.7284496,0.16868342116489848,0.05059592720982775,0.0006173686676187428,0.0,0.0,0.0
1692310780.826048,0.16898877812347046,0.0506108707520225,0.000692411457053185,0.0,0.0,0.0
1692310780.9179168,0.16802913284099785,0.050574748500921904,0.0007763687858376841,0.0,0.0,0.0
1692310781.0219445,0.16767411832123955,0.050526830292437305,0.0008478616526646107,0.0,0.0,0.0
1692310781.1177495,0.16802126646944493,0.05050308565373591,0.0009534345588397984,0.0,0.0,0.0
1692310781.2233777,0.1674385177878298,0.05045424584735111,0.0010363099294837478,0.0,0.0,0.0
1692310781.3256118,0.16742856719937776,0.050413579329275204,0.0010867689976460282,0.0,0.0,0.0
1692310781.4281857,0.1675768364478242,0.050386854967176146,0.0011390809682302687,0.0,0.0,0.0
1692310781.531726,0.16784734379443333,0.050377333364389876,0.001210412996056906,0.0,0.0,0.0
1692310781.6232655,0.16823306620588138,0.05038929848157778,0.0012510365354396402,0.0,0.0,0.0
1692310781.7266273,0.16905973497941032,0.050441741418157285,0.0012452766516888817,0.0,0.0,0.0
1692310781.8259056,0.16979731680483534,0.050522208465261245,0.0012479334418419295,0.0,0.0,0.0
1692310781.9256175,0.16926215613816128,0.05056279296915721,0.0012344579988456984,0.0,0.0,0.0
1692310782.0103216,0.16946095278401066,0.05060637163922022,0.0012313610274114902,0.0,0.0,0.0
1692310782.1274886,0.16966830982744568,0.05065316150156407,0.001224668691564163,0.0,0.0,0.0
1692310782.2323446,0.16874155839077595,0.050646363036593846,0.0011883062345232145,0.0,0.0,0.0
1692310782.353521,0.1681998072017865,0.05061376629782262,0.0011469551843568745,0.0,0.0,0.0
1692310782.4473274,0.16830755979734444,0.050592360399512024,0.0010925775150071359,0.0,0.0,0.0
1692310782.5544276,0.167939633802602,0.05055641056614074,0.0010262345860154204,0.0,0.0,0.0
1692310782.6523294,0.16814481184685964,0.050536806297867574,0.0009664170905313754,0.0,0.0,0.0
1692310782.7490408,0.16794127796731687,0.05051041792990113,0.0009054840590918608,0.0,0.0,0.0
1692310782.852129,0.168964838257512,0.05053981912708806,0.0008460340136345578,0.0,0.0,0.0
1692310782.9483683,0.16905217357856508,0.050568727615864874,0.0007925952862475422,0.0,0.0,0.0
1692310783.0485559,0.1678640166154668,0.050533357268604535,0.0007401855288295348,0.0,0.0,0.0
1692310783.1597369,0.168193176973482,0.05052040751447856,0.0006941677341915872,0.0,0.0,0.0
1692310783.25821,0.16908836308348332,0.050554473716216686,0.0006555471088621886,0.0,0.0,0.0
1692310783.347884,0.16880418205972403,0.05056861037807496,0.000623640523708919,0.0,0.0,0.0
1692310783.433401,0.16787743757569584,0.050533948504362144,0.0005976940848339149,0.0,0.0,0.0
1692310783.5038223,0.16731738286647768,0.050477223127911613,0.0005491600522124585,0.0,0.0,0.0
1692310783.6203067,0.16706881448798683,0.05041752766104471,0.0005070247837465954,0.0,0.0,0.0
1692310783.7199092,0.1672299889854656,0.05037589173555711,0.00046924874104526786,0.0,0.0,0.0
1692310783.8294349,0.16759423212788485,0.0503595098830808,0.0004272985140702736,0.0,0.0,0.0
1692310783.9415424,0.1666915690892472,0.05030064454980405,0.0003912843044182557,0.0,0.0,0.0
1692310784.044906,0.1646631971213642,0.05014996018965693,0.00036714296017511996,0.0,0.0,0.0
1692310784.140844,0.16392856870786832,0.04998753451798933,0.00036366105275256776,0.0,0.0,0.0
1692310784.239181,0.16351562070600525,0.04983148118757498,0.0003691519684033181,0.0,0.0,0.0
1692310784.3480225,0.16314306017311608,0.049682472431954415,0.0004080702904390829,0.0,0.0,0.0
1692310784.424588,0.16309198280497994,0.049554807807115034,0.0005016180842460349,0.0,0.0,0.0
1692310784.5226429,0.16234127985991942,0.04940956928861404,0.0006344125156862708,0.0,0.0,0.0
1692310784.6291363,0.1622252968892474,0.049279863525109165,0.0008353289113116095,0.0,0.0,0.0
1692310784.7273436,0.1626895911996991,0.04919049453118232,0.0011070548939213405,0.0,0.0,0.0
1692310784.8367534,0.162860131735145,0.04911839982468057,0.0014419855902232906,0.0,0.0,0.0
1692310784.9339266,0.16336970204079107,0.04907654765991073,0.0018262237687842596,0.0,0.0,0.0
1692310785.0312555,0.16408178279406566,0.04906121881583414,0.0023316384052878285,0.0,0.0,0.0
1692310785.135384,0.16506105383976633,0.049098871784962805,0.00274117566235872,0.0,0.0,0.0
1692310785.2305782,0.16504347779344614,0.04912768761743835,0.003099283910798025,0.0,0.0,0.0
1692310785.3339455,0.1662402144194241,0.04921737934356354,0.003340296005070955,0.0,0.0,0.0
1692310785.4329584,0.16844783464509816,0.049402301967188006,0.003550395966539605,0.0,0.0,0.0
1692310785.5351737,0.17045604043575938,0.04965307110794703,0.003771596468981131,0.0,0.0,0.0
1692310785.6302571,0.17153901284495268,0.049914043121415626,0.003980922259176247,0.0,0.0,0.0
1692310785.7325404,0.17144241735528495,0.050135465129069426,0.004059126346061949,0.0,0.0,0.0
1692310785.8224645,0.17224662777060634,0.050357466482081066,0.004156929648969014,0.0,0.0,0.0
1692310785.9291873,0.17238444314150803,0.05055386706427854,0.004186281519645409,0.0,0.0,0.0
1692310786.0279312,0.17292987737647045,0.050743846732586445,0.004223086895972584,0.0,0.0,0.0
1692310786.126041,0.17287994853728217,0.05089966409886487,0.004252867923554461,0.0,0.0,0.0
1692310786.2292347,0.17277797604924372,0.05103384208610465,0.004155951239136991,0.0,0.0,0.0
1692310786.3411279,0.17310619645682612,0.05116517654096396,0.004030124075507944,0.0,0.0,0.0
1692310786.4294083,0.1725727425117124,0.05125180804500437,0.0038606810528847525,0.0,0.0,0.0
1692310786.5296695,0.17101004631853506,0.051250559968963064,0.003625605252758677,0.0,0.0,0.0
1692310786.626534,0.1714469364095075,0.05127250575911478,0.0034066771994903,0.0,0.0,0.0
1692310786.7291596,0.17258836682174966,0.051349745377730835,0.00318385360373474,0.0,0.0,0.0
1692310786.8295996,0.1726994548425228,0.05142061156123011,0.0029734836703979002,0.0,0.0,0.0
1692310786.926499,0.1720567483909313,0.0514460692613591,0.0028326429372259746,0.0,0.0,0.0
1692310787.0288215,0.17023755937128285,0.05137479951731863,0.002744235088543974,0.0,0.0,0.0
1692310787.124301,0.1690476769999365,0.05125550414977756,0.0026761256251803664,0.0,0.0,0.0
1692310787.230168,0.16837014790975816,0.051122002518821166,0.002622577026687685,0.0,0.0,0.0
1692310787.3308165,0.16767563705948021,0.050967063350511266,0.0027359774482049286,0.0,0.0,0.0
1692310787.423715,0.16739654668062384,0.05082448990892492,0.0028227429708423935,0.0,0.0,0.0
1692310787.5245218,0.1666810120414635,0.050665825429788335,0.002952876123578116,0.0,0.0,0.0
1692310787.6221151,0.165980285283806,0.05049303989177635,0.003131841106909475,0.0,0.0,0.0
1692310787.7228017,0.16565683606592044,0.05032733630118186,0.0033456586061726915,0.0,0.0,0.0
1692310787.8284707,0.16554421505591999,0.050183872922348334,0.0035211582843894538,0.0,0.0,0.0
1692310787.9292939,0.16500959604522192,0.05004115403900962,0.0036248808511886244,0.0,0.0,0.0
1692310788.024593,0.16395181160964833,0.04986652818368239,0.0037409120977836673,0.0,0.0,0.0
1692310788.1203554,0.16372809852477294,0.049715871637759555,0.003765299193965422,0.0,0.0,0.0
1692310788.2255158,0.16430372973120172,0.04961428577049316,0.003846208377498957,0.0,0.0,0.0
1692310788.3266404,0.1643160636382618,0.04952481830235325,0.003974174091982924,0.0,0.0,0.0
1692310788.4224684,0.16476826364635783,0.049471858833601105,0.004093340268363608,0.0,0.0,0.0
1692310788.528818,0.16523523858163414,0.049452974121227795,0.004174180721021634,0.0,0.0,0.0
1692310788.6282253,0.16528505367919036,0.049425927097160524,0.004378260803955559,0.0,0.0,0.0
1692310788.7281842,0.16496588081859498,0.049391226024685396,0.004511819600018633,0.0,0.0,0.0
1692310788.8252585,0.16566066617281386,0.04940298258934367,0.0045671975842944785,0.0,0.0,0.0
1692310788.9241116,0.16568398917585977,0.049418975159624394,0.004560243877169367,0.0,0.0,0.0
1692310789.0242846,0.16516734949567985,0.04940225014696355,0.004597429735960328,0.0,0.0,0.0
1692310789.1257324,0.1655430792452524,0.04941293359990691,0.0045670880816484445,0.0,0.0,0.0
1692310789.225268,0.1660669600772678,0.04944524479509615,0.004574123577205019,0.0,0.0,0.0
1692310789.3259857,0.16596421670627123,0.0494702758884904,0.004543788211069936,0.0,0.0,0.0
1692310789.4230428,0.16548046790412263,0.049469106215208364,0.004492027042598865,0.0,0.0,0.0
1692310789.5259137,0.16450280926316496,0.049422559545630976,0.004405919071448984,0.0,0.0,0.0
1692310789.6243684,0.1641824048094802,0.049363595049123556,0.004382847804383892,0.0,0.0,0.0
1692310789.7214696,0.16342850462613687,0.049272087643096416,0.004413126035307383,0.0,0.0,0.0
1692310789.821529,0.16182572122258568,0.04911014055887572,0.004490235748755587,0.0,0.0,0.0
1692310789.9244294,0.1592955384951449,0.04885561728620191,0.004474484837521457,0.0,0.0,0.0
1692310790.031966,0.159702188778224,0.048663496150632854,0.004467448568331835,0.0,0.0,0.0
1692310790.1200292,0.1599965920454957,0.048520593520034544,0.004436115343598082,0.0,0.0,0.0
1692310790.2234526,0.15969310361847522,0.048389289359072336,0.004375745957262522,0.0,0.0,0.0
1692310790.3257246,0.15912737026935533,0.04825378993239696,0.004297766665813463,0.0,0.0,0.0
1692310790.4269648,0.15971493264667813,0.048172034603351135,0.004213210428961459,0.0,0.0,0.0
1692310790.527839,0.15949926850695734,0.04809311543444575,0.004142500432263902,0.0,0.0,0.0
1692310790.6233258,0.15846341668763514,0.04798015705684639,0.004019821515210714,0.0,0.0,0.0
1692310790.7228563,0.1589252649608897,0.04791056933115146,0.0038990662720995526,0.0,0.0,0.0
1692310790.8384,0.1584026225330384,0.04782812185207825,0.0037724574300744503,0.0,0.0,0.0
1692310790.9274774,0.15712989133752744,0.04769835816785002,0.00362290705983589,0.0,0.0,0.0
1692310791.024857,0.15825671896895088,0.047647343421916864,0.0034896937581624784,0.0,0.0,0.0
1692310791.1329737,0.1589296338177145,0.04764082116429571,0.00334006926300729,0.0,0.0,0.0
1692310791.296488,0.16013564032368502,0.047695725593378445,0.003218608562597655,0.0,0.0,0.0
1692310791.3265507,0.16003586442190146,0.04773772050134781,0.0030935530704709097,0.0,0.0,0.0
1692310791.4349906,0.16003737575096066,0.047771091210922365,0.003020921003854633,0.0,0.0,0.0
1692310791.5401342,0.1593263933311072,0.04776187957141501,0.0029837535865041317,0.0,0.0,0.0
1692310791.6350653,0.15918089453115786,0.04774673219337859,0.0029557150664719293,0.0,0.0,0.0
1692310791.7450283,0.15847632866921596,0.04769512370470318,0.0029899968293225316,0.0,0.0,0.0
1692310791.8362,0.15831977579939877,0.04763910746758781,0.003091001909989375,0.0,0.0,0.0
1692310791.9309628,0.15932173622783247,0.04764419191740941,0.003156221217435258,0.0,0.0,0.0
1692310792.0317988,0.1594658617715445,0.04764889143739037,0.003296948256240835,0.0,0.0,0.0
1692310792.1270165,0.15994936350963795,0.04766984602487942,0.0034960309450184127,0.0,0.0,0.0
1692310792.2241623,0.16104856990007904,0.0477366879021118,0.003722850428658452,0.0,0.0,0.0
1692310792.330685,0.16156393955409665,0.04780819088925323,0.004006774394760132,0.0,0.0,0.0
1692310792.4221568,0.16162143435378887,0.04786774126188337,0.004268776973878983,0.0,0.0,0.0
1692310792.5278115,0.1620098173108897,0.047915140730726856,0.0046595142017810285,0.0,0.0,0.0
1692310792.6455662,0.16368273929919822,0.048042204727145606,0.004962760054268619,0.0,0.0,0.0
1692310792.73379,0.16483172498844972,0.048197574885387846,0.005278174872303208,0.0,0.0,0.0
1692310792.8074336,0.16549513163392754,0.048356923181704724,0.005566701289112615,0.0,0.0,0.0
1692310792.922065,0.16682316479139844,0.04856491414415863,0.005748600425652195,0.0,0.0,0.0
1692310793.0406926,0.1679844343175866,0.04878423500622818,0.00599113736134335,0.0,0.0,0.0
1692310793.1339483,0.16849673220581135,0.04900388162304579,0.0061139338418279504,0.0,0.0,0.0
1692310793.2458947,0.16883648916472993,0.04917819126916502,0.006394553142303018,0.0,0.0,0.0
1692310793.3441746,0.16974290595298272,0.04934416930102265,0.006781596942123366,0.0,0.0,0.0
1692310793.4317179,0.16962484680995887,0.049494588983409714,0.0069953058607041705,0.0,0.0,0.0
1692310793.5120206,0.17007199271266535,0.04965375288780851,0.007101513305981777,0.0,0.0,0.0
1692310793.604776,0.1707745775158298,0.04980571443857547,0.007293367055832445,0.0,0.0,0.0
1692310793.7044418,0.17074799040126706,0.04994662537858413,0.0073534187589357185,0.0,0.0,0.0
1692310793.8011475,0.17105475828871525,0.05008690126575787,0.007353692920620617,0.0,0.0,0.0
1692310793.9407153,0.17102448590080974,0.05020474692404068,0.007336338004728603,0.0,0.0,0.0
1692310794.0427074,0.17045495798128515,0.050284464138387934,0.007247083099551699,0.0,0.0,0.0
1692310794.1446586,0.1694095608221269,0.050305524459105036,0.0071157227054797646,0.0,0.0,0.0
1692310794.2419043,0.16967338242969632,0.05034746458905677,0.006915931696896015,0.0,0.0,0.0
1692310794.332701,0.1690761231006323,0.05036456660479731,0.006638581362165026,0.0,0.0,0.0
1692310794.4482863,0.168012554810482,0.05033163054429707,0.00634426148979368,0.0,0.0,0.0
1692310794.5553322,0.16696470715484368,0.050259018223319255,0.006017592416509121,0.0,0.0,0.0
1692310794.648804,0.16582387559220604,0.050146417186770084,0.005683398475140255,0.0,0.0,0.0
1692310794.7399256,0.1638045476147236,0.049955649139859795,0.005347242804925627,0.0,0.0,0.0
1692310794.8379638,0.1625746824845805,0.04973680137622801,0.005042168874460758,0.0,0.0,0.0
1692310794.9367795,0.16066325651616395,0.04946010557681676,0.004765483216319748,0.0,0.0,0.0
1692310795.0482225,0.1592849737085194,0.04916079261050417,0.004529357199748477,0.0,0.0,0.0
1692310795.1450815,0.15701914202966505,0.048797413271889134,0.004336146433266172,0.0,0.0,0.0
1692310795.227211,0.15549787980870547,0.048419260197940225,0.004161865440627184,0.0,0.0,0.0
1692310795.33651,0.1546154726029821,0.04806035934436717,0.004010749287778346,0.0,0.0,0.0
1692310795.408195,0.15309848055079445,0.04767950698853844,0.0039598094018527576,0.0,0.0,0.0
1692310795.5441854,0.15096039945851283,0.047257679477498045,0.0038810322172910246,0.0,0.0,0.0
1692310795.6479566,0.14839196904165008,0.0467764540839717,0.0038251848961725755,0.0,0.0,0.0
1692310795.7423224,0.1477258936861933,0.046337960297818254,0.0038283301683846803,0.0,0.0,0.0
1692310795.8443277,0.14651211333375497,0.045911875946388354,0.0038284011897815355,0.0,0.0,0.0
1692310795.9430482,0.1464171283171518,0.04555240251304581,0.0038258061762194524,0.0,0.0,0.0
1692310796.0219855,0.14563303147731543,0.045216590541698416,0.00378766504378269,0.0,0.0,0.0
1692310796.1152592,0.14435399233667168,0.04487101162679796,0.0037741767267598235,0.0,0.0,0.0
1692310796.1987858,0.14475103920356464,0.04460612491873309,0.00372667562529104,0.0,0.0,0.0
1692310796.3272226,0.1439333738294574,0.04434678780985966,0.00365655122713035,0.0,0.0,0.0
1692310796.4264283,0.14492066745988824,0.044180364066051116,0.0035981904336621438,0.0,0.0,0.0
1692310796.5084553,0.14494150756352053,0.044046973033432885,0.003491542198947659,0.0,0.0,0.0
1692310796.6064694,0.14558509644555043,0.04396521896163101,0.0034444783573815006,0.0,0.0,0.0
1692310796.7346697,0.14613363207051328,0.04392482342563653,0.0034032305438462,0.0,0.0,0.0
1692310796.8315215,0.1458622581863169,0.043877363337742996,0.003371300500874656,0.0,0.0,0.0
1692310796.9300926,0.14634272869097206,0.04386317841732536,0.0033279051323530503,0.0,0.0,0.0
1692310797.0324166,0.1470156616826681,0.04388243843063388,0.0033289160255448435,0.0,0.0,0.0
1692310797.1229994,0.14693615018140777,0.043897247960285324,0.003292076688882185,0.0,0.0,0.0
1692310797.204716,0.14802032406918023,0.04396481249673305,0.003250201806560801,0.0,0.0,0.0
1692310797.3064346,0.14924796543191785,0.044082094448522714,0.0032247456432756066,0.0,0.0,0.0
1692310797.4335816,0.1494609677938247,0.04419382344828598,0.0031528761048300784,0.0,0.0,0.0
1692310797.5238783,0.1491029821318667,0.04426819224788668,0.003104549798610836,0.0,0.0,0.0
1692310797.6376483,0.15022759907105976,0.04438319239565116,0.003115101655903074,0.0,0.0,0.0
1692310797.730924,0.1506715445510819,0.04450260060592085,0.003104806984688531,0.0,0.0,0.0
1692310797.8246477,0.15193950861413313,0.04466400436217984,0.003121411533648456,0.0,0.0,0.0
1692310797.9237344,0.15316022068163626,0.0448607581503366,0.003120794782334308,0.0,0.0,0.0
1692310798.028299,0.153507840625488,0.04504078559620012,0.003139444126652136,0.0,0.0,0.0
1692310798.1230686,0.1541044583738727,0.04522106159802526,0.0031499768979541963,0.0,0.0,0.0
1692310798.2265222,0.15560754473914407,0.04544752715967665,0.003146816429985754,0.0,0.0,0.0
1692310798.330413,0.1556825851967205,0.04563886161416296,0.0031600075096922045,0.0,0.0,0.0
1692310798.414692,0.1559255676848591,0.0458079448829342,0.003206029398768518,0.0,0.0,0.0
1692310798.5211213,0.15665957862723937,0.04598653438298677,0.0032323690585481157,0.0,0.0,0.0
1692310798.6181512,0.15634283024230736,0.04611498907221632,0.003312480188796057,0.0,0.0,0.0
1692310798.7224178,0.1567601944345021,0.04624507205033347,0.0033520327922174835,0.0,0.0,0.0
1692310798.8243737,0.15744014109956878,0.04638555303183489,0.00341146164149108,0.0,0.0,0.0
1692310798.9259617,0.15855542214486004,0.04656061387594514,0.0034349277509496297,0.0,0.0,0.0
1692310799.0265915,0.15933922986862192,0.04674448124967378,0.0034721466024538778,0.0,0.0,0.0
1692310799.1258225,0.15957616833308036,0.046908720861321,0.0035138526234378803,0.0,0.0,0.0
1692310799.2239401,0.16025346054512957,0.04707773278286976,0.003571784937024777,0.0,0.0,0.0
1692310799.3285067,0.16038327373466238,0.047226244006210547,0.003604963227384281,0.0,0.0,0.0
1692310799.4267304,0.16098772747565912,0.04737470917736064,0.003700674656792763,0.0,0.0,0.0
1692310799.5254745,0.16111630295833396,0.04750218424273956,0.003810434567156109,0.0,0.0,0.0
1692310799.6241276,0.16079882857878916,0.04758937076710719,0.003934523868643776,0.0,0.0,0.0
1692310799.7218251,0.16098211404026685,0.04767448219309152,0.004002630118003181,0.0,0.0,0.0
1692310799.8285785,0.16168169208409305,0.04777967345986632,0.004069277334650699,0.0,0.0,0.0
1692310799.9200408,0.16230419072674293,0.04789934149641023,0.004116731890836458,0.0,0.0,0.0
1692310800.0253446,0.1622634178128995,0.04800052188115536,0.004115603826902738,0.0,0.0,0.0
1692310800.1242514,0.16277894390449407,0.04811012995613481,0.004121676171446792,0.0,0.0,0.0
1692310800.2238634,0.16307206193590998,0.048211237643884707,0.004182411674192696,0.0,0.0,0.0
1692310800.3295588,0.16324765431323474,0.04830531676938285,0.0042218071472762755,0.0,0.0,0.0
1692310800.4313073,0.16332806569596098,0.04837980099572209,0.004337497678549067,0.0,0.0,0.0
1692310800.5285745,0.1653618192893561,0.04854469965181095,0.004429312804828572,0.0,0.0,0.0
1692310800.6321802,0.16579757443183593,0.04869743107575266,0.004569770996659497,0.0,0.0,0.0
1692310800.7308664,0.1661138846919589,0.04885035982345942,0.004589512640324847,0.0,0.0,0.0
1692310800.8329692,0.16601119611727339,0.048974126082712864,0.004589449280178817,0.0,0.0,0.0
1692310800.9390619,0.1663510094005946,0.0490958982449433,0.004572116522190918,0.0,0.0,0.0
1692310801.0360522,0.1656502199118504,0.04915263473724148,0.004655467347431874,0.0,0.0,0.0
1692310801.125094,0.1647855244741328,0.04915839612362436,0.004704781820006223,0.0,0.0,0.0
1692310801.2356298,0.1649661920649947,0.04916427426563645,0.0048220616857279535,0.0,0.0,0.0
1692310801.3288505,0.1643335139523915,0.04914319361846352,0.004864468078141719,0.0,0.0,0.0
1692310801.4370515,0.16290956171845597,0.04905314819170328,0.0049070459238175134,0.0,0.0,0.0
1692310801.5340023,0.16349185123761217,0.049010709715050595,0.004911097555789385,0.0,0.0,0.0
1692310801.629158,0.16338390331874822,0.04897547370261454,0.0048575950892715,0.0,0.0,0.0
1692310801.7363334,0.16293363192897548,0.04892370262319115,0.004810489869886173,0.0,0.0,0.0
1692310801.8358822,0.16299509164094667,0.04888564497878043,0.004749937697177043,0.0,0.0,0.0
1692310801.9411654,0.16233996804268958,0.04882649729809439,0.0046367092386797384,0.0,0.0,0.0
1692310802.0279448,0.16271873577942406,0.04878081320491088,0.004706957404067782,0.0,0.0,0.0
1692310802.1405964,0.16251752963961505,0.04873803585034587,0.00471185708459787,0.0,0.0,0.0
1692310802.2429645,0.16178926151173043,0.048653538431172295,0.004831818234324158,0.0,0.0,0.0
1692310802.3491158,0.16138579069900766,0.04855709084372608,0.004981058965230743,0.0,0.0,0.0
1692310802.4422681,0.16046741326368516,0.04842790168532375,0.005126107874115369,0.0,0.0,0.0
1692310802.5132375,0.15845147620314012,0.04821822772289379,0.0052493278446244665,0.0,0.0,0.0
1692310802.624336,0.15875379435423187,0.0480624588870176,0.005322278762067488,0.0,0.0,0.0
1692310802.727817,0.15829509958331783,0.04791694431903612,0.005319647972582638,0.0,0.0,0.0
1692310802.8257153,0.15849621988355678,0.04780565221255771,0.005319395734685983,0.0,0.0,0.0
1692310802.9232469,0.15851131491216922,0.04771672049978432,0.005291986447460295,0.0,0.0,0.0
1692310803.025951,0.15776818162225753,0.0476131648863444,0.005192940750414559,0.0,0.0,0.0
1692310803.1066563,0.1576357156552001,0.04752009366653094,0.00511183515529544,0.0,0.0,0.0
1692310803.2385037,0.15673516584438413,0.04740000780095842,0.005016069041156547,0.0,0.0,0.0
1692310803.3401597,0.15623746977508493,0.04727333867444143,0.004952422278112408,0.0,0.0,0.0
1692310803.4390767,0.15567199119055833,0.04714164317018269,0.004876085767768788,0.0,0.0,0.0
1692310803.5399692,0.15554131441049027,0.04702816521200026,0.004782962469726123,0.0,0.0,0.0
1692310803.642747,0.15559788197887423,0.04693322521291107,0.004739647238921806,0.0,0.0,0.0
1692310803.7409132,0.15509442472342122,0.04683239118460418,0.004665823964839187,0.0,0.0,0.0
1692310803.843092,0.1538195648865817,0.04665627620678174,0.004858010754085498,0.0,0.0,0.0
1692310803.935678,0.15295647318328565,0.04646851116406281,0.004998100874066746,0.0,0.0,0.0
1692310804.0337417,0.15259136453623726,0.04628418264115718,0.0051875908808115484,0.0,0.0,0.0
1692310804.1433418,0.1522240957803352,0.046102726553586826,0.005412157965469368,0.0,0.0,0.0
1692310804.2458436,0.1521095905306005,0.04595501122256354,0.005533353122341444,0.0,0.0,0.0
1692310804.3439474,0.1510788555042139,0.04578311915607458,0.005610082360019839,0.0,0.0,0.0
1692310804.4325788,0.1515071072206051,0.04566385489826325,0.005656727799285558,0.0,0.0,0.0
1692310804.541815,0.152068376870284,0.04559415129464492,0.005685656249571892,0.0,0.0,0.0
1692310804.632071,0.15202130626591862,0.04554046688800737,0.00565581568711021,0.0,0.0,0.0
1692310804.7190998,0.15217027711587067,0.04550831576072284,0.005588406392047422,0.0,0.0,0.0
1692310804.8165147,0.15289423615084752,0.04552259607455535,0.005491831595975231,0.0,0.0,0.0
1692310804.9204118,0.1530875330208546,0.04554115996595071,0.005438935835402681,0.0,0.0,0.0
1692310805.0074694,0.15322379386796908,0.04556955365773848,0.005339603756250005,0.0,0.0,0.0
1692310805.1026893,0.15348202164141708,0.04561092851883453,0.005210992902417491,0.0,0.0,0.0
1692310805.2052515,0.15407176041156806,0.045677679788801925,0.005077281436134041,0.0,0.0,0.0
1692310805.3138947,0.15383607487512332,0.04572299671022652,0.00494930361808296,0.0,0.0,0.0
1692310805.4223769,0.15350968710643806,0.04574562988630396,0.0048286462312717125,0.0,0.0,0.0
1692310805.506378,0.1533391096440418,0.045756917728668245,0.004717033320962494,0.0,0.0,0.0
1692310805.6434858,0.15251383365408674,0.04572420769400604,0.004630550402523622,0.0,0.0,0.0
1692310805.7452424,0.15246639753389346,0.04569657885913474,0.004536408838737291,0.0,0.0,0.0
1692310805.8419216,0.15214524170399157,0.04565827398216757,0.0044482606703495865,0.0,0.0,0.0
1692310805.9342887,0.15197208605176588,0.04561618553575909,0.004391302595512479,0.0,0.0,0.0
1692310806.0286465,0.15240693671573685,0.045604711767867664,0.004324612015204873,0.0,0.0,0.0
1692310806.133522,0.15214401037076455,0.04558257314517655,0.004261703010995776,0.0,0.0,0.0
1692310806.2234235,0.15274044646702653,0.045595778306839876,0.004189895151304208,0.0,0.0,0.0
1692310806.3239844,0.1525621579799905,0.04560146861201329,0.004084986202577682,0.0,0.0,0.0
1692310806.4299958,0.15263914947372448,0.04560940266845725,0.004006186240991624,0.0,0.0,0.0
1692310806.530714,0.15181112011525336,0.04557614568763477,0.003918155434043199,0.0,0.0,0.0
1692310806.6344252,0.15165531275432137,0.04554227775816172,0.0038227056361091437,0.0,0.0,0.0
1692310806.7380505,0.15072843276699238,0.04546787137181338,0.003738198571156946,0.0,0.0,0.0
1692310806.8416474,0.15078163758206004,0.04541116412516697,0.0036312180858657965,0.0,0.0,0.0
1692310806.9459212,0.15113646042737613,0.0453835007190486,0.003515797273628262,0.0,0.0,0.0
1692310807.037967,0.15044335787422347,0.04532590580118581,0.003415857825054343,0.0,0.0,0.0
1692310807.1188798,0.1505707888571578,0.04528656530315371,0.00329669303547321,0.0,0.0,0.0
1692310807.2428296,0.15007422080945806,0.04522818533335651,0.0032087042063957986,0.0,0.0,0.0
1692310807.3463993,0.1509299945926756,0.045220658116434394,0.0031646951752283938,0.0,0.0,0.0
1692310807.4238102,0.15056585194114394,0.04519977981266702,0.0030681443424455633,0.0,0.0,0.0
1692310807.5271745,0.1495813346321211,0.045132321397703325,0.0029990156849288947,0.0,0.0,0.0
1692310807.6312907,0.14825370430178625,0.04501086132213378,0.0029179806317715337,0.0,0.0,0.0
1692310807.7406929,0.14653106261147253,0.04482264138821689,0.0028608177967431488,0.0,0.0,0.0
1692310807.8310869,0.14701042040511442,0.044688954523404094,0.002829253700281014,0.0,0.0,0.0
1692310807.938395,0.14819302057723455,0.0446368959557309,0.0028038539681810603,0.0,0.0,0.0
1692310808.0364308,0.14860294443946348,0.04461501656114955,0.0027672871093969514,0.0,0.0,0.0
1692310808.1352327,0.14815904621142822,0.04457351085518527,0.0027537176757791455,0.0,0.0,0.0
1692310808.2332401,0.14909597877270256,0.04458454648875361,0.0027653597765482075,0.0,0.0,0.0
1692310808.331328,0.15025196414577072,0.04465091594093036,0.0027884566876257015,0.0,0.0,0.0
1692310808.4320536,0.15089656097312149,0.04473943413447752,0.00279394619182676,0.0,0.0,0.0
1692310808.5335705,0.1513481148932587,0.044833655925331235,0.002832326947075398,0.0,0.0,0.0
1692310808.633981,0.15202761972242376,0.04494621888959441,0.0028649355928955693,0.0,0.0,0.0
1692310808.7254698,0.15255424519395902,0.04505953125813805,0.0029871171110607167,0.0,0.0,0.0
1692310808.8192995,0.1532573992020314,0.045184785981861444,0.0031433895947008445,0.0,0.0,0.0
1692310808.9105146,0.1542383790000656,0.04533701103772645,0.003290250382186348,0.0,0.0,0.0
1692310809.0027387,0.15428486799833163,0.04547059585334417,0.003359545612021156,0.0,0.0,0.0
1692310809.1053064,0.15521833535238996,0.045630512274538716,0.0033952787824984712,0.0,0.0,0.0
1692310809.2212615,0.15627059044885222,0.04581181080036996,0.0034846380476712176,0.0,0.0,0.0
1692310809.303454,0.157453227480442,0.04602287468115791,0.003552037879578744,0.0,0.0,0.0
1692310809.4030335,0.15746440590378824,0.046199277678628914,0.0036078811183036007,0.0,0.0,0.0
1692310809.5058606,0.15879421389796886,0.04641110126542733,0.0036780110699851814,0.0,0.0,0.0
1692310809.6006482,0.15921987205003355,0.0466063172644054,0.0037668719026345554,0.0,0.0,0.0
1692310809.7384195,0.1597273242196278,0.04679751437931894,0.003805293845905586,0.0,0.0,0.0
1692310809.8406293,0.15963791280847278,0.0469552216777563,0.003801272725786139,0.0,0.0,0.0
1692310809.9372294,0.158667851123878,0.047029342424773586,0.00389675029921672,0.0,0.0,0.0
1692310810.034865,0.15690157436718002,0.047009736520250964,0.003890601753874961,0.0,0.0,0.0
1692310810.134085,0.15786064750809464,0.047041077889385455,0.0038920237230548067,0.0,0.0,0.0
1692310810.2342722,0.15883542522074845,0.047118378092872365,0.003865946007256065,0.0,0.0,0.0
1692310810.3487797,0.1596645478951859,0.047218540590147406,0.00391548105075185,0.0,0.0,0.0
1692310810.4438648,0.1592791510813601,0.04728102031341075,0.0039745119625973924,0.0,0.0,0.0
1692310810.543347,0.1601365237832463,0.04737941433502141,0.003986591139463827,0.0,0.0,0.0
1692310810.6416814,0.16017902352653285,0.047462880745688135,0.004004097306542022,0.0,0.0,0.0
1692310810.7279465,0.15955924710063696,0.0475046764231197,0.003977412632058705,0.0,0.0,0.0
1692310810.823015,0.15931193084925094,0.04752167617928,0.0040187493795364,0.0,0.0,0.0
1692310810.9106946,0.1594534578139817,0.04754415453727648,0.0040395248358283,0.0,0.0,0.0
1692310811.0299976,0.15895799370385993,0.04754062133397796,0.004025633148741854,0.0,0.0,0.0
1692310811.139006,0.15930648453658006,0.04755785606148229,0.0039812400605565455,0.0,0.0,0.0
1692310811.223079,0.1596336363800636,0.04758630181974276,0.003973443006956435,0.0,0.0,0.0
1692310811.329858,0.15915514247323925,0.0475838957545117,0.003991254845239396,0.0,0.0,0.0
1692310811.437996,0.15962136823833326,0.04760864807398604,0.00396617082587628,0.0,0.0,0.0
1692310811.5241745,0.15977087493135592,0.04763445443698963,0.003973588725488029,0.0,0.0,0.0
1692310811.635948,0.16055862812663677,0.047698586629995286,0.003942446689794714,0.0,0.0,0.0
1692310811.7320654,0.16066828231222152,0.047760429699114815,0.00387842687288004,0.0,0.0,0.0
1692310811.8200476,0.16002475474692693,0.04778400067616201,0.0037628354487168557,0.0,0.0,0.0
1692310811.9193535,0.16014314509854105,0.04780457891244598,0.0037370862591972406,0.0,0.0,0.0
1692310812.0241392,0.1608465074686473,0.04785960325064415,0.003680684791472673,0.0,0.0,0.0
1692310812.138268,0.1608932495100175,0.04790654635369519,0.003650997656040727,0.0,0.0,0.0
1692310812.2338047,0.1607759569177448,0.04794435061957068,0.0035593536473505494,0.0,0.0,0.0
1692310812.3321426,0.16111109305788784,0.0479894524991371,0.003530776488532392,0.0,0.0,0.0
1692310812.4319124,0.16084920524357224,0.04801624291227426,0.0034721767348557062,0.0,0.0,0.0
1692310812.5126653,0.159584385438576,0.04797952703457527,0.0033512300564385346,0.0,0.0,0.0
1692310812.6370764,0.16020552525322568,0.04797697787020295,0.0033022901361164413,0.0,0.0,0.0
1692310812.7298138,0.15995668250971518,0.04795999608931517,0.0032973132122945184,0.0,0.0,0.0
1692310812.8193004,0.15907157119780965,0.04790355801897205,0.0032608428023874173,0.0,0.0,0.0
1692310812.9107537,0.15975942144006386,0.04788524877083063,0.0033141696980545387,0.0,0.0,0.0
1692310813.0333648,0.15980310392007416,0.047874055772347025,0.0033331567618966537,0.0,0.0,0.0
1692310813.1284862,0.16016161677075497,0.04787795512370516,0.0034123377476785056,0.0,0.0,0.0
1692310813.2299635,0.16069633333844993,0.04790126454485151,0.0035591119259849803,0.0,0.0,0.0
1692310813.333509,0.16045250155446614,0.04791122997429727,0.0036492145576298013,0.0,0.0,0.0
1692310813.4369242,0.1595994642919427,0.04787257010255484,0.003770065188391499,0.0,0.0,0.0
1692310813.527989,0.15996859934724061,0.047865634467288955,0.0037934198740827065,0.0,0.0,0.0
1692310813.6325011,0.16031238083301397,0.04787520015829569,0.003836210177003545,0.0,0.0,0.0
1692310813.7001047,0.16138069560336835,0.047938100914108966,0.0038571537555592062,0.0,0.0,0.0
1692310813.8310528,0.1617065560953187,0.048005796064639644,0.0038876703680992028,0.0,0.0,0.0
1692310813.9315114,0.16145274047055555,0.04804883498107073,0.003920110050641806,0.0,0.0,0.0
1692310814.029085,0.1635120971390471,0.048189450669331134,0.003932277430001806,0.0,0.0,0.0
1692310814.1289816,0.16493926678011728,0.0483796207097968,0.003926156355507752,0.0,0.0,0.0
1692310814.2332704,0.16715014139143475,0.0486488170875617,0.0039251559625555306,0.0,0.0,0.0
1692310814.3354337,0.16848902731803408,0.048938458288191565,0.0039480803080109575,0.0,0.0,0.0
1692310814.4362686,0.1691192937543887,0.04921337306725955,0.00394225070010185,0.0,0.0,0.0
1692310814.5322073,0.16883752479168534,0.04943036677427461,0.003909048865554993,0.0,0.0,0.0
1692310814.631284,0.16909212344615107,0.04962366314917291,0.0038847571334963815,0.0,0.0,0.0
1692310814.7229831,0.16862740523011807,0.04976440121649298,0.0038219328523679853,0.0,0.0,0.0
1692310814.8270493,0.16755305719335156,0.049830002965230664,0.003735404851492829,0.0,0.0,0.0
1692310814.92959,0.16691745233766972,0.049853480124079336,0.003651957633325621,0.0,0.0,0.0
1692310815.0271022,0.1666318280007425,0.04985542959135833,0.003630655798963952,0.0,0.0,0.0
1692310815.1269994,0.16556711859265572,0.049806695087887716,0.0035673125069522475,0.0,0.0,0.0
1692310815.22692,0.16551881311502817,0.04976183098469164,0.003541939235572322,0.0,0.0,0.0
1692310815.3281808,0.1646926730039507,0.049685095207794586,0.0034892691381557023,0.0,0.0,0.0
1692310815.4238267,0.16310770059905216,0.04954105136937958,0.0034535692467477347,0.0,0.0,0.0
1692310815.5240197,0.1630481486245351,0.04941591346665369,0.003455103793120745,0.0,0.0,0.0
1692310815.6286898,0.16242166799332158,0.04927788769652256,0.0034880721817961294,0.0,0.0,0.0
1692310815.730016,0.16290743464662313,0.049184093327318816,0.0035571295491681576,0.0,0.0,0.0
1692310815.8258717,0.16302662273894064,0.049109212993442244,0.003648031866029548,0.0,0.0,0.0
1692310815.9238582,0.16252525998680012,0.049020478311192585,0.003737265806506647,0.0,0.0,0.0
1692310816.0183425,0.16096841905820727,0.04887171130485921,0.003770853278819302,0.0,0.0,0.0
1692310816.1113331,0.16131343672832568,0.04876823541034016,0.0037596422035268626,0.0,0.0,0.0
1692310816.2294216,0.16190169593307469,0.04871139976463559,0.003752892009726643,0.0,0.0,0.0
1692310816.3118768,0.1624081781413625,0.048688495507965196,0.003760316108279568,0.0,0.0,0.0
1692310816.4282928,0.16310314496961573,0.04870981890282632,0.0036916749501102997,0.0,0.0,0.0
1692310816.5363991,0.16324922210687337,0.04873403756053826,0.0036471809837546644,0.0,0.0,0.0
1692310816.629128,0.16260177045667387,0.04872193946886111,0.0036066257177450115,0.0,0.0,0.0
1692310816.7286427,0.16307738563968333,0.048735483005264514,0.0035766316061040596,0.0,0.0,0.0
1692310816.8191903,0.1635928052779332,0.048770947137993896,0.0035754841811130797,0.0,0.0,0.0
1692310816.9284194,0.16347566728805368,0.048796681278087964,0.0035453557969344794,0.0,0.0,0.0
1692310817.0272489,0.1627910197969586,0.04878444214652465,0.0035100058703690156,0.0,0.0,0.0
1692310817.1317399,0.16351578971372244,0.04880849266158969,0.0035112688514490694,0.0,0.0,0.0
1692310817.225613,0.16330043087212492,0.0488181357676941,0.003506367491573037,0.0,0.0,0.0
1692310817.3256345,0.16352277600754844,0.048838399283676094,0.003487146178497943,0.0,0.0,0.0
1692310817.41248,0.16380655658705634,0.04886890380451702,0.003480118997773142,0.0,0.0,0.0
1692310817.5124478,0.16420448542856297,0.04891655367442933,0.0034411522387960206,0.0,0.0,0.0
1692310817.6335182,0.16566132066650993,0.04902902571780371,0.0034142454253479407,0.0,0.0,0.0
1692310817.7332482,0.16588518681008335,0.04913502140264745,0.0033754427337827327,0.0,0.0,0.0
1692310817.836209,0.16604299764436914,0.04923178291321972,0.00333454241606771,0.0,0.0,0.0
1692310817.93285,0.16590670292204088,0.04930511163263877,0.003307278219071714,0.0,0.0,0.0
1692310817.9982915,0.16571046544594004,0.04935846646382884,0.0032502286833879707,0.0,0.0,0.0
1692310818.1060145,0.1663275554226362,0.04943472239188899,0.003188387198242804,0.0,0.0,0.0
1692310818.2310255,0.16665395275579573,0.0495155892894974,0.0031198289045625102,0.0,0.0,0.0
1692310818.3298178,0.16667436380563747,0.04958695943304143,0.0030055618617881898,0.0,0.0,0.0
1692310818.4336298,0.16715585424659432,0.049671795043123294,0.0028841746278558465,0.0,0.0,0.0
1692310818.533179,0.16732692314530376,0.049752617877058,0.0027466450868488964,0.0,0.0,0.0
1692310818.6303983,0.1665231696881177,0.04978047329107517,0.0026112965927170373,0.0,0.0,0.0
1692310818.7314281,0.16628179008492813,0.04979183159025927,0.002491866556341953,0.0,0.0,0.0
1692310818.832134,0.16641031732991227,0.049807968497218254,0.002386228793357823,0.0,0.0,0.0
1692310818.9325812,0.16682973185086933,0.04984248452499444,0.0022969720117153695,0.0,0.0,0.0
1692310819.0298424,0.1664586790318555,0.04985227697376962,0.0022320937228656164,0.0,0.0,0.0
1692310819.137446,0.1668155932155342,0.04987846566105622,0.002174436290164284,0.0,0.0,0.0
1692310819.2300467,0.1668138149275889,0.04990001693257076,0.0021310055895519,0.0,0.0,0.0
1692310819.3047106,0.16608132649243512,0.049881358214760196,0.0020918558504670615,0.0,0.0,0.0
1692310819.4357724,0.16482192001731116,0.04980299737887859,0.002050680665691253,0.0,0.0,0.0
1692310819.5278988,0.16472191711710527,0.049733479355118924,0.0019950299128801657,0.0,0.0,0.0
1692310819.6337147,0.16499372779726446,0.049690026772650414,0.0019236754736233462,0.0,0.0,0.0
1692310819.728898,0.16434430614546217,0.04962172285953573,0.001849870690674123,0.0,0.0,0.0
1692310819.8157434,0.16287492477911955,0.04949197694338478,0.0017604120635383873,0.0,0.0,0.0
1692310819.9344552,0.1631347493486527,0.04939743193535287,0.001665947472537193,0.0,0.0,0.0
1692310820.0335417,0.1632076282407729,0.0493226458005743,0.0015737948796964287,0.0,0.0,0.0
1692310820.1328373,0.16331614679942175,0.049265789993528486,0.0014969061533936319,0.0,0.0,0.0
1692310820.238095,0.16380664170082665,0.04924296608691166,0.0014347519000355697,0.0,0.0,0.0
1692310820.3285985,0.16507661608760185,0.049287604323573514,0.001382612063518445,0.0,0.0,0.0
1692310820.4306192,0.16498806922643172,0.04931998464823673,0.0013546725016684216,0.0,0.0,0.0
1692310820.5355725,0.1645570750964917,0.04932539512931537,0.0013298904956151885,0.0,0.0,0.0
1692310820.635199,0.1650753151613719,0.04935605789439021,0.0013015363547871231,0.0,0.0,0.0
1692310820.7329664,0.16493839295866283,0.049374829808803714,0.0012739748090814654,0.0,0.0,0.0
1692310820.8299718,0.16519257070706986,0.049403779716608615,0.0012240176226236217,0.0,0.0,0.0
1692310820.9243894,0.16497227576121606,0.049417462833147414,0.0011479595312246817,0.0,0.0,0.0
1692310821.0424929,0.1652891547058105,0.049445029738931716,0.0010641857135752033,0.0,0.0,0.0
1692310821.145563,0.1654417666079324,0.04947602312281809,0.0009592035159942014,0.0,0.0,0.0
1692310821.23737,0.16559678818350634,0.04950960367088196,0.0008721877920607755,0.0,0.0,0.0
1692310821.3340886,0.16478965379761154,0.049497250950740916,0.000785496362740785,0.0,0.0,0.0
1692310821.4396648,0.1646929096946528,0.04948211188208381,0.0007135963460498408,0.0,0.0,0.0
1692310821.5383942,0.1640840470926632,0.04943896852808057,0.0006574283752630211,0.0,0.0,0.0
1692310821.6365972,0.16454680739893499,0.04942622604520859,0.0006091896044432039,0.0,0.0,0.0
1692310821.7329185,0.16459093127585545,0.04941778804259656,0.000573427182918319,0.0,0.0,0.0
1692310821.817639,0.16494836448179095,0.04942873308429974,0.0005347858879682928,0.0,0.0,0.0
1692310821.9205878,0.16468597612775665,0.04942471040249653,0.0005017141713271598,0.0,0.0,0.0
1692310822.0271006,0.16443827522939133,0.049408936250216556,0.0004760605034672505,0.0,0.0,0.0
1692310822.1251493,0.16443513395778714,0.04939572854480463,0.0004401937914347283,0.0,0.0,0.0
1692310822.2268074,0.16473045154615384,0.04939951106391906,0.0004123644837227761,0.0,0.0,0.0
1692310822.3282592,0.16547126936518025,0.04943976703820728,0.0003910329902913758,0.0,0.0,0.0
1692310822.4279258,0.1664338008682731,0.04952155886407377,0.00036666985677759984,0.0,0.0,0.0
1692310822.5285964,0.16665902405350366,0.049600880820277214,0.0003624735492655467,0.0,0.0,0.0
1692310822.627556,0.1659456195335685,0.04963115603356611,0.0003668292479606835,0.0,0.0,0.0
1692310822.7233407,0.1663290034620222,0.04967547311776846,0.00038334117050326004,0.0,0.0,0.0
1692310822.841579,0.1658961558168363,0.04969054199697229,0.00041269693816880213,0.0,0.0,0.0
1692310822.9296148,0.16653958588884704,0.049735217817025446,0.0004468689328259902,0.0,0.0,0.0
1692310823.030814,0.1667826077591873,0.0497843723565725,0.0004930061812021125,0.0,0.0,0.0
1692310823.1205666,0.16644751125646953,0.049808392918674255,0.0005404300809517539,0.0,0.0,0.0
1692310823.2209554,0.16676678192086866,0.04984441945364306,0.0005786392119792223,0.0,0.0,0.0
1692310823.3300483,0.16698347884946563,0.04988533647053948,0.0006072283704566252,0.0,0.0,0.0
1692310823.431764,0.16747189427012438,0.0499439691359418,0.000625812391963505,0.0,0.0,0.0
1692310823.529871,0.16779894054097205,0.05000938093349317,0.0006276166350369526,0.0,0.0,0.0
1692310823.63271,0.1674797673828513,0.05004804613223687,0.000614818366496524,0.0,0.0,0.0
1692310823.7335868,0.1677517987938677,0.050093969971405736,0.0005959216997031256,0.0,0.0,0.0
1692310823.8404799,0.16840259764418275,0.05016498760523949,0.0005625775959775491,0.0,0.0,0.0
1692310823.9331527,0.1683940219164546,0.0502237246449805,0.0005336434417008444,0.0,0.0,0.0
1692310824.0427072,0.1685561444069977,0.050280786850385936,0.0005080070088227407,0.0,0.0,0.0
1692310824.1484501,0.16783774835175377,0.05029232523894568,0.0004868851868363745,0.0,0.0,0.0
1692310824.2582848,0.16770859302161734,0.05029538372229347,0.00047932957190598645,0.0,0.0,0.0
1692310824.3478494,0.16773742342903475,0.050299226456266985,0.0004884514538344236,0.0,0.0,0.0
1692310824.4585135,0.16741737227854642,0.05028628213254088,0.0005058446196272409,0.0,0.0,0.0
1692310824.5641258,0.16766496362012567,0.05028789618324532,0.0005210532930324403,0.0,0.0,0.0
1692310824.6637552,0.16844441882253644,0.05032834155719587,0.0005296230783601799,0.0,0.0,0.0
1692310824.7616978,0.16817115109946745,0.05034844652507147,0.0005269541908629623,0.0,0.0,0.0
1692310824.8608735,0.16821564871285016,0.050367479915533635,0.0005189873020977222,0.0,0.0,0.0
1692310824.9567614,0.16774455796680618,0.050359891115399916,0.0004934021701769605,0.0,0.0,0.0
1692310825.0238235,0.1677854485147524,0.050355754503983406,0.00044897629902690807,0.0,0.0,0.0
1692310825.1348908,0.16853101700623813,0.05038973850651044,0.00038628918934045824,0.0,0.0,0.0
1692310825.2399347,0.1686183001358386,0.05042242901264136,0.00032181731068456354,0.0,0.0,0.0
1692310825.3530214,0.16872684267446622,0.0504550922406377,0.0002580485160172115,0.0,0.0,0.0
1692310825.4592023,0.16957392934379706,0.050524725870700275,0.00019660047277981243,0.0,0.0,0.0
1692310825.5562024,0.17009001156119324,0.05060853712614893,0.0001294501939379641,0.0,0.0,0.0
1692310825.6534805,0.17058504644974454,0.05070311654922493,6.532616343969711e-05,0.0,0.0,0.0
1692310825.753761,0.17174412463395283,0.050839958366185024,9.28494402309582e-06,0.0,0.0,0.0
1692310825.858801,0.1730784825781036,0.051020571695954864,-6.968295409633108e-05,0.0,0.0,0.0
1692310825.9723852,0.17416077080337755,0.05122508917032469,-0.00015161053051766514,0.0,0.0,0.0
1692310826.038559,0.17393295216493465,0.05138357680771354,-0.0002558633426676851,0.0,0.0,0.0
1692310826.1302187,0.1745077636382712,0.051544129444755435,-0.0003597230074406379,0.0,0.0,0.0
1692310826.2328506,0.17443774256811245,0.051674107316767456,-0.00046066442040326077,0.0,0.0,0.0
1692310826.340286,0.17612154565648594,0.05186649700663781,-0.0005581411232810099,0.0,0.0,0.0
1692310826.4460192,0.17676780263625344,0.052058972256057615,-0.0006477244987605992,0.0,0.0,0.0
1692310826.5438888,0.17791099760150908,0.05227640205332935,-0.0007313067070351446,0.0,0.0,0.0
1692310826.6542816,0.1797201615573609,0.05254832647355656,-0.0007939731187636644,0.0,0.0,0.0
1692310826.7426968,0.18085185150588995,0.05283244524576092,-0.0007952130406047074,0.0,0.0,0.0
1692310826.82397,0.1820574117279507,0.053129838139731246,-0.0007725578395357787,0.0,0.0,0.0
1692310826.9341938,0.1840814476794248,0.053479250767571686,-0.0007278015818745558,0.0,0.0,0.0
1692310827.0405028,0.1851857716985268,0.05382568527816402,-0.0006854261185224416,0.0,0.0,0.0
1692310827.1404555,0.1858270947905191,0.0541465078942059,-0.0006357419828849051,0.0,0.0,0.0
1692310827.2096417,0.1857306488383623,0.05440891615662777,-0.0005950576063641062,0.0,0.0,0.0
1692310827.3479,0.18643792945367832,0.05466297858031984,-0.0005550780213064424,0.0,0.0,0.0
1692310827.4417353,0.18724389763229443,0.05491499249531829,-0.0005217596349656034,0.0,0.0,0.0
1692310827.5485957,0.18841435210066354,0.05518356286195314,-0.0004937123429198609,0.0,0.0,0.0
1692310827.6599216,0.19038730341650198,0.055506150172614774,-0.00046678394572481874,0.0,0.0,0.0
1692310827.7649667,0.19732861946998306,0.05612263730728269,-0.00044322176006664357,0.0,0.0,0.0
1692310827.8635972,0.19990256247746546,0.05676512221159708,-0.00042457081008616366,0.0,0.0,0.0
1692310827.9534838,0.20165543703028876,0.05738818119393853,-0.00039928837923097413,0.0,0.0,0.0
1692310828.0536983,0.20141228122792892,0.05789498376766035,-0.00038312519074731096,0.0,0.0,0.0
1692310828.1567783,0.2009257609136335,0.05829268765977645,-0.0003848489347171304,0.0,0.0,0.0
1692310828.2533817,0.2006571446328493,0.058610288277655305,-0.00041500651933093654,0.0,0.0,0.0
1692310828.3462996,0.20106178811657216,0.05889508928752563,-0.00044367066352320325,0.0,0.0,0.0
1692310828.4395573,0.20001800666252045,0.059079999514412326,-0.0004708745493865133,0.0,0.0,0.0
1692310828.5397725,0.2003663802896387,0.05925142331609526,-0.000499393457341177,0.0,0.0,0.0
1692310828.6366537,0.20044012898626506,0.05939814980406842,-0.0004981761190732371,0.0,0.0,0.0
1692310828.7365553,0.20025412684446506,0.0595112501551389,-0.000468055198651898,0.0,0.0,0.0
1692310828.8347585,0.20014014433260677,0.0595998724493408,-0.0004099973972992613,0.0,0.0,0.0
1692310828.9338107,0.1995125612840437,0.05964222497499545,-0.0003105200075112348,0.0,0.0,0.0
1692310829.0415356,0.1994886629825681,0.05967621259769017,-0.00020523271601139098,0.0,0.0,0.0
1692310829.137504,0.198452412123432,0.05965242001131886,-8.98391275998215e-05,0.0,0.0,0.0
1692310829.2254229,0.1977570299236945,0.05959754087306067,2.9766063489343177e-05,0.0,0.0,0.0
1692310829.3344483,0.19753429311852952,0.059540534584528855,0.00014123671037452213,0.0,0.0,0.0
1692310829.43745,0.19750058302128237,0.059491349027123976,0.0002349659038791206,0.0,0.0,0.0
1692310829.53168,0.19702376598996432,0.05942668214357261,0.0002953031718475725,0.0,0.0,0.0
1692310829.641271,0.19698699052969,0.059371271598107345,0.000309263852450733,0.0,0.0,0.0
1692310829.7450447,0.19679754495468849,0.05931582414254125,0.0002640532570583137,0.0,0.0,0.0
1692310829.8380787,0.1971655430351483,0.05928801691155113,0.00018601708913044217,0.0,0.0,0.0
1692310829.9324055,0.19816601100321202,0.05931461818425009,6.395248460300105e-05,0.0,0.0,0.0
1692310830.037918,0.19891094342240997,0.05937397560337481,-5.0431970306156724e-05,0.0,0.0,0.0
1692310830.1397152,0.19964554230780798,0.059460202529920306,-0.00014792746936191956,0.0,0.0,0.0
1692310830.2380702,0.19971267511503993,0.05953531335201176,-0.00023642403293612957,0.0,0.0,0.0
1692310830.336466,0.20054640670294144,0.05963981380109212,-0.0002948642794975654,0.0,0.0,0.0
1692310830.4354033,0.1998551338763564,0.05969222711251189,-0.0003436618446804383,0.0,0.0,0.0
1692310830.5406158,0.19919102959213097,0.059702737315569986,-0.0003708527513562733,0.0,0.0,0.0
1692310830.609032,0.19696112476938574,0.05960000769225181,-0.00035855717726821797,0.0,0.0,0.0
1692310830.750223,0.19713235378842256,0.05952312267380851,-0.00031569420603806946,0.0,0.0,0.0
1692310830.8621943,0.19717060458342336,0.05946077964737851,-0.0001957362520202222,0.0,0.0,0.0
1692310830.9673266,0.19765595262717595,0.05943272175094329,-4.777799032764285e-05,0.0,0.0,0.0
1692310831.0669575,0.1965772936703601,0.059354429483601485,0.00013493195055192949,0.0,0.0,0.0
1692310831.169221,0.19740909034439597,0.059329704348438775,0.000344797924762633,0.0,0.0,0.0
1692310831.2621164,0.19837200414719583,0.059355808396557574,0.000578610446108626,0.0,0.0,0.0
1692310831.3645406,0.20323725868924625,0.05962025887862876,0.0008109693276155182,0.0,0.0,0.0
1692310831.458559,0.204220415699872,0.059889977193692864,0.0009998505190249515,0.0,0.0,0.0
1692310831.5540197,0.20696202557039753,0.06025315315118599,0.0011206907338410159,0.0,0.0,0.0
1692310831.655538,0.2077165496906356,0.060594907543910795,0.001164717661997176,0.0,0.0,0.0
1692310831.7602146,0.20828550889866343,0.06090912841914515,0.0011491046981398133,0.0,0.0,0.0
1692310831.8616457,0.20832459357909025,0.06117398686960656,0.0010461772305953904,0.0,0.0,0.0
1692310831.9556298,0.2077123650456143,0.0613642071687541,0.0009200433054821239,0.0,0.0,0.0
1692310832.0600078,0.20799373195326032,0.061536867499547,0.0007743595300224316,0.0,0.0,0.0
1692310832.1432002,0.20647104410161568,0.06160439891848649,0.0006299435653334521,0.0,0.0,0.0
1692310832.2421844,0.20445811044427326,0.061559797900418385,0.0005056833822003917,0.0,0.0,0.0
1692310832.3467987,0.2043891104851518,0.061519095540933565,0.0003736534349383908,0.0,0.0,0.0
1692310832.4514718,0.20287213008716978,0.06140924762296728,0.0002785292373262894,0.0,0.0,0.0
1692310832.5409942,0.2025891555809039,0.06130361787154422,0.00022549668599920105,0.0,0.0,0.0
1692310832.6380427,0.20240977106684357,0.061206642409699905,0.00019188623898610448,0.0,0.0,0.0
1692310832.7362726,0.20162003665078188,0.061086267477078904,0.000184248063005323,0.0,0.0,0.0
1692310832.8393044,0.20129527385511178,0.06096967438310504,0.0001935588713691867,0.0,0.0,0.0
1692310832.9414933,0.20067087144089815,0.06084125448616706,0.00020492496123567772,0.0,0.0,0.0
1692310833.0326045,0.19863703461327686,0.06063247458789049,0.00018147750522483792,0.0,0.0,0.0
1692310833.124404,0.19916221958685862,0.06048486722702835,0.00016619150567039737,0.0,0.0,0.0
1692310833.2065995,0.19966865622293692,0.06038729028577675,0.00014714659436541,0.0,0.0,0.0
1692310833.3422942,0.19903471477174053,0.06027425096797724,0.00012714948866370709,0.0,0.0,0.0
1692310833.4424944,0.202539120482077,0.06035566041827101,0.0001093291993988843,0.0,0.0,0.0
1692310833.543646,0.20371419979126365,0.06048228505237391,5.5644537452376614e-05,0.0,0.0,0.0
1692310833.6367145,0.20370394387188773,0.06058708144612055,-2.210355869497495e-05,0.0,0.0,0.0
1692310833.7456129,0.2051959132175783,0.06074905327089983,-9.705754445363135e-05,0.0,0.0,0.0
1692310833.833073,0.2042085010913888,0.06083414240089362,-0.00019748553152707448,0.0,0.0,0.0
1692310833.9387214,0.2029566130907419,0.060842268429801505,-0.0002836881073534336,0.0,0.0,0.0
1692310834.039818,0.20212460651516906,0.06080763004323732,-0.00032879749267758615,0.0,0.0,0.0
1692310834.1353827,0.20073497735437398,0.0607093868739,-0.0003359210209012765,0.0,0.0,0.0
1692310834.23278,0.20041702664015856,0.06061172651103813,-0.0003213288470356538,0.0,0.0,0.0
1692310834.3396876,0.19919014992273887,0.06046895045832272,-0.00023795316391782636,0.0,0.0,0.0
1692310834.432061,0.19858517523698843,0.060318680935240274,-5.216270487618351e-05,0.0,0.0,0.0
1692310834.5380795,0.1980280702130261,0.06016493909092507,0.00014173363716744856,0.0,0.0,0.0
1692310834.6401687,0.19685709130147702,0.05997422427730498,0.0004536274137577028,0.0,0.0,0.0
1692310834.7283351,0.1962048014415207,0.05978061290944762,0.0007687970438260137,0.0,0.0,0.0
1692310834.828326,0.19656052871900093,0.059637741357067384,0.0010166939283853364,0.0,0.0,0.0
1692310834.9328911,0.19696420391479558,0.059538514204726965,0.001234907338871364,0.0,0.0,0.0
1692310835.0118845,0.19787238358014397,0.059503390773771765,0.0013617824329807038,0.0,0.0,0.0
1692310835.1082194,0.19880065614345388,0.0595232146585912,0.001379727952667893,0.0,0.0,0.0
1692310835.2377427,0.199902748666054,0.05959607171495872,0.001344069097379912,0.0,0.0,0.0
1692310835.3143764,0.19998282487561897,0.05966165845309314,0.0012617849194707627,0.0,0.0,0.0
1692310835.4341462,0.2009321359150408,0.05976467244780795,0.0011127615959723722,0.0,0.0,0.0
1692310835.5370393,0.20076026160695887,0.05984201329771472,0.0009579904434494589,0.0,0.0,0.0
1692310835.6439826,0.2003877287998349,0.05988780881196848,0.0008144565879783035,0.0,0.0,0.0
1692310835.7464178,0.1999933775023509,0.059906192045168234,0.0006989114217270068,0.0,0.0,0.0
1692310835.8445919,0.19936322023647957,0.05988994364302615,0.0005669285125211051,0.0,0.0,0.0
1692310835.9468148,0.19782335902128806,0.059799262702074946,0.00045772920456496315,0.0,0.0,0.0
1692310836.0391824,0.1978698315816944,0.05972602106342892,0.0003519784333284362,0.0,0.0,0.0
1692310836.1301131,0.19854980934425462,0.05969909870474352,0.0002721400901034838,0.0,0.0,0.0
1692310836.2358298,0.19908751638856742,0.05970360274609815,0.00020180649966032813,0.0,0.0,0.0
1692310836.325603,0.19927174702447628,0.05971661547200479,0.00016642440896849997,0.0,0.0,0.0
1692310836.4294024,0.19876489830940386,0.05970206205224809,0.00013772532790048189,0.0,0.0,0.0
1692310836.5302522,0.19874577125801032,0.05968896124907894,0.0001344718810385938,0.0,0.0,0.0
1692310836.6297698,0.19890010078268608,0.05968572971027379,0.0001493817018175939,0.0,0.0,0.0
1692310836.7296498,0.1982896515184327,0.05965241263274068,0.00017155655604496426,0.0,0.0,0.0
1692310836.8317297,0.19878421854404435,0.05964945059521924,0.0001871951085703564,0.0,0.0,0.0
1692310836.935846,0.1995279535758499,0.059684276629669616,0.0001923109697434445,0.0,0.0,0.0
1692310837.0303702,0.19964700626551662,0.059719274277625904,0.00018958166459413244,0.0,0.0,0.0
1692310837.130563,0.1991181917352329,0.05972195568030715,0.00017848732928299902,0.0,0.0,0.0
1692310837.2280831,0.1992646838467992,0.05973152846151698,0.00016929306986664865,0.0,0.0,0.0
1692310837.330803,0.19774403341511415,0.059663212104627036,0.00019121954275857605,0.0,0.0,0.0
1692310837.4355187,0.19712391279038866,0.059575160300089816,0.00022267161748730754,0.0,0.0,0.0
1692310837.5289674,0.19661962740353003,0.059476380992667235,0.00027096342565555056,0.0,0.0,0.0
1692310837.6295552,0.19765214211948193,0.059445458087826294,0.0003467374372325137,0.0,0.0,0.0
1692310837.7328918,0.19826897537382895,0.05945004847230005,0.0004491485181102781,0.0,0.0,0.0
1692310837.8291686,0.1977983399449259,0.059430018558967374,0.0005504564132656303,0.0,0.0,0.0
1692310837.927589,0.1975478424771183,0.059399601733467366,0.0006918524943494559,0.0,0.0,0.0
1692310838.0336905,0.19691864181165752,0.059342620845891175,0.0008143197039107499,0.0,0.0,0.0
1692310838.1356153,0.19668817874174796,0.05928258751510779,0.0009553060423879024,0.0,0.0,0.0
1692310838.2334063,0.19654864542057482,0.05922413435798632,0.0011202685312216123,0.0,0.0,0.0
1692310838.335964,0.19632272765977238,0.059159051769031745,0.0013858255968882509,0.0,0.0,0.0
1692310838.425963,0.19723216977488534,0.05915059942595345,0.001603744944369072,0.0,0.0,0.0
1692310838.5376453,0.19647303082684608,0.059100796561308386,0.0018782503239593768,0.0,0.0,0.0
1692310838.6301122,0.19514666923230053,0.05899467319095557,0.0020712708795333815,0.0,0.0,0.0
1692310838.7285264,0.19629200318657672,0.058960817833092975,0.0022856672917882,0.0,0.0,0.0
1692310838.826528,0.19629241670512243,0.05893193716380757,0.0024763923780639087,0.0,0.0,0.0
1692310838.9241388,0.19567595901495694,0.05887681339451677,0.002637467957841586,0.0,0.0,0.0
1692310839.0294006,0.1961871839738617,0.058857565225442214,0.002754067091440145,0.0,0.0,0.0
1692310839.1339896,0.1970543269302967,0.05888770356072594,0.0028019718083394487,0.0,0.0,0.0
1692310839.2290006,0.19735856181911715,0.058934706565268585,0.0026901417530860025,0.0,0.0,0.0
1692310839.3290977,0.19701555396821344,0.05895912461081493,0.0025206403992075947,0.0,0.0,0.0
1692310839.4273643,0.1971820112764585,0.05899005213252414,0.002283893001310244,0.0,0.0,0.0
1692310839.5304255,0.1975533314496971,0.05903564607687536,0.0020008926757489123,0.0,0.0,0.0
1692310839.6355855,0.19821210478233584,0.05910709207739526,0.001690136971623432,0.0,0.0,0.0
1692310839.7244577,0.198491832647137,0.05918064609870735,0.0014009501902730334,0.0,0.0,0.0
1692310839.8323143,0.19782765832603144,0.059208550313126204,0.0012100583350683936,0.0,0.0,0.0
1692310839.9302099,0.1974792306701107,0.059213801096721176,0.0011196966575439265,0.0,0.0,0.0
1692310840.027326,0.1976135914015799,0.0592237591963753,0.001120333874369924,0.0,0.0,0.0
1692310840.1280174,0.19799891134028227,0.0592511730002296,0.0011306166736081943,0.0,0.0,0.0
1692310840.2235758,0.1983965923589045,0.05929274497225646,0.0011920797301669963,0.0,0.0,0.0
1692310840.3278413,0.19998200468966698,0.059406950122497464,0.001238365889312383,0.0,0.0,0.0
1692310840.4253428,0.19995445155282832,0.05950007343932916,0.0013013666429704624,0.0,0.0,0.0
1692310840.53152,0.19995278544131057,0.05957753666175045,0.0013547724889376228,0.0,0.0,0.0
1692310840.6307707,0.20037877553097574,0.059664376779993845,0.0013608196368546347,0.0,0.0,0.0
1692310840.7283285,0.2014156166505327,0.05978906268225455,0.0013483225967268466,0.0,0.0,0.0
1692310840.8306727,0.20209543940451113,0.05992688205011481,0.0013430730333661108,0.0,0.0,0.0
1692310840.933963,0.20154384660011193,0.060014738937269385,0.0013040868580394005,0.0,0.0,0.0
1692310841.0281453,0.2012781016712752,0.06007481589146878,0.0012599122069711878,0.0,0.0,0.0
1692310841.129148,0.20057328020272622,0.06008990188158893,0.0012009392704746655,0.0,0.0,0.0
1692310841.230611,0.2002688235792465,0.060087331156768495,0.001143808380533308,0.0,0.0,0.0
1692310841.33055,0.19981938589844597,0.06006269773794044,0.0010943123181417912,0.0,0.0,0.0
1692310841.4248474,0.19938772723737633,0.06002058252645167,0.001050755662545335,0.0,0.0,0.0
1692310841.5316174,0.19839237266083104,0.05993539486143236,0.0010302546515100952,0.0,0.0,0.0
1692310841.6302931,0.19823403279280555,0.0598562635428753,0.001027637519527835,0.0,0.0,0.0
1692310841.7280767,0.19741563820507435,0.059749324825489274,0.0010263171557998696,0.0,0.0,0.0
1692310841.8310888,0.19667497884210336,0.05962196854371006,0.001082803602092855,0.0,0.0,0.0
1692310841.9332275,0.19648613553650587,0.05950620550476281,0.0011388217107256315,0.0,0.0,0.0
1692310842.0288649,0.19593795120373655,0.05938231662987148,0.001184914522250703,0.0,0.0,0.0
1692310842.1312659,0.19583359435447004,0.05927285623053208,0.001262812047309087,0.0,0.0,0.0
1692310842.2384663,0.1949252424111188,0.05913458887602068,0.0013782884846816488,0.0,0.0,0.0
1692310842.3323069,0.19532164139075545,0.05903846252008885,0.001498199689538054,0.0,0.0,0.0
1692310842.436549,0.19549109228280961,0.05896649625948843,0.0016087684161573143,0.0,0.0,0.0
1692310842.5332618,0.1948300628022591,0.058874225848804126,0.0016780421421894011,0.0,0.0,0.0
1692310842.6337209,0.1943960834445314,0.058776453697075876,0.0017104766652185253,0.0,0.0,0.0
1692310842.732871,0.19413677419306513,0.05868323908376554,0.001696654513536243,0.0,0.0,0.0
1692310842.8331664,0.1932283193294896,0.05856097471784508,0.0016503431240037878,0.0,0.0,0.0
1692310842.9326727,0.19378179318265942,0.058487652103741086,0.0015770230964909622,0.0,0.0,0.0
1692310843.0335476,0.19360039311040195,0.05841765042067652,0.0015078180547691957,0.0,0.0,0.0
1692310843.1287038,0.1931608359168196,0.05833832509934374,0.0013905747656182276,0.0,0.0,0.0
1692310843.2360919,0.19310836125153752,0.05826992393703153,0.0012687358273654177,0.0,0.0,0.0
1692310843.3345647,0.19278252543233748,0.058197065550996144,0.0011167352445013907,0.0,0.0,0.0
1692310843.4290078,0.19277159456241189,0.05813590169159663,0.0009765024088752228,0.0,0.0,0.0
1692310843.5325856,0.19208305207710305,0.05805053009121252,0.0008400858647463565,0.0,0.0,0.0
1692310843.6341274,0.19052788988092273,0.057901503848246376,0.000725640988465529,0.0,0.0,0.0
1692310843.7342956,0.1906818777362375,0.057785114780173855,0.0006044548616977504,0.0,0.0,0.0
1692310843.8230278,0.1911107866927704,0.057709596812693956,0.0005357309014452488,0.0,0.0,0.0
1692310843.9393713,0.1920176703643724,0.057692124775271525,0.0004786917258090997,0.0,0.0,0.0
1692310844.0394845,0.19228936634499338,0.05769095866546549,0.0004720059035000952,0.0,0.0,0.0
1692310844.133707,0.19203863883714198,0.057676279200328,0.0005587754500901412,0.0,0.0,0.0
1692310844.2350235,0.19198637972289112,0.05766111709605398,0.0006484643429851442,0.0,0.0,0.0
1692310844.3397753,0.1922411269593457,0.05766012302244029,0.0007751950505987276,0.0,0.0,0.0
1692310844.4395285,0.19224286495461163,0.05765891860616594,0.0008990374735141538,0.0,0.0,0.0
1692310844.5317662,0.19283117434210895,0.05768644056299271,0.0010364526871522541,0.0,0.0,0.0
1692310844.6316578,0.19343154587488842,0.057739333235207364,0.0011551007063806528,0.0,0.0,0.0
1692310844.7356327,0.19397223777165756,0.05781039887825259,0.0012570762193764196,0.0,0.0,0.0
1692310844.8324459,0.19421650917407363,0.057882240620940585,0.0013285044276371393,0.0,0.0,0.0
1692310844.9320505,0.1943770524391869,0.057948698909561114,0.0014338279098498772,0.0,0.0,0.0
1692310845.031474,0.1949216158515377,0.05803048052515773,0.0015467289234890865,0.0,0.0,0.0
1692310845.1343112,0.1949673834084977,0.05809935312982898,0.0016812731688687602,0.0,0.0,0.0
1692310845.236037,0.1948919919469789,0.0581508569760603,0.0018421392959950761,0.0,0.0,0.0
1692310845.3356872,0.1949994024769942,0.05819555505265359,0.0020494121141095365,0.0,0.0,0.0
1692310845.44019,0.1952755226083793,0.0582419189245561,0.002304976959468294,0.0,0.0,0.0
1692310845.5354183,0.19517100181482114,0.058276650399967156,0.0024952860369397184,0.0,0.0,0.0
1692310845.6328628,0.19495243718425045,0.05829034964800823,0.002722011165512868,0.0,0.0,0.0
1692310845.7339976,0.195542120283401,0.058326314377408074,0.0029835340408506136,0.0,0.0,0.0
1692310845.8327942,0.19482135389702096,0.05831933365098882,0.0032112608447348156,0.0,0.0,0.0
1692310845.9379115,0.19525482819230544,0.05833592721341195,0.003392424343990937,0.0,0.0,0.0
1692310846.039069,0.19588704887800742,0.05837796483833602,0.0035901504605093566,0.0,0.0,0.0
1692310846.1320324,0.19598546818882176,0.05842033034936756,0.0037234360216301496,0.0,0.0,0.0
1692310846.2430947,0.19654111549002534,0.058481194190222796,0.003865197997889775,0.0,0.0,0.0
1692310846.3401127,0.19623877577533608,0.05851956239843284,0.003945616542861409,0.0,0.0,0.0
1692310846.4443336,0.19642456016520418,0.058563509385848776,0.003975799112819937,0.0,0.0,0.0
1692310846.5422142,0.19692899312332546,0.05862821369604382,0.0039602830666707195,0.0,0.0,0.0
1692310846.6413877,0.19690960670806296,0.058683534520162915,0.003909906819961801,0.0,0.0,0.0
1692310846.7457294,0.19685665045039358,0.05872932114557288,0.00382860940470917,0.0,0.0,0.0
1692310846.845743,0.19748756933037526,0.05880091904159575,0.0037289697994790432,0.0,0.0,0.0
1692310846.9471934,0.19663408539598098,0.05881999664011969,0.0036030699887838235,0.0,0.0,0.0
1692310847.043566,0.19718392323045425,0.05886306152121874,0.0035062449316657987,0.0,0.0,0.0
1692310847.1446075,0.19710471797621776,0.058894402547479865,0.0034363859358333333,0.0,0.0,0.0
1692310847.2351272,0.19636684718709713,0.05888474454751415,0.0033537418034233664,0.0,0.0,0.0
1692310847.319348,0.19615232986566677,0.058864413487542296,0.003314479934366667,0.0,0.0,0.0
1692310847.436631,0.19488854254494645,0.058782612993982755,0.003308410698499989,0.0,0.0,0.0
1692310847.5395157,0.19434684010017758,0.05868606164822465,0.003324765496603861,0.0,0.0,0.0
1692310847.6413157,0.1937522064896359,0.05857445389571966,0.0033607440552645557,0.0,0.0,0.0
1692310847.7347398,0.19370362066567742,0.05848079272362981,0.003361363892764779,0.0,0.0,0.0
1692310847.8410459,0.19405585624289054,0.05841852929837095,0.003394123551568912,0.0,0.0,0.0
1692310847.934372,0.193510542923713,0.0583386757756382,0.0034313714730279427,0.0,0.0,0.0
1692310848.0407813,0.1939570168629477,0.05829533066123435,0.0034500530099376724,0.0,0.0,0.0
1692310848.1311445,0.19364855279417842,0.05824330912955642,0.003472646293223503,0.0,0.0,0.0
1692310848.2455728,0.1919297817905601,0.058116996783921605,0.0034360302628352944,0.0,0.0,0.0
1692310848.344458,0.19196002849640817,0.05801498834802521,0.0033747533370657016,0.0,0.0,0.0
1692310848.4463537,0.1921916285513356,0.05794294409691843,0.003298530689548368,0.0,0.0,0.0
1692310848.5577085,0.19216174959385507,0.05788252976811249,0.003212882450392198,0.0,0.0,0.0
1692310848.6575716,0.19249196659993528,0.05785010503194152,0.0031129699200779337,0.0,0.0,0.0
1692310848.764354,0.19257100463746607,0.05782842359738604,0.0029985046005989295,0.0,0.0,0.0
1692310848.8626606,0.19309387632120867,0.05783643008794186,0.002906759098627483,0.0,0.0,0.0
1692310848.943664,0.19286354843838682,0.057830600887484235,0.0028521479712836422,0.0,0.0,0.0
1692310849.0320864,0.19150429618518333,0.057758302591620625,0.0027902305289537878,0.0,0.0,0.0
1692310849.148252,0.1917042661554186,0.057705323546494554,0.0027987188163306528,0.0,0.0,0.0
1692310849.2419732,0.19114890111009128,0.05763164445292676,0.0028387070858945243,0.0,0.0,0.0
1692310849.3436606,0.19100932111868335,0.057558603416520734,0.0029533175634163878,0.0,0.0,0.0
1692310849.4448676,0.1906446201385924,0.05747547247001587,0.0031100630791033876,0.0,0.0,0.0
1692310849.550143,0.19079986166722274,0.05740878749294834,0.0033133251088660535,0.0,0.0,0.0
1692310849.648799,0.1907324659742106,0.05734623932481341,0.0035288027159928325,0.0,0.0,0.0
1692310849.7446532,0.19130845409178618,0.05732434246176119,0.0036925351619381064,0.0,0.0,0.0
1692310849.8413239,0.19254741220792648,0.05736530454382859,0.003867043877920266,0.0,0.0,0.0
1692310849.9569314,0.19318635464945086,0.05742893169057707,0.004043649153348639,0.0,0.0,0.0
1692310850.0602102,0.19465503326820616,0.057554031640928684,0.004211152873457519,0.0,0.0,0.0
1692310850.1669066,0.1963172655539174,0.057739791010715656,0.004374039626201886,0.0,0.0,0.0
1692310850.2569911,0.19724426495436187,0.057941171866159165,0.004509493021268354,0.0,0.0,0.0
1692310850.3408713,0.1970350038643071,0.05809851544212095,0.00462098656790072,0.0,0.0,0.0
1692310850.428947,0.19683567849021882,0.058213827119052236,0.00477667382032691,0.0,0.0,0.0
1692310850.548079,0.19690441462206848,0.05831668036834564,0.00487028658710228,0.0,0.0,0.0
1692310850.647209,0.19715997409671027,0.058413231205202046,0.004969876660857285,0.0,0.0,0.0
1692310850.7523925,0.19715505733052402,0.05848820339244534,0.005107295125848128,0.0,0.0,0.0
1692310850.8461397,0.19729250174251906,0.05856250285688923,0.005170266634925206,0.0,0.0,0.0
1692310850.9590974,0.197630480007131,0.058638324910214965,0.0052552410042676105,0.0,0.0,0.0
1692310851.0468538,0.19708707611041265,0.05867475202080497,0.005319598485328974,0.0,0.0,0.0
1692310851.1467347,0.196938710877367,0.05869872657244314,0.005361689451712401,0.0,0.0,0.0
1692310851.248437,0.1963080224967157,0.05869199729510228,0.005342106180664705,0.0,0.0,0.0
1692310851.354518,0.1961448309403598,0.05867743955745588,0.005334065336995802,0.0,0.0,0.0
1692310851.4521856,0.196185994438406,0.058670009026731584,0.005297799539452269,0.0,0.0,0.0
1692310851.5398934,0.19511799595983523,0.05861308532784257,0.005232956066513515,0.0,0.0,0.0
1692310851.645236,0.1952185666696661,0.05856411966629954,0.005253989276523877,0.0,0.0,0.0
1692310851.7476263,0.19581313635290032,0.05855532981649582,0.005248444522210372,0.0,0.0,0.0
1692310851.8518646,0.19593586281533998,0.05854781828856731,0.005312454670183608,0.0,0.0,0.0
1692310851.922217,0.1958922734349679,0.05854619348741133,0.0052919483389413545,0.0,0.0,0.0
1692310852.0463421,0.19610001995680884,0.05854395807825765,0.00539448335929311,0.0,0.0,0.0
1692310852.1447916,0.19646560494473186,0.058555569277369816,0.005527728279966838,0.0,0.0,0.0
1692310852.2480087,0.1964305712371086,0.05855914164136655,0.005678953140545464,0.0,0.0,0.0
1692310852.3524199,0.19657891233943295,0.05856556325710579,0.005841037814242263,0.0,0.0,0.0
1692310852.4543076,0.19549161917799301,0.05852551605771608,0.0058900630693830966,0.0,0.0,0.0
1692310852.5413733,0.19546390822657078,0.05849442550118314,0.005895442806711323,0.0,0.0,0.0
1692310852.6331618,0.19552397334721014,0.05847084120002721,0.005906901346319883,0.0,0.0,0.0
1692310852.7483666,0.19492749763061257,0.05842730557856082,0.005854518056325206,0.0,0.0,0.0
1692310852.8491323,0.19524031470038108,0.0584042908592595,0.005836522634318304,0.0,0.0,0.0
1692310852.949011,0.1957730388371044,0.05840457849947496,0.005893649065225209,0.0,0.0,0.0
1692310853.0483427,0.1952816771601321,0.05837760685778972,0.005964138788227711,0.0,0.0,0.0
1692310853.1499076,0.19413435327276343,0.05829238894365201,0.006067116064072333,0.0,0.0,0.0
1692310853.2537067,0.1941233847545873,0.05822417571889414,0.006123242683376841,0.0,0.0,0.0
1692310853.3570895,0.19348054668937328,0.058125799927330815,0.0062494503118123955,0.0,0.0,0.0
1692310853.4492247,0.19283073256149552,0.05800516176545214,0.006402846560219328,0.0,0.0,0.0
1692310853.5599208,0.19300752423590553,0.057912229130636386,0.0065415329570854466,0.0,0.0,0.0
1692310853.6585233,0.19326777665277703,0.05784868278264481,0.006651277975675102,0.0,0.0,0.0
1692310853.75621,0.19323151335718475,0.05778638696871407,0.006801412110635699,0.0,0.0,0.0
1692310853.8577535,0.1937813509011757,0.057771112853164525,0.006857079829125895,0.0,0.0,0.0
1692310853.943663,0.19355886956115242,0.05774770893868077,0.006898994206653618,0.0,0.0,0.0
1692310854.0400271,0.1942411879044323,0.057765014657239135,0.006914554555137288,0.0,0.0,0.0
1692310854.1521804,0.1940998737043052,0.057782943723678835,0.006835863613616813,0.0,0.0,0.0
1692310854.25044,0.19427201433697697,0.05780507694427599,0.0067835293829242626,0.0,0.0,0.0
1692310854.3828008,0.1939450883970939,0.05780024343796625,0.006798507339361085,0.0,0.0,0.0
1692310854.4499376,0.19394271627446552,0.057786935670441804,0.006885538878174002,0.0,0.0,0.0
1692310854.5519125,0.19288370847667094,0.05773232033694905,0.006877272050403936,0.0,0.0,0.0
1692310854.646374,0.19191188021384184,0.05762891791952411,0.006942296308349236,0.0,0.0,0.0
1692310854.748353,0.19123766894741506,0.057522521026747556,0.0068831022401677515,0.0,0.0,0.0
1692310854.848566,0.1909701843444894,0.05741726708000815,0.006860546451143618,0.0,0.0,0.0
1692310854.933332,0.19071903620960215,0.05731393064497697,0.006866645634914828,0.0,0.0,0.0
1692310855.0379343,0.19049340634320466,0.057216101672073916,0.006874704262172068,0.0,0.0,0.0
1692310855.1445065,0.1898864336216935,0.05710542252114441,0.006869518113201956,0.0,0.0,0.0
1692310855.2356584,0.1896348555595867,0.05699780760803201,0.006887450153704663,0.0,0.0,0.0
1692310855.3142097,0.18871643031219998,0.05686952464451903,0.006838396543094441,0.0,0.0,0.0
1692310855.4398866,0.1887779278694244,0.05676951024561641,0.006765119939008708,0.0,0.0,0.0
1692310855.542621,0.18850365105823086,0.056679073407436394,0.006643470580727921,0.0,0.0,0.0
1692310855.6439857,0.18804269157337936,0.05658727470131003,0.006477191234009091,0.0,0.0,0.0
1692310855.7390978,0.18760181354412972,0.05649279216152923,0.006296216411050857,0.0,0.0,0.0
1692310855.8224113,0.18784113871905195,0.05642724454218555,0.0061338363385184625,0.0,0.0,0.0
1692310855.943179,0.18730081928854164,0.05634713347559718,0.005980719450686829,0.0,0.0,0.0
1692310856.0435495,0.187077272744081,0.05627109026257837,0.005832163171797174,0.0,0.0,0.0
1692310856.148795,0.18613106338033655,0.05616419258596986,0.00566297116021191,0.0,0.0,0.0
1692310856.251164,0.18565048109075383,0.056047097406778434,0.00556554408452289,0.0,0.0,0.0
1692310856.3520477,0.1846300138995135,0.0558973606930203,0.005493629806720111,0.0,0.0,0.0
1692310856.4302957,0.18744095225573373,0.055917425914111904,0.005396167598310704,0.0,0.0,0.0
1692310856.5451753,0.18894199673657702,0.05600885653745283,0.005323813018536765,0.0,0.0,0.0
1692310856.6455703,0.19146978807093573,0.056199591959396236,0.005397359241775254,0.0,0.0,0.0
1692310856.7425916,0.19242205071017085,0.05640379455078458,0.0054844716825787525,0.0,0.0,0.0
1692310856.8292859,0.19329921164516345,0.0566180967448007,0.005556803482009453,0.0,0.0,0.0
1692310856.9285781,0.19324926762080316,0.05678993401965558,0.005656801514660461,0.0,0.0,0.0
1692310857.0187397,0.194071962292015,0.05697675871580625,0.0057188673688445876,0.0,0.0,0.0
1692310857.1394863,0.19323083787592454,0.05707759068634286,0.005883030219681532,0.0,0.0,0.0
1692310857.2403154,0.1932397917483646,0.0571497743306437,0.006120524203962566,0.0,0.0,0.0
1692310857.3448837,0.19397428661566002,0.05724962559408349,0.006297392693536323,0.0,0.0,0.0
1692310857.4415836,0.19472125781963584,0.057347238834248325,0.006619660708122334,0.0,0.0,0.0
1692310857.5426638,0.19543237814517675,0.05747612901840849,0.006803660847757148,0.0,0.0,0.0
1692310857.6320941,0.19540047277012698,0.05757745221448778,0.006989842897227371,0.0,0.0,0.0
1692310857.7418952,0.19786734535980788,0.05779010328007564,0.007118438822299039,0.0,0.0,0.0
1692310857.8389738,0.19954203777003307,0.0580631180440109,0.007136352748678532,0.0,0.0,0.0
1692310857.9361076,0.1999431431716294,0.058305473809874137,0.007194245957115004,0.0,0.0,0.0
1692310858.035911,0.20091142705422316,0.05856205093496969,0.007195177612412009,0.0,0.0,0.0
1692310858.1437974,0.20362528865733423,0.05890618759725842,0.007249701378677746,0.0,0.0,0.0
1692310858.239052,0.20506558692721735,0.059261829468721085,0.007325054665248069,0.0,0.0,0.0
1692310858.3387482,0.2046700126461974,0.0595490543921143,0.007298016986890905,0.0,0.0,0.0
1692310858.4298277,0.20502212132552872,0.05981046244940312,0.007237460799646503,0.0,0.0,0.0
1692310858.5452702,0.20585880252608785,0.060063983197505194,0.00724246007989641,0.0,0.0,0.0
1692310858.6450565,0.20646558424120126,0.06031330519716452,0.007181120997822364,0.0,0.0,0.0
1692310858.7437248,0.20509709945250965,0.06044769745265661,0.00716766640428796,0.0,0.0,0.0
1692310858.8285472,0.20521192579546482,0.06056813932058472,0.007132955078510867,0.0,0.0,0.0
1692310858.9521725,0.20418316237434941,0.060614860071884165,0.007119087180845626,0.0,0.0,0.0
1692310859.034123,0.2024602812886481,0.06056265564493963,0.007143135797916899,0.0,0.0,0.0
1692310859.1534972,0.2019869909894585,0.06048880758966768,0.007215672263723023,0.0,0.0,0.0
1692310859.24767,0.20016091272191022,0.06033482882263416,0.007278030116349566,0.0,0.0,0.0
1692310859.3556147,0.19925677832791128,0.06016685009192156,0.007282582619660671,0.0,0.0,0.0
1692310859.4480278,0.19872347770444662,0.05998062393553315,0.00743422037521399,0.0,0.0,0.0
1692310859.546478,0.19842610401484811,0.059817291331651076,0.007510395080041334,0.0,0.0,0.0
1692310859.6402128,0.19788137603764883,0.0596536416226077,0.007574289644440357,0.0,0.0,0.0
1692310859.7397594,0.19800293885769044,0.059498119645783436,0.0078044552212966625,0.0,0.0,0.0
1692310859.8391707,0.1967237386779182,0.059322310063593196,0.007869692673348598,0.0,0.0,0.0
1692310859.939829,0.19590563841751496,0.059115020004163535,0.0080556968721086,0.0,0.0,0.0
1692310860.0329223,0.19455458225510636,0.058883256523457134,0.008148946836018115,0.0,0.0,0.0
1692310860.142809,0.19234079899589784,0.05858362048207969,0.008189194402502377,0.0,0.0,0.0
1692310860.2413201,0.19151327842709864,0.05829279114825173,0.008218150039223025,0.0,0.0,0.0
1692310860.3403,0.19113964782596504,0.0580283326798999,0.008264321137574077,0.0,0.0,0.0
1692310860.4417713,0.19123895727446993,0.05779865986245821,0.008395901564094933,0.0,0.0,0.0
1692310860.5414386,0.19215257498847696,0.05766433403743135,0.008436991688032452,0.0,0.0,0.0
1692310860.6433525,0.19289157796552536,0.05756998023227778,0.008597367304604675,0.0,0.0,0.0
1692310860.7437575,0.1923695514815548,0.05747452603446043,0.008671333072932608,0.0,0.0,0.0
1692310860.8496659,0.19265556922632115,0.05741484105768052,0.00869896102340471,0.0,0.0,0.0
1692310860.9502468,0.19308229238358443,0.05738009476065847,0.008764500938491255,0.0,0.0,0.0
1692310861.0459,0.19245768450033407,0.05734119296438696,0.008675916758441714,0.0,0.0,0.0
1692310861.1471193,0.19251556698204977,0.05730715001013173,0.008633471767978327,0.0,0.0,0.0
1692310861.2403982,0.19169876960141086,0.05723780588350297,0.008595550870844596,0.0,0.0,0.0
1692310861.336442,0.19097520275894259,0.057142596572388835,0.008569344411204409,0.0,0.0,0.0
1692310861.4304347,0.19023065674015172,0.05703962063351067,0.008450117630639119,0.0,0.0,0.0
1692310861.5359745,0.18952299872696865,0.05690632504312947,0.00843224324157083,0.0,0.0,0.0
1692310861.6461093,0.18869583646490137,0.05674069090284917,0.008500086803023305,0.0,0.0,0.0
1692310861.7505658,0.188188426681019,0.056564833149027216,0.00863129244356218,0.0,0.0,0.0
1692310861.8451254,0.18766232200808466,0.056399762037116455,0.008691092109382528,0.0,0.0,0.0
1692310861.9383607,0.1862738045115444,0.056192351456567965,0.008737407666028364,0.0,0.0,0.0
1692310862.0386345,0.18531511088726063,0.05596930993091669,0.008785767789351476,0.0,0.0,0.0
1692310862.1439886,0.18495156605734087,0.05576450385545675,0.00882940444012576,0.0,0.0,0.0
1692310862.2443383,0.18439227869849042,0.05559340863819766,0.008686508532679792,0.0,0.0,0.0
1692310862.3387392,0.1848998114927094,0.055471435330632035,0.00860243409330691,0.0,0.0,0.0
1692310862.447266,0.18537349112090531,0.055394850253830584,0.00852548882215101,0.0,0.0,0.0
1692310862.5239878,0.18586107749527445,0.05535661355678356,0.00845551841862414,0.0,0.0,0.0
1692310862.6364245,0.18617006506850015,0.05534968032923243,0.008332448873533467,0.0,0.0,0.0
1692310862.728318,0.1853770653773344,0.055301121907195466,0.00824882200796206,0.0,0.0,0.0
1692310862.8264794,0.18461581859949194,0.0552334240655537,0.008097635104496242,0.0,0.0,0.0
1692310862.9092004,0.18492600683117258,0.05519934381835109,0.007920956413072213,0.0,0.0,0.0
1692310863.0424683,0.18506784493888578,0.05518377924867647,0.007728620586214366,0.0,0.0,0.0
1692310863.1353347,0.18396725031189767,0.055126949042493295,0.007469404663086445,0.0,0.0,0.0
1692310863.2437775,0.1834950571030783,0.055063452348045876,0.00718331441325628,0.0,0.0,0.0
1692310863.3434384,0.1827710894496561,0.05498921885319661,0.006788872174017256,0.0,0.0,0.0
1692310863.439473,0.18229177721491063,0.05490861120915613,0.006397549503008213,0.0,0.0,0.0
1692310863.5435443,0.18177130288832338,0.05482373116512278,0.005960117903367635,0.0,0.0,0.0
1692310863.6406462,0.1815377362850514,0.054747714601807836,0.005495436201561075,0.0,0.0,0.0
1692310863.7425404,0.18235201257593503,0.05472988700286825,0.005021689138498999,0.0,0.0,0.0
1692310863.8352766,0.18245311701944347,0.054722235621307264,0.004580900248977804,0.0,0.0,0.0
1692310863.9459057,0.18177497881041058,0.05468372534153621,0.004168357336058296,0.0,0.0,0.0
1692310864.047762,0.18107715067024063,0.05461696098468307,0.003816848731111752,0.0,0.0,0.0
1692310864.1462178,0.18096575704075887,0.054556279155553423,0.0035101502699275474,0.0,0.0,0.0
1692310864.247283,0.1803251602678405,0.054473114838549976,0.0032680754196897366,0.0,0.0,0.0
1692310864.3488505,0.17955888542265216,0.05436062427221846,0.003174664017207885,0.0,0.0,0.0
1692310864.445449,0.17978249527613355,0.054277571089563895,0.0031079626006535093,0.0,0.0,0.0
1692310864.542343,0.1789163137439209,0.0541628701518363,0.0030906820866785658,0.0,0.0,0.0
1692310864.6493216,0.17844803165047618,0.0540405514633725,0.0031315002550476537,0.0,0.0,0.0
1692310864.7459612,0.17877009610850295,0.05395526274596219,0.0031584598607786265,0.0,0.0,0.0
1692310864.8440487,0.179395620364939,0.05391193008308963,0.003238049992800146,0.0,0.0,0.0
1692310864.9402237,0.17990794354691578,0.053896891099641006,0.0033699505456359314,0.0,0.0,0.0
1692310865.0375025,0.18053578116128638,0.05390809158072327,0.0035774748844873317,0.0,0.0,0.0
1692310865.139294,0.1815725366152006,0.053970194099489055,0.00374274162850667,0.0,0.0,0.0
1692310865.237378,0.18276407546401627,0.05406335987028494,0.004076070111673567,0.0,0.0,0.0
1692310865.3365605,0.1837114045311906,0.054191122510045056,0.004330195819123963,0.0,0.0,0.0
1692310865.4413435,0.1846024092208428,0.05433408279281526,0.00462058349297134,0.0,0.0,0.0
1692310865.5514035,0.18570975018996833,0.05450083934308146,0.004934197164276833,0.0,0.0,0.0
1692310865.6337793,0.1871310807858006,0.0547170962760622,0.005145767068730293,0.0,0.0,0.0
1692310865.7279873,0.18801402904796075,0.05493816840629259,0.0053538448438343374,0.0,0.0,0.0
1692310865.8355975,0.18904661590313232,0.05518015313333639,0.005475054268262327,0.0,0.0,0.0
1692310865.9402566,0.18924660554573758,0.05539898909336442,0.005506933553482869,0.0,0.0,0.0
1692310866.02645,0.18988737558660435,0.05562420381277945,0.005419959905682448,0.0,0.0,0.0
1692310866.1356187,0.19103224162206842,0.05586574595124854,0.005388179027514095,0.0,0.0,0.0
1692310866.246599,0.19203232083030808,0.05612296039758626,0.005296773756556711,0.0,0.0,0.0
1692310866.3560514,0.19273675569497992,0.05637664185637793,0.0051714602168074835,0.0,0.0,0.0
1692310866.4573598,0.19356582279983328,0.056624932760349946,0.005124605738859776,0.0,0.0,0.0
1692310866.5589924,0.1944156293656013,0.05685988142093018,0.005243685318613695,0.0,0.0,0.0
1692310866.659243,0.1941136098454775,0.05704115111522262,0.005335254392444156,0.0,0.0,0.0
1692310866.759962,0.1937246687772728,0.057164155510895806,0.005492105512718264,0.0,0.0,0.0
1692310866.84033,0.19349645177339767,0.057248197153620436,0.005684563466316199,0.0,0.0,0.0
1692310866.9428844,0.19351881474912222,0.05732012175030435,0.005838001228932003,0.0,0.0,0.0
1692310867.0489032,0.19380653055560662,0.05739566086779726,0.005955996080828189,0.0,0.0,0.0
1692310867.144769,0.1944837223016383,0.057484674372527,0.0061234194164131225,0.0,0.0,0.0
1692310867.249301,0.19543025607258208,0.05760403183803837,0.006284032347630818,0.0,0.0,0.0
1692310867.3440602,0.19639299883933692,0.057748119187320875,0.006449788187224815,0.0,0.0,0.0
1692310867.452213,0.19747700341980023,0.05793121526794443,0.006518414022391455,0.0,0.0,0.0
1692310867.554327,0.19802644571691713,0.05812118946381421,0.006488429093585977,0.0,0.0,0.0
1692310867.6356294,0.19788255948126166,0.058280449428884926,0.006383468751510012,0.0,0.0,0.0
1692310867.7370222,0.1982439688215402,0.05842878632921674,0.006321181655729663,0.0,0.0,0.0
1692310867.836349,0.19814418640685208,0.0585122123087675,0.006569332634451348,0.0,0.0,0.0
1692310867.943125,0.19694494910683857,0.05852626497809026,0.006736663122351461,0.0,0.0,0.0
1692310868.040273,0.19499365429451831,0.05843704777380538,0.006893866556061225,0.0,0.0,0.0
1692310868.1419957,0.19381028368464687,0.058308397338399445,0.00698302750291221,0.0,0.0,0.0
1692310868.2124805,0.1929509634295164,0.058164727556751165,0.007002709838300717,0.0,0.0,0.0
1692310868.3279684,0.19224790664849056,0.05800975139676672,0.007017548874903147,0.0,0.0,0.0
1692310868.424862,0.19193998709561588,0.057873674446547875,0.006958739016377819,0.0,0.0,0.0
1692310868.5284588,0.19184258971321708,0.05775937654161623,0.006875185177741106,0.0,0.0,0.0
1692310868.6375377,0.19177587871683804,0.05766547493853848,0.006763393281774841,0.0,0.0,0.0
1692310868.7409275,0.19022711501724018,0.05751625447370519,0.0066036417256000535,0.0,0.0,0.0
1692310868.8484833,0.19044465547750486,0.057399520423794564,0.006503185872067595,0.0,0.0,0.0
1692310868.938392,0.1899925735479802,0.05728564046037066,0.006359770281566876,0.0,0.0,0.0
1692310869.0385206,0.19006524607922815,0.057199173339324914,0.006191417407057422,0.0,0.0,0.0
1692310869.1340463,0.189730107999667,0.05711330058845638,0.006018610030632767,0.0,0.0,0.0
1692310869.2320917,0.1896096469952868,0.05703617204232639,0.005869554535856067,0.0,0.0,0.0
1692310869.3318005,0.18939312632115549,0.05696065049853837,0.0057495912948343246,0.0,0.0,0.0
1692310869.438738,0.18958218245036268,0.05690684363710741,0.005654139209954269,0.0,0.0,0.0
1692310869.5343866,0.18828055330421045,0.05679906676812742,0.005546693704535802,0.0,0.0,0.0
1692310869.6311133,0.18751735377238218,0.05667323986636226,0.005430605139387146,0.0,0.0,0.0
1692310869.7406676,0.18711041801871822,0.0565447082832331,0.005370573952921286,0.0,0.0,0.0
1692310869.831684,0.18725778142483507,0.0564470159729625,0.005298643587162762,0.0,0.0,0.0
1692310869.9307818,0.18661077342951002,0.056334606853958386,0.005221496355903514,0.0,0.0,0.0
1692310870.0375314,0.18720261177885678,0.056268377212824926,0.005184026737634883,0.0,0.0,0.0
1692310870.1389544,0.18672969626755345,0.0561909598753288,0.005135441688503604,0.0,0.0,0.0
1692310870.2425938,0.18638010783032746,0.056114526793948585,0.005028039193565215,0.0,0.0,0.0
1692310870.342972,0.18627472694219543,0.05604809385576271,0.004906480567553203,0.0,0.0,0.0
1692310870.442441,0.18642910268857973,0.05600191617392807,0.004786780596973839,0.0,0.0,0.0
1692310870.5432327,0.18681064469705524,0.055984959707836554,0.0046551166644537775,0.0,0.0,0.0
1692310870.6450024,0.18662015954799333,0.05596349164567286,0.00451361151651149,0.0,0.0,0.0
1692310870.7434156,0.18673295475788196,0.055952036797907084,0.004384424154901572,0.0,0.0,0.0
1692310870.841802,0.1900300540275104,0.056109775474871504,0.00424986928016602,0.0,0.0,0.0
1692310870.946773,0.19124767017855868,0.05630374237189388,0.004114142681642983,0.0,0.0,0.0
1692310871.0388858,0.19088138463013662,0.05644902846313285,0.003965099013967945,0.0,0.0,0.0
1692310871.1323225,0.19260896753132076,0.05665701361544064,0.003836018621830757,0.0,0.0,0.0
1692310871.2458537,0.1934780157245457,0.05687420784694269,0.003722340725056677,0.0,0.0,0.0
1692310871.335578,0.19278520221078932,0.057022479459429676,0.003587488104230028,0.0,0.0,0.0
1692310871.4445202,0.1928294235106684,0.05714674941263451,0.0035032539131007213,0.0,0.0,0.0
1692310871.5342758,0.1924723685396432,0.057231578518237076,0.0034473599431940473,0.0,0.0,0.0
1692310871.6512253,0.19146913695563253,0.057249884539742286,0.0034361514730262446,0.0,0.0,0.0
1692310871.7512686,0.19140197545126802,0.05726232452386916,0.0034172076183017,0.0,0.0,0.0
1692310871.8451326,0.19398095873701487,0.05739657469003331,0.00349093476985416,0.0,0.0,0.0
1692310871.9433486,0.19490502667011092,0.05754663635196133,0.0036657869353327764,0.0,0.0,0.0
1692310872.0476322,0.1946770155944179,0.05765453742885742,0.003880653840713717,0.0,0.0,0.0
1692310872.1403866,0.19446942452885566,0.057725753037275944,0.004151116659251575,0.0,0.0,0.0
1692310872.2358978,0.19396217942479388,0.05775079226560249,0.004464380611074241,0.0,0.0,0.0
1692310872.3443253,0.19375978698959936,0.0577662499068045,0.004678221441980301,0.0,0.0,0.0
1692310872.441548,0.1941956072670183,0.05779977119196301,0.004869347759789906,0.0,0.0,0.0
1692310872.538295,0.1956112717904545,0.057893760807248215,0.005079484906848299,0.0,0.0,0.0
1692310872.638485,0.19618538957280934,0.05800426367749323,0.0052226111659990125,0.0,0.0,0.0
1692310872.7394114,0.196647069701753,0.0581159531577248,0.00537688053079219,0.0,0.0,0.0
1692310872.8412142,0.1969414660855875,0.058224037836114836,0.005503305424248378,0.0,0.0,0.0
1692310872.9399216,0.1979005709139526,0.058361473839414535,0.005617335629400044,0.0,0.0,0.0
1692310873.0417304,0.1991083220579742,0.05853451193653947,0.005734023598523751,0.0,0.0,0.0
1692310873.1397452,0.19953633598418907,0.05870597597441221,0.005775456424648754,0.0,0.0,0.0
1692310873.2415044,0.20039824064817255,0.058900589225481956,0.00572222151185412,0.0,0.0,0.0
1692310873.3416421,0.20218243504443897,0.059154722031246214,0.005652448383371932,0.0,0.0,0.0
1692310873.4366224,0.20236466613491338,0.059382975501198476,0.005505521281206024,0.0,0.0,0.0
1692310873.5418944,0.20500623619409572,0.05970954986526432,0.005334200226035581,0.0,0.0,0.0
1692310873.6469672,0.20629238981681053,0.060047942261677714,0.0051669851795836386,0.0,0.0,0.0
1692310873.7414403,0.20835041836583015,0.060438783586255915,0.004941976482883152,0.0,0.0,0.0
1692310873.8395593,0.209552061939267,0.06082607352588695,0.004731032771806245,0.0,0.0,0.0
1692310873.9393492,0.2111771699087913,0.06123176940869703,0.004528480654063086,0.0,0.0,0.0
1692310874.0496042,0.21188360133487025,0.06160661624737379,0.004332882158142344,0.0,0.0,0.0
1692310874.1473095,0.21290201042632595,0.061970623818183204,0.0041571318572519115,0.0,0.0,0.0
1692310874.248291,0.2136515781859489,0.06231072407339938,0.0040246211715200125,0.0,0.0,0.0
1692310874.3440537,0.21450270158413715,0.06263360334053832,0.003971045560303572,0.0,0.0,0.0
1692310874.4513977,0.21487859749773158,0.06291696574241627,0.003999565832693101,0.0,0.0,0.0
1692310874.5522375,0.21456331092225045,0.06313238755589856,0.004093991794659222,0.0,0.0,0.0
1692310874.651598,0.21511970628981922,0.06333857278779306,0.004189478857722464,0.0,0.0,0.0
1692310874.7254767,0.21436533619996384,0.06346479507428035,0.004367711381830886,0.0,0.0,0.0
1692310874.8347783,0.2154940934480425,0.06362370997085123,0.004551828852076881,0.0,0.0,0.0
1692310874.9393911,0.2157420322182595,0.0637656881138906,0.004738361570567114,0.0,0.0,0.0
1692310875.0406387,0.21519651121277777,0.06386024891581624,0.004850438277198034,0.0,0.0,0.0
1692310875.1399095,0.21617906282228733,0.06399176296184338,0.004902889028550495,0.0,0.0,0.0
1692310875.2367632,0.21707105871932567,0.06415076712953592,0.004886366887583059,0.0,0.0,0.0
1692310875.3332956,0.21756178363294976,0.06431583715384911,0.004756161659332266,0.0,0.0,0.0
1692310875.435794,0.21892261723052112,0.06452526035673047,0.00458746386241025,0.0,0.0,0.0
1692310875.5418391,0.22051561278667456,0.06478152791303177,0.004412864318007231,0.0,0.0,0.0
1692310875.642179,0.22140816039818823,0.06504124329590791,0.004239340935608146,0.0,0.0,0.0
1692310875.7458606,0.22226713609767768,0.06530277633096893,0.004051691089471794,0.0,0.0,0.0
1692310875.832274,0.22362392157990163,0.06558809058622374,0.003907950962412178,0.0,0.0,0.0
1692310875.9358113,0.22414731260257076,0.06585336350270549,0.0037588931180292553,0.0,0.0,0.0
1692310876.0339274,0.22377434577296912,0.0660571373936963,0.00360003523406144,0.0,0.0,0.0
1692310876.1336792,0.22474153458586282,0.06627615620853801,0.0034486834108322347,0.0,0.0,0.0
1692310876.2266314,0.22568234443062196,0.06650703898473678,0.003289545192980943,0.0,0.0,0.0
1692310876.3277519,0.2251705064124312,0.06667538415467886,0.0031087364468141885,0.0,0.0,0.0
1692310876.4067357,0.22534305162731266,0.06682510140548169,0.002931549973156283,0.0,0.0,0.0
1692310876.5217001,0.22522664221232014,0.066944144996276,0.002778504184971104,0.0,0.0,0.0
1692310876.6385756,0.2259677973176435,0.06708091382761054,0.0026352753587938365,0.0,0.0,0.0
1692310876.7398038,0.22718610173615342,0.06725644972657652,0.0024959759698615536,0.0,0.0,0.0
1692310876.8381305,0.22779711984872877,0.0674342562173075,0.0023409015847781606,0.0,0.0,0.0
1692310876.9486132,0.22807653638636854,0.06759714610944015,0.0021753950286192516,0.0,0.0,0.0
1692310877.0391104,0.22868638542956515,0.06776426495143151,0.001987698266623819,0.0,0.0,0.0
1692310877.1123714,0.22930405670280726,0.06793542699289119,0.0017440008696797502,0.0,0.0,0.0
1692310877.2373767,0.2300747007801436,0.06811694656238104,0.001465117418337135,0.0,0.0,0.0
1692310877.346434,0.23003963662949356,0.06826601560270873,0.0011260352464224545,0.0,0.0,0.0
1692310877.4319217,0.2304327239018435,0.06840936926701624,0.0007937401387682784,0.0,0.0,0.0
1692310877.5194957,0.2293596149410881,0.06847527755291424,0.0005395538904427784,0.0,0.0,0.0
1692310877.6340702,0.23013641708913135,0.06856919849599827,0.0003376329232087311,0.0,0.0,0.0
1692310877.724567,0.23178835960494532,0.06873051224929043,0.00020865296316164965,0.0,0.0,0.0
1692310877.8335302,0.23141309549178452,0.06884631202065007,0.0001780255357818626,0.0,0.0,0.0
1692310877.934425,0.23249156778958224,0.06899667407850162,0.0002036178545941532,0.0,0.0,0.0
1692310878.0265312,0.2331209265290256,0.0691532248573056,0.0002617043813807754,0.0,0.0,0.0
1692310878.1315212,0.23374294861970385,0.06931297274940766,0.0004442226987578909,0.0,0.0,0.0
1692310878.2338612,0.23345402659117986,0.0694303630471705,0.0006516176229140942,0.0,0.0,0.0
1692310878.336419,0.23265180921259954,0.06948296635418161,0.0009847495694605042,0.0,0.0,0.0
1692310878.4335914,0.23303861311851737,0.06954562894419725,0.0012765047080270727,0.0,0.0,0.0
1692310878.529927,0.23304684329310577,0.06959500228819546,0.00159591791758833,0.0,0.0,0.0
1692310878.6244915,0.23309455313114244,0.06963604877067325,0.0019136722182188516,0.0,0.0,0.0
1692310878.7267153,0.23339438104740168,0.0696823306476966,0.002234611714860281,0.0,0.0,0.0
1692310878.8403583,0.23342035772539627,0.06972355829110563,0.0024764430836223296,0.0,0.0,0.0
1692310878.9397278,0.23969478114411918,0.07007135881844924,0.0027030149035618665,0.0,0.0,0.0
1692310879.0344262,0.24312249614523385,0.07053357883835279,0.002881547394408306,0.0,0.0,0.0
1692310879.1384046,0.24483960772524527,0.07100613591009926,0.0030027065445416413,0.0,0.0,0.0
1692310879.2335503,0.24400560303932678,0.07135863782752712,0.0030893517507371766,0.0,0.0,0.0
1692310879.3389904,0.24352328153658945,0.07162741697145623,0.00317509994735845,0.0,0.0,0.0
1692310879.428844,0.24324283134871233,0.07183606551261934,0.003269880092164794,0.0,0.0,0.0
1692310879.5415506,0.24270843831274724,0.07198305062434576,0.0033490392555428406,0.0,0.0,0.0
1692310879.6460876,0.24140455909318964,0.07204211945228642,0.0033742069657810604,0.0,0.0,0.0
1692310879.7494433,0.24065919111017697,0.07205980270438021,0.0032582377147157655,0.0,0.0,0.0
1692310879.8421485,0.23855878365701416,0.07197520960827877,0.0029536726159120888,0.0,0.0,0.0
1692310879.931631,0.23795363034302408,0.07187589617991351,0.002609339907236077,0.0,0.0,0.0
1692310880.0479772,0.23654199156585562,0.07172317182185685,0.0022430249867339707,0.0,0.0,0.0
1692310880.1482313,0.23634596736445249,0.0715849514836204,0.0016874300706451626,0.0,0.0,0.0
1692310880.2528694,0.23525488447992304,0.07141491028214378,0.0012099776517690657,0.0,0.0,0.0
1692310880.338444,0.2345707101644844,0.07123732075326342,0.000729763185633616,0.0,0.0,0.0
1692310880.4411948,0.23404907748957027,0.0710640206577736,0.0003645001055002712,0.0,0.0,0.0
1692310880.544451,0.23409597565213416,0.07092096371324692,1.4116022767116803e-05,0.0,0.0,0.0
1692310880.6457083,0.23459738972480101,0.0708275106680896,-0.00025295293903699684,0.0,0.0,0.0
1692310880.7587361,0.2349158557211589,0.0707657995806961,-0.00046747401191303507,0.0,0.0,0.0
1692310880.8514128,0.23644807420369313,0.07079282431383405,-0.0005534036285971182,0.0,0.0,0.0
1692310880.9540873,0.23673578475992485,0.07083026932737457,-0.0005818781144650349,0.0,0.0,0.0
1692310881.062604,0.2356968102140026,0.07080997286783437,-0.0005196381669412704,0.0,0.0,0.0
1692310881.1198752,0.23605110207725427,0.07081037438766143,-0.00032485081591903113,0.0,0.0,0.0
1692310881.2210283,0.2355643786952841,0.07078540502808843,-8.803248628816662e-05,0.0,0.0,0.0
1692310881.3386245,0.23560125465960077,0.07076477647790172,0.00019668335868767745,0.0,0.0,0.0
1692310881.440478,0.23372248296364773,0.07065112389445873,0.000520441032532437,0.0,0.0,0.0
1692310881.5464473,0.2335959638027866,0.07054871725709927,0.0008332048431220734,0.0,0.0,0.0
1692310881.6222196,0.23384873524254607,0.0704767057689118,0.0010750786596534568,0.0,0.0,0.0
1692310881.7484877,0.2347450084674809,0.07046283137317677,0.0012380815535552518,0.0,0.0,0.0
1692310881.847182,0.23464012373954934,0.07044752219617718,0.001317607819864519,0.0,0.0,0.0
1692310881.9549153,0.2332717901408733,0.07036721432051699,0.0013387232846593482,0.0,0.0,0.0
1692310882.0263917,0.2327735818709751,0.07027612116673121,0.0013157217882773535,0.0,0.0,0.0
1692310882.1297529,0.23295086695690473,0.07020957108521697,0.0012685909040383147,0.0,0.0,0.0
1692310882.236472,0.23246089664557773,0.07012980949812112,0.001213428532902505,0.0,0.0,0.0
1692310882.3365822,0.23289847188723498,0.07008611650594597,0.001083768362479256,0.0,0.0,0.0
1692310882.4285793,0.2320105949238278,0.07000520619849712,0.0009804726128649285,0.0,0.0,0.0
1692310882.5308535,0.2314073607159049,0.06990784457881628,0.0008120245431286323,0.0,0.0,0.0
1692310882.641389,0.23923144928518048,0.07021859864436637,0.0006202724911796321,0.0,0.0,0.0
1692310882.7426324,0.24287261139357177,0.0706586634569304,0.00033563549365425347,0.0,0.0,0.0
1692310882.8450158,0.24313763496367502,0.07103753470273405,4.1472454993481285e-05,0.0,0.0,0.0
1692310882.9526703,0.2422087677409547,0.07130442004162267,-0.00029610168506540545,0.0,0.0,0.0
1692310883.04766,0.24090498626812767,0.071458700697784,-0.0006640894987960651,0.0,0.0,0.0
1692310883.1436875,0.2391013639149545,0.07149625581776234,-0.0009859621901811162,0.0,0.0,0.0
1692310883.2429264,0.23788216099454196,0.07146684350231483,-0.0012421825852726256,0.0,0.0,0.0
1692310883.3461807,0.2361971329911362,0.07136050599395,-0.0013735374520333062,0.0,0.0,0.0
1692310883.4386635,0.23686272672507955,0.07130511636107988,-0.0014888694274905103,0.0,0.0,0.0
1692310883.5385804,0.23643072868198584,0.07123869431458348,-0.0015341471134714844,0.0,0.0,0.0
1692310883.6404815,0.23579223737046093,0.07115284749016468,-0.0015046722961325788,0.0,0.0,0.0
1692310883.74306,0.2346472595445076,0.07102444196178963,-0.0014537615665028238,0.0,0.0,0.0
1692310883.8428466,0.2350516851810027,0.07093799427423267,-0.0013961145404543182,0.0,0.0,0.0
1692310883.9397151,0.23470981888973036,0.07084959357119137,-0.0012928695669345487,0.0,0.0,0.0
1692310884.0382137,0.23360212480230516,0.07072008697102716,-0.0012367541233648384,0.0,0.0,0.0
1692310884.1345646,0.23212940162160522,0.07053844341285438,-0.0011881217776350908,0.0,0.0,0.0
1692310884.2359998,0.23197740997844885,0.07037945461234386,-0.001152269487354115,0.0,0.0,0.0
1692310884.3344686,0.23174704463195575,0.07023456972119244,-0.0011776346034002838,0.0,0.0,0.0
1692310884.434976,0.23065879597042918,0.07005827133393286,-0.0012499530827411224,0.0,0.0,0.0
1692310884.532808,0.23118867765400974,0.06993633559490038,-0.0013731414379770947,0.0,0.0,0.0
1692310884.6338592,0.23158710211271388,0.0698554220489895,-0.0014507145735290915,0.0,0.0,0.0
1692310884.7349198,0.23162137230953264,0.0697903609176976,-0.0014908311290185868,0.0,0.0,0.0
1692310884.8249607,0.2304801189619612,0.06968098922534065,-0.0014239247907136886,0.0,0.0,0.0
1692310884.932074,0.2307464716168539,0.06960461680425721,-0.001153713267725178,0.0,0.0,0.0
1692310885.0298564,0.2308636841409205,0.06954359608338377,-0.000683922742707215,0.0,0.0,0.0
1692310885.1294975,0.2296639232888818,0.06942727064359508,-0.00012215556361348974,0.0,0.0,0.0
1692310885.2305784,0.22949217689078028,0.06931319723287505,0.0005283193725169353,0.0,0.0,0.0
1692310885.3288984,0.2301379731115549,0.06924885482242255,0.0011008818994941599,0.0,0.0,0.0
1692310885.422071,0.22973162893145663,0.06917030901681509,0.0016528021309054992,0.0,0.0,0.0
1692310885.5297718,0.23104099234779302,0.06916284552704202,0.0022257558000049276,0.0,0.0,0.0
1692310885.6145866,0.23159829736301402,0.06918943477583306,0.002634698034681012,0.0,0.0,0.0
1692310885.704937,0.23156246305096007,0.06921340834095972,0.002919612640879268,0.0,0.0,0.0
1692310885.8420231,0.23219420490347076,0.06927072644798632,0.0030602002160763876,0.0,0.0,0.0
1692310885.9477408,0.23262406853916662,0.06934495315825606,0.003078496056951733,0.0,0.0,0.0
1692310886.0513406,0.23350808846636822,0.06945769648326004,0.002919954381198282,0.0,0.0,0.0
1692310886.1483974,0.23355101398119615,0.06955874215936268,0.002532027474584523,0.0,0.0,0.0
1692310886.2334592,0.23392687411804475,0.06966215476136206,0.002127197014413294,0.0,0.0,0.0
1692310886.3250563,0.2344721305250113,0.06977537809842227,0.0016952312409070898,0.0,0.0,0.0
1692310886.4321694,0.23528210548074852,0.06990822499699283,0.0011793592019940778,0.0,0.0,0.0
1692310886.5272996,0.2363075901212631,0.07006984311932966,0.0007287077249203578,0.0,0.0,0.0
1692310886.642207,0.2366606339902559,0.07021625485017041,0.0001549205858542203,0.0,0.0,0.0
1692310886.7467442,0.23671230541971933,0.0703388608384978,-0.00037144859800839814,0.0,0.0,0.0
1692310886.852913,0.23746151826356907,0.07048006854734785,-0.0007727163532987702,0.0,0.0,0.0
1692310886.9520142,0.23750723377263955,0.07059951774575865,-0.001118853837424847,0.0,0.0,0.0
1692310887.0584888,0.23724741381572806,0.07068261283500975,-0.0014852147963422286,0.0,0.0,0.0
1692310887.1517882,0.23577356751268408,0.07068017298054602,-0.0017398268648427825,0.0,0.0,0.0
1692310887.215301,0.23543712620755647,0.07066184838204016,-0.0019381595429159323,0.0,0.0,0.0
1692310887.329999,0.23635054880227405,0.07069349479155224,-0.0020757480928226776,0.0,0.0,0.0
1692310887.428781,0.23655100271288304,0.07073178563668242,-0.002139286802690629,0.0,0.0,0.0
1692310887.5364966,0.23536272187784624,0.07070572648891306,-0.002142896626323055,0.0,0.0,0.0
1692310887.6404977,0.2346425168178141,0.07065041623455413,-0.002052538616422574,0.0,0.0,0.0
1692310887.7527704,0.23429599175710117,0.0705897770768745,-0.0017861954748978892,0.0,0.0,0.0
1692310887.8502007,0.23517572112051452,0.07058337257898348,-0.0014166639683019934,0.0,0.0,0.0
1692310887.9386408,0.23515506615725573,0.07057617667031735,-0.0010234306593432069,0.0,0.0,0.0
1692310888.042404,0.2421261653843264,0.07091614781643599,-0.000528498027913514,0.0,0.0,0.0
1692310888.1288903,0.24638731543296677,0.07141182647781111,-7.755736742756251e-05,0.0,0.0,0.0
1692310888.228953,0.24645849331910408,0.0718296315998628,0.00024928460196189717,0.0,0.0,0.0
1692310888.3376632,0.2481902406386466,0.07226674503333205,0.0004113858227401142,0.0,0.0,0.0
1692310888.4398494,0.24885483025791222,0.07266521450259993,0.0004661255181992774,0.0,0.0,0.0
1692310888.5449183,0.24917186085604387,0.07301362942142321,0.0003776969427678299,0.0,0.0,0.0
1692310888.639658,0.24859453510010276,0.07327459400484865,0.0002218514534616237,0.0,0.0,0.0
1692310888.746475,0.24796377282345486,0.07345904568702225,-1.9262562212942575e-05,0.0,0.0,0.0
1692310888.8513932,0.24746930233480421,0.07358634826505962,-0.00029985734155034313,0.0,0.0,0.0
1692310888.9324303,0.24690804894732568,0.07366159741082558,-0.0006325662768159159,0.0,0.0,0.0
1692310889.03701,0.2463002250206237,0.07369287293835805,-0.0009388997113378263,0.0,0.0,0.0
1692310889.140711,0.24589926236816786,0.07369893620153882,-0.0011907685908773592,0.0,0.0,0.0
1692310889.2330081,0.2459592381405245,0.07370812133962054,-0.0013650342523462836,0.0,0.0,0.0
1692310889.341926,0.24467087480159364,0.073652370145389,-0.0014694031286556562,0.0,0.0,0.0
1692310889.4328036,0.2445244511477255,0.07360064758242998,-0.0014690948387737104,0.0,0.0,0.0
1692310889.5378957,0.24338545188095273,0.07350207223993534,-0.00137010965024769,0.0,0.0,0.0
1692310889.6407542,0.24221338641406015,0.07336192934165593,-0.001208757935184135,0.0,0.0,0.0
1692310889.7464247,0.24122154132475,0.07319566699895395,-0.001028528931664416,0.0,0.0,0.0
1692310889.8321176,0.23891624269553258,0.07294167968961683,-0.0008380184083217046,0.0,0.0,0.0
1692310889.9415529,0.238464224672792,0.07270745850338765,-0.0006771390107441546,0.0,0.0,0.0
1692310890.0345984,0.23754095005618045,0.07246608647424067,-0.000538215001978697,0.0,0.0,0.0
1692310890.1328566,0.23809247499152977,0.07229267932481984,-0.00043893113989169495,0.0,0.0,0.0
1692310890.2399206,0.23722978384766347,0.07210499176570034,-0.0003886441430311559,0.0,0.0,0.0
1692310890.3325915,0.23692920258711803,0.0719336109469853,-0.0003261446842965759,0.0,0.0,0.0
1692310890.4249933,0.23548435386473587,0.07171845277925722,-0.0002553727205037202,0.0,0.0,0.0
1692310890.5205653,0.2341718035937143,0.07147302449464207,-0.0001095112680438465,0.0,0.0,0.0
1692310890.625806,0.23381323090476,0.07124964946871577,9.13463923997094e-05,0.0,0.0,0.0
1692310890.7252786,0.23264473078011252,0.07100498859987488,0.0002612260723893107,0.0,0.0,0.0
1692310890.8263252,0.23296566358523907,0.07081599800388412,0.00047036299295935254,0.0,0.0,0.0
1692310890.928134,0.23335785490866376,0.07067617995141583,0.0007259178742922271,0.0,0.0,0.0
1692310891.029336,0.23342268661802978,0.07056355832610944,0.0009171937877138571,0.0,0.0,0.0
1692310891.1224566,0.23234062912309633,0.0704124292418418,0.0011756505463924745,0.0,0.0,0.0
1692310891.229472,0.23183151274397737,0.07025801614785217,0.0014682644746044124,0.0,0.0,0.0
1692310891.3261976,0.23125670390772635,0.07010005409844182,0.0017239957225355484,0.0,0.0,0.0
1692310891.424903,0.2305795020053531,0.06992385766038581,0.002140891149511969,0.0,0.0,0.0
1692310891.5221214,0.23103910057807545,0.06980096948934414,0.002474680756126335,0.0,0.0,0.0
1692310891.624657,0.23185904725326503,0.06973664559640545,0.0028030620817704553,0.0,0.0,0.0
1692310891.7247608,0.23231787249254124,0.06970376797787012,0.0031122336017265786,0.0,0.0,0.0
1692310891.8266602,0.23259997278828357,0.0697000171355603,0.003212026779936717,0.0,0.0,0.0
1692310891.9253955,0.23289294138928454,0.06971504474165872,0.003226376673314928,0.0,0.0,0.0
1692310892.0233665,0.23379469597763755,0.06977694650245071,0.0031415257421674968,0.0,0.0,0.0
1692310892.1288414,0.2346327241555978,0.06987153818247886,0.003043887071366264,0.0,0.0,0.0
1692310892.2327275,0.234856778237781,0.06996427049913916,0.0028800954343974443,0.0,0.0,0.0
1692310892.3284318,0.23428622071975855,0.07001428766288474,0.002693389724284525,0.0,0.0,0.0
1692310892.4414544,0.2342293841437478,0.07005547601703402,0.0024194504368124864,0.0,0.0,0.0
1692310892.532494,0.23342227233749885,0.0700504643640909,0.002084307652583242,0.0,0.0,0.0
1692310892.6479006,0.2318658904822946,0.06996810185043713,0.0016379096514870712,0.0,0.0,0.0
1692310892.750043,0.23147465523314947,0.06987941093805611,0.0012200519648504619,0.0,0.0,0.0
1692310892.8578084,0.23056063199377236,0.06975600346892322,0.000689160223283414,0.0,0.0,0.0
1692310892.9614391,0.22992582140501666,0.06962121582647307,0.00024091422326359246,0.0,0.0,0.0
1692310893.048281,0.22900463436941673,0.06945750110287423,-0.0002807162206633272,0.0,0.0,0.0
1692310893.131185,0.22810768065476278,0.06926451921437263,-0.0009389614497172991,0.0,0.0,0.0
1692310893.2427495,0.22685565617583647,0.06904076545145289,-0.0014897371190618384,0.0,0.0,0.0
1692310893.340077,0.22603857311885941,0.0688092175996037,-0.0020118972576100994,0.0,0.0,0.0
1692310893.4256585,0.22532945820066005,0.06858355724070185,-0.0024043584641393577,0.0,0.0,0.0
1692310893.5456452,0.22627135497204623,0.06844117974228604,-0.0027570596682366345,0.0,0.0,0.0
1692310893.6467311,0.22638426654815472,0.06833133838154737,-0.0030029747609050567,0.0,0.0,0.0
1692310893.7450519,0.227088612417046,0.06827806938251224,-0.003160016787278589,0.0,0.0,0.0
1692310893.8441203,0.22589742116968983,0.06817945152382973,-0.003187792431662468,0.0,0.0,0.0
1692310893.94582,0.2383297514014618,0.06872189138167051,-0.003188658110878022,0.0,0.0,0.0
1692310894.0402403,0.24574157538059094,0.06954610873903916,-0.003173622998722348,0.0,0.0,0.0
1692310894.1422849,0.25050592467127336,0.07047638249608038,-0.0030275284826770197,0.0,0.0,0.0
1692310894.2425876,0.25154378618184126,0.07130546346231803,-0.002827571732678823,0.0,0.0,0.0
1692310894.3380756,0.2511072289965959,0.0719764142583658,-0.0025502134655018796,0.0,0.0,0.0
1692310894.4385207,0.24962505456344247,0.0724625029584,-0.0021647582418179057,0.0,0.0,0.0
1692310894.5351882,0.2489569873096071,0.07283339005736485,-0.0016788848564854243,0.0,0.0,0.0
1692310894.6403239,0.24811202030462282,0.07309712687685778,-0.0011035836389957443,0.0,0.0,0.0
1692310894.7332485,0.2454885082643684,0.07316667510585015,-0.00018055303275853012,0.0,0.0,0.0
1692310894.8442295,0.24624806300854196,0.07326215754124758,0.0005978314019262468,0.0,0.0,0.0
1692310894.9431806,0.24643408558185775,0.07335062620514786,0.001252868359813488,0.0,0.0,0.0
1692310895.0403514,0.24665460253879515,0.07342590102520051,0.0019401916568597282,0.0,0.0,0.0
1692310895.1400752,0.24671591667336246,0.07349627998624161,0.0024471365692179214,0.0,0.0,0.0
1692310895.238602,0.247371495539288,0.07359150294155486,0.0028127407601437776,0.0,0.0,0.0
1692310895.3369331,0.24773903081632426,0.07369900991278903,0.002941494189245272,0.0,0.0,0.0
1692310895.4384036,0.24853465478698508,0.07383441196845503,0.002908901558607525,0.0,0.0,0.0
1692310895.5404682,0.2614492835144502,0.07459786196455788,0.002778144513856504,0.0,0.0,0.0
1692310895.6376328,0.26616484272399554,0.07547365977914539,0.002494412137439807,0.0,0.0,0.0
1692310895.742884,0.2658545304659068,0.07618884908439166,0.0021017703959390188,0.0,0.0,0.0
1692310895.8419287,0.26495904845489693,0.07673971317566444,0.001715661950038827,0.0,0.0,0.0
1692310895.9401345,0.26335974527405,0.07711848283230849,0.001405337568879161,0.0,0.0,0.0
1692310896.0317862,0.2606151394651233,0.07729647067128888,0.0011367434558148962,0.0,0.0,0.0
1692310896.1333768,0.2569338398319214,0.0772603317902915,0.0009281581373929686,0.0,0.0,0.0
1692310896.2357495,0.25350893324535667,0.07705863923199746,0.0007924825982421689,0.0,0.0,0.0
1692310896.3345041,0.25144877339664634,0.0767866598797802,0.0007994341115768955,0.0,0.0,0.0
1692310896.435072,0.25101667987047666,0.07653804702215627,0.000837932236172274,0.0,0.0,0.0
1692310896.5374422,0.24676834850118962,0.07611233794509856,0.0011124682546816763,0.0,0.0,0.0
1692310896.6459103,0.24354299890854564,0.0755824478931021,0.001635983255048839,0.0,0.0,0.0
1692310896.7377076,0.2396063459557483,0.07494001683618118,0.0021283956105613705,0.0,0.0,0.0
1692310896.8376343,0.2363166970633935,0.07421705368018362,0.00283183974484438,0.0,0.0,0.0
1692310896.9394276,0.23389211986599803,0.07348095867662377,0.0035416655769028426,0.0,0.0,0.0
1692310897.0405984,0.2329500267842093,0.07280873287673903,0.004241911220618217,0.0,0.0,0.0
1692310897.1153975,0.23204239816372604,0.07220029651147933,0.004849297887298374,0.0,0.0,0.0
1692310897.237577,0.23199204866924408,0.07169731268379233,0.00529797241018096,0.0,0.0,0.0
1692310897.3417392,0.23308443252670832,0.07130506295927118,0.005910034483924945,0.0,0.0,0.0
1692310897.4484282,0.23397391489856106,0.07103728499608777,0.006306520644771838,0.0,0.0,0.0
1692310897.5486436,0.23516139802767405,0.07085679068845659,0.006776333982981513,0.0,0.0,0.0
1692310897.6506445,0.235646553627195,0.07074892635080894,0.00702248034384279,0.0,0.0,0.0
1692310897.7455816,0.23773209066424145,0.07075653831762872,0.007292387732483738,0.0,0.0,0.0
1692310897.8392642,0.23830467242923478,0.07079837841141783,0.0074619201954957545,0.0,0.0,0.0
1692310897.9404473,0.23869512316459307,0.07085266934832188,0.007605336264185827,0.0,0.0,0.0
1692310898.029467,0.23992533028901125,0.07096203337988068,0.0077067406945027506,0.0,0.0,0.0
1692310898.137817,0.24016326939743793,0.07107539869187525,0.007698565724592646,0.0,0.0,0.0
1692310898.240404,0.2383121311207327,0.0710831690058281,0.007628819985232042,0.0,0.0,0.0
1692310898.3403146,0.23746282558297974,0.07105168435785596,0.007522896488481206,0.0,0.0,0.0
1692310898.4388444,0.23688705813906458,0.07100131193726644,0.00738463790005435,0.0,0.0,0.0
1692310898.5213592,0.2356692485773063,0.07090568416853642,0.007186251991665503,0.0,0.0,0.0
1692310898.6407115,0.23505313913524029,0.0708000282776613,0.0069627984045275305,0.0,0.0,0.0
1692310898.752089,0.23370820867304765,0.07064968289307688,0.006711369891089204,0.0,0.0,0.0
1692310898.850752,0.2343619730653044,0.07056008561012447,0.006465389416399734,0.0,0.0,0.0
1692310898.9355602,0.2322912246314023,0.07038947934651349,0.0061459764391312115,0.0,0.0,0.0
1692310899.0057068,0.23113675456423968,0.07019075877371833,0.005858980070970318,0.0,0.0,0.0
1692310899.139561,0.22999490653000426,0.0699693104730467,0.005597645745505494,0.0,0.0,0.0
1692310899.2438045,0.2291591494109392,0.06974685606274991,0.005313508853087029,0.0,0.0,0.0
1692310899.315419,0.22731378500975963,0.06947297689306328,0.005002135777627351,0.0,0.0,0.0
1692310899.4046955,0.22580078003819604,0.06917338959050748,0.0046475163864873985,0.0,0.0,0.0
1692310899.5046172,0.22426123962672945,0.06885193283380071,0.004206162163115137,0.0,0.0,0.0
1692310899.6042962,0.22280775043739942,0.06851296755442796,0.003777630035032996,0.0,0.0,0.0
1692310899.7052546,0.22229944811426308,0.06820624064577227,0.003371303002147483,0.0,0.0,0.0
1692310899.8237808,0.22195628298887687,0.06793338846247786,0.0030402651139705933,0.0,0.0,0.0
1692310899.9305947,0.22083550826559473,0.06764922440868222,0.002796414341782827,0.0,0.0,0.0
1692310900.0379393,0.218255196834679,0.06728100313309754,0.002672577623744967,0.0,0.0,0.0
1692310900.1399386,0.2153584845324179,0.06682642057085758,0.002644646385837324,0.0,0.0,0.0
1692310900.230313,0.212194045288199,0.06628394179921408,0.0027363558662357604,0.0,0.0,0.0
1692310900.301053,0.20775195772286076,0.06558574775422658,0.003157984499006521,0.0,0.0,0.0
1692310900.4306505,0.20329024799436923,0.06478157730596534,0.003488452856119149,0.0,0.0,0.0
1692310900.530855,0.1988383721864376,0.06386772018597348,0.003971288975304302,0.0,0.0,0.0
1692310900.6348817,0.19423181059498604,0.06288068359945816,0.004314091368671077,0.0,0.0,0.0
1692310900.739546,0.1891399668414241,0.061782492626326964,0.004767819699556027,0.0,0.0,0.0
1692310900.8436685,0.1840274589357132,0.060583331581441774,0.0053342911122379304,0.0,0.0,0.0
1692310900.9285321,0.17879243761936722,0.059287542423768304,0.005997723050896791,0.0,0.0,0.0
1692310901.0242584,0.17375082218250312,0.05791838719159277,0.006723198135866834,0.0,0.0,0.0
1692310901.1454003,0.16842790768386678,0.05653250664867347,0.007193516957336035,0.0,0.0,0.0
1692310901.2436335,0.1633449106506892,0.05505386194931762,0.007882442182310155,0.0,0.0,0.0
1692310901.3359697,0.15874773037598328,0.053538862073580495,0.008636678089003839,0.0,0.0,0.0
1692310901.432495,0.1538606977446847,0.05207345496372684,0.009074622671074332,0.0,0.0,0.0
1692310901.535321,0.14906434671973587,0.05060827904456687,0.009425760465089897,0.0,0.0,0.0
1692310901.6283257,0.14440916684042876,0.04918407750583316,0.009572031304089726,0.0,0.0,0.0
1692310901.7337272,0.13981145202848616,0.04778007132635279,0.009614015908446917,0.0,0.0,0.0
1692310901.8260756,0.13601420154878036,0.04641367505866198,0.00965307760663652,0.0,0.0,0.0
1692310901.924355,0.13209809235279624,0.04510846639143563,0.00954105803916769,0.0,0.0,0.0
1692310902.0109339,0.12816653965559924,0.043850729872246086,0.009308114699490123,0.0,0.0,0.0
1692310902.0957778,0.12441027567746982,0.04263369305038754,0.009005083311589217,0.0,0.0,0.0
1692310902.230611,0.12034089312145091,0.041443729418862416,0.008590506650903726,0.0,0.0,0.0
1692310902.3343318,0.11769678917750923,0.04032180476652308,0.008223380674991218,0.0,0.0,0.0
1692310902.423759,0.11485196744578288,0.03925744066196418,0.007833762458079164,0.0,0.0,0.0
1692310902.5024755,0.11200097796341153,0.03823753779584087,0.00744085240631877,0.0,0.0,0.0
1692310902.6289663,0.1023543022019652,0.0369144487657654,0.007014417959641568,0.0,0.0,0.0
1692310902.7195137,0.0936373899821517,0.035385546335072966,0.006561988727587772,0.0,0.0,0.0
1692310902.806584,0.08579974366642505,0.03372705150248936,0.006104573661694967,0.0,0.0,0.0
1692310902.9303992,0.0787375190495813,0.031997407431218414,0.005659051500554275,0.0,0.0,0.0
1692310903.0313475,0.07242170936133463,0.030244614975944936,0.005234661898782304,0.0,0.0,0.0
1692310903.1307735,0.06648294212050362,0.028490124547690628,0.004838183473174623,0.0,0.0,0.0
1692310903.20315,0.0611289886520925,0.026762992279020275,0.004470698854920917,0.0,0.0,0.0
1692310903.295539,0.05624018779986877,0.02508107163499086,0.00413507508998553,0.0,0.0,0.0
1692310903.4320998,0.05180056366617943,0.023460320014904112,0.003820780714021747,0.0,0.0,0.0
1692310903.5295455,0.04769915241310981,0.021907128138662885,0.0035277882768040046,0.0,0.0,0.0
1692310903.6086156,0.043158837249093786,0.020386288160464942,0.0032639309552206976,0.0,0.0,0.0
1692310903.6968067,0.03888470569478082,0.018907735089155917,0.0030118998777776593,0.0,0.0,0.0
1692310903.8333378,0.03498668795596461,0.017483200799166678,0.0027714684310495867,0.0,0.0,0.0
1692310903.9162483,0.03150625735992878,0.016124347382291317,0.0025438395163771043,0.0,0.0,0.0
1692310903.9952128,0.028283305904330293,0.01483082246748108,0.0023426145719286696,0.0,0.0,0.0
1692310904.092556,0.025251159407816488,0.013603298896774342,0.002151085593018524,0.0,0.0,0.0
1692310904.2030716,0.022435985245119257,0.012441545085838154,0.001968994865065123,0.0,0.0,0.0
1692310904.3236778,0.01979342831990782,0.011341358166524242,0.001806801215899514,0.0,0.0,0.0
1692310904.4089277,0.017427891649718828,0.010307961166894511,0.0016524411825991744,0.0,0.0,0.0
1692310904.5158057,0.01523980476135948,0.009339227273237943,0.0015045587319175823,0.0,0.0,0.0
1692310904.6282861,0.013289877364696128,0.00843591704084527,0.0013652658650704628,0.0,0.0,0.0
1692310904.7229712,0.011493265124892526,0.007594677433727115,0.0012344129303192397,0.0,0.0,0.0
1692310904.807518,0.009885940852543358,0.006814615141695072,0.0011114581145621949,0.0,0.0,0.0
1692310904.9100704,0.00844452451202679,0.006093596403593366,0.0009971289556507043,0.0,0.0,0.0
1692310905.0260384,0.007124934685062159,0.005427711566098321,0.0008913933625794129,0.0,0.0,0.0
1692310905.099402,0.005927365211418105,0.004813876340083516,0.0007932790797406969,0.0,0.0,0.0
1692310905.2059803,0.004868326023868389,0.004250264181365099,0.000702540595338317,0.0,0.0,0.0
1692310905.309272,0.003908330187361295,0.0037333788607127882,0.0006187828338676822,0.0,0.0,0.0
1692310905.4109588,0.0030144826506144444,0.0032586262911116085,0.0005417250268228973,0.0,0.0,0.0
1692310905.510379,0.0022126099096615916,0.0028235691542952616,0.0004706991996620436,0.0,0.0,0.0
1692310905.608142,0.00152009562730696,0.002426995812776544,0.00040552557615346793,0.0,0.0,0.0
1692310905.7107844,0.0009186701353718956,0.0020669879392178373,0.00034593953213721745,0.0,0.0,0.0
1692310905.817489,0.0004095051523479761,0.0017419938817729342,0.00029179536215031497,0.0,0.0,0.0
1692310905.9056273,-5.145443793458832e-05,0.001448543950269237,0.0002426080782089018,0.0,0.0,0.0
1692310905.993881,-0.0008553386194441796,0.0011645677123116962,0.00019393780829522425,0.0,0.0,0.0
1692310906.1089613,-0.0015332616483324083,0.0008946733241535428,0.0001469264397039715,0.0,0.0,0.0
1692310906.205018,-0.0020979715313963216,0.0006420770217412592,0.00010237850031393332,0.0,0.0,0.0
1692310906.3322632,-0.002568374863988589,0.0004085280310571946,6.0783841324324326e-05,0.0,0.0,0.0
1692310906.3974686,-0.0029602208400379567,0.00019470914546864223,2.2398788377196338e-05,0.0,0.0,0.0
1692310906.4984627,-0.0032866285380870803,5.44432024364986e-07,-1.2691079506253666e-05,0.0,0.0,0.0
1692310906.609459,-0.0035585261505619815,-0.00017456773176102638,-4.4514163258386886e-05,0.0,0.0,0.0
1692310906.696472,-0.003785016861753565,-0.0003315760507992007,-7.318184901747109e-05,0.0,0.0,0.0
1692310906.798035,-0.0039736836241761634,-0.00047164280375126767,-9.886414734697821e-05,0.0,0.0,0.0
1692310906.8988192,-0.004130843037274207,-0.0005960478999940805,-0.00012175747176970688,0.0,0.0,0.0
1692310906.9936037,-0.004261756828384839,-0.000706116186414743,-0.000142076182494,0.0,0.0,0.0
1692310907.0962446,-0.004370808016380005,-0.000803166850856382,-0.00016004055763256867,0.0,0.0,0.0
1692310907.1958003,-0.004461647655980016,-0.000888477601924522,-0.00017587276563134162,0.0,0.0,0.0
1692310907.2936568,-0.004537317075766788,-0.0009632616702986324,-0.00018979040902510243,0.0,0.0,0.0
1692310907.394384,-0.004600349702449187,-0.0010286578462256912,-0.00020198053089017605,0.0,0.0,0.0
1692310907.493521,-0.0046528558804756065,-0.0010857166256543988,-0.0002126289174049309,0.0,0.0,0.0
1692310907.6074162,-0.004696593526771633,-0.0011353970859903618,-0.0002219197112129442,0.0,0.0,0.0
1692310907.6977358,-0.004733026986136196,-0.0011785713920388022,-0.00023001391968509628,0.0,0.0,0.0
1692310907.8072941,-0.004763376057786904,-0.0012160292423989843,-0.00023704084469397193,0.0,0.0,0.0
1692310907.8980663,-0.004788656834471954,-0.0012484729684134194,-0.00024314604959838507,0.0,0.0,0.0
1692310907.9922302,-0.004809715721450581,-0.0012765368902386608,-0.00024841942944286744,0.0,0.0,0.0
1692310908.1100013,-0.004827257774303768,-0.0013007765363136422,-0.0002529814504060871,0.0,0.0,0.0
1692310908.218292,-0.004841870304330502,-0.0013216863583443489,-0.00025692357367971673,0.0,0.0,0.0
1692310908.294146,-0.004845755036151966,-0.0013392931372907609,-0.0002602555925194539,0.0,0.0,0.0
1692310908.3944201,-0.004848991017759255,-0.0013541204710614259,-0.0002630531144157556,0.0,0.0,0.0
1692310908.5189104,-0.004851686590438136,-0.001366600431919622,-0.00026542867670586485,0.0,0.0,0.0
1692310908.6226537,-0.004853932002479597,-0.001377109833226403,-0.0002674126693695446,0.0,0.0,0.0
1692310908.7248738,-0.0048558024307102,-0.0013859568977187561,-0.00026907936765076506,0.0,0.0,0.0
1692310908.8242848,-0.004857360497426265,-0.0013934018834455876,-0.00027048903451034126,0.0,0.0,0.0
1692310908.904057,-0.0048545145439387516,-0.0013994584049348575,-0.000271662820731298,0.0,0.0,0.0
1692310908.9962068,-0.004847999994859799,-0.001404181157514571,-0.00027258833980049963,0.0,0.0,0.0
1692310909.1218019,-0.004846717245300857,-0.001408052442350359,-0.00027334540223414923,0.0,0.0,0.0
1692310909.2070186,-0.004845648714918287,-0.0014112239093161108,-0.0002739697528945528,0.0,0.0,0.0
1692310909.3068247,-0.004840614759285809,-0.0014136204686977143,-0.00027442989373879204,0.0,0.0,0.0
1692310909.4308188,-0.004836421474243926,-0.0014154092123263267,-0.00027478014471634684,0.0,0.0,0.0
1692310909.5218074,-0.004828784551255148,-0.0014165173393308045,-0.0002750314199493641,0.0,0.0,0.0
1692310909.6188748,-0.004423071786656422,-0.0013980036594178251,-0.0002686137440064335,0.0,0.0,0.0
1692310909.6966732,-0.0040851130537456,-0.0013659229199658814,-0.00026024018693999773,0.0,0.0,0.0
1692310909.7952247,-0.0037913151852550673,-0.001324712161801807,-0.0002506631249238597,0.0,0.0,0.0
1692310909.8932471,-0.0035261290818164536,-0.0012772683620918199,-0.00024054902421827143,0.0,0.0,0.0
1692310910.0313175,-0.003288880908125109,-0.0012260212824304598,-0.00023017219693822065,0.0,0.0,0.0
1692310910.110277,-0.003074892220783814,-0.0011727626741812561,-0.00021972906134544692,0.0,0.0,0.0
1692310910.1993177,-0.0028925522619868424,-0.00111941501129498,-0.0002093704649292793,0.0,0.0,0.0
1692310910.3123174,-0.0027324881532612465,-0.0010670731391020224,-0.00019937941016375118,0.0,0.0,0.0
1692310910.4075532,-0.002582780346325411,-0.0010160706299573554,-0.00018983487951654577,0.0,0.0,0.0
1692310910.4967384,-0.0024498742598789776,-0.0009670337788470586,-0.0001806957758001002,0.0,0.0,0.0
1692310910.6008532,-0.0023391634898690897,-0.0009207327911233225,-0.000172069717792078,0.0,0.0,0.0
1692310910.7106524,-0.0022346417945773886,-0.0008770206741183845,-0.00016390071101320626,0.0,0.0,0.0
1692310910.807651,-0.002139375207595648,-0.0008359124267532189,-0.00015624279458229795,0.0,0.0,0.0
1692310910.924857,-0.0020518451032315917,-0.0007973512310919088,-0.00014909764912379643,0.0,0.0,0.0
1692310911.0058606,-0.0019748475578373397,-0.0007614365361241673,-0.00014244397214762633,0.0,0.0,0.0
1692310911.0930898,-0.0019066235812027332,-0.0007281609572552131,-0.00013626707934791238,0.0,0.0,0.0
1692310911.2119834,-0.0018457079345186513,-0.0006974429615435614,-0.0001305584308180861,0.0,0.0,0.0
1692310911.2960944,-0.0017908800738927501,-0.0006691557789272606,-0.00012529298653282813,0.0,0.0,0.0
1692310911.4259303,-0.0017452084659913744,-0.0006433436982391144,-0.00012048466403873786,0.0,0.0,0.0
1692310911.4923081,-0.0017071640166095563,-0.0006199687433632247,-0.00011612866343386902,0.0,0.0,0.0
1692310911.6258128,-0.0016754729902744461,-0.0005989369452799631,-0.00011220716661677378,0.0,0.0,0.0
1692310911.7048304,-0.0016490743653373458,-0.0005801177900165168,-0.00010869548712152042,0.0,0.0,0.0
1692310911.8083732,-0.001627084310764732,-0.0005633580028369542,-0.00010557042035520509,0.0,0.0,0.0
1692310911.923058,-0.0016087665953057261,-0.0005484945508244419,-0.00010280104832460809,0.0,0.0,0.0
1692310912.0039365,-0.001593507938328365,-0.0005353638273445874,-0.00010034316338550516,0.0,0.0,0.0
1692310912.0971093,-0.00158079747706626,-0.000523799294972001,-9.818240489110688e-05,0.0,0.0,0.0
1692310912.2180235,-0.0015702096628349268,-0.000513645198988484,-9.628194508831698e-05,0.0,0.0,0.0
1692310912.3228726,-0.001561390013580189,-0.0005047520817854538,-9.46198795351646e-05,0.0,0.0,0.0
1692310912.417167,-0.0015540432457509647,-0.0004969823678565554,-9.316743271518958e-05,0.0,0.0,0.0
1692310912.5196056,-0.0015479233881492672,-0.0004902085089906248,-9.190282062929048e-05,0.0,0.0,0.0
1692310912.6153328,-0.0015428255467670438,-0.0004843150939382035,-9.080106858275022e-05,0.0,0.0,0.0
1692310912.7105894,-0.0015385790448956612,-0.0004791966556594649,-8.984472962932319e-05,0.0,0.0,0.0
1692310912.8198395,-0.001535041708836753,-0.0004747589834607375,-8.901452220819328e-05,0.0,0.0,0.0
1692310912.9204576,-0.001532095107899729,-0.00047091755068623463,-8.82944505328994e-05,0.0,0.0,0.0
1692310913.019829,-0.0015296405893191973,-0.0004675969401810371,-8.767107178641997e-05,0.0,0.0,0.0
1692310913.0971012,-0.0015275959753416235,-0.00046472993149131213,-8.71343035461759e-05,0.0,0.0,0.0
1692310913.2233672,-0.0015258928118983231,-0.0004622578094771156,-8.667164668212573e-05,0.0,0.0,0.0
1692310913.2922542,-0.0015244740767500168,-0.0004601288045503404,-8.627244029855771e-05,0.0,0.0,0.0
1692310913.3953083,-0.0015232922703714961,-0.00045829726018684156,-8.592839722536472e-05,0.0,0.0,0.0
1692310913.4967754,-0.0015223078256581236,-0.0004567230468699125,-8.563304512611816e-05,0.0,0.0,0.0
1692310913.6062837,-0.0015214877832119954,-0.00045537149751017405,-8.537864128464085e-05,0.0,0.0,0.0
1692310913.7090724,-0.0015208046878542965,-0.0004542118526182216,-8.516130863396136e-05,0.0,0.0,0.0
1692310913.8009179,-0.0015202356694213796,-0.0004532179860431454,-8.497428526990328e-05,0.0,0.0,0.0
1692310913.893102,-0.0015197616770667507,-0.0004523671723030637,-8.481189199405975e-05,0.0,0.0,0.0
1692310914.020797,-0.001519366841435354,-0.00045163858447408076,-8.467520013204586e-05,0.0,0.0,0.0
1692310914.1117258,-0.001519037943354373,-0.0004510159733461951,-8.455564211883108e-05,0.0,0.0,0.0
1692310914.220286,-0.0015187639712529062,-0.0004504832487664385,-8.445671383834082e-05,0.0,0.0,0.0
1692310914.3202014,-0.0015185357524923936,-0.000450028284281182,-8.437202338388295e-05,0.0,0.0,0.0
1692310914.416666,-0.0015183456462648588,-0.0004496407432494252,-8.42954236599326e-05,0.0,0.0,0.0
1692310914.494204,-0.0015181872877773595,-0.00044930947527840285,-8.423361309569948e-05,0.0,0.0,0.0
1692310914.591665,-0.0015180553751573097,-0.000449027364300152,-8.417914199589221e-05,0.0,0.0,0.0
1692310914.692909,-0.0015179454919447247,-0.0004487866375694012,-8.413444630845668e-05,0.0,0.0,0.0
1692310914.7967393,-0.0015178539592286878,-0.00044858239004993744,-8.409218134684297e-05,0.0,0.0,0.0
1692310914.896743,-0.001517777712476192,-0.00044840681687198687,-8.406523407415083e-05,0.0,0.0,0.0
1692310915.000382,-0.0015177141989313352,-0.0004482581083807348,-8.403861961298495e-05,0.0,0.0,0.0
1692310915.1168365,-0.0015176612921485807,-0.0004481317794291604,-8.401515881890932e-05,0.0,0.0,0.0
1692310915.2012,-0.0015176172207984815,-0.00044802451047587304,-8.399449847511026e-05,0.0,0.0,0.0
1692310915.29564,-0.001517580509363858,-0.00044793343145265173,-8.397650268548807e-05,0.0,0.0,0.0
1692310915.4257798,-0.001517549928738798,-0.0004478557828728298,-8.39626908683318e-05,0.0,0.0,0.0
1692310915.5008297,-0.001517524455078086,-0.0004477894498307289,-8.395306991593376e-05,0.0,0.0,0.0
1692310915.6200671,-0.0015175032355187778,-0.0004477337272796438,-8.394177822721513e-05,0.0,0.0,0.0
1692310915.690958,-0.0015174855596258832,-0.0004476868081401032,-8.393024520303159e-05,0.0,0.0,0.0
1692310915.805062,-0.0015174708356070928,-0.0004476460169368966,-8.392574288994857e-05,0.0,0.0,0.0
1692310915.921364,-0.0015174585704994126,-0.00044761203555990345,-8.391867032638334e-05,0.0,0.0,0.0
1692310915.9966013,-0.0015174483536646967,-0.00044758339283700906,-8.391179447046042e-05,0.0,0.0,0.0
1692310916.120382,-0.001517439843041415,-0.00044755889367570443,-8.390716553504071e-05,0.0,0.0,0.0
1692310916.1969795,-0.0015174327536922215,-0.0004475382070527253,-8.39028693449405e-05,0.0,0.0,0.0
1692310916.318208,-0.0015174268482643434,-0.0004475205504374518,-8.389995012386014e-05,0.0,0.0,0.0
1692310916.4045455,-0.0015174219290429302,-0.000447505597168717,-8.3897489403406e-05,0.0,0.0,0.0
1692310916.5211506,-0.0015174178313314929,-0.0004474931196694015,-8.389443978196984e-05,0.0,0.0,0.0
1692310916.5955033,-0.001517414417937838,-0.00044748243065492656,-8.389254629834413e-05,0.0,0.0,0.0
1692310916.7193224,-0.0015174115745809976,-0.00044747334327500704,-8.389117436516255e-05,0.0,0.0,0.0
1692310916.817083,-0.001517409206064666,-0.000447465720445808,-8.388967049963351e-05,0.0,0.0,0.0
1692310916.9062707,-0.0015174072330906545,-0.00044745921964694835,-8.388868668526165e-05,0.0,0.0,0.0
1692310917.0116181,-0.001517405589603229,-0.0004474538170716956,-8.388735316656628e-05,0.0,0.0,0.0
1692310917.1132946,-0.0015174042205782405,-0.0004474494535520199,-8.388514023380505e-05,0.0,0.0,0.0
1692310917.2183828,-0.0015174030801803787,-0.00044744556579838604,-8.388433605099706e-05,0.0,0.0,0.0
1692310917.302984,-0.0015174021302289784,-0.0004474424002395618,-8.388301879631857e-05,0.0,0.0,0.0
1692310917.4090033,-0.0015174013389194618,-0.0004474405353880975,-8.387758723346465e-05,0.0,0.0,0.0
1692310917.4952006,-0.0015174006797586347,-0.0004474380210725111,-8.387800993856637e-05,0.0,0.0,0.0
1692310917.6122012,-0.001517400130677684,-0.0004474360066102672,-8.387778621862826e-05,0.0,0.0,0.0
1692310917.7140913,-0.0015173996732931968,-0.00044743415935013153,-8.387837811064598e-05,0.0,0.0,0.0
1692310917.807236,-0.0015173992922919374,-0.00044743269533740234,-8.38783688122744e-05,0.0,0.0,0.0
1692310917.8922155,-0.001517398974917916,-0.00044743131349324057,-8.387914060896942e-05,0.0,0.0,0.0
1692310918.000464,-0.0015173987105453655,-0.00044743005587734145,-8.388027990091961e-05,0.0,0.0,0.0
1692310918.0955596,-0.001517398490322994,-0.00044742926089906993,-8.3879821604747e-05,0.0,0.0,0.0
1692310918.2180789,-0.001517398306877814,-0.0004474286434736596,-8.387915103198026e-05,0.0,0.0,0.0
1692310918.29798,-0.001517398154067942,-0.00044742796453379596,-8.387942903860125e-05,0.0,0.0,0.0
1692310918.3928585,-0.0015173980267773094,-0.000447427756342323,-8.387771966425863e-05,0.0,0.0,0.0
1692310918.5038838,-0.0015173979207442308,-0.0004474273509943888,-8.387750414209136e-05,0.0,0.0,0.0
1692310918.5971947,-0.0015173978324187045,-0.0004474270524041398,-8.387709221019422e-05,0.0,0.0,0.0
1692310918.7199628,-0.0015173977588435223,-0.0004474267431559213,-8.387705191495992e-05,0.0,0.0,0.0
1692310918.8058372,-0.0015173976975553863,-0.00044742663962656326,-8.387617977777067e-05,0.0,0.0,0.0
1692310918.9040549,-0.001517397646502406,-0.0004474266212532755,-8.387507735559499e-05,0.0,0.0,0.0
1692310919.0117505,-0.0015173976039752363,-0.0004474267474492427,-8.387339257433658e-05,0.0,0.0,0.0
1692310919.1083398,-0.0015173975685501132,-0.0004474268036914119,-8.387224028991316e-05,0.0,0.0,0.0
1692310919.2076063,-0.001517397539040967,-0.0004474265453241791,-8.387290064538989e-05,0.0,0.0,0.0
1692310919.3034773,-0.0015173975144598113,-0.00044742637603394715,-8.38731990302854e-05,0.0,0.0,0.0
1692310919.397075,-0.001517397493983755,-0.0004474266208548286,-8.387138361661326e-05,0.0,0.0,0.0
1692310919.512302,-0.0015173974769272186,-0.0004474265029908418,-8.387158351760202e-05,0.0,0.0,0.0
1692310919.5942247,-0.0015173974627190774,-0.00044742615119468493,-8.387309903914693e-05,0.0,0.0,0.0
1692310919.700204,-0.0015173974508837422,-0.0004474268622834135,-8.386900107392809e-05,0.0,0.0,0.0
1692310919.820076,-0.001517397441024871,-0.00044742672327021754,-8.386948683586152e-05,0.0,0.0,0.0
1692310919.9183006,-0.0015173974328124402,-0.0004474264462489129,-8.387074928276251e-05,0.0,0.0,0.0
1692310920.0130153,-0.0015173974259715041,-0.0004474262689777278,-8.387151371937715e-05,0.0,0.0,0.0
1692310920.115272,-0.0015173974202730227,-0.0004474261075447888,-8.387222237912726e-05,0.0,0.0,0.0
1692310920.1958818,-0.001517397415526151,-0.00044742585607845996,-8.387343547131903e-05,0.0,0.0,0.0
1692310920.3129637,-0.0015173974115720158,-0.00044742593002009527,-8.387293305343558e-05,0.0,0.0,0.0
1692310920.4204307,-0.0015173974082781842,-0.00044742582087608373,-8.387342445140233e-05,0.0,0.0,0.0
1692310920.5202365,-0.0015173974055344504,-0.00044742570657927924,-8.387395775612086e-05,0.0,0.0,0.0
1692310920.6192732,-0.0015173974032488828,-0.00044742564195491413,-8.387423822685159e-05,0.0,0.0,0.0
1692310920.714693,-0.0015173974013450238,-0.0004474256314425857,-8.387424025479864e-05,0.0,0.0,0.0
1692310920.8129818,-0.0015173973997590906,-0.000447425294917648,-8.38759898729492e-05,0.0,0.0,0.0
1692310920.9077437,-0.0015173973984380085,-0.000447425124491504,-8.387686075390925e-05,0.0,0.0,0.0
