Time,linear.x,linear.y,linear.z,angular.x,angular.y,angular.z
1692309239.0601737,0.0003808701254535852,4.4706755892212786e-06,2.075056284844648e-07,-2.55832458596663e-05,0.0,0.0
1692309239.1640835,0.0003779082338473521,9.496845313702044e-06,4.408990686580601e-07,-2.208149075740841e-05,0.0,0.0
1692309239.26013,0.0003754409790264224,1.431549179528289e-05,6.647186092931239e-07,-1.7923792634262016e-05,0.0,0.0
1692309239.3587198,0.0003733857552326037,1.9045065339034698e-05,8.843542589143605e-07,-1.3325626208851634e-05,0.0,0.0
1692309239.45698,0.0003716737553330445,2.3758148597630632e-05,1.1033519572653381e-06,-8.432970744142481e-06,0.0,0.0
1692309239.554421,0.0003744700069739613,2.9191130816141538e-05,1.3557441033770294e-06,1.8116769962742938e-07,0.0,0.0
1692309239.6550868,0.0003767992853720121,3.50585020724971e-05,1.6282128272486804e-06,7.874526059682252e-06,0.0,0.0
1692309239.75401,0.0003745172210395256,4.048039080683005e-05,1.87995293110022e-06,1.142008378767936e-05,0.0,0.0
1692309239.8548098,0.0003726162608274755,4.564599013403501e-05,2.119733493790583e-06,1.559662053101396e-05,0.0,0.0
1692309239.9552422,0.0003752551135651481,5.1370825668369224e-05,2.3854140843868627e-06,2.372426332281786e-05,0.0,0.0
1692309240.056525,0.0003774532784658215,5.742298903319324e-05,2.666213142394423e-06,3.108767210893913e-05,0.0,0.0
1692309240.1573007,0.0003750619935380681,6.295881995163283e-05,2.923002865694218e-06,3.4409886912924723e-05,0.0,0.0
1692309240.2531128,0.00037307005155659485,6.819190304921445e-05,3.1654974816274304e-06,3.8435581365275074e-05,0.0,0.0
1692309240.3518841,0.0003756331210949574,7.395409953833313e-05,3.4326707300091104e-06,4.646160740922994e-05,0.0,0.0
1692309240.4512522,0.0003735458022159991,7.933058965166819e-05,3.6822502625823268e-06,5.02310725446121e-05,0.0,0.0
1692309240.5538375,0.00037602942084532446,8.518127619548765e-05,3.953666371459348e-06,5.808331803424673e-05,0.0,0.0
1692309240.6497858,0.00037809827516356175,9.130401541413249e-05,4.237784047541292e-06,6.526080098772651e-05,0.0,0.0
1692309240.7509236,0.00037559927571329893,9.68750459706826e-05,4.4962699240446905e-06,6.845777052726021e-05,0.0,0.0
1692309240.8539577,0.00037351760917122076,0.00010212114767172573,4.7397020348835275e-06,7.239927571813487e-05,0.0,0.0
1692309240.956407,0.0003760059353105405,0.00010788289896460773,5.007001064210002e-06,8.03688011381365e-05,0.0,0.0
1692309241.0489638,0.0003780787109845846,0.00011394496260440343,5.2882256954333516e-06,8.762604283925312e-05,0.0,0.0
1692309241.1528783,0.0003755829762497601,0.00011947455318285211,5.544612821235807e-06,9.087705810788155e-05,0.0,0.0
1692309241.2538824,0.00037772638638269753,0.00012538608224781797,5.818941178786217e-06,9.838065616334861e-05,0.0,0.0
1692309241.3507574,0.00037951184660102113,0.00013151341721877687,6.103415955462238e-06,0.00010532440616238989,0.0,0.0
1692309241.4534578,0.00038099913496286616,0.00013775013374982931,6.392740144684361e-06,0.00011189086938953337,0.0,0.0
1692309241.5550387,0.00038223804616829236,0.0001440294677257626,6.684029101940536e-06,0.00011820392189902986,0.0,0.0
1692309241.6518555,0.0003832700592024031,0.00015031082258890835,6.975848440822671e-06,0.00012434744186729134,0.0,0.0
1692309241.7479744,0.0003799073725358102,0.00015587691146151265,7.234751680255863e-06,0.00012685241234595406,0.0,0.0
1692309241.8521278,0.00038132860846770185,0.0001617177905945637,7.505939921098996e-06,0.0001338584257238363,0.0,0.0
1692309241.9514806,0.0003825124980200391,0.00016771614706182172,7.784416932976818e-06,0.00014047200113518035,0.0,0.0
1692309242.0541651,0.00037927632435597394,0.00017310271743489124,8.034831961375674e-06,0.00014329500337999611,0.0,0.0
1692309242.1525683,0.0003808029450278187,0.0001788324660878298,8.300803394503183e-06,0.0001505154670094892,0.0,0.0
1692309242.2552788,0.00037785226883594084,0.0001840706296111637,8.544484340335067e-06,0.00015374734044705982,0.0,0.0
1692309242.3514223,0.00037961670805682746,0.00018972847752401025,8.807282336273486e-06,0.00016124218810828036,0.0,0.0
1692309242.4531498,0.00038108648592781675,0.0001956360990701567,9.081729202142779e-06,0.0001681829454823652,0.0,0.0
1692309242.554504,0.0003823108108943508,0.0002016832037468559,9.362029783943398e-06,0.0001747492450258467,0.0,0.0
1692309242.6489732,0.00038333067359148297,0.0002077992609778481,9.645427388597183e-06,0.0001810631685249994,0.0,0.0
1692309242.7505472,0.00038418021921816627,0.00021394020865720304,9.929885779655263e-06,0.00018720753505523818,0.0,0.0
1692309242.8310611,0.000384887890725212,0.00022007941455767197,1.0214036425448699e-05,0.000193238412724494,0.0,0.0
1692309242.9509366,0.00038125502171702173,0.00022550777253676552,1.0465296635640748e-05,0.0001956679930697437,0.0,0.0
1692309243.0505197,0.00038245120080563,0.000231219813023164,1.0729571385856225e-05,0.00020262322015282818,0.0,0.0
1692309243.152872,0.0003792252597319531,0.00023640654823044925,1.096983692092348e-05,0.00020567643837757042,0.0,0.0
1692309243.2536054,0.00038076041037053037,0.00024199574433190335,1.1228625086587978e-05,0.00021305095919489967,0.0,0.0
1692309243.350001,0.00038203918895239326,0.0002478278347853727,1.1499321541946206e-05,0.00021991052552334687,0.0,0.0
1692309243.448668,0.00038310441151107575,0.00025379881461285207,1.1776823461142096e-05,0.00022642177930241885,0.0,0.0
1692309243.5523248,0.0003839917419024676,0.0002598418984131819,1.2056565276920536e-05,0.0002326980225054247,0.0,0.0
1692309243.6550536,0.00038473088829788773,0.0002659149220476788,1.233769350834069e-05,0.00023881617820807765,0.0,0.0
1692309243.7443645,0.0003853465972452542,0.0002719921072253091,1.2619219699812116e-05,0.00024482835196233167,0.0,0.0
1692309243.8413174,0.0003858594815844565,0.000278058352378031,1.2901010050264353e-05,0.0002507697564127399,0.0,0.0
1692309243.9382737,0.0003862867139011444,0.0002841055514366923,1.3181301684592538e-05,0.00025666411622585975,0.0,0.0
1692309244.0299919,0.0003824202399440526,0.0002894360617910232,1.3428659028381569e-05,0.0002590017011484104,0.0,0.0
1692309244.1383243,0.000383421825329476,0.00029505132084177795,1.3689193675142073e-05,0.00026589461659233456,0.0,0.0
1692309244.2392144,0.00038003378735185933,0.0003001462713206975,1.3925757158757153e-05,0.00026890519739463064,0.0,0.0
1692309244.3624954,0.00037721155244502534,0.0003049568372785342,1.4149551298965222e-05,0.00027272435687962943,0.0,0.0
1692309244.4632962,0.00037908298792483383,0.00031032684163150893,1.439873004802931e-05,0.0002806127858412793,0.0,0.0
1692309244.555635,0.00037641953469566244,0.0003153467509883132,1.4631432839642174e-05,0.0002842893892830376,0.0,0.0
1692309244.6609561,0.00037842323674924886,0.0003208776402048706,1.488861017594578e-05,0.00029207739800285524,0.0,0.0
1692309244.7561462,0.00038009232055985856,0.0003267162737362196,1.5159814798338424e-05,0.00029920859357263015,0.0,0.0
1692309244.865314,0.0003814826673740964,0.000332730219538189,1.5439262402390848e-05,0.000305895904055973,0.0,0.0
1692309244.943935,0.0003826408265448242,0.000338834501091609,1.5722650938672755e-05,0.00031228406001947503,0.0,0.0
1692309245.0368855,0.0003836055731340311,0.0003449756595939297,1.6007797206402456e-05,0.0003184712747158241,0.0,0.0
1692309245.1568716,0.0003844092070428497,0.0003511210828823114,1.62930833037872e-05,0.00032452405352310346,0.0,0.0
1692309245.2577171,0.00038507863408890493,0.0003572517523798464,1.6577968118964448e-05,0.00033048731857535823,0.0,0.0
1692309245.3373866,0.00038141391086475015,0.0003626635594876174,1.6831414605943282e-05,0.0003328656479183772,0.0,0.0
1692309245.4322312,0.00038258354961726655,0.0003683545352458052,1.7095505674161576e-05,0.0003397807661983461,0.0,0.0
1692309245.561237,0.00038355785862415374,0.00037421156956313884,1.736736448764651e-05,0.00034632716976578347,0.0,0.0
1692309245.6612194,0.00038436945705574613,0.00038016124353317985,1.7644237500653102e-05,0.0003526242941996057,0.0,0.0
1692309245.7604806,0.0003850455185492534,0.000386156723748985,1.7922243398942435e-05,0.0003587533061202466,0.0,0.0
1692309245.8616629,0.00038560867777336343,0.00039216861274796763,1.8201623075259424e-05,0.00036476928636735174,0.0,0.0
1692309245.959774,0.00038607779097997723,0.000398179265328909,1.8479618198094804e-05,0.00037070951634259665,0.0,0.0
1692309246.0595675,0.0003822462031803169,0.0004034847212686164,1.872295126075338e-05,0.0003730735161566397,0.0,0.0
1692309246.1602802,0.00038327685090026116,0.00040908191810436445,1.8983178626801933e-05,0.00037997971416212713,0.0,0.0
1692309246.2605681,0.0003799130248879329,0.00041416316904508175,1.9219438920534267e-05,0.00038299470300241415,0.0,0.0
1692309246.3589556,0.00038133331330874644,0.0004196564871191636,1.9472857433260063e-05,0.00039033797850563366,0.0,0.0
1692309246.460552,0.00038251641356328405,0.00042540184332697867,1.9738941955357562e-05,0.0003971707773269125,0.0,0.0
1692309246.560483,0.00038350193607532317,0.00043129458623222214,2.001223747832605e-05,0.0004036580713483991,0.0,0.0
1692309246.659729,0.000384322876327861,0.00043726706518082306,2.0289579141394816e-05,0.00040991207848311477,0.0,0.0
1692309246.7561457,0.0003850067195581972,0.0004432763542696265,2.0568406720290978e-05,0.00041600901239182775,0.0,0.0
1692309246.8591185,0.00038557636096906724,0.00044929586205532247,2.084758548921841e-05,0.0004220005420208581,0.0,0.0
1692309246.9449625,0.00038605087226431273,0.00045530967958777265,2.1127866354722425e-05,0.0004279216128397901,0.0,0.0
1692309247.0594847,0.0003864461405849398,0.00046130905742083645,2.140629606565918e-05,0.0004337957816847005,0.0,0.0
1692309247.1588953,0.0003867753990960128,0.0004672894869930789,2.1684772739274303e-05,0.00043963890058443966,0.0,0.0
1692309247.2591891,0.0003870496714357459,0.00047324937987008083,2.1962297244780057e-05,0.0004454615629877687,0.0,0.0
1692309247.3620842,0.0003872781406958722,0.0004791888093106545,2.223833835401432e-05,0.0004512708278128344,0.0,0.0
1692309247.4533603,0.00038324610355368435,0.00048441488296091745,2.248277921900126e-05,0.0004535457029970638,0.0,0.0
1692309247.5538836,0.0003798874177229124,0.0004892378785861139,2.2708390259706018e-05,0.0004568650197713304,0.0,0.0
1692309247.656624,0.00038131198584423216,0.0004945503451953026,2.2954638848516996e-05,0.0004644131453517399,0.0,0.0
1692309247.7560346,0.0003824986510892915,0.0005001679881274228,2.3215282764115363e-05,0.00047138275079694773,0.0,0.0
1692309247.856956,0.00038348714323843523,0.0005059694823674797,2.3484753056174863e-05,0.0004779603358451759,0.0,0.0
1692309247.957619,0.00038431055726191436,0.0005118757908670153,2.3758993420934285e-05,0.00048427285250036815,0.0,0.0
1692309248.0575628,0.00038499646197736936,0.0005178361875447686,2.4034789841203814e-05,0.0004904066036256716,0.0,0.0
1692309248.1562963,0.00038556782060534335,0.0005238186816610915,2.431171262647992e-05,0.0004964201642016391,0.0,0.0
1692309248.2627568,0.0003860437623424457,0.0005298037524760028,2.4589039305504223e-05,0.0005023531976659987,0.0,0.0
1692309248.3940828,0.0003864402218094705,0.0005357799958355838,2.4866648042832387e-05,0.0005082324973851797,0.0,0.0
1692309248.4683583,0.00038677047254547436,0.000541741227279427,2.5145164028114002e-05,0.0005140761043249155,0.0,0.0
1692309248.5292156,0.00038704557538832285,0.0005476849141900716,2.5418234811669196e-05,0.0005198961170977691,0.0,0.0
1692309248.6452334,0.0003830523784156724,0.0005529162092122017,2.5659500511283738e-05,0.0005221749900405329,0.0,0.0
1692309248.7607236,0.0003839484026088758,0.0005584381142861926,2.5914392480730085e-05,0.0005290195334408572,0.0,0.0
1692309248.8763516,0.0003846947907618235,0.0005641399697562204,2.617814385018339e-05,0.0005355142080020728,0.0,0.0
1692309248.9481056,0.00038531653209321044,0.0005699488736849863,2.645108126587693e-05,0.0005417717689201729,0.0,0.0
1692309249.0640438,0.00038583444262228354,0.0005758179295132296,2.6723032434491187e-05,0.0005478689236273876,0.0,0.0
1692309249.160331,0.0003862658626313406,0.0005817167556788184,2.6995810833302683e-05,0.000553857867177961,0.0,0.0
1692309249.2696338,0.0003824028783967499,0.000586932556282289,2.7237800671710062e-05,0.0005562483215927538,0.0,0.0
1692309249.3682528,0.0003834073693254008,0.0005924563447878709,2.7495561370440804e-05,0.0005631656932653372,0.0,0.0
1692309249.4586737,0.00038424410962501984,0.0005981697989871285,2.776266490823538e-05,0.0005697070765864322,0.0,0.0
1692309249.56349,0.00038494111429457475,0.0006039953240965774,2.8034209856374983e-05,0.0005759938145415395,0.0,0.0
1692309249.659302,0.00038129937042394736,0.0006091886891520912,2.8277684741600417e-05,0.0005785828147481861,0.0,0.0
1692309249.750029,0.0003824881483031466,0.0006147204376271336,2.8535433039250268e-05,0.000585631598317833,0.0,0.0
1692309249.8609483,0.00038347840027651037,0.0006204587789443847,2.88025024133196e-05,0.0005922591507933351,0.0,0.0
1692309249.9658952,0.00038008092698592566,0.0006256237028451097,2.9042986914330828e-05,0.0005950759991187014,0.0,0.0
1692309250.062978,0.00037725083161869246,0.0006304682633260684,2.926833907391966e-05,0.0005987505507981153,0.0,0.0
1692309250.1636958,0.0003791157145281016,0.00063584795176576,2.9517295243054284e-05,0.0006065280834895413,0.0,0.0
1692309250.2514184,0.0003806691619916579,0.000641555025603196,2.9780021672893904e-05,0.0006136426186435932,0.0,0.0
1692309250.374519,0.00038196317462933717,0.000647452895925871,3.0063590986499372e-05,0.0006203086889592628,0.0,0.0
1692309250.4482052,0.00038304108715654254,0.0006534545071042752,3.0346766083172844e-05,0.0006266721009381498,0.0,0.0
1692309250.5642347,0.0003797166409438724,0.0006588101395083475,3.059840650634723e-05,0.0006293063222967148,0.0,0.0
1692309250.666877,0.00038116972494498625,0.0006644879598662827,3.086033217216737e-05,0.0006363799488778969,0.0,0.0
1692309250.7615855,0.00038238014306273243,0.0006703553389326628,3.113395180887531e-05,0.0006430193530105714,0.0,0.0
1692309250.8614907,0.00037916607275014413,0.000675632940939447,3.138049145620674e-05,0.0006458398996313243,0.0,0.0
1692309250.9560585,0.0003807111007210011,0.0006812687751661998,3.16433843580781e-05,0.0006530388389534572,0.0,0.0
1692309251.0656042,0.00037777576171488746,0.0006864232884091049,3.188600118724794e-05,0.0006562364114236767,0.0,0.0
1692309251.1605594,0.0003795529755767313,0.0006920048760803077,3.214233485234043e-05,0.0006636884368995562,0.0,0.0
1692309251.2680416,0.0003810333947236286,0.0006978412519017429,3.2409197278811906e-05,0.000670580803844716,0.0,0.0
1692309251.3931007,0.0003822665838730127,0.0007038204197768976,3.268575949334784e-05,0.0006770951135390767,0.0,0.0
1692309251.4875019,0.0015567863546455034,0.0009026972521234545,4.1911697363207286e-05,0.001663220992115529,0.0,0.0
1692309251.5583088,0.0025309389723015743,0.0012079392444083372,5.609414118882636e-05,0.002353797075835595,0.0,0.0
1692309251.6719124,0.0033466304536997676,0.0015657926323342022,7.27046246346592e-05,0.002852388247526223,0.0,0.0
1692309251.8105302,0.0040261014577044445,0.0019420159689498475,9.016471723821519e-05,0.0032188235580257623,0.0,0.0
1692309251.8825614,0.004592100804040359,0.002315983796547502,0.0001075286618735559,0.0034970337154654856,0.0,0.0
1692309251.9576397,0.005059355899175459,0.002675246044509854,0.00012414677998686841,0.003713146459727293,0.0,0.0
1692309252.0563056,0.005440134735620454,0.0030126331698631806,0.000140079725562573,0.003884638167013495,0.0,0.0
1692309252.153418,0.010566539894849361,0.004116681104996107,0.0001923596536531015,0.008049379678815279,0.0,0.0
1692309252.2691083,0.014819946439302244,0.005633254644739625,0.0002636497635573467,0.010989487316655128,0.0,0.0
1692309252.378255,0.01962718325175354,0.007548302459670669,0.0003527926160584078,0.014175112428500334,0.0,0.0
1692309252.4740577,0.02464500726380986,0.009798800459083603,0.000455189315206665,0.01734976541897459,0.0,0.0
1692309252.575346,0.02968083543393006,0.012310590329223412,0.0005698341195854237,0.020413556593994964,0.0,0.0
1692309252.6776042,0.034892247048551706,0.015058124297147528,0.0007037176704255837,0.023561734037963144,0.0,0.0
1692309252.7343082,0.040240599129868417,0.018018486207092115,0.000855026241351356,0.026788248717189087,0.0,0.0
1692309252.8369915,0.04539945207792709,0.021123233329257952,0.0010106371583198106,0.02984344779976638,0.0,0.0
1692309252.961011,0.05116586215910286,0.024455003756719152,0.0011658607185551536,0.033444870167034464,0.0,0.0
1692309253.0844812,0.056939258582921294,0.027974879908447426,0.0013176352438799043,0.0370384602459939,0.0,0.0
1692309253.1662734,0.06302878654126162,0.03170786497975876,0.0014382165446296836,0.040915080686606,0.0,0.0
1692309253.2758791,0.0685459252731971,0.035525885524968215,0.001515911452892854,0.044321561616010904,0.0,0.0
1692309253.3805761,0.07491503936366396,0.03957000526270408,0.001595850734775372,0.04853820251760565,0.0,0.0
1692309253.4828136,0.08050682364617356,0.04367685625904272,0.0016090954540604544,0.05210776794048593,0.0,0.0
1692309253.6226776,0.08594728420641078,0.047830240493980415,0.0015729844794320018,0.05566947770881983,0.0,0.0
1692309253.6925828,0.09105558524360102,0.05198782438529916,0.0015281797244743327,0.05907931668292213,0.0,0.0
1692309253.8054118,0.09643394675260666,0.05621856889613894,0.0014476380408208766,0.06286360518085779,0.0,0.0
1692309253.8694875,0.10145065926055337,0.06046742573603632,0.0012309749103591437,0.06644336476523335,0.0,0.0
1692309253.994109,0.10536751707014873,0.06457146404459316,0.0010183817966147462,0.06923738825740516,0.0,0.0
1692309254.0600972,0.11072207755762914,0.06883035154992286,0.0007589987765413542,0.07346706049579663,0.0,0.0
1692309254.145251,0.11553716146087267,0.07313312771110718,0.0004946958213842894,0.0772684897997795,0.0,0.0
1692309254.252647,0.11753319617631383,0.0770252865607088,0.00022381162520058778,0.07881607785511827,0.0,0.0
1692309254.3537889,0.12035263945625137,0.08077839278447735,2.7990578970402282e-05,0.08145060398356639,0.0,0.0
1692309254.4884686,0.12459113312590787,0.084681304703923,-5.766046548498809e-05,0.08546158162369863,0.0,0.0
1692309254.5785954,0.1265244123206304,0.08832747973835466,-9.684517295596406e-05,0.08753642736133939,0.0,0.0
1692309254.6861765,0.12903421379318775,0.09189867638837781,-0.00010857009844279539,0.0903568859310463,0.0,0.0
1692309254.7907257,0.13084532219031406,0.09531345575498017,-7.857299265643263e-05,0.0927196811669205,0.0,0.0
1692309254.8805425,0.13081590492273662,0.09832400787345116,1.703649790407171e-06,0.093719041566231,0.0,0.0
1692309254.9742055,0.131113885648382,0.101106275842997,0.00010385034394241428,0.09531884818120764,0.0,0.0
1692309255.0800126,0.13216355110733635,0.10385310034006029,0.0002081343339525297,0.09773205013622606,0.0,0.0
1692309255.2606006,0.13134333581154595,0.10626997072377997,0.0003473868102160624,0.09862846550692778,0.0,0.0
1692309255.320416,0.12957620595734,0.10829671852482177,0.00042591269761217606,0.09897257696807,0.0,0.0
1692309255.4087133,0.1285885338146441,0.11017006329543165,0.0004690164457259427,0.10022802922354475,0.0,0.0
1692309255.479681,0.12797418340872133,0.11199073398424036,0.00048145444132495426,0.10187737535145698,0.0,0.0
1692309255.597593,0.12614857648026725,0.11356959536711966,0.0004994901357897986,0.10252413778254314,0.0,0.0
1692309255.6893802,0.1233929500344028,0.1148165497223806,0.00048455851700396585,0.10252814009416812,0.0,0.0
1692309255.7711194,0.1191183804366379,0.11556757918423623,0.00044111394663210823,0.10144618610524653,0.0,0.0
1692309255.8676245,0.11504519834367886,0.11598449863685642,0.0004040366039295747,0.10080752638940056,0.0,0.0
1692309255.9969025,0.10988711181795308,0.11596844876025346,0.00039188398382850926,0.09940579827942861,0.0,0.0
1692309256.0886936,0.10404461330373774,0.11551168427063005,0.0003359606441646767,0.09762665441373283,0.0,0.0
1692309256.161745,0.09875404314486859,0.11480848856619279,0.000228971327633138,0.09648824213724086,0.0,0.0
1692309256.2473817,0.09288985775566684,0.11381100819150486,0.00013652617141265988,0.09490255756068403,0.0,0.0
1692309256.3437042,0.08720123792435079,0.1126066151306609,3.6174809710049494e-05,0.09351989949743739,0.0,0.0
1692309256.4356058,0.07983665739278356,0.11095225110953265,-7.036666279330057e-05,0.09072650831671066,0.0,0.0
1692309256.542659,0.07340695531685437,0.1091013835688873,-0.00014392451895420868,0.08885947509770344,0.0,0.0
1692309256.6525614,0.06651006650403805,0.10700322173164406,-0.00018101906640321437,0.08656172423695388,0.0,0.0
1692309256.753073,0.058893340421454346,0.10457901494140595,-0.0001265681647924435,0.08365312606186572,0.0,0.0
1692309256.8506508,0.05098746727644519,0.1018413691972778,-8.026368620319769e-06,0.08053973539529968,0.0,0.0
1692309256.9770029,0.042569452161455114,0.09876134294486898,0.0001248183930280638,0.07701639790525644,0.0,0.0
1692309257.0773199,0.03384860354691653,0.09535093237614614,0.00025936133677995207,0.0732679577527556,0.0,0.0
1692309257.1587758,0.025007647395798763,0.09164729495104106,0.000375165313204161,0.06942851862930204,0.0,0.0
1692309257.2558067,0.015713469041866924,0.08762030880324921,0.0005006089893194992,0.0651859768550613,0.0,0.0
1692309257.3720026,0.006963104588586646,0.08341115513953186,0.0006392098993983899,0.06138551065825727,0.0,0.0
1692309257.4727676,-0.00285655124455075,0.07885435428603708,0.0008082001963238235,0.05657768701748018,0.0,0.0
1692309257.5552034,-0.010086033901297777,0.07443436449964973,0.0009536033093629841,0.053927149575059855,0.0,0.0
1692309257.6306908,-0.018229551690842276,0.06992275695404085,0.001047952125924451,0.050177492711667035,0.0,0.0
1692309257.7571576,-0.026215241378341025,0.0653318958864155,0.0011377991527879374,0.046394485143693626,0.0,0.0
1692309257.8424392,-0.03374909210031772,0.06072113930277432,0.0012132877232558692,0.042818425778398755,0.0,0.0
1692309257.93709,-0.04163339552852737,0.056002699812388076,0.0012541090422324075,0.03874472849363662,0.0,0.0
1692309258.039235,-0.049180163389292056,0.05122711213732693,0.0012624884309022665,0.03481440922794013,0.0,0.0
1692309258.1392853,-0.05624578251442591,0.046455280656775504,0.001232550789024603,0.03111602194917691,0.0,0.0
1692309258.238907,-0.06289753681281185,0.041720626835753144,0.001167142979522866,0.02755820870283877,0.0,0.0
1692309258.3406727,-0.06958364109326946,0.03697486396012471,0.001067421355679812,0.023752637587822922,0.0,0.0
1692309258.43493,-0.07598085520320193,0.03223730170125058,0.000948966241206172,0.02001080328805332,0.0,0.0
1692309258.5321603,-0.08177425570727942,0.027574901512443392,0.0008203525419835978,0.01658857672249401,0.0,0.0
1692309258.6230516,-0.08703819405834542,0.023025035117278495,0.0006853418038792935,0.013386136214429668,0.0,0.0
1692309258.734984,-0.09215339943512779,0.01855368427978563,0.00054835435291294,0.010071061670431695,0.0,0.0
1692309258.8503141,-0.09668359482180579,0.014209856455398967,0.00042017643669214113,0.00704205818528714,0.0,0.0
1692309258.994147,-0.10056693834580095,0.010041072074550772,0.00029651762096253437,0.004327347247465113,0.0,0.0
1692309259.0844803,-0.10394519550125696,0.006060246941654088,0.00017504426984278268,0.001788848603867223,0.0,0.0
1692309259.1642866,-0.10149108548311472,0.003154610230934527,9.143225058768934e-05,0.0038802128432831318,0.0,0.0
1692309259.236241,-0.09888616115317513,0.0010334918529965626,2.650962127951173e-05,0.005281597856122526,0.0,0.0
1692309259.3392506,-0.096046065969814,-0.0004887054404950281,-2.307707822464265e-05,0.006320924905037302,0.0,0.0
1692309259.4380634,-0.0927269350454869,-0.001498721477386398,-5.236146365887523e-05,0.007369323410342477,0.0,0.0
1692309259.5367167,-0.08913905450537021,-0.002088267439829548,-6.627114171018077e-05,0.00834009210334945,0.0,0.0
1692309259.6485498,-0.08509766875540481,-0.0022889914470502573,-6.811514043802562e-05,0.009473534487721105,0.0,0.0
1692309259.7383983,-0.08077574403617394,-0.0021490544871254503,-6.157759072217389e-05,0.010665026900426772,0.0,0.0
1692309259.8461862,-0.07620200085770787,-0.001705251876502532,-4.992701113596837e-05,0.011938812202884695,0.0,0.0
1692309259.9364293,-0.07117625867832952,-0.0009490988087862186,-3.4655742549616256e-05,0.013499354931149331,0.0,0.0
1692309260.0463626,-0.06567611446945332,0.0001309490612469565,-1.796115149143121e-05,0.015370057365989835,0.0,0.0
1692309260.136,-0.059943932727202755,0.0015051187903060872,-2.9189157675991575e-06,0.017351411248804845,0.0,0.0
1692309260.2486267,-0.05384807226335601,0.0031753601805944052,9.433552478715186e-06,0.019583994423457943,0.0,0.0
1692309260.3450131,-0.04751082177781764,0.0051244387452505724,1.7851229423762373e-05,0.0219732331666614,0.0,0.0
1692309260.4501195,-0.040851121989511296,0.007354699284461159,1.8345349975752966e-05,0.024606972289254767,0.0,0.0
1692309260.557257,-0.03347306486813675,0.009934191333051722,1.009166867694108e-05,0.027821740365766658,0.0,0.0
1692309260.684935,-0.025829217702141985,0.012838839115287218,-1.0442097948792576e-05,0.031201907552888562,0.0,0.0
1692309260.746477,-0.01830178021597042,0.015990228078283916,-4.6131572581461156e-05,0.03445549098550743,0.0,0.0
1692309260.8766394,-0.010417806478453109,0.019411113806930103,-9.581333293231937e-05,0.03803886335118063,0.0,0.0
1692309260.970299,-0.002378695612007181,0.023085533820360528,-0.0001622265069057221,0.04177337342275885,0.0,0.0
1692309261.0900443,0.005947107349977137,0.027024557051959434,-0.0002480499946358251,0.04578533050142667,0.0,0.0
1692309261.1530886,0.01408078361266397,0.031157171959842134,-0.0004058929989754636,0.04967238543978713,0.0,0.0
1692309261.2399487,0.02306760104541275,0.035606972278232375,-0.0005683894510282216,0.05435898799651337,0.0,0.0
1692309261.3783329,0.031757663979920574,0.04027333706520435,-0.0007362239329918917,0.05880510117357024,0.0,0.0
1692309261.4655244,0.03992540306695864,0.04504686363274567,-0.000947717462033502,0.06289763452361855,0.0,0.0
1692309261.5500073,0.04699579640207807,0.049757742009920565,-0.0011042788949005013,0.0662306003499672,0.0,0.0
1692309261.6654468,0.05464112384238993,0.05455541529579604,-0.0012247946060855203,0.07031139260600835,0.0,0.0
1692309261.753566,0.06090015385747748,0.05922460582822753,-0.0012354236921815222,0.07338967566922681,0.0,0.0
1692309261.848693,0.06755274437538501,0.06389977450961713,-0.0011881389208865257,0.07709191466040756,0.0,0.0
1692309261.9553373,0.07513915586387551,0.06876487257568968,-0.0010899146744983176,0.0817631594800517,0.0,0.0
1692309262.0392656,0.0819703059913664,0.07367366195093028,-0.0008803320058284243,0.08586341382992443,0.0,0.0
1692309262.1412416,0.08830685452785894,0.07856381793079163,-0.000658401565722627,0.08971098219247188,0.0,0.0
1692309262.2437623,0.09411275449331448,0.08338383233667988,-0.0004201654305755515,0.09331201284532173,0.0,0.0
1692309262.3636167,0.09849645343552717,0.08794905192505145,-0.00023629038046002866,0.09594810210976003,0.0,0.0
1692309262.4503043,0.10243874580394055,0.0922853784378336,-0.00010308579769485435,0.09855065013703518,0.0,0.0
1692309262.5323095,0.10589414899775232,0.09640070247927755,-7.169356717701017e-05,0.10104394583531148,0.0,0.0
1692309262.657816,0.10951269017102504,0.10040421526422078,-0.0001284505473271015,0.10394763295071777,0.0,0.0
1692309262.7529824,0.11190955694079732,0.10414365520011769,-0.00031557147993750527,0.10601598880190428,0.0,0.0
1692309262.857502,0.11515535160128125,0.10784936915561008,-0.0005089114541259161,0.10906884684570399,0.0,0.0
1692309262.9606113,0.115935861442939,0.11113945585872893,-0.0006693567276229254,0.11016857450471383,0.0,0.0
1692309263.0552099,0.11726107765892888,0.11423188688270182,-0.000837773359734277,0.11207870092305217,0.0,0.0
1692309263.1545343,0.11796177339790727,0.11708518412765176,-0.0011592889046574064,0.11365229784114059,0.0,0.0
1692309263.2553341,0.11624730653242904,0.1193747497954189,-0.0015675226173988768,0.11340770061100629,0.0,0.0
1692309263.3557553,0.11556395135265378,0.12143482044147766,-0.0019011388781054813,0.11442415352976594,0.0,0.0
1692309263.456043,0.11580714935328518,0.12347561726143708,-0.0023551730108841954,0.11636390996640578,0.0,0.0
1692309263.5559816,0.11536449727236044,0.1253917476486992,-0.0027407298655377976,0.11772534616266826,0.0,0.0
1692309263.654574,0.11282757477652999,0.12687107802913505,-0.0030690557692350257,0.11740836031329224,0.0,0.0
1692309263.757768,0.1086851010147909,0.12777354935277635,-0.003169941941307766,0.11602332324596684,0.0,0.0
1692309263.855475,0.1057055582265986,0.12844343270697894,-0.0030947453721496317,0.11595705324743118,0.0,0.0
1692309263.9550576,0.10099109675126518,0.128648499758662,-0.0028123840700215565,0.11453031476007836,0.0,0.0
1692309264.051962,0.09732932923329182,0.12867617084576272,-0.0024376832191472303,0.11421605072442269,0.0,0.0
1692309264.1515203,0.09330833001939437,0.12849929066945365,-0.0020540609632980203,0.11362083600061643,0.0,0.0
1692309264.2529016,0.08941930512817757,0.12817891530885345,-0.0017096180146663176,0.11316797985078275,0.0,0.0
1692309264.3538897,0.08491270080938837,0.12763479616962325,-0.0013243132585146564,0.11218524113174244,0.0,0.0
1692309264.4514546,0.08007871577360569,0.12685520707530973,-0.0008263980800747302,0.11096595722765062,0.0,0.0
1692309264.5487156,0.0738980043514882,0.12566409072445395,-0.0003157544422720621,0.10865886489538112,0.0,0.0
1692309264.650331,0.06788621813935838,0.12418451639610312,7.791686261291223e-05,0.10663927176122417,0.0,0.0
1692309264.7460785,0.060728720374759085,0.12228537028125333,0.00030773034901973497,0.10371244616608974,0.0,0.0
1692309264.8343801,0.05454221221062099,0.12021689043630183,0.0004545532311249246,0.10172434070200184,0.0,0.0
1692309264.9454875,0.047250131508556066,0.11781615296780494,0.0005288901524229733,0.09875752098115662,0.0,0.0
1692309265.0480192,0.03906259074014128,0.11499936556488109,0.0005958151315084825,0.09509405433935245,0.0,0.0
1692309265.1444383,0.031251440618340176,0.11191434256958689,0.0005930275496236598,0.09184019513492969,0.0,0.0
1692309265.2453818,0.0244588219419038,0.10877006991889066,0.0005828210080968269,0.08941905903302774,0.0,0.0
1692309265.3338478,0.016909172621662246,0.10542482333737642,0.0005310860697897402,0.08620269739949973,0.0,0.0
1692309265.4323747,0.008678311884038007,0.10178946718634856,0.00042561960161455507,0.08235453715513874,0.0,0.0
1692309265.556412,0.0019184729485691053,0.0981531677519762,0.0003024289299948229,0.07972805660744893,0.0,0.0
1692309265.6430228,-0.004964678457387488,0.09446122976218449,0.00017077046750686405,0.07679200902745043,0.0,0.0
1692309265.7506592,-0.012580040889455076,0.09057593065114586,0.00010978770000766533,0.07308323714950034,0.0,0.0
1692309265.8270802,-0.020427761907978768,0.08647867293923017,0.0002884484253054164,0.06911615171976669,0.0,0.0
1692309265.9315417,-0.02706673379123597,0.08239500640494812,0.00047682007710207416,0.0661017606624713,0.0,0.0
1692309266.0325592,-0.03383593623706249,0.07826315685281865,0.0007564309547953274,0.06276889990749385,0.0,0.0
1692309266.1348152,-0.041379443324062334,0.07393367971734621,0.0011200333637891866,0.05862721663566231,0.0,0.0
1692309266.2342103,-0.048058903552371725,0.06957203536464243,0.0015026127515884416,0.055146388223852476,0.0,0.0
1692309266.3397079,-0.05465631008972652,0.06517719270533961,0.001757810827748047,0.051560104766751554,0.0,0.0
1692309266.4354792,-0.06147184734240708,0.06069104596570651,0.0019200697781946788,0.0476319121102677,0.0,0.0
1692309266.5324209,-0.06823947919139217,0.05611543687268039,0.0020277201148773205,0.04362675075705574,0.0,0.0
1692309266.628627,-0.07480726095476437,0.051481601624134024,0.002047977795216842,0.039670293192244827,0.0,0.0
1692309266.728164,-0.08095330670649559,0.046845477608482136,0.0020059059077240267,0.03593127511269002,0.0,0.0
1692309266.8339937,-0.08773146692166364,0.04207711889686582,0.0018805171357934056,0.031495157332274336,0.0,0.0
1692309266.9423215,-0.09412610331924096,0.03724789286930153,0.0017034974312239493,0.027304068695307184,0.0,0.0
1692309267.0286348,-0.10006369250914349,0.03242085742423598,0.0015059647335280161,0.02336927294048612,0.0,0.0
1692309267.145015,-0.10573003101990414,0.027612543973643863,0.0012922415579607626,0.01949510872437605,0.0,0.0
1692309267.2447464,-0.11106665281566086,0.02284541019687155,0.0010677889306912223,0.015725394825351985,0.0,0.0
1692309267.3454368,-0.11594565046303978,0.01815776583898569,0.0008382642758217848,0.012158541475186819,0.0,0.0
1692309267.4772272,-0.12016356386785794,0.013611323540048645,0.0006214471225519726,0.0089464309966586,0.0,0.0
1692309267.536514,-0.12413113034058015,0.009185960899561297,0.0004038358306463094,0.005713803531455915,0.0,0.0
1692309267.6351151,-0.12781009980706598,0.004875468655412943,0.00017749355964940362,0.0025189388876145145,0.0,0.0
1692309267.7239122,-0.13111824409214326,0.0006905689273551674,-5.970560112549279e-05,-0.0005543042174993552,0.0,0.0
1692309267.8295643,-0.12349016626445483,-0.0016256995256436462,-0.0001856649064650967,0.005319111969885613,0.0,0.0
1692309267.9283488,-0.11621418176639539,-0.0026659400198116735,-0.00023543671682872062,0.009562563470313762,0.0,0.0
1692309268.0235736,-0.11016168468837684,-0.0029827641485431393,-0.0002447606850934131,0.011951875599227413,0.0,0.0
1692309268.155889,-0.10343957280534505,-0.0026530927412319154,-0.00021427156263172692,0.014505336657188655,0.0,0.0
1692309268.2629302,-0.09686351846931561,-0.0018603713372605116,-0.00015621336568614688,0.016627514056895738,0.0,0.0
1692309268.3767495,-0.09042092283400388,-0.0007301983663610227,-7.900145373205349e-05,0.018479809763796123,0.0,0.0
1692309268.4592283,-0.08393830058113942,0.0006778643599023069,1.6425854274536398e-05,0.020307786566830993,0.0,0.0
1692309268.5526776,-0.07728696461590656,0.0023438573938393474,0.00012493378085851745,0.022267722458438298,0.0,0.0
1692309268.6747785,-0.07027037194801057,0.004286577380275892,0.00024509589238926196,0.024542954586285637,0.0,0.0
1692309268.761814,-0.06320655886679775,0.006468096865276727,0.00037351650415629533,0.02686016338381619,0.0,0.0
1692309268.8735423,-0.056016992149863026,0.008874880328683962,0.0005085973875735964,0.029315973740569445,0.0,0.0
1692309268.9548526,-0.048772825597511706,0.011486027243061421,0.0006491625966075065,0.03186358102687478,0.0,0.0
1692309269.048912,-0.041562582796323674,0.014272592948199582,0.0007896719391154751,0.03444584017082924,0.0,0.0
1692309269.1779187,-0.03433208017836125,0.017222512810917898,0.0009333618927527374,0.03712919531609787,0.0,0.0
1692309269.250514,-0.026988556647387363,0.020342689937339432,0.0010768879755835817,0.03999922111870765,0.0,0.0
1692309269.3606849,-0.020118164485863666,0.023542110081124223,0.0012055953204804537,0.042561804493653155,0.0,0.0
1692309269.4781485,-0.0131099677575271,0.02685514902486929,0.0013201909245431753,0.0453883920759486,0.0,0.0
1692309269.6133428,-0.007406241407570708,0.03006791349599435,0.0014323411320683423,0.04724720879191656,0.0,0.0
1692309269.7357771,-0.0013207995927103844,0.03330522304017536,0.0015006694048679582,0.04968539468252986,0.0,0.0
1692309269.7859285,0.006346483377581836,0.03684958437366214,0.0015639511276378587,0.053609356228500035,0.0,0.0
1692309269.8520408,0.012775124758341439,0.0404441420607127,0.0014963651735722006,0.05646912275299004,0.0,0.0
1692309269.9491463,0.01971390164102258,0.044187847297275325,0.0013658593431893902,0.059908518371974515,0.0,0.0
1692309270.0497587,0.026815715240634874,0.04809532121333676,0.0012174130558548245,0.06356522036342704,0.0,0.0
1692309270.152304,0.0334902379856033,0.05208065284586055,0.0010780101964703293,0.06693706424653476,0.0,0.0
1692309270.2472358,0.039350234385746224,0.056018491654672764,0.0009798021408742768,0.0697595770692164,0.0,0.0
1692309270.3488805,0.04459450489254437,0.05985075400974149,0.0009086564515387918,0.07227893646549863,0.0,0.0
1692309270.4464703,0.05061778661002404,0.06376229045809598,0.0009502625574381556,0.07568850831941347,0.0,0.0
1692309270.5523455,0.05500583937145645,0.06748837021824616,0.00104122764727468,0.0778362509319947,0.0,0.0
1692309270.6548445,0.059621662109782175,0.07114391385799453,0.0011656312143875282,0.08045244961695786,0.0,0.0
1692309270.7520268,0.06271627901011255,0.07451949373341751,0.0013904569433863842,0.08198405133566211,0.0,0.0
1692309270.848991,0.06546056048985888,0.07764729819257903,0.001906042553368461,0.08353722730640276,0.0,0.0
1692309270.950174,0.06845346746227461,0.08066394623267378,0.0023861570004676284,0.0855623746500839,0.0,0.0
1692309271.0897188,0.07190940421561759,0.08368555743800457,0.0029504293691606127,0.08813914168103769,0.0,0.0
1692309271.17022,0.07460852866696488,0.08661076462328116,0.0033699641503324895,0.09015781058531308,0.0,0.0
1692309271.2489426,0.07637244702252662,0.08932173718013002,0.003755627173246529,0.09154496039693015,0.0,0.0
1692309271.3476858,0.07737303353441272,0.09176829933940628,0.004044375801400322,0.09251041629319291,0.0,0.0
1692309271.451671,0.07856307071640083,0.09406704302879744,0.00422139447454991,0.09387214138936967,0.0,0.0
1692309271.555459,0.07830310344804192,0.09603435488502182,0.004144981973008723,0.09416878613613641,0.0,0.0
1692309271.6732757,0.0781625034226479,0.09778355458963695,0.003967637434330798,0.094828841161851,0.0,0.0
1692309271.78013,0.07803891616136427,0.09938250063493438,0.0036083891095497586,0.09566761003545575,0.0,0.0
1692309271.888303,0.07522451195087167,0.1004293498311867,0.002930411418131752,0.09436834603366653,0.0,0.0
1692309271.9693065,0.07427226621681123,0.101381164200758,0.002326064484383879,0.0949902299669626,0.0,0.0
1692309272.043953,0.07191420226387855,0.10202338969953864,0.0015245072913281112,0.09446876722162509,0.0,0.0
1692309272.1670346,0.06952494592686659,0.1024303112442326,0.0006935789711662438,0.09408829647434698,0.0,0.0
1692309272.2959273,0.06616618013876112,0.10250549536077741,6.563042416999623e-05,0.09300128180393,0.0,0.0
1692309272.3785803,0.06414860171309412,0.10255191653356716,-0.0003989217003925652,0.09319705752371005,0.0,0.0
1692309272.4844666,0.059697760602832606,0.10216655468478048,-0.0006484193641527468,0.09130756692197002,0.0,0.0
1692309272.5726626,0.05677339677113218,0.10170701752210104,-0.0007996324950826938,0.09091096877962877,0.0,0.0
1692309272.67857,0.052928938564093274,0.10102780498035016,-0.0008171835770746183,0.08970472727679273,0.0,0.0
1692309272.7512882,0.048476426140016494,0.10007404197929629,-0.0007876790932974469,0.08804733739377918,0.0,0.0
1692309272.8526154,0.04298572823115161,0.09873478738549234,-0.0007276467226088726,0.0856076900766776,0.0,0.0
1692309272.9471986,0.03936707813824796,0.09740697011913381,-0.0006392074120426432,0.08487894014187589,0.0,0.0
1692309273.047796,0.03449299741469006,0.09585991542121408,-0.0005772007135461654,0.08296962707353962,0.0,0.0
1692309273.1515439,0.028853739509013744,0.09400910939422616,-0.0004931831347059275,0.08044921605957554,0.0,0.0
1692309273.2611642,0.022434620604268686,0.09178985485920435,-0.00041242798157729334,0.07735496756524197,0.0,0.0
1692309273.3575902,0.01784381311664392,0.08958250318142559,-0.0002884815111121495,0.07589630018424987,0.0,0.0
1692309273.4558308,0.012940513179475923,0.08730724066975158,-0.00016592745426229262,0.0740184054879986,0.0,0.0
1692309273.549437,0.007784728544319424,0.08491715116945343,-8.555030493670728e-07,0.0718322522747308,0.0,0.0
1692309273.6971712,0.002273552879804749,0.08236247734788156,0.00016102840198082243,0.06928540654918638,0.0,0.0
1692309273.7538097,-0.0028201211130793017,0.07973460150957729,0.00028970027380519444,0.06705622359070602,0.0,0.0
1692309273.8505933,-0.007273762974094748,0.07713426576850521,0.00045020611958990816,0.0652669838246861,0.0,0.0
1692309273.945884,-0.012383959706581044,0.0744226856035395,0.000597446885750732,0.06276941589873075,0.0,0.0
1692309274.092374,-0.017590901160800726,0.0715927061083784,0.0007237895967872327,0.06013128167135308,0.0,0.0
1692309274.1426306,-0.023829287238682842,0.06848453521283401,0.0008516909441461662,0.05657623578130898,0.0,0.0
1692309274.2711432,-0.02946116738027682,0.06525357832953478,0.0009417646790707526,0.053576349157790915,0.0,0.0
1692309274.3293183,-0.035581374922151,0.06182888750827559,0.0010140269708778069,0.05010475871273951,0.0,0.0
1692309274.4303558,-0.03855022335542223,0.0587597959058413,0.001020121926650178,0.049246324465756615,0.0,0.0
1692309274.5295894,-0.04186721169189228,0.055864806878463694,0.0009663582495802583,0.047710497322887256,0.0,0.0
1692309274.6244948,-0.04656499350914755,0.05284747979080247,0.0008222422032414581,0.04478187043333326,0.0,0.0
1692309274.7319367,-0.04907016310526005,0.0500832314364488,0.0006773413989150545,0.043655647329778335,0.0,0.0
1692309274.8509564,-0.05219626692618075,0.047380170921523836,0.0004929480680605794,0.0417293673094573,0.0,0.0
1692309274.9319265,-0.05558016061645656,0.04466250205241027,0.0002914873459203428,0.03945190828259327,0.0,0.0
1692309275.0455055,-0.05917264873338442,0.04188510794520736,9.678121500359801e-05,0.03692093199557479,0.0,0.0
1692309275.1301224,-0.06288251071702598,0.03903205534225758,-4.3972801704585685e-05,0.0342445560591836,0.0,0.0
1692309275.232186,-0.06671111037706148,0.03609016436583737,-0.00014615969127982557,0.03143264903758283,0.0,0.0
1692309275.3287868,-0.06704747084303661,0.03364325310846706,-0.00024283220808011977,0.031507378711835864,0.0,0.0
1692309275.430523,-0.06779064578183303,0.0314721639426927,-0.00031659352442179873,0.03082266228735156,0.0,0.0
1692309275.5282545,-0.0689146571027386,0.02942784325897109,-0.00036537201531545397,0.02957755168442491,0.0,0.0
1692309275.6290746,-0.070237939433025,0.027435250748227377,-0.00039328423377831505,0.028039944342395602,0.0,0.0
1692309275.7272863,-0.07221994814238439,0.025366044964639036,-0.0003986830081738229,0.025883808184654567,0.0,0.0
1692309275.823034,-0.07439274718079898,0.023204972957972237,-0.00038433087109996994,0.023588341243569993,0.0,0.0
1692309275.9296482,-0.072487072153883,0.021642297623660253,-0.0003723604825027384,0.02472422552719946,0.0,0.0
1692309276.0323896,-0.07132865825553783,0.020382298001589205,-0.0003481669858136308,0.024798523820208127,0.0,0.0
1692309276.1282017,-0.07072155732744043,0.019249091422051112,-0.00032455349380961694,0.024206435572774857,0.0,0.0
1692309276.2273605,-0.06841990396975721,0.01848809044630336,-0.00029859319346522013,0.024956158073774475,0.0,0.0
1692309276.3244855,-0.06683612130209038,0.01788060097273115,-0.0002544876085208144,0.02487588716964811,0.0,0.0
1692309276.4284961,-0.0639322989842995,0.01760695874046272,-0.00020557260154029013,0.025831915011853262,0.0,0.0
1692309276.529298,-0.06173695511309112,0.017464830725420474,-0.0001645668860357013,0.026016483723272567,0.0,0.0
1692309276.6304946,-0.0601275231987168,0.017330962880541298,-0.00013214119886888624,0.025682381631936892,0.0,0.0
1692309276.7299564,-0.05668677781992142,0.01751457907955493,-9.819624142360366e-05,0.02693361497846125,0.0,0.0
1692309276.8300483,-0.05403182096455038,0.01780770631683336,-4.040083855180066e-05,0.027376199446144202,0.0,0.0
1692309276.9238663,-0.05035810275087166,0.018359762385659124,1.91934380374035e-05,0.028669518066542506,0.0,0.0
1692309277.032971,-0.04661997227948427,0.01912192117616379,7.890664902327296e-05,0.029919679185907173,0.0,0.0
1692309277.1318634,-0.04266809261059863,0.020085246044063407,0.00013978526721103644,0.031294497410618315,0.0,0.0
1692309277.2569008,-0.03869922742265227,0.02121217588574216,0.00020147973752837256,0.03264304424956968,0.0,0.0
1692309277.3484712,-0.034839458244562534,0.02245608356320416,0.0002573580608525218,0.033891656671579194,0.0,0.0
1692309277.4492228,-0.031143619613218734,0.02377501335824705,0.00030165811484714195,0.03502990863542365,0.0,0.0
1692309277.5472026,-0.027244952436532906,0.025198939709417355,0.0003486693577317447,0.036393525018438955,0.0,0.0
1692309277.6495054,-0.023274565356096757,0.02672822129116076,0.0003843326942423529,0.037852099175655095,0.0,0.0
1692309277.735594,-0.019197054908696106,0.02836923155071979,0.0003840171351537739,0.039436188817431904,0.0,0.0
1692309277.8542552,-0.015245996074587447,0.030087787245841224,0.00036661840539299443,0.04094789637412339,0.0,0.0
1692309277.951975,-0.011492460920138987,0.031847969233713476,0.0003250991731962838,0.042351839648149765,0.0,0.0
1692309278.0515866,-0.007035424580846281,0.033771874169533346,0.0002565874619852169,0.04442375535148231,0.0,0.0
1692309278.151032,-0.004111089166330824,0.03557945298830762,0.00017951895809891012,0.04521283352495603,0.0,0.0
1692309278.2472565,-3.7853067056668396e-05,0.037509497096646874,1.7541893641768454e-05,0.04714890771826811,0.0,0.0
1692309278.3427138,0.002976097853015106,0.03937125404458778,-0.00011306722482401264,0.04821733383936115,0.0,0.0
1692309278.4438066,0.006449829503399116,0.041276103218398426,-0.0002353608806985789,0.04981709859171474,0.0,0.0
1692309278.55597,0.010393522167033903,0.04330207227114385,-0.00047313460290667787,0.05187439145471768,0.0,0.0
1692309278.6516063,0.013181380226181082,0.045244374859094605,-0.0006458660415763299,0.05297609945822014,0.0,0.0
1692309278.747921,0.016544104339418473,0.0472324485791545,-0.0009070176693895912,0.05471009398293243,0.0,0.0
1692309278.849146,0.018822968105592978,0.04909376852173476,-0.0011089058732784666,0.05559296538477396,0.0,0.0
1692309278.930113,0.021694132971047855,0.050974877541291444,-0.0012825796486884763,0.05714201445990738,0.0,0.0
1692309279.05047,0.025108734835615446,0.052968303699007346,-0.0015377619425680064,0.05920800273178459,0.0,0.0
1692309279.152055,0.02805413814069791,0.054978125023816334,-0.0018325802412609922,0.06087891179222342,0.0,0.0
1692309279.2490203,0.030576165567940163,0.056944178025618145,-0.002126597533760804,0.06226111165502292,0.0,0.0
1692309279.350301,0.03312857490143041,0.05890076768634663,-0.0023314857484557244,0.06377284313374536,0.0,0.0
1692309279.4497118,0.03572596155736368,0.06087258063705649,-0.002399931100164976,0.06540225728030002,0.0,0.0
1692309279.5505118,0.03799727988259702,0.06281217665189978,-0.002374047792753815,0.06682209095843443,0.0,0.0
1692309279.6518288,0.04008673877140384,0.06471063223816366,-0.0022193564025143903,0.06818128968323232,0.0,0.0
1692309279.7519307,0.04170397262153286,0.06651163215351706,-0.0018643525964511954,0.06923952498070612,0.0,0.0
1692309279.85437,0.04292975298613112,0.06818457409545209,-0.001386623822429922,0.07009627052493979,0.0,0.0
1692309279.9542887,0.04451946270890925,0.0698334236551141,-0.0009240382504468956,0.07139226230790661,0.0,0.0
1692309280.0515237,0.04518799101124185,0.07131783640287957,-0.00039004802354200503,0.07197674689433872,0.0,0.0
1692309280.1566534,0.04656149617055333,0.07280513183514893,0.0001790298230564113,0.07329630590127847,0.0,0.0
1692309280.2498174,0.04777902282748844,0.07427398165429043,0.0007390168171605141,0.07451020065038406,0.0,0.0
1692309280.340554,0.04904630267183202,0.07574641306448746,0.0011886619704507403,0.07580481799369054,0.0,0.0
1692309280.4518602,0.0510555399731699,0.0773433055369996,0.0016639336076507902,0.07774566564274556,0.0,0.0
1692309280.5498304,0.05174443296996816,0.07881804281372931,0.0021251155469706024,0.0785259645747568,0.0,0.0
1692309280.6479068,0.05305119821592501,0.0803165076964109,0.0024783829327298112,0.07993555940917041,0.0,0.0
1692309280.7502823,0.054292094038213716,0.08182431518548341,0.0027761583008394657,0.08130305205760954,0.0,0.0
1692309280.851508,0.054029024746038684,0.08309803922139287,0.002981037970523191,0.08143657417163884,0.0,0.0
1692309280.9462228,0.054224675015873934,0.08428368396757692,0.003094281220799652,0.08213819862923634,0.0,0.0
1692309281.0511303,0.05345952010651932,0.0852456996447423,0.003237864405647108,0.08211210323576791,0.0,0.0
1692309281.1476333,0.05224088991988439,0.08597613193779678,0.0033279694240974135,0.08186298490594096,0.0,0.0
1692309281.247071,0.051355582289264456,0.08658997414931165,0.0034614974289145783,0.08204346135613029,0.0,0.0
1692309281.3479273,0.04964932697165508,0.08698540435216073,0.0035420033755583446,0.0815977884580134,0.0,0.0
1692309281.4479651,0.0483362409113027,0.08728326422151755,0.0036067571438425376,0.08160550152639243,0.0,0.0
1692309281.556873,0.04713986842162182,0.08752576531216782,0.0036309516578793763,0.08174365839441865,0.0,0.0
1692309281.6491146,0.04511785346956027,0.08758395858979437,0.0036831243887300276,0.0811949849070667,0.0,0.0
1692309281.7496185,0.04065440478147385,0.08710460760681214,0.0036721144678133586,0.0786926231133862,0.0,0.0
1692309281.852632,0.03832127020650199,0.08657506630879565,0.0037351519895468476,0.07828314532254158,0.0,0.0
1692309281.9530065,0.03661334614759703,0.08610339398002025,0.0037768886375320076,0.07835343555035275,0.0,0.0
1692309282.0534077,0.03422689671754426,0.08554936238699028,0.003811454980085017,0.07774760681718576,0.0,0.0
1692309282.1550941,0.03126205997248543,0.08482788785074583,0.0038782969334330984,0.07664896112247073,0.0,0.0
1692309282.2538757,0.02870773085622983,0.08404278692637321,0.003951198828618892,0.07593661827579054,0.0,0.0
1692309282.354652,0.026310342316515932,0.08322730774965464,0.003993146011573101,0.07532459490593386,0.0,0.0
1692309282.4508688,0.02294006218015307,0.08221543208069203,0.004050761172446411,0.07384900484126247,0.0,0.0
1692309282.5497868,0.020007187095265472,0.08112481126919298,0.004067099049888163,0.07279730589455558,0.0,0.0
1692309282.652722,0.01746183853852643,0.08002713091509336,0.004070211239245719,0.07204447243986145,0.0,0.0
1692309282.7532046,0.013858431060175832,0.07873726231096237,0.00405512965285507,0.07033405517224565,0.0,0.0
1692309282.8554926,0.010353601877694203,0.07731161006210469,0.004036640584237375,0.0687581092016491,0.0,0.0
1692309282.953584,0.007710160148479002,0.07591688667810875,0.003996876512071076,0.06790798733304348,0.0,0.0
1692309283.0509205,0.004493596006774623,0.07443629580551613,0.003926187847846204,0.06647219618326719,0.0,0.0
1692309283.1555984,0.0014385890573512957,0.07290721440625907,0.0038221254209209066,0.06514784249597086,0.0,0.0
1692309283.2531352,-0.0011391800769809438,0.0714067829874356,0.0037151522174903306,0.06417259994915489,0.0,0.0
1692309283.35183,-0.00324481757496473,0.0699897736711596,0.003632227448840886,0.06349068561523694,0.0,0.0
1692309283.4443834,-0.006582990868615631,0.06841574678743124,0.0035907231252096405,0.061646360533350784,0.0,0.0
1692309283.5534146,-0.009056400708088832,0.06686057799839595,0.0035520368083120767,0.060557196294539775,0.0,0.0
1692309283.6491315,-0.012450074100808367,0.06515379362081565,0.00353074085852751,0.05861125336283196,0.0,0.0
1692309283.7519293,-0.014202547818570072,0.06359121348069492,0.0035926403012456706,0.05806363737848074,0.0,0.0
1692309283.854085,-0.01663749446404197,0.06201404856284075,0.0036087266490763123,0.05676825286244833,0.0,0.0
1692309283.952423,-0.01948696951432132,0.06034244261636301,0.0036537012613728622,0.05507187207478262,0.0,0.0
1692309284.0490816,-0.023260697165246858,0.05843779758059264,0.003730901945595068,0.05259927364501435,0.0,0.0
1692309284.1542666,-0.024608871554290673,0.056754644949227696,0.003814647636005017,0.052235224945786536,0.0,0.0
1692309284.2548182,-0.025425133336311495,0.05530521260446966,0.0039090041575033435,0.05208825992597401,0.0,0.0
1692309284.3553736,-0.026179988191720054,0.054014442084744346,0.004103577771975865,0.05177286508369934,0.0,0.0
1692309284.4522138,-0.02827559349717338,0.052610559244233204,0.004331186127188549,0.05017573222335535,0.0,0.0
1692309284.5466113,-0.028939070469249623,0.051359785331145574,0.00453965573808879,0.04980541901020327,0.0,0.0
1692309284.6442907,-0.029127884080464822,0.050274019842445346,0.004855275470047964,0.04968581744752787,0.0,0.0
1692309284.7452838,-0.03014605440447555,0.049172348506015165,0.005170354388809659,0.04871637350765157,0.0,0.0
1692309284.8515851,-0.029995927492898873,0.04825750193516299,0.005425160084842633,0.04870372802487572,0.0,0.0
1692309284.9414566,-0.029506454130930025,0.047511559369192435,0.005747230850099894,0.04882990623660227,0.0,0.0
1692309285.050869,-0.02964913521218998,0.046787518293356756,0.006060292211706658,0.04829093530635918,0.0,0.0
1692309285.1495261,-0.02922238690967891,0.04619666475054365,0.006226341436711212,0.04820440654133784,0.0,0.0
1692309285.2625775,-0.028669799789205523,0.04570346450286016,0.006397961657546289,0.0481480429929035,0.0,0.0
1692309285.3641937,-0.02825041541374378,0.04526900158181591,0.00651232122915797,0.04791751507097021,0.0,0.0
1692309285.4443848,-0.02751742791586871,0.04493307125415796,0.006569479845269227,0.047924780007379736,0.0,0.0
1692309285.5373666,-0.027047978784432148,0.04463124023797251,0.006552621994346688,0.047665314549404696,0.0,0.0
1692309285.6466367,-0.025990732905597405,0.044455616985084184,0.006473008389086914,0.047899727761409355,0.0,0.0
1692309285.7617188,-0.02572583370594891,0.044240196707450156,0.006364150455371052,0.04741529216701445,0.0,0.0
1692309285.862435,-0.02615837618350938,0.04388735799299014,0.006212334610119651,0.04640286680405814,0.0,0.0
1692309285.960035,-0.025703881621724434,0.0435917043455147,0.005979825245212782,0.04624747707796727,0.0,0.0
1692309286.0471847,-0.025197807055929944,0.0433446350678916,0.005711349736703432,0.046118275435813594,0.0,0.0
1692309286.1500208,-0.024739040225110066,0.04312835546829183,0.005401056534679903,0.04593658786872367,0.0,0.0
1692309286.2580187,-0.023863798766266552,0.043003376584907105,0.00508275764488084,0.04610342387022918,0.0,0.0
1692309286.366387,-0.023709988369387695,0.042827518846993186,0.0047635728331582965,0.04562654628244067,0.0,0.0
1692309286.4568226,-0.023016961787456373,0.04270735963027446,0.004441831844419643,0.045656007837130225,0.0,0.0
1692309286.5517879,-0.022949032132216583,0.04252630774337515,0.0041288576277660445,0.0451446979362383,0.0,0.0
1692309286.6513493,-0.022000630087977258,0.04244692887824465,0.0038650423577910385,0.045428272693233754,0.0,0.0
1692309286.761745,-0.020568766316971243,0.04252239164768973,0.0036478645469740574,0.0460607060889103,0.0,0.0
1692309286.8524735,-0.020004492422044606,0.042570595196353755,0.003452818508784152,0.04588347691533068,0.0,0.0
1692309286.9540212,-0.020380583407349172,0.04244802301092132,0.0032849241532304785,0.04496524526705133,0.0,0.0
1692309287.0555985,-0.019201623627472526,0.04246104686713135,0.0031587329543416357,0.045481403625345106,0.0,0.0
1692309287.1625817,-0.01888065245791668,0.04243389803002906,0.003042258136705227,0.045202125224684676,0.0,0.0
1692309287.2514067,-0.01751584324328835,0.0425519442681303,0.00295134876714262,0.045840392818056165,0.0,0.0
1692309287.3533146,-0.016176508635173593,0.04277238678314564,0.002895426905866432,0.04637638893676854,0.0,0.0
1692309287.4504046,-0.01487773414436651,0.04306270440527458,0.0028857313186534802,0.04683281903283495,0.0,0.0
1692309287.5640724,-0.013792556127640299,0.04337392368261133,0.0028931298722335665,0.04709062141859607,0.0,0.0
1692309287.663228,-0.012385600184129096,0.043759619464274806,0.0028938141251657985,0.04763309756758758,0.0,0.0
1692309287.7675157,-0.010761900212123683,0.044240643949216486,0.0028773524796484144,0.04833797813277484,0.0,0.0
1692309287.864229,-0.01007681787616017,0.0446411289431767,0.002852897759107748,0.04823016592218304,0.0,0.0
1692309287.967106,-0.00853445253555726,0.04513185898620043,0.002806150324940084,0.04892931886827116,0.0,0.0
1692309288.052245,-0.0071050875861768765,0.04567248607898492,0.0027769849279434392,0.04950644034837734,0.0,0.0
1692309288.1646116,-0.006619755861601895,0.04610209161370741,0.002710158207546476,0.049296450240769854,0.0,0.0
1692309288.2669652,-0.005225856612041197,0.046604113597103224,0.002678054939040156,0.049956598074688316,0.0,0.0
1692309288.3639498,-0.00480428047841224,0.04700552335911731,0.0026202778732095353,0.04978386287176373,0.0,0.0
1692309288.4498558,-0.0036683830419674836,0.04745647726027835,0.0025571771894131075,0.050306660345535534,0.0,0.0
1692309288.5626366,-0.00346404461493403,0.047793267020774126,0.0025035991685056574,0.050043308518677054,0.0,0.0
1692309288.659625,-0.002301168286331652,0.04820906260119268,0.002473859329619763,0.05068198325753641,0.0,0.0
1692309288.7639751,-0.0011491952497955406,0.04868465823147375,0.0024290458735840214,0.051276933720791194,0.0,0.0
1692309288.858932,0.0002133536309028985,0.049240910621798126,0.0023951580755014654,0.05203112213110496,0.0,0.0
1692309288.953947,0.0012993588417038527,0.04981244487120459,0.002405635072515246,0.05252569366646985,0.0,0.0
1692309289.0568066,0.0019930900919133574,0.05033733753248729,0.0024003662124466862,0.05270974158931088,0.0,0.0
1692309289.165771,0.002856110005781931,0.050858528527658174,0.002440622029536381,0.05309504283729788,0.0,0.0
1692309289.2625253,0.004154319483199335,0.05145164894508223,0.0025322009880864626,0.05386903773850758,0.0,0.0
1692309289.3626568,0.00437887908089847,0.051928378228953305,0.0025712673817561453,0.05371988527460371,0.0,0.0
1692309289.4601817,0.005585237497955101,0.05248184172637396,0.0026732660293903475,0.054496314035730464,0.0,0.0
1692309289.5602484,0.006221485977865032,0.05299909401650226,0.0028266653092390826,0.054761878524756925,0.0,0.0
1692309289.658358,0.006636063107061407,0.05346255627161235,0.002931945556498534,0.054885946023570296,0.0,0.0
1692309289.7603843,0.0071126826777442795,0.053896512573234114,0.003067393133938175,0.05511900964410549,0.0,0.0
1692309289.8584259,0.0068630312104981375,0.054191857716507495,0.0032232094602814157,0.0547791538591893,0.0,0.0
1692309289.9575636,0.005746451723577203,0.05424619774377465,0.0033913688760961345,0.053819147976638,0.0,0.0
1692309290.0549712,0.0066179402549256805,0.05445093671373666,0.0036181734493990476,0.054682440490251144,0.0,0.0
1692309290.159499,0.006748316153921322,0.05464003811768839,0.00388265162629604,0.054813916426975764,0.0,0.0
1692309290.2569177,0.006009240576589442,0.05467882424975485,0.004118977737703691,0.0542260545082657,0.0,0.0
1692309290.357226,0.006781107742735498,0.05485561874401098,0.004363593529431688,0.054999297346643605,0.0,0.0
1692309290.456523,0.007893303731806103,0.055185590553949865,0.004623097149016834,0.05595474822596752,0.0,0.0
1692309290.556596,0.007840608999399201,0.05544706756538574,0.004756242325061863,0.05583349472198744,0.0,0.0
1692309290.6546636,0.008724484634743212,0.0558077564242848,0.004875644574295116,0.05655744054436415,0.0,0.0
1692309290.7574086,0.008676776818618339,0.056096378039725565,0.004881759136446473,0.05644382947560549,0.0,0.0
1692309290.8546407,0.009107535132132912,0.05640949987571946,0.004853770881751972,0.05679658824375905,0.0,0.0
1692309290.955955,0.009345928384734019,0.0567123012435466,0.004767743613860679,0.05698222195642421,0.0,0.0
1692309291.0583308,0.009493783136522767,0.05699617560951051,0.004606654209613515,0.05711175789174523,0.0,0.0
1692309291.1505992,0.008841784009494971,0.057132720068163084,0.004436660788946207,0.056598815660420604,0.0,0.0
1692309291.256261,0.009632172564052893,0.05740269354399338,0.004243322558693674,0.05739593378481806,0.0,0.0
1692309291.3578405,0.00958275487267094,0.057629149653218456,0.004053868206697618,0.05740349093006651,0.0,0.0
1692309291.4581292,0.009635391050918176,0.05784388541588225,0.0038289073083477157,0.057531831796686486,0.0,0.0
1692309291.5584788,0.009788454012429329,0.058066370594676654,0.003593810145654926,0.05775737259710591,0.0,0.0
1692309291.654208,0.009752141380638714,0.05826454862100764,0.0033248594518913437,0.057823427963477655,0.0,0.0
1692309291.761638,0.009060984239400525,0.058336093108792515,0.0030818535383250077,0.05736358484688134,0.0,0.0
1692309291.8520668,0.008233935220905526,0.05829522318750232,0.002819054176197103,0.05687584794100024,0.0,0.0
1692309291.9610136,0.006729872475194188,0.05806068580918814,0.002538295076420131,0.05589270481715234,0.0,0.0
1692309292.0562053,0.006385005214328636,0.05787388347080865,0.002298419117797345,0.055995018948171424,0.0,0.0
1692309292.1606548,0.0054180391441894125,0.0576159643269698,0.0020618737780611503,0.055523655977189314,0.0,0.0
1692309292.258695,0.0049472831982175286,0.057385329231440386,0.0018131570712235626,0.05549573799708737,0.0,0.0
1692309292.3594556,0.00379396201038713,0.05705787258547472,0.0016095308825543845,0.054858597901624714,0.0,0.0
1692309292.4474664,0.0034160948370280894,0.05678465996071334,0.001461583304526391,0.05491417838230014,0.0,0.0
1692309292.5578182,0.003116149205591034,0.05655928401979433,0.0013676318836285811,0.05497497018121623,0.0,0.0
1692309292.654129,0.003236855294342307,0.056433958338953615,0.0013346224999240832,0.05533556477796666,0.0,0.0
1692309292.736691,0.002121125219510983,0.056175394540244186,0.001314805615004383,0.05458097109273781,0.0,0.0
1692309292.855866,0.002370721027691117,0.05604228640318759,0.0013609369627502396,0.05504558257517676,0.0,0.0
1692309292.9322417,0.0026351848877409776,0.05599856512373176,0.0014701023911229628,0.05542157377189484,0.0,0.0
1692309293.0529282,0.0019040715652350474,0.05585447366520662,0.0016025621213986037,0.05489656445886102,0.0,0.0
1692309293.146697,0.001881560877178501,0.055753990481936994,0.0017467085155355435,0.055025534024387826,0.0,0.0
1692309293.2440877,0.0020907217273999023,0.05572255996977335,0.001875419798596582,0.05530917313090768,0.0,0.0
1692309293.3403218,0.001885889083777995,0.055668057538353966,0.0020655789518034505,0.05519525239737766,0.0,0.0
1692309293.4520833,0.0018191222925218115,0.05562315048517003,0.0022196701151101965,0.055206821424240424,0.0,0.0
1692309293.5553675,0.002191481259477155,0.05565707780989525,0.0023434316812037557,0.055576042922151986,0.0,0.0
1692309293.6478941,0.002601788282063854,0.05575319235340855,0.00245411948290168,0.05592264602518366,0.0,0.0
1692309293.7459116,0.0020657763236465593,0.055741333674617734,0.0025022354031719535,0.05543979991122224,0.0,0.0
1692309293.8506489,0.002425388356160578,0.05579836324073096,0.002535189359495966,0.055783954427975804,0.0,0.0
1692309293.9533532,0.002354294325795691,0.05583570913609942,0.0025199115856833552,0.055722119676110904,0.0,0.0
1692309294.0480163,0.002755221523760006,0.05593514697034589,0.0025123582403524065,0.056072097245265545,0.0,0.0
1692309294.153376,0.0031460285327609876,0.05607871422037247,0.002494418274553977,0.056373821540834416,0.0,0.0
1692309294.2492812,0.003372604529725103,0.05622738760224315,0.002482427431971473,0.05651457117392592,0.0,0.0
1692309294.346073,0.0026077485877733803,0.0562183475394826,0.0024601898618375586,0.05583119708973171,0.0,0.0
1692309294.4505906,0.0009971660864656784,0.055957667937438206,0.0024237523208734697,0.05455378011262592,0.0,0.0
1692309294.5482054,0.0013109555490914363,0.055829745134453386,0.002424380112370264,0.05504837898904791,0.0,0.0
1692309294.6400094,0.0018624013013795837,0.055835140750461906,0.0024252738368833026,0.05563550989522862,0.0,0.0
1692309294.7505581,0.0013720535197578056,0.05576284052913757,0.0024497712547035667,0.0552560649582494,0.0,0.0
1692309294.8432975,0.0015892497585031848,0.05574755292781398,0.002554395635791619,0.055517839321309895,0.0,0.0
1692309294.942512,0.0018040688675565338,0.055775059722948696,0.0026574398161114668,0.05573152573174632,0.0,0.0
1692309295.0557725,0.002349356843594474,0.05588219543332728,0.0028455251626314094,0.05619092598562918,0.0,0.0
1692309295.151403,0.0024369190035708624,0.05597586767646903,0.003019823522575449,0.05621140470896271,0.0,0.0
1692309295.24893,0.0018543404231016046,0.05594625024729455,0.00323449151505203,0.0556862113260938,0.0,0.0
1692309295.3510704,0.0025019880998989946,0.056034610200047595,0.003427555013945157,0.05627046399961736,0.0,0.0
1692309295.448931,0.0031752734601748554,0.056206845425905594,0.003663890410325421,0.05679478162933202,0.0,0.0
1692309295.5521605,0.003804198443573119,0.05643054998439903,0.003949190591738918,0.05722598571734041,0.0,0.0
1692309295.654453,0.004703333873117796,0.05673916483673774,0.004242172885192288,0.05785147526529459,0.0,0.0
1692309295.75318,0.005490287074320676,0.0570944478522072,0.004513621331440011,0.05833477352328108,0.0,0.0
1692309295.8531766,0.006164148785651207,0.05747003812810392,0.004737623171363975,0.05870700025042704,0.0,0.0
1692309295.9484012,0.00696206912696266,0.057888220162822114,0.004876761043668048,0.0591879813453305,0.0,0.0
1692309296.0518227,0.007292426614461415,0.05826869698322125,0.0048828082605531006,0.05927291462579558,0.0,0.0
1692309296.152878,0.007906499228267576,0.05866874005961723,0.004825581730885306,0.059647845281208735,0.0,0.0
1692309296.2411644,0.008335644155846991,0.059063062629244704,0.004593502831283678,0.05987624737538302,0.0,0.0
1692309296.3569162,0.00873218786081641,0.059445180995163494,0.004305330741890122,0.06010836368982629,0.0,0.0
1692309296.4566438,0.00921439094581659,0.05983412310499884,0.003991997938291238,0.06043975688856261,0.0,0.0
1692309296.5495389,0.008486217668045767,0.060031500201438374,0.003642510046925838,0.05977264131249594,0.0,0.0
1692309296.653837,0.008270425973376083,0.060175831485633643,0.0033052894953217527,0.059676825836865094,0.0,0.0
1692309296.7568877,0.00916344673405181,0.06046379143285687,0.0030137572295788895,0.06054526948728819,0.0,0.0
1692309296.8520625,0.009479104571431349,0.060760254334238095,0.0027631265324759794,0.06083553951225176,0.0,0.0
1692309296.9647796,0.009859335883627456,0.06107410925877216,0.0025723123397978893,0.06118168327291782,0.0,0.0
1692309297.0671406,0.009483780744415807,0.061277822592286695,0.002413459908702053,0.06089247216429301,0.0,0.0
1692309297.1547666,0.008300427828855388,0.061268309258118596,0.002353414655092617,0.060010236077626025,0.0,0.0
1692309297.25634,0.007777610283054701,0.06121512873402621,0.002318740993432142,0.05982098184406002,0.0,0.0
1692309297.359981,0.007537719563941037,0.06117252521409103,0.0023708028834185406,0.059886087685903894,0.0,0.0
1692309297.4531128,0.007827976475102083,0.06122434462461902,0.002440858691076876,0.06037190865065919,0.0,0.0
1692309297.5501828,0.0076147105721628295,0.06125264542995319,0.002650626632126598,0.060362813052567736,0.0,0.0
1692309297.6519651,0.006737444749296299,0.06116247194857771,0.002793816231415361,0.059803332881837014,0.0,0.0
1692309297.7515275,0.006273621386077494,0.06104751934373549,0.002990853609121054,0.059663502006461554,0.0,0.0
1692309297.864207,0.006159163308809045,0.060973802823118706,0.003163155234110481,0.05981557756665617,0.0,0.0
1692309297.960659,0.005514817908260919,0.06083681101735352,0.003364263396713063,0.05948460715258355,0.0,0.0
1692309298.0564375,0.0050471861422719195,0.06068284947983803,0.00356142210951886,0.059329935850043286,0.0,0.0
1692309298.1580892,0.00457563069673063,0.060512981394684084,0.0037608208285801747,0.05916853733049508,0.0,0.0
1692309298.2586715,0.0034662696152870705,0.060225967992676536,0.003933683856805947,0.058469678520359954,0.0,0.0
1692309298.3587105,0.0033123251049820197,0.06000667603916168,0.00412058527524724,0.058632284053054186,0.0,0.0
1692309298.4492114,0.002932563668426954,0.05980345761650552,0.004220735754859626,0.05853910851081684,0.0,0.0
1692309298.5578847,0.002819608064643458,0.05964580159091377,0.00434899188684265,0.05864750475069483,0.0,0.0
1692309298.6523979,0.002702740980435723,0.05952566986507481,0.004403896059116388,0.058706414533619036,0.0,0.0
1692309298.747109,0.0023024635234382947,0.059379311436711636,0.004465520592091408,0.05849779270088677,0.0,0.0
1692309298.8576622,0.0022475099845039926,0.059272011799389644,0.004502952332631808,0.05858659072216245,0.0,0.0
1692309298.9579706,0.002058369802276099,0.059166895395970066,0.00455280992648802,0.058530055623618585,0.0,0.0
1692309299.0539184,0.0019468768208886868,0.0590726699149806,0.004639662164916062,0.05852979425255322,0.0,0.0
1692309299.150389,0.0004920607364543221,0.05876926496699286,0.004684291750435699,0.05739194421591276,0.0,0.0
1692309299.2555017,7.211747634317802e-05,0.05848084415969822,0.0047442116042887405,0.05725387233893211,0.0,0.0
1692309299.3564734,-0.00021841040517327573,0.058221132461631436,0.004820742127208752,0.057195680586255584,0.0,0.0
1692309299.4544055,-0.0005802640500821935,0.057971825739470614,0.004863423544474776,0.05704199133147629,0.0,0.0
1692309299.5633805,-0.0019220084770808278,0.05756659574483769,0.004875080985995261,0.056052240926786095,0.0,0.0
1692309299.6536896,-0.0020961227123827237,0.05723463060411814,0.004920060190419941,0.05613077691516001,0.0,0.0
1692309299.7581823,-0.0029012820788678092,0.05684890332415557,0.0049765126955692175,0.0556111903005637,0.0,0.0
1692309299.8498855,-0.004880797766136652,0.05623183967412855,0.004997054347855699,0.05413009123238513,0.0,0.0
1692309299.964768,-0.005474236594469481,0.05567315022290936,0.004998408515001042,0.053943845447718894,0.0,0.0
1692309300.0542746,-0.005388532543262897,0.05524987093082475,0.00512440855033767,0.054257327396596305,0.0,0.0
1692309300.157373,-0.005309544847092098,0.05492855047858901,0.005241947801719015,0.054439780780734054,0.0,0.0
1692309300.2506428,-0.0059731292436129325,0.054555263771374186,0.005350441067143161,0.05391761579648568,0.0,0.0
1692309300.3578422,-0.005923165657269517,0.05425478910600032,0.005502715489551998,0.05401486181745259,0.0,0.0
1692309300.4535701,-0.006494180283619949,0.053913969113915335,0.005579256457727657,0.053527249827833114,0.0,0.0
1692309300.555388,-0.008242395666422691,0.05335168661748216,0.005564278596180887,0.05208058603967683,0.0,0.0
1692309300.64859,-0.007706042626189678,0.0529891651451668,0.005633722139881074,0.0526849870492119,0.0,0.0
1692309300.7601044,-0.007875797202895541,0.05266321388760732,0.005647480265574692,0.05253783079310162,0.0,0.0
1692309300.8616579,-0.007479939270766069,0.05245930457939942,0.005584196153574958,0.05283327972328412,0.0,0.0
1692309300.9637578,-0.007833512235094974,0.052217094730742986,0.005475115646863681,0.052421758885658414,0.0,0.0
1692309301.0599017,-0.007760063653731275,0.05201434645522728,0.005369470689627549,0.05239641442570957,0.0,0.0
1692309301.163119,-0.007710782982289676,0.05183638607343721,0.005260331061506812,0.05232312693872666,0.0,0.0
1692309301.2547727,-0.007133272640953331,0.051765961170346854,0.005122355707808001,0.05267552206395379,0.0,0.0
1692309301.35502,-0.006631282873852488,0.05175864657184399,0.004990314604726598,0.05289792449761217,0.0,0.0
1692309301.455639,-0.005698705660359873,0.051869400748652136,0.004860912696395763,0.05344586878610561,0.0,0.0
1692309301.5764148,-0.006271907011865369,0.05182434550322235,0.004658803513983998,0.05266937664604384,0.0,0.0
1692309301.6709967,-0.006205841208009203,0.05177243346932052,0.004435960603206272,0.05255153000444392,0.0,0.0
1692309301.756998,-0.006782850257991665,0.05160985445073775,0.004210696963669,0.05191004914710502,0.0,0.0
1692309301.8516061,-0.006634014539258965,0.051488201370595274,0.003979311451603446,0.05195486712702902,0.0,0.0
1692309301.9634495,-0.006686625185372491,0.051364549833285894,0.0037051494208212407,0.051804577851929386,0.0,0.0
1692309302.0701811,-0.00634594742758984,0.051303324016357316,0.0034156166668192576,0.05198791053604801,0.0,0.0
1692309302.1564825,-0.0064092432346208395,0.05122045428966798,0.0031184666324597407,0.05179482640918129,0.0,0.0
1692309302.2597122,-0.00712979150203004,0.05101371542952576,0.002837257804539918,0.05107254897621343,0.0,0.0
1692309302.3568306,-0.0066911001914148,0.05090792959689749,0.0025970449556491533,0.05140334894216573,0.0,0.0
1692309302.4628356,-0.006270263993510042,0.05087038613483188,0.002420972493759383,0.05164713164484839,0.0,0.0
1692309302.5639126,-0.0053552388140137575,0.050963130360002745,0.0023071856435917565,0.05225844175102132,0.0,0.0
1692309302.660522,-0.004997730549378417,0.05105736932933099,0.0022791087998292174,0.052321475501571735,0.0,0.0
1692309302.7432802,-0.0048251075131405755,0.051123624489164424,0.0023168953034671965,0.05223883201354591,0.0,0.0
1692309302.8368335,-0.0043209537529565675,0.05122420980164226,0.0024296980689683676,0.052460557014628886,0.0,0.0
1692309302.952564,-0.0035947027850999867,0.05139000335225425,0.0025482276010711288,0.052850483004049674,0.0,0.0
1692309303.0485196,-0.00414290387320019,0.05138742871226882,0.002771194169451939,0.05214258252017777,0.0,0.0
1692309303.1574988,-0.003053276930172313,0.05154157317020148,0.0029752844146333068,0.05292064010908493,0.0,0.0
1692309303.2592564,-0.0018891810570212835,0.05181630402710543,0.0032294243309397967,0.05365982699647969,0.0,0.0
1692309303.3618176,-0.0007899323305930875,0.05216597340202908,0.003546802221372762,0.054272143263368496,0.0,0.0
1692309303.453597,-3.808404644179775e-05,0.05253079067414511,0.0037336791648146647,0.05455612641693845,0.0,0.0
1692309303.5586145,0.001746550311111172,0.05307626679488241,0.0038719439749226605,0.055721285667725606,0.0,0.0
1692309303.6681154,0.0031534354034183478,0.05368802322938615,0.004039099999658187,0.05647532458740282,0.0,0.0
1692309303.760707,0.0036383802150478086,0.05420424271735012,0.004181812732337978,0.05644389772820983,0.0,0.0
1692309303.8506494,0.0039717087943417426,0.05463361837603212,0.004286822229066829,0.05638303676545237,0.0,0.0
1692309303.9563038,0.004859294595374157,0.055092032608743305,0.004412397580171623,0.05687053746609236,0.0,0.0
1692309304.0570166,0.005541476246136276,0.055549408967696244,0.0044504817333357516,0.0571854718360177,0.0,0.0
1692309304.1624038,0.006313535826688096,0.056020334373774,0.0044741274508542555,0.057602647974407936,0.0,0.0
1692309304.2653282,0.006937386491581543,0.05647830964535302,0.004508877328631592,0.05790833736144484,0.0,0.0
1692309304.35563,0.007082215863476205,0.05685557202934395,0.00449652360227562,0.05784222185326597,0.0,0.0
1692309304.4614217,0.007418354684573218,0.057205171305499077,0.004504267949111326,0.05801101746548844,0.0,0.0
1692309304.5660257,0.007050998892495016,0.0574262655620009,0.004456246260407699,0.057623138573778,0.0,0.0
1692309304.6519306,0.006789383111219022,0.057573008271466636,0.00438003839777954,0.057423599430583123,0.0,0.0
1692309304.7497165,0.006828025496856741,0.05770809035477381,0.004397955273616316,0.057529876746689856,0.0,0.0
1692309304.8474085,0.005878214904046382,0.05767722376088842,0.004405690520370819,0.056812956127938984,0.0,0.0
1692309304.9616697,0.004424532943086775,0.057446166969025825,0.004367483171206506,0.05578471751144856,0.0,0.0
1692309305.0644498,0.004300873717555252,0.05728479695194361,0.004342879732117707,0.0559921932827085,0.0,0.0
1692309305.158817,0.004439593364900132,0.057208397246087034,0.004393824035524656,0.056351136370365484,0.0,0.0
1692309305.2569082,0.004395519028061905,0.05716240250192406,0.004471744149614129,0.05648074362268883,0.0,0.0
1692309305.3606696,0.004331721907612267,0.05713164182908867,0.004586396441518742,0.056561464029322134,0.0,0.0
1692309305.4449384,0.0033292887049733923,0.05695799903540592,0.0046965918325235015,0.05583727686688216,0.0,0.0
1692309305.548772,0.0027145314706055355,0.05674432786686173,0.004799198447021491,0.055524077725956196,0.0,0.0
1692309305.6674356,0.0015457863431731379,0.05640844572337939,0.004887766084106986,0.05476005530243164,0.0,0.0
1692309305.751473,-0.00020063847354609356,0.05589306349991183,0.00489283927490558,0.053578750734888436,0.0,0.0
1692309305.8535812,0.00019996223206424047,0.05558891124700383,0.004946549816122837,0.05429264673140723,0.0,0.0
1692309305.9473593,0.00015215752611370378,0.05536461768122231,0.004964134019747704,0.054457740391437345,0.0,0.0
1692309306.049742,0.0004335006146143394,0.055246329869481074,0.00498922455768261,0.05483004564903567,0.0,0.0
1692309306.1506262,0.0006422073734061976,0.055195425267987486,0.004966672023800787,0.05505920159516077,0.0,0.0
1692309306.2672591,0.001150773547330067,0.05524050030665255,0.004924283739683464,0.055492583300851876,0.0,0.0
1692309306.3683977,0.0009456706128084087,0.055238912493072806,0.004843490504268999,0.05526735888103306,0.0,0.0
1692309306.4626796,-7.313888798492283e-05,0.055072271786655386,0.0047068656744548,0.05440119683607874,0.0,0.0
1692309306.5615864,-0.0021679954268108157,0.05461083261084112,0.0045061176250382915,0.052751643234605974,0.0,0.0
1692309306.6605935,-0.0017472508464923902,0.05434770450605698,0.004290244635557919,0.05339456743329753,0.0,0.0
1692309306.762495,-0.0011720173374722123,0.05424838945923547,0.004075419914556641,0.054012673128595264,0.0,0.0
1692309306.8616934,-0.0007181828247770714,0.054245810967258445,0.003853174405291134,0.05441008165433426,0.0,0.0
1692309306.960969,-0.0016103362606457547,0.054092363120444416,0.0035966958057405537,0.053618840142205706,0.0,0.0
1692309307.056059,-0.001032175438192189,0.05407000885720398,0.0033754824187445056,0.05416114601768562,0.0,0.0
1692309307.1594193,-0.00044374424997596775,0.054143693174797045,0.0031671330610846516,0.054619309764078396,0.0,0.0
1692309307.249491,2.69365664454425e-05,0.054266786412655664,0.0029935592362540756,0.05491797005251349,0.0,0.0
1692309307.3501444,-0.00018491799277292785,0.054314723180569825,0.0028398246697095486,0.05462094228420202,0.0,0.0
1692309307.4488235,8.452685027289145e-05,0.054389408402157224,0.002697631421425101,0.05478534729270578,0.0,0.0
1692309307.5515146,0.0005248287270136185,0.05451187372453033,0.0025781017262129008,0.05507962624764356,0.0,0.0
1692309307.651643,0.0001907273022141193,0.05454252272265962,0.0024723388337180015,0.054701355871782494,0.0,0.0
1692309307.7484381,9.519954003274032e-05,0.05454683929908686,0.00239715138733331,0.054591543979412065,0.0,0.0
1692309307.851094,0.0005492333182006739,0.05462181407721254,0.002375375553483694,0.0549600996218534,0.0,0.0
1692309307.9473634,0.0011362332441949693,0.05476816155040134,0.0024256717081968917,0.05539221576025519,0.0,0.0
1692309308.0611882,0.0005963653658551242,0.0547813070946378,0.0025180974179865026,0.0548382714291345,0.0,0.0
1692309308.1683393,0.0011820818984335502,0.054881890077830266,0.002687969216551643,0.055319007380870096,0.0,0.0
1692309308.2679403,0.0008337529738556456,0.05489806121607242,0.00280471098237576,0.054957891996863406,0.0,0.0
1692309308.3556356,0.0016428210356429537,0.05503524940268799,0.0030265567784534663,0.05562620621793352,0.0,0.0
1692309308.4655993,0.0022451747668680525,0.05522283864232347,0.0033396273799303684,0.05603523355495978,0.0,0.0
1692309308.5562644,0.0015805863705972434,0.05525399042938068,0.0035278660241636313,0.05535204161760468,0.0,0.0
1692309308.6581664,0.002274402388084318,0.055380145593595206,0.0038304166130365682,0.055922192070163995,0.0,0.0
1692309308.7586162,0.003096199594414153,0.05559587144259308,0.004196264576756768,0.05652644753085671,0.0,0.0
1692309308.851934,0.0031674769579246673,0.05575353339964589,0.004587756332041736,0.0564418794438211,0.0,0.0
1692309308.95052,0.003744157574167549,0.0559576827933807,0.00496080977936076,0.05682127629274525,0.0,0.0
1692309309.0520487,0.004600518948908651,0.05624771375492156,0.005272795147334879,0.057407067312500296,0.0,0.0
1692309309.1504116,0.005738336414085712,0.0566419304000572,0.005585960829179693,0.058181830816481324,0.0,0.0
1692309309.2559056,0.006566306494647817,0.057065895353634495,0.005865153748768403,0.05863907405038807,0.0,0.0
1692309309.3607955,0.00726919857121454,0.057500926397156635,0.006056706980495176,0.05899109473425036,0.0,0.0
1692309309.458449,0.007876505484501712,0.05792394650526851,0.006246132291190702,0.05928164689103556,0.0,0.0
1692309309.5564594,0.007656892366748436,0.058219371198884706,0.006304460359825195,0.0589076765059305,0.0,0.0
1692309309.6596208,0.00823727077591091,0.05855270944127428,0.006313809855133878,0.05931480736306573,0.0,0.0
1692309309.7575173,0.00822369743859732,0.058830446692801255,0.006145339674247664,0.05921548570670271,0.0,0.0
1692309309.8574588,0.007448112853238839,0.05893745168674485,0.005912725031531988,0.05854356346461703,0.0,0.0
1692309309.955992,0.00776635755240168,0.05910098413163287,0.0056596040128199104,0.05891285726672138,0.0,0.0
1692309310.0635905,0.007944229348391894,0.05928191395257586,0.005392424653809837,0.059129530525330286,0.0,0.0
1692309310.1466742,0.006608663453359318,0.05922786768194722,0.005090542463537854,0.058075862373603016,0.0,0.0
1692309310.2630086,0.0066733408724778,0.05923252740969914,0.004812842337491392,0.058353823536788356,0.0,0.0
1692309310.3581586,0.0065740533071176515,0.0592479573494711,0.004605343518559437,0.058446153352497324,0.0,0.0
1692309310.4528384,0.00654570315673101,0.05928095496974782,0.004463631933235986,0.05858228217182103,0.0,0.0
1692309310.5644698,0.0063616556262209795,0.059301768884335436,0.004343284228493601,0.05856914183601928,0.0,0.0
1692309310.6459491,0.006337313547540385,0.05933662625980628,0.004282986332500967,0.05869298740519171,0.0,0.0
1692309310.7461896,0.00530386627509035,0.05921748552345038,0.004220426637172489,0.057957768978608666,0.0,0.0
1692309310.8487191,0.00552746069342781,0.059191235469741775,0.0041948240163733105,0.05837105345208476,0.0,0.0
1692309310.949705,0.005682404481938305,0.05921891381382434,0.004192207928120692,0.05865155296060098,0.0,0.0
1692309311.045723,0.0048795201428938175,0.05912893015258261,0.0041716882013532915,0.05808909197167843,0.0,0.0
1692309311.1538186,0.00452591713854422,0.05902819725848733,0.0041293522917121095,0.057977862066636944,0.0,0.0
1692309311.2576394,0.004733408003785192,0.05901168904163896,0.004054450802951727,0.05833417874146227,0.0,0.0
1692309311.3569617,0.0036375916657913525,0.05884054456478681,0.003939726779535848,0.057538930874924635,0.0,0.0
1692309311.4513907,0.003938331583033545,0.05878538014756899,0.0038271010229777346,0.058010513179267365,0.0,0.0
1692309311.5610387,0.004020396085221215,0.058777732570899126,0.0036797817250238075,0.05821030406504756,0.0,0.0
1692309311.6528933,0.0043396863863883715,0.05884126264981946,0.0035321402006739822,0.05857322213094137,0.0,0.0
1692309311.7540672,0.0040676894830273405,0.058860750778274046,0.003329247403182103,0.05839332352915334,0.0,0.0
1692309311.8618584,0.004180960588512696,0.05891123811716638,0.003101176524000457,0.05856850114586118,0.0,0.0
1692309311.9601696,0.003628950698465197,0.05887312742527889,0.0028927276767089674,0.05816793540416095,0.0,0.0
1692309312.0467427,0.0033835957415390473,0.05882147786743121,0.0027049923242918315,0.05808300753215311,0.0,0.0
1692309312.1595101,0.0030995402484675126,0.05875272033774395,0.0025410532589146074,0.05797024199836269,0.0,0.0
1692309312.258223,0.0036859619031809655,0.05881339970854911,0.0024164368257737186,0.05859041634321889,0.0,0.0
1692309312.3556461,0.004016955649024919,0.058924843961939935,0.002310637957383771,0.0589049022309456,0.0,0.0
1692309312.452515,0.0046969848982304245,0.05912986399918652,0.002245943836379844,0.05947869914128306,0.0,0.0
1692309312.5531788,0.005676211714766954,0.05945206607665349,0.0022216299273238485,0.06024389989534028,0.0,0.0
1692309312.648818,0.005048794592173192,0.059594293097759835,0.002268795769453949,0.059598372772828895,0.0,0.0
1692309312.7475848,0.006559255450678707,0.059961873176903005,0.0023423486506838473,0.06087084365551454,0.0,0.0
1692309312.8634105,0.007588919117556943,0.0604109406090305,0.002490295084389044,0.0615956789691645,0.0,0.0
1692309312.959829,0.008743177507950393,0.06094564184091924,0.0026174115447077477,0.06238431064467846,0.0,0.0
1692309313.0565152,0.009910574435317412,0.061547418171605875,0.002735841832726831,0.0631481684024847,0.0,0.0
1692309313.1603076,0.011396336481155863,0.06224997354113016,0.0029230719060214555,0.06415790919923983,0.0,0.0
1692309313.249892,0.012801882037450491,0.06301311053381277,0.0032029563143996694,0.06505745645784569,0.0,0.0
1692309313.367731,0.014103984707667168,0.06381072444774175,0.003499307293046957,0.06585613858254466,0.0,0.0
1692309313.4661047,0.015519087036234929,0.06466012640151564,0.0037653349648619477,0.06675703396669265,0.0,0.0
1692309313.5661075,0.017007101456582213,0.06555692896213462,0.004103912601736823,0.06771830964720149,0.0,0.0
1692309313.6650624,0.01896940153289161,0.06657384010907433,0.004462365858440332,0.06907292672188908,0.0,0.0
1692309313.7480898,0.020959959810103408,0.06768317218917433,0.004881939666358508,0.07040402021201264,0.0,0.0
1692309313.8617575,0.022513839616005657,0.06880854393633189,0.005180917086523244,0.07134334638955728,0.0,0.0
1692309313.9636939,0.024097180745401743,0.0699495363717386,0.005481162514540557,0.07234751427457914,0.0,0.0
1692309314.0638707,0.026256803822564536,0.07120677072122529,0.005751945947158176,0.0738642428544053,0.0,0.0
1692309314.1567888,0.028188940247535127,0.07252753088310962,0.005884089563950499,0.07515728979480372,0.0,0.0
1692309314.2716963,0.03005850119083844,0.07388563048796316,0.00598664058180913,0.07641241992352268,0.0,0.0
1692309314.352065,0.03140742288386097,0.07520089247801398,0.00596386370776467,0.07725937079624137,0.0,0.0
1692309314.4551303,0.032464617057840296,0.07644505568037714,0.005846735231153518,0.07794864451290898,0.0,0.0
1692309314.5494566,0.03404153940240431,0.07773368632752446,0.005605746003831071,0.0791703070755515,0.0,0.0
1692309314.6604366,0.03540196404756221,0.07902359810165907,0.00529064330867893,0.08022829468711316,0.0,0.0
1692309314.7530081,0.03597962236354215,0.08019375727179419,0.004862225323258617,0.08067675040581142,0.0,0.0
1692309314.8642473,0.03628068312087239,0.08123471698816553,0.00444692624441999,0.0810175837621058,0.0,0.0
1692309314.9472454,0.03767673034916494,0.08236782983681194,0.0040307926571433875,0.08239002520331952,0.0,0.0
1692309315.0449955,0.03850125851772529,0.08347639102925106,0.003643205607077023,0.08324715526358677,0.0,0.0
1692309315.146675,0.03999159591929064,0.08467864763112738,0.0034023611718307597,0.08470350243782701,0.0,0.0
1692309315.239774,0.04032782299031159,0.08576218818315212,0.0032778728629957216,0.0851564487386225,0.0,0.0
1692309315.3376284,0.04090572881303144,0.0867971708575737,0.0034218215543074353,0.0859169664193395,0.0,0.0
1692309315.4619424,0.043661388316163306,0.08816192722414001,0.0036518654489399913,0.08854134750466108,0.0,0.0
1692309315.5617056,0.04474746262452981,0.08948664528610789,0.0040360210712648776,0.08956641792974097,0.0,0.0
1692309315.6598241,0.04638345757501864,0.09087739591310018,0.004525261772366599,0.09110467988154408,0.0,0.0
1692309315.7581267,0.04837664550664432,0.09237284747257185,0.0051578637984909855,0.09292123629686067,0.0,0.0
1692309315.8585637,0.04953974935862694,0.09382972595045484,0.005664424512393443,0.09399700194427843,0.0,0.0
1692309315.9634202,0.050664814605700645,0.09525809839086674,0.0060844791663212236,0.09510936558339875,0.0,0.0
1692309316.058002,0.05223397082999221,0.09675268154969019,0.00633690916771148,0.09664908555318831,0.0,0.0
1692309316.1625924,0.053570091474142045,0.09825959201295295,0.006495303597787109,0.09799117889051465,0.0,0.0
1692309316.262477,0.0538084306672255,0.09960181583749142,0.0065605463488852215,0.09844840137416389,0.0,0.0
1692309316.36207,0.054449321567174205,0.10089276049975701,0.00662873978625824,0.09939062646824616,0.0,0.0
1692309316.4621084,0.05475935105591492,0.10209617691048833,0.006699955153447473,0.10011493112999127,0.0,0.0
1692309316.55476,0.054950944760639914,0.10321021403613694,0.006918808104108788,0.10081899326268474,0.0,0.0
1692309316.6558733,0.05283377256431735,0.10386883265584812,0.007371867723422377,0.09966098477743483,0.0,0.0
1692309316.767846,0.05250181794165369,0.10446322006481387,0.008241814721248781,0.10028695898071649,0.0,0.0
1692309316.8554995,0.051767543754256726,0.1049455968507414,0.009287179965157075,0.10056160305077373,0.0,0.0
1692309316.9579008,0.05120094369097784,0.10535339936478666,0.010527096790456283,0.10099996932879596,0.0,0.0
1692309317.0493567,0.0500616027554308,0.10560177758919584,0.01188057708838664,0.10094386809524812,0.0,0.0
1692309317.1443775,0.04879157415033512,0.10571127102203526,0.013247594835898924,0.10081681608029128,0.0,0.0
1692309317.272335,0.047625318349202334,0.10569351300565635,0.01476923370877912,0.10080219088827297,0.0,0.0
1692309317.3721097,0.04648444084174125,0.10560819414846405,0.01622004314051413,0.10079375438826316,0.0,0.0
1692309317.453848,0.044823655045644686,0.10539505585166796,0.01751257762722982,0.10032419574616641,0.0,0.0
1692309317.5440948,0.04194808312608232,0.1048835219584166,0.01863367351325644,0.09886823487331539,0.0,0.0
1692309317.64831,0.04072061370837462,0.10444359972503786,0.019535499678633304,0.09892778547485238,0.0,0.0
1692309317.7412004,0.03836857946229243,0.10385765366296906,0.02024905884842866,0.09794957231775724,0.0,0.0
1692309317.853086,0.03401422859776924,0.1028892152915028,0.020506666084252965,0.09534868864403644,0.0,0.0
1692309317.937275,0.030973727191992588,0.10185154340342895,0.020438358910167806,0.09409647974169147,0.0,0.0
1692309318.0374026,0.028893615607082944,0.1008969206861812,0.02019917371440981,0.09366196071848772,0.0,0.0
1692309318.1516302,0.026433137821008267,0.09999345756643606,0.0194501007972997,0.09280630854915921,0.0,0.0
1692309318.2557912,0.023802602544311092,0.09901659639683183,0.01873379168918684,0.0917865252655977,0.0,0.0
1692309318.3503428,0.020316508418452863,0.09787793405309088,0.017755558844785874,0.09004555877582565,0.0,0.0
1692309318.449694,0.0177488648099727,0.09674531264556929,0.016711363379575843,0.08915681757667065,0.0,0.0
1692309318.5493183,0.014288092330777182,0.09547014716879071,0.015501703823208016,0.08746794754390323,0.0,0.0
1692309318.6501324,0.01062810237828972,0.09402539036657274,0.014378581123683957,0.08566716468723949,0.0,0.0
1692309318.7513745,0.008027047706755344,0.09260671485615604,0.013473231291102174,0.08479402756103628,0.0,0.0
1692309318.8458183,0.005430490872514637,0.09118032083755626,0.012858941307477572,0.08381955735417775,0.0,0.0
1692309318.9343317,0.002155145263717778,0.08961711599274605,0.012494389384094045,0.08219011286674867,0.0,0.0
1692309319.032249,-0.0012308219500198766,0.08786552084753448,0.012671385446937624,0.08046563367918384,0.0,0.0
1692309319.1342728,-0.004300883006559623,0.08606610181611236,0.012882301788024329,0.07898490673764078,0.0,0.0
1692309319.2640224,-0.007419646870430632,0.08417660964682933,0.013270269303456306,0.07739554178678623,0.0,0.0
1692309319.357071,-0.010534451803885077,0.0822244543241496,0.013673357765042882,0.07574458244838764,0.0,0.0
1692309319.4556832,-0.014105299295565863,0.08015185784370357,0.01399280383165747,0.07364818040576548,0.0,0.0
1692309319.5542681,-0.018925670918673247,0.07781995745081552,0.01399869940085778,0.07049747718009418,0.0,0.0
1692309319.6601913,-0.021783335416660957,0.07558890694387166,0.013897629418327982,0.0691046124456626,0.0,0.0
1692309319.7561831,-0.02548572236884734,0.07329711162691477,0.013590016499757366,0.06685212580288186,0.0,0.0
1692309319.8590536,-0.02869556390650197,0.07102229988607833,0.013162357288655195,0.06499046412274513,0.0,0.0
1692309319.944019,-0.03150012751366074,0.06880970641955736,0.012662098307643716,0.06338599976124448,0.0,0.0
1692309320.0545704,-0.035458783774447555,0.066444614009592,0.012054538583449155,0.0607063571947351,0.0,0.0
1692309320.1574948,-0.039887313861126476,0.06387079871920556,0.011416246313731832,0.057675395176571304,0.0,0.0
1692309320.2614546,-0.0428223647673929,0.06138349624971801,0.010743272411614694,0.05595399189062811,0.0,0.0
1692309320.3579688,-0.04511136654976078,0.05904734711049297,0.010068766813135153,0.054633123325330914,0.0,0.0
1692309320.4637198,-0.04786107932255869,0.056723452290709624,0.009441870258522415,0.052750623467052435,0.0,0.0
1692309320.562629,-0.05119029270331754,0.054304289078948006,0.008823474608509333,0.0503040851055763,0.0,0.0
1692309320.6602287,-0.052965325204916244,0.052055054886337604,0.008272361663351095,0.04915247016277413,0.0,0.0
1692309320.751758,-0.0557022817166311,0.04976067411159261,0.007743869365176365,0.04701053373254243,0.0,0.0
1692309320.8522863,-0.057468029634644424,0.047577045873842524,0.007292395935695459,0.04564991305275804,0.0,0.0
1692309320.953502,-0.059733689398052,0.04538355839187757,0.006872770804361589,0.04373250658947321,0.0,0.0
1692309321.049989,-0.0606409696101105,0.04339013288923386,0.006544820662575685,0.04290135145469253,0.0,0.0
1692309321.1542928,-0.06230775501936966,0.04141449644062608,0.006224583957678558,0.04124355030379336,0.0,0.0
1692309321.2493272,-0.06325538548438824,0.03955463058152915,0.005976954174978106,0.0401349380912996,0.0,0.0
1692309321.3430665,-0.06471961053729196,0.0376953947990115,0.005719089342223635,0.038473039156997534,0.0,0.0
1692309321.4374838,-0.06475273366821094,0.0360621806019403,0.005502152660380738,0.037976341802432256,0.0,0.0
1692309321.55146,-0.0648955165588703,0.03456604559099442,0.005330986540310575,0.03720492285194061,0.0,0.0
1692309321.6520774,-0.06465688225081923,0.03322675356816361,0.00520769923531824,0.03663922725722441,0.0,0.0
1692309321.7329862,-0.06487770015259377,0.0319328167101931,0.005056283408920122,0.03557075856096349,0.0,0.0
1692309321.8497818,-0.06577951423921079,0.03056272981013815,0.004854710983907617,0.0339058163860461,0.0,0.0
1692309321.9412503,-0.06450728919189845,0.029488176097218044,0.004690514579333979,0.034112996379982184,0.0,0.0
1692309322.052185,-0.06322119574189562,0.02863236910962345,0.004528793728729301,0.03412944516035339,0.0,0.0
1692309322.1545718,-0.06146921001723004,0.028009712582586124,0.004396986970129939,0.034403464726440826,0.0,0.0
1692309322.2364194,-0.05965530737022112,0.027568246662658714,0.004295684911661155,0.03459612933248524,0.0,0.0
1692309322.3530178,-0.057988100639746666,0.027239376804445336,0.004213772007400771,0.03457844931914172,0.0,0.0
1692309322.4513521,-0.055222763869749524,0.027179082391923296,0.004162123276427814,0.03544386118081708,0.0,0.0
1692309322.5536742,-0.053265789237311234,0.027191523328165438,0.004093618843863449,0.03550049271628251,0.0,0.0
1692309322.658121,-0.05020613303428642,0.02744734163729676,0.0040263100772848955,0.03649041371924017,0.0,0.0
1692309322.7528164,-0.04728410801095902,0.027866822147186082,0.00395158278842748,0.037264819106919235,0.0,0.0
1692309322.8522878,-0.043832306339785916,0.028509021355428807,0.003820442266606116,0.0384448501123852,0.0,0.0
1692309322.9545383,-0.04053637405364558,0.029295487531273697,0.003673802669485789,0.03942891278775899,0.0,0.0
1692309323.0575278,-0.03696289175115557,0.03025033873915616,0.0034511610362822354,0.040635740834614215,0.0,0.0
1692309323.1559012,-0.032902451715407885,0.03141706178235383,0.0032263420497224923,0.04223151923759187,0.0,0.0
1692309323.2571917,-0.02872975025732231,0.03277078794500684,0.0029927485298961378,0.043874900645652824,0.0,0.0
1692309323.3452883,-0.0245824501700855,0.03427481549750087,0.0026492352565523993,0.04547478770142981,0.0,0.0
1692309323.4554315,-0.019994225480524423,0.03597376777019648,0.002323710595200438,0.047452827692831746,0.0,0.0
1692309323.5658352,-0.015541552501072394,0.03780925772451696,0.002003583634582709,0.04929772008685523,0.0,0.0
1692309323.6537712,-0.011349401273518538,0.03971939878420818,0.001687854131318066,0.05094976794652437,0.0,0.0
1692309323.7538536,-0.007462606929834734,0.04165257400571892,0.0013861916714062517,0.052414826248345335,0.0,0.0
1692309323.8612454,-0.0032526518374796946,0.04367346609023446,0.0009899139166664554,0.054250677659599025,0.0,0.0
1692309323.9643922,0.0007141824659532476,0.045733708185171425,0.0005021400366102208,0.055936390398983314,0.0,0.0
1692309324.0618446,0.004872307470559837,0.04787513650449694,6.124042158770296e-05,0.05786480327640017,0.0,0.0
1692309324.1617794,0.009019288551671643,0.05008819333692617,-0.0004203961098275126,0.05983922376660268,0.0,0.0
1692309324.2618728,0.013274392814229317,0.05239508980219338,-0.0007806086513198768,0.06196274086772772,0.0,0.0
1692309324.360894,0.017383327129180507,0.05476159097143581,-0.0011030839718221914,0.06401346287501851,0.0,0.0
1692309324.4595091,0.02139868084090598,0.05717776248817868,-0.0012951821294942718,0.06605654480996302,0.0,0.0
1692309324.5491645,0.02536840114481244,0.05964101029494919,-0.0013488050578393412,0.06814064645451338,0.0,0.0
1692309324.6626503,0.030133134552435808,0.06228562125827457,-0.0013366906984512007,0.07096782350427856,0.0,0.0
1692309324.7659,0.03392095932957163,0.06491820154771963,-0.0012568234250151635,0.07296615192493403,0.0,0.0
1692309324.8648825,0.03833766646998586,0.0676638792970359,-0.0011469285397365087,0.07561093902116559,0.0,0.0
1692309324.9662838,0.04387295648941063,0.07069286442160991,-0.0010479130810090752,0.07922235994415162,0.0,0.0
1692309325.0664074,0.04701182533228675,0.073550445027245,-0.0009736832625389783,0.08075442518489552,0.0,0.0
1692309325.1655772,0.05081009642364823,0.07641288520246695,-0.0009408581938735007,0.08307262041425495,0.0,0.0
1692309325.2645335,0.055316980839418925,0.07941237063873273,-0.0010120287219076702,0.0860862290709413,0.0,0.0
1692309325.3636339,0.057824767629429806,0.08219750527754963,-0.0012160714015886668,0.08744207044410496,0.0,0.0
1692309325.4561596,0.059038544915388486,0.08462560153817714,-0.0016853991401430415,0.08796498022904901,0.0,0.0
1692309325.5454073,0.06070444686321601,0.0868862813798913,-0.002243546597766715,0.08918560464224684,0.0,0.0
1692309325.6530213,0.061448384787231136,0.08888080825727697,-0.002910976353315305,0.08980910445266643,0.0,0.0
1692309325.7607331,0.062150460149930836,0.09069723416973777,-0.0034433247277322297,0.09062128928055528,0.0,0.0
1692309325.8573804,0.06320366332382088,0.09245474060750987,-0.0037763274424642505,0.09188661066818321,0.0,0.0
1692309325.9577339,0.06308590111423455,0.09398265486499197,-0.003925900672315201,0.09224839982739963,0.0,0.0
1692309326.0568016,0.06383077089759795,0.09549080084704045,-0.003928465324490587,0.09351422146980404,0.0,0.0
1692309326.156598,0.06391762206497058,0.09687878491168192,-0.003790722345463989,0.09426082829227513,0.0,0.0
1692309326.2545485,0.06327573675874829,0.09806335556767443,-0.003444325210334096,0.09449482975844477,0.0,0.0
1692309326.3626313,0.06341573363465662,0.09922777817575598,-0.003009564664604144,0.09552695253720654,0.0,0.0
1692309326.455003,0.06160239333709813,0.10005421772936855,-0.002600063999376507,0.09493765054745118,0.0,0.0
1692309326.5599978,0.061202779330811544,0.10086806656885247,-0.002250120671099172,0.09574836046148882,0.0,0.0
1692309326.6583989,0.060749376327875346,0.10166011964895683,-0.001942439742910589,0.09649927995050227,0.0,0.0
1692309326.7549472,0.06038498148562591,0.10244734016516199,-0.0016910509503024996,0.09731716584218554,0.0,0.0
1692309326.855929,0.05778263757029508,0.10285951652332567,-0.0014501066793809157,0.09624836018722967,0.0,0.0
1692309326.9597294,0.05621484524928105,0.10316770275255376,-0.0012380217836323564,0.09627287121465979,0.0,0.0
1692309327.0516257,0.054867480281428134,0.10343029956100738,-0.0011072239363069253,0.09651100409997293,0.0,0.0
1692309327.1534011,0.05348764618954959,0.10364738871709538,-0.0010365514825736578,0.09670932153192612,0.0,0.0
1692309327.2526217,0.05107982019184659,0.10365340913612021,-0.001158619575715989,0.09603653033368516,0.0,0.0
1692309327.352878,0.04916883891959194,0.10357995210781018,-0.0014200228549237004,0.09587415793328288,0.0,0.0
1692309327.449056,0.04613826948612053,0.10325602135536369,-0.0017409340145311336,0.09477442373283887,0.0,0.0
1692309327.551596,0.04289457564792873,0.10270915716914743,-0.0020252952076248573,0.09360648782176721,0.0,0.0
1692309327.6489499,0.03990438910396184,0.1020323230779667,-0.002270344480729482,0.0927324046834287,0.0,0.0
1692309327.7530944,0.036638589072167674,0.1012045646964346,-0.0024596808799953714,0.09163956405982093,0.0,0.0
1692309327.849168,0.03389043733963977,0.1003415563097882,-0.002556152233355065,0.09100130333245028,0.0,0.0
1692309327.946103,0.02906767451775189,0.09910089539659508,-0.0024559557083150474,0.08857288816001044,0.0,0.0
1692309328.051383,0.0257579862309546,0.0978209948847783,-0.0022543521128193383,0.087581649194753,0.0,0.0
1692309328.1441581,0.02330193966895775,0.09663637639092171,-0.0018671150894996732,0.08723220289831032,0.0,0.0
1692309328.2464805,0.019993328616722105,0.09535651222100182,-0.0011156004234987276,0.08601247018144367,0.0,0.0
1692309328.3525593,0.016664247242460333,0.09398244334182852,-0.00017155585003178118,0.08474698300753924,0.0,0.0
1692309328.449808,0.014802427745843137,0.09275654428117523,0.0009544743663498601,0.08467019533110615,0.0,0.0
1692309328.5465505,0.0116918237099548,0.09141109757581663,0.002168870621705883,0.08334474747616237,0.0,0.0
1692309328.6483305,0.007571206619285106,0.08977338046798528,0.00358164751056814,0.08115798132844125,0.0,0.0
1692309328.7525787,0.005622357378413423,0.0883131335961267,0.004730223162895208,0.0808582957836277,0.0,0.0
1692309328.8507879,0.004395918840853958,0.08706601432199233,0.005806606031061401,0.08095474012020225,0.0,0.0
1692309328.947143,0.002933973263205063,0.0859412581254067,0.006650728044311248,0.08062177780336074,0.0,0.0
1692309329.0534892,0.0017475927766685646,0.08495014169140107,0.007229287665973236,0.08038118138631821,0.0,0.0
1692309329.1515005,0.0008220108222574804,0.08409528822633539,0.0075495738610507485,0.08023029544877627,0.0,0.0
1692309329.249731,-0.0007254715770862226,0.08324222325190021,0.007525617199566283,0.0794423881474083,0.0,0.0
1692309329.3493485,-0.003314310168312685,0.0822136139809767,0.007182495430235845,0.07777394223851976,0.0,0.0
1692309329.4467723,-0.005726293488316173,0.08106938159324868,0.006739767870511965,0.07635697923958461,0.0,0.0
1692309329.5519202,-0.008559529733063596,0.07976341826335843,0.006240627837167066,0.07462914559045707,0.0,0.0
1692309329.6543,-0.010832948028339305,0.0784203858418551,0.005785365658832156,0.0734323079426244,0.0,0.0
1692309329.7514277,-0.013070633348362632,0.07704209129359701,0.0054645824011296095,0.07223405985125055,0.0,0.0
1692309329.8507912,-0.01546452812542862,0.07560446295532741,0.005215836989573393,0.0708685705718231,0.0,0.0
1692309329.9493637,-0.017039182559892875,0.07423107257513156,0.0052785611104869835,0.07016804420153727,0.0,0.0
1692309330.0454369,-0.018754967993515857,0.07287099085560905,0.005504545139026949,0.069232027932505,0.0,0.0
1692309330.1509266,-0.020801472716056032,0.07146815352365507,0.0057143500092008866,0.06794451487931372,0.0,0.0
1692309330.259823,-0.022113275090366803,0.07013180539478348,0.006043145200824783,0.06724643059069985,0.0,0.0
1692309330.3602655,-0.02365616238644682,0.06879843782625404,0.006417277629157751,0.06624560101330039,0.0,0.0
1692309330.4587562,-0.02570434149978581,0.0673822324332636,0.0067587458923812375,0.064764489313322,0.0,0.0
1692309330.5592988,-0.02674784452914387,0.06607249920752366,0.0070182584411781395,0.0641291914554821,0.0,0.0
1692309330.6635296,-0.028779539842381654,0.06466872208964858,0.007204528380003298,0.06255436338222908,0.0,0.0
1692309330.7584481,-0.02976326945631637,0.06337517856878956,0.0072546296083018415,0.061879998587702774,0.0,0.0
1692309330.8525445,-0.03161291616019591,0.062001118767391276,0.007272241382336679,0.060378192846079606,0.0,0.0
1692309330.9584014,-0.03153312659796731,0.06088707298174689,0.0072338932160809265,0.06050655774006347,0.0,0.0
1692309331.0564256,-0.03159964866314597,0.05992901195330141,0.007161199088071439,0.060307594078977705,0.0,0.0
1692309331.160065,-0.03166647905935546,0.05908232207611465,0.007041628809593931,0.05998630046015935,0.0,0.0
1692309331.261435,-0.03194866491267715,0.058277127490661995,0.006897196273538845,0.05940353084085531,0.0,0.0
1692309331.3580027,-0.03214249183679838,0.05751844793152535,0.006707627815120898,0.05886356721267427,0.0,0.0
1692309331.460137,-0.03301042562894732,0.05668419269490413,0.006454623349549756,0.05773052971928869,0.0,0.0
1692309331.559586,-0.032672402723398414,0.0559880763705594,0.006219802681370632,0.05765879842860781,0.0,0.0
1692309331.6557117,-0.03231487138214307,0.05539155150108649,0.006023354205455957,0.057505383451877584,0.0,0.0
1692309331.7621307,-0.03176370027649631,0.05490085243001547,0.00583724031229451,0.0574469906673044,0.0,0.0
1692309331.858011,-0.03158306612699197,0.05441981722822459,0.005727889338517046,0.05701537077222088,0.0,0.0
1692309331.9600973,-0.031033511550792203,0.05401120263242646,0.005645918422553076,0.056891238221767254,0.0,0.0
1692309332.0592277,-0.030215216147407378,0.0536945471895883,0.005645682046926571,0.05695212721466409,0.0,0.0
1692309332.1616995,-0.028888147696800863,0.05353391276412435,0.005671072350935104,0.05738364580787885,0.0,0.0
1692309332.2607398,-0.028032505819998152,0.053404539481085096,0.0057680418534906686,0.05733320783282825,0.0,0.0
1692309332.3618877,-0.027145367173887498,0.053297764552796285,0.005982201555454569,0.0573059262822763,0.0,0.0
1692309332.4614904,-0.02618949576948097,0.05323817346518499,0.006154773524372607,0.057332173520048255,0.0,0.0
1692309332.5546649,-0.02482299095618507,0.05326433566658937,0.006442439318326031,0.05769622372034915,0.0,0.0
1692309332.6621346,-0.02326152743516164,0.053360973577535414,0.006965027655167723,0.05817640238551418,0.0,0.0
1692309332.7631302,-0.0219443856797036,0.0535116612740628,0.007405914924654991,0.0583984867305815,0.0,0.0
1692309332.8621337,-0.020370186588292878,0.05373714036794241,0.007850142126195864,0.058833162436375916,0.0,0.0
1692309332.9545286,-0.0197008810660355,0.053900111500235964,0.008126320797753734,0.0584874497470348,0.0,0.0
1692309333.0639966,-0.01851997540211987,0.05410418380859339,0.008304991468113422,0.05866194970360038,0.0,0.0
1692309333.1624634,-0.016547364975566893,0.05445973918223845,0.008502790945951787,0.059510416805825805,0.0,0.0
1692309333.2604446,-0.015090285791738739,0.0548654868490701,0.008580869687520025,0.05985578840639097,0.0,0.0
1692309333.3614738,-0.013928169672584877,0.05527670225316029,0.008486189421543618,0.059974507272534915,0.0,0.0
1692309333.464508,-0.012135318388448675,0.055795444653889775,0.008314170480793916,0.06067743099385214,0.0,0.0
1692309333.5661867,-0.009985464544942617,0.05646133405852253,0.00804822246914287,0.06165731393606732,0.0,0.0
1692309333.661722,-0.008339414949198966,0.05715672667777478,0.007710810143044775,0.062175199093515855,0.0,0.0
1692309333.7644045,-0.006606759102411962,0.057903174874624555,0.007227711832088992,0.06280554103499307,0.0,0.0
1692309333.8608007,-0.0050947471635009395,0.058659515998385474,0.0065647959941323225,0.06328133482264456,0.0,0.0
1692309333.9650953,-0.0031966660524358655,0.059484057665977155,0.005927581458871864,0.06413578277419754,0.0,0.0
1692309334.0621707,-0.0012357712090282174,0.060379015833821485,0.005198884729933641,0.06504731629193732,0.0,0.0
1692309334.1629012,0.000932203815534803,0.06136391945002296,0.004417200259732427,0.06613883703725557,0.0,0.0
1692309334.2620072,0.0029694018223946324,0.06239840914752907,0.003729275888206293,0.06711371502498836,0.0,0.0
1692309334.367805,0.005211449086420055,0.06351102731190511,0.0031574553493389544,0.06827975038702766,0.0,0.0
1692309334.4648008,0.0074290668114432015,0.06468502010168162,0.0025933325861771913,0.069426908937524,0.0,0.0
1692309334.5661914,0.009687129235484496,0.06591903649931631,0.0020832957833658277,0.0706227433588848,0.0,0.0
1692309334.668237,0.011871888386602815,0.06719402563608806,0.0016649129699027273,0.07177412923794595,0.0,0.0
1692309334.765572,0.013762303789991213,0.06845995889326034,0.0013520754668174609,0.07271040904693184,0.0,0.0
1692309334.8664353,0.014914868839917283,0.06960748328173831,0.0011661800403486842,0.07309451099715192,0.0,0.0
1692309334.9698617,0.015779033329761282,0.07063074851542794,0.0010901253811614207,0.07337130015326061,0.0,0.0
1692309335.0676255,0.01727588359611959,0.07167528427468019,0.0011183164777882016,0.0743043774235611,0.0,0.0
1692309335.1640935,0.018448017291103576,0.07268791190324594,0.0011995835771198868,0.07498828572945754,0.0,0.0
1692309335.2653944,0.019499293089503572,0.073665245735893,0.0012410510650593843,0.07562866117734438,0.0,0.0
1692309335.3674471,0.019201123102139925,0.07440205710616424,0.001149033370410099,0.07520017066085871,0.0,0.0
1692309335.4646833,0.019344526946360262,0.075041989987011,0.0009832188005027974,0.07533246727854906,0.0,0.0
1692309335.5681174,0.019106331715790167,0.07554941808268546,0.0005859218701694897,0.07522700686670664,0.0,0.0
1692309335.664129,0.01890332075418126,0.07596619085341451,8.13446652207522e-05,0.07524755751806285,0.0,0.0
1692309335.7664564,0.01895388111438626,0.0763547211806466,-0.0005583288335402098,0.075539347209217,0.0,0.0
1692309335.862264,0.019626913783341887,0.07682311242930129,-0.0012660579729559746,0.07636058941852977,0.0,0.0
1692309335.965986,0.020661359826839407,0.0774142707595603,-0.0018923806316532043,0.07742019857125705,0.0,0.0
1692309336.0649533,0.02089822946135685,0.07796051007801214,-0.0024848332396054254,0.07773361194288829,0.0,0.0
1692309336.1653388,0.021800173021865318,0.07858398537344093,-0.0030599327922606733,0.07863870445532298,0.0,0.0
1692309336.2641342,0.022681821330493068,0.0792692843956515,-0.0034942348741999786,0.0794788246295465,0.0,0.0
1692309336.3379707,0.023049521178436425,0.07991099023693861,-0.0038972218151210685,0.07986407900806394,0.0,0.0
1692309336.4557216,0.022898268459472813,0.08044423014935974,-0.0041827308329908134,0.07985823005259157,0.0,0.0
1692309336.5399222,0.02399477498964778,0.08110530408574702,-0.004401123141397178,0.08098193172866154,0.0,0.0
1692309336.64355,0.02349801874347928,0.08160344667258587,-0.004460777599176895,0.08069801441797401,0.0,0.0
1692309336.7560766,0.02367779927733128,0.0821019579757541,-0.004290750169240775,0.08110690120556774,0.0,0.0
1692309336.8504033,0.022843113066514223,0.0824297615465228,-0.004022536222507529,0.08068124440869592,0.0,0.0
1692309336.9601023,0.022613082007304233,0.08273648325261271,-0.003529652821244763,0.0808812636935899,0.0,0.0
1692309337.0661547,0.022558417803235906,0.08305149834826207,-0.003027322727511516,0.08124064657362687,0.0,0.0
1692309337.1650574,0.02119260834799905,0.0831551867389585,-0.0025052709505406627,0.080493553918635,0.0,0.0
1692309337.2613978,0.02163841564643494,0.08340308120644309,-0.0020705899108986185,0.08139387868433776,0.0,0.0
1692309337.3620527,0.022223146596743664,0.08377459509806101,-0.0018401777654644845,0.08229703037810743,0.0,0.0
1692309337.4614596,0.022396556286150657,0.08416143475109299,-0.0019410898205779936,0.08276621313514779,0.0,0.0
1692309337.564521,0.02244126525811459,0.08453161873664555,-0.002314576665116819,0.0831128764811441,0.0,0.0
1692309337.6505077,0.022718704695049288,0.08491469865204994,-0.0030038308515321337,0.08365634685030127,0.0,0.0
1692309337.7582994,0.02342898090385779,0.08536784137527106,-0.003935961188670426,0.0845333603045188,0.0,0.0
1692309337.8567657,0.022563885361610983,0.08555826539032485,-0.005368943860997979,0.0840243406111095,0.0,0.0
1692309337.957524,0.02197624334728442,0.08567492537871468,-0.006557701706562562,0.08385958411932323,0.0,0.0
1692309338.0558226,0.02230800127168268,0.08584307372963555,-0.007847860905407556,0.08450449543516296,0.0,0.0
1692309338.1531858,0.021045360310877267,0.08575928200170052,-0.009266114795276628,0.08373479919831167,0.0,0.0
1692309338.2583854,0.021496623186039808,0.08578718034546978,-0.010672364556461004,0.08450325275660169,0.0,0.0
1692309338.35415,0.02207167737259401,0.08592014190480642,-0.011995160176995171,0.08524650919848338,0.0,0.0
1692309338.4582596,0.021545694110115313,0.08600017719392128,-0.01295110584650595,0.0849658335542017,0.0,0.0
1692309338.5534754,0.020804598967417678,0.08600100914062084,-0.013639311890405435,0.08456251243334945,0.0,0.0
1692309338.6515656,0.02163966286865488,0.08622153695455032,-0.014042043990017171,0.08553851577642711,0.0,0.0
1692309338.7542934,0.02125480693949782,0.08639629957233311,-0.014211869708845509,0.08536955485870741,0.0,0.0
1692309338.844064,0.020986724430426717,0.0866118815707836,-0.01384013918654901,0.08535458718826738,0.0,0.0
1692309338.9490638,0.020507079835000743,0.08678431165414327,-0.013291115997826314,0.085201325704054,0.0,0.0
1692309339.0503874,0.01898596408732581,0.08677253646289189,-0.01240353720824492,0.08423197852278083,0.0,0.0
1692309339.1507375,0.01624820534770075,0.08642108855732988,-0.011233829520820172,0.08240280973843199,0.0,0.0
1692309339.2527957,0.01418164731396885,0.08591455864475067,-0.010076603367351583,0.0813717450915145,0.0,0.0
1692309339.342152,0.012830268778963516,0.08540400815756674,-0.009008886128166006,0.08101464770227884,0.0,0.0
1692309339.4538805,0.01078945062755845,0.08476826579021234,-0.008059606991200013,0.08004644999044573,0.0,0.0
1692309339.5535507,0.009226286175401588,0.08410798681313972,-0.007354840386055546,0.0795217100376223,0.0,0.0
1692309339.6548743,0.0084879399505037,0.08355588058001541,-0.006874638073644007,0.07965283571597674,0.0,0.0
1692309339.744939,0.007100759434990044,0.08296615537006087,-0.006575289040044336,0.0791206912028936,0.0,0.0
1692309339.8523247,0.004459030054745068,0.0821316109340216,-0.006465078709517241,0.07752409972786842,0.0,0.0
1692309339.9455712,0.002556191717993718,0.08123921129629587,-0.006434696084250785,0.07666110123343296,0.0,0.0
1692309340.0574985,-0.0001329486816805973,0.0801682333519962,-0.006442090541766084,0.0751260857370449,0.0,0.0
1692309340.1509254,-0.0020339207312428807,0.07909120081723932,-0.006459682515965111,0.07431421251684515,0.0,0.0
1692309340.2507565,-0.0045681009824397704,0.07790377400202483,-0.006387515064282348,0.07291800242047024,0.0,0.0
1692309340.34833,-0.0075876305201873105,0.07654941856507493,-0.0062199118937697915,0.07113935511324437,0.0,0.0
1692309340.4488037,-0.01101834490983156,0.07499462151910245,-0.006009286279740709,0.0690746038609564,0.0,0.0
1692309340.5488858,-0.015601160350625257,0.07310186256549396,-0.0056491907686618496,0.06611740400608467,0.0,0.0
1692309340.6400795,-0.017437211272098446,0.07140311247083198,-0.005189172203757175,0.0656118242719032,0.0,0.0
1692309340.755469,-0.019657555768683825,0.06976717405208195,-0.004556427438893493,0.0645716190051392,0.0,0.0
1692309340.8446605,-0.021881215812860545,0.06815799131410745,-0.0039060327357804104,0.06341717392229529,0.0,0.0
1692309340.953229,-0.023565941239817322,0.06664380337905264,-0.003210362420876808,0.06262645936857862,0.0,0.0
1692309341.0570664,-0.02516059081133497,0.06520134485000527,-0.0025937102736087844,0.06178241969361878,0.0,0.0
1692309341.1520991,-0.026528678835434527,0.06383744067069178,-0.001997879366614917,0.06102187427793451,0.0,0.0
1692309341.262615,-0.02863830486846699,0.06240008080547359,-0.0014778059028835468,0.05953752175313842,0.0,0.0
1692309341.3444145,-0.030206836057532587,0.060992469032198696,-0.001098466976792498,0.05850812872493548,0.0,0.0
1692309341.457086,-0.031181617110123606,0.05969598621985536,-0.0008534327702183369,0.057907619098355415,0.0,0.0
1692309341.540996,-0.032965304446206455,0.058338785710799826,-0.0006934121212649094,0.05651393916796903,0.0,0.0
1692309341.6558514,-0.033890277652980014,0.057071922470372446,-0.0006928187554531078,0.05584100818182169,0.0,0.0
1692309341.7423177,-0.03491125322627642,0.05584733751569967,-0.0007621447663916137,0.054988104690162284,0.0,0.0
1692309341.8417985,-0.03671867561564789,0.05451530245336984,-0.0009522520260795596,0.05341659189142842,0.0,0.0
1692309341.957799,-0.039221453097332847,0.052982676084496895,-0.0012478856477337954,0.051302786085598705,0.0,0.0
1692309342.0626912,-0.04030401587012321,0.05153593714904191,-0.0015416705404297775,0.05046706879455427,0.0,0.0
1692309342.1620603,-0.041882833897246646,0.050066754259536383,-0.0017506009539251792,0.049112009111861116,0.0,0.0
1692309342.257895,-0.04281967416907878,0.04867752753035191,-0.0019409746991182707,0.04827093168956824,0.0,0.0
1692309342.3551967,-0.04427332149562588,0.04724641625749511,-0.002208937899259154,0.04690540517945757,0.0,0.0
1692309342.4579868,-0.04623084612029335,0.04570882569170213,-0.002370401330667044,0.045106252161566544,0.0,0.0
1692309342.5403717,-0.048639632815781306,0.04400065987587966,-0.0025953681867770307,0.042970455362224644,0.0,0.0
1692309342.6526508,-0.048093680570762305,0.04263990243657015,-0.0029391504368048273,0.04336726255214377,0.0,0.0
1692309342.7523367,-0.04755941224787441,0.04151588432707553,-0.0033659963782731233,0.043461186433610986,0.0,0.0
1692309342.8431354,-0.04669921337029655,0.04062820342259675,-0.0037305953850317515,0.04362816701620948,0.0,0.0
1692309342.961627,-0.046713901810084134,0.03976300894727849,-0.004045140721808199,0.042896305952199884,0.0,0.0
1692309343.06271,-0.046037398969449396,0.03903812097108296,-0.004259717050032725,0.042726734409581926,0.0,0.0
1692309343.1602926,-0.045094195321475794,0.0384625228786681,-0.0043725759400155585,0.04269613364895461,0.0,0.0
1692309343.2604196,-0.04508896454921812,0.03784206845569892,-0.004395370529010654,0.041801916230798236,0.0,0.0
1692309343.353091,-0.04384856368871977,0.03740127655203752,-0.004310095361716458,0.04199357987909088,0.0,0.0
1692309343.4640172,-0.04236151480625219,0.037131652416290795,-0.004148051366809235,0.04229649097293854,0.0,0.0
1692309343.5536616,-0.04082607640214965,0.03700266973488782,-0.003842039888441888,0.04255687721768166,0.0,0.0
1692309343.6594455,-0.03919145087968792,0.036989767992878266,-0.0035039075989736447,0.042848823763181096,0.0,0.0
1692309343.7543128,-0.03787026743880806,0.0370182789425691,-0.0029731983378481195,0.042842462359067066,0.0,0.0
1692309343.8599403,-0.036226180101021015,0.03713063831597571,-0.0024609455498293274,0.0431251342511766,0.0,0.0
1692309343.9621508,-0.034077492783829405,0.03738784761147556,-0.001787626374228241,0.0438143315774402,0.0,0.0
1692309344.063262,-0.03162139129459422,0.03780876009371089,-0.0011511558217024319,0.04470276070769876,0.0,0.0
1692309344.1629076,-0.029387428486272474,0.038321935726768175,-0.0006085570420957064,0.04534357727672173,0.0,0.0
1692309344.2624578,-0.026399074055956078,0.03901984133262091,8.594902176101398e-05,0.04660888927421499,0.0,0.0
1692309344.3597887,-0.0229518676230776,0.039947187974778864,0.0007114653526239253,0.04817997583135923,0.0,0.0
1692309344.4608958,-0.019375349250712253,0.04107194989372224,0.0012825293454419916,0.04977101596190264,0.0,0.0
1692309344.558565,-0.015820685218147727,0.04233745157753916,0.001915671304600643,0.05128677049525479,0.0,0.0
1692309344.6536574,-0.012240101701714707,0.04373438485595923,0.0024628115168127207,0.0528034740399298,0.0,0.0
1692309344.7536163,-0.008750560601716684,0.045226126863693164,0.0029362538516462793,0.05424533906139543,0.0,0.0
1692309344.8603811,-0.005802289605785467,0.04670044495699806,0.0034592205643121394,0.0552642214845322,0.0,0.0
1692309344.9528308,-0.0029979903907262867,0.04817042062246382,0.003854330514807055,0.05625723788186204,0.0,0.0
1692309345.0598316,0.0001967269303226214,0.04971607379208197,0.004151988523686004,0.057672296465799924,0.0,0.0
1692309345.1593802,0.0034386571867613615,0.05132578309900692,0.004497879821308547,0.059164602744211384,0.0,0.0
1692309345.2628677,0.0064323075552057025,0.05296658971841646,0.00475709762863504,0.06048468539725532,0.0,0.0
1692309345.3618577,0.009281411614908704,0.05463190057983321,0.004813319660635114,0.06175208750781323,0.0,0.0
1692309345.466458,0.01225897248151751,0.056341259892949296,0.004812295947753053,0.06320662028500937,0.0,0.0
1692309345.563834,0.013341488145224267,0.057761400183290186,0.005034459667402737,0.06313415858275492,0.0,0.0
1692309345.6561406,0.013090508019221871,0.05878152228604501,0.0052250096940624005,0.062204193481303,0.0,0.0
1692309345.7586377,0.013365627123316152,0.059607169083255224,0.005416700304012619,0.06203853644355327,0.0,0.0
1692309345.8581998,0.014353610154381717,0.06042004892203307,0.00556610030501967,0.06262983636678232,0.0,0.0
1692309345.9564722,0.013977877619911499,0.06098967257369958,0.005803735633223947,0.062115775487847316,0.0,0.0
1692309346.059868,0.013769529687240774,0.061417768941796264,0.006067468460162749,0.0619150977539461,0.0,0.0
1692309346.1598496,0.014102460762660236,0.06184673719388854,0.006237823047732575,0.0622624072785269,0.0,0.0
1692309346.256632,0.014011553280085921,0.062198380274471055,0.006408465677371627,0.062261375785663806,0.0,0.0
1692309346.3633904,0.013209038165179496,0.06238992073240988,0.006455843113806726,0.06171649169709244,0.0,0.0
1692309346.4643934,0.013953895329770089,0.06271233189341056,0.006497930690935649,0.06257627145854139,0.0,0.0
1692309346.5593872,0.013763567552057125,0.0629823800321248,0.006440039015497872,0.06255827936526893,0.0,0.0
1692309346.6513772,0.013806583569203246,0.06324994603211453,0.006337671691049198,0.06277592091251265,0.0,0.0
1692309346.7598746,0.014542732877683831,0.06363088780433536,0.00618575872016735,0.06357404465767288,0.0,0.0
1692309346.8623812,0.015320098222677343,0.06409760685199012,0.006025460432228162,0.06433284844367607,0.0,0.0
1692309346.9622269,0.015493568364077403,0.06453153607117722,0.005801842309485218,0.06453639469972627,0.0,0.0
1692309347.061439,0.014870496330412352,0.06480936344828374,0.005567932883447727,0.06411075040902213,0.0,0.0
1692309347.160431,0.015430459441964004,0.06516913885764805,0.005352165112049601,0.0647855167254586,0.0,0.0
1692309347.2596204,0.015913555527663846,0.06557315511528115,0.0051828448989837215,0.06534045096909072,0.0,0.0
1692309347.360217,0.015519804695808357,0.06586387979633658,0.005068098117115824,0.06513601339280507,0.0,0.0
1692309347.4573016,0.015633186427924807,0.06615651300077935,0.00500586024444582,0.0654340304289956,0.0,0.0
1692309347.562708,0.015587001323878913,0.06642068215969109,0.005027316031244488,0.06559461807155453,0.0,0.0
1692309347.6620755,0.0158787940612551,0.06672400586964691,0.005052317930476031,0.06605127718839071,0.0,0.0
1692309347.7653913,0.015679266872636582,0.06696150462114035,0.005232700839262177,0.06606963671218773,0.0,0.0
1692309347.860019,0.0161605882579378,0.06726251918061515,0.005518791313155225,0.0666898053717306,0.0,0.0
1692309347.9554355,0.015801564835362353,0.06748525694662111,0.005717101980321757,0.06655308198892618,0.0,0.0
1692309348.05593,0.01607177102779169,0.06774141653219258,0.00599001161276835,0.06699877327029816,0.0,0.0
1692309348.1514182,0.01684560975689505,0.06811198838475647,0.006237079749844382,0.06783118420239746,0.0,0.0
1692309348.2515824,0.016848206340833206,0.06842453418841683,0.0065754599870994496,0.06794244595008306,0.0,0.0
1692309348.3535922,0.017540033618113498,0.06882046683795238,0.0068813626376058685,0.06866182934881393,0.0,0.0
1692309348.4497612,0.01774494387323653,0.06920088858659565,0.007120553814326253,0.0689211129455351,0.0,0.0
1692309348.5601442,0.01775891364444869,0.06948027085238694,0.007749627260234862,0.0690413752454633,0.0,0.0
1692309348.655606,0.018114940280953278,0.0697561517007424,0.008511191639387478,0.06947230624515763,0.0,0.0
1692309348.7596097,0.018270932059841153,0.06999639447435767,0.009331881671969942,0.06970888665445027,0.0,0.0
1692309348.8547492,0.01885514136164862,0.07027115122337901,0.010224868520425328,0.07030175985625817,0.0,0.0
1692309348.9586265,0.019492986314319394,0.0706197750229459,0.010948888117145885,0.07088517735374282,0.0,0.0
1692309349.0603688,0.019744704723899234,0.07096015862742212,0.011523236803170741,0.0711071977972775,0.0,0.0
1692309349.156121,0.02097995415398944,0.0714348935124428,0.012108469386461271,0.07217030192093246,0.0,0.0
1692309349.253609,0.021106576801625195,0.07184148629134737,0.012591846274795955,0.07221175045187633,0.0,0.0
1692309349.3532727,0.021134937753134433,0.07219884087423457,0.01292297742001113,0.07223306647293312,0.0,0.0
1692309349.4596257,0.021306529362655015,0.07254890230262391,0.013123961349923725,0.0724301194806538,0.0,0.0
1692309349.547208,0.019920487047113068,0.07266578317729697,0.013051654940494926,0.07135199762417765,0.0,0.0
1692309349.6554854,0.01978803611550936,0.07281058506542817,0.012853957557285953,0.07151620326542567,0.0,0.0
1692309349.7481067,0.01837561292504227,0.07277096764629948,0.012498488598386143,0.07060526983710742,0.0,0.0
1692309349.8619738,0.015091896975498629,0.0723012815487458,0.011914498344062998,0.06827142730008331,0.0,0.0
1692309349.9564433,0.014165461180617477,0.07188764115969556,0.011329978341953291,0.06820474518509384,0.0,0.0
1692309350.0611525,0.013585560880242764,0.07156946229647607,0.010711965568505559,0.06835917977033099,0.0,0.0
1692309350.162109,0.012767412905988568,0.07127396948472475,0.010080327183998908,0.06822807674414158,0.0,0.0
1692309350.2519753,0.010882916870029543,0.07081666011204185,0.009412802260200293,0.0671725919272389,0.0,0.0
1692309350.3502212,0.009768789236602123,0.07035906626082454,0.008797181602345286,0.06685168243056644,0.0,0.0
1692309350.4545577,0.008391121772704015,0.06985112392329489,0.008240443915920239,0.0662801663018889,0.0,0.0
1692309350.5547862,0.007213044540407635,0.06933124443755437,0.0077741418795222676,0.06587813189228132,0.0,0.0
1692309350.6476955,0.005472131099265852,0.06870005552361237,0.007429748744589029,0.06497923611750327,0.0,0.0
1692309350.752944,0.004230482761520942,0.06806771369552211,0.007150006696924067,0.0645335831796069,0.0,0.0
1692309350.8440504,0.0031489626470177696,0.06745473547556767,0.006919741406162413,0.06418292549659586,0.0,0.0
1692309350.9490535,0.000720779531022871,0.06663009283718027,0.006696698710851308,0.06265753875975232,0.0,0.0
1692309351.048171,3.538559537074725e-05,0.06593465452808257,0.00648324965503911,0.0626950583310237,0.0,0.0
1692309351.1501548,-0.0012799995064507715,0.0652214287562051,0.006275225377464439,0.06207787679509903,0.0,0.0
1692309351.2490141,-0.0021028287275555273,0.06457388504522006,0.006035601609639629,0.06185001391585964,0.0,0.0
1692309351.3552496,-0.003531009264893905,0.06386667760538305,0.0057925751593817555,0.06104235937440236,0.0,0.0
1692309351.4490142,-0.004301644742329796,0.06322083723578034,0.0055367815234876805,0.06079572028682726,0.0,0.0
1692309351.55437,-0.004786655549023496,0.0626599850606648,0.005289287949720015,0.060717607611899906,0.0,0.0
1692309351.6573656,-0.0051670268862288645,0.06217191160468498,0.005070177260716705,0.060644697484320775,0.0,0.0
1692309351.7543895,-0.006122716781509328,0.06163697157135257,0.004889693560619454,0.0600218809676868,0.0,0.0
1692309351.856813,-0.007069731363650201,0.061064851967758245,0.004767869819115876,0.059420036232896656,0.0,0.0
1692309351.9513133,-0.00891226185194085,0.060318428636807274,0.004641190485471942,0.0580739261849526,0.0,0.0
1692309352.0540752,-0.011162062577600218,0.059373149067042524,0.004545694008028579,0.05648365603271095,0.0,0.0
1692309352.1620185,-0.011338824026765532,0.05862086013566687,0.004477360736097369,0.056724952780377993,0.0,0.0
1692309352.2574022,-0.012152544301027645,0.057893094123437745,0.0044671278662649595,0.05626526215343643,0.0,0.0
1692309352.3540134,-0.014170224009371778,0.056985779975712456,0.004421596197296512,0.05475302818991572,0.0,0.0
1692309352.4373703,-0.014030964345885525,0.0562910712569717,0.0044652138912389325,0.05513763999944857,0.0,0.0
1692309352.5651066,-0.014293980711088967,0.055677880126897075,0.004562553123002306,0.05500495711697148,0.0,0.0
1692309352.662533,-0.014189195467470165,0.05517543802149587,0.004743636833109689,0.05509947213239379,0.0,0.0
1692309352.76339,-0.015119560175665337,0.0545942024679724,0.004833582460415811,0.05423209019627939,0.0,0.0
1692309352.8583667,-0.015118688044085863,0.054095489747506574,0.0049800478381312125,0.05419069220435082,0.0,0.0
1692309352.9759848,-0.01471081823683249,0.0537310768528175,0.005073450703976946,0.05441469710662947,0.0,0.0
1692309353.0694234,-0.013751979328827291,0.053542306259077146,0.005227994090619629,0.055004476498249466,0.0,0.0
1692309353.1732762,-0.012510089234541808,0.05353094719502351,0.005387524780711833,0.055707101965360634,0.0,0.0
1692309353.2712693,-0.012833630722727073,0.05339369326317209,0.005515577468629436,0.05499218398120205,0.0,0.0
1692309353.355652,-0.012442930518447831,0.05327760698198229,0.005695706078279525,0.05497596986581246,0.0,0.0
1692309353.4693394,-0.011381370218719274,0.05328392719468806,0.005949705459649844,0.05550885672114373,0.0,0.0
1692309353.5715723,-0.010543196501603198,0.05335902486097002,0.006131866764720815,0.05577437363756155,0.0,0.0
1692309353.670767,-0.010729551690345989,0.053309764265897994,0.006310766582113544,0.05516014252448703,0.0,0.0
1692309353.754156,-0.009714906821923042,0.05336589979506214,0.006536725937479502,0.055647800012192966,0.0,0.0
1692309353.8473632,-0.008417780284480194,0.05356248231063662,0.006680707925615906,0.05630525877061537,0.0,0.0
1692309353.9400299,-0.007667062471279039,0.05377951845280045,0.006707757090912118,0.0564372392961586,0.0,0.0
1692309354.038075,-0.006507074515339958,0.05406581645215699,0.006786586919705346,0.0569324717004041,0.0,0.0
1692309354.1554005,-0.005464098743562379,0.054385818460370064,0.006907071332175098,0.057302839877659835,0.0,0.0
1692309354.260131,-0.0045065631572521496,0.054725740679327214,0.007015450089605674,0.05760097689992948,0.0,0.0
1692309354.351244,-0.004179807526047629,0.054994814729422734,0.0069983468599475445,0.057386493750150466,0.0,0.0
1692309354.4706216,-0.0035077771183054584,0.05527090787190879,0.006915632441264335,0.057546278593095454,0.0,0.0
1692309354.556843,-0.0030084072307448436,0.05553474127659714,0.006711076803416414,0.05758612115829753,0.0,0.0
1692309354.6532729,-0.0032462054090771474,0.055671254687578234,0.00640901940338962,0.057051955314578816,0.0,0.0
1692309354.7517848,-0.0027626506212596255,0.05584423295412109,0.005934878522539418,0.057233704799550186,0.0,0.0
1692309354.8543303,-0.0026655093815217026,0.05597733189605553,0.005350367915414042,0.05709336709126351,0.0,0.0
1692309354.9508407,-0.003751951394545392,0.05588566040240152,0.004707841713751042,0.056011564924366236,0.0,0.0
1692309355.0553064,-0.0033375264365191138,0.055876336692040125,0.0041390197295079634,0.05634563210762556,0.0,0.0
1692309355.1490104,-0.003838761283821187,0.05577572580997479,0.0035949871563800344,0.05585671652839047,0.0,0.0
1692309355.2529578,-0.004106296001477774,0.055646438681567365,0.0031494467728783223,0.05562530845483973,0.0,0.0
1692309355.354696,-0.004942063345869212,0.055401985013915286,0.002795740067927042,0.05493377035419312,0.0,0.0
1692309355.453514,-0.004975279295596084,0.05520545898839773,0.002512823931857934,0.054982663503746046,0.0,0.0
1692309355.5544455,-0.005234288287029553,0.05500333393720247,0.002330115183921147,0.05479890881467092,0.0,0.0
1692309355.6525323,-0.004761546002512668,0.05491524750408669,0.002243401032433159,0.05522019200490182,0.0,0.0
1692309355.7406933,-0.005076086660245209,0.05477943011255637,0.0021934951641617378,0.05489831772910288,0.0,0.0
1692309355.8364687,-0.00518570606363532,0.05463985001544216,0.0022367051662296957,0.05477718675940978,0.0,0.0
1692309355.9402127,-0.004950218282331551,0.05455486427579726,0.002310716572609458,0.05493978275062484,0.0,0.0
1692309356.0582037,-0.0047201882376728364,0.054503085604761504,0.0024842254556068184,0.0550561662278287,0.0,0.0
1692309356.1481671,-0.0044196539171009065,0.054491282154600654,0.0026429601557099456,0.05520361401533677,0.0,0.0
1692309356.2631514,-0.0033040377919344244,0.05464218101784245,0.0027992928524678846,0.05600597642598463,0.0,0.0
1692309356.3687277,-0.0026907980665848543,0.054821971050603935,0.0030401606577330482,0.056283601904697014,0.0,0.0
1692309356.4707053,-0.0016825744314147286,0.055096584442624406,0.003241997412722456,0.056878370508062354,0.0,0.0
1692309356.5690713,-0.0018118446228663323,0.05524872083983816,0.0034825536559867434,0.05647475246748751,0.0,0.0
1692309356.6683538,-0.0012186857402241853,0.05542974594333737,0.003795373190408627,0.056769526288503576,0.0,0.0
1692309356.7679298,-0.0003929109799552489,0.05566797063391397,0.0041812908284749525,0.057242138107158405,0.0,0.0
1692309356.8575265,0.00010135628137505253,0.05589359965164939,0.004610417092557426,0.05740209354499574,0.0,0.0
1692309356.9644141,0.0006907460276065348,0.05612613526313897,0.0050721086249057995,0.05765519892589888,0.0,0.0
1692309357.0584614,0.0021653836162289267,0.05650479362838467,0.005600416587699201,0.058646646106119374,0.0,0.0
1692309357.1609113,0.003584458259751051,0.056999730545738723,0.0060353290002601555,0.059494138247239786,0.0,0.0
1692309357.261677,0.005071906046649518,0.05756850031333402,0.00656909089186325,0.06034608526947416,0.0,0.0
1692309357.3468978,0.006651754966623381,0.05823896297193047,0.006969372170224402,0.06123474567078813,0.0,0.0
1692309357.463952,0.00810162145714401,0.05897294129137326,0.00721672114499269,0.06198629412279226,0.0,0.0
1692309357.5687985,0.009586982644212885,0.059747947412900605,0.007470420239414228,0.06277268330789826,0.0,0.0
1692309357.6694374,0.01073754269851645,0.06052115521567163,0.007589866482159073,0.06328562092608206,0.0,0.0
1692309357.7668486,0.01060820121473898,0.06108083871761237,0.007658509312699634,0.06278048336437003,0.0,0.0
1692309357.8541367,0.01141593788331582,0.06163647455023351,0.007779064714202708,0.06323852505689821,0.0,0.0
1692309357.9642994,0.012045060219352529,0.06217899900916018,0.0078112783326407765,0.06356625889852818,0.0,0.0
1692309358.0599413,0.01323723249611865,0.06275072668302853,0.008206842086358274,0.06440207371965459,0.0,0.0
1692309358.1500435,0.013365893008096373,0.06322835872018977,0.008443624074393327,0.06430809917858908,0.0,0.0
1692309358.249963,0.013565173427266453,0.06363677119756078,0.008673260528757774,0.06436909012495869,0.0,0.0
1692309358.350433,0.01448174002608266,0.06412272798387635,0.0088547701539428,0.06508636407009061,0.0,0.0
1692309358.4567013,0.014508588208497488,0.0645291578820469,0.008924319104439384,0.06502278484073692,0.0,0.0
1692309358.5540833,0.015226890152881908,0.06497789710723069,0.009037254452187265,0.06561435542975108,0.0,0.0
1692309358.6471639,0.015080073782052264,0.06532478738075712,0.009111060961726477,0.06545977091610695,0.0,0.0
1692309358.7549155,0.015605674961624263,0.0657128179596844,0.009148760461955128,0.06594876484448761,0.0,0.0
1692309358.870073,0.01626824610585983,0.06613887941741564,0.009270135789273187,0.06653448200528758,0.0,0.0
1692309358.9695127,0.015467200229479793,0.06636758858676384,0.009329799586072758,0.06587134433929262,0.0,0.0
1692309359.0636244,0.015630750008353643,0.06660695097614475,0.009406394359560245,0.06615922178276937,0.0,0.0
1692309359.1686893,0.014622015293560948,0.06666911367279216,0.009423275197467211,0.06545729295302427,0.0,0.0
1692309359.2654853,0.014084140140892442,0.06668366456998762,0.009381116874399341,0.06527061387141311,0.0,0.0
1692309359.3664336,0.013630715976977861,0.06668609520712956,0.009219689924523315,0.06518229251078878,0.0,0.0
1692309359.466357,0.013818473189707366,0.06678154873157378,0.008987580503951764,0.06563912293997125,0.0,0.0
1692309359.5690186,0.014320762488385716,0.06699518094589128,0.00869300772643442,0.0662949399810615,0.0,0.0
1692309359.6616244,0.0135206692013466,0.0670823526762877,0.00830423636539062,0.0657884283180361,0.0,0.0
1692309359.7684774,0.013805764485976233,0.06725557120495018,0.007864109579772805,0.0662841874079006,0.0,0.0
1692309359.863403,0.013775103291540474,0.06743826376666853,0.007374844955242436,0.06646115639751635,0.0,0.0
1692309359.9605906,0.01255673444598898,0.06743110366281492,0.006854616774254925,0.06564636130148606,0.0,0.0
1692309360.0541012,0.013113765852771951,0.06757450484688926,0.006392217699005018,0.06644484429017851,0.0,0.0
1692309360.1511533,0.013045936855686325,0.06772177012746891,0.005977744224894314,0.06661103400107482,0.0,0.0
1692309360.256679,0.01217080606619486,0.06773712631949241,0.005627416123080027,0.06609900830458584,0.0,0.0
1692309360.3574739,0.012642218638091333,0.06787198257343127,0.005440367556857328,0.06679635398068132,0.0,0.0
1692309360.456941,0.013592550671218588,0.06816620261030568,0.005422618870029669,0.06779889872583786,0.0,0.0
1692309360.5513096,0.013701449115934261,0.06841550520941198,0.005731734018228032,0.06798253092075282,0.0,0.0
1692309360.6576245,0.01397075598686291,0.06867905629740678,0.0060478375035482815,0.06831209823797352,0.0,0.0
1692309360.755736,0.01403550814217482,0.06890456409531762,0.006488820143786831,0.0684610000231641,0.0,0.0
1692309360.8563018,0.014449250031678339,0.06915682832873885,0.007027290849631668,0.0689145122467961,0.0,0.0
1692309360.960083,0.015580874980763436,0.0695624408170246,0.007512908903156873,0.06993466496892696,0.0,0.0
1692309361.0539472,0.016630727547758028,0.07003899669694101,0.008133844589212666,0.07078720535111845,0.0,0.0
1692309361.1627278,0.01827584115847096,0.07069502532810654,0.00865599201075394,0.07207815028391754,0.0,0.0
1692309361.2558594,0.020032522012731847,0.07148041953866915,0.009236516925517083,0.0733629559295367,0.0,0.0
1692309361.35236,0.020729737191720003,0.07217291019044082,0.009924483992895208,0.07368792620997192,0.0,0.0
1692309361.457765,0.02191892531812308,0.07292236787791441,0.010461571726915283,0.07449091647907086,0.0,0.0
1692309361.5593007,0.023523919077246453,0.0737573779936075,0.011049526742630388,0.07563837786785922,0.0,0.0
1692309361.6578164,0.02492775888230951,0.07462168469371377,0.011679017109065305,0.07657271708970104,0.0,0.0
1692309361.7509031,0.02498909590133207,0.07528895506936778,0.01231610501484933,0.07638117897959955,0.0,0.0
1692309361.8574505,0.025640497306611477,0.0759514152535351,0.012775005304049191,0.07682860227550267,0.0,0.0
1692309361.9576561,0.02664476255414394,0.07665790244703853,0.013176281919831856,0.07760905067355246,0.0,0.0
1692309362.057682,0.02738422341112392,0.07737980978998382,0.013395467652608475,0.07815899650556031,0.0,0.0
1692309362.16203,0.02795720752513985,0.07808808836086664,0.01347876468229374,0.07860157390512117,0.0,0.0
1692309362.2596145,0.02853847968886051,0.07879772451305614,0.013421465361039688,0.07909784618934411,0.0,0.0
1692309362.355438,0.027869852182155513,0.07930856513463906,0.013226455559668228,0.07858826872711294,0.0,0.0
1692309362.4559822,0.027301152596990882,0.07971041985536989,0.012822343501857205,0.07833118725516461,0.0,0.0
1692309362.5603569,0.026905838526999563,0.08005308431590773,0.012337478301106337,0.07832588668823888,0.0,0.0
1692309362.6538336,0.025178326330715775,0.08013200774487014,0.011798461187426883,0.07726258785820807,0.0,0.0
1692309362.7539077,0.023070476472537235,0.07995845047938173,0.011211371619591,0.07606470303400614,0.0,0.0
1692309362.8576803,0.02238291221243368,0.07981600774635966,0.010772885424800266,0.07621262331153786,0.0,0.0
1692309362.9578133,0.021160945122016616,0.07960905490822631,0.010385899904761537,0.07585626974821981,0.0,0.0
1692309363.0533476,0.01922936726655184,0.07922980537284216,0.010075937566598499,0.07492266262913944,0.0,0.0
1692309363.157309,0.01737272545217408,0.07873128228452762,0.009844875282277208,0.07413261682675192,0.0,0.0
1692309363.269514,0.01620419158558641,0.07824819597296752,0.00972254307088221,0.0739534043910025,0.0,0.0
1692309363.3564868,0.014325238020981715,0.07765626881608126,0.00963529808661669,0.07311932340760516,0.0,0.0
1692309363.4588401,0.013059724485971144,0.07707993961741967,0.009578652507392302,0.0728262578495403,0.0,0.0
1692309363.5580592,0.01187191908626918,0.07652141245026566,0.009534384576202964,0.0725405520228155,0.0,0.0
1692309363.660358,0.010889159151260257,0.07599973886223951,0.009522258452954117,0.07237159590888717,0.0,0.0
1692309363.7586977,0.009202774992903538,0.07539330368585759,0.009439567440113334,0.07154881332732707,0.0,0.0
1692309363.8573034,0.008131256887492989,0.0748168006197394,0.009346153403847486,0.07126750161745041,0.0,0.0
1692309363.9570699,0.007506292845359152,0.07432672807238307,0.009268700128262837,0.07130300039088665,0.0,0.0
1692309364.0558033,0.005509392425225243,0.07367258697947393,0.009148659737193662,0.07010051658505603,0.0,0.0
1692309364.1549027,0.0026069555828834344,0.07274828653344587,0.008973520155610216,0.06822656239127099,0.0,0.0
1692309364.2599514,0.001966719348912396,0.07199457973146754,0.008784828008548773,0.06838939758253204,0.0,0.0
1692309364.3576806,0.001454509491065005,0.07137048310705282,0.008643310365654546,0.06849925492990395,0.0,0.0
1692309364.4515429,0.0008651813382089379,0.07081466432501021,0.008587861421362947,0.0684181770580473,0.0,0.0
1692309364.5625536,0.0006723682328077783,0.07035956151443513,0.008663810495834801,0.0685864737421349,0.0,0.0
1692309364.6560254,0.0002966960695631132,0.06992823885806557,0.008922550124534138,0.06849746695502643,0.0,0.0
1692309364.760518,-0.0003222136338236797,0.06949580397734617,0.00912790281423365,0.06814812960224863,0.0,0.0
1692309364.8614707,-0.0009857253169108498,0.0690181717815457,0.009503268268375708,0.0677475993125725,0.0,0.0
1692309364.9621556,-0.0015021431262617093,0.06851982393955731,0.010025283213969694,0.06745619589696752,0.0,0.0
1692309365.062582,-0.0011076644300411238,0.06814555937290513,0.010674804980046325,0.06788974695005902,0.0,0.0
1692309365.1599739,-0.0018894113886910313,0.0677207342431193,0.011102764281607686,0.06720734060870988,0.0,0.0
1692309365.2603607,-0.0011922686237721236,0.06745079875815276,0.011629373060129816,0.06780296549975352,0.0,0.0
1692309365.3576198,-0.0002514365053414377,0.06733336507628399,0.012200043188577037,0.06846023710104786,0.0,0.0
1692309365.457941,0.0006436446677035501,0.06735671259080003,0.012614048253611563,0.0689549208753445,0.0,0.0
1692309365.5576854,0.0017151839090455562,0.06748005089948861,0.013054521646801102,0.06952507602248423,0.0,0.0
1692309365.6552196,0.002507121982049423,0.06764648696317647,0.013434043434174278,0.06979497346538156,0.0,0.0
1692309365.7594914,0.003187332916597848,0.0678311557573145,0.013750291572257146,0.06996206534485627,0.0,0.0
1692309365.855685,0.003843475731698175,0.06803385008920243,0.01399052490588902,0.0701192883587032,0.0,0.0
1692309365.9567435,0.004091008027317402,0.06819702657178095,0.01411238982376277,0.06994977972780302,0.0,0.0
1692309366.0572574,0.004141540941948203,0.06830610730923796,0.014126020653593661,0.06967685306566107,0.0,0.0
1692309366.158161,0.003931609223898895,0.06835363084643846,0.013966741967019483,0.06925429650616008,0.0,0.0
1692309366.2610853,0.0038007557907968796,0.06836815629823727,0.013699624491274529,0.0689789022371712,0.0,0.0
1692309366.3577113,0.0027934721662781865,0.06820744440022812,0.013392122811456802,0.06802191997548349,0.0,0.0
1692309366.4598408,0.0027564928078419276,0.0681045458551014,0.01292895122929839,0.06800682562435344,0.0,0.0
1692309366.558295,0.002748540072118374,0.06803305781833818,0.012442207078273539,0.06800110671366424,0.0,0.0
1692309366.6590486,0.0019315551010710968,0.06785083721154112,0.011934484726624232,0.06730920835770093,0.0,0.0
1692309366.7604082,0.001746206806016462,0.06770990801082799,0.011287829300225465,0.06722830490013067,0.0,0.0
1692309366.859288,0.0019100529427691242,0.06764173866692488,0.010649904602505509,0.06742825994134183,0.0,0.0
1692309366.9601974,0.0020392971667103706,0.06761608727302475,0.01005778433948722,0.06755513560524457,0.0,0.0
1692309367.0581646,0.0015770845219130927,0.06753352198838902,0.009400847014578568,0.06716391380784548,0.0,0.0
1692309367.1620893,0.001706535740584265,0.06749930158836448,0.00879258645577249,0.06731844345057188,0.0,0.0
1692309367.258524,0.0021404251098735257,0.06754559474522404,0.00827992317007545,0.06769661488034605,0.0,0.0
1692309367.3577533,0.0014399085851607722,0.0674614351454608,0.007862398577269947,0.06707433976303072,0.0,0.0
1692309367.459679,0.000913250778232356,0.06731164079825977,0.0075317781831231775,0.06668690884684195,0.0,0.0
1692309367.558119,0.0012424319379803473,0.0672472454790712,0.007355902274666799,0.0670525188668776,0.0,0.0
1692309367.6515753,0.0019038972795218474,0.06729387726054771,0.007330497763421741,0.06762405853365401,0.0,0.0
1692309367.7479393,0.0019367498685856253,0.06731290707743215,0.007434884493570631,0.06758515600978181,0.0,0.0
1692309367.8535435,0.002313127219520327,0.06737876096518394,0.007547567287944383,0.06784420857723332,0.0,0.0
1692309367.957558,0.0023041841492379383,0.06740881913676842,0.007714078850583489,0.06775132986827183,0.0,0.0
1692309368.0515454,0.002660965474217674,0.06747580869862128,0.007903449814038992,0.06798563160927719,0.0,0.0
1692309368.1529896,0.003205150597393115,0.06760720885932296,0.008057721468429308,0.0683502342508596,0.0,0.0
1692309368.2509322,0.0030936507213777087,0.0676725749182035,0.008219486239349856,0.06813105463751325,0.0,0.0
1692309368.3526082,0.0031702169142739066,0.06773337868056072,0.008303144250705814,0.06811772012980197,0.0,0.0
1692309368.4537385,0.0033185062900976357,0.06780625386014358,0.008305843470196323,0.06817774111033346,0.0,0.0
1692309368.5556407,0.003805332198282352,0.06793856689391634,0.008298901301852634,0.06852376532475281,0.0,0.0
1692309368.6517239,0.004114931932191396,0.06808686812561995,0.008271128127456093,0.0686881692489613,0.0,0.0
1692309368.7547352,0.004565695972503503,0.06827165317176899,0.008226465237583748,0.06896987122150308,0.0,0.0
1692309368.8569336,0.005183575157106484,0.0685049813241302,0.008229513881000267,0.06937744199444293,0.0,0.0
1692309368.9530146,0.005837889334355048,0.06877919305936987,0.008281625984792491,0.06978940964193943,0.0,0.0
1692309369.0485265,0.006399008608172764,0.06906806960748446,0.008378719401694447,0.07010400201955917,0.0,0.0
1692309369.1526294,0.006791471535417752,0.06932094337480407,0.008659424316281925,0.07027681964728974,0.0,0.0
1692309369.2553213,0.0073686696361879855,0.06959744891500844,0.008939023226900152,0.07061967233250974,0.0,0.0
1692309369.3512921,0.008352301026958844,0.06994932876889612,0.009286374925187552,0.07129338212332587,0.0,0.0
1692309369.4550033,0.009336580737386968,0.0703768650235019,0.009548894926860793,0.07191745516612416,0.0,0.0
1692309369.5529048,0.009693137802837013,0.0707654269653294,0.009690255966128674,0.07198903237271148,0.0,0.0
1692309369.6508589,0.0104614489541129,0.07119431759551895,0.009763654137999529,0.07246073661510156,0.0,0.0
1692309369.760071,0.012465498481359793,0.07184740092388511,0.009880888195846196,0.07396084434830336,0.0,0.0
1692309369.8566546,0.013236165029146513,0.07247625586061099,0.009914403605583004,0.07429670887420997,0.0,0.0
1692309369.9571652,0.013768326162721214,0.0730537275858354,0.00988170318184709,0.07448832235426144,0.0,0.0
1692309370.055593,0.014477083537683504,0.07363508338462582,0.009742526974925652,0.0748963483419479,0.0,0.0
1692309370.1538184,0.014940988831545043,0.07419375080286528,0.009417450684952864,0.07513299847161739,0.0,0.0
1692309370.2522228,0.015671916668481892,0.07478651874060603,0.008901806584922881,0.07564972701211377,0.0,0.0
1692309370.3594806,0.016757648316178483,0.07545442755884522,0.008368817827686299,0.07647898872276104,0.0,0.0
1692309370.453735,0.016306914995450488,0.07593436020370725,0.007697349814705449,0.07600282717238997,0.0,0.0
1692309370.554204,0.017193832248339033,0.0764969404352157,0.007007383826163735,0.07680415620808077,0.0,0.0
1692309370.6506255,0.018126241983591765,0.07713122887661954,0.006201520611535069,0.0776057767947835,0.0,0.0
1692309370.7554605,0.01964356398945982,0.07791326273142801,0.005291872154315855,0.07887101092697306,0.0,0.0
1692309370.8545775,0.02022239291575375,0.07864704060767896,0.004282575992413116,0.07927721688080856,0.0,0.0
1692309370.9556546,0.02106889428511156,0.0793907594463361,0.0032236123106838366,0.07996560515127557,0.0,0.0
1692309371.0535986,0.021471620711121762,0.08006350198755079,0.0020097768446215134,0.08029642174707406,0.0,0.0
1692309371.1539626,0.022150272131250898,0.08074561280529254,0.0010187694605956993,0.08091691822000417,0.0,0.0
1692309371.2573228,0.022567772845075867,0.08138890204719827,9.812666046019481e-05,0.08133176268571386,0.0,0.0
1692309371.3536134,0.023836389685431586,0.08215060680448524,-0.0006837736814962008,0.08249669838764903,0.0,0.0
1692309371.4525774,0.025484969551420097,0.08306584124998358,-0.001290850284314251,0.08391467428099099,0.0,0.0
1692309371.5571191,0.02567102386148554,0.0838616844327212,-0.0015807188346907523,0.08403284702862412,0.0,0.0
1692309371.658564,0.026338434309572945,0.08465117186588278,-0.0017054160664981798,0.0846689564438291,0.0,0.0
1692309371.748408,0.02750931624835542,0.0855230318226405,-0.0016212460909715743,0.08575352253844024,0.0,0.0
1692309371.8523295,0.026146568163377296,0.08603761704895035,-0.0011496073615844028,0.08469056072944312,0.0,0.0
1692309371.9526942,0.026145353565009688,0.08652017604772304,-0.0006442817530348427,0.08502518083079161,0.0,0.0
1692309372.0544696,0.026424760264359026,0.0870173658941367,0.000103921852591562,0.08561581665832033,0.0,0.0
1692309372.156576,0.025955824010325507,0.08740169257331236,0.0009165578061378127,0.0855635170081288,0.0,0.0
1692309372.2515757,0.025644756632490055,0.08773174034930954,0.001712680017435603,0.08571185238215469,0.0,0.0
1692309372.3574026,0.02559074937756063,0.08806662714585413,0.0024331087630654284,0.0861005805962822,0.0,0.0
1692309372.4532235,0.02598395449746489,0.08848834995266273,0.002913188861732626,0.08684968193801391,0.0,0.0
1692309372.5540018,0.025516000738791313,0.08883511776384767,0.0030837973124194693,0.08682284164239136,0.0,0.0
1692309372.6523938,0.024538616764733068,0.0890429977937648,0.002961396362644767,0.08642978633976389,0.0,0.0
1692309372.7543602,0.023672020124381896,0.08916522979913956,0.0024320115343010374,0.0862243652374736,0.0,0.0
1692309372.85357,0.02320975564270885,0.08928244926535761,0.001713499423847813,0.08640514275319088,0.0,0.0
1692309372.9531362,0.022485586364623816,0.08934741332891478,0.0009153678587300961,0.08635100873711202,0.0,0.0
1692309373.0529041,0.021448222835867423,0.08932043926247257,0.00012887611128088218,0.08604932808652416,0.0,0.0
1692309373.1537151,0.020811527377178934,0.08929444113393045,-0.0005163644179360848,0.08612121897417647,0.0,0.0
1692309373.2501307,0.0199158784416706,0.08922594596400481,-0.0009639905106430186,0.08595437647130572,0.0,0.0
1692309373.351774,0.018107624942237707,0.08897363142553459,-0.0012270384601880088,0.08503567966706205,0.0,0.0
1692309373.450953,0.01649161313403078,0.08861853900890686,-0.001199641004737595,0.08438009258433357,0.0,0.0
1692309373.5658004,0.015234136103942074,0.08823903975588764,-0.0011300994562475457,0.084064520123869,0.0,0.0
1692309373.663363,0.013802825656993617,0.087806886554854,-0.0010660020086933062,0.08358412331776892,0.0,0.0
1692309373.7663677,0.01139828255275343,0.08717034083755174,-0.001035795972122445,0.08229015670256361,0.0,0.0
1692309373.8671408,0.009602244383301808,0.08647775115460582,-0.0011658522432180377,0.0816025881427534,0.0,0.0
1692309373.9661665,0.00753056941417743,0.08568832671707058,-0.0014566349143729817,0.0806727448238337,0.0,0.0
1692309374.067073,0.0050145013557971185,0.08473412970324845,-0.0020615754618394004,0.07938351453473767,0.0,0.0
1692309374.162815,0.0026060236767739666,0.08366784591360314,-0.002801321018953643,0.0782267292428967,0.0,0.0
1692309374.26538,0.00047670094142004916,0.08256913214213367,-0.0034455217285405265,0.07730427105689892,0.0,0.0
1692309374.359962,-0.0031415322402888685,0.08117997135799492,-0.004116367721002114,0.07509610346403593,0.0,0.0
1692309374.4619727,-0.005063247926947536,0.07982138958995905,-0.0050222835529061104,0.07442472060023875,0.0,0.0
1692309374.5571804,-0.0070936963400786675,0.07846795811684593,-0.005922868502194282,0.07353337099767583,0.0,0.0
1692309374.6603978,-0.00908475396537873,0.07711331997853205,-0.0067826877436735515,0.07258485961485715,0.0,0.0
1692309374.7578793,-0.01167059641806015,0.07565689359358786,-0.0075270562968421315,0.07106026270755696,0.0,0.0
1692309374.8584497,-0.013240699034494438,0.07430437665031725,-0.008053567135485879,0.0703830378541325,0.0,0.0
1692309374.9571378,-0.015536947203510516,0.07288924682419651,-0.008445395238109488,0.0689775033050122,0.0,0.0
1692309375.058174,-0.01767749451605343,0.07146369316195963,-0.008608879602321618,0.06769104698238719,0.0,0.0
1692309375.1588068,-0.018785091107325423,0.07018707641207783,-0.008633938309477139,0.0672353045585844,0.0,0.0
1692309375.2516115,-0.020325787237111124,0.06894373763361455,-0.008497139159931963,0.06627561162615236,0.0,0.0
1692309375.3539155,-0.022746206185815125,0.06760364264213077,-0.007900446043274351,0.06452983328239544,0.0,0.0
1692309375.4524617,-0.024156576813548193,0.06632057615314456,-0.0072794429189170125,0.0636898453766046,0.0,0.0
1692309375.5498223,-0.025377391061668177,0.06511059141408197,-0.0064636805757419015,0.06293028117350194,0.0,0.0
1692309375.6565793,-0.02549605278104576,0.06412134482967209,-0.005468923537949401,0.063013538991812,0.0,0.0
1692309375.7598684,-0.026159355822713608,0.06318578641597047,-0.004290876637585803,0.06246456979841447,0.0,0.0
1692309375.854332,-0.025747286811327496,0.06246221487802764,-0.0032292968037246224,0.06275136351687015,0.0,0.0
1692309375.9583497,-0.02529485985784577,0.061882925842724625,-0.0020582499277598367,0.06290881418259182,0.0,0.0
1692309376.0576334,-0.024365975327446655,0.061480093587372914,-0.0008537430032006825,0.06334860106985371,0.0,0.0
1692309376.160257,-0.023156445870570214,0.06126562358227346,0.0001538119984683062,0.06389173260952968,0.0,0.0
1692309376.263727,-0.021775203117495534,0.06121392757266568,0.001034745707081878,0.06446362212519269,0.0,0.0
1692309376.362507,-0.021447757644890375,0.061121180506900574,0.0016625664509722382,0.06406487760314322,0.0,0.0
1692309376.4585943,-0.019812002418306624,0.061208162853137564,0.0022297467495994002,0.06482107067500736,0.0,0.0
1692309376.557092,-0.018771919306288503,0.06134270639048078,0.0025823913186946088,0.06498137845793771,0.0,0.0
1692309376.6611161,-0.017523610662937436,0.06154879057818932,0.0027950918980773234,0.0653239794085269,0.0,0.0
1692309376.7634907,-0.017276392882853424,0.06164679810359417,0.002897476151407756,0.06482052064795613,0.0,0.0
1692309376.859888,-0.01706861885012637,0.06167191451057444,0.0027691388973868428,0.06439415086100195,0.0,0.0
1692309376.9653933,-0.01639515591486563,0.06171966479672737,0.0025844261657622836,0.0644394338899843,0.0,0.0
1692309377.0613618,-0.01563208950466146,0.0618034049126481,0.0022138723747768614,0.06456698978741454,0.0,0.0
1692309377.1623192,-0.015142839115136815,0.06186758405893597,0.001695228362102642,0.06446553084365281,0.0,0.0
1692309377.2619462,-0.015060185696759845,0.061846337941377436,0.0009622040255985683,0.06405814321625694,0.0,0.0
1692309377.360112,-0.01429599347865925,0.0618844863331223,0.0003124033677091618,0.0642882259204792,0.0,0.0
1692309377.4605098,-0.013694509910812787,0.061938974743792195,-0.0002986671777863757,0.06435489558139636,0.0,0.0
1692309377.557737,-0.013568666038621491,0.06193727068542112,-0.0007140149254491086,0.06402669624482295,0.0,0.0
1692309377.6616201,-0.012813728987689465,0.06200172588640018,-0.000948479786487044,0.06428126798518037,0.0,0.0
1692309377.758571,-0.011478153897700797,0.06221204704649839,-0.0009763227985574167,0.06499268609080532,0.0,0.0
1692309377.8610783,-0.011848160893028654,0.062247575197498156,-0.0007978798492880308,0.06420208268506357,0.0,0.0
1692309377.962206,-0.010827537932466727,0.06238767484669277,-0.0005743826458102095,0.06471294066701169,0.0,0.0
1692309378.0605052,-0.010011780174447621,0.06257123392322747,-0.00033200113371427593,0.06499465517137804,0.0,0.0
1692309378.1601207,-0.008996774088639043,0.06282008833914944,-1.1681730873541957e-05,0.06543052789273748,0.0,0.0
1692309378.2644696,-0.008294920569692535,0.06306747879936885,0.0003334587483976461,0.0655785366336899,0.0,0.0
1692309378.3630216,-0.007470310675547595,0.06333822235779653,0.0006612367755120903,0.06584998466992811,0.0,0.0
1692309378.4583156,-0.007611638211916676,0.06347187693341964,0.0009232401281265261,0.06531905417802264,0.0,0.0
1692309378.5521617,-0.007113701329698262,0.06361594892410052,0.0011123584911805627,0.06543447298261902,0.0,0.0
1692309378.6651545,-0.0062270659547216545,0.06383367050274638,0.001239905657079102,0.06588083410220971,0.0,0.0
1692309378.768257,-0.005636228130536628,0.06405842489542692,0.0013007989622883557,0.06604468600398924,0.0,0.0
1692309378.865612,-0.00495544319519512,0.06430526110736742,0.0013293778361477635,0.06629632999395313,0.0,0.0
1692309378.9660597,-0.004146088812057839,0.06459148232431908,0.0013507650878759752,0.06665715932122762,0.0,0.0
1692309379.069082,-0.003442516464522996,0.06489143830918748,0.0013703149817969368,0.0669202282965318,0.0,0.0
1692309379.1659868,-0.0032063282663539767,0.06512482009219339,0.0014868960100198345,0.0668021454903004,0.0,0.0
1692309379.2641747,-0.003008493853619204,0.06530482272263531,0.001702767848799152,0.06671227853779185,0.0,0.0
1692309379.3646278,-0.0019967811582777733,0.06558454386236316,0.0019234988990798495,0.06734756875010678,0.0,0.0
1692309379.4654384,-0.00210801559237896,0.06574874086329356,0.0022238465217042165,0.06698793389396494,0.0,0.0
1692309379.5675461,-0.0013522240717531863,0.06596724506011567,0.0026729375740561453,0.06743972061480813,0.0,0.0
1692309379.6683133,-0.0016901870148175995,0.0660592098980272,0.0030181790453774815,0.06694014859332115,0.0,0.0
1692309379.7649903,-0.001326344361935249,0.06615629765880952,0.003543643786816743,0.06712405366740185,0.0,0.0
1692309379.8678505,-0.0009633209198285687,0.06624691734027593,0.004245390762470325,0.06729167625266529,0.0,0.0
1692309379.9664717,-0.0004008531354908075,0.06635180706427203,0.005129255160076487,0.06761187740098414,0.0,0.0
1692309380.0615945,0.0008081103678438156,0.06659809178282258,0.005938812496255474,0.06843519559651762,0.0,0.0
1692309380.1677668,0.0018776677021126412,0.06688827630960131,0.006899934459318062,0.06904743146337682,0.0,0.0
1692309380.264296,0.002395618909072258,0.06710304151744809,0.00800969614792654,0.0691475445387734,0.0,0.0
1692309380.363212,0.003882540271389542,0.067481450850634,0.008916638966770444,0.07007666090615729,0.0,0.0
1692309380.4576447,0.004330500738843181,0.06778198739920716,0.009780545983024953,0.07004969938404214,0.0,0.0
1692309380.566781,0.006157911064356083,0.06829994674076599,0.010399094285781974,0.07123105047488924,0.0,0.0
1692309380.6672409,0.007755667296225515,0.06896003712268972,0.010702946696878676,0.07211508675936582,0.0,0.0
1692309380.7672558,0.00892107939424842,0.06968273499408775,0.010559783408403935,0.07260779982028592,0.0,0.0
1692309380.8637955,0.0097161427017758,0.07037791296739898,0.01015836146703412,0.07283709943410484,0.0,0.0
1692309380.967381,0.010305685596014476,0.0710540763672515,0.009099528306690915,0.07297880990321633,0.0,0.0
1692309381.0663462,0.011247250000783408,0.07173831727528726,0.00801308672454357,0.07350899127259566,0.0,0.0
1692309381.163715,0.01161015499456346,0.07233776332177513,0.006638525085201146,0.07358660624072877,0.0,0.0
1692309381.2661364,0.012613439320554079,0.0729588759313934,0.0048040692149804946,0.07428906530473156,0.0,0.0
1692309381.3698947,0.01439254541902545,0.07372437272764093,0.0029715989061339563,0.0756287959295276,0.0,0.0
1692309381.4674158,0.015141878694136423,0.07444084871278332,0.001381345556730732,0.07601792112815546,0.0,0.0
1692309381.5654106,0.017024182278773715,0.07530793864066088,-6.530350621523667e-05,0.07741156220667507,0.0,0.0
1692309381.6686125,0.01983716535541028,0.07646074355757622,-0.0011575327420153248,0.07950033815278093,0.0,0.0
1692309381.766009,0.022405194016798944,0.07777556164646232,-0.0020821656625143944,0.0812383978211286,0.0,0.0
1692309381.8639781,0.024121733909263837,0.07909463761804739,-0.0025832779256508972,0.08220660368239051,0.0,0.0
1692309381.961447,0.025230053007772764,0.0803210318563995,-0.002782484479359904,0.08273625018862632,0.0,0.0
1692309382.0635326,0.026214269360363477,0.08146860337796501,-0.0026743998020059296,0.08328671871789171,0.0,0.0
1692309382.1633706,0.02648505335964638,0.0824451135935088,-0.002089231298938157,0.08334715294263595,0.0,0.0
1692309382.264505,0.026901377348592596,0.08331140448209369,-0.0010868081238257035,0.08368460998510108,0.0,0.0
1692309382.363009,0.026656298686940715,0.08400049592376793,-0.00014234577458721218,0.08355853141615824,0.0,0.0
1692309382.4662027,0.026075408572753984,0.08448622189082754,0.0010637283622798247,0.08328560275994393,0.0,0.0
1692309382.5633147,0.026206271397357695,0.08495775500718247,0.0021913277118498792,0.0837279641017202,0.0,0.0
1692309382.661038,0.026284316396184896,0.08541928157806807,0.00312962178290546,0.0841257100995334,0.0,0.0
1692309382.7629323,0.02574898841448808,0.08578431126317518,0.0037653793278482834,0.08401692817378789,0.0,0.0
1692309382.8623261,0.025707602569546475,0.08616466824578266,0.004097606244242501,0.08439359141678106,0.0,0.0
1692309382.9568572,0.025950902661592567,0.08660383132771783,0.004122797742423027,0.08500332948852492,0.0,0.0
1692309383.0627284,0.024395453890517425,0.0867884241324947,0.003811112054490964,0.0840788789932886,0.0,0.0
1692309383.1647882,0.02320957438798651,0.08684373076434501,0.003283542066569376,0.08364060522608206,0.0,0.0
1692309383.2624168,0.022435657556176443,0.08686713954702863,0.0026597442873158156,0.08361972767840589,0.0,0.0
1692309383.364195,0.02146813240886566,0.08683052255782996,0.002015571952506721,0.08343593182692799,0.0,0.0
1692309383.4614887,0.020191110908924333,0.08669612583704654,0.0014349218367078812,0.08300949690083793,0.0,0.0
1692309383.5633156,0.018914178555977736,0.08648842026147563,0.0010111821116102321,0.08262236423010759,0.0,0.0
1692309383.663759,0.017820564823258604,0.08625337783518583,0.0007908317717044992,0.08240845436788344,0.0,0.0
1692309383.7632966,0.01636138136501881,0.08593113567299254,0.0008389148096203939,0.08187647681339574,0.0,0.0
1692309383.860648,0.014961334101990976,0.08554782243505102,0.0010566401550470594,0.08141908850690427,0.0,0.0
1692309383.9629307,0.013446563586672126,0.08509332361992461,0.0014029571926126166,0.0808684231772656,0.0,0.0
1692309384.0588543,0.011102138647748588,0.08444485520111758,0.0017931224809796093,0.07963099913316275,0.0,0.0
1692309384.1526191,0.007285530840288488,0.08341042931370213,0.0021292876445432466,0.07725036732006477,0.0,0.0
1692309384.266488,0.005518148421591091,0.08242968925301641,0.0023551605763293287,0.07678814800957452,0.0,0.0
1692309384.3582962,0.004181065849350451,0.08155071548434925,0.0023998696835553822,0.07658377628096111,0.0,0.0
1692309384.4677274,0.00313259644333439,0.08078400083185129,0.0021641093441332453,0.07649606366036421,0.0,0.0
1692309384.5587888,0.0010100970131477222,0.07990742244731833,0.0016437517140561026,0.07538951044691461,0.0,0.0
1692309384.6621153,-0.00021373830469372922,0.07908920795683437,0.0010648128675170242,0.07506214387436884,0.0,0.0
1692309384.766112,-0.0024603347560251685,0.0780854406435266,-0.00029761140054296255,0.07379113150969374,0.0,0.0
1692309384.8527422,-0.004256781413810622,0.07698915319118295,-0.002006709424873896,0.07293062363503415,0.0,0.0
1692309384.964348,-0.006634447023700016,0.07578106735475246,-0.0034237035540093845,0.07153487719951628,0.0,0.0
1692309385.0615437,-0.00859850283924202,0.07437615544233081,-0.00550388527472305,0.07050447623757138,0.0,0.0
1692309385.1606607,-0.009912824246470673,0.07306938085425475,-0.007261129487212844,0.06994055096009025,0.0,0.0
1692309385.26328,-0.010670212327399706,0.07182571744691028,-0.009092403094698652,0.06970708977254308,0.0,0.0
1692309385.3584826,-0.011806812399513015,0.07056954780429234,-0.010838203437281575,0.06897986929597794,0.0,0.0
1692309385.4625607,-0.013324431771946891,0.0692213333538587,-0.01248745202220242,0.06783838218367956,0.0,0.0
1692309385.5549195,-0.013277698474263386,0.06815306251755088,-0.013762497674079973,0.06796006602885883,0.0,0.0
1692309385.6553648,-0.01626935849639853,0.06687361933183783,-0.014344522844203962,0.06534295802759547,0.0,0.0
1692309385.7572665,-0.018136959617766374,0.0655797240304776,-0.014561992586396878,0.06388159276110751,0.0,0.0
1692309385.8604846,-0.01929828814805993,0.06438146814234846,-0.014523599416493288,0.06303207841760562,0.0,0.0
1692309385.958482,-0.02042389039812696,0.06330206100468744,-0.014051220360932181,0.06215048410107754,0.0,0.0
1692309386.0544488,-0.022153190113060807,0.06226395306564452,-0.012718065756930623,0.060730448013232935,0.0,0.0
1692309386.1585715,-0.02337186176544918,0.06123783743388513,-0.011334309921378072,0.05980007037275944,0.0,0.0
1692309386.2562394,-0.024418396197889557,0.06025078860196563,-0.009589157018210292,0.05899719115079559,0.0,0.0
1692309386.3610394,-0.025053999394808492,0.05933198623014823,-0.007977492255590322,0.05850711247714491,0.0,0.0
1692309386.4613514,-0.02378014811193189,0.05876256690604872,-0.006242239904874191,0.05954135751477718,0.0,0.0
1692309386.5622203,-0.021841161124622272,0.05853919623481305,-0.004463077841863874,0.06087038708452147,0.0,0.0
1692309386.6649582,-0.018737932415034617,0.05877600055050649,-0.0029933622692522076,0.0629245740152148,0.0,0.0
1692309386.7627244,-0.015295731254426856,0.059384271855021376,-0.0015331574114785694,0.06497702469486812,0.0,0.0
1692309386.8532565,-0.012538810389975542,0.06016421306388213,-0.0002341433084049457,0.06623914405445287,0.0,0.0
1692309386.9672663,-0.010073811581855921,0.06104519195248997,0.0007611195094237532,0.0672006017478155,0.0,0.0
1692309387.0678432,-0.008522013263357178,0.06186769095394553,0.0014027438926262192,0.06740903970298959,0.0,0.0
1692309387.1601431,-0.008039263635368783,0.06248253014569518,0.0017480004637740322,0.06684704195013615,0.0,0.0
1692309387.2612762,-0.008559143073483112,0.06279552001331601,0.0017104717714664258,0.0656586173564512,0.0,0.0
1692309387.3649845,-0.009816613157184682,0.06276846885571091,0.001270870699438769,0.06411281289868004,0.0,0.0
1692309387.4611838,-0.010932605536317561,0.06252012823652967,0.0008051161946484489,0.06294009033917713,0.0,0.0
1692309387.562281,-0.012581144478260468,0.06201936531261269,0.00020302408732355865,0.061474552242196355,0.0,0.0
1692309387.6640568,-0.013810835711017416,0.06141063068837047,-0.0002998962545595786,0.060513394136389724,0.0,0.0
1692309387.7629604,-0.015842958856538684,0.06059182455402388,-0.0006444336881951988,0.0589334292075427,0.0,0.0
1692309387.864164,-0.016349608903382353,0.05986863105124472,-0.000844735497879022,0.05874397183298122,0.0,0.0
1692309387.961854,-0.01702887823988583,0.059181397894596977,-0.000836895231638928,0.058313501747475974,0.0,0.0
1692309388.0641205,-0.01773567729125453,0.058508188008064635,-0.0007246084009033043,0.05781079795135893,0.0,0.0
1692309388.1643853,-0.018559164146670415,0.057819718372938006,-0.0004558131394304436,0.05717668924113739,0.0,0.0
1692309388.265656,-0.02022514925683368,0.056977934030019155,-0.0001921273110520175,0.05582481490337793,0.0,0.0
1692309388.3634906,-0.021621566982251192,0.05606090067054115,0.0002035851292889783,0.05477597282607119,0.0,0.0
1692309388.4625773,-0.02304685064167627,0.055084844935206434,0.0005206525830381688,0.053717265709715474,0.0,0.0
1692309388.6665046,-0.024715159548796703,0.05402081364061234,0.0007666427068178412,0.05246145298246078,0.0,0.0
1692309388.6730103,-0.02626389592710018,0.05291021508699094,0.0008612169477573222,0.051328857545449455,0.0,0.0
1692309388.7653515,-0.027700133663495552,0.05177758461052192,0.000794147734350167,0.050285306337215965,0.0,0.0
1692309388.861453,-0.028921343632926547,0.05065574503739652,0.0006819612601425556,0.049398350088423436,0.0,0.0
1692309388.960915,-0.030182319034935314,0.049526453094629316,0.00040388586827444853,0.04843187510698966,0.0,0.0
1692309389.0690887,-0.03184769323334273,0.04832057693866427,0.0001735642234548272,0.047094032070299614,0.0,0.0
1692309389.1619372,-0.03316232498335151,0.047106477994249496,-0.00015467450163667137,0.04606396432579446,0.0,0.0
1692309389.2623632,-0.03477562750428143,0.045830646527264825,-0.0005046501977670908,0.04474721614743999,0.0,0.0
1692309389.3657508,-0.03657093960916422,0.04447870809200069,-0.0007685236781894512,0.043278390707385976,0.0,0.0
1692309389.4632072,-0.03778799152238314,0.043159621989610826,-0.0009790424109238616,0.04230442255589306,0.0,0.0
1692309389.5608072,-0.039637894695675496,0.04175202051990244,-0.0011612072317433199,0.0407381784472477,0.0,0.0
1692309389.6650896,-0.040640616884451336,0.04041581549101888,-0.0012798948933318232,0.03989875616326969,0.0,0.0
1692309389.762343,-0.041186619962082366,0.0391984712201455,-0.0013648182180218333,0.039352563082964365,0.0,0.0
1692309389.8614566,-0.04106747726935097,0.038170877916471384,-0.001414147379478006,0.03924701776458497,0.0,0.0
1692309389.9556162,-0.04171197691856425,0.037151524321516104,-0.0013972054001866793,0.038350617881538124,0.0,0.0
1692309390.0606296,-0.043195251355054254,0.03599656925402225,-0.0013439583757271641,0.03673413730832263,0.0,0.0
1692309390.1614504,-0.04485935234373015,0.034710977621845045,-0.0012729196090473674,0.03504222335328256,0.0,0.0
1692309390.2638097,-0.043394248062959606,0.03384291579755789,-0.0011543147438043127,0.03602750382233375,0.0,0.0
1692309390.3605225,-0.0422566010635056,0.033216947188549444,-0.000931489988415636,0.03643362902285675,0.0,0.0
1692309390.46398,-0.040640783684392626,0.03284250462530736,-0.0007013673117098755,0.037074111532821155,0.0,0.0
1692309390.562042,-0.03893757246321271,0.032659999778315386,-0.000322438108998816,0.03762897613640639,0.0,0.0
1692309390.6638422,-0.037876565480340046,0.03251925266068521,-6.142734181468763e-06,0.03753747551306842,0.0,0.0
1692309390.7570865,-0.036383369572054416,0.032483061076902305,0.0002981315712110771,0.03781104024126261,0.0,0.0
1692309390.8576152,-0.034641746635021856,0.03255408015814393,0.0007712750845591464,0.038253228898798765,0.0,0.0
1692309390.959743,-0.032611645543239066,0.032764876685212815,0.0012253514680690442,0.03888772691241069,0.0,0.0
1692309391.0584276,-0.030917934792243345,0.03300423390704681,0.0018388840408418389,0.03918498900104851,0.0,0.0
1692309391.164231,-0.02863757992929755,0.03338430224425497,0.0024216723332711253,0.039975873116063196,0.0,0.0
1692309391.2636657,-0.025956297699615393,0.03389489308603262,0.0032262994287841486,0.0410473750981251,0.0,0.0
1692309391.3569717,-0.023189649148744006,0.0345564432373706,0.00397490999859982,0.0421116702994233,0.0,0.0
1692309391.462846,-0.02064823447009118,0.03525084440110221,0.004881057086460777,0.04293682386586899,0.0,0.0
1692309391.5669112,-0.017809796348276237,0.03605969891928826,0.0057423073794661975,0.04400327333262277,0.0,0.0
1692309391.6647067,-0.014991504918927012,0.036956767050524364,0.006560819846670033,0.045025398604645134,0.0,0.0
1692309391.7649136,-0.012079735571346539,0.03788206225737736,0.0075588673957796134,0.04612013154811667,0.0,0.0
1692309391.8627453,-0.009171306544225993,0.03890335662337351,0.008434581745545271,0.04719814495116532,0.0,0.0
1692309391.965646,-0.006267371898485914,0.0399904371284578,0.009257200141459167,0.04827746580878999,0.0,0.0
1692309392.0607924,-0.004081861401747656,0.04098485114447216,0.010122364534035998,0.048772376099641516,0.0,0.0
1692309392.1697826,-0.0012887873119447057,0.04206705767932242,0.010879250872203622,0.049869231545302636,0.0,0.0
1692309392.2652712,0.0018516436690684181,0.0432671678658128,0.011599428215119908,0.05126524095133195,0.0,0.0
1692309392.3645,0.004929553044003234,0.0445370199293595,0.012334447792408864,0.05258870022948705,0.0,0.0
1692309392.4648137,0.007703303337320369,0.045844636930390745,0.012980806128259194,0.05366153248357639,0.0,0.0
1692309392.56522,0.009977875590762186,0.04713063617325279,0.013473621535356058,0.05436845919409728,0.0,0.0
1692309392.6680157,0.012454383520541523,0.04845479765498927,0.013823808510739753,0.05535087545098887,0.0,0.0
1692309392.7665725,0.013473084876109001,0.049608238252380456,0.013920091597712694,0.055182883309706963,0.0,0.0
1692309392.863746,0.015536667783907526,0.05080155823995799,0.013926021703243162,0.0561140052679977,0.0,0.0
1692309392.9630136,0.016305867901387813,0.05189442649752353,0.013497471379076156,0.0560141335155709,0.0,0.0
1692309393.06721,0.01644746663514052,0.0528025328169312,0.012774111867415614,0.055593150608985654,0.0,0.0
1692309393.168694,0.015874312560304377,0.05345009892676546,0.011899071125227997,0.05479759506122913,0.0,0.0
1692309393.2612898,0.01607873360278237,0.05402524355715728,0.011048971061121514,0.05488822427968133,0.0,0.0
1692309393.375994,0.016224819385365456,0.05454904176396863,0.010146626024788667,0.05500616559499889,0.0,0.0
1692309393.4688706,0.015765208840086347,0.05492981374152485,0.009281408363562315,0.05468086826073251,0.0,0.0
1692309393.5710728,0.01600948275384624,0.05531277971896156,0.008593742546896528,0.05505410520178089,0.0,0.0
1692309393.6715539,0.0177119420293034,0.055935728177459135,0.00807409960923503,0.056640177767969875,0.0,0.0
1692309393.762548,0.018620651854964313,0.05659702775994853,0.007725407140539047,0.05740089901417012,0.0,0.0
1692309393.867228,0.018294254025978444,0.05708178701609015,0.007525607444393456,0.0571127864915893,0.0,0.0
1692309393.9687645,0.019312104256123452,0.05765748797266122,0.007490054358812324,0.05807241854859924,0.0,0.0
1692309394.0651956,0.019905743356481004,0.058239740422290485,0.007485405448075914,0.05861184162171338,0.0,0.0
1692309394.166794,0.020723521791157485,0.05886697500860352,0.007494601179452181,0.059343994377720935,0.0,0.0
1692309394.2676654,0.021662741308823005,0.0595473335837109,0.0075268991326142565,0.060159359054941144,0.0,0.0
1692309394.3706896,0.02185940022547144,0.06013867008684523,0.007629412947405056,0.06033242373800233,0.0,0.0
1692309394.4752522,0.022351893968565073,0.06073174244096648,0.007668934850515058,0.060821130940564294,0.0,0.0
1692309394.573887,0.022628562961069618,0.061291876422499475,0.007664985358709945,0.061145974586326396,0.0,0.0
1692309394.6729102,0.022621851652879475,0.06178800492634638,0.007588012987951272,0.061271968112928406,0.0,0.0
1692309394.7681012,0.0222903849526127,0.06218949280954783,0.007421703483112034,0.06118616558813059,0.0,0.0
1692309394.867198,0.02202977304514581,0.06252749514183925,0.0072677697177994174,0.06123712975889759,0.0,0.0
1692309394.968076,0.022150299524155016,0.06288075669182445,0.007145478350934998,0.06164982254754346,0.0,0.0
1692309395.0578299,0.022291082921769907,0.06323118472349014,0.007203055751215512,0.06206574809828132,0.0,0.0
1692309395.167335,0.022478173460110953,0.0636000798850601,0.00726604154862776,0.06250597363280583,0.0,0.0
1692309395.2642853,0.022264846389373184,0.06387561341286582,0.0076379093927352575,0.06259716113880434,0.0,0.0
1692309395.368741,0.02125022191351474,0.06399417373496986,0.007894041809953824,0.06204599252048945,0.0,0.0
1692309395.4658642,0.02183673998837518,0.06424171376808371,0.008220303940786534,0.06293734849352806,0.0,0.0
1692309395.5646868,0.022154379406525978,0.06453227626322972,0.008605780173051303,0.0634931807330285,0.0,0.0
1692309395.665419,0.022597624132964303,0.06488852753593385,0.008932251981159538,0.06410716831886139,0.0,0.0
1692309395.7669148,0.02213743746273292,0.06514476625780491,0.009189352375145034,0.0639226631918654,0.0,0.0
1692309395.8659348,0.02316212511529321,0.06557509133201979,0.009400124786252174,0.0650489851584769,0.0,0.0
1692309395.9780674,0.024267827455898866,0.06614443763917763,0.009571053734985277,0.06612724768084424,0.0,0.0
1692309396.075445,0.02520214245848381,0.06678994617546109,0.009689510219778997,0.06698020671765585,0.0,0.0
1692309396.1690216,0.02482774979848246,0.06729738034456823,0.009610031475907103,0.06670953708651449,0.0,0.0
1692309396.2759366,0.024747389070956628,0.06775381068304949,0.009401012475786511,0.06681542942920514,0.0,0.0
1692309396.3681114,0.02524140786766074,0.06825883904671498,0.009192386180588206,0.06745960853396948,0.0,0.0
1692309396.4642472,0.024765897883376558,0.0686387817847914,0.008994201948934728,0.06727193053250587,0.0,0.0
1692309396.56573,0.02423074429646462,0.06892009079415404,0.008806970644672476,0.06712799769609862,0.0,0.0
1692309396.6577725,0.023970569217575916,0.06917911089317182,0.008601923889932911,0.06728191953763744,0.0,0.0
1692309396.7727525,0.022854605847616418,0.06927502379185255,0.008431344260703041,0.06673594635228118,0.0,0.0
1692309396.8591027,0.021360821280398904,0.06918786421820076,0.0083055477379035,0.06597638666143804,0.0,0.0
1692309396.9671202,0.020074012229306402,0.06900044132455638,0.00821255712511745,0.06549411433221276,0.0,0.0
1692309397.0698671,0.01898066620038859,0.06877041377573921,0.008128433362064202,0.06521390387227574,0.0,0.0
1692309397.1636624,0.018012401174462973,0.06852624884267748,0.008045766557656982,0.06503795744928016,0.0,0.0
1692309397.2639735,0.016219616682382275,0.06813724135080403,0.007904333872392085,0.06415420545450452,0.0,0.0
1692309397.367555,0.014463486543654876,0.06764783937382035,0.007692772082530774,0.06337411791230783,0.0,0.0
1692309397.4669664,0.013990600776831813,0.0672912145665286,0.007438686596730838,0.06370379948413034,0.0,0.0
1692309397.568574,0.012816256497887946,0.0669075065360823,0.007158818454520216,0.0633261114284334,0.0,0.0
1692309397.6607435,0.011822254339745429,0.0665344662906446,0.006793586162759696,0.06309121667386794,0.0,0.0
1692309397.7652805,0.011335070451729708,0.06624345382483894,0.006417316810008907,0.06325051469933325,0.0,0.0
1692309397.857929,0.010028818802173083,0.06587420064037117,0.0059970066681388845,0.06264672199509502,0.0,0.0
1692309397.9613435,0.007551252047332003,0.06525303005577451,0.005513154263409685,0.06109917209064713,0.0,0.0
1692309398.0591965,0.006631731630636812,0.06469752048840503,0.005073060099262014,0.060998699735995116,0.0,0.0
1692309398.167501,0.00619554487240821,0.06426447555351292,0.004616665601919266,0.061219179470552595,0.0,0.0
1692309398.2591908,0.004805625983134795,0.06375632605872765,0.004162588671708908,0.06053022314427428,0.0,0.0
1692309398.3644187,0.003922307980172743,0.06327232871497275,0.003727291568217491,0.06028968105232132,0.0,0.0
1692309398.4646807,0.002951030203826347,0.06278536680152795,0.003346819676745383,0.05993112584152013,0.0,0.0
1692309398.555999,0.0013054634137855546,0.06217945167981876,0.0030646930178556344,0.05898452716370959,0.0,0.0
1692309398.6641898,0.0005398107771056275,0.061627947848721644,0.002857736139086931,0.05882435304013653,0.0,0.0
1692309398.7661338,-0.00047691377212276355,0.0610645118483405,0.002821395164534329,0.05838541235106322,0.0,0.0
1692309398.8537948,-0.001080980912294708,0.06055208523562935,0.0029427275633458145,0.0582666581027074,0.0,0.0
1692309398.9615698,-0.00229781387561337,0.05997659120056643,0.0030632118992700236,0.0575681203629802,0.0,0.0
1692309399.058737,-0.0031122693365878426,0.059395433710229865,0.0034569446826666845,0.0572229202406592,0.0,0.0
1692309399.1670043,-0.003348641965096013,0.05891709674154742,0.0038281491701954045,0.05731804351712876,0.0,0.0
1692309399.2633326,-0.0030448467268017676,0.05858666348101452,0.004278004381383793,0.057767482406875396,0.0,0.0
1692309399.3619037,-0.003028308061601229,0.05831468667191097,0.004742933798144088,0.0578484323758119,0.0,0.0
1692309399.4498003,-0.002641919150315553,0.05814726254358064,0.005183396642313764,0.0581816928211735,0.0,0.0
1692309399.5634844,-0.0015850876949708888,0.058162597442402604,0.005618136820239152,0.058995086360375724,0.0,0.0
1692309399.6630926,-0.0008107974101000798,0.05827725143000555,0.005931231319552992,0.059445869409064364,0.0,0.0
1692309399.7602465,0.0005546590886680624,0.058564644007284145,0.00613791108068731,0.060341729783736635,0.0,0.0
1692309399.8528242,0.0010564563435557254,0.05883989610254067,0.006229554631729153,0.060424533683574144,0.0,0.0
1692309399.9677882,0.0022341578394406603,0.059228546479232716,0.006168387843918502,0.06111239553160275,0.0,0.0
1692309400.0517933,0.0034325305649414457,0.059693994830887866,0.00611706213302494,0.06177712844443841,0.0,0.0
1692309400.1672118,0.004394003375131898,0.060176475179631386,0.006114372414750685,0.062220672945866605,0.0,0.0
1692309400.2608874,0.004529990785217902,0.06054389737541163,0.00610503131687547,0.061990637044695054,0.0,0.0
1692309400.3537698,0.0049732454794412725,0.06087556087122156,0.006174942979124117,0.06212330121480189,0.0,0.0
1692309400.4586172,0.0046422911708148395,0.061069173627978285,0.006179508053537685,0.06164785733278152,0.0,0.0
1692309400.5578005,0.004644192700243643,0.06120991439756449,0.006247027075709158,0.061564386306944816,0.0,0.0
1692309400.6557038,0.004614189273185971,0.06130242342518639,0.006410393860150526,0.06149291024555038,0.0,0.0
1692309400.76789,0.0038606024570790732,0.06124492901971247,0.006600796367606223,0.06084489510402034,0.0,0.0
1692309400.8506258,0.003670003325363352,0.061176340832499065,0.0067766736215588794,0.060763327370414885,0.0,0.0
1692309400.9595826,0.0036627706999973206,0.06112356306628865,0.006981458567533018,0.060834815143386775,0.0,0.0
1692309401.059393,0.004231314630631239,0.06118064750385045,0.007171422087925526,0.06136458723018101,0.0,0.0
1692309401.1603816,0.0037125344783791978,0.06115182222588712,0.007222648075555845,0.06090777648029191,0.0,0.0
1692309401.262918,0.0031597321565793274,0.06104419622437958,0.007264065614233965,0.06049284054934613,0.0,0.0
1692309401.3654315,0.00308134800912607,0.060956079867118186,0.007311113013277585,0.060522977361146514,0.0,0.0
1692309401.4532146,0.003429515487199155,0.0609571332616238,0.007315193323696878,0.06088771384014248,0.0,0.0
1692309401.563147,0.0021729124748986407,0.06076930673473183,0.0071682721795431675,0.059851580624624076,0.0,0.0
1692309401.6575534,0.0018892694023488492,0.06058171824994503,0.007131920622605811,0.059766245747162536,0.0,0.0
1692309401.764875,0.001783195672055466,0.06043432682819216,0.007063825353919785,0.059809147507592884,0.0,0.0
1692309401.8631055,0.0021616502703803394,0.060391631839965654,0.006997948281994629,0.06022286108252554,0.0,0.0
1692309401.9621804,0.0015958623344732227,0.060263886145673094,0.006962039239038464,0.05977186900114439,0.0,0.0
1692309402.0631464,0.0012982184869742592,0.06012773878643299,0.006868013328286416,0.059597300414272275,0.0,0.0
1692309402.1608179,0.001147111493104165,0.059997863140711115,0.006832631838094711,0.059550053068030184,0.0,0.0
1692309402.254119,-3.862388234377031e-05,0.05970618651457888,0.0067849865629721375,0.058623888795325055,0.0,0.0
1692309402.3639183,-0.000521010671037813,0.05941063829560189,0.006750975128926964,0.058387194981515074,0.0,0.0
1692309402.4625874,-0.0003469321902971555,0.05921366761915325,0.006768401885758794,0.05868534978319985,0.0,0.0
1692309402.5675075,0.00023652778566511163,0.05915724039422591,0.006787400091281513,0.05924117434456831,0.0,0.0
1692309402.665313,0.0012570138390079865,0.05927151765370487,0.00682244390407057,0.06006068665729832,0.0,0.0
1692309402.7641947,0.0014354141473611047,0.059375257750976865,0.0068199651670790284,0.06006304920651266,0.0,0.0
1692309402.8606842,0.0018465754184124879,0.05951408260533479,0.006767298925206062,0.06027991071819617,0.0,0.0
1692309402.9651937,0.0024975183473613413,0.059715846940949474,0.006711473630333022,0.060687435865175464,0.0,0.0
1692309403.0618472,0.003884063005403036,0.06008291033637207,0.006688121579828898,0.06167900775523867,0.0,0.0
1692309403.1650052,0.004229403458781216,0.06040822332500494,0.006602984672420557,0.061703404929412,0.0,0.0
1692309403.27071,0.004757938481721787,0.06072556331346019,0.006591089743472766,0.06193619662063951,0.0,0.0
1692309403.3736486,0.005683599201553766,0.06108854202351717,0.006780565502701769,0.06251923138471477,0.0,0.0
1692309403.4689825,0.005695413168357843,0.061361491861508244,0.006889151251248173,0.06230728811091718,0.0,0.0
1692309403.5636992,0.005759759319625775,0.06156391470973111,0.007080008377459987,0.062223032904385966,0.0,0.0
1692309403.668416,0.005995251993474188,0.06173890512886504,0.007370938903778608,0.06233094436783757,0.0,0.0
1692309403.7714481,0.006660589578149666,0.06198423185099636,0.0075990009257788736,0.06280976607549871,0.0,0.0
1692309403.8556519,0.007566541754104841,0.06229325418221283,0.007971877324133448,0.06345239072281794,0.0,0.0
1692309403.963037,0.007833880862325716,0.06254954209787682,0.008392123474617421,0.06350882066513235,0.0,0.0
1692309404.058726,0.008726602859346082,0.06289072703651735,0.00873473326399895,0.06412242385041218,0.0,0.0
1692309404.1525707,0.009746994195404944,0.06328949638609477,0.00917548712425113,0.06479999689122576,0.0,0.0
1692309404.2595341,0.010510050378665037,0.06369219483395756,0.009654999269131834,0.06521967034684137,0.0,0.0
1692309404.3614078,0.011865345302363507,0.06422595598296067,0.010006324122947136,0.06613427587581258,0.0,0.0
1692309404.4568484,0.01347995618083149,0.06491655352745619,0.010159923464012479,0.06720692075891656,0.0,0.0
1692309404.5551553,0.01372807135969945,0.06548052568720733,0.010265587948547617,0.06708195938413103,0.0,0.0
1692309404.6582274,0.015477663650050894,0.06620702824570257,0.01034469972329199,0.06833016625491832,0.0,0.0
1692309404.7569575,0.016132653612170776,0.06687171382854382,0.010410352181157727,0.06858391448063335,0.0,0.0
1692309404.8568678,0.01818784732728001,0.06772248053523562,0.010516161551116026,0.07008042006247961,0.0,0.0
1692309404.951883,0.01810335388040039,0.0683922453228582,0.010404125469138215,0.06969002064205324,0.0,0.0
1692309405.0559185,0.018435827967310324,0.06899064756596304,0.010245804749915507,0.06982862875616183,0.0,0.0
1692309405.1527615,0.019111559715249655,0.06960086299782332,0.01003718501778949,0.07033286388124776,0.0,0.0
1692309405.252255,0.017667012361946115,0.069881598921221,0.00970768307809619,0.0690865610683073,0.0,0.0
1692309405.3550475,0.01617283582058525,0.06991336808364151,0.009345524989671805,0.06805030780476819,0.0,0.0
1692309405.4521246,0.015579622339152256,0.06990968340864173,0.009008457285517496,0.06793738770371047,0.0,0.0
1692309405.553384,0.015121529521372188,0.06989233404429102,0.008770588151491948,0.06794834592994542,0.0,0.0
1692309405.6604025,0.013097478846188169,0.06961042746108834,0.008542299786423346,0.06664030300859983,0.0,0.0
1692309405.7533364,0.012412261125841583,0.06934365122115273,0.008438945288736469,0.06661110319534014,0.0,0.0
1692309405.8586211,0.011460889169348686,0.06904924807648564,0.008333079852579355,0.06631083954847007,0.0,0.0
1692309405.9623196,0.009505045620253167,0.06855887511908063,0.008270118796085036,0.0651641246514797,0.0,0.0
1692309406.0599403,0.00887748726272319,0.06813805771777842,0.008272573478365923,0.06522503774073606,0.0,0.0
1692309406.1583958,0.00876468914845507,0.06784109184357509,0.008361213330325861,0.06562649889162059,0.0,0.0
1692309406.2615094,0.00876892466844714,0.06765186147118679,0.008475548184449677,0.06600316915981028,0.0,0.0
1692309406.357679,0.007828102415610026,0.06739193437939922,0.008514824696373494,0.06549272097489019,0.0,0.0
1692309406.4562106,0.007665277530264062,0.06719969013407703,0.00855795164249177,0.06566941615392559,0.0,0.0
1692309406.5520568,0.008069777393388343,0.06714998290676684,0.008582416652287105,0.06625545560319442,0.0,0.0
1692309406.6537592,0.0074279570621832314,0.06703837293857917,0.008505235306359235,0.06586154525362595,0.0,0.0
1692309406.756933,0.0077503920635523926,0.06703073369437851,0.00843871781612002,0.06631880602724974,0.0,0.0
1692309406.8588297,0.008310839483907198,0.06713963478722493,0.008351908139473091,0.06689789155996237,0.0,0.0
1692309406.9619522,0.007993448867717464,0.06719177987635218,0.0082089012389213,0.0666680581773226,0.0,0.0
1692309407.0547812,0.007867107933350914,0.06723675149442873,0.008011900818320799,0.06664623084048613,0.0,0.0
1692309407.1506038,0.008275556467917725,0.06736612272351018,0.007765084294491076,0.06708323857973919,0.0,0.0
1692309407.2629848,0.00933238074417244,0.06765671304309429,0.00755621717404056,0.06801269163926052,0.0,0.0
1692309407.3531506,0.009343673409016932,0.06789957408927828,0.007292325536878522,0.06796731227033798,0.0,0.0
1692309407.4617283,0.009871628982000667,0.06818948638424334,0.007061281272522568,0.06840507439035655,0.0,0.0
1692309407.5517416,0.009790759649071277,0.06841437050665283,0.00686032687070708,0.06831379517919824,0.0,0.0
1692309407.6589837,0.010150606565896707,0.0686654138768429,0.006704542247031674,0.06864584389024939,0.0,0.0
1692309407.7582238,0.010343880048309977,0.06890868605769866,0.006589254849686412,0.06882799027034306,0.0,0.0
1692309407.86029,0.010724357357342042,0.0691750963446592,0.006546106972844011,0.06917897301635924,0.0,0.0
1692309407.9607263,0.011346200603432157,0.06950223905217225,0.006522469909481632,0.06971984097130024,0.0,0.0
1692309408.058496,0.011445542167184974,0.06978409519723242,0.006559589903771011,0.06979196356352163,0.0,0.0
1692309408.1595514,0.012043571242936695,0.07011073135454259,0.006705720444415251,0.07031767153851047,0.0,0.0
1692309408.2683084,0.012477122288838878,0.07044181750466898,0.006938804718826123,0.07067548341745905,0.0,0.0
1692309408.3594797,0.012772672987516468,0.07076575513786447,0.007130649756489071,0.0709160953718346,0.0,0.0
1692309408.4649801,0.012229549147393342,0.07093897785789323,0.007362888990748171,0.07047245430030728,0.0,0.0
1692309408.5686347,0.012895141974123538,0.07119303457194982,0.007712572872026724,0.07114050330281198,0.0,0.0
1692309408.6682403,0.01357131099798219,0.07150090637083871,0.008174868979302082,0.07174905250906603,0.0,0.0
1692309408.7660744,0.014156751282749264,0.07183263570242884,0.008703066535393955,0.07223325401525148,0.0,0.0
1692309408.8696303,0.014425910032723446,0.07214866633433642,0.009145166888838688,0.0724297575392161,0.0,0.0
1692309408.9649527,0.014890052262293993,0.07246477707296538,0.00965945706764338,0.07281044508462527,0.0,0.0
1692309409.0616834,0.015333476750657698,0.07280522169727169,0.010051129121666225,0.07316432093723627,0.0,0.0
1692309409.1682487,0.0157124922407877,0.07313921966953796,0.010437885622548259,0.0734637233901437,0.0,0.0
1692309409.2657146,0.016621317338827338,0.07356367695197903,0.010781798577679073,0.07421258267435316,0.0,0.0
1692309409.364331,0.01741297235889265,0.0740485261850604,0.01100797447529642,0.07481210000090674,0.0,0.0
1692309409.4704516,0.015961287980837003,0.0742198986743387,0.01105283283149353,0.07352269107656838,0.0,0.0
1692309409.5624697,0.0164195127340231,0.07446546049444307,0.011098161374659691,0.07406984225760335,0.0,0.0
1692309409.658627,0.016887082463307952,0.07477418104535798,0.011086441406374808,0.07457372196847142,0.0,0.0
1692309409.7654774,0.016395274152404615,0.07496833245980826,0.011041817310251056,0.07424434599513416,0.0,0.0
1692309409.866026,0.015768988585631378,0.07506170791287894,0.010951430277675157,0.07388857218548468,0.0,0.0
1692309409.9597912,0.015310378140201527,0.07509179870149144,0.010959067655500518,0.07374474750919692,0.0,0.0
1692309410.0675387,0.014042134923108122,0.07494216552967554,0.011021622561111893,0.07295010572946112,0.0,0.0
1692309410.1623561,0.012531032753355471,0.07463957160760387,0.010996239930468736,0.07205395591206575,0.0,0.0
1692309410.2675452,0.011288735097161783,0.07424131924660952,0.011082573018380941,0.07147303372874134,0.0,0.0
1692309410.3592048,0.00832029898421388,0.07350646738118743,0.01108829363200587,0.06947218112608343,0.0,0.0
1692309410.4640768,0.006778454846831492,0.07275639474674452,0.011063724433742025,0.0688601341329716,0.0,0.0
1692309410.5632784,0.005515576811988165,0.07200977957219458,0.011161945266659559,0.06844528063468239,0.0,0.0
1692309410.6625333,0.0036401463257356922,0.07116482817259769,0.011283915230356456,0.06745217575228553,0.0,0.0
1692309410.7639112,0.0012143733205775109,0.07016200437836226,0.01134638013648554,0.06601240498475078,0.0,0.0
1692309410.8636465,-0.0003533789488920599,0.0691658399389452,0.011443554581280352,0.06534873084493525,0.0,0.0
1692309410.9644947,-0.0012358806250162108,0.06827676870474758,0.011576240244248503,0.06518983753374559,0.0,0.0
1692309411.0614717,-0.002334373468923036,0.06744612952625688,0.011591905323646873,0.06471975055773653,0.0,0.0
1692309411.164238,-0.004179544781970879,0.06651974061560012,0.011552554816849518,0.06355893946358991,0.0,0.0
1692309411.260226,-0.005665292676638659,0.06558465472381855,0.01143579059378135,0.06272946456717494,0.0,0.0
1692309411.365856,-0.006886432492352041,0.06468578916401714,0.01123226276848101,0.06209601736574323,0.0,0.0
1692309411.469972,-0.00868717062674339,0.06370434702093514,0.010998565695418397,0.060928330868666045,0.0,0.0
1692309411.56204,-0.010536386921725262,0.06265826928180737,0.010689277570377444,0.05974453403534071,0.0,0.0
1692309411.6613421,-0.012060793218237581,0.06160843910484428,0.010356452566801769,0.05884781273366946,0.0,0.0
1692309411.7622478,-0.01405362784728293,0.06047307883527883,0.00999630077139393,0.057527896011228444,0.0,0.0
1692309411.863104,-0.015687468965248762,0.05933417280665933,0.009583304249122019,0.05653129172278473,0.0,0.0
1692309411.9673772,-0.017814634634297385,0.05809722768830167,0.009180544253980908,0.05509239656155546,0.0,0.0
1692309412.0569901,-0.02112798769605426,0.05659288482689781,0.008735852267294493,0.05268918289795585,0.0,0.0
1692309412.1561327,-0.02454425497552825,0.05486367927294909,0.00831868258299049,0.05033886182626362,0.0,0.0
1692309412.2554543,-0.028259699384167263,0.05291841913306362,0.00788121630068894,0.0478285420219773,0.0,0.0
1692309412.3587813,-0.02939454464357621,0.051217865637914736,0.007551893146957269,0.047551258450583854,0.0,0.0
1692309412.4569352,-0.031264389157065656,0.049560809848050294,0.007285141237106968,0.046412134907130885,0.0,0.0
1692309412.5470917,-0.03346481288445188,0.04787684290788738,0.0070152019255326275,0.04490182288073001,0.0,0.0
1692309412.6554892,-0.036146449406810444,0.04608730475356105,0.006720916185295243,0.04295245424494495,0.0,0.0
1692309412.7402604,-0.039316902326597916,0.044126227639210945,0.00644333980942314,0.040612433368948195,0.0,0.0
1692309412.856126,-0.04251302613926192,0.04203390460534565,0.006130557999542605,0.038303132190076195,0.0,0.0
1692309412.9708214,-0.04576372798030573,0.03981953665437887,0.005840495889993101,0.03597228605690076,0.0,0.0
1692309413.054955,-0.04941890558374429,0.03744725033420223,0.005502825436678469,0.033310129482698805,0.0,0.0
1692309413.1433861,-0.05312623697361065,0.03493330345491183,0.005172660564490716,0.03063847306021587,0.0,0.0
1692309413.2619603,-0.052207529217028426,0.03305139484432733,0.00498618972925923,0.03184060729526107,0.0,0.0
1692309413.3599303,-0.051863405829333714,0.03152540929348728,0.004840691393360588,0.0320447228950298,0.0,0.0
1692309413.460746,-0.05259611279556677,0.030075230810208034,0.004685718599424171,0.03106381719338318,0.0,0.0
1692309413.5650907,-0.05355314210191787,0.02863145158636559,0.004560490231282664,0.029821252803873034,0.0,0.0
1692309413.6617856,-0.054704026189381354,0.027166524253471123,0.004398447029586092,0.02838694078103405,0.0,0.0
1692309413.764935,-0.05600387137812041,0.025659680194086234,0.004200237192740847,0.026826131896039683,0.0,0.0
1692309413.8609107,-0.054792304026349437,0.02451776974947109,0.004092338308973382,0.027373363171685667,0.0,0.0
1692309413.960804,-0.05411573468336345,0.023555880406075227,0.003993990631391298,0.027199677541173167,0.0,0.0
1692309414.0609496,-0.05384277003067301,0.022658712943194922,0.003887745358152182,0.026567462115217245,0.0,0.0
1692309414.1612084,-0.05423055681845489,0.021697321359779233,0.0037842077816946183,0.02534945222860957,0.0,0.0
1692309414.2613316,-0.05482302760714595,0.02066411752132105,0.0036444529992900217,0.024011475899140964,0.0,0.0
1692309414.357252,-0.05557749536314138,0.019548066305646587,0.00350325009692486,0.02259521034045138,0.0,0.0
1692309414.4539497,-0.05346678147983363,0.01883986884810052,0.0034252594037288715,0.02362559680389547,0.0,0.0
1692309414.5579128,-0.051956824435268924,0.018329329910004594,0.0033680402200079694,0.023874499552173283,0.0,0.0
1692309414.6734805,-0.050997886481228036,0.017876075886529372,0.003305454142192375,0.02354921807950469,0.0,0.0
1692309414.7743354,-0.050413822972915585,0.0174075982637642,0.0032311571868363486,0.022901970819881167,0.0,0.0
1692309414.8720794,-0.05021647019630708,0.016865146815257023,0.0031647634424493186,0.02197260360662377,0.0,0.0
1692309414.9677575,-0.04794595107959051,0.016611590833952423,0.0031529706270729306,0.02284754593736522,0.0,0.0
1692309415.0701845,-0.04644137807655073,0.01644809436512107,0.0031474157222837217,0.022907029244942936,0.0,0.0
1692309415.1606455,-0.045465602420143233,0.016271018228812908,0.0031256087891479954,0.022500541819161952,0.0,0.0
1692309415.2642143,-0.04489251869089882,0.01602557205090451,0.0030799146768207834,0.021807422945460512,0.0,0.0
1692309415.3597195,-0.04471367887224578,0.015668596559947234,0.0030284233963937634,0.020868904130244857,0.0,0.0
1692309415.4525962,-0.04491362723372263,0.015180146356270047,0.0029347546789257584,0.019717481525512927,0.0,0.0
1692309415.5669227,-0.04532410975406759,0.014565765343104671,0.002808538333255348,0.01850442360656676,0.0,0.0
1692309415.6574588,-0.045943707029395216,0.013824784908569403,0.0026751022668284902,0.017217730751675053,0.0,0.0
1692309415.7614114,-0.046648930538105905,0.012983239264999346,0.002515377902623554,0.01594945691285077,0.0,0.0
1692309415.8589396,-0.04745915524849382,0.012051929615597607,0.002333946962618547,0.014661995892311066,0.0,0.0
1692309415.9593542,-0.04844100179729814,0.011026945639605355,0.002132243963292609,0.013286711548546151,0.0,0.0
1692309416.0607357,-0.04297781806983917,0.01097245031350743,0.0021224546605548966,0.017346366555210265,0.0,0.0
1692309416.1601648,-0.038667072116948906,0.01142570191365598,0.002234073614537455,0.019768235092489515,0.0,0.0
1692309416.2533092,-0.0352567414320207,0.012108806353609768,0.0023930481988338552,0.021128383186344073,0.0,0.0
1692309416.358739,-0.030753066636930514,0.013143396976527137,0.0026296778755880014,0.02330924266484921,0.0,0.0
1692309416.4567475,-0.027148471879286387,0.01430171497430869,0.002880667016238706,0.02457256504103931,0.0,0.0
1692309416.5603595,-0.024347432664159264,0.015433789833675257,0.0031216971688649313,0.02517160852024573,0.0,0.0
1692309416.662444,-0.020339364231949264,0.016755310167358775,0.0034041236553674433,0.02688890251678259,0.0,0.0
1692309416.759267,-0.01645740016364249,0.018202012281487802,0.0037399353919275098,0.028457197299706388,0.0,0.0
1692309416.859362,-0.01338305903088312,0.019630750786712507,0.004057508066800496,0.029353064410241186,0.0,0.0
1692309416.960525,-0.009641557939943833,0.021171271205951,0.004378504435231769,0.030914718725534363,0.0,0.0
1692309417.058047,-0.006759900100593023,0.0226675901223154,0.004681015600688927,0.031774488528162496,0.0,0.0
1692309417.1573284,-0.0033410566460097355,0.024233106809609065,0.004993389247861628,0.03320602642315293,0.0,0.0
1692309417.260938,0.00032415846530500694,0.025901512343060342,0.005327289162245268,0.03488203767408758,0.0,0.0
1692309417.3605406,0.003550295593434235,0.027590560179847054,0.005649319167713496,0.03620660760580637,0.0,0.0
1692309417.460998,0.005944198646989317,0.029175763251764388,0.0059331062597051155,0.03691228767827519,0.0,0.0
1692309417.564482,0.009254534955723946,0.030850093807661835,0.006210209446199097,0.0385419776567393,0.0,0.0
1692309417.6567125,0.011482145629080702,0.032429881512978875,0.006432788103470189,0.039287252152387944,0.0,0.0
1692309417.7573504,0.014376481306627869,0.03406522690883964,0.00662163670375653,0.040738011768609826,0.0,0.0
1692309417.8578053,0.016938429786499815,0.035704981893198005,0.006740071103722968,0.041951447145858335,0.0,0.0
1692309417.9515512,0.019981112150696263,0.03743600878314877,0.0068314477478936785,0.043646018252330235,0.0,0.0
1692309418.0545743,0.021975463292865444,0.03907394831607429,0.006878857274610507,0.04448051995035629,0.0,0.0
1692309418.1602201,0.02468921567423222,0.04077392226203681,0.006912811393602596,0.0460566203841736,0.0,0.0
1692309418.2584302,0.026610798980245327,0.04241161413592863,0.006836316017392243,0.046999034615666305,0.0,0.0
1692309418.3537893,0.027628616446697625,0.04386263130215175,0.0066983186938996304,0.047308254915963514,0.0,0.0
1692309418.4634917,0.029522349354429177,0.04533166032408169,0.006535900779089231,0.04854123247942188,0.0,0.0
1692309418.566889,0.0313804847076564,0.04681551769616973,0.006358772809277362,0.04978572649019921,0.0,0.0
1692309418.6652431,0.03193163662751167,0.0481104223081723,0.006079863352850514,0.049980748479486276,0.0,0.0
1692309418.7611234,0.03341310743267188,0.04942488100745609,0.005783587168825904,0.05113480854253582,0.0,0.0
1692309418.861793,0.033422330018620126,0.050519980004132034,0.005420746681808327,0.05108534173393751,0.0,0.0
1692309418.9613993,0.03493439288702508,0.051702286749053056,0.005131087409449408,0.052477338180866515,0.0,0.0
1692309419.063598,0.03557533021595786,0.05280903554705427,0.0048755972189266986,0.05310428720867226,0.0,0.0
1692309419.1642945,0.03619249397399589,0.05386157736782038,0.004650209638042786,0.05378787457660419,0.0,0.0
1692309419.2666488,0.03627029765563836,0.054789302561597385,0.004456029077925389,0.05407853285702988,0.0,0.0
1692309419.3677092,0.03686862053036353,0.05571586655713635,0.004283677751069406,0.05490436946493326,0.0,0.0
1692309419.464594,0.036735923283158,0.056522442315942015,0.00413813279110395,0.05513134551680064,0.0,0.0
1692309419.5443113,0.035241371067295135,0.05702221769603067,0.003969956000956649,0.054311209812181294,0.0,0.0
1692309419.6651964,0.03474205553345394,0.05746380924764892,0.003810547881201886,0.0545313179140268,0.0,0.0
1692309419.761839,0.03369480105879076,0.057771470224100105,0.0036484603894925026,0.054319829489710016,0.0,0.0
1692309419.8616734,0.03137418325094768,0.057772231012862114,0.0034394429984107595,0.053119594269491796,0.0,0.0
1692309419.9599493,0.02868457184236508,0.05748608634477721,0.0032170862149473647,0.051795722766659336,0.0,0.0
1692309420.0575283,0.025789652945708456,0.05695223473634015,0.0029984913470852853,0.05045444490801178,0.0,0.0
1692309420.15587,0.021907788626028643,0.056070191516733425,0.0027258650675658683,0.0484024236128126,0.0,0.0
1692309420.2589214,0.017920902773184904,0.054908232184583565,0.0024252907162830967,0.04643294510323779,0.0,0.0
1692309420.3547895,0.013501886758410625,0.0534586869432227,0.002156014814617781,0.044210183496474556,0.0,0.0
1692309420.455961,0.008942256033632703,0.051763637061903234,0.0018721780251273205,0.04196975395205089,0.0,0.0
1692309420.5594752,0.004531286332137131,0.049898227730090325,0.0015787281998260292,0.03991399122927246,0.0,0.0
1692309420.6531062,-0.0006166379563669463,0.047769558298277365,0.001298897721084009,0.03724432625692939,0.0,0.0
1692309420.7568033,-0.005491371543044593,0.04547633859084101,0.0010766326971169196,0.034861424565076515,0.0,0.0
1692309420.8542233,-0.010374115910833506,0.043041946416488217,0.0008749477244398758,0.03245553528306732,0.0,0.0
1692309420.9545734,-0.015001739023901329,0.040525998273501763,0.0006944564205059981,0.030227406754137976,0.0,0.0
1692309421.0581865,-0.01985894224821412,0.03789156365477527,0.0005429596610547147,0.027730696011663572,0.0,0.0
1692309421.152892,-0.024659400464898756,0.035159314978073335,0.000422267666625294,0.025230453488482546,0.0,0.0
1692309421.253137,-0.029320159890703884,0.03235766376033901,0.000332166278724707,0.022781358356011895,0.0,0.0
1692309421.351818,-0.03384267359031471,0.029506834418335043,0.0002593788440271768,0.02036358205140679,0.0,0.0
1692309421.4532983,-0.038213408875009236,0.026624013345546392,0.00020326136038512562,0.01797668405279499,0.0,0.0
1692309421.5572271,-0.04240493324895825,0.023726545568575747,0.00015808817281095228,0.01563489061746948,0.0,0.0
1692309421.6593306,-0.046382094477988155,0.020833346700779555,0.00012351754485070737,0.013359502538718033,0.0,0.0
1692309421.7594826,-0.04998640741830675,0.017984850095915793,9.862089680182154e-05,0.011274528441112486,0.0,0.0
1692309421.8601675,-0.05349820547453614,0.015164965302833866,8.072091558690164e-05,0.009124076596458454,0.0,0.0
1692309421.9656816,-0.05667709125368431,0.012402800687992826,6.874655535524067e-05,0.0071265915431407804,0.0,0.0
1692309422.0573523,-0.059637817022859786,0.009701446950410185,6.103520109130908e-05,0.005172634846477422,0.0,0.0
1692309422.1640875,-0.06243795445880972,0.007054845224269363,5.6589309591259404e-05,0.003219129255465451,0.0,0.0
1692309422.2534218,-0.06494374629312931,0.0044817814772983924,5.709221623872376e-05,0.0013886271837568087,0.0,0.0
1692309422.3644452,-0.06716629489188333,0.0019949867732760324,5.863049644800373e-05,-0.00033447170491360885,0.0,0.0
1692309422.4416668,-0.06911487448323597,-0.0003966962848111009,6.202552708265205e-05,-0.0019594903875515936,0.0,0.0
1692309422.5627038,-0.07078453686004771,-0.0026848498109825827,6.839779409269366e-05,-0.0034808898248463675,0.0,0.0
1692309422.6625226,-0.07220070510627448,-0.004866345589294877,7.722776752157921e-05,-0.004918059963050704,0.0,0.0
1692309422.7649157,-0.07338881974548064,-0.0069418509189782245,8.79767708840128e-05,-0.006286777867296655,0.0,0.0
1692309422.863936,-0.07437851923993942,-0.008915504130807769,9.895996630307537e-05,-0.007603985716639693,0.0,0.0
1692309422.964306,-0.0751860465460415,-0.010791792071295174,0.0001098909190026535,-0.008873525015693771,0.0,0.0
1692309423.0627568,-0.07579533066747234,-0.01257024275262585,0.00011987791954979436,-0.010072569244943595,0.0,0.0
1692309423.164086,-0.07616762522997596,-0.014243147849631006,0.00012954088687256216,-0.011163194057407951,0.0,0.0
1692309423.26241,-0.07631716647086012,-0.01580636657677441,0.00013528686572302772,-0.01215673343125927,0.0,0.0
1692309423.456348,-0.07617973064995467,-0.017245322405273905,0.0001400216125882669,-0.01299645714781816,0.0,0.0
1692309423.4611099,-0.07582436007830198,-0.018559858907938452,0.0001471340538836339,-0.013743808283361733,0.0,0.0
1692309423.5552483,-0.07522407970972866,-0.019744377486155776,0.00015437734986021892,-0.014369879947892435,0.0,0.0
1692309423.6583445,-0.07445780483291538,-0.020806740619709784,0.00016525957674033166,-0.01493808576108615,0.0,0.0
1692309423.754125,-0.07346634889296458,-0.021742006736403457,0.00015855943735063171,-0.015387480698746276,0.0,0.0
1692309423.8486288,-0.07229847646316062,-0.022553425268661564,0.0001613877063309138,-0.015756607769813514,0.0,0.0
1692309423.9655178,-0.07094982478341087,-0.023241810617266538,0.0001703851864865492,-0.016033888060517122,0.0,0.0
1692309424.0648,-0.0693787775701051,-0.023800087789898092,0.00017667367390618386,-0.016178785068593982,0.0,0.0
1692309424.145785,-0.06773903523089637,-0.02424764568457209,0.00016252403812792824,-0.01631937952638445,0.0,0.0
1692309424.2575228,-0.06581615993149026,-0.024562146498506854,0.00014929490346335698,-0.016258592897553506,0.0,0.0
1692309424.366285,-0.055102738546499774,-0.02332748025350854,0.00012889022035032956,-0.008903546074018614,0.0,0.0
1692309424.462838,-0.044844527683672905,-0.02104105042132358,0.00011406517437133704,-0.002909688008657183,0.0,0.0
1692309424.5641139,-0.03585681205216096,-0.018181808077905356,9.791845614786211e-05,0.0014586445015257249,0.0,0.0
1692309424.6606615,-0.02625697573435263,-0.014777024816665252,8.023845241767647e-05,0.0061446763259729205,0.0,0.0
1692309424.7628906,-0.017860796492313393,-0.011141194603362598,6.644637733425898e-05,0.009673533454575826,0.0,0.0
1692309424.8605108,-0.008974341446892293,-0.007219335935063908,5.199607282499487e-05,0.013689156593477528,0.0,0.0
1692309424.9673014,0.0002420242651514741,-0.0029978208663135435,3.6325655820383455e-05,0.018022942236013962,0.0,0.0
1692309425.0502932,0.008107118844319056,0.0012575180579360158,3.0046294695375223e-05,0.021267182745900007,0.0,0.0
1692309425.1683414,0.01693855035954773,0.005736912707084797,1.7228855653504042e-05,0.02553949679519376,0.0,0.0
1692309425.2720017,0.025402847528276637,0.010356820018332314,2.7273813081934427e-06,0.02959067374228,0.0,0.0
1692309425.3712668,0.03379209916930533,0.015105312806024892,-1.7040073075042754e-05,0.03372226606125815,0.0,0.0
1692309425.473209,0.04177560653182866,0.019918941664080973,-4.647672101619934e-05,0.037663522038452246,0.0,0.0
1692309425.5618732,0.04966305397435761,0.024802379499797203,-7.960386685582957e-05,0.04171223600317342,0.0,0.0
1692309425.662039,0.05695374728298677,0.029675567558987197,-0.00011906589805184766,0.04544100853712796,0.0,0.0
1692309425.763232,0.06377042723777901,0.03449983479749239,-0.00018297360772576886,0.04899998058820015,0.0,0.0
1692309425.8680182,0.07022916143937911,0.03926514431442895,-0.00022977686952853224,0.05250195020132424,0.0,0.0
1692309425.9594047,0.07651243444060879,0.04399197101239602,-0.00028435591915382415,0.05609492305482493,0.0,0.0
1692309426.0587957,0.0822301564712005,0.04862931130497074,-0.00033284920836297246,0.0594282537976663,0.0,0.0
1692309426.1703427,0.08709832583794623,0.053092028322407746,-0.0003684848732729126,0.06228939866004947,0.0,0.0
1692309426.269742,0.09215713574674156,0.057487760215891213,-0.0003897492654706675,0.06559175361538618,0.0,0.0
1692309426.3712895,0.09637073463698845,0.061721243561855016,-0.0003768465414933682,0.06838293908873873,0.0,0.0
1692309426.4686837,0.09895019462341445,0.0655922644183419,-0.00033359354019422326,0.07005856176423332,0.0,0.0
1692309426.5707664,0.10202582129141206,0.06930432874360608,-0.00027016134736299,0.0725163334893874,0.0,0.0
1692309426.669377,0.10432297682899752,0.07279063684191006,-0.00021726501032063653,0.07453199064768364,0.0,0.0
1692309426.771927,0.10545829798403875,0.07593780884312643,-0.00012078405329513096,0.07581794244108261,0.0,0.0
1692309426.8704438,0.10625368655560365,0.07879663672390406,3.040370874783722e-06,0.0771205556029543,0.0,0.0
1692309426.9747915,0.10555566753370421,0.08121080108657307,0.00011879128552585713,0.07742195910640219,0.0,0.0
1692309427.0564814,0.1048521309965207,0.08330932545836159,0.0002126897399473925,0.07805146870898085,0.0,0.0
1692309427.1655536,0.10322230404405175,0.08502959043326512,0.0002915673492900479,0.07812947403821924,0.0,0.0
1692309427.2733595,0.1009162478250706,0.08636497263460144,0.00032421210615464133,0.07788972884008658,0.0,0.0
1692309427.3770065,0.0979892744697197,0.08731613633376888,0.00035312138342708335,0.0773635157608844,0.0,0.0
1692309427.4743807,0.09403917665653586,0.08781463388094238,0.00031430268244629444,0.07619535571927237,0.0,0.0
1692309427.5736642,0.08968455890578651,0.08790936725638389,0.0002781436204183896,0.07492926985648565,0.0,0.0
1692309427.6714294,0.0847288275704337,0.08759982338691025,0.00028737627232418907,0.07334713296010001,0.0,0.0
1692309427.7745512,0.0790372713099271,0.08686053177472809,0.0003301768396080972,0.07131911365379995,0.0,0.0
1692309427.873796,0.07282230186938866,0.08570544443904533,0.0003693974068443285,0.06902249261017299,0.0,0.0
1692309427.9729831,0.06565218771744849,0.08407024522417636,0.00043657009791056795,0.06606992574194359,0.0,0.0
1692309428.0718105,0.05822302825781269,0.08202080427673279,0.0004936120853728205,0.06306890606368933,0.0,0.0
1692309428.1715906,0.05051733436754658,0.07959824366546216,0.0005509492819336774,0.05994204060838096,0.0,0.0
1692309428.2691214,0.042768186335448495,0.0768686106065167,0.0005762943063970537,0.05684181089724042,0.0,0.0
1692309428.3724322,0.03504272084851519,0.07388801589553133,0.0006025596267179406,0.053768888581631785,0.0,0.0
1692309428.4658642,0.02761374621396866,0.07074091272590147,0.0006235519322610134,0.05090584232461158,0.0,0.0
1692309428.5668683,0.01956862106974215,0.06733788992622447,0.0005953693378265049,0.04743029093452947,0.0,0.0
1692309428.6690912,0.011667089865803434,0.06373876564276264,0.0005403198574363024,0.04403695514359755,0.0,0.0
1692309428.7689683,0.0038800687128269663,0.05998123985194921,0.000470145086795334,0.040656775818158415,0.0,0.0
1692309428.8664596,-0.0037163238420877785,0.056104458020033214,0.00032147685177339586,0.037326825733283164,0.0,0.0
1692309428.9667342,-0.010787374175388189,0.05219264082215985,0.0002019371179976619,0.03430088802462353,0.0,0.0
1692309429.0652416,-0.017940740535523164,0.04820614855636233,6.96102616907322e-05,0.031018694738877958,0.0,0.0
1692309429.167014,-0.024606200020868114,0.044212497183550054,-3.527665980862511e-05,0.027989416852296712,0.0,0.0
1692309429.2612658,-0.03130218923976684,0.040175077435239556,-0.0001276338561408346,0.024740294688455323,0.0,0.0
1692309429.344247,-0.03768288963882835,0.03612606468495169,-0.00020137014439268632,0.02159209064091291,0.0,0.0
1692309429.4613266,-0.04374931111384379,0.03208960665999967,-0.0002493984270420289,0.01852804872196457,0.0,0.0
1692309429.5616398,-0.049549577507405934,0.028076617058617203,-0.00026326928233627307,0.01549901932257691,0.0,0.0
1692309429.670307,-0.0548115733803764,0.024140607853153292,-0.0002499361060015753,0.012733166241448598,0.0,0.0
1692309429.7665522,-0.05960144864149706,0.02031054869333074,-0.00021755771122071216,0.01014764097963125,0.0,0.0
1692309429.866195,-0.06400892259299681,0.016594673635916036,-0.00016505630092651292,0.0076587238792050795,0.0,0.0
1692309429.9533641,-0.06811485218246677,0.012987397276490708,-9.581593037782916e-05,0.0052052274227090516,0.0,0.0
1692309430.0443497,-0.07194002635934071,0.009483211489834519,-1.2085633067001385e-05,0.0027849738626050287,0.0,0.0
1692309430.1589172,-0.07530775843167427,0.006108879792857075,8.167191410323114e-05,0.0005597334241204443,0.0,0.0
1692309430.258663,-0.07838723006656186,0.002857741036526259,0.000186896868785189,-0.0016198801444212495,0.0,0.0
1692309430.362287,-0.08105365858147015,-0.00025291303343006775,0.00029939764750406704,-0.003634345211672784,0.0,0.0
1692309430.4557278,-0.08333383704721306,-0.003213254022983151,0.0004179213277512877,-0.005507726974839059,0.0,0.0
1692309430.5665567,-0.08525430461155177,-0.006018977219797496,0.0005385372365279574,-0.007258296828861212,0.0,0.0
1692309430.6641262,-0.08687091743453015,-0.008674474921453092,0.0006575370924362941,-0.008925198517404661,0.0,0.0
1692309430.764583,-0.08820912449254824,-0.011185225141115425,0.0007753174054389032,-0.010516674102406625,0.0,0.0
1692309430.859062,-0.08926479231162676,-0.013552509283064153,0.0008988766018825202,-0.01201608346234262,0.0,0.0
1692309430.95861,-0.09003869834548699,-0.015776112659784104,0.0010290420160044573,-0.013414062594633899,0.0,0.0
1692309431.0576665,-0.09051461075318738,-0.017852473126274748,0.0011554897136190608,-0.014688712026096782,0.0,0.0
1692309431.165714,-0.09073808025406314,-0.0197846707469546,0.0012792058371953472,-0.01587285257198583,0.0,0.0
1692309431.262275,-0.090481231834693,-0.021535766614040247,0.0014048861130385914,-0.01676620134533216,0.0,0.0
1692309431.3600135,-0.09001833144868153,-0.023123639292435973,0.0015267273143149736,-0.01761452943533771,0.0,0.0
1692309431.4603786,-0.0893964418746586,-0.02456722787778386,0.001643459051667073,-0.01843628972209898,0.0,0.0
1692309431.5579774,-0.08835936572352522,-0.0258371835051832,0.0017466371452205965,-0.01899722079871879,0.0,0.0
1692309431.6611297,-0.0870668898696195,-0.02693745140492403,0.0018322782144474335,-0.019444206183399766,0.0,0.0
1692309431.7573037,-0.08547517082738128,-0.027858987559541103,0.0019435790109222939,-0.019730403264692508,0.0,0.0
1692309431.8600354,-0.08381993361088015,-0.028636166989125467,0.0020637640094343327,-0.02004866289654628,0.0,0.0
1692309431.9553604,-0.08211178482327684,-0.029294219242451437,0.002183047947124822,-0.020378068956185547,0.0,0.0
1692309432.0626764,-0.07995784315894465,-0.029785851037968592,0.0022920991482732966,-0.020368951639349687,0.0,0.0
1692309432.160473,-0.07774118709802859,-0.03013808728184482,0.0024006157718456005,-0.02036926046660688,0.0,0.0
1692309432.262415,-0.07547295066358682,-0.03037551520844967,0.0024681824080930357,-0.02036329446196294,0.0,0.0
1692309432.357875,-0.07297552345809948,-0.030477877171298105,0.002553334549609854,-0.02018490426239177,0.0,0.0
1692309432.4516172,-0.07037276698353204,-0.030458904172651943,0.0026061867793948116,-0.01994366711380762,0.0,0.0
1692309432.558992,-0.06757152267484877,-0.03030527507378234,0.002666951857195971,-0.019552180084509777,0.0,0.0
1692309432.6562676,-0.06485408627565796,-0.030057111392422307,0.0027254686504198794,-0.01924867859010596,0.0,0.0
1692309432.7621179,-0.062028495376335396,-0.02971381319215055,0.002748180153439135,-0.01884298606582053,0.0,0.0
1692309432.8577847,-0.059140112974352475,-0.029275550519477084,0.0027757720219527466,-0.018374682649113235,0.0,0.0
1692309432.9585931,-0.05640580952399542,-0.028781262661181924,0.0028052023810994716,-0.01801992619874841,0.0,0.0
1692309433.0627446,-0.0533639571040093,-0.02818467561039093,0.0028143632576203004,-0.017366015806752164,0.0,0.0
1692309433.1633768,-0.05041694596551783,-0.02751847535511796,0.0027936442828888166,-0.016782018560090445,0.0,0.0
1692309433.259075,-0.047634734723951015,-0.02681326483279021,0.00277418802825106,-0.016303771693982574,0.0,0.0
1692309433.3571565,-0.04461170989541213,-0.026028248803554296,0.002739965121781528,-0.015569574412858351,0.0,0.0
1692309433.4600952,-0.04177478027750841,-0.02520241222957984,0.0027014026272132374,-0.014965675824339107,0.0,0.0
1692309433.557234,-0.039088737607043345,-0.024358184640675847,0.0026632912019227614,-0.014435078820656335,0.0,0.0
1692309433.660685,-0.03626440357011746,-0.023464866541946162,0.0026220322295187827,-0.013722262252864104,0.0,0.0
1692309433.761035,-0.033450762721368904,-0.022527181584181176,0.0025610466447688945,-0.012974477961174838,0.0,0.0
1692309433.8603513,-0.03076762326674617,-0.021564998663731884,0.0024964135116593237,-0.012290830493477407,0.0,0.0
1692309433.9587462,-0.0281388553402718,-0.02058138868487991,0.0024296065778453726,-0.011593852129215747,0.0,0.0
1692309434.0584135,-0.025526166015119957,-0.019573079576599053,0.002357275701525545,-0.010851079953783791,0.0,0.0
1692309434.156452,-0.023073943941865325,-0.018562613875115926,0.0022726421300735948,-0.010187324023164558,0.0,0.0
1692309434.2622664,-0.012857695457361366,-0.016273098665810233,0.002008350674031205,-0.0029731031738492765,0.0,0.0
1692309434.3627603,-0.005971752748540209,-0.013593157785249523,0.0016783791681156818,0.0006678887378816349,0.0,0.0
1692309434.4664814,2.387158826035185e-06,-0.01075773238387581,0.0013160320816534212,0.0034205519011953622,0.0,0.0
1692309434.5668485,0.004267853874270515,-0.008063252705467795,0.0009659001801343144,0.004793060736210792,0.0,0.0
1692309434.6626253,0.007570390842184867,-0.005601174404043738,0.0006482876565387655,0.005609428413191924,0.0,0.0
1692309434.7641695,0.010161886678178298,-0.0033998180164990658,0.0003661876959955335,0.00612745176158154,0.0,0.0
1692309434.8630245,0.012460277395982652,-0.0014143737976967032,0.00011496737365591716,0.006695982105912821,0.0,0.0
1692309434.9600947,0.01439178826755589,0.00037195506856237993,-0.00010878676859964428,0.00720390649934138,0.0,0.0
1692309435.0683796,0.016072025282157246,0.0019885322043585443,-0.00030167384028459654,0.007720388236070872,0.0,0.0
1692309435.1656759,0.018185214708125428,0.003563685342736475,-0.0004923421719301866,0.008783656034255849,0.0,0.0
1692309435.2654207,0.019949701878684244,0.005061894057197945,-0.0006742817955461387,0.00964194989991739,0.0,0.0
1692309435.3647566,0.021419519691759755,0.006465472318922261,-0.000845453234025401,0.010360412498988598,0.0,0.0
1692309435.4646666,0.022635477190016864,0.007767369857373745,-0.0010049458184840582,0.010979152402731576,0.0,0.0
1692309435.570674,0.0236273894797075,0.00896602417969188,-0.0011545942960909006,0.011521256530933072,0.0,0.0
1692309435.6683798,0.024420072740421524,0.010063746978648633,-0.0012921755717697967,0.01200164332440083,0.0,0.0
1692309435.7697089,0.02492931834303191,0.011048037226859698,-0.0014091970206941507,0.01234226474966841,0.0,0.0
1692309435.8699706,0.028080614233248594,0.012383972041326642,-0.0015784723872089234,0.01498902550198108,0.0,0.0
1692309435.9723012,0.030537806833566584,0.013864099778700022,-0.001764770045025536,0.016836455718980625,0.0,0.0
1692309436.0632255,0.032379024541022455,0.015355243328156855,-0.0019407476160599587,0.018109853687190536,0.0,0.0
1692309436.1676946,0.033702883648715,0.016777299565253794,-0.00209907752639833,0.018989286371491124,0.0,0.0
1692309436.2649615,0.03464191913673515,0.018094046018468493,-0.002236697296642296,0.019638354779908176,0.0,0.0
1692309436.359424,0.03510852679153088,0.01926315404540862,-0.0023583700511522645,0.02000300028957654,0.0,0.0
1692309436.4671595,0.03519454865809837,0.020270073563007383,-0.002450712856322995,0.020180433242401173,0.0,0.0
1692309436.5612702,0.03498448199214448,0.021115871333653616,-0.0025116800496890346,0.02024305618112996,0.0,0.0
1692309436.6622944,0.03437218377262588,0.021780377027236716,-0.0025561731458949195,0.02009242492520631,0.0,0.0
1692309436.7683508,0.03361802409594201,0.02229267476428233,-0.0025762966964534913,0.019949076705509827,0.0,0.0
1692309436.8671622,0.032716147141899486,0.0226704528784338,-0.002572768064428229,0.019779984095273918,0.0,0.0
1692309436.9581125,0.03143833224484438,0.022889849485167965,-0.002521712352619038,0.019375360231044064,0.0,0.0
1692309437.0715137,0.03014699983323239,0.02298500379490463,-0.0024834817280553964,0.019049360255340316,0.0,0.0
1692309437.1699684,0.028565496693621677,0.022941767777504705,-0.002416442949959585,0.018536455276143428,0.0,0.0
1692309437.2695687,0.02697404571147462,0.0227905483140895,-0.002341661302657323,0.018077916756431126,0.0,0.0
1692309437.3707874,0.02537848718716095,0.02255449433262699,-0.0022616810051379315,0.01765128177010697,0.0,0.0
1692309437.4707355,0.02349774204559137,0.02220281073068449,-0.002183670196817442,0.017002536193560715,0.0,0.0
1692309437.569306,0.02161896453316786,0.02176120157095978,-0.002102016236740954,0.01638888580908547,0.0,0.0
1692309437.6656747,0.019817727992349748,0.02125967402606523,-0.00201654895225949,0.015852669848396797,0.0,0.0
1692309437.7668955,0.017765221583801467,0.020664103658587868,-0.0019398438220842782,0.015096997021725168,0.0,0.0
1692309437.8693352,0.015772710030164568,0.02000331459442047,-0.0018551466632726833,0.014402690951773557,0.0,0.0
1692309437.9705412,0.013817457989091125,0.019290869195309743,-0.001785422156572045,0.013730085310508887,0.0,0.0
1692309438.0660653,0.011935410717824531,0.018545614334140606,-0.0017095565779853055,0.013097582007836533,0.0,0.0
1692309438.1680162,0.009827208332503931,0.017730617751633388,-0.0016245135381736458,0.012243928392471246,0.0,0.0
1692309438.2687702,0.007834627202296312,0.01687524016633168,-0.0015343697425068085,0.011479976408896262,0.0,0.0
1692309438.3680303,0.005896097695432432,0.01599042752611312,-0.0014403900563625996,0.010733247035933568,0.0,0.0
1692309438.4682028,0.004072169803989516,0.015092831677670955,-0.0013586453488488527,0.010047280363346307,0.0,0.0
1692309438.5674,0.0021555764265720014,0.014162871256050725,-0.001271763404122275,0.009237699689442743,0.0,0.0
1692309438.6645563,0.00029280851896022536,0.013209622347539337,-0.0011818388851296306,0.008442612753242446,0.0,0.0
1692309438.7721024,-0.001415257963536855,0.012256087191902994,-0.0010937021112769616,0.007740587139361627,0.0,0.0
1692309438.867523,-0.0031930747882261763,0.011282496508869502,-0.0010046966918793897,0.006929581929502321,0.0,0.0
1692309438.967019,-0.0048430586832040375,0.010307234728466718,-0.0009166499957027634,0.0061899681445271495,0.0,0.0
1692309439.0629773,-0.006305449875105383,0.009353174653982622,-0.0008354494128636161,0.005560235576394027,0.0,0.0
1692309439.169442,-0.007806678308266123,0.008400865242837964,-0.0007528482694037911,0.0048376003592461555,0.0,0.0
1692309439.2683835,-0.009171273064511211,0.00746508242972596,-0.0006704071666604255,0.004185048134900868,0.0,0.0
1692309439.3650067,-0.010396707244182023,0.006557185413867957,-0.0005895060982668819,0.003596585994536136,0.0,0.0
1692309439.460695,-0.011637184469374649,0.005660487215964103,-0.0005093538007022512,0.002938354439546025,0.0,0.0
1692309439.5615563,-0.012759226195661118,0.004785364470308312,-0.00043077216617327523,0.002335903054369233,0.0,0.0
1692309439.6595442,-0.013719303252960498,0.003946760306638577,-0.0003549831309084204,0.001820555772483156,0.0,0.0
1692309439.766501,-0.014620453601137067,0.0031389989504750737,-0.0002811814044334118,0.0012986980034737634,0.0,0.0
1692309439.8620288,-0.015413365998446824,0.0023665446966450983,-0.0002099349561479345,0.000818430748284084,0.0,0.0
1692309439.9540942,-0.01616259085617441,0.0016225554066965548,-0.00014001116497750504,0.0003254989399921513,0.0,0.0
1692309440.0607336,-0.016858508710891815,0.000904079919023189,-7.120459512573819e-05,-0.0001646863332185059,0.0,0.0
1692309440.1597364,-0.017493124127813488,0.00021060505441902744,-4.166191545014578e-06,-0.0006412368478830178,0.0,0.0
1692309440.2614057,-0.018025978436173304,-0.00045125606399884814,6.029057497106028e-05,-0.001068111173011263,0.0,0.0
1692309440.36099,-0.01846984607503705,-0.0010785183918375356,0.00012170298839248511,-0.0014585576467340132,0.0,0.0
1692309440.4571416,-0.018839587818210525,-0.0016710987303440144,0.0001799905712346411,-0.0018248493462199933,0.0,0.0
1692309440.5569708,-0.019147582690274036,-0.002230593327099575,0.00023527560666468757,-0.0021751663127482514,0.0,0.0
1692309440.659433,-0.019391483419369877,-0.0027573666209234782,0.0002880683591881902,-0.0025043591337916317,0.0,0.0
1692309440.7593307,-0.019594652726706737,-0.0032552713988729365,0.00033820170797694394,-0.002829706330542301,0.0,0.0
1692309440.8584595,-0.019763892759718325,-0.0037278694777308284,0.0003859033791879108,-0.003152509851605984,0.0,0.0
1692309440.9614081,-0.01990486970721696,-0.004178396268109551,0.0004314633882440478,-0.003473579902626133,0.0,0.0
1692309441.0579615,-0.020013863690650065,-0.004608363169793657,0.00047502001286168935,-0.0037863603272941756,0.0,0.0
1692309441.163886,-0.020058177723215793,-0.005013225292007107,0.0005171650104603953,-0.004061476970361199,0.0,0.0
1692309441.2573044,-0.020048611875125535,-0.00539142894987716,0.0005573133440332882,-0.00430994861042117,0.0,0.0
1692309441.3590455,-0.01993504056326861,-0.005733252604274176,0.000596092690996968,-0.00448980522094664,0.0,0.0
1692309441.4569132,-0.019785531319284212,-0.006042803410453999,0.0006331694671510806,-0.0046630024655769636,0.0,0.0
1692309441.556582,-0.01959764200853104,-0.006322342878854182,0.0006683632194878256,-0.004823054722663169,0.0,0.0
1692309441.6607456,-0.01933969070951947,-0.006568853507417292,0.000693819313420689,-0.004940576585588268,0.0,0.0
1692309441.7588482,-0.01904455148081249,-0.006784024432023231,0.0007167447409567837,-0.005044451371024664,0.0,0.0
1692309441.85809,-0.01869310256602735,-0.006966122603031201,0.0007381200530652825,-0.005115647998721901,0.0,0.0
1692309441.9611855,-0.018260948495533627,-0.007109772101985893,0.000757456032920328,-0.005133602641555591,0.0,0.0
1692309442.0623686,-0.01782492927686198,-0.0072234994586484235,0.000775165609501329,-0.005164742469987836,0.0,0.0
1692309442.1613278,-0.017309661598931145,-0.007300481639285915,0.0007936051427817753,-0.005138881641396259,0.0,0.0
1692309442.2496758,-0.0167959902225314,-0.0073495940525112645,0.0008091509374301439,-0.005126756583003608,0.0,0.0
1692309442.3617253,-0.016300537150685298,-0.007379537789876088,0.0008213260848463238,-0.005135310309848961,0.0,0.0
1692309442.4592922,-0.01574497253543203,-0.007384179241134582,0.0008238169058305776,-0.00509263877167717,0.0,0.0
1692309442.5569186,-0.015180788096162131,-0.0073661087277062005,0.0008249415076070045,-0.005046104569282348,0.0,0.0
1692309442.6609752,-0.014596801108011726,-0.007325815780814907,0.0008255033171804411,-0.00498329964245583,0.0,0.0
1692309442.7588654,-0.013996308741928387,-0.007264147515879651,0.0008257218397553705,-0.0049060609821091825,0.0,0.0
1692309442.8620393,-0.013403189729354868,-0.007185831704650926,0.000823706745261224,-0.004833252240929819,0.0,0.0
1692309442.9587386,-0.012735971414586282,-0.007080662079033616,0.0008186004526815217,-0.004693478509353828,0.0,0.0
1692309443.0528665,-0.013736908407267108,-0.007225378102894988,0.0008473258071046004,-0.00594818973336395,0.0,0.0
1692309443.1597428,-0.014389116582593052,-0.00749068611752724,0.0008930974063680714,-0.006726733036157879,0.0,0.0
1692309443.2669168,-0.014847964222640658,-0.007811419456550608,0.0009446517002646586,-0.007260474740847245,0.0,0.0
1692309443.3684351,-0.01512464066723648,-0.008142913504114136,0.0009988411247656946,-0.007609584970963747,0.0,0.0
1692309443.4660394,-0.015274906533802403,-0.008462759206642939,0.0010524244826808492,-0.007853128653397596,0.0,0.0
1692309443.5654845,-0.015214360522393021,-0.008740703827695337,0.0011037547477270085,-0.007935827696428633,0.0,0.0
1692309443.6641812,-0.01507107688011567,-0.008976197290994569,0.001149869741368117,-0.007983543838369469,0.0,0.0
1692309443.7615,-0.014877186606320265,-0.009174820276626607,0.001180448779416626,-0.00802100062956459,0.0,0.0
1692309443.8614578,-0.014475472279776101,-0.009311540921515678,0.0012073121824291411,-0.007911797890722928,0.0,0.0
1692309443.9660993,-0.014039727428413066,-0.009398161860094335,0.0012282285010216738,-0.007814178019233852,0.0,0.0
1692309444.0633461,-0.013584058183362077,-0.009444742748552665,0.001243302502510673,-0.007728889064645244,0.0,0.0
1692309444.16457,-0.012993879184906496,-0.009438855024782332,0.0012542718441299152,-0.007551017674229368,0.0,0.0
1692309444.2635694,-0.012392736923304101,-0.009392216785434096,0.0012586882527459394,-0.007389776855620543,0.0,0.0
1692309444.3634865,-0.011748777455104354,-0.009307096674446645,0.0012582864801277032,-0.007208599028413649,0.0,0.0
1692309444.4665456,-0.011107078127310682,-0.009192171611790886,0.0012553654760684334,-0.007041716465154882,0.0,0.0
1692309444.562516,-0.0103452059650359,-0.009033163756410405,0.00125096483724987,-0.006779398512302594,0.0,0.0
1692309444.6619701,-0.009584317561365357,-0.008840426236249383,0.0012410853863171643,-0.00653102742366189,0.0,0.0
1692309444.7668338,-0.008807431376810742,-0.008617885919783378,0.00122588784657214,-0.006274311084066583,0.0,0.0
1692309444.8663604,-0.008046918101040685,-0.00837454827907782,0.0011991616430319918,-0.006032625693603426,0.0,0.0
1692309444.9616988,-0.007274698962413274,-0.008109890143631915,0.00117133971152636,-0.005776629623540101,0.0,0.0
1692309445.0659726,-0.006480153883973118,-0.007823132402169499,0.001140396653916786,-0.005496354454060662,0.0,0.0
1692309445.1548524,-0.005637610142494943,-0.007509516688982234,0.0011040946758417388,-0.005170777410724622,0.0,0.0
1692309445.2649806,-0.004813927461459253,-0.007176029664504117,0.0010650469312647561,-0.004858772006236268,0.0,0.0
1692309445.3669186,-0.00404380349318022,-0.006833691061104865,0.0010231825235811455,-0.004583811445581907,0.0,0.0
1692309445.4607148,-0.0033675953164907188,-0.006497756667775128,0.0009745317267317495,-0.004372190290696849,0.0,0.0
1692309445.564165,-0.002682574360466502,-0.006160847210786421,0.0009251819628195685,-0.004129111772192603,0.0,0.0
1692309445.6654873,-0.0020028091808656384,-0.005820808802050529,0.0008754745557570582,-0.003871731232862849,0.0,0.0
1692309445.7630064,-0.0013316180524106777,-0.005476734372490137,0.0008258336044708798,-0.0036049351638840297,0.0,0.0
1692309445.863994,-0.000680189606152278,-0.005129976840071393,0.0007762164156225662,-0.0033391741484258843,0.0,0.0
1692309445.9617307,-6.621471132436062e-05,-0.004784545223387486,0.0007265526080975014,-0.003088810452355339,0.0,0.0
1692309446.0616033,0.0005459413774074252,-0.004437589089095088,0.0006761734726857319,-0.0028219962794734143,0.0,0.0
1692309446.1611304,0.0011859514718530711,-0.004082374884603572,0.0006237010079333202,-0.0025166312913775094,0.0,0.0
1692309446.2650807,0.001769449004854197,-0.0037277786838807864,0.0005707070044411838,-0.0022482734515787643,0.0,0.0
1692309446.3658383,0.0022974653617839737,-0.003380025133153416,0.0005185219860473022,-0.0020101804889543664,0.0,0.0
1692309446.4638321,0.002770860219749729,-0.0030435914552262525,0.0004679400680645346,-0.0017980033432928302,0.0,0.0
1692309446.5655904,0.0032239263945418135,-0.0027163393585780057,0.00041835676031207425,-0.0015809970142557027,0.0,0.0
1692309446.6655145,0.0036431840474257147,-0.002399214599627605,0.0003689721623687822,-0.0013730155765846875,0.0,0.0
1692309446.7565088,0.004026000028796176,-0.002093139113593341,0.00032157232574315056,-0.0011766903634007442,0.0,0.0
1692309446.8703995,0.004395249287798833,-0.0017954108922631823,0.00027560287966544385,-0.0009730585177699186,0.0,0.0
1692309446.9727347,0.00474480414499261,-0.0015052084324352851,0.00023100315255763864,-0.0007700209071760828,0.0,0.0
1692309447.071527,0.0050485744789643145,-0.0012263083645272087,0.00018837521455370538,-0.0005906596777092042,0.0,0.0
1692309447.1700041,0.005314205832350844,-0.0009603092749745078,0.0001479436873950841,-0.0004267128116090807,0.0,0.0
1692309447.2685304,0.005564875820508936,-0.0007047376712489023,0.0001093095776915325,-0.00025860358103469,0.0,0.0
1692309447.3658876,0.005798866318925075,-0.00045823208453046893,7.228253959840068e-05,-9.03385022808007e-05,0.0,0.0
1692309447.474654,0.006002174242181355,-0.00022221449881535822,3.7035774071822455e-05,6.475069377866387e-05,0.0,0.0
1692309447.5704126,0.006175726683609202,2.3360475085295533e-06,3.6769356464091527e-06,0.00020777406642770603,0.0,0.0
1692309447.6700737,0.0063202958673185886,0.00021471648929085612,-2.7792961890506544e-05,0.00033935842388714305,0.0,0.0
1692309447.770735,0.006440721997348546,0.0004151006844424524,-5.740416228708939e-05,0.0004633053071617835,0.0,0.0
1692309447.8670313,0.0065410369636635,0.000604148855782067,-8.528191330041382e-05,0.000582150189099159,0.0,0.0
1692309447.9686346,0.006624599330603856,0.0007827741334144776,-0.00011156904668774035,0.0006975744986444392,0.0,0.0
1692309448.0662513,0.0066942067822651635,0.0009519880809330205,-0.00013643211324164875,0.0008106864621573219,0.0,0.0
1692309448.1657486,0.006756386745715236,0.0011134863630269257,-0.00016018804032361925,0.0009257152370294186,0.0,0.0
1692309448.2682676,0.006812379626333047,0.0012686178190336925,-0.00018308495855625002,0.0010420841132480134,0.0,0.0
1692309448.3675253,0.006859021695887656,0.0014178064181761098,-0.00020505282380112885,0.0011558834040826579,0.0,0.0
1692309448.468056,0.006897874539826609,0.00156155163344437,-0.0002261866048336753,0.001267877952232272,0.0,0.0
1692309448.56704,0.006930238958827812,0.001700386140728139,-0.0002465802455187857,0.0013785764440519613,0.0,0.0
1692309448.6722987,0.006957198519855786,0.0018348386079466233,-0.0002663077613231038,0.0014883160605990177,0.0,0.0
1692309448.776522,0.006979655834192154,0.0019654075729849518,-0.00028544710893951413,0.0015973200870488824,0.0,0.0
1692309448.867075,0.006973160029223199,0.0020884273806083364,-0.0003036196591262649,0.0016846918149820214,0.0,0.0
1692309448.9659023,0.006955157804595671,0.0022041422295010498,-0.000320482596794983,0.001767330831102744,0.0,0.0
1692309449.0663679,0.0069401619514810236,0.0023149666935590642,-0.0003366181505314012,0.0018569115660636412,0.0,0.0
1692309449.164092,0.006927670405836466,0.002422531587155311,-0.000352293435992683,0.0019510663921931402,0.0,0.0
1692309449.2685244,0.00691726494831455,0.002527929547837238,-0.00036762317142701584,0.002048189910849952,0.0,0.0
1692309449.3652282,0.0068918093320023115,0.0026291348595746593,-0.0003823841963500156,0.002133180785865534,0.0,0.0
1692309449.46589,0.006832793354421513,0.002721677917079235,-0.00039593168940845055,0.002191933719334488,0.0,0.0
1692309449.5644417,0.0067500398638274985,0.0028039072107074042,-0.00040805588918048054,0.0022355335547677322,0.0,0.0
1692309449.660471,0.006626511104188635,0.0028718220496859142,-0.0004180093290029515,0.002250487217365083,0.0,0.0
1692309449.7669442,0.006511022751103624,0.002930412183726135,-0.00042636104598819686,0.0022798151360661077,0.0,0.0
1692309449.866107,0.0063854076095473476,0.0029802095180481514,-0.00043310605566017986,0.0023043526539408003,0.0,0.0
1692309449.9660475,0.006255640274867022,0.0030218462162958223,-0.00044288448260238427,0.0023283954499752966,0.0,0.0
1692309450.0681274,0.006097152420543796,0.0030529375346408883,-0.000450178001930263,0.002330137084219643,0.0,0.0
1692309450.1652203,0.005918937412599154,0.003072678397220187,-0.0004546797200981875,0.0023189998959884184,0.0,0.0
1692309450.2584748,0.00574528200386978,0.0030843281124222064,-0.0004570816430053258,0.002315459813174155,0.0,0.0
1692309450.366034,0.005520795977478117,0.0030812559640118324,-0.00045588377873960934,0.0022706476237475664,0.0,0.0
1692309450.464685,0.0052959827057285835,0.003066563029797128,-0.0004532483549744831,0.0022310582027548083,0.0,0.0
1692309450.565757,0.005058300050410982,0.003040536894784863,-0.0004491323761318667,0.0021833593809638657,0.0,0.0
1692309450.6611824,0.004818304452709025,0.0030050258457899525,-0.0004438350295430419,0.0021357902655910017,0.0,0.0
1692309450.762344,0.004542766390697016,0.0029560106348958527,-0.00043599125750275034,0.0020589959986961315,0.0,0.0
1692309450.8650234,0.004267051472875598,0.0028961766815402074,-0.00042635234426602515,0.001985062838231409,0.0,0.0
1692309450.96371,0.003991172094352054,0.002827427264972659,-0.0004151841624015493,0.0019116989584795066,0.0,0.0
1692309451.0626912,0.0037319245033612695,0.0027538197771850045,-0.00040308806420904294,0.0018513611824642986,0.0,0.0
1692309451.1768932,0.0034823412874813693,0.0026771104902366606,-0.0003903948526495955,0.001795327139226853,0.0,0.0
1692309451.2788043,0.0032534230968463565,0.002600335243444245,-0.00037782908045869113,0.0017516488456067393,0.0,0.0
1692309451.3682365,0.003016494730932565,0.0025210468600241685,-0.0003651945751572217,0.0016944516602334894,0.0,0.0
1692309451.470618,0.002781296940227714,0.0024391339288529655,-0.00035244246463648555,0.0016337954219101793,0.0,0.0
1692309451.5683298,0.0025517532655324705,0.0023552701501183366,-0.00033897962805642067,0.0015731733049437144,0.0,0.0
1692309451.6720152,0.0023269216853033146,0.002269690068747882,-0.00032521359890495377,0.0015115483721618193,0.0,0.0
1692309451.7679703,0.0020975969350864134,0.002181109055048565,-0.0003110879623063274,0.001441192018910452,0.0,0.0
1692309451.8697226,0.0018897501483867314,0.002092876505191445,-0.0002970098767005577,0.0013847949289873891,0.0,0.0
1692309451.9723613,0.0016703482450590125,0.0020019910958037983,-0.00028288314760882024,0.0013126004280947033,0.0,0.0
1692309452.0707328,0.001441342048614205,0.00190666477573869,-0.00026854459074031334,0.0012284715278778283,0.0,0.0
1692309452.168651,0.0012253631528350672,0.0018093318217783719,-0.00025419187572170557,0.0011525622018263332,0.0,0.0
1692309452.269383,0.0010160276191494098,0.0017106961061419978,-0.00023987072216624233,0.0010778793989778513,0.0,0.0
1692309452.3686697,0.0007954294705135778,0.0016083392384615498,-0.0002253932727284328,0.000989101775634563,0.0,0.0
1692309452.4687696,0.0005990637982973017,0.001506377609864315,-0.0002110147698472505,0.0009176070325399128,0.0,0.0
1692309452.5650027,0.0004102767512721602,0.001405036209465723,-0.00019677022384405468,0.0008467439187119713,0.0,0.0
1692309452.6726491,0.0002445991756650374,0.0013070486591661244,-0.00018301118125162044,0.0007895499998716325,0.0,0.0
1692309452.7692475,0.00016427720221795313,0.001224413564609975,-0.00017247124250468901,0.0007963878758676531,0.0,0.0
1692309452.869013,9.315787070881564e-05,0.001153722706542364,-0.00016343682876724907,0.0007958395209483435,0.0,0.0
1692309452.964602,1.2899804773402757e-05,0.001089577869867689,-0.00015511943474045173,0.0007760303877405132,0.0,0.0
