Time,linear.x,linear.y,linear.z,angular.x,angular.y,angular.z
1692309239.078547,0.00012063830962253935,0.0007680397204827722,-1.7751502878312995e-06,0.0006745974608478261,0.0,0.0
1692309239.1806889,6.254438090845806e-05,0.0007483393649220757,-1.740676096584276e-06,0.0006406937551490849,0.0,0.0
1692309239.2408626,-6.982203032340847e-06,0.0007232888038352207,-1.788003850999193e-06,0.0005993867591293763,0.0,0.0
1692309239.3603227,-6.489784745502633e-05,0.0006960957933072267,-1.806028377059798e-06,0.0005701942893970516,0.0,0.0
1692309239.4478893,-0.00012159527795134463,0.000667324139262384,-1.7164079957002268e-06,0.0005420512695150751,0.0,0.0
1692309239.6104815,-0.0001688242375547963,0.0006387274535452186,-1.62938824921914e-06,0.0005214115759579497,0.0,0.0
1692309239.761236,-0.0002081659609044808,0.0006113077903072692,-1.5202190911846743e-06,0.0005057637504841208,0.0,0.0
1692309239.8630705,-0.00024093761645475873,0.000585584312719363,-1.4564725477121891e-06,0.0004934170501435062,0.0,0.0
1692309239.9672124,-0.00026823640552814024,0.0005617728544972522,-1.3938645579525122e-06,0.0004832375116957442,0.0,0.0
1692309240.0680425,-0.00029097629682623923,0.0005399038650750045,-1.3083657860084475e-06,0.0004744681691778832,0.0,0.0
1692309240.1392007,-0.000309918626277565,0.0005198995447769053,-1.2658284866498473e-06,0.0004666066311988738,0.0,0.0
1692309240.3145924,-0.0003256975867105378,0.0005016241346845232,-1.2233044029077028e-06,0.00045932183496412004,0.0,0.0
1692309240.376018,-0.0003388414607511857,0.00048491510990374186,-1.1908894798274662e-06,0.00045239763208826617,0.0,0.0
1692309240.467625,-0.0003497903078270453,0.000469602809497112,-1.160315913150789e-06,0.00044569452596657054,0.0,0.0
1692309240.5587864,-0.00035891069744124575,0.0004555219112712213,-1.1268940879774618e-06,0.00043912385472383937,0.0,0.0
1692309240.7164342,-0.0003665079819898747,0.0004425178526638447,-1.0768559269104283e-06,0.0004326304002307478,0.0,0.0
1692309240.7773066,-0.0003728365200188733,0.0004304497942578253,-1.055899771357807e-06,0.00042618073014955867,0.0,0.0
1692309240.9364016,-0.00037810819219702917,0.0004191920184185727,-1.0353468252565514e-06,0.0004197553901665263,0.0,0.0
1692309241.1213331,-0.00038249949512145155,0.00040863358481424693,-1.002663107775855e-06,0.0004133437796078924,0.0,0.0
1692309241.266741,-0.00038615745045748613,0.00039867746552605776,-9.76569363677762e-07,0.0004069407479492228,0.0,0.0
1692309241.3877413,-0.00038920452725239364,0.00038923957028031753,-9.17678563314491e-07,0.000400544370688406,0.0,0.0
1692309241.584857,-0.0003917427422225516,0.00038024707183487074,-8.920870390737243e-07,0.000394154556694409,0.0,0.0
1692309241.7496367,-0.00039385707529270247,0.0003716374620289653,-8.803901746232463e-07,0.00038777211134206327,0.0,0.0
1692309241.8335094,-0.00039561831474013806,0.00036335703053286023,-8.940780305526763e-07,0.0003813982249439044,0.0,0.0
1692309242.0080624,-0.0003970854271998427,0.0003553599311718006,-8.8469693126469e-07,0.0003750341348455852,0.0,0.0
1692309242.1591096,-0.0003983075318787859,0.0003476067790132277,-8.668490233161844e-07,0.00036868097931077665,0.0,0.0
1692309242.310775,-0.00039932554507634557,0.00034006392423499094,-8.423935006240557e-07,0.00036233967369714336,0.0,0.0
1692309242.4678977,-0.0004001735500699128,0.0003327025399698548,-8.350217923320468e-07,0.00035601088786295647,0.0,0.0
1692309242.623035,-0.00040087993822957285,0.00032549811071396585,-8.094155441504118e-07,0.0003496950381803236,0.0,0.0
1692309242.7723656,-0.0004014683595665511,0.0003184295055526174,-7.966445339623231e-07,0.00034339233618443986,0.0,0.0
1692309242.9295292,-0.0004019585145402262,0.00031147875417785164,-7.72383459851394e-07,0.0003371027833963497,0.0,0.0
1692309243.0785358,-0.00040236681363331613,0.00030463038824957075,-7.411649294337209e-07,0.00033082623062357036,0.0,0.0
1692309243.1406112,-0.0004027069267778507,0.00029787108341561785,-7.290111888094244e-07,0.0003245623936249197,0.0,0.0
1692309243.215957,-0.0004029902410272758,0.00029118946216451425,-7.249186516456111e-07,0.0003183108738691136,0.0,0.0
1692309243.286218,-0.00040322624179705625,0.0002845757506101961,-7.140937749915449e-07,0.000312071201199461,0.0,0.0
1692309243.4275928,-0.00040342283043825556,0.0002780214941941736,-6.945836721699848e-07,0.00030584285780769913,0.0,0.0
1692309243.5006537,-0.0004035865887763838,0.0002715193556110711,-6.79816061292119e-07,0.0002996252893245978,0.0,0.0
1692309243.63925,-0.00040372299947204465,0.00026506303910048745,-6.606683306973539e-07,0.0002934179134566493,0.0,0.0
1692309243.760186,-0.00040383662958150236,0.0002586470710483528,-6.360271353009783e-07,0.0002872201440058249,0.0,0.0
1692309243.9262116,-0.000403931283462727,0.00025226665904617637,-6.220949071159809e-07,0.00028103139630188047,0.0,0.0
1692309244.0361946,-0.0004040101301457593,0.000245917676460789,-6.140605263882083e-07,0.00027485108764310794,0.0,0.0
1692309244.1106052,-0.00040407580943274376,0.00023959654667225593,-6.004762456485055e-07,0.0002686786532607885,0.0,0.0
1692309244.263429,-0.00040413052027880175,0.00023330012681266525,-5.783217941749248e-07,0.0002625135537773605,0.0,0.0
1692309244.3842356,-0.00040417609441357734,0.00022702560609692162,-5.69938789256412e-07,0.00025635527314604744,0.0,0.0
1692309244.5069258,-0.0004042140576678362,0.00022077063151541534,-5.497800392805076e-07,0.00025020330940248015,0.0,0.0
1692309244.5925004,-0.000404245681058643,0.00021453304601833995,-5.314117890587725e-07,0.00024405719956235408,0.0,0.0
1692309244.660981,-0.0004042720233431573,0.00020831098285993153,-5.139399579669118e-07,0.0002379165000436368,0.0,0.0
1692309244.7253172,-0.00040429396646615766,0.00020210279474394742,-4.969177305329487e-07,0.00023178079464913955,0.0,0.0
1692309244.8185472,-0.0004043122450876355,0.0001959070262627282,-4.798747004535846e-07,0.0002256496939090997,0.0,0.0
1692309244.9158309,-0.00040432747117931736,0.00018972238182348827,-4.65394836969018e-07,0.00021952283439572004,0.0,0.0
1692309244.9892838,-0.0004043401545136883,0.00018354772978445408,-4.4860623080440244e-07,0.00021339987646292916,0.0,0.0
1692309245.1089888,-0.00040435071973121933,0.0001773820480849628,-4.3220601601034686e-07,0.00020728050672980797,0.0,0.0
1692309245.2092628,-0.00040435952055743187,0.00017122442493366352,-4.1954373523210974e-07,0.00020116443320879014,0.0,0.0
1692309245.3924065,-0.0004043668516456484,0.00016507407457482502,-4.026151270009252e-07,0.0001950513840478594,0.0,0.0
1692309245.5575624,-0.00040437295844216055,0.0001589302602344147,-3.8892718175288494e-07,0.00018894111165149098,0.0,0.0
1692309245.6899376,-0.0004043780454036274,0.0001527923560730632,-3.7168201120391036e-07,0.00018283338386717394,0.0,0.0
1692309245.851568,-0.0004001554026794958,0.0001473550686642575,-3.5979185885412614e-07,0.00018025743471435638,0.0,0.0
1692309245.9449193,-0.0004008648417049717,0.00014161326220706963,-3.453909554010245e-07,0.00017310305153072454,0.0,0.0
1692309246.0845032,-0.0004014558044131931,0.00013567848171807127,-3.307937100235145e-07,0.00016629433886418058,0.0,0.0
1692309246.2439187,-0.00040194807634915086,0.00012962465315468076,-3.158274029349408e-07,0.00015972051523077351,0.0,0.0
1692309246.3438063,-0.0004023581388717851,0.00012350033270474943,-3.007130857210015e-07,0.0001533060695395239,0.0,0.0
1692309246.4005618,-0.0004026997209531209,0.00011733703564613436,-2.8612151922530476e-07,0.0001469995832323591,0.0,0.0
1692309246.4977467,-0.0004029842588268736,0.00011115489051594213,-2.713845438985091e-07,0.00014076608510393926,0.0,0.0
1692309246.583773,-0.00040322127887573744,0.00010496645912343652,-2.5607317433628713e-07,0.00013458182484202516,0.0,0.0
1692309246.6729677,-0.000403418716576441,9.877931532056427e-05,-2.4076829915708695e-07,0.00012843070036025296,0.0,0.0
1692309246.7674303,-0.0004035831821811178,9.259778346919665e-05,-2.2580438414631906e-07,0.00012230181684319948,0.0,0.0
1692309246.8490791,-0.00040372018202982285,8.642410182743992e-05,-2.1061840721409664e-07,0.00011618782072218613,0.0,0.0
1692309246.952649,-0.0004038343029037849,8.025919172649378e-05,-1.9548524521361448e-07,0.00011008376334709033,0.0,0.0
1692309247.0697544,-0.0004039293655918045,7.410317083597025e-05,-1.805557494649741e-07,0.00010398632569234513,0.0,0.0
1692309247.2443967,-0.00040400855281090634,6.795568682672205e-05,-1.661045261996737e-07,9.78932907898605e-05,0.0,0.0
1692309247.348366,-0.0004040745157644274,6.181613759223043e-05,-1.5077487659569667e-07,9.180318483670383e-05,0.0,0.0
1692309247.4567256,-0.00040412946290471974,5.5683796131843165e-05,-1.3649108092311054e-07,8.571503428990646e-05,0.0,0.0
1692309247.5599368,-0.00040417523387258324,4.9557911309399044e-05,-1.218668163359043e-07,7.96281991416118e-05,0.0,0.0
1692309247.6525788,-0.0004042133610888135,4.343774776437309e-05,-1.0641498301205249e-07,7.354226291558631e-05,0.0,0.0
1692309247.7455943,-0.00040424512105993336,3.73226116334936e-05,-9.157176688625893e-08,6.74569568390024e-05,0.0,0.0
1692309247.8154044,-0.0004042715771158669,3.12118741925312e-05,-7.658869253433772e-08,6.13721083861906e-05,0.0,0.0
1692309247.8918014,-0.00040429361501045956,2.5104969048197208e-05,-6.17792783988536e-08,5.528760852149197e-05,0.0,0.0
1692309247.9895935,-0.0004043119725766645,1.9001395556817464e-05,-4.694056708298852e-08,4.9203388644624854e-05,0.0,0.0
1692309248.0845554,-0.000404327264429304,1.290071489742135e-05,-3.161320987010791e-08,4.311940595935984e-05,0.0,0.0
1692309248.163911,-0.0004043400025425619,6.802540576062145e-06,-1.6901243157929225e-08,3.7035633832051325e-05,0.0,0.0
1692309248.230262,-0.00040435061339090577,7.065407617395655e-07,-2.215607403991203e-09,3.095205473291234e-05,0.0,0.0
1692309248.3412316,-0.0004043594522275762,-5.387575762253786e-06,1.1243248533546042e-08,2.486865705388797e-05,0.0,0.0
1692309248.5083494,-0.0004043668149785227,-1.1480054374150698e-05,2.5164133962193805e-08,1.8785431755104478e-05,0.0,0.0
1692309248.6564975,-0.00040437294815004254,-1.757110678094577e-05,4.0860168749593523e-08,1.2702372111178342e-05,0.0,0.0
1692309248.7820237,-0.0004043780570819279,-2.36609234008154e-05,5.609475806803986e-08,6.619472566966575e-06,0.0,0.0
1692309248.9369154,-0.0004043823128222069,-2.9749656997492986e-05,7.353415958727796e-08,5.367266096696945e-07,0.0,0.0
1692309249.0840394,-0.00040438585785383153,-3.583745966126899e-05,8.736130049631415e-08,-5.545871063987455e-06,0.0,0.0
1692309249.1799295,-0.0004043888108651841,-4.192443964018316e-05,1.0179038001319128e-07,-1.162832878756691e-05,0.0,0.0
1692309249.2862217,-0.0004043912707236408,-4.801069831084775e-05,1.1725640373098816e-07,-1.7710652844431643e-05,0.0,0.0
1692309249.3616452,-0.0004043933197857538,-5.4096332347655125e-05,1.3036106090916942e-07,-2.3792849530387394e-05,0.0,0.0
1692309249.4888155,-0.00040439502665447533,-6.018140604287323e-05,1.4628790035038767e-07,-2.9874926798248232e-05,0.0,0.0
1692309249.6244204,0.004426205654182837,0.0007283414623281044,-1.8062005433704093e-06,0.00399759586557455,0.0,0.0
1692309249.7087944,0.008450096021320309,0.0019579591467757404,-4.679034521305516e-06,0.006823829534010723,0.0,0.0
1692309249.844414,0.011801996697145814,0.0034031661534165277,-8.29529194436879e-06,0.008841626486483739,0.0,0.0
1692309249.9620981,0.014589903108641784,0.0049227206856992806,-1.1851566399496188e-05,0.010313844640015817,0.0,0.0
1692309250.0737774,0.01932305419098642,0.0068288692492039695,-1.621159059332263e-05,0.0134383699120915,0.0,0.0
1692309250.1601086,0.02323195411030578,0.008891583608000238,-2.298027910641414e-05,0.015695743051851372,0.0,0.0
1692309250.2494853,0.02825931746875948,0.011267403360152542,-3.03883025220111e-05,0.01887924964487635,0.0,0.0
1692309250.3267102,0.033506901623344715,0.013922327782632703,-3.872221166334006e-05,0.022139237808522436,0.0,0.0
1692309250.38771,0.037852778046040356,0.016649457166424332,-4.655003575314901e-05,0.024574648236709795,0.0,0.0
1692309250.486533,0.042118353765874854,0.019436282144073856,-5.282399931556555e-05,0.02701938494534732,0.0,0.0
1692309250.584516,0.045494049325256455,0.022140332211606724,-4.481415245242829e-05,0.02880409164892709,0.0,0.0
1692309250.6728535,0.04952524967905018,0.024912540584014813,-3.7067687583596196e-05,0.031311594925818066,0.0,0.0
1692309250.753255,0.05279447500507016,0.027627050456821838,-2.9126727925058574e-05,0.03324792080453797,0.0,0.0
1692309250.9354804,0.05517536212529633,0.030172045111757438,-1.705066841143734e-05,0.03459025684265103,0.0,0.0
1692309251.0656126,0.05916232054639581,0.03287575661993102,3.6642291776284204e-06,0.03748770975266082,0.0,0.0
1692309251.160565,0.0632847131104672,0.03573099182223516,2.4335480634869185e-05,0.040480428941386905,0.0,0.0
1692309251.238597,0.06622412132041791,0.03851665559839908,2.619465969180456e-05,0.04247800703947901,0.0,0.0
1692309251.323418,0.06796688011171,0.04107160586138753,4.331982061262301e-05,0.04362088094212292,0.0,0.0
1692309251.4066403,0.07129173232247801,0.04373529903255032,6.490556682466398e-05,0.04632836567134115,0.0,0.0
1692309251.4832098,0.07335549110386003,0.04628240884085691,7.852080733894907e-05,0.047984311665614246,0.0,0.0
1692309251.5874262,0.07675765120659957,0.04897839934528523,9.126575106112458e-05,0.050912608899913475,0.0,0.0
1692309251.768071,0.07971990118940646,0.05172086496454588,0.00010763313268275372,0.05344263786957983,0.0,0.0
1692309251.8538759,0.08193283928755064,0.05438585698317232,0.00016067765881618048,0.055390311188912175,0.0,0.0
1692309251.920692,0.08369727524522151,0.0569337921251204,0.00018523428057987964,0.057089042202190216,0.0,0.0
1692309251.9911685,0.08516705039796135,0.05935985954235274,0.00020703159431131624,0.05868678196561113,0.0,0.0
1692309252.0785704,0.08522490638837792,0.06147537781204997,0.00023182217916701365,0.059244774845171023,0.0,0.0
1692309252.2754438,0.08597655842736292,0.06348908373823538,0.00024974339049522657,0.06063779540331782,0.0,0.0
1692309252.383968,0.08431618952070599,0.06503769386825806,0.00021202241793323711,0.060114773776270794,0.0,0.0
1692309252.4633803,0.08259072469050875,0.06624366990367922,0.00017825726168778507,0.059870499219861595,0.0,0.0
1692309252.5348082,0.07985161580702395,0.06703494521717013,9.876864476968713e-05,0.05900472743544012,0.0,0.0
1692309252.5943153,0.07634846712790873,0.06739753158647523,9.655548802294992e-06,0.05775521712184484,0.0,0.0
1692309252.6876433,0.07618399343094656,0.06799271780969664,-6.630635903474596e-05,0.05953531851036741,0.0,0.0
1692309252.7804067,0.07554613793970348,0.0686672947178542,-0.00012772787243377055,0.06070148783699865,0.0,0.0
1692309252.8812513,0.07489475942946197,0.06938907948419287,-0.00019081416539543826,0.061756895645364206,0.0,0.0
1692309252.9873526,0.07301660359462177,0.06993671902421993,-0.00023727543846161267,0.06171738123373778,0.0,0.0
1692309253.1061149,0.07180307916934334,0.07046233974904768,-0.00025924266298757404,0.06231461723840195,0.0,0.0
1692309253.1818342,0.06920366568578559,0.07073719897616554,-0.00022245182738308232,0.06172766404489871,0.0,0.0
1692309253.2846887,0.06674476125622826,0.07084719959944151,-0.00016649312475175743,0.06138425999422345,0.0,0.0
1692309253.3609333,0.06430360214005862,0.07083233255226574,-0.00012149014476559177,0.06111270998973712,0.0,0.0
1692309253.5325682,0.0606303120636565,0.07051456095560273,-2.9533572455772472e-05,0.05983629771329531,0.0,0.0
1692309253.6176205,0.056104188919966116,0.06982766643020366,-2.100637480139161e-05,0.05798579523658541,0.0,0.0
1692309253.7066534,0.05118358434431514,0.0687962063045002,2.3665914209615855e-05,0.055974198114802545,0.0,0.0
1692309253.7826004,0.04752294090222664,0.06770751229020172,6.283041168631933e-05,0.05514917451283521,0.0,0.0
1692309253.8733606,0.0441329137400896,0.06660379726912564,8.757189903666116e-05,0.05447886752527955,0.0,0.0
1692309253.9847622,0.040924377116711826,0.0655012002006174,9.999436622727342e-05,0.053862981626737146,0.0,0.0
1692309254.0921936,0.036916552027852795,0.06425077762103505,8.489614279985927e-05,0.05247615783161393,0.0,0.0
1692309254.2228265,0.03236945148534921,0.06278851889514801,6.738498755761863e-05,0.05063932321339021,0.0,0.0
1692309254.284121,0.02858171673344373,0.06128118780652905,5.290224350975723e-05,0.04947533020062047,0.0,0.0
1692309254.3616235,0.02459869050831922,0.05969091128187323,4.0831633265047296e-05,0.048068773937244305,0.0,0.0
1692309254.477764,0.019746788643264623,0.05787991739443242,1.923422567136764e-05,0.04588469837148945,0.0,0.0
1692309254.6152542,0.014528031087277623,0.05583128373696177,-1.0547322083809099e-05,0.04343372279066296,0.0,0.0
1692309254.680552,0.010681892852045898,0.05381762823709603,-3.7269059229063906e-05,0.04217151472162867,0.0,0.0
1692309254.7430918,0.006392216002311001,0.05173563720578109,-5.0013755980644496e-05,0.04039193967375239,0.0,0.0
1692309254.8784015,0.0024854707045023025,0.04964783556367436,-5.561544227382705e-05,0.03886109933582034,0.0,0.0
1692309254.988896,-0.002011051743230742,0.04743953883007322,-5.8013258360633656e-05,0.03672622680269216,0.0,0.0
1692309255.075456,-0.004238618028483843,0.045498928029783677,-5.8400646099109947e-05,0.03645495839223689,0.0,0.0
1692309255.208912,-0.007103964307010297,0.043627747502397174,-6.523390412884111e-05,0.03535999267501536,0.0,0.0
1692309255.276529,-0.00987051992195504,0.04180735905569703,-6.908812845697997e-05,0.03420791502419188,0.0,0.0
1692309255.3675385,-0.011567540146795844,0.04018520625109948,-7.461562297515467e-05,0.03382916291098564,0.0,0.0
1692309255.4680028,-0.012944681868275059,0.038745429506728726,-8.751561643019243e-05,0.033505856218659744,0.0,0.0
1692309255.5716953,-0.01510143270148745,0.03729810151386263,-0.00010346151235400699,0.03234456640698314,0.0,0.0
1692309255.6677258,-0.017122025998695476,0.035858821157252724,-0.00011743134757796868,0.03124857054463585,0.0,0.0
1692309255.8015134,-0.017682508213894867,0.03465669311178989,-0.00014127462516658147,0.031314007025471276,0.0,0.0
1692309255.916307,-0.01814938989915596,0.03363285138037836,-0.00016093208087718168,0.03124948840673215,0.0,0.0
1692309256.049928,-0.018157935211534144,0.03280723786016438,-0.00017237411351676498,0.031413665641415525,0.0,0.0
1692309256.155678,-0.01803936876283465,0.03214152272363644,-0.00017817873924993663,0.031527569299351306,0.0,0.0
1692309256.2612574,-0.01739652671858651,0.03167530339048781,-0.00017534351181630126,0.031959711886840686,0.0,0.0
1692309256.340234,-0.017047019928197522,0.03130407217099863,-0.00017196210297399156,0.03200982330787888,0.0,0.0
1692309256.4207652,-0.017389913879277855,0.03088855410892171,-0.00016171405356867652,0.03142463938046122,0.0,0.0
1692309256.4924707,-0.01840179776897332,0.03033264263409064,-0.00015730099460759063,0.030320344606015806,0.0,0.0
1692309256.5577278,-0.016797870157478606,0.03010666572964018,-0.00015532927982679444,0.031499533273090366,0.0,0.0
1692309256.7199707,-0.015038864050066509,0.030143916498715926,-0.00015656834819939935,0.03258599048542814,0.0,0.0
1692309256.8389742,-0.01305112662308653,0.030411351161894133,-0.0001685890675504338,0.033703813362183414,0.0,0.0
1692309256.955979,-0.012087578687341428,0.030681319130398316,-0.0001874605719266204,0.033842300492864484,0.0,0.0
1692309257.017122,-0.009801187767796636,0.03117741221908416,-0.000206234336972762,0.035123450700830554,0.0,0.0
1692309257.0724623,-0.008495790742549018,0.03168170399424018,-0.0002190224226696812,0.03547266145495193,0.0,0.0
1692309257.149332,-0.005720221683458029,0.03244173838631555,-0.00023013705876430315,0.037091966794041295,0.0,0.0
1692309257.260039,-0.0028112905094341304,0.0334159583929777,-0.00024356205558886482,0.03869834431822723,0.0,0.0
1692309257.3971984,8.921813626879037e-05,0.03455311839213947,-0.0002518941011958111,0.04021298738615332,0.0,0.0
1692309257.5306864,0.0027139661087240002,0.03577375953449059,-0.0002466806564379274,0.04145583351159185,0.0,0.0
1692309257.5926034,0.005727368428016931,0.037130675719006766,-0.0002344924980639684,0.04304024452249766,0.0,0.0
1692309257.7517471,0.008662412851667974,0.03858536869346321,-0.0002137557738648377,0.044542182911969645,0.0,0.0
1692309257.81637,0.012421520024864614,0.04025913619315294,-0.00016086064872432158,0.04674480965708739,0.0,0.0
1692309257.9516792,0.015307713172994876,0.04196072321677786,-0.00010989029285845626,0.048152329591534135,0.0,0.0
1692309258.0083182,0.018649046574322366,0.04377178893422115,-3.0122651103687168e-05,0.05000935173216435,0.0,0.0
1692309258.1497447,0.021432377297628168,0.04558451613577308,3.8441746677993544e-05,0.05141291100994494,0.0,0.0
1692309258.2652197,0.024988183703426023,0.0475398698442234,0.0001296516211405342,0.053547975959034454,0.0,0.0
1692309258.392209,0.028578367758366238,0.049617711877560464,0.00023959092009582237,0.05570045802047871,0.0,0.0
1692309258.5299487,0.032140248589427864,0.051793670266295506,0.0003805646629596952,0.05783573875757291,0.0,0.0
1692309258.5902412,0.03581920330751835,0.054075442000220214,0.0005092517001634824,0.060094214978349596,0.0,0.0
1692309258.6807346,0.03794561675361686,0.056194164449856344,0.0005989298652665261,0.0610787577287438,0.0,0.0
1692309258.7350044,0.04157866185175624,0.05845844781577334,0.0006836137410713939,0.0635247163222495,0.0,0.0
1692309258.796188,0.044321856716652105,0.06069529308375436,0.0007469647971679413,0.06521231443878701,0.0,0.0
1692309258.8918648,0.04565616483285601,0.06269551571109432,0.0007497590075199387,0.06582826198593998,0.0,0.0
1692309258.97487,0.04689998462637185,0.0645235233948044,0.0006867978872483852,0.0666076151562749,0.0,0.0
1692309259.122315,0.04925241005496193,0.06641990283054865,0.0006260044417632845,0.06849191383688358,0.0,0.0
1692309259.26707,0.05133212490756111,0.06832959052519924,0.0005083181334096773,0.07015537953203427,0.0,0.0
1692309259.4281168,0.053256144140669835,0.07023228483955536,0.0004170161376086644,0.07173455728019876,0.0,0.0
1692309259.5415761,0.055487667784715186,0.0721894272253954,0.0003459057146351999,0.07362855062783306,0.0,0.0
1692309259.603882,0.05593515831491798,0.07390076206832283,0.00036497530600095414,0.07404795143238833,0.0,0.0
1692309259.6802378,0.05822693719302595,0.07574695366152023,0.00038240127711490653,0.07622305730172516,0.0,0.0
1692309259.7540565,0.05852299003426303,0.07736794490713235,0.0004564472711819353,0.07667902953277433,0.0,0.0
1692309259.8101387,0.05828791941447088,0.07874652655221263,0.000528083271035407,0.07688431466144481,0.0,0.0
1692309259.8620074,0.0595010409348792,0.08019325124604053,0.0005922116696699291,0.07848915103602803,0.0,0.0
1692309259.9786167,0.06007609199911542,0.08158557405122838,0.0007343562690386269,0.07953086517947994,0.0,0.0
1692309260.1044075,0.06016221641707778,0.08286223676102085,0.0008611974878129624,0.08021843283367545,0.0,0.0
1692309260.2347028,0.059726148894228316,0.08397242831620588,0.0009543779011677616,0.08056241762046981,0.0,0.0
1692309260.3465674,0.05748117947235171,0.08466598077506605,0.0010433519613734898,0.07951580745961864,0.0,0.0
1692309260.4603937,0.056475125851416376,0.0852621368078885,0.0011455553389490504,0.07978003472408542,0.0,0.0
1692309260.5786614,0.0557871518578188,0.08583636632718133,0.001254848697870931,0.08035082607801594,0.0,0.0
1692309260.6969223,0.05474876079000843,0.08633237048220545,0.0013759652587175806,0.08061620912250754,0.0,0.0
1692309260.784545,0.05346301286912362,0.08672806918530755,0.0014432796288550668,0.08070021075307955,0.0,0.0
1692309260.8808684,0.05025645167149449,0.08672935864728137,0.0015238244230156262,0.07921869465728026,0.0,0.0
1692309260.944889,0.04852789432551771,0.08668378746313234,0.0016005010815038586,0.07920003082516985,0.0,0.0
1692309260.996934,0.0457588758008861,0.08642468719096924,0.001655199349983172,0.07829028727577192,0.0,0.0
1692309261.0793002,0.04443111678754991,0.08623966731277724,0.0016945462949388835,0.07867306591504579,0.0,0.0
1692309261.2165039,0.042905353658519566,0.08606573903975068,0.0016951329406632368,0.07877929767037527,0.0,0.0
1692309261.3435435,0.0397607856154439,0.08562587385431641,0.001561129944373433,0.07747247384211703,0.0,0.0
1692309261.4785986,0.037060097066212154,0.08505749189875064,0.0013262734458430912,0.0766635202580709,0.0,0.0
1692309261.6169174,0.032623028625557875,0.08409927253138935,0.001048129919588318,0.0744269225927327,0.0,0.0
1692309261.7138321,0.028714973103788805,0.08293448939326763,0.0007178195227931076,0.07282288150512942,0.0,0.0
1692309261.8364565,0.0262583050614631,0.08184525933488056,0.0004270115190003373,0.0724802628786863,0.0,0.0
1692309261.9586623,0.02215367134621418,0.0805225370728176,0.00010701869688674055,0.0706167125970846,0.0,0.0
1692309262.0849266,0.019402914166683674,0.07924092077217296,-0.0001505700597882605,0.06995189159404964,0.0,0.0
1692309262.2326915,0.015038957068748676,0.07770806805196216,-0.0003378282989000951,0.06781786199678279,0.0,0.0
1692309262.3520534,0.012219048570320187,0.07623274933356991,-0.00048776353885851526,0.06705205020746849,0.0,0.0
1692309262.483657,0.009214582457849119,0.07475302724872894,-0.0005479935810282798,0.06599529259110962,0.0,0.0
1692309262.5744936,0.006178854561339791,0.07324920084080036,-0.0005769131004882854,0.06482520547667588,0.0,0.0
1692309262.62674,0.0018408989157558927,0.07149940790769031,-0.0005512144196072819,0.062496689429605914,0.0,0.0
1692309262.684822,-0.0017726181370154941,0.06967662653261843,-0.0005273462378902689,0.06085181785646439,0.0,0.0
1692309262.8263462,-0.0037555395940158495,0.06805341780077952,-0.0005052511318315975,0.06052144610189736,0.0,0.0
1692309262.9470074,-0.007441027685248033,0.06627846638350922,-0.0004418246506646381,0.05854125738540958,0.0,0.0
1692309263.048107,-0.009247444420757124,0.06468949570607449,-0.00036542257057474106,0.058150790734653714,0.0,0.0
1692309263.1378274,-0.01074083521525829,0.06327188115752236,-0.0003449998500752896,0.057812437019799774,0.0,0.0
1692309263.1928241,-0.01234692971549099,0.06194752803326032,-0.00033505666487660757,0.05719439860163886,0.0,0.0
1692309263.2855337,-0.014983598346200097,0.06051110115443714,-0.0003313657936963733,0.055594627199582705,0.0,0.0
1692309263.3852499,-0.017078307193998256,0.05907416085249948,-0.0003410597657691273,0.05446987499381024,0.0,0.0
1692309263.4745336,-0.01830273009684682,0.05777010927412664,-0.00039720154664297266,0.05401535138380091,0.0,0.0
1692309263.6270428,-0.01938379369008388,0.05657602201647781,-0.0004949412725220951,0.053536988587694845,0.0,0.0
1692309263.6940105,-0.02119716918345293,0.05533418270213598,-0.0005650744376923438,0.052327950039041934,0.0,0.0
1692309263.8362648,-0.02305425130614018,0.05404423877259594,-0.0006194773040046593,0.05107643886991842,0.0,0.0
1692309263.909228,-0.023344112507578337,0.052969136804706086,-0.0007332469055439893,0.051125885680566655,0.0,0.0
1692309264.0117936,-0.025339566740748,0.051763247095871406,-0.0008169192174179833,0.04956582262782927,0.0,0.0
1692309264.0682213,-0.026550509639441187,0.05058463864803425,-0.0009617646749388501,0.04872000330025115,0.0,0.0
1692309264.2065246,-0.02642289198690151,0.04963976401596915,-0.001143140226483885,0.04893678867812357,0.0,0.0
1692309264.2578292,-0.02722095225578175,0.048707167805358186,-0.0013114354791794723,0.04819097331010311,0.0,0.0
1692309264.3785574,-0.02674774827013364,0.04798980900730972,-0.001464370592025233,0.04847958002967657,0.0,0.0
1692309264.4780045,-0.02586855177221773,0.04749106620558299,-0.0016172476767256885,0.0489464866725384,0.0,0.0
1692309264.5743597,-0.026211822758143315,0.046949594959702017,-0.0017355905138398406,0.04824158357157372,0.0,0.0
1692309264.6757357,-0.024606908124509153,0.0466986639824609,-0.0018395534338322824,0.04919918767390773,0.0,0.0
1692309264.7694852,-0.023369135884511658,0.04659874843737198,-0.001909033186802804,0.049660885723802936,0.0,0.0
1692309264.8791707,-0.0234097238154488,0.046400807048881984,-0.0019468871288694932,0.048975120402405495,0.0,0.0
1692309265.0311148,-0.021910202998096623,0.04638900250571318,-0.001984553118874939,0.0496675566086605,0.0,0.0
1692309265.1473157,-0.02154076226873295,0.046329533578582355,-0.0020025655557665205,0.04931154593503996,0.0,0.0
1692309265.255956,-0.020363866226231292,0.04637526142291763,-0.001956844760570112,0.04968998730321504,0.0,0.0
1692309265.3630803,-0.019279226131397507,0.04648508119226146,-0.0018728927255822086,0.049947222527985134,0.0,0.0
1692309265.4696984,-0.017930068390342502,0.04668969062939358,-0.001740580894620919,0.05041203359968245,0.0,0.0
1692309265.56031,-0.015510340811511111,0.04714253349896262,-0.0016256977159271018,0.051739089594452545,0.0,0.0
1692309265.653967,-0.012791204263272224,0.047830127882471485,-0.0014889930169549477,0.05318489948844271,0.0,0.0
1692309265.7809522,-0.010783495832625141,0.0485773149006391,-0.0013659212574214704,0.05392723216578219,0.0,0.0
1692309265.8743002,-0.008967054598902246,0.04934591333080461,-0.001221698095330426,0.054527131132217035,0.0,0.0
1692309265.95607,-0.006671252840327498,0.05021816421654229,-0.0010723855586818867,0.05557064386917445,0.0,0.0
1692309266.0739577,-0.004758849975434732,0.05111124900920424,-0.0009490078162194196,0.056280806226407194,0.0,0.0
1692309266.1838539,-0.002297492341113539,0.05211961795728541,-0.0008066019111332433,0.057494091372163124,0.0,0.0
1692309266.2664618,0.0004048466952635689,0.0532602589753855,-0.0006739647363930447,0.05888907798741995,0.0,0.0
1692309266.3571398,0.0023815656542136954,0.054387193901346845,-0.0005624376836518935,0.05965113777028569,0.0,0.0
1692309266.4317107,0.004196657491506472,0.05548857981872296,-0.00046003587076107064,0.060352841646012845,0.0,0.0
1692309266.5388722,0.004610637549204264,0.056351295398141626,-0.00035170330943436065,0.0599632391497837,0.0,0.0
1692309266.5807855,0.0063603449371855,0.057270999303681513,-0.0002579616499987094,0.06090480785507565,0.0,0.0
1692309266.7485852,0.008261883482936943,0.05826363460820009,-0.00016024290334777332,0.06197648744648445,0.0,0.0
1692309266.8472002,0.008719463830947634,0.05907864348219839,-8.185487821420425e-05,0.0618367644630756,0.0,0.0
1692309266.959826,0.008808989107513945,0.059712400302191965,-1.8785576063793737e-05,0.061552941978393894,0.0,0.0
1692309267.060951,0.01111113761809631,0.06058457852448571,6.780058352783148e-05,0.06327027636557106,0.0,0.0
1692309267.1237874,0.013212286628301064,0.06159977579124502,0.00012322940108276556,0.06468295938263303,0.0,0.0
1692309267.1782808,0.014962543753801624,0.06266622635847777,0.0001707254528536446,0.06574254783672112,0.0,0.0
1692309267.2716606,0.015021328690842103,0.06349854256588469,0.00018363742828774208,0.0653974111694073,0.0,0.0
1692309267.3913808,0.016224200556880616,0.06435708333874456,0.00018651112959779093,0.06620616903883648,0.0,0.0
1692309267.5534484,0.017266500666806142,0.06521275089480844,0.00019883965808779544,0.06689135377588348,0.0,0.0
1692309267.643233,0.018884505497535432,0.0661658127568308,0.00021490714451443904,0.06808764608804625,0.0,0.0
1692309267.7405388,0.018878708427868846,0.06692658903657367,0.0002492068571321221,0.06789080196533645,0.0,0.0
1692309267.8004994,0.01999548705337483,0.06773862900141854,0.0002786519109298952,0.06879104185949958,0.0,0.0
1692309267.8809764,0.02092576364842132,0.06856034716553698,0.0003040408296762,0.06952150890734889,0.0,0.0
1692309267.967297,0.0203773710153044,0.0691494155370046,0.0003474874295745948,0.06903330487561096,0.0,0.0
1692309268.09755,0.01990645621682451,0.06958706897548628,0.00038724364194469554,0.06878651498615407,0.0,0.0
1692309268.159212,0.0206258863718135,0.07011259641196779,0.00042356051106736927,0.06964257063234996,0.0,0.0
1692309268.338219,0.021434411920977548,0.0707161072300575,0.00046688143535906904,0.07051443513479282,0.0,0.0
1692309268.3861787,0.021719878682763094,0.0712907150169122,0.0005190349625564663,0.07090298397878027,0.0,0.0
1692309268.5170655,0.02101893297890861,0.07168333115398258,0.0006139285552350869,0.07049689572165886,0.0,0.0
1692309268.6220663,0.021474997082420073,0.07213671889927459,0.0006984185652786905,0.07118540594478423,0.0,0.0
1692309268.6899087,0.02073987923585061,0.07243845341171397,0.0007118021848609891,0.0708366291631907,0.0,0.0
1692309268.8008502,0.018407056327307034,0.07236701647424326,0.0007629506258121095,0.0692568252716208,0.0,0.0
1692309268.9261203,0.01799743113421374,0.07234178699878113,0.0008059459803878429,0.06952353589817464,0.0,0.0
1692309268.987398,0.01747745566237385,0.07232692311778048,0.0008600092533480448,0.06963999413950331,0.0,0.0
1692309269.0790322,0.015514366549438151,0.0720777947500724,0.0009455733759030254,0.0685212744866239,0.0,0.0
1692309269.1822586,0.015004621234089448,0.07189556047208025,0.0010240024594033795,0.06874998394390756,0.0,0.0
1692309269.2819824,0.015238612936341267,0.07187733763287331,0.001145414681492517,0.06952200210349374,0.0,0.0
1692309269.4226897,0.01377600545965938,0.07169544582370478,0.00122213393304667,0.06873995299965696,0.0,0.0
1692309269.5397775,0.012767044757651766,0.07146666855707834,0.001289858705181386,0.06842929891709106,0.0,0.0
1692309269.6155553,0.009936524248763595,0.07089975464944258,0.001364631439600245,0.06660366916348967,0.0,0.0
1692309269.7163355,0.007730738215720894,0.07018928035127987,0.0013440681767616493,0.06549736936709376,0.0,0.0
1692309269.7744231,0.007336890901450634,0.06966455465429183,0.001310970154621292,0.0659564678117944,0.0,0.0
1692309269.8565128,0.005497077835898921,0.0690283402811791,0.0012185347711730237,0.0650346821215976,0.0,0.0
1692309269.958322,0.003240544891927132,0.06823632314891902,0.00111593958649293,0.06380248019115792,0.0,0.0
1692309270.0743318,0.003149020284472217,0.06768071222809693,0.0010316843342802787,0.0644398381803844,0.0,0.0
1692309270.152317,0.0026775742961263837,0.0672251954112483,0.0009581862460143067,0.06455412437996061,0.0,0.0
1692309270.2887912,0.0006202682189909545,0.06657536739052788,0.0009142156057578588,0.06324478140742548,0.0,0.0
1692309270.3543565,-0.001083558274074397,0.06583884358048804,0.0009064783835562503,0.062333636882631105,0.0,0.0
1692309270.485755,-0.0025028457427978346,0.06508085826406539,0.0008980164606155923,0.06168140988112486,0.0,0.0
1692309270.5728886,-0.003319981216206756,0.06439831326570582,0.0009750851452477811,0.06150690895069737,0.0,0.0
1692309270.6720543,-0.005575577394727837,0.0635272025763681,0.001085550200473595,0.06004104153969217,0.0,0.0
1692309270.7856016,-0.006496829683954233,0.06273461802380839,0.0011902910999799265,0.059780659012509216,0.0,0.0
1692309270.8959534,-0.008757514930393208,0.06176923617146755,0.0013460469375448116,0.05830706864166847,0.0,0.0
1692309271.0141582,-0.009609971748722195,0.060906389926255314,0.0014856120966207848,0.05808602088845007,0.0,0.0
1692309271.0911534,-0.010681339669219173,0.060073461463971536,0.001625895554460681,0.0575693353132024,0.0,0.0
1692309271.182728,-0.011526456117814977,0.05929316943056043,0.0017634739559901384,0.05718415674863166,0.0,0.0
1692309271.2705324,-0.013887341920317792,0.05829687781126545,0.0018684124160438936,0.055464065487011424,0.0,0.0
1692309271.364508,-0.014419061206771826,0.05744086810272111,0.0019481711421631505,0.055385660409959264,0.0,0.0
1692309271.4763799,-0.016071221068526684,0.05649659125664949,0.0019673809130255227,0.05423828203004037,0.0,0.0
1692309271.6155655,-0.01789061731723662,0.055456653207393077,0.0019165715384220896,0.052980514257841574,0.0,0.0
1692309271.765811,-0.01753727072046543,0.05469783823578226,0.0018582897209615528,0.05356756831446528,0.0,0.0
1692309271.8646617,-0.017507350882147363,0.054084110848083594,0.0017196125426628532,0.053659279245665104,0.0,0.0
1692309271.96169,-0.01750215738941105,0.05356606910903725,0.0015745424895924436,0.05361448895273911,0.0,0.0
1692309272.052744,-0.01803407349328283,0.053026564850467375,0.001429121724041161,0.053045535231797655,0.0,0.0
1692309272.1462526,-0.019735349043308648,0.052278040202133357,0.001281526591263542,0.05150774647844655,0.0,0.0
1692309272.2351413,-0.019464379260340232,0.051701341788462044,0.0011591239974163593,0.05174749488359604,0.0,0.0
1692309272.2843578,-0.01908001079494274,0.05126406788917625,0.0010488085929745217,0.051947468747870915,0.0,0.0
1692309272.3855104,-0.01906379449473314,0.050865153106491076,0.0009596678417335277,0.051737639327325655,0.0,0.0
1692309272.5203686,-0.019005134472769643,0.050500226473404575,0.0009182502654995532,0.051535935490878516,0.0,0.0
1692309272.5916958,-0.020159051912864143,0.04996036988135831,0.0009051975659410348,0.05029887496739237,0.0,0.0
1692309272.6817238,-0.019932061776735708,0.049521711896311736,0.0009070043904253678,0.05033234732702456,0.0,0.0
1692309272.7835212,-0.020848839146523575,0.048966472505575925,0.0009184955925345586,0.049334555868771744,0.0,0.0
1692309272.8761451,-0.020212763671734607,0.048582007684599686,0.0009382661450589365,0.04970772085694573,0.0,0.0
1692309272.9637964,-0.019916978692175465,0.048262208389774276,0.0010031586610414096,0.049673447352126525,0.0,0.0
1692309273.0747285,-0.019242110205850427,0.04805335786428054,0.0010278488315468633,0.04991201110659916,0.0,0.0
1692309273.1642368,-0.019895647226156197,0.04770661023992036,0.0010219039632501919,0.04897207772699453,0.0,0.0
1692309273.282473,-0.01851451820877814,0.04759588548242131,0.0010285566674427705,0.049832745312273115,0.0,0.0
1692309273.4027731,-0.01847981034622831,0.04743516571711643,0.000998688676737889,0.049413203815965104,0.0,0.0
1692309273.482858,-0.017378511958631354,0.04741556054416093,0.0009749793391866655,0.04993230131406356,0.0,0.0
1692309273.6273823,-0.016482679131023435,0.047465868993440075,0.0009520205027849936,0.05019655974642053,0.0,0.0
1692309273.7482517,-0.015736450385626037,0.04754496619170823,0.0009335485366837217,0.05030735590107287,0.0,0.0
1692309273.8488324,-0.014902492466580337,0.04766265737491568,0.0009242311130086988,0.05049306106241713,0.0,0.0
1692309273.8918295,-0.013864964016934093,0.04784492163123292,0.0009387358920195374,0.05084428778718307,0.0,0.0
1692309273.9924924,-0.013389344028074917,0.04798552423977947,0.0009478866630543435,0.05070539123952896,0.0,0.0
1692309274.0600042,-0.012993152577355222,0.04808707641567871,0.0009551915294147566,0.05055271079420741,0.0,0.0
1692309274.2192516,-0.011817913270445225,0.0482915698103249,0.0009872495902106546,0.051097616329657584,0.0,0.0
1692309274.3043008,-0.011704727347804152,0.04839890881867676,0.0010227821885583051,0.05070473933588007,0.0,0.0
1692309274.4466043,-0.010555088850416236,0.04861032502838554,0.0010649409631202987,0.05126450662285668,0.0,0.0
1692309274.5623085,-0.00973991941186917,0.04884430720734758,0.00112007954192855,0.051491858982696516,0.0,0.0
1692309274.6695511,-0.010243635584001742,0.04888158079716863,0.001166515731744787,0.05062396311930796,0.0,0.0
1692309274.7532647,-0.009465946750302002,0.04898925261879604,0.0012696661275222254,0.05097834137474286,0.0,0.0
1692309274.8182817,-0.009097053582733465,0.0490838121406197,0.0013566617379170626,0.05095237480122424,0.0,0.0
1692309274.874813,-0.007779355715041418,0.04932648459589152,0.0014518171439436799,0.051740548608864886,0.0,0.0
1692309274.9947228,-0.006462777136814298,0.049675139618453996,0.0016141061085798145,0.05244074710871589,0.0,0.0
1692309275.1249495,-0.006506731138563593,0.04988077794509033,0.0017876491835486044,0.051951615274736414,0.0,0.0
1692309275.1995173,-0.005105308775032909,0.05022273921512385,0.0020101511965974176,0.05278789086180789,0.0,0.0
1692309275.280084,-0.003747140689466235,0.050657484156603344,0.0022742281810805482,0.05351001761428622,0.0,0.0
1692309275.416851,-0.003956508014015382,0.050910954944289454,0.0024659783017621497,0.0528808761048011,0.0,0.0
1692309275.5066814,-0.002582674317910689,0.05129665336198261,0.002639272590440675,0.053723131333949244,0.0,0.0
1692309275.6090987,-0.0026723332063649775,0.05154484860284193,0.002706150046446054,0.053271158338382515,0.0,0.0
1692309275.7119431,-0.00123359578939709,0.05194195692790826,0.002818807085134873,0.0542136578140877,0.0,0.0
1692309275.8058355,-4.359996156475215e-05,0.05241142635432429,0.0029047383504168045,0.05486106470389939,0.0,0.0
1692309275.8800457,0.0015308202285990863,0.05299750734717127,0.0030136518804269154,0.05580427707713559,0.0,0.0
1692309276.0011816,0.001755263277267985,0.05345457315474113,0.0030554784348284353,0.05556663903739622,0.0,0.0
1692309276.0890613,0.0027537067776447267,0.05394783868890678,0.003104608787918506,0.05609457166036734,0.0,0.0
1692309276.1908965,0.003995022248575929,0.0545114210222785,0.0031510594060682115,0.056823055779085495,0.0,0.0
1692309276.3313053,0.0036705693404466807,0.05486820679049031,0.003250282511658692,0.056220947517430175,0.0,0.0
1692309276.3889406,0.004616273683643894,0.05529155662716708,0.0033511099892351856,0.056840028893847455,0.0,0.0
1692309276.4833891,0.005602982031094748,0.055771725832842414,0.00345569469981419,0.05746219879382771,0.0,0.0
1692309276.6136844,0.006424910084521309,0.056269421760278784,0.003549495377082902,0.05792539552824409,0.0,0.0
1692309276.7514315,0.0059094281721061605,0.05656534760484194,0.003593189882168566,0.0572800082489762,0.0,0.0
1692309276.8697808,0.007462632633362163,0.057050152230265584,0.003742336542657804,0.05851795657132281,0.0,0.0
1692309276.9833848,0.008214673394196258,0.05754533705682015,0.0038943823035891673,0.05896321735119874,0.0,0.0
1692309277.062676,0.008528609137567448,0.05798009348391912,0.004029558734634694,0.05905302433693834,0.0,0.0
1692309277.1421545,0.0075823996021835175,0.05817029755285338,0.0041000125646446055,0.05814903133903839,0.0,0.0
1692309277.1907313,0.007515972582139305,0.05833032605366509,0.004137388946995762,0.05815903691789963,0.0,0.0
1692309277.291086,0.008549191638218375,0.058647391691632925,0.004185201957369804,0.05910878120596399,0.0,0.0
1692309277.3982162,0.008692705499737304,0.05893360456153501,0.00420229371088862,0.05920941920910203,0.0,0.0
1692309277.533667,0.01010801952655075,0.059409332507008694,0.004185288187716324,0.06040199551017164,0.0,0.0
1692309277.657364,0.011350985792685397,0.05999432727250261,0.004145141861610949,0.061333207398896944,0.0,0.0
1692309277.7220619,0.011024657367912007,0.06040614556495205,0.004023833396252762,0.06090009839591504,0.0,0.0
1692309277.7804475,0.010752825790075773,0.060701383617011564,0.0039201667671709284,0.06065417766266542,0.0,0.0
1692309277.8928175,0.010189878607602613,0.06086589165701048,0.0038408832334114462,0.06025412451645854,0.0,0.0
1692309277.9876888,0.01072062993327694,0.06111122162163613,0.0038754408953155725,0.060858126191240924,0.0,0.0
1692309278.0742538,0.011883905355041788,0.061522921762397126,0.003919775847030497,0.061928618400534756,0.0,0.0
1692309278.1940627,0.012852913781371905,0.06202331573293005,0.0039669618865100665,0.06272806575602188,0.0,0.0
1692309278.328342,0.012256093397235601,0.06232680957838098,0.004084010872845724,0.06217265305298306,0.0,0.0
1692309278.4232101,0.011251444464125494,0.06242081249705659,0.004275531116165533,0.061419146695210786,0.0,0.0
1692309278.534778,0.012093952591794986,0.06267096497989738,0.004488407047467095,0.06234515724493484,0.0,0.0
1692309278.6343112,0.012641297699836292,0.06296577989616482,0.004894246910631121,0.06291049211514213,0.0,0.0
1692309278.7327752,0.011707185166425934,0.06306518602845272,0.005251879231722997,0.06219316725020558,0.0,0.0
1692309278.8258083,0.01138176949321076,0.06311898763271517,0.005619576521828228,0.062116815818374665,0.0,0.0
1692309278.896132,0.01064650622138503,0.06306812333439465,0.006005262437669165,0.06171590133358906,0.0,0.0
1692309278.9821272,0.01093347802775563,0.06311658660002083,0.006338687258139979,0.06222159532103571,0.0,0.0
1692309279.0884404,0.011440196637550856,0.06327077188302656,0.0066290359292268805,0.0628312045498346,0.0,0.0
1692309279.1876807,0.011508263763814836,0.06343353716602995,0.006833447155819685,0.0629973553205607,0.0,0.0
1692309279.2954018,0.011865492966309142,0.0636564488372579,0.006918666796072486,0.06340351853115032,0.0,0.0
1692309279.4243593,0.01268459540919148,0.06399013948542298,0.00699507710534281,0.06416496206946871,0.0,0.0
1692309279.5465975,0.01334170175885816,0.06438327529705129,0.007012488946136557,0.06472175140738161,0.0,0.0
1692309279.6209388,0.013213121032467901,0.06470135214688308,0.006881673961641551,0.06459799717520394,0.0,0.0
1692309279.7449384,0.011601733437464855,0.06472468109276171,0.006605462271231751,0.06331118326334403,0.0,0.0
1692309279.8061416,0.012070860157604769,0.06486800906753604,0.0063675903002129,0.06397663881029728,0.0,0.0
1692309279.8772252,0.011065403574342745,0.06485917790203305,0.006081552680019957,0.06332224751172238,0.0,0.0
1692309280.0116422,0.01055682363032398,0.06481151006889319,0.005907983093832819,0.06318677865712573,0.0,0.0
1692309280.071005,0.010483516360205562,0.06481031262878355,0.005758435691000579,0.063425376400658,0.0,0.0
1692309280.179216,0.008957650296205048,0.06460049541809805,0.005635005644267515,0.06240817384154909,0.0,0.0
1692309280.2962074,0.008520341388193487,0.06441706046174037,0.005546048112860019,0.06242868478803577,0.0,0.0
1692309280.3712394,0.008033318625322841,0.06424013861033762,0.005494206910756464,0.062368607718029656,0.0,0.0
1692309280.516843,0.00670986904375886,0.06392555663230451,0.005484031054394342,0.06158619376105473,0.0,0.0
1692309280.6213837,0.005125624233778361,0.06346452164892705,0.005514383027465762,0.06065787813134059,0.0,0.0
1692309280.7126482,0.004824413359974075,0.06310344399251316,0.005594112601103056,0.060870846903337314,0.0,0.0
1692309280.8301766,0.004876881527579369,0.06286840125101198,0.0056993793980520974,0.061277664886085714,0.0,0.0
1692309280.9545937,0.004574265448015043,0.06266648488660076,0.005772489517989684,0.061277855232824176,0.0,0.0
1692309281.0618577,0.0026326804408312995,0.06222053184810914,0.005764429052245029,0.05987366052092956,0.0,0.0
1692309281.167909,0.0010067882209829964,0.06164531125016421,0.005729694477827393,0.05888713546848321,0.0,0.0
1692309281.2644525,0.00028229821946090545,0.061123498246507466,0.005651614195693734,0.05871444618430651,0.0,0.0
1692309281.3312633,0.0008757449681566794,0.06084800379356272,0.005592697606619515,0.05957805169709214,0.0,0.0
1692309281.3995638,0.00037932824504159597,0.060570348782723674,0.005495479349186582,0.05934021418095085,0.0,0.0
1692309281.4863522,0.0007718111326112322,0.060432432349898035,0.005411277709583072,0.059836862634680826,0.0,0.0
1692309281.589791,0.0014692714838148214,0.06044617825865334,0.005307337103329225,0.06048354245365086,0.0,0.0
1692309281.7296855,0.00035968551028434743,0.06027483083885129,0.005134020685720944,0.05951938415681093,0.0,0.0
1692309281.8676147,-0.000354925285752624,0.06003476950305696,0.0049229201960035935,0.059017709466570444,0.0,0.0
1692309281.9429626,0.0001432268880066297,0.05993696886768278,0.004791820594666421,0.059571485689139586,0.0,0.0
1692309281.9921045,-0.0007581550832306275,0.05971181776580305,0.004684947023481894,0.058849407281610665,0.0,0.0
1692309282.1125276,-0.0007109331464125299,0.059550818386828276,0.004597737541535047,0.059001685989186245,0.0,0.0
1692309282.1978607,-0.00031330478682386565,0.059491507232968935,0.004538820380294231,0.05939466534574522,0.0,0.0
1692309282.2905912,-0.0003327530077973942,0.059438269592125045,0.0044689923550458605,0.05936593728943584,0.0,0.0
1692309282.3827522,-0.000302416081947263,0.059393045791353266,0.00445849485601,0.05937666380020114,0.0,0.0
1692309282.4701052,-0.0016096937972345565,0.059139160927425355,0.00440747789708667,0.058263051577803975,0.0,0.0
1692309282.5762317,-0.001444110225543842,0.05897254295813449,0.00439905127970363,0.05852109023393568,0.0,0.0
1692309282.680994,-0.0015230305370234076,0.0588272398270365,0.004413747988301178,0.058503921359849165,0.0,0.0
1692309282.820312,-0.001886842718846518,0.05864820477271429,0.004458636061052493,0.05822770909270976,0.0,0.0
1692309282.873757,-0.0022688074612887644,0.05843826195266029,0.004555646532191808,0.05795222047452041,0.0,0.0
1692309283.0486736,-0.001723702957358569,0.05836073875813852,0.004654998174001223,0.05846095186392683,0.0,0.0
1692309283.180477,-0.003122584519202145,0.0580570390681105,0.0047475443386324175,0.0572500157153701,0.0,0.0
1692309283.26782,-0.0025428135085841562,0.05791444420862993,0.00485896983135024,0.05784030461414466,0.0,0.0
1692309283.4038632,-0.003452761105407685,0.05764469216462561,0.00493042326721572,0.05706476483342354,0.0,0.0
1692309283.5628042,-0.0034372651039881958,0.05742480010223722,0.005081105066240976,0.057144743635097424,0.0,0.0
1692309283.6746686,-0.0027756297455861535,0.057352096638765566,0.005222860824471762,0.057713478990493665,0.0,0.0
1692309283.7769096,-0.002028706087838612,0.05740469808499895,0.005295293115426333,0.05824814560514067,0.0,0.0
1692309283.8644264,-0.003037742295737789,0.05725213557300321,0.005373097424129466,0.05723982567168304,0.0,0.0
1692309283.9667768,-0.002433775083435467,0.05721694071748852,0.005477906220940056,0.05772121918592728,0.0,0.0
1692309284.081853,-0.0018102978997427005,0.05725355372864663,0.00573461922472635,0.05813454300060057,0.0,0.0
1692309284.1591823,-0.0013329276623744617,0.05732495026898009,0.006028539202407205,0.05836587476114028,0.0,0.0
1692309284.2399185,-0.0012445211984302448,0.05735746030679142,0.0063443147276788054,0.05824891962924471,0.0,0.0
1692309284.3678162,-0.0010908270734959532,0.05737835935433195,0.006636987134471517,0.05821367730915816,0.0,0.0
1692309284.4277167,-0.0012379363093591,0.05735063974705898,0.006844911315464923,0.057938459126049106,0.0,0.0
1692309284.4869654,-0.002082807976025575,0.05718270020629769,0.006913623936436345,0.05712276704521318,0.0,0.0
1692309284.548633,-0.0015584275473012835,0.05712715115467103,0.006986471167475596,0.0575569763881781,0.0,0.0
1692309284.6104803,-0.0024744723995343935,0.05693228192421331,0.006904366636965709,0.05670707901577672,0.0,0.0
1692309284.7000353,-0.0035415618908940134,0.05660328983831465,0.006781396102316872,0.05583851666393976,0.0,0.0
1692309284.8474226,-0.0021974265144416674,0.05656739323457415,0.006701993952761866,0.057069456294529045,0.0,0.0
1692309284.9599884,-0.0012198342306627673,0.05670123627497725,0.00644573254501824,0.05778408437120736,0.0,0.0
1692309285.0658607,-0.001622389487938158,0.05673005734988581,0.006026860282078045,0.05725331502374857,0.0,0.0
1692309285.2168639,-0.0010157669579855168,0.056840062189619046,0.005638890826207465,0.05766052204866785,0.0,0.0
1692309285.3450909,-0.00032281581344732106,0.05703070787744596,0.005149191455451652,0.05809321165826916,0.0,0.0
1692309285.4873235,0.00042269410135705235,0.05728508690664821,0.004663702684092941,0.0585334410690558,0.0,0.0
1692309285.6216552,0.0005215936659785224,0.057485376879101574,0.0039488812998783145,0.05840744527717055,0.0,0.0
1692309285.6893933,-0.0002113467679901043,0.05750664338951482,0.003259178274782261,0.057644707829969305,0.0,0.0
1692309285.782539,5.680080569125853e-05,0.057565189833813465,0.0026939012580647114,0.05784883735703732,0.0,0.0
1692309285.9241636,-0.00036121188802793586,0.05753790215223437,0.002279255787363402,0.05745636010516317,0.0,0.0
1692309285.989225,-0.001530321576239392,0.05732495249232837,0.002018141128711421,0.05649685456846891,0.0,0.0
1692309286.0842721,-0.0037014683811759878,0.05681278661792678,0.001838140515410015,0.05482145825830223,0.0,0.0
1692309286.2411625,-0.0034765168944293633,0.056476458854160104,0.0017247863899459,0.05533258844249421,0.0,0.0
1692309286.3638108,-0.002940441115807917,0.05630719784310661,0.0018429288835832567,0.055957290873767544,0.0,0.0
1692309286.4236944,-0.0027306232267047524,0.056200518089440585,0.0020857746368094137,0.05617554413380232,0.0,0.0
1692309286.5721183,-0.0028935332771231723,0.05608244246716731,0.00229559662022154,0.05602806211328691,0.0,0.0
1692309286.6316147,-0.0033624466909818623,0.05589341140948426,0.0026445265647341877,0.05562956856781411,0.0,0.0
1692309286.7733352,-0.00460217783318652,0.05553556924101631,0.0029379118402361117,0.054620868872369895,0.0,0.0
1692309286.856804,-0.0051604991710080235,0.05516518556012186,0.0032072361851407244,0.054285622201003456,0.0,0.0
1692309286.9253314,-0.004637221699603485,0.05496319115767279,0.0034332812055237914,0.05484363757886359,0.0,0.0
1692309286.9899304,-0.004201331565923503,0.054865272598518894,0.0036275226900763604,0.05520097042906472,0.0,0.0
1692309287.1332922,-0.003510344066089523,0.054890567606664886,0.0037074502364223267,0.05569630744061256,0.0,0.0
1692309287.195908,-0.0042393645657126736,0.05477343850700425,0.0036527942673456743,0.05493042078599287,0.0,0.0
1692309287.3302612,-0.003333766807713182,0.05481654053625031,0.0036147767984904666,0.055638086430718416,0.0,0.0
1692309287.4057522,-0.003331476018395377,0.05482985445035117,0.003528846540815302,0.055483457680959386,0.0,0.0
1692309287.5166435,-0.0033295677908936456,0.05482019337870694,0.0034560947076491505,0.055358712598760344,0.0,0.0
1692309287.636632,-0.0048185072349035225,0.05455433136164642,0.0032972362682520853,0.05400988607198045,0.0,0.0
1692309287.7220724,-0.005623850842561719,0.05421451682124866,0.0031167443466317744,0.053409840184120705,0.0,0.0
1692309287.852526,-0.004920528122339666,0.054065764248305295,0.002971421814043024,0.05410916504612641,0.0,0.0
1692309287.9154308,-0.004205962117165905,0.054049433299847294,0.002957214372945935,0.05467599801224015,0.0,0.0
1692309287.986104,-0.0036107286348561625,0.054112718823095665,0.002949491808650827,0.055047785392686725,0.0,0.0
1692309288.084696,-0.0033280570879565714,0.05417708468126227,0.0030428712026181024,0.05511018024218322,0.0,0.0
1692309288.1874723,-0.004353824296457009,0.054031484353981925,0.003144414577091619,0.05408318077670428,0.0,0.0
1692309288.273109,-0.004828725286118972,0.05382087756532076,0.003322447204776091,0.053662382423339774,0.0,0.0
1692309288.429929,-0.0044173915170966985,0.053712086225744304,0.003504314084536922,0.05401473722385164,0.0,0.0
1692309288.5559366,-0.0050853496504838875,0.053497045086953965,0.003687614998259872,0.05338881282361918,0.0,0.0
1692309288.6794086,-0.005161816490059805,0.05330238678629762,0.0038700861077810332,0.05332357363557919,0.0,0.0
1692309288.748657,-0.004434509151441012,0.05325440205402622,0.00404276284753906,0.053906568517401,0.0,0.0
1692309288.8149989,-0.003137576540729445,0.05340485828934688,0.004211297030832254,0.054861102415047255,0.0,0.0
1692309288.8804889,-0.002353000437591536,0.05361846131786893,0.004330110859611182,0.05525799958168241,0.0,0.0
1692309289.033529,-0.0014584604376766074,0.05390167423330582,0.004369356493412411,0.05572117676268712,0.0,0.0
1692309289.1602626,-0.0003147558842749936,0.05427532447553962,0.00439471260963634,0.05636807805207792,0.0,0.0
1692309289.257716,0.0005270623618761651,0.054667791630137574,0.004410272954314302,0.05672393481811396,0.0,0.0
1692309289.3337107,0.0013855245787713216,0.05508741028091864,0.004326575987404808,0.057106114598314696,0.0,0.0
1692309289.3836222,0.002100623605444987,0.05550061844171459,0.004261208872539626,0.05738097206338691,0.0,0.0
1692309289.489716,0.0014352044207116812,0.055679542827046985,0.004292998846619626,0.056531614624524974,0.0,0.0
1692309289.5980368,0.0008766695872372303,0.05572168494267869,0.004246286062079797,0.055944188057318725,0.0,0.0
1692309289.6912997,0.001151241617189093,0.055798511465309786,0.004216512282789216,0.05615612286354606,0.0,0.0
1692309289.8754423,0.001538327000661084,0.05591290756468259,0.004278438902134677,0.05643874372139382,0.0,0.0
1692309290.017418,0.001688650869454765,0.05602670843444814,0.00426282773324605,0.056495573028063996,0.0,0.0
1692309290.153548,0.0007634606144568143,0.05596133192499181,0.004217837169388856,0.055663850415490344,0.0,0.0
1692309290.283062,0.0016525545052106243,0.0560647989912805,0.004176241502378367,0.05647203191238374,0.0,0.0
1692309290.3995552,0.0008072284259701688,0.056010748785849565,0.004020628926757093,0.055714402455825235,0.0,0.0
1692309290.4660146,0.0015057854397883242,0.05609192817402861,0.003881663464381495,0.05636088790673513,0.0,0.0
1692309290.544539,0.00252073875281137,0.05632374657361552,0.0037245809043258663,0.05717714380006188,0.0,0.0
1692309290.6160202,0.001975720576313226,0.05640639282441249,0.0035852011406784473,0.05659572519022553,0.0,0.0
1692309290.6874824,0.0026205127667217245,0.056579140386042434,0.0034626454818939417,0.05711845837043469,0.0,0.0
1692309290.7638152,0.0023834724009197776,0.05667191760390559,0.0033586346347711203,0.056847703631553725,0.0,0.0
1692309290.832377,0.0018831636093564745,0.05666495295340411,0.0032678305749235803,0.0564176549664809,0.0,0.0
1692309290.9011447,0.0005579593101937474,0.05645080902189538,0.0031828915760118474,0.05536765072908262,0.0,0.0
1692309290.9756305,-0.0017197330506564198,0.055930917393167606,0.0030780390538196097,0.05365680716874404,0.0,0.0
1692309291.0722337,-0.0008039549153036465,0.055711109638566174,0.00301391776724286,0.05480170404250701,0.0,0.0
1692309291.1801753,-0.00010296230286644,0.055667689850981104,0.0029729680598541844,0.05553563396987032,0.0,0.0
1692309291.292264,-0.0008114673150195463,0.05551901410824006,0.0029163247188411824,0.05496241783170803,0.0,0.0
1692309291.380918,8.307149425584067e-05,0.05555626825052231,0.002885487493091725,0.0557965254240861,0.0,0.0
1692309291.4779556,-0.0005492993901147966,0.055474210111621236,0.002888484905000668,0.05522378942943462,0.0,0.0
1692309291.5747743,-0.0008831093715833756,0.05535570530159481,0.0029138039104968814,0.05498138295551872,0.0,0.0
1692309291.7721508,0.00016174186186040105,0.05543642625546725,0.002970287052943235,0.055909420682928215,0.0,0.0
1692309291.8673334,0.0011139838531440524,0.055638586251735025,0.00314165797446579,0.056620668320314066,0.0,0.0
1692309291.966529,0.002221102930731164,0.05594073777332861,0.003540206790100596,0.05738008519622926,0.0,0.0
1692309292.0818508,0.0033618165366448268,0.05633709826308945,0.003915445052235276,0.05809633810437776,0.0,0.0
1692309292.1815553,0.0038975143031277585,0.05670663965404593,0.004244157832425283,0.058260187166226364,0.0,0.0
1692309292.3143163,0.004047966770694996,0.05699828750219134,0.004519019348851415,0.0581418449156373,0.0,0.0
1692309292.4601998,0.005082558384775119,0.05736326182170552,0.004932837686709916,0.05883355048058654,0.0,0.0
1692309292.608502,0.005236992080619438,0.05765250274391484,0.0053021429999322595,0.05873997557143334,0.0,0.0
1692309292.6891549,0.005972031408481777,0.05799266828120475,0.005578482958123202,0.05919766581616862,0.0,0.0
1692309292.784071,0.005132389098710332,0.058116355406476236,0.005735353391410406,0.05832399699499248,0.0,0.0
1692309292.9407637,0.005787890396725478,0.058324599722559295,0.005885207403651983,0.05886453039478473,0.0,0.0
1692309293.0318596,0.0066247753899083585,0.05861789038552364,0.0060831432152288435,0.05950171798701801,0.0,0.0
1692309293.122265,0.006022853799932485,0.05873684944447549,0.006297131058934585,0.0588821135446786,0.0,0.0
1692309293.1907287,0.006213626913798705,0.05886537536237233,0.00649998357586304,0.05904667597157348,0.0,0.0
1692309293.2879262,0.005454220380934076,0.05885053316316391,0.006635014454446068,0.058411014081119254,0.0,0.0
1692309293.4118156,0.004899238525808884,0.05876691968600008,0.006714407504896564,0.05804660384366629,0.0,0.0
1692309293.5143216,0.004986564196116636,0.058740485434514975,0.006739731473050017,0.05826145711136197,0.0,0.0
1692309293.6044035,0.006429187751456978,0.05897127719468269,0.006784436961001515,0.05956508328662498,0.0,0.0
1692309293.7056653,0.00820732647181736,0.059430240791192704,0.006943694841920938,0.06097165172209488,0.0,0.0
1692309293.7911193,0.008543697250616279,0.05982930660498828,0.007077629729973843,0.06102165978818404,0.0,0.0
1692309293.9135501,0.00851133387016608,0.06012604738252165,0.00720458004921732,0.06082607646513227,0.0,0.0
1692309294.012077,0.009073701316281105,0.06044110071715211,0.007395906349503518,0.06121121076992321,0.0,0.0
1692309294.128541,0.008483512953031971,0.060602214081519355,0.007460123057823688,0.060624272608158516,0.0,0.0
1692309294.2550907,0.009164067166097674,0.06085933708840491,0.007472833787370729,0.061222571945629564,0.0,0.0
1692309294.3164716,0.009405722526366109,0.06111254371508056,0.007455314735663216,0.06139833621367111,0.0,0.0
1692309294.3895516,0.008074044607037707,0.061108637127602235,0.007373799817819231,0.06027406439146929,0.0,0.0
1692309294.4954307,0.008676083663998644,0.06123733415115087,0.0072742486615414124,0.0609479413398868,0.0,0.0
1692309294.5837119,0.009324559227431282,0.06147830314843451,0.007062187763552032,0.061568516895156244,0.0,0.0
1692309294.7466028,0.009479087675454646,0.0617102959997467,0.006854307996464846,0.061714199510097746,0.0,0.0
1692309294.8511934,0.008299225260684578,0.06172744964512235,0.006525277577950706,0.060760782139043096,0.0,0.0
1692309294.946509,0.006301042595051746,0.06145920313856077,0.006035314503696192,0.05928319722098897,0.0,0.0
1692309295.11497,0.005252693031538361,0.06113364027172116,0.0055145105985308866,0.058793256327840854,0.0,0.0
1692309295.214804,0.002928718158105156,0.06055065420399665,0.00501259894308713,0.057257978731011884,0.0,0.0
1692309295.3243828,0.0036315605328466755,0.06027243809898215,0.004612046534011607,0.05839795062405227,0.0,0.0
1692309295.413528,0.0031119918211984002,0.06001125474616885,0.004174259354888984,0.05827540348471401,0.0,0.0
1692309295.5130222,0.0020643913161297977,0.059668716039803844,0.0038094499188992713,0.05768461045556998,0.0,0.0
1692309295.604399,0.0020615559490647977,0.05943466190733071,0.0035539277406473387,0.05800252776897423,0.0,0.0
1692309295.6889381,0.0018745661278871686,0.059244257871649594,0.0033961504250304727,0.05807169425648696,0.0,0.0
1692309295.7808616,0.00240053712517525,0.05920054445438909,0.003304271573458443,0.05869104134394026,0.0,0.0
1692309295.8675926,0.0016462286635646204,0.0590474136508437,0.0033078331455233152,0.05813145964675912,0.0,0.0
1692309295.950175,0.0015589408565630399,0.05892279435140077,0.003401690116620113,0.05819564232611262,0.0,0.0
1692309296.0374832,0.0006712543757975691,0.058688631632860574,0.003503107444612827,0.05755947067216181,0.0,0.0
1692309296.1201274,4.3309736964775285e-05,0.05841293928854717,0.0036621754635207727,0.0572050472141122,0.0,0.0
1692309296.1912472,-0.0006129958539231172,0.05809853310028945,0.003874997513028284,0.0568373523514466,0.0,0.0
1692309296.3520784,-0.001206525629356691,0.05776507556238661,0.004104607943913734,0.05652786368703805,0.0,0.0
1692309296.4312418,-0.00040780417737924335,0.05764557975868451,0.004335154071974748,0.057373784103459,0.0,0.0
1692309296.516455,-6.155760162980176e-05,0.057601072861683505,0.004580998543158958,0.05768143054746354,0.0,0.0
1692309296.6088178,0.0008116751861109453,0.057702557314884585,0.004779479295612573,0.058372243537469864,0.0,0.0
1692309296.7478666,9.854720871179474e-05,0.05764770109914516,0.004937373678919437,0.05764421387872955,0.0,0.0
1692309296.8647692,0.0010234549238507264,0.05775304991215505,0.0050551157200936945,0.05839752090928086,0.0,0.0
1692309296.9812849,0.0014646227296714466,0.05789520926398306,0.005129914541685059,0.058642412746139225,0.0,0.0
1692309297.0976002,0.0020195117758724664,0.05808765069310086,0.005133803705290153,0.05896906521733879,0.0,0.0
1692309297.2207956,0.002096740435773924,0.05823262889963841,0.0051612579306281655,0.05887886148390265,0.0,0.0
1692309297.3034449,0.0030360687932066005,0.05848410861274081,0.00524514757046694,0.05955095686182048,0.0,0.0
1692309297.353871,0.002612044213059908,0.058599236686403704,0.005255189824965008,0.0590190417279408,0.0,0.0
1692309297.4682183,0.002258831737797713,0.058625973699023566,0.005257353969734242,0.05865620265131554,0.0,0.0
1692309297.5583813,0.002760645587372206,0.05873511964385823,0.005207711355179324,0.05907259619272807,0.0,0.0
1692309297.6364863,0.0028211555511149593,0.058825266631280126,0.005189772636246491,0.059070770656916266,0.0,0.0
1692309297.705601,0.0018243940199901697,0.058733385794906334,0.005132406172021355,0.058202587566147615,0.0,0.0
1692309297.8590732,0.002393500681455309,0.058763947734758556,0.005110986347125591,0.058769501286707874,0.0,0.0
1692309297.9260368,0.002637688480527465,0.05883453987643716,0.005039009467576227,0.05897574075878387,0.0,0.0
1692309297.99054,0.0028410969171545715,0.05892345921961719,0.00498143405607141,0.05912612823750528,0.0,0.0
1692309298.0852964,0.002479321551674896,0.05893559043221058,0.004900637538194508,0.05879539481771426,0.0,0.0
1692309298.263253,0.0021779626722303264,0.05890097798019814,0.004829924939437373,0.058572050674983875,0.0,0.0
1692309298.364324,0.002111562819357738,0.05886448168070817,0.004852447221021475,0.05857534969844389,0.0,0.0
1692309298.4303083,0.0006668827360068355,0.05861273239806071,0.004765135319191974,0.0574201482182566,0.0,0.0
1692309298.528681,-0.0012678285253821613,0.058114064226556406,0.004728217954500471,0.05600216087353918,0.0,0.0
1692309298.6524105,-0.0003914131376863278,0.05788097531805923,0.004913771546365198,0.05707682932421855,0.0,0.0
1692309298.7608669,9.088990751057345e-06,0.057773282138558535,0.005069924316378387,0.05753280476546279,0.0,0.0
1692309298.8846564,0.00042247356340955163,0.05774985578205091,0.005262878759794707,0.05790487953356682,0.0,0.0
1692309298.9724112,0.0008590914046029152,0.05778922798508963,0.00548630329578721,0.05823124028007093,0.0,0.0
1692309299.0582685,0.0008417685696346411,0.05779535443408964,0.005753910210748206,0.05813252360945101,0.0,0.0
1692309299.1675334,0.0005231809655106398,0.05773916195883272,0.0059560385332580856,0.05780090557427684,0.0,0.0
1692309299.2631078,0.00020461895802935886,0.05764029867387779,0.0060908505491197255,0.05751529557981326,0.0,0.0
1692309299.3803935,0.0002350988720107642,0.057568839496849246,0.006168624244318476,0.057551601226843975,0.0,0.0
1692309299.481278,0.0010092324578334128,0.057650180465673544,0.006102250855474628,0.0581906696557731,0.0,0.0
1692309299.5901413,0.0002783097114935823,0.05759347461462819,0.005909834799128839,0.05748225514632079,0.0,0.0
1692309299.6753933,0.0011309404942530202,0.0576883521304424,0.005754559973251688,0.058204779424059064,0.0,0.0
1692309299.7918622,0.0020520792256264186,0.05791103632924056,0.0055379817298457056,0.05888207489187009,0.0,0.0
1692309299.9411044,0.0023778935235359844,0.058128678636213134,0.0052763793126282595,0.05899063440341878,0.0,0.0
1692309299.9993093,0.003136191332851844,0.058414422234082886,0.005009686088461774,0.05948230229907862,0.0,0.0
1692309300.1387315,0.0034599341706415656,0.05867759038441207,0.004779945951673708,0.05958125577006717,0.0,0.0
1692309300.2189791,0.0031410338161548933,0.05882173515370345,0.0045728867666322715,0.05917472451783647,0.0,0.0
1692309300.279615,0.002018827585470438,0.058749916197745444,0.004385502346496565,0.05819073670590497,0.0,0.0
1692309300.3517728,0.001084029795310287,0.05855375811698073,0.004221354140230592,0.057513167402744314,0.0,0.0
1692309300.4536178,0.00046742001480043266,0.05831748280254531,0.004105044663429259,0.05717744453418444,0.0,0.0
1692309300.5375912,0.0011094136910007,0.058257681890936525,0.004020983607992771,0.05790478073087639,0.0,0.0
1692309300.5889888,5.620396016207366e-05,0.058046835787889564,0.003906123743027814,0.05708408300175592,0.0,0.0
1692309300.6800222,0.0009520060794100565,0.0580440834489547,0.003827517610668587,0.057989154468851195,0.0,0.0
1692309300.7825859,0.0018344129311239818,0.05818377997779015,0.003832796020684256,0.0587317586496644,0.0,0.0
1692309300.9071074,0.0012232947318605624,0.05818523869506634,0.0038177520920354103,0.05812925463506731,0.0,0.0
1692309301.0428703,0.0018663625462780509,0.0582927889681287,0.0038226528318643983,0.05867495286669604,0.0,0.0
1692309301.132263,0.002210981663845528,0.058424705556805914,0.0038856169138199847,0.058900133090077536,0.0,0.0
1692309301.1821933,0.0011874282746809836,0.05834792237751721,0.004005643233112834,0.05796939278724575,0.0,0.0
1692309301.2910311,0.0012300758365406963,0.05829928900616585,0.004137580082981884,0.0580699265215391,0.0,0.0
1692309301.3854785,0.0014395954932493816,0.05828628505855109,0.004398619331888741,0.05828390451323058,0.0,0.0
1692309301.5564377,0.00020889189691169889,0.05806673761689284,0.004668802966660711,0.05725710038449834,0.0,0.0
1692309301.6614716,0.0009491932396873571,0.0580296453507506,0.004882321192754746,0.05800718722207728,0.0,0.0
1692309301.7296104,0.00024287435122302117,0.05788020921429053,0.005076981201266642,0.05741759523554967,0.0,0.0
1692309301.835178,-0.0003454892828677706,0.0576713664394439,0.0052302028817307125,0.0569978629521212,0.0,0.0
1692309301.9565818,-0.0003913275447322281,0.05749834251031709,0.005438835574192295,0.057063440746436184,0.0,0.0
1692309302.073596,-0.0006008302296003516,0.05733468598265255,0.005570454637387858,0.05695048499405302,0.0,0.0
1692309302.166886,0.00066872959123279,0.057416453838866795,0.005686451509465692,0.05806241130095507,0.0,0.0
1692309302.2198913,0.0017262729219867969,0.05763799074710081,0.005799699847402135,0.05882786467143393,0.0,0.0
1692309302.2963817,0.0023014358573509447,0.057881989374522165,0.005907672379605232,0.059104368070388075,0.0,0.0
1692309302.3911638,0.003231162895106968,0.05820780851190796,0.005968391322811197,0.059676083845742516,0.0,0.0
1692309302.5410826,0.0019117305481631893,0.05823439819580527,0.005881842636803455,0.05833417488182242,0.0,0.0
1692309302.6566167,0.0025282446594379455,0.05836081847934231,0.005761007227922471,0.05883726262976857,0.0,0.0
1692309302.7282336,0.0012007487858343695,0.05824709621331316,0.005508022447540543,0.05765581367536039,0.0,0.0
1692309302.8664312,0.0016166458293203423,0.05823713259712472,0.0053113579991179004,0.05810585137452141,0.0,0.0
1692309302.9877162,0.0014298671428175592,0.05820841143512254,0.005059948892404629,0.05797526627868689,0.0,0.0
1692309303.0563734,-0.0002776510544474878,0.05791532577581723,0.004764966375116093,0.05659105021058839,0.0,0.0
1692309303.1271122,-0.001700013712769272,0.05747405915592568,0.004507745261125096,0.05562200062671628,0.0,0.0
1692309303.1881502,-0.0008432698164262597,0.05729744278750734,0.004299232282310523,0.0566370286967785,0.0,0.0
1692309303.3565686,-0.001100071655375813,0.057125720696369245,0.004104248407885193,0.056521256649068805,0.0,0.0
1692309303.4253924,-0.0016462969773513672,0.05690909778063502,0.0039094610195231656,0.0561527677433917,0.0,0.0
1692309303.5262787,-0.003194635579881584,0.05649311442505041,0.00372816135806364,0.05497059189185183,0.0,0.0
1692309303.6380324,-0.0021130252878476686,0.05636126033882631,0.00362408823778449,0.056106992615523946,0.0,0.0
1692309303.7213953,-0.0023399910866828966,0.0562184490014119,0.0035220822358791874,0.05593883230014975,0.0,0.0
1692309303.8122983,-0.0027024612644859043,0.056041272113912015,0.0034849300730752947,0.055661484816635756,0.0,0.0
1692309303.9803333,-0.0019545918800869147,0.05602280807209621,0.0034708402095050828,0.056327178590489455,0.0,0.0
1692309304.0786955,-0.001499286494778568,0.056065505125257924,0.0035374102029107537,0.0566362388844638,0.0,0.0
1692309304.1573076,-0.0007376215829746453,0.05620646066949575,0.0036117372726650328,0.05715936874525269,0.0,0.0
1692309304.2101874,-0.0005721769254511776,0.05631881286606211,0.0037212952605344767,0.05712494032072014,0.0,0.0
1692309304.3318415,-0.0018058120344991103,0.056185719112007704,0.0037982814805365825,0.05595001284299797,0.0,0.0
1692309304.4488873,-0.0014000448575381501,0.05614668318248881,0.0038594992433520466,0.05631677172792696,0.0,0.0
1692309304.6034658,-0.0007988917628539089,0.05620776449774392,0.00389640967694961,0.056779400185594936,0.0,0.0
1692309304.755917,-0.0014853042686526082,0.05612908395917426,0.00391183784181378,0.05610196601097199,0.0,0.0
1692309304.8686237,-0.0010718296007520237,0.056132674841582235,0.0038998056510325336,0.05644249717585572,0.0,0.0
1692309304.9812708,-0.002298994419410457,0.05593093566176719,0.003768872885218629,0.05535781019804173,0.0,0.0
1692309305.0492609,-0.0009710903421201187,0.05600042836784175,0.0035694431007127505,0.05655151538874893,0.0,0.0
1692309305.1168046,0.000135053754262733,0.05622329912285051,0.0034108567214642042,0.05737454870528341,0.0,0.0
1692309305.1716774,-0.00013884642575577033,0.056335469784073555,0.0031687540350220887,0.056949596392001985,0.0,0.0
1692309305.2200248,0.0010395554153077153,0.056606077842607405,0.002947602053830335,0.05782928775137866,0.0,0.0
1692309305.300796,0.0020211641489135987,0.05695928221150387,0.0027674494009733543,0.05844763061280373,0.0,0.0
1692309305.402663,0.0012187513262377247,0.05708539464508704,0.002444320265620641,0.057537638297078926,0.0,0.0
1692309305.5512955,0.0015448742816507384,0.057233452035360385,0.002150084840384713,0.05774425126941095,0.0,0.0
1692309305.687642,0.002327825405557331,0.057473376704639,0.001690719021236309,0.0583240270392044,0.0,0.0
1692309305.8444483,0.0026985079765064614,0.057710676793093066,0.0011782383379935087,0.058505678670127556,0.0,0.0
1692309305.9681292,0.0017826097001162654,0.05773781986361651,0.0007334469394240569,0.057624872468401915,0.0,0.0
1692309306.0375206,0.0012693089561846577,0.057682313533959736,0.0003875048735941895,0.057230642606770035,0.0,0.0
1692309306.1042466,0.0003118271222818398,0.057493197668516266,9.463527334470676e-05,0.05651961000469176,0.0,0.0
1692309306.2387707,0.0006580001518972121,0.05742157581366342,-0.00013380372965230718,0.05697982750527729,0.0,0.0
1692309306.3621688,0.0011568645234078024,0.057459000995684115,-0.00023205034251354628,0.057476671630911275,0.0,0.0
1692309306.4530559,0.0010960998151574024,0.05748115239152468,-0.00010834957353857852,0.057429475471108944,0.0,0.0
1692309306.5369263,0.0015089649236588577,0.05756957283853022,3.424831954034602e-05,0.057789061841630344,0.0,0.0
1692309306.6000633,0.0014995376114126813,0.057629744346428216,0.00041687081740391686,0.05775160455714398,0.0,0.0
1692309306.669467,0.002212901549418984,0.05779363191397703,0.0007718058060646731,0.058334279920652835,0.0,0.0
1692309306.7682464,0.0012662148087200214,0.05775099157613388,0.0012494305845250106,0.05746287561484922,0.0,0.0
1692309306.8249652,0.001316727139876879,0.057719188296331214,0.0018384540103064647,0.05756088728907314,0.0,0.0
1692309306.8840802,0.0013588039117305411,0.05770506133504262,0.002330136616422636,0.05762887320796641,0.0,0.0
1692309307.0353014,0.0013588495011209185,0.05768190887528559,0.0028980910993995743,0.05764717276364061,0.0,0.0
1692309307.1347818,0.0021243766755764666,0.05778836591417878,0.003396724620952001,0.05829678650305812,0.0,0.0
1692309307.2601848,0.002382025913859712,0.057908586050873775,0.003789932113851615,0.058432933067523465,0.0,0.0
1692309307.3238122,0.003329949287985269,0.05814341042258461,0.004201742452516512,0.05914421492937814,0.0,0.0
1692309307.3940828,0.004119569458631858,0.05844218094403671,0.004555660835260066,0.05964693360285739,0.0,0.0
1692309307.5173519,0.0031052119193761794,0.05850521104218695,0.0047183773170725255,0.05861320899652557,0.0,0.0
1692309307.633327,0.0031057312249930923,0.05855445704240786,0.004881970397746893,0.05860967143065301,0.0,0.0
1692309307.7416155,0.0017367528771715796,0.058380179508213594,0.004908454647225632,0.057470834140669474,0.0,0.0
1692309307.8768091,0.002141337330060518,0.058330833957344105,0.0049069109744969055,0.057969744790346486,0.0,0.0
1692309308.0043385,0.0025900929336976244,0.058382354337466025,0.004814545208663779,0.058412233299193955,0.0,0.0
1692309308.1501517,0.003330602156590285,0.058553162139083875,0.004661077627185957,0.05903315722407849,0.0,0.0
1692309308.2360604,0.0039297346348208485,0.058787376712112954,0.004451786310829937,0.05946295581383388,0.0,0.0
1692309308.3170452,0.004086782295451872,0.05899245601317476,0.00426203815344631,0.05949389421850725,0.0,0.0
1692309308.3706598,0.004333676685070509,0.05919734085512246,0.004006147447896299,0.05963109846410649,0.0,0.0
1692309308.442254,0.004226754021328037,0.05934217583929709,0.003768459396713346,0.0594861109455441,0.0,0.0
1692309308.521719,0.004262138403305537,0.05946672481788075,0.003589312038387247,0.0595090958697144,0.0,0.0
1692309308.604097,0.003987443879366649,0.05952725685122786,0.0034351702638937254,0.05929045845967766,0.0,0.0
1692309308.7516308,0.0037221168826615768,0.05954111369624589,0.0033562689743002506,0.05912549426857231,0.0,0.0
1692309308.8671966,0.0029010320096519173,0.059429213008879225,0.003336480741339634,0.058524862921121586,0.0,0.0
1692309308.9257483,0.002904347094795738,0.059355570073579215,0.0034540382411587865,0.05869079820977494,0.0,0.0
1692309308.9786878,0.00242130596406921,0.05923546959089903,0.0035419850857052173,0.05840817258496657,0.0,0.0
1692309309.1472707,0.0007115761188290475,0.05887471413809166,0.003657727423204439,0.057125428222404656,0.0,0.0
1692309309.2189507,0.0011231793688538817,0.058678429075416746,0.003908845512501162,0.057761272380433853,0.0,0.0
1692309309.3101614,0.0011449958753464067,0.058544057994769534,0.004113565766629125,0.05792939859757544,0.0,0.0
1692309309.4060478,0.0016973801950882616,0.05853537646292138,0.0043318671241079605,0.05848811346638686,0.0,0.0
1692309309.5675735,0.0018238041050765586,0.05854908487411466,0.004518708723089728,0.05859676862831249,0.0,0.0
1692309309.6571925,0.0028712368800604474,0.05871429780451647,0.0048462844773718965,0.05945931918793765,0.0,0.0
1692309309.7892406,0.0038425681221841623,0.058982242583242306,0.005202834016190563,0.06014503790153551,0.0,0.0
1692309309.9426677,0.0032819920606363927,0.05907764984603297,0.0055244880902920405,0.05948641287750319,0.0,0.0
1692309310.0563836,0.0036401430221469763,0.059202755317150975,0.005817672330505845,0.059722077330361126,0.0,0.0
1692309310.1759896,0.0036051614178972745,0.059291357836063915,0.006031256050227529,0.05961261481960112,0.0,0.0
1692309310.3077662,0.00519616871723883,0.059631085925694126,0.006117460423357019,0.060894762174861575,0.0,0.0
1692309310.4348495,0.007048656517029123,0.06018847963798504,0.0061760221036222885,0.062242804572077204,0.0,0.0
1692309310.5603812,0.008533662291142049,0.06084045846796477,0.006260799544489723,0.06316004472066489,0.0,0.0
1692309310.6550374,0.009690225325167844,0.061515922995935265,0.006319363114194263,0.06376759132841328,0.0,0.0
1692309310.7121437,0.009302922982634748,0.06196472749739981,0.006297883749171828,0.06310571415917542,0.0,0.0
1692309310.7882924,0.01053050154971106,0.062513138666634,0.006313756183417936,0.06398148653381307,0.0,0.0
1692309310.9161515,0.011216049619146592,0.06305151863102226,0.0063101722316513025,0.06435502368377995,0.0,0.0
1692309311.0371683,0.010134212983910764,0.06330416513085169,0.006187776141388738,0.06328468244017918,0.0,0.0
1692309311.1555579,0.011180324730996663,0.06370677304487302,0.005952011769014943,0.06421126847645388,0.0,0.0
1692309311.2743137,0.012993748260411116,0.064335433890326,0.005759920237122764,0.06569279614490921,0.0,0.0
1692309311.382601,0.014171435911855098,0.06502621348137405,0.005580853571374835,0.06650639725609003,0.0,0.0
1692309311.4513838,0.016000072317412496,0.06586727521263262,0.005502846196089968,0.06784887426038985,0.0,0.0
1692309311.5073407,0.016417725884771018,0.06658635317427081,0.005526700855298376,0.06793721434550404,0.0,0.0
1692309311.6226223,0.01685092747369143,0.06721267355294065,0.005759556654003474,0.06814882621622674,0.0,0.0
1692309311.7435424,0.018078637899919897,0.06791699481366474,0.006025970956343925,0.06909602060129562,0.0,0.0
1692309311.8758817,0.01989341020786403,0.06875190049980599,0.00653759090681267,0.0704967746434919,0.0,0.0
1692309311.9743054,0.021634858478880758,0.06967762127411219,0.007150067626031851,0.07174751771719143,0.0,0.0
1692309312.0689008,0.023300456399629525,0.0706570107465459,0.007842725325540345,0.07288730378640984,0.0,0.0
1692309312.18938,0.02431667850025275,0.07157484016614152,0.008558125340265708,0.07346496216721128,0.0,0.0
1692309312.3267438,0.02451040247466157,0.0723128336106239,0.009296448264772961,0.07341781374096573,0.0,0.0
1692309312.391643,0.025851949056618403,0.07312930516116428,0.009965550344471073,0.07446186613202702,0.0,0.0
1692309312.4796863,0.025503168995089434,0.07373443520331903,0.010510744305755463,0.07405928558261525,0.0,0.0
1692309312.5770872,0.0272605141358288,0.07451549929732053,0.011112560418334748,0.07558259406918323,0.0,0.0
1692309312.6821284,0.029317706115895414,0.07549945850877171,0.011609166466180782,0.07723434609266139,0.0,0.0
1692309312.7826824,0.031690874453934974,0.07671521926801411,0.011844909684535429,0.07904362893956732,0.0,0.0
1692309312.8878818,0.03184364437068945,0.0777579181287602,0.011703613380510163,0.07890832276962449,0.0,0.0
1692309313.0461762,0.03391308577017464,0.07896622993122636,0.011532997259457094,0.08057497966238966,0.0,0.0
1692309313.1037464,0.03514063085919878,0.08019047287768942,0.011069582716475797,0.08146920922301917,0.0,0.0
1692309313.190791,0.03619263025440051,0.08140212296542723,0.01035152029628203,0.08227862616030725,0.0,0.0
1692309313.3323905,0.03741191798015565,0.08263126824135483,0.009485511203591977,0.08330068170500127,0.0,0.0
1692309313.4439025,0.03847939741489208,0.0838496512799325,0.008538944955926999,0.08423605540519533,0.0,0.0
1692309313.5622568,0.03983463720771626,0.08510316390155269,0.0077642767281233495,0.08546373651858516,0.0,0.0
1692309313.6758614,0.04015713972596949,0.08621974614500881,0.007077252996428603,0.08583827099283371,0.0,0.0
1692309313.8109665,0.040585639586498294,0.08725740090832294,0.006545443578065755,0.0864273360989506,0.0,0.0
1692309313.9185226,0.04109591476504793,0.08823841451119435,0.006453703971078702,0.08716017076569797,0.0,0.0
1692309314.0336697,0.041183156106569176,0.08911231769186928,0.006599886229950798,0.08758078758107797,0.0,0.0
1692309314.1403823,0.04240844318531506,0.09008011489943094,0.007092021954383829,0.08902519523419088,0.0,0.0
1692309314.2385583,0.04288569082554026,0.09098792575538703,0.007816875534687929,0.08976500548371244,0.0,0.0
1692309314.2923396,0.04278922960233646,0.0917750161799288,0.008542664998760692,0.09005247168625598,0.0,0.0
1692309314.3845773,0.0428375746993823,0.0925010195923836,0.009248378617555843,0.09054105445751662,0.0,0.0
1692309314.4836888,0.043157725186925414,0.09324517302484908,0.009799865673368246,0.0912923132654315,0.0,0.0
1692309314.5889983,0.043096277128278404,0.09394467316769074,0.01018765048241449,0.09172051615457039,0.0,0.0
1692309314.7070208,0.04255644405609054,0.09453223510896147,0.010456429625711184,0.09179091740732784,0.0,0.0
1692309314.8511,0.04190585454876057,0.09503611783529821,0.010499169189113592,0.09185004239145825,0.0,0.0
1692309314.9347947,0.04038751796004149,0.09534245465867498,0.010290307459392712,0.09125283123044921,0.0,0.0
1692309314.9909172,0.038617968445660775,0.09544942407253569,0.010032542184582792,0.09058801308571052,0.0,0.0
1692309315.1328146,0.03483707096527156,0.09509729464589238,0.009489819323168733,0.08836141544212675,0.0,0.0
1692309315.2115245,0.0325522104512347,0.09465043651711648,0.008756815653488527,0.08767930468447718,0.0,0.0
1692309315.2895715,0.03011838354089706,0.09408796600856756,0.008108145803942321,0.08689454604973357,0.0,0.0
1692309315.4619913,0.02700611011499974,0.09332678627005885,0.007400348029218178,0.08556268265214562,0.0,0.0
1692309315.5693386,0.025807856885783458,0.0927156410064357,0.006903079891338394,0.08590506021022835,0.0,0.0
1692309315.65007,0.02502650302227709,0.09227088482575216,0.006536608251477286,0.0864214729315228,0.0,0.0
1692309315.724302,0.022228081767956948,0.0915957223203299,0.0064093182126966994,0.08508254412620445,0.0,0.0
1692309315.8344157,0.019332345330065018,0.09073717000093308,0.006333822645536096,0.08375984078527549,0.0,0.0
1692309315.961168,0.01720436460612322,0.08986218949515543,0.006309203830418239,0.08314063527972763,0.0,0.0
1692309316.0725002,0.016191436233690522,0.08913750649478729,0.006456633305034239,0.08339592744621215,0.0,0.0
1692309316.1704354,0.013400640005583764,0.0882155542327035,0.006722275590428623,0.08199308311388934,0.0,0.0
1692309316.253798,0.011951882248614472,0.08735877157323071,0.007103467092003545,0.081778890596216,0.0,0.0
1692309316.3498983,0.01074506703705905,0.08659352825171636,0.0074154132843390055,0.08164946252661413,0.0,0.0
1692309316.4543989,0.008932572691642878,0.08576598171016317,0.00783634292714441,0.08090068941881133,0.0,0.0
1692309316.5453582,0.005313781918176951,0.08461634134340085,0.008068762007191328,0.07862278353345396,0.0,0.0
1692309316.61434,0.0035648307108616184,0.08352959619289331,0.008211575175819434,0.07808228697352967,0.0,0.0
1692309316.6855903,0.0003066824677652215,0.08224191420740416,0.00815463188721813,0.07618034337569504,0.0,0.0
1692309316.7843468,-0.0024828032279743243,0.08090558687743868,0.007574846567239011,0.07475991945045571,0.0,0.0
1692309316.9346786,-0.003871538832026411,0.07971972695111865,0.007029899281687354,0.07451119788659492,0.0,0.0
1692309316.988796,-0.005478753724621532,0.07859478645240159,0.006525078822393698,0.0739152855289788,0.0,0.0
1692309317.1250932,-0.00798842725905494,0.07737149141623091,0.0055468789169460415,0.07247105722714275,0.0,0.0
1692309317.2020383,-0.008930428057501072,0.07631168903488021,0.004659434832644285,0.07236531524359772,0.0,0.0
1692309317.3441055,-0.01039433888184659,0.0752685734647619,0.003506864703948578,0.07166050598486663,0.0,0.0
1692309317.4217694,-0.011810279586220251,0.0742286576762558,0.0022329288522826996,0.07093598340664407,0.0,0.0
1692309317.5049384,-0.015045100080401743,0.0728795260532307,0.0009373238364592919,0.06863713488006787,0.0,0.0
1692309317.5953758,-0.017149143446816513,0.07149844111739433,-0.00017196121824061274,0.06743332248166138,0.0,0.0
1692309317.6904294,-0.018441163238955685,0.07021429032933697,-0.0011696750347747194,0.06687042268693259,0.0,0.0
1692309317.7832348,-0.021208299875494253,0.06873764040884808,-0.002141813515201536,0.06495019990112988,0.0,0.0
1692309317.8837228,-0.02395914916129498,0.06713796172554144,-0.0028714414273471106,0.06310980262708596,0.0,0.0
1692309317.98367,-0.024901505987449578,0.06573886222791328,-0.0034097238148501274,0.06281057599600738,0.0,0.0
1692309318.1066296,-0.026173856819048665,0.06444336051177028,-0.0035131589285499754,0.062047266765126646,0.0,0.0
1692309318.1918607,-0.027029363051278267,0.06326318260279744,-0.003519187801027966,0.061540503759743424,0.0,0.0
1692309318.2861788,-0.029324873342632094,0.061934030335217785,-0.003150207497722671,0.05971842440072826,0.0,0.0
1692309318.3956656,-0.03058771981381368,0.06065031466174231,-0.0027157530746681887,0.05883804287621054,0.0,0.0
1692309318.4858074,-0.031181975125019898,0.05950112722119261,-0.0022241937446374526,0.058446731206863355,0.0,0.0
1692309318.5849457,-0.031832029453070454,0.05843176821711751,-0.0016784082429647073,0.05788284646167052,0.0,0.0
1692309318.6895614,-0.03322266697742971,0.0572929888339716,-0.0011470558407379035,0.0566180196025249,0.0,0.0
1692309318.8442428,-0.032579253733237466,0.05643653383556986,-0.0007037045339682178,0.05707318889385972,0.0,0.0
1692309318.8912349,-0.03294578733612506,0.05561355637743298,-0.0003417312871575021,0.05647118857594529,0.0,0.0
1692309318.9898846,-0.03280316162185691,0.05489876009542801,-0.00012557481343246596,0.05626265171836477,0.0,0.0
1692309319.0825052,-0.03282358039787631,0.05423360358660738,-6.309390333718466e-05,0.055839930764790054,0.0,0.0
1692309319.1920834,-0.031116136703998282,0.053887088464277935,-3.664599672027614e-05,0.05682617025961313,0.0,0.0
1692309319.3475537,-0.029466601523987574,0.053760843653768986,-0.00010149561337480169,0.05755282125683048,0.0,0.0
1692309319.4617932,-0.02957283780306938,0.05350666409213703,-0.0002562188379735321,0.05668484961930685,0.0,0.0
1692309319.5199876,-0.028445728984463188,0.053368465864972625,-0.000413279556514964,0.056959580024825256,0.0,0.0
1692309319.5913002,-0.028890525083905154,0.05305645008379618,-0.0006397232860335209,0.055864067679219816,0.0,0.0
1692309319.6890388,-0.028963004686757877,0.052683069197386384,-0.0009184854051599939,0.05521751202476799,0.0,0.0
1692309319.8100052,-0.028188919786137044,0.052409152997637834,-0.001170692386653955,0.05532893876093996,0.0,0.0
1692309319.9282088,-0.028291224771269004,0.052065329110719524,-0.0013747349760185104,0.05465082149204119,0.0,0.0
1692309320.0414495,-0.02789922685672899,0.0517550278087865,-0.0015338453063212009,0.05444604111863193,0.0,0.0
1692309320.1610305,-0.025729618677563147,0.051764094500711316,-0.0016344794474498874,0.055712793429816436,0.0,0.0
1692309320.2786071,-0.02378282392830183,0.05197068212190261,-0.0016311836226132444,0.05659316157193692,0.0,0.0
1692309320.416055,-0.02173183006888512,0.05234245263354647,-0.0014603756056043588,0.057460041912551094,0.0,0.0
1692309320.5312319,-0.019657453239478945,0.05284114344691447,-0.0012343780605445942,0.05827734680559719,0.0,0.0
1692309320.6130197,-0.017132228204343628,0.0535068747170663,-0.0006958074598328607,0.059432245770695544,0.0,0.0
1692309320.7385125,-0.01608245101523137,0.05406145307367745,-0.000185084218359625,0.05928915428935407,0.0,0.0
1692309320.7908068,-0.015370014319152692,0.05448553546120072,0.00036949965079838146,0.05899316766465247,0.0,0.0
1692309320.880501,-0.013071731756875279,0.05508806073807376,0.0008664875563075189,0.06015048055543093,0.0,0.0
1692309320.9409802,-0.010760078154444384,0.05582830463520837,0.0013056620854926967,0.061237268752413795,0.0,0.0
1692309321.0485713,-0.008834470703619448,0.056612902746786306,0.0016813614059119734,0.061955999432968006,0.0,0.0
1692309321.1629248,-0.005935434426136008,0.057598292882016955,0.002010144746593355,0.06351023128655751,0.0,0.0
1692309321.2480948,-0.002962838474796693,0.0587568361550774,0.0021570106306342965,0.06504476154526079,0.0,0.0
1692309321.359891,-0.0008061276123407075,0.05991180868939512,0.0022532556992189466,0.0658506149655149,0.0,0.0
1692309321.479174,0.0017613105487774548,0.06114980883914097,0.002077624882246632,0.06707150827449727,0.0,0.0
1692309321.6146147,0.004083539560862182,0.06241307674945355,0.001829342431143598,0.0681042970796889,0.0,0.0
1692309321.6941454,0.006347969396814724,0.06369508328796479,0.0014234525771390613,0.06914014501888704,0.0,0.0
1692309321.7512789,0.007287594059686812,0.0647820279981443,0.0009675576382409518,0.06912275035170873,0.0,0.0
1692309321.8139787,0.009635166326095922,0.06597138705526906,0.0005675660528109616,0.07047283418132382,0.0,0.0
1692309321.9359927,0.010164462008297178,0.066943507300518,0.0002012838235344312,0.07028620216035257,0.0,0.0
1692309322.0555491,0.0118084263744159,0.06795102519976931,-0.00013475068902067642,0.07122774975156267,0.0,0.0
1692309322.1673846,0.013322971277343495,0.06896879353471397,-0.0004605489252012405,0.0720763679426592,0.0,0.0
1692309322.287846,0.01483290182349345,0.07000245821532716,-0.0006717058469499671,0.07295325933133248,0.0,0.0
1692309322.430164,0.014674991176255672,0.07077963917958574,-0.0007872557456946462,0.07246744023257072,0.0,0.0
1692309322.4875765,0.014613280473918001,0.07139483255542106,-0.0007025353046551186,0.07227196601262259,0.0,0.0
1692309322.5536923,0.016252656454078755,0.07217469570194605,-0.0004933390551825033,0.0736287626911977,0.0,0.0
1692309322.6109583,0.01738893280638113,0.07299141941590676,-0.0001858195161775925,0.0744687070929563,0.0,0.0
1692309322.7344964,0.016756600984469242,0.07354441300485548,0.00025246057161673987,0.07382822681692779,0.0,0.0
1692309322.8556132,0.017938934443896333,0.07419947033822494,0.0009367683943323778,0.07489811479547043,0.0,0.0
1692309322.9560792,0.019244516529684022,0.07495583096275324,0.0016128542736565442,0.07599957447209382,0.0,0.0
1692309323.0536735,0.020294380935490457,0.07570207353129815,0.0027566844457355766,0.07682971234072754,0.0,0.0
1692309323.1137512,0.020750601764856734,0.07638695708000928,0.0037281381464271757,0.07714982893322907,0.0,0.0
1692309323.2648914,0.019718950670924523,0.07676435027316016,0.004728574375182376,0.0762871773186113,0.0,0.0
1692309323.3158338,0.02071385767079302,0.07722406889152358,0.005950753548921394,0.07731747399670978,0.0,0.0
1692309323.3965378,0.02112477829624591,0.07769193474400918,0.006970967844465401,0.07776054667214227,0.0,0.0
1692309323.5110486,0.020152797124107318,0.07792117317396402,0.007921496552434331,0.07704929490631572,0.0,0.0
1692309323.6306021,0.019655134491579518,0.07803770503517732,0.00891394276998136,0.07688380819504918,0.0,0.0
1692309323.7362216,0.019629821969727304,0.0781646738131177,0.009823457300188637,0.07715133121826345,0.0,0.0
1692309323.8062012,0.019331787101702153,0.07829858476919371,0.010385074128404101,0.07716018308138824,0.0,0.0
1692309323.8901842,0.020465672509521575,0.07868418259499217,0.010600675185129988,0.07837896127987407,0.0,0.0
1692309324.050625,0.01908780729207845,0.07884308131743666,0.010448134499440704,0.07735953898760839,0.0,0.0
1692309324.1184537,0.01946465736223284,0.0790984698882856,0.010267688242549219,0.07799672485814059,0.0,0.0
1692309324.202749,0.018876232943283246,0.07928976094266679,0.009803172360890065,0.07776093492106985,0.0,0.0
1692309324.3133135,0.018376973558737967,0.07942723098472326,0.009345231975747747,0.07766695957063556,0.0,0.0
1692309324.4061446,0.017804894202911814,0.07952622460707844,0.008723080174282293,0.0775463674454246,0.0,0.0
1692309324.549142,0.017901914110408153,0.07969641827613266,0.008105037812083129,0.07801648433734967,0.0,0.0
1692309324.6363008,0.016495984912894893,0.07966235836343309,0.007595455117974292,0.07717854687032856,0.0,0.0
1692309324.720496,0.016135872775749426,0.07965021325946159,0.0072032077706071255,0.07734199895523161,0.0,0.0
1692309324.7899072,0.013971312487131585,0.07934963862541365,0.006954947765673235,0.07596427435986974,0.0,0.0
1692309324.8925161,0.013880346333112546,0.07916500466214108,0.006988334268436562,0.07648844416836593,0.0,0.0
1692309325.02533,0.01418450373855629,0.07911610406172073,0.007266124312298487,0.07721761146046588,0.0,0.0
1692309325.1430845,0.014021199441499264,0.0790840920531743,0.0076832189953843725,0.0774228732272904,0.0,0.0
1692309325.2756894,0.012994256509653041,0.07890250536683895,0.008290088059538146,0.0768643801539905,0.0,0.0
1692309325.4159482,0.012969967333616219,0.07874730641025993,0.009172969386565618,0.0772008557626658,0.0,0.0
1692309325.4953363,0.01125394446231861,0.07837894507979835,0.009898967903205807,0.07603839324481398,0.0,0.0
1692309325.57476,0.010647223380630703,0.07804451342425467,0.01046577292399806,0.07592744505320838,0.0,0.0
1692309325.658252,0.008557958380447652,0.07750168704886512,0.010792770244621046,0.07453518676701795,0.0,0.0
1692309325.7567382,0.006404879760896771,0.07678731938305126,0.010976214045384566,0.07322256128019036,0.0,0.0
1692309325.837562,0.005533178516643217,0.07620961427328832,0.010674178930732369,0.07306888605648335,0.0,0.0
1692309325.94416,0.00560347499908506,0.07584752412386164,0.0102144766981915,0.07362343019705592,0.0,0.0
1692309326.0085664,0.004153533121157315,0.07540954406016143,0.009292972984190382,0.07275231597824186,0.0,0.0
1692309326.1211197,0.002538442170501985,0.0748560228124272,0.008366537913562578,0.07181150506419258,0.0,0.0
1692309326.1921575,0.0019941285566859738,0.0743898114136282,0.007454779167394674,0.07182382350183485,0.0,0.0
1692309326.3739212,0.000944814003993476,0.07389878789981386,0.0065132615330925365,0.07133092735834727,0.0,0.0
1692309326.5180328,0.0023137777448164996,0.07377876580282382,0.005717675364457282,0.07285393007374577,0.0,0.0
1692309326.5847228,0.0032078240550184323,0.0738446467142653,0.005026399289494997,0.0737088786937484,0.0,0.0
1692309326.679789,0.0035656697866696834,0.07395526645597009,0.004459283524508367,0.07399002849612978,0.0,0.0
1692309326.7628438,0.004132168218403757,0.07412833698447481,0.004176593514799546,0.07442280459693115,0.0,0.0
1692309326.8360639,0.0037245700072330436,0.07419155232591694,0.003965848347865078,0.07400517393105852,0.0,0.0
1692309326.9153018,0.003978155284483384,0.07427281093563196,0.004074060822420208,0.07422379946426759,0.0,0.0
1692309327.0099678,0.00290935435722953,0.0741184377357552,0.004685970111102843,0.07331907359579803,0.0,0.0
1692309327.108787,0.0016630729705583093,0.07378409788126783,0.005357854243531435,0.07239092860792508,0.0,0.0
1692309327.1940892,0.0015720383234998326,0.07349328983887646,0.006163727473010303,0.07252309601347175,0.0,0.0
1692309327.3231587,0.00031230388057118313,0.0730533253832422,0.006911310091815679,0.071606353488634,0.0,0.0
1692309327.4206305,0.0006180385971486142,0.07273518729008432,0.007772402396687028,0.07207174090651522,0.0,0.0
1692309327.4922996,-0.0006495731818648054,0.07227376678115544,0.00847764738198074,0.07109037687176487,0.0,0.0
1692309327.6359534,-0.00021481309628374558,0.07198158097548399,0.009108228298551619,0.07161298856479699,0.0,0.0
1692309327.7653592,-0.0016055776154242918,0.0715256475051724,0.009541517718509576,0.07047414043697799,0.0,0.0
1692309327.8830621,-0.0009404039016903304,0.07128121484068267,0.009890904719060586,0.07116234486115088,0.0,0.0
1692309328.0378857,-0.0013138698289165132,0.07105331387883809,0.00991218479629133,0.07082773449653675,0.0,0.0
1692309328.1658142,-0.0010753668207309384,0.07095866994973907,0.009471888362167601,0.07102239447738735,0.0,0.0
1692309328.3055737,-0.00221647959125778,0.07071640191976983,0.008723588692275472,0.07001939715521842,0.0,0.0
1692309328.4671671,-0.002354055561081367,0.07053061443545627,0.007573871463403224,0.06998130159359975,0.0,0.0
1692309328.607736,-0.002555938191973657,0.07035476325020623,0.006174063931403781,0.06986570471016024,0.0,0.0
1692309328.6829636,-0.0036574806601062863,0.0700241953243774,0.004641803202481459,0.06898976869255245,0.0,0.0
1692309328.752591,-0.004515266394781543,0.06961784038684131,0.0031436856980159417,0.06840670761763779,0.0,0.0
1692309328.8888052,-0.004418879699419956,0.06930915433334228,0.00171687648465471,0.06864706024268681,0.0,0.0
1692309328.9880342,-0.004099446803652379,0.0691155764919918,0.0005230391231560886,0.06898105087246736,0.0,0.0
1692309329.0584424,-0.003609807206594023,0.0690280982529729,-0.0005172234286284002,0.06937015796832877,0.0,0.0
1692309329.191521,-0.002962697909715046,0.06904202058002243,-0.0014291569549686291,0.06981392240063805,0.0,0.0
1692309329.3420188,-0.004042887792358162,0.06886531213749389,-0.0019636659911698743,0.06874778567514177,0.0,0.0
1692309329.3997903,-0.0030026303180887195,0.06889881658469538,-0.0022081459052418553,0.0696013330418775,0.0,0.0
1692309329.486108,-0.0032946826049327937,0.06885922760631562,-0.0022922301709324814,0.0692094835691387,0.0,0.0
1692309329.5652719,-0.0021576953847255304,0.06900160717044594,-0.0022870373033214036,0.07007211500789423,0.0,0.0
1692309329.6424437,-0.0028773273388397443,0.06897357710694965,-0.002029486688432075,0.06926939112618251,0.0,0.0
1692309329.7556412,-0.002729027941177273,0.06896349742395562,-0.0016802973662717721,0.06932260132790316,0.0,0.0
1692309329.8686128,-0.002773190733707135,0.06893425511371548,-0.0013095533731236635,0.06920648974477142,0.0,0.0
1692309329.9824371,-0.0021805159823380968,0.06899707064839611,-0.0010423188396032795,0.06963808286272816,0.0,0.0
1692309330.088533,-0.002876736213408623,0.06891446710605352,-0.000921621479830117,0.06893469454497492,0.0,0.0
1692309330.1961858,-0.00327129178690412,0.0687772446796448,-0.0008832987576605335,0.06858698733313488,0.0,0.0
1692309330.2808836,-0.0036803420749607478,0.06858449669610683,-0.001306862947794474,0.06826152391184945,0.0,0.0
1692309330.3688233,-0.002880551902289376,0.06855773013921515,-0.0017357933727566895,0.06896595480281316,0.0,0.0
1692309330.4906836,-0.0035276178513397776,0.06839466393354662,-0.0023798783233997083,0.06834143689266604,0.0,0.0
1692309330.6158893,-0.003749545818855589,0.0681888664263072,-0.0032433576672017883,0.06814785285850049,0.0,0.0
1692309330.7481375,-0.00452086356983393,0.06786974108767743,-0.004111828752836607,0.06749176819648117,0.0,0.0
1692309330.8786104,-0.0036192890789828844,0.06774539009144635,-0.004948996472377261,0.06828537973081794,0.0,0.0
1692309331.033754,-0.0031775820399073534,0.06768644117873883,-0.005716802996572212,0.06854185800251564,0.0,0.0
1692309331.147193,-0.00344627952683178,0.06760517462686164,-0.006043940329221269,0.068153704591981,0.0,0.0
1692309331.2614415,-0.002503193070214145,0.06768146548441505,-0.0062560966400195695,0.06882937736822164,0.0,0.0
1692309331.3373318,-0.0015301706675711019,0.06789453795696818,-0.006185651653273282,0.06943324392737989,0.0,0.0
1692309331.3894224,-0.002154124262667632,0.06794972901094251,-0.005755639205932624,0.06864362181249947,0.0,0.0
1692309331.4448311,-0.0015246999753406854,0.06807988256196727,-0.005368626545979156,0.06904374141583437,0.0,0.0
1692309331.5005205,-0.001368624611376466,0.06818925555630626,-0.00497733202546064,0.06900666085960003,0.0,0.0
1692309331.585543,-0.0027931926330050294,0.06803324431548932,-0.004245556979282032,0.06767667125400179,0.0,0.0
1692309331.6700828,-0.002412977829807907,0.06797512316371536,-0.00357346789275401,0.06804752116851866,0.0,0.0
1692309331.7683442,-0.0016547679081482,0.0680457929006931,-0.0027335446870573234,0.06866200593038871,0.0,0.0
1692309331.8962922,-0.0016902193043141058,0.06807943303721012,-0.001974531277070278,0.06852479957291624,0.0,0.0
1692309332.0266404,-0.0004574313837452371,0.06829707801769584,-0.0013348010021355058,0.06947613588626486,0.0,0.0
1692309332.1473489,-0.00014892424337562435,0.06849690582803983,-0.0008253249836466922,0.06953717250561946,0.0,0.0
1692309332.2110178,0.0003848644928994878,0.06872558442810346,-0.0005581674053098806,0.06981280092876342,0.0,0.0
1692309332.3652797,-0.0009873560252729172,0.06866139422856699,-0.0005755833199135898,0.06849252600025935,0.0,0.0
1692309332.4785879,0.0002061320558826334,0.06880954881868698,-0.0006183834137170936,0.06952260248962144,0.0,0.0
1692309332.5672393,0.0010899893792878082,0.069052217410555,-0.0009562788649537657,0.07014879922599657,0.0,0.0
1692309332.6381633,0.0018601617884411777,0.06933919920935257,-0.001506892180443938,0.07061934684088515,0.0,0.0
1692309332.69074,0.0008627664726193486,0.06936956963430689,-0.002126343768869959,0.06958705422852975,0.0,0.0
1692309332.803446,0.0009158363960519315,0.06938356461281842,-0.0028367507719003447,0.06960844029119706,0.0,0.0
1692309332.8819375,0.0012919790826104768,0.06944513055750678,-0.003512557720519782,0.06989725225577804,0.0,0.0
1692309332.954555,0.0027003681907622245,0.06967174536187307,-0.004484966473789272,0.0710098393423842,0.0,0.0
1692309333.0819707,0.0034975223799341747,0.06995777664433661,-0.005293633429683939,0.07146666371725,0.0,0.0
1692309333.2059999,0.004011546040815089,0.07019411681644445,-0.006298422869035282,0.07166186214481349,0.0,0.0
1692309333.326744,0.004545950968936344,0.0704530072268288,-0.007063934720236679,0.07188309920154533,0.0,0.0
1692309333.450142,0.0060868567455285485,0.07086813021028411,-0.007833078362672895,0.07295336380550498,0.0,0.0
1692309333.5548253,0.006000837329150959,0.07117641888662797,-0.00826930229769473,0.07256042641250604,0.0,0.0
1692309333.661714,0.007514605590024856,0.07166959456565752,-0.008493409446866447,0.07362285262147947,0.0,0.0
1692309333.780035,0.00831354131324833,0.07220857737225765,-0.00828319803125908,0.07399860896005742,0.0,0.0
1692309333.903403,0.007344613363741642,0.07247863360102798,-0.007823773029147994,0.07293097505443474,0.0,0.0
1692309334.0140357,0.006341954833875791,0.07255430580932924,-0.007082732547466936,0.07205904468493847,0.0,0.0
1692309334.0787666,0.00720907533930587,0.07278776577052892,-0.006268354813729522,0.07290381011371905,0.0,0.0
1692309334.169596,0.0067026430368059406,0.07290716889429713,-0.0053188683207420215,0.07249966859624678,0.0,0.0
1692309334.2861848,0.007856340067086704,0.07321419781007969,-0.004454410555254471,0.07356735017285768,0.0,0.0
1692309334.396221,0.00874839208066656,0.07361079381957063,-0.003465295617045191,0.07429102734840336,0.0,0.0
1692309334.481036,0.009898890969621845,0.07411794126592,-0.0026253794471411762,0.07517872924463584,0.0,0.0
1692309334.5799625,0.00997869804046759,0.0745322904604112,-0.0019702678505861557,0.07511325680964342,0.0,0.0
1692309334.6665757,0.011311156124553016,0.07508879787657172,-0.0014513990908443096,0.0761762937890482,0.0,0.0
1692309334.7467468,0.012546438139322555,0.07573511262030991,-0.0011373519698871263,0.07707814640141078,0.0,0.0
1692309334.8016443,0.01348337510552911,0.07639866637123882,-0.0011338439385853963,0.07769379913564207,0.0,0.0
1692309334.8890312,0.01384525377464525,0.07698432862858155,-0.0011921599544850198,0.07784259930834261,0.0,0.0
1692309334.9803152,0.013127143762700907,0.07733800805644737,-0.0013744298260759994,0.07716605359462614,0.0,0.0
1692309335.0544944,0.0124529923081367,0.07752162232270644,-0.0018934878261378657,0.07669752658643395,0.0,0.0
1692309335.1485872,0.012728079881730065,0.07775031114523939,-0.0023770225561579083,0.07712702081170875,0.0,0.0
1692309335.3002706,0.013243783969118366,0.07804024672324222,-0.0029719820374004505,0.07772149721574405,0.0,0.0
1692309335.4209068,0.013247083797916517,0.07829993195838136,-0.003482344362051781,0.07783612226952516,0.0,0.0
1692309335.4773834,0.013031396448978915,0.07850459067162141,-0.003889037993213805,0.07779059097071227,0.0,0.0
1692309335.5501297,0.012851728887313892,0.07867458566376953,-0.004227777644941215,0.07781462458484482,0.0,0.0
1692309335.689614,0.01283145420890984,0.07886262406101834,-0.004245621448187473,0.07799348391519068,0.0,0.0
1692309335.839416,0.012542057743583508,0.0790081349275407,-0.004184892742353821,0.07794708218019998,0.0,0.0
1692309335.9858828,0.009921603443371941,0.07875052492107051,-0.0033197539169127458,0.07598371679808337,0.0,0.0
1692309336.1775308,0.009435124479956715,0.07853286131736296,-0.0023188059760968468,0.07607802806784118,0.0,0.0
1692309336.264123,0.009314903735251167,0.07839209032834046,-0.0011926424163869573,0.07641858373940388,0.0,0.0
1692309336.3581362,0.008845212718480825,0.07824831968829635,-0.00011784189619494208,0.07638150102188591,0.0,0.0
1692309336.4764652,0.0068688530942503405,0.07785887753388185,0.0007694886567179993,0.07506357879627483,0.0,0.0
1692309336.5761054,0.005001073034129091,0.07731839630196297,0.0013194589155797651,0.07398281506027297,0.0,0.0
1692309336.6540694,0.0049878439018601435,0.07696323960442278,0.001703573988585979,0.0745306007181347,0.0,0.0
1692309336.7461967,0.002985498128161904,0.07641449471914821,0.0017763589205663823,0.07326057249860753,0.0,0.0
1692309336.8697176,0.0028035641843555358,0.07601803092565301,0.0015789542564777384,0.07362231045352609,0.0,0.0
1692309336.9813285,0.0023658359209919023,0.07567445405212174,0.0009478526412063429,0.0736385247355612,0.0,0.0
1692309337.0895066,0.0004568892733833492,0.0751212071937217,0.0002608648211213184,0.0723622856036744,0.0,0.0
1692309337.138708,-0.002307896747146578,0.07426874821626829,-0.00047411144525436684,0.07048514797023518,0.0,0.0
1692309337.261381,-0.0033141661325500338,0.07348940559892407,-0.001124678977523958,0.07023618511893619,0.0,0.0
1692309337.3593118,-0.004436268436231357,0.07273186825396234,-0.0017560851852537803,0.06979297225379344,0.0,0.0
1692309337.4704957,-0.007044318363088304,0.0717444164286943,-0.002266721960961918,0.06804880458768109,0.0,0.0
1692309337.5868385,-0.00844234925030448,0.07079554384474594,-0.002500614714662908,0.06743060808052931,0.0,0.0
1692309337.7399414,-0.009615569530434614,0.06989997715101003,-0.002553627112331677,0.06693586014269495,0.0,0.0
1692309337.8805912,-0.010328372222809662,0.0691148214563684,-0.0022427257767556256,0.06675137352227013,0.0,0.0
1692309338.0118299,-0.011383198800415373,0.06833785206493588,-0.0017151506696919008,0.06617630351345101,0.0,0.0
1692309338.1534224,-0.014048564522886098,0.06728770961749724,-0.0009661954251547934,0.06421863929508752,0.0,0.0
1692309338.2713096,-0.0145535748399077,0.06634258304951864,0.0003650773303245496,0.0642081968419661,0.0,0.0
1692309338.4038196,-0.015218984394259906,0.06546818453863053,0.0016286284736598872,0.06390207452303233,0.0,0.0
1692309338.5552292,-0.01637669552180825,0.0644535003423599,0.0033917682730496782,0.06308607059506267,0.0,0.0
1692309338.6765602,-0.016362916484649086,0.06353866685689677,0.00526285342545532,0.06320922167464697,0.0,0.0
1692309338.7939916,-0.017040858407771295,0.06259617711514626,0.007028535238867463,0.06257783612925039,0.0,0.0
1692309338.9164133,-0.017967056806487053,0.06163361503066113,0.008493801032583917,0.06168349458575737,0.0,0.0
1692309339.0441546,-0.016825307626598,0.06102211778109092,0.009643535568167773,0.06250082453576379,0.0,0.0
1692309339.1583023,-0.01708326324547638,0.060446768282182844,0.010438232358098435,0.06191334490535227,0.0,0.0
1692309339.2722201,-0.015876948618139337,0.060145656553824534,0.010945374685337099,0.06255346259192171,0.0,0.0
1692309339.355114,-0.016402169373154203,0.05980611229068034,0.010948248544475361,0.061597758029189556,0.0,0.0
1692309339.4338343,-0.016305489035211604,0.05948684950069668,0.010859703940820743,0.061270073422306816,0.0,0.0
1692309339.5082035,-0.017247749434458556,0.05904080246483558,0.010517191370971877,0.0600818688397736,0.0,0.0
1692309339.6082883,-0.01823134168295234,0.058508555693577845,0.009875773393338491,0.058986005363339956,0.0,0.0
1692309339.687798,-0.017586366174438074,0.05815089626506669,0.009262697043988848,0.059345302019125065,0.0,0.0
1692309339.7926579,-0.01729578344057056,0.05786568945587723,0.008613698965445537,0.059292928509443926,0.0,0.0
1692309339.8899856,-0.017009257702000596,0.05762992384950752,0.007965045982581555,0.05920307572711126,0.0,0.0
1692309340.070338,-0.01631746361835757,0.057490529269627985,0.00741043042626355,0.05943239257088334,0.0,0.0
1692309340.163238,-0.015333586524300882,0.057465482900369624,0.006992533300644696,0.05985025751636802,0.0,0.0
1692309340.2120295,-0.014999712934954843,0.05741335599999013,0.006728502922249528,0.05965892319716491,0.0,0.0
1692309340.2685573,-0.014721596235029593,0.05734223421863473,0.006505942860549596,0.05945059513554618,0.0,0.0
1692309340.3237262,-0.01448992502399186,0.05725238544911848,0.006317652586142662,0.059231765384174524,0.0,0.0
1692309340.381629,-0.01577863881596108,0.0568880185106536,0.006274178893125133,0.05776947139875739,0.0,0.0
1692309340.5563593,-0.01572550993464581,0.05655460756907504,0.006278096234018821,0.057610451086498315,0.0,0.0
1692309340.6362193,-0.0155051142920129,0.056246398691598275,0.006501099744936774,0.05756202535170315,0.0,0.0
1692309340.7087448,-0.016780511225713054,0.055724418479704066,0.006734292807747567,0.05622169496548658,0.0,0.0
1692309340.80973,-0.017312460467953376,0.0551758253513125,0.006937491979233695,0.05563565724064612,0.0,0.0
1692309340.9448984,-0.016647595727140387,0.05480221673726804,0.00713168654846639,0.05605193242746241,0.0,0.0
1692309341.0905106,-0.01550384500600542,0.054637881830451165,0.007277874544927893,0.05673613704387365,0.0,0.0
1692309341.2297359,-0.01403528983015861,0.05468792925858611,0.007316047404104163,0.05755331535819374,0.0,0.0
1692309341.3426654,-0.012085065700983456,0.05498709287962587,0.00715970412539564,0.05865127784628697,0.0,0.0
1692309341.3951569,-0.01173082004491846,0.055208186231472535,0.006801327610524134,0.05829339044912001,0.0,0.0
1692309341.4571064,-0.009973488294020321,0.05558905958172366,0.00651904795889546,0.05921163834825473,0.0,0.0
1692309341.5656025,-0.008177766251193019,0.05609975041845562,0.006256361590828365,0.060081950677287735,0.0,0.0
1692309341.632198,-0.007980370394699132,0.05645680805412414,0.005870878019883925,0.0595685468807632,0.0,0.0
1692309341.6881857,-0.008776211648672202,0.05654294139776103,0.005423752891119297,0.058378440208037854,0.0,0.0
1692309341.815734,-0.007417147841779419,0.05678505762927704,0.005079901061729724,0.05920284165486764,0.0,0.0
1692309341.9182663,-0.007433030323184785,0.05692061396029478,0.004721357292840914,0.058786353514138336,0.0,0.0
1692309342.0003493,-0.006461575066983968,0.057141288987850605,0.0044346142012059745,0.05928869323546817,0.0,0.0
1692309342.1003115,-0.005589950735559192,0.05740596034678638,0.004264903812848509,0.05966404609492052,0.0,0.0
1692309342.1980991,-0.004863887667482355,0.057684455810505096,0.004126912585356038,0.05990317519537883,0.0,0.0
1692309342.3473873,-0.003790788312503523,0.05802475588198373,0.004148593923709377,0.060442307976453634,0.0,0.0
1692309342.4287949,-0.0024961312245135865,0.05844261278592655,0.004349722034052853,0.06113755731758971,0.0,0.0
1692309342.501571,-0.0018600103736818316,0.0588240128345091,0.004518915115047745,0.061241788386739174,0.0,0.0
1692309342.6004713,-0.0010838181267384878,0.059186896757059404,0.004862961024731902,0.0615133230824692,0.0,0.0
1692309342.7146637,-0.0010356343121773921,0.05943107309178821,0.005203072707869648,0.06119556795087015,0.0,0.0
1692309342.8655057,0.0002345084455607088,0.059792406820990025,0.005556614249479006,0.06199301637853204,0.0,0.0
1692309342.9543016,-1.0169914325927013e-05,0.059969653449438144,0.006059677994927045,0.061455637304970376,0.0,0.0
1692309343.0518854,-0.0006955926734515899,0.05993485370421284,0.006689757755367899,0.06066909625366953,0.0,0.0
1692309343.1393225,0.0003763098243322276,0.06001918183236886,0.007496446134569816,0.061471486808613154,0.0,0.0
1692309343.2429388,0.0018706040137287411,0.060276838952484126,0.008304499725062921,0.06250506923301472,0.0,0.0
1692309343.3413393,0.0019263861557062111,0.06038945651075417,0.009225597387529367,0.062209379275182664,0.0,0.0
1692309343.4389384,0.002232957097284049,0.06042209488209828,0.01026593258186428,0.06219018139238254,0.0,0.0
1692309343.52913,0.0023111543943995245,0.06035227439019009,0.01137060016663674,0.06198661898343569,0.0,0.0
1692309343.627885,0.004138983948917076,0.060542819299358626,0.012362615985168253,0.06326252707783224,0.0,0.0
1692309343.71569,0.00665219725721561,0.06106577026409301,0.013152339373718371,0.06493039645834131,0.0,0.0
1692309343.7924368,0.009514902852611168,0.06187775844274262,0.013826844663526372,0.06670527105754459,0.0,0.0
1692309343.9257557,0.011404464134784846,0.06276401687376353,0.014305880046332403,0.06751733752540984,0.0,0.0
1692309344.070738,0.012524045472085393,0.06360172313286698,0.014548635004819413,0.06770961357255885,0.0,0.0
1692309344.1745787,0.014589967787589789,0.06454410174179921,0.01473712026548507,0.0688087378584987,0.0,0.0
1692309344.2910478,0.016012942800976857,0.06551382630423024,0.014636307075844446,0.06935455265628725,0.0,0.0
1692309344.3961785,0.016184475813574482,0.06632851528042243,0.014151205461935299,0.06893541822499459,0.0,0.0
1692309344.5042672,0.015144418528592624,0.06687799632471689,0.012986899575517992,0.06771635602977726,0.0,0.0
1692309344.5711775,0.016291081663712653,0.06751870157977982,0.011991729067727035,0.06861925459683457,0.0,0.0
1692309344.691135,0.01689143766972444,0.06813915553263246,0.01112514777132284,0.06902435611374529,0.0,0.0
1692309344.7885807,0.015842412140268353,0.06850319387300977,0.010027293213078006,0.06808978982578136,0.0,0.0
1692309344.9341047,0.015902192389997325,0.06885181702190933,0.00894713263275339,0.06829510292403647,0.0,0.0
1692309345.0678027,0.014371398629171028,0.06892233398499117,0.007991583766363847,0.06719340569713775,0.0,0.0
1692309345.1540406,0.0146202928593073,0.06908787095218838,0.007079680615456063,0.06776633091479835,0.0,0.0
1692309345.239977,0.015412226326962947,0.06940379084014472,0.00635125469863235,0.06871978777416991,0.0,0.0
1692309345.3082106,0.014452733545361526,0.06953470488813684,0.0058596424401430895,0.06810246138055084,0.0,0.0
1692309345.3923965,0.014106486272726333,0.0696288692539809,0.005607380721468712,0.06811737524856909,0.0,0.0
1692309345.4871013,0.013365902710323807,0.06963393918591577,0.005452419350531777,0.06781134112518794,0.0,0.0
1692309345.5857797,0.011957592591819556,0.06942765234799345,0.005761437370112935,0.06699380100733082,0.0,0.0
1692309345.6828487,0.012156973486295073,0.0693330399744787,0.006287645294890001,0.06761191469737238,0.0,0.0
1692309345.7769587,0.012274984899125943,0.06929718754080146,0.006953871451691491,0.06803696184406267,0.0,0.0
1692309345.8689437,0.012770225210439766,0.06938010842129815,0.007581559970570055,0.06869551818585247,0.0,0.0
1692309345.9388516,0.013038437667801746,0.06947034784746829,0.008396334906595321,0.06906630262721208,0.0,0.0
1692309345.9992704,0.012900115939819837,0.06952966864529,0.00912708961249446,0.06904903695767566,0.0,0.0
1692309346.1598554,0.01222483740031502,0.06949028407212098,0.009704982210505534,0.06859411720573547,0.0,0.0
1692309346.3700066,0.013718497954780862,0.06979125572071321,0.009851816961088826,0.07001613101607217,0.0,0.0
1692309346.5248303,0.014593199386605965,0.0701897037940596,0.009946873912789561,0.07073661140645687,0.0,0.0
1692309346.6953118,0.01486299773921785,0.07060012169652967,0.009688892754278762,0.07090210652466446,0.0,0.0
1692309346.848394,0.014706758598540025,0.0709156492393466,0.009455981899948793,0.07075646171341352,0.0,0.0
1692309346.9885988,0.01416694966094981,0.07110701091645252,0.009197774834871967,0.07036929658108375,0.0,0.0
1692309347.147886,0.0129105188086068,0.07107143131602725,0.009101771704896648,0.06947986276574611,0.0,0.0
1692309347.2960148,0.012369165542032249,0.07099774340956366,0.009058062539465589,0.06932586944385218,0.0,0.0
1692309347.4538481,0.011733361646258243,0.07087333859196866,0.00909372066306642,0.06910196579213573,0.0,0.0
1692309347.5896854,0.011262113372844138,0.07070224313993226,0.009419436613883156,0.06902722586503615,0.0,0.0
1692309347.7447588,0.009258242308676752,0.07026207958250634,0.009775958689402887,0.06765150392858121,0.0,0.0
1692309347.8353255,0.00879272029572261,0.06988591522596994,0.010114592540417518,0.06770741271605644,0.0,0.0
1692309347.9315386,0.0069369722893840805,0.0693179116379567,0.010433918791761162,0.06652317928584298,0.0,0.0
1692309348.057196,0.0057887543162408175,0.06870892332565016,0.010815261168941335,0.06602300753348281,0.0,0.0
1692309348.1656563,0.004445229440265603,0.0680112102860229,0.011320836372434136,0.06533222505169024,0.0,0.0
1692309348.2282827,0.004661914480629155,0.06752956229590526,0.01178219979443063,0.0659331573538849,0.0,0.0
1692309348.3265998,0.005345972939960687,0.06727269804689934,0.012216120598367635,0.06673825105473095,0.0,0.0
1692309348.4404073,0.005545316278439471,0.06710773865703833,0.012549956513705681,0.0669602404928826,0.0,0.0
1692309348.5168111,0.005843838701430388,0.06703680955023117,0.012743522259877014,0.06720104068023011,0.0,0.0
1692309348.6136835,0.005806216042407597,0.06697329706207479,0.012846448636450528,0.06711122623881506,0.0,0.0
1692309348.7750971,0.00501902062088552,0.06678770173927491,0.012891092077561284,0.06640194760059721,0.0,0.0
1692309348.9065623,0.004854698357163527,0.06664684958650062,0.012743219301162378,0.06630001734979961,0.0,0.0
1692309349.0693269,0.004903752178879288,0.06662538503030212,0.012094842852777907,0.06637031815193598,0.0,0.0
1692309349.178603,0.005175754924058741,0.06667429916295006,0.011404710026429784,0.06661395604448662,0.0,0.0
1692309349.30028,0.003476675118406078,0.06647290274326302,0.0104289258342037,0.06518264606204006,0.0,0.0
1692309349.4318473,0.00362105626753371,0.0663759585900132,0.009419435111402865,0.06549492378615812,0.0,0.0
1692309349.5472,0.003628177293577959,0.06633303694126431,0.008277129846712078,0.06562500562673862,0.0,0.0
1692309349.6555378,0.0035229252432297064,0.0662999945328934,0.007211688829476505,0.06563394727712028,0.0,0.0
1692309349.7354739,0.002278680097949021,0.06608373921687842,0.006297130597948349,0.06468640795891223,0.0,0.0
1692309349.8576818,0.0021633807960452283,0.06590237451409153,0.005929238409243977,0.06480203383587395,0.0,0.0
1692309349.968907,0.0017057201314225339,0.0657019301533326,0.005637568674316319,0.06458130711021372,0.0,0.0
1692309350.0744052,0.0009087666769565172,0.06540840179433458,0.005681341570013615,0.06407954433554443,0.0,0.0
1692309350.1849988,-0.0007815113714002924,0.06489754700863191,0.0059101177603840035,0.06286407381763726,0.0,0.0
1692309350.2946954,-0.0026196716983431082,0.0641748652900566,0.006436098670652457,0.06163686190378241,0.0,0.0
1692309350.4378529,-0.0032901081917875987,0.06350734617052303,0.006993784188539666,0.06146008095518551,0.0,0.0
1692309350.56135,-0.0021786116915280336,0.0631305481763764,0.007776955384624416,0.06268219451669671,0.0,0.0
1692309350.6718497,-0.0015231718676863275,0.06291553551650468,0.008508318669823248,0.06325497792781858,0.0,0.0
1692309350.7923205,-0.0008209615888136988,0.06276345659623656,0.009461334612722761,0.06373660040391073,0.0,0.0
1692309350.9273255,-3.128701138091646e-05,0.0627166053833797,0.01033194589639344,0.06418769134054768,0.0,0.0
1692309351.0042663,0.00030773467350014193,0.06267226857148803,0.011112954102990532,0.06418312558964755,0.0,0.0
1692309351.0852168,-0.00028078696534384093,0.06251069824086404,0.011658944622665526,0.0634008767217857,0.0,0.0
1692309351.1941016,0.00020363533856122482,0.062432230205832565,0.012086848391326326,0.06361934315505606,0.0,0.0
1692309351.3397107,0.0014807320467052256,0.06258195380418166,0.012260278949568515,0.06445253088189215,0.0,0.0
1692309351.4624414,0.002387404695897176,0.06283992978088851,0.012204559962205397,0.06486827041033276,0.0,0.0
1692309351.4688683,0.0028107618566929416,0.06307392393603405,0.012106336567573444,0.06486129776779971,0.0,0.0
1692309351.522411,0.0031544150369493596,0.06329567515070607,0.011894424316546666,0.06483409575778759,0.0,0.0
1692309351.6007059,0.0030968234929952894,0.06343787397824671,0.011643252207967721,0.06451869893542914,0.0,0.0
1692309351.6809146,0.0016345067878203545,0.06331433257759768,0.011218895041934027,0.06311018896158176,0.0,0.0
1692309351.7632651,0.0018848968518365644,0.06326129713446157,0.010838091399257191,0.06334501352605995,0.0,0.0
1692309351.837805,0.0019157627679874997,0.06323675384660976,0.010385801585075096,0.06334841142618368,0.0,0.0
1692309351.946122,0.0006138860666476528,0.06301891702661816,0.009820575271618389,0.0622347326396501,0.0,0.0
1692309352.0376084,0.0002645878139947117,0.06280052031200736,0.009343619855042177,0.06206322108380133,0.0,0.0
1692309352.1620538,0.0005109112491677941,0.06267517481055668,0.008969612965111404,0.06237865722139076,0.0,0.0
1692309352.2745953,0.0003714567702830675,0.06255644891051036,0.008633141301359983,0.062297602287337044,0.0,0.0
1692309352.3786483,0.00021736165788282445,0.062442086056289606,0.008305198782323841,0.0621974615386039,0.0,0.0
1692309352.4450972,-0.00015750787460679902,0.06226511445123765,0.008234746658468009,0.061910159069409096,0.0,0.0
1692309352.5304735,-0.0008855045659182377,0.06198893597178327,0.008288266260737769,0.06134497912150751,0.0,0.0
1692309352.6196253,-0.0018170885806346373,0.06162141143435282,0.008315494158926956,0.06065511284912877,0.0,0.0
1692309352.7206662,-0.002330158375566142,0.0612568971935809,0.008312219011933516,0.060364352801640354,0.0,0.0
1692309352.8158681,-0.002562305023626123,0.06090423023352709,0.008515384673788333,0.06029213110693572,0.0,0.0
1692309352.945685,-0.003080738073040047,0.06054233791183229,0.00864627730482074,0.0599308797852572,0.0,0.0
1692309353.045974,-0.0025967813754924937,0.06034250331180938,0.008693865466623218,0.060403531281472356,0.0,0.0
1692309353.1180918,-0.0017490202011988206,0.060307046380238594,0.008750987265855695,0.061067673685215894,0.0,0.0
1692309353.2753277,-0.0013646838402205591,0.060304327945035666,0.008866870272486088,0.061230785800672136,0.0,0.0
1692309353.3798435,-0.0007361188273558397,0.06039583418669929,0.008829189464402986,0.061573168139228536,0.0,0.0
1692309353.5247982,0.00017088399195488361,0.06058543708614489,0.008799114329484463,0.06211045299075147,0.0,0.0
1692309353.6451397,-0.0007076548791513255,0.060568557075193125,0.008648981116486014,0.06110425878645301,0.0,0.0
1692309353.779796,5.863078021965456e-06,0.060672886628930875,0.00837753910613911,0.061594159266959485,0.0,0.0
1692309353.895794,0.0008928533892281578,0.0608953880252725,0.007992520282242399,0.06216790360465575,0.0,0.0
1692309353.9729478,0.0001590407871723032,0.060941873579942435,0.0074523451065196976,0.0613346397160519,0.0,0.0
1692309354.0445695,0.0011370897972394574,0.06112980693706096,0.007003509589171741,0.062079276765773496,0.0,0.0
1692309354.1331613,0.001691108647468931,0.0613578637003434,0.006530175255080457,0.06238066179532522,0.0,0.0
1692309354.2082455,0.0018151088953846791,0.06154156244576564,0.006110932730568672,0.06231480994432431,0.0,0.0
1692309354.2926855,0.0010884555233979156,0.061558390352469905,0.005689225979407327,0.06158326351697088,0.0,0.0
1692309354.4059043,-0.0009392178472225614,0.061243623313754304,0.005241412838579082,0.059890190783536426,0.0,0.0
1692309354.5316422,-0.0005290316269105346,0.06108693829445369,0.004860035620171727,0.06045723241505157,0.0,0.0
1692309354.592133,0.0001377513264832176,0.061083266728118465,0.004540010939253128,0.06111520203768059,0.0,0.0
1692309354.7787209,-0.0007610616150560056,0.060929782140668715,0.004291584503622271,0.06035573919685723,0.0,0.0
1692309354.8851674,0.0006269946445925366,0.061039077569191955,0.004202637162749204,0.06160480939852277,0.0,0.0
1692309355.0143638,0.00022780871651319705,0.0610456710924041,0.004164618952777203,0.06117359741465284,0.0,0.0
1692309355.1196258,0.0008327394547876644,0.06113491254698562,0.004297068345165801,0.06165438793055124,0.0,0.0
1692309355.2120075,0.0003790006585378954,0.06112069809045615,0.0043942317133576,0.06118758731964802,0.0,0.0
1692309355.287567,0.0016172023176725559,0.06129786359896293,0.004629206683371746,0.06220901912804509,0.0,0.0
1692309355.354704,0.0023094226750482293,0.06153474780685769,0.004823119491399337,0.06263665234895432,0.0,0.0
1692309355.420454,0.0017545151494042291,0.06159408058448343,0.005146439470023769,0.06199485544905483,0.0,0.0
1692309355.4770842,0.002485870897062684,0.06174535105862011,0.00549556433526785,0.06254461100164162,0.0,0.0
1692309355.5525951,0.0034277603379428423,0.06197693048860464,0.006019669529681483,0.0632055411063179,0.0,0.0
1692309355.6471736,0.0038826522036422345,0.062187712071417205,0.006628663673889804,0.06339120116632287,0.0,0.0
1692309355.767555,0.003000119670381443,0.06217011316378429,0.007227213394136255,0.06246672686740751,0.0,0.0
1692309355.9031074,0.0035225979440291783,0.062235263025225515,0.007731271029655055,0.0628652485763268,0.0,0.0
1692309355.9618518,0.005804543004926303,0.06261951819711035,0.008355920348583892,0.06467716127286371,0.0,0.0
1692309356.04606,0.00736799798715225,0.06314546827391426,0.008875543389368227,0.0656559633926916,0.0,0.0
1692309356.114957,0.009360335927753424,0.06383706162966965,0.009378194949608523,0.06692434549752842,0.0,0.0
1692309356.2915623,0.011154292153211653,0.06465676477277617,0.009641714043405428,0.06793990149723833,0.0,0.0
1692309356.355434,0.012211281567236072,0.06542678144786733,0.009883203712912722,0.06831775392909964,0.0,0.0
1692309356.47945,0.013392113715694104,0.06621790331031058,0.00991304131757085,0.06887301074089282,0.0,0.0
1692309356.6328306,0.014485624184870795,0.0670043942521176,0.009862547659557302,0.0694027497118278,0.0,0.0
1692309356.7642403,0.014506234855621726,0.06768683128333167,0.009041168292454875,0.06908662326193311,0.0,0.0
1692309356.8921819,0.01574542864265885,0.06843767364119668,0.008278054312542495,0.06995945161372384,0.0,0.0
1692309357.0384595,0.01399330472509373,0.06876192364563331,0.0072880330610046165,0.06831951040855833,0.0,0.0
1692309357.182672,0.014652128285388036,0.06916679352537349,0.006415806858156827,0.06901842333574175,0.0,0.0
1692309357.324015,0.014753212081470828,0.0695404607463538,0.005548370036580099,0.06920178847350257,0.0,0.0
1692309357.4661276,0.013531138152183502,0.06966188716949374,0.005156920081926164,0.06831091936643105,0.0,0.0
1692309357.6041057,0.013551935824705793,0.06981158166933539,0.004911097355448186,0.0686216287862506,0.0,0.0
1692309357.7317076,0.011903371203580964,0.06963412538166448,0.005537845880320039,0.06750725792337064,0.0,0.0
1692309357.796129,0.011946565330094442,0.06954738445777713,0.006174911194705604,0.06795266098239608,0.0,0.0
1692309357.8803606,0.011338625183553464,0.06937716765723831,0.007036841572226974,0.06775863539506052,0.0,0.0
1692309357.953974,0.01052262709546014,0.06908949964319196,0.008096742642007175,0.06738728631189106,0.0,0.0
1692309358.033815,0.01139037129582281,0.06902815175382998,0.009084204042393159,0.06842706127903087,0.0,0.0
1692309358.0945182,0.010934621532384496,0.06889707974480912,0.01002626974861252,0.06817371286625773,0.0,0.0
1692309358.2302637,0.012099321632175282,0.06899179386551033,0.010887224044513671,0.06928898929311623,0.0,0.0
1692309358.3763916,0.014242048194326201,0.06941667401926911,0.01164983872646019,0.07104987067925138,0.0,0.0
1692309358.4880311,0.015230602431002344,0.06993301668206472,0.012099528976086463,0.07162886783206107,0.0,0.0
1692309358.625459,0.01844628839747818,0.07089732219082047,0.012264326967515185,0.07406304978114962,0.0,0.0
1692309358.6791594,0.020198132289456393,0.0719545820378119,0.012127929053522711,0.07504232900358024,0.0,0.0
1692309358.758585,0.022054202314510555,0.0730663095339916,0.012016812294832596,0.07613479944285431,0.0,0.0
1692309358.8131123,0.02368751403104581,0.07421814534779511,0.011711943548610772,0.07705721790104082,0.0,0.0
1692309358.8774807,0.02463287523730657,0.07527160234587524,0.011433839724669029,0.07745564194066072,0.0,0.0
1692309358.945138,0.025981515822009263,0.07634690084923337,0.01103047281375152,0.07830947024233202,0.0,0.0
1692309359.1046393,0.02672150549557321,0.07733200543329385,0.010648257208752055,0.07870077323931286,0.0,0.0
1692309359.2564337,0.026586063517235727,0.07812113041324928,0.01021994691661847,0.07846659084773189,0.0,0.0
1692309359.352905,0.026250098227348712,0.07873153365028863,0.009864883993198048,0.07823829262082528,0.0,0.0
1692309359.4707758,0.02597858807838277,0.07920663389433225,0.009763184206459573,0.07820307884685454,0.0,0.0
1692309359.5443091,0.02468528524653456,0.07941222461178915,0.009859677082574913,0.07739691220291149,0.0,0.0
1692309359.6711323,0.024006470283980577,0.07953580898509044,0.010004165338479133,0.0772656250213923,0.0,0.0
1692309359.7932649,0.021877865022814528,0.07927443452955368,0.010692702836095054,0.0759584937352281,0.0,0.0
1692309359.923361,0.019787000686365488,0.07881085584764178,0.011284637933506453,0.07484403922001273,0.0,0.0
1692309360.0591078,0.01813892145198912,0.07822097976946357,0.012034177111138472,0.07419249925589508,0.0,0.0
1692309360.1966438,0.018240408630362033,0.07774470082876785,0.013200974682253359,0.07499607940289213,0.0,0.0
1692309360.3324428,0.016423403731961595,0.07711006827577677,0.01422823376176353,0.07397142012910014,0.0,0.0
1692309360.448706,0.01527918127636847,0.07650460475919875,0.014991928253864823,0.07355971828996595,0.0,0.0
1692309360.588188,0.01525761781899429,0.07608378817309154,0.015623580316327977,0.0740410103064055,0.0,0.0
1692309360.7294042,0.015560369077513144,0.07589798205242657,0.015923830454254082,0.07463467519070392,0.0,0.0
1692309360.867065,0.016496345357188864,0.07601065352403093,0.01582989071807583,0.07562383597965447,0.0,0.0
1692309360.9421146,0.01598951328439311,0.07612202942672316,0.015245326870202407,0.07526409485691896,0.0,0.0
1692309361.0080402,0.015669250516821387,0.07623682681027684,0.014412166461898324,0.07514078911205309,0.0,0.0
1692309361.080471,0.014818429159553032,0.07624537428132551,0.013539055778072314,0.07461606342425202,0.0,0.0
1692309361.1648958,0.014629989165416624,0.07630316222974194,0.012478240396589459,0.07473335834996908,0.0,0.0
1692309361.2378025,0.012837660538341568,0.07613163332101608,0.011193091531395987,0.07350217891994276,0.0,0.0
1692309361.3169918,0.011344650791988048,0.07581684783409043,0.010111640568241693,0.07269470208703445,0.0,0.0
1692309361.3920138,0.010836858702273626,0.07556598651889394,0.009059723028422518,0.07278689779253547,0.0,0.0
1692309361.5204265,0.009441000905038707,0.07520500282921157,0.008148344243409258,0.07207659834977118,0.0,0.0
1692309361.618131,0.008174274267525192,0.07477562501899536,0.007483891754277996,0.07152731732845875,0.0,0.0
1692309361.7045214,0.008974917735320154,0.07463346582811242,0.006995336329916874,0.07271854435460688,0.0,0.0
1692309361.7939577,0.008577265932315692,0.0744882407171123,0.006754770388189415,0.07268612303828359,0.0,0.0
1692309361.9001667,0.008248316431472162,0.07435221087606561,0.006652035828534772,0.07269182204588893,0.0,0.0
1692309362.0227652,0.007559243946523971,0.07414032781657752,0.006856765828559619,0.07237293612685199,0.0,0.0
1692309362.1180096,0.006097833661096854,0.0737346268871957,0.007301650772259751,0.07142555870774081,0.0,0.0
1692309362.1849487,0.006066003062780796,0.07344031348956176,0.007757156789331707,0.07175779051992787,0.0,0.0
1692309362.3221993,0.004606871586489477,0.0729687609597588,0.008313991689888639,0.07079135841764378,0.0,0.0
1692309362.4597247,0.005103821782164209,0.07264580253219732,0.009175741232457384,0.07153592833835895,0.0,0.0
1692309362.5751967,0.0036663487461840475,0.07211020089312177,0.01014417042324947,0.07048498519246046,0.0,0.0
1692309362.6925702,0.0030451628895552525,0.07160089133625128,0.010941253420077476,0.07019635954070984,0.0,0.0
1692309362.800156,0.002146785510857044,0.0710931631421377,0.011436719167548461,0.0696350539346241,0.0,0.0
1692309362.882189,0.0025377907876032043,0.07078351901697272,0.011775404476674958,0.07015542294326488,0.0,0.0
1692309363.0116212,0.0038337065871603083,0.07078385966631191,0.01188375190986673,0.07129257145172668,0.0,0.0
1692309363.0841289,0.003093647725536427,0.0707156099559849,0.011479887922243113,0.07054482321732061,0.0,0.0
1692309363.1695156,0.0038202153919351662,0.07080867848997893,0.010885327813087474,0.07113852903885076,0.0,0.0
1692309363.2439191,0.004816589214210225,0.0710578381519657,0.010171219211462952,0.07187962077456378,0.0,0.0
1692309363.3243535,0.005267997744342122,0.07131703794372343,0.009522257582058085,0.07209125433780265,0.0,0.0
1692309363.3897245,0.005987736684613205,0.07165405693019324,0.008587845405759102,0.0725420214763375,0.0,0.0
1692309363.5359285,0.005719520074091981,0.07188114970283178,0.007203280166019862,0.07215657007951796,0.0,0.0
1692309363.6236076,0.00758626264156286,0.07236842372272795,0.005971579253535429,0.07366121696670723,0.0,0.0
1692309363.6900463,0.007494551511769575,0.07272223401582951,0.0048070490729531555,0.07336960001934947,0.0,0.0
1692309363.7844021,0.00816586361674063,0.07310932753180076,0.0037671086324744443,0.07382871662229502,0.0,0.0
1692309363.8849277,0.008423370875834143,0.073455531221931,0.0028695997647039334,0.07393607467333659,0.0,0.0
1692309363.9826007,0.00882273064418573,0.07379975171832263,0.002156555864627513,0.07420630064618051,0.0,0.0
1692309364.090291,0.007708914681982084,0.07389760651336866,0.0018119167335956623,0.07322942931946752,0.0,0.0
1692309364.248364,0.007559926523369313,0.07397634485162637,0.001602487004406349,0.07323719677889601,0.0,0.0
1692309364.3556335,0.007640895503621016,0.07406809556229856,0.0018684979452902534,0.07344808681824085,0.0,0.0
1692309364.5052104,0.005663878246714725,0.07381017055695802,0.002555183503770485,0.07192020999726978,0.0,0.0
1692309364.5972307,0.004523384887398229,0.07342190591559082,0.0035285532117600117,0.0712966661235785,0.0,0.0
1692309364.7170558,0.004725269010087354,0.07318883015874438,0.0043704633788192145,0.0718255005928622,0.0,0.0
1692309364.772701,0.003303652977471897,0.07279562107880208,0.005088053299078426,0.07086704644140628,0.0,0.0
1692309364.8614788,0.0037694128000411737,0.0725989728195258,0.005681691257867224,0.07157228854450978,0.0,0.0
1692309364.9224188,0.0039438102957118845,0.07251153707708217,0.005998060526641493,0.07188091731952434,0.0,0.0
1692309364.9858577,0.0036808806749763683,0.07241470714101743,0.006229567369606847,0.07175761994180518,0.0,0.0
1692309365.148486,0.0015543624067063963,0.07202499456471535,0.006146409763225993,0.07008193551061048,0.0,0.0
1692309365.2372272,-0.0003617525192899319,0.07146777713854344,0.00555127203454235,0.06879116449390286,0.0,0.0
1692309365.2930045,7.52147707742807e-05,0.07115024904675546,0.004934551608236602,0.06957994563776182,0.0,0.0
1692309365.3818116,-0.001005017221323238,0.07075119198886153,0.0042118417022793215,0.06891411710502979,0.0,0.0
1692309365.4861073,-0.0015717955671609735,0.07036627301922543,0.00314048174906235,0.06871751649921906,0.0,0.0
1692309365.586714,-0.0014833453545072992,0.07008765474348927,0.001958409010607775,0.06903316764546051,0.0,0.0
1692309365.6889164,-0.0009077332181149535,0.06996925195400791,0.0008942952613742302,0.06965505779136524,0.0,0.0
1692309365.789034,-0.0009961458860274824,0.06984551057019102,-0.00018303794605475812,0.06960036551221696,0.0,0.0
1692309365.915904,-0.0001849834998375816,0.06987534324995817,-0.0011106267196237766,0.07028655453431507,0.0,0.0
1692309366.055698,-0.00131878160145709,0.06969556918741479,-0.0018978748322775478,0.06924279532518038,0.0,0.0
1692309366.176475,-0.0015086770082906272,0.06954505801776388,-0.002232967530912385,0.06913131470980773,0.0,0.0
1692309366.2939744,-0.0014297757747577557,0.06945082115531105,-0.0022662568689781207,0.06923810076860937,0.0,0.0
1692309366.4210904,-0.00020079144595589664,0.06957872807683267,-0.0022071215680198675,0.07027288078887085,0.0,0.0
1692309366.5180597,0.0005168518995390765,0.06978431765559695,-0.0017542539436680438,0.07073407394605767,0.0,0.0
1692309366.6548226,-0.00034499642088777524,0.06977149301501731,-0.0009031420910264292,0.06983935066390767,0.0,0.0
1692309366.787223,0.000691881092996887,0.06990523896025753,0.00015796591370656704,0.07067877341846102,0.0,0.0
1692309366.958461,-0.00011931745126146501,0.06983913042876423,0.0012703371292487617,0.06986094196881273,0.0,0.0
1692309367.0741324,0.0008646729708346871,0.06994241735963912,0.002215084857160129,0.07066765706199366,0.0,0.0
1692309367.1760838,0.0021611729180783515,0.07024017748792324,0.002782897944966304,0.0716206974355214,0.0,0.0
1692309367.2865264,0.0036734105854592,0.07072000782212025,0.0029169197299790187,0.07265026180376309,0.0,0.0
1692309367.3932714,0.0032691295647353943,0.07101427827136832,0.002561100807283434,0.07199600137561027,0.0,0.0
1692309367.5104868,0.0035523952997530747,0.07127415871383588,0.0017259286923330989,0.07207859479762138,0.0,0.0
1692309367.5847142,0.005179842944340693,0.07173248346865022,0.0008815311979953577,0.07331652562076085,0.0,0.0
1692309367.7436595,0.007023245625825795,0.07236382705905058,-6.465692056921305e-05,0.07461090342311473,0.0,0.0
1692309367.8671777,0.008307671853642945,0.07295583926625669,-0.0017465619279773855,0.07533638545094769,0.0,0.0
1692309367.9502773,0.009678923071823988,0.07359698558198854,-0.003282590419460816,0.07611913870150971,0.0,0.0
1692309368.0097737,0.010722224937710871,0.07418793853950761,-0.00490186496387462,0.07661158205863977,0.0,0.0
1692309368.0751293,0.011591295391994645,0.07476244476293635,-0.006264558772298425,0.07698061361772932,0.0,0.0
1692309368.1448393,0.012271458334009014,0.07524842300764722,-0.007691563452063222,0.07723100530720405,0.0,0.0
1692309368.2142131,0.012838034064706984,0.0756996187713165,-0.008889100650898867,0.07742872148347638,0.0,0.0
1692309368.2839475,0.0116495490398674,0.07587658948893511,-0.009673780942524801,0.07620525632070686,0.0,0.0
1692309368.4439173,0.012134946389859255,0.07615729543845054,-0.010007428675930793,0.07661054314534042,0.0,0.0
1692309368.5731251,0.0130676213147561,0.07655446034890911,-0.010203886716382109,0.07736770278840222,0.0,0.0
1692309368.658432,0.013751158256191554,0.0770691184214545,-0.009624738196938992,0.0778579389041513,0.0,0.0
1692309368.7723265,0.0139013795294186,0.07755557358265558,-0.008259935472814594,0.07791000026783827,0.0,0.0
1692309368.8847764,0.013052687032167437,0.07780454063994238,-0.006170344221434449,0.07720280023643758,0.0,0.0
1692309368.9380221,0.011784329281580698,0.07779326279371833,-0.003935916038478231,0.07630295262614623,0.0,0.0
1692309368.9885092,0.010727787275341943,0.07766096040547311,-0.0020860360582155577,0.0757222999265464,0.0,0.0
1692309369.0853145,0.011424407208055792,0.07771092180539477,-0.00037401865308288275,0.07667293469032205,0.0,0.0
1692309369.1849134,0.011694507294243192,0.07781850658711933,0.0011873062107197944,0.07711332720386528,0.0,0.0
1692309369.3065674,0.012684043648101414,0.07811255447729339,0.0023559687218406996,0.07809651526621879,0.0,0.0
1692309369.3854733,0.01475788280778169,0.07871525598950604,0.0032505325482030563,0.0798710043374578,0.0,0.0
1692309369.480762,0.01691116156544928,0.07958754026019928,0.0034585952478796292,0.0815221865834471,0.0,0.0
1692309369.6240022,0.016021842317207755,0.08014322021733226,0.0029483817056669514,0.08051267023420397,0.0,0.0
1692309369.761594,0.016586119318233093,0.08069178813386088,0.0020148080976549305,0.0809819592756455,0.0,0.0
1692309369.88024,0.016567066371519338,0.08110739477654891,0.0005270420819132669,0.08098058687723016,0.0,0.0
1692309369.9611948,0.015946046489943397,0.08135211309645786,-0.0008607253387860764,0.08054684867972518,0.0,0.0
1692309370.0327141,0.016018004116943194,0.08159557570716336,-0.0020701897835649647,0.08080277208778908,0.0,0.0
1692309370.1524541,0.015628478574769084,0.08176581064369345,-0.00308126563191564,0.08066920595884022,0.0,0.0
1692309370.2685304,0.015316766847349552,0.08191403538452278,-0.003728757923076165,0.08064826311715337,0.0,0.0
1692309370.4012136,0.014727299313990104,0.08201318169729406,-0.0038552351266461955,0.08042050017012495,0.0,0.0
1692309370.5499659,0.01341861006064497,0.08195196905481035,-0.003417031518585523,0.0796431308292507,0.0,0.0
1692309370.6489315,0.01179205506734172,0.08168991072432026,-0.002176484276461595,0.07871397867595001,0.0,0.0
1692309370.7362146,0.010481775931199082,0.08130233944823353,-0.0005584309033633251,0.0781516006294247,0.0,0.0
1692309370.791576,0.008925372618938056,0.08074502776283303,0.0013771447433167886,0.07740295674818554,0.0,0.0
1692309370.884601,0.007167694074802751,0.08008110027852842,0.0030169426725442316,0.07650641546971444,0.0,0.0
1692309370.987773,0.005678673806715511,0.07931967323569239,0.004761615107288008,0.07586066332173783,0.0,0.0
1692309371.098152,0.003022103265595938,0.07831858188187844,0.006314700594022546,0.0742079124154419,0.0,0.0
1692309371.1497176,0.0023746980513103615,0.07748808743898943,0.007609339481857095,0.0743261403927173,0.0,0.0
1692309371.2023146,0.001941555316876802,0.07682129237662134,0.008611567750023674,0.07445373868627454,0.0,0.0
1692309371.2904918,0.0011700572327128208,0.07620550584667884,0.0093954036401498,0.07415888836281762,0.0,0.0
1692309371.4293919,-0.000911902567070758,0.07544628576331847,0.009744296803921701,0.072710525614232,0.0,0.0
1692309371.543,-0.00164929685249588,0.07486214678220063,0.009209152706295439,0.07249245406339329,0.0,0.0
1692309371.6430576,-0.0018827319288797673,0.07443738563463742,0.008014138090391046,0.07263022199700335,0.0,0.0
1692309371.7345424,-0.0023431881598112523,0.07405124490286946,0.006844224442229396,0.07248369664501095,0.0,0.0
1692309371.8221393,-0.003768190895995252,0.07352353262376243,0.0053282478415448715,0.07149169471515461,0.0,0.0
1692309371.971825,-0.005862489882115419,0.0727532490604921,0.0035066394725006564,0.07001594451363612,0.0,0.0
1692309372.059311,-0.006202104459052955,0.07210663892961056,0.0018368062854371165,0.07011693773475051,0.0,0.0
1692309372.1756642,-0.006188696836780241,0.07158511663008513,0.00017974188275284584,0.07038431218988321,0.0,0.0
1692309372.3140924,-0.006083818472638106,0.07117800486560238,-0.0012899582229040543,0.07059521963494755,0.0,0.0
1692309372.4455118,-0.007928779170746941,0.0705631173089711,-0.0022885726645871227,0.06907572352162192,0.0,0.0
1692309372.5804706,-0.0067701666307054716,0.07032607726749716,-0.002360279481596391,0.0702126399753164,0.0,0.0
1692309372.7374122,-0.007629589500036261,0.069983024920673,-0.0016722737484726388,0.06943897953677206,0.0,0.0
1692309372.865966,-0.008583690892197578,0.06945149097574792,7.026266026148326e-05,0.06865994374583426,0.0,0.0
1692309372.9797194,-0.008629531883854093,0.06886001801717773,0.0024000934784492237,0.0686790832514813,0.0,0.0
1692309373.1345544,-0.00910948987380533,0.0682166420322265,0.0046129706239477885,0.06823136234899138,0.0,0.0
1692309373.2856865,-0.0071233145124349065,0.06787060116157224,0.006966458292411591,0.06980716122581052,0.0,0.0
1692309373.4391685,-0.007058662822835207,0.0675769143640585,0.008733413206772098,0.06945978164203567,0.0,0.0
1692309373.5101433,-0.00424953726000827,0.06780397050243232,0.009953946781940766,0.07141589568957897,0.0,0.0
1692309373.6095488,-0.0021690732089054334,0.06836058436091738,0.010314369644282154,0.07248612323771168,0.0,0.0
1692309373.7525828,-0.0019460069187998178,0.0688324649555985,0.009941395152838336,0.07193532246350573,0.0,0.0
1692309373.8984268,-0.0012249264460206914,0.06926859409992932,0.009473884610495864,0.07198384133976941,0.0,0.0
1692309374.0620515,-0.0012017997660095459,0.06961040822127049,0.008234156124619205,0.07152512368201801,0.0,0.0
1692309374.1893597,-0.002038806663914025,0.0696966131668979,0.006384196900558433,0.07049004980429266,0.0,0.0
1692309374.2883213,-0.0028456388638679626,0.06959041942474199,0.004478021730964739,0.06967050654905094,0.0,0.0
1692309374.3709478,-0.0033481648584062196,0.06940252211059082,0.0027400574440056198,0.06922374835350614,0.0,0.0
1692309374.4398007,-0.0034454295384306996,0.06923292035890034,0.001298996483293423,0.06915685268166136,0.0,0.0
1692309374.5171077,-0.0028151881198909003,0.06919792607912692,0.0001334433630565253,0.06967899382567602,0.0,0.0
1692309374.5954368,-0.0043320543881297715,0.0689320808180503,-0.00036662524345660864,0.06831635540524217,0.0,0.0
1692309374.7258077,-0.003192561720926683,0.06891787530523157,-0.0006224476963808965,0.0693520732149331,0.0,0.0
1692309374.8508945,-0.0024801630308127075,0.06899938439158092,3.633782665699438e-05,0.06985745159796769,0.0,0.0
1692309374.965077,-0.0022845765191237214,0.06904776053197748,0.0009775908389793358,0.06986356318844206,0.0,0.0
1692309375.0832756,-0.0022609325562052214,0.0690219925045605,0.002206819985392511,0.06973535940440663,0.0,0.0
1692309375.1713433,-0.002008149116968416,0.06901534557224676,0.003273006176437011,0.06981633427333869,0.0,0.0
1692309375.2692885,-0.0019133120656712095,0.06898600167113196,0.004279249272328976,0.06975177676681914,0.0,0.0
1692309375.3594553,-0.0018564712184774527,0.06896237521995495,0.005005940797486581,0.06966188119195421,0.0,0.0
1692309375.4377823,-0.002521181876080986,0.068850002930233,0.005263872398087717,0.06898110981663397,0.0,0.0
1692309375.514916,-0.0021588634937583797,0.06881721060985423,0.005410855942266835,0.06925184576759835,0.0,0.0
1692309375.6522534,-0.0016635260711525808,0.06888988919235522,0.005068373509307334,0.06958340626895917,0.0,0.0
1692309375.7465942,-0.001665158025353167,0.06891875422175103,0.0034705422975317055,0.06945892401008201,0.0,0.0
1692309375.8126934,-0.0016685404498869266,0.06889345955510093,0.0017438073873937017,0.06935980137414183,0.0,0.0
1692309375.8730628,-0.0016713580095235484,0.06885800553356813,0.0003068739863284723,0.06927366624600946,0.0,0.0
1692309375.9369516,-0.002037080015829246,0.06869158579017903,-0.0014064373388756454,0.06889296790575655,0.0,0.0
1692309376.0181632,-0.0027195102067799934,0.06843079508070535,-0.002844716781247442,0.06828141405988766,0.0,0.0
1692309376.112538,-0.0020741987025691085,0.0682518705956858,-0.00446904140353307,0.0688335561507209,0.0,0.0
1692309376.2294047,-0.002407776296315407,0.06801939091589006,-0.005868507540541867,0.06844441365225858,0.0,0.0
1692309376.3762283,-0.00019501805744544503,0.06820452173699695,-0.006906150356436341,0.07020508822609489,0.0,0.0
1692309376.484055,9.438339347650368e-05,0.06839593876649797,-0.007477525270479759,0.07010133573586594,0.0,0.0
1692309376.6258292,0.002061794197346749,0.0688427718998069,-0.007886697775842789,0.07145234183934333,0.0,0.0
1692309376.7634962,0.0016952716775027446,0.06918655878273554,-0.007075148096925694,0.07071167690721444,0.0,0.0
1692309376.8923523,0.0018013193825475934,0.069435832480194,-0.0051415489316843,0.0705523348517429,0.0,0.0
1692309377.039073,0.000805375688448994,0.06938332884742827,-0.002831943794830108,0.06954455139571306,0.0,0.0
1692309377.2084517,0.0010518291679450355,0.06928304983270081,-0.00029015751808662924,0.06973179595699354,0.0,0.0
1692309377.398215,0.0012532255463037609,0.06917842252968429,0.002053696401562617,0.0698308887349386,0.0,0.0
1692309377.5719624,0.0014017347806945292,0.06912347576901137,0.0038761034365319014,0.06984946547771222,0.0,0.0
1692309377.6999424,0.0037905146647262654,0.06956152344543398,0.0047113927073679784,0.07172511883812376,0.0,0.0
1692309377.8322809,0.0059583786941018735,0.07028675800622952,0.004769143000935325,0.07318331646300773,0.0,0.0
1692309377.8964202,0.006869838022153136,0.07098866823717277,0.0036713694418247502,0.07348118758865493,0.0,0.0
1692309377.9698296,0.006505155750088868,0.07140891246093638,0.0020222910805730537,0.07279062412474623,0.0,0.0
1692309378.1164334,0.006650661820485654,0.07173211849473585,0.00045455486131578933,0.07271557119267438,0.0,0.0
1692309378.2397597,0.006236691235662328,0.07179195594618308,-0.0017198115776186195,0.0722418425068584,0.0,0.0
1692309378.3347478,0.005277250478035874,0.07156425630517999,-0.004080112648731409,0.07139913372180721,0.0,0.0
1692309378.489138,0.007253585411154683,0.07162307201621242,-0.006443387990439328,0.07310334605125962,0.0,0.0
1692309378.6569648,0.008601512412454802,0.07182078796307506,-0.008574101591732386,0.07400639902585404,0.0,0.0
1692309378.7760837,0.009478457384554528,0.07214301756867386,-0.010081210205745381,0.07439921860951136,0.0,0.0
1692309378.8559093,0.007990457984545894,0.07226181590329403,-0.010570330116648334,0.07280834559259211,0.0,0.0
1692309378.931278,0.007936477362499007,0.07240674876505572,-0.010570740411035614,0.07269953809757537,0.0,0.0
1692309379.0004373,0.007797249420595991,0.07257891315474807,-0.009902995855820955,0.07256159043060166,0.0,0.0
1692309379.0835397,0.00727596382626562,0.07265052525316822,-0.009239093965720684,0.0721565681343176,0.0,0.0
1692309379.1710744,0.0067608503246653654,0.07268120974233405,-0.007939890762764,0.07183475757341748,0.0,0.0
1692309379.2360513,0.005040208617295885,0.0724373743292625,-0.00598963162845861,0.07056312822762133,0.0,0.0
1692309379.3288958,0.00473493031418887,0.07223696968806967,-0.004323742388813536,0.07063852196298621,0.0,0.0
1692309379.403664,0.004485394331084326,0.0720549715459784,-0.0026352296324826567,0.07070932524721159,0.0,0.0
1692309379.4935553,0.004198514291585073,0.07188175692903277,-0.0010777802722622407,0.0707024665311767,0.0,0.0
1692309379.5580118,0.005204343671783915,0.07193529672458014,0.00024197365656063717,0.07174354974252935,0.0,0.0
1692309379.683507,0.006839486543814796,0.07225747561731705,0.0013275100320955832,0.07314565666546344,0.0,0.0
1692309379.7922776,0.005600902947108453,0.07235022956416372,0.0011003802104886855,0.07197276030558915,0.0,0.0
1692309379.859606,0.006260057584775225,0.07254691759311871,0.0007420529132882965,0.07259642324570954,0.0,0.0
1692309379.976894,0.007457639818548421,0.07288180057967353,-0.00021584951989212702,0.07360062996334907,0.0,0.0
1692309380.0674481,0.00712775142512748,0.07304446380519984,-0.0015208837683035404,0.07322196489042365,0.0,0.0
1692309380.173328,0.007422276941099943,0.07318950893308687,-0.0029156641886011877,0.07345612010928397,0.0,0.0
1692309380.3104463,0.007438911582267783,0.07327224316088982,-0.004330642026755843,0.07344399040670004,0.0,0.0
1692309380.4532487,0.005990668006318913,0.07309942772260478,-0.005501816532741226,0.07222406088695597,0.0,0.0
1692309380.5887756,0.006632600074880458,0.07312495811815914,-0.006231606034733001,0.07291960649854005,0.0,0.0
1692309380.722434,0.006572064646202686,0.07320721433014767,-0.006272035303505012,0.07291579095917991,0.0,0.0
1692309380.834778,0.0063925139514733505,0.07330370858672022,-0.005287278476613316,0.07282710155157121,0.0,0.0
1692309380.9843688,0.005921307459862289,0.0732755837432593,-0.003336337010870035,0.07252615990761543,0.0,0.0
1692309381.0916781,0.003949947410234778,0.07258520092888701,0.00033293875321957706,0.07101638852334581,0.0,0.0
1692309381.1792774,0.0027875840148200706,0.07181802861598621,0.0035290164074073586,0.07030632179585503,0.0,0.0
1692309381.341304,0.002346038841925132,0.07105700651610515,0.006482800433429231,0.07017593837018382,0.0,0.0
1692309381.4184785,0.005059760957671093,0.07071217126456458,0.009545959087623332,0.0725635922273933,0.0,0.0
1692309381.532455,0.006321472423165171,0.07058103722098898,0.01210986546161454,0.07327927701076119,0.0,0.0
1692309381.6046014,0.006547107080348974,0.070528918075596,0.01394665550428766,0.07298909467551545,0.0,0.0
1692309381.6778708,0.008377859740827389,0.07085702660584331,0.015041750271077563,0.07408087015890828,0.0,0.0
1692309381.802067,0.00939313418765511,0.07137679801050573,0.015280569159261221,0.07437227371477463,0.0,0.0
1692309381.8847136,0.010118697479850038,0.07199699874931229,0.014673459133431871,0.0744703829431167,0.0,0.0
1692309381.9801679,0.008759056373360389,0.0723581164997493,0.012798832987308693,0.07292564230094556,0.0,0.0
1692309382.1392179,0.008752210189118956,0.07265171846554475,0.011019756080807332,0.07283443295263824,0.0,0.0
1692309382.2875988,0.009035326930259517,0.07294248944539479,0.008921633109165,0.07305358088687541,0.0,0.0
1692309382.447738,0.00878043467591529,0.07309355131757661,0.0063023710278404055,0.07283898235639069,0.0,0.0
1692309382.5275106,0.007604378239966145,0.07300936895312514,0.0038706492035586694,0.07191712087751462,0.0,0.0
1692309382.5878913,0.005786980432813517,0.07265249596509218,0.0016911365211991537,0.07059646265744386,0.0,0.0
1692309382.6779315,0.006540078580088319,0.07253391999361725,-0.00016464094570066033,0.0715757145621427,0.0,0.0
1692309382.785148,0.005205460019355052,0.07227598377253251,-0.0014242077748512047,0.07062569980267544,0.0,0.0
1692309382.8768241,0.0036892831400018363,0.0718584908653796,-0.0024549589802749217,0.06963491628500941,0.0,0.0
1692309382.9506104,0.002877491836679661,0.07147043250892784,-0.0029650831880135356,0.06932109944837277,0.0,0.0
1692309383.0757089,0.0018015488058538338,0.0710322999748257,-0.003328989837063673,0.06876856781623715,0.0,0.0
1692309383.1714654,-0.0012772323826266848,0.0702157392905094,-0.0018663490879040749,0.06655675994076282,0.0,0.0
1692309383.2802544,-0.00251605217112054,0.06934233532917408,8.711539658089055e-05,0.0661025964371304,0.0,0.0
1692309383.3771157,-0.0035782769046428207,0.06835582222192159,0.002572636204785615,0.06571437065497333,0.0,0.0
1692309383.4653244,-0.0039440879548450734,0.06751315195373192,0.004748437855721519,0.06579549199867016,0.0,0.0
1692309383.5483487,-0.004517903650245953,0.06665809040179621,0.006915805929381111,0.06554003855506879,0.0,0.0
1692309383.6707118,-0.004514024207168432,0.06593874759994207,0.00881758546203978,0.06565886312513142,0.0,0.0
1692309383.7962487,-0.003896350844766404,0.06545452327966791,0.010352384466009645,0.06614533158426,0.0,0.0
1692309383.920357,-0.002528074755058334,0.0654166874505033,0.010964148079571287,0.06709596403095734,0.0,0.0
1692309384.0474298,-0.0008547766156595889,0.06571708688613526,0.010869623326025415,0.06814323513886461,0.0,0.0
1692309384.2064152,1.7116502172493872e-05,0.06612715195693462,0.010007688865292293,0.06840857152002427,0.0,0.0
1692309384.3619072,-0.0007773833525742843,0.06630394135367043,0.008587794901458607,0.0673192403083352,0.0,0.0
1692309384.4841208,-0.00043765499161099947,0.06647514350075023,0.007218624072694632,0.06739587685789042,0.0,0.0
1692309384.6239743,-0.0013003166442546415,0.06644515067968479,0.006047737107546557,0.06649091744736871,0.0,0.0
1692309384.7563922,-0.0025234102388361056,0.0662120657997597,0.005182320844496273,0.06543370335164851,0.0,0.0
1692309384.8699117,-0.0017302681109620998,0.06614118753565659,0.005057781043432621,0.06619661193512581,0.0,0.0
1692309385.022931,-0.002011184852835176,0.06600002216809635,0.00530685670480667,0.06592519045402105,0.0,0.0
1692309385.1243703,-0.002412654788835469,0.06564715049566314,0.00660589950084332,0.06557526237783667,0.0,0.0
1692309385.2478518,-0.0030586920290289797,0.06506099669795648,0.008427751685943377,0.06501745582273524,0.0,0.0
1692309385.3513057,-0.004129664007115699,0.06422610674734777,0.010449037711610373,0.06409334308107789,0.0,0.0
1692309385.4571888,-0.004715957088449729,0.06340321509858259,0.01219296624872308,0.06357860700875069,0.0,0.0
1692309385.559226,-0.0045056624517088445,0.06267740624427431,0.0138168422509396,0.06366855269738456,0.0,0.0
1692309385.6459818,-0.004685844878043724,0.06201471439506047,0.01513123390180255,0.06328973401021654,0.0,0.0
1692309385.7402573,-0.0038581029566160724,0.06155445732247777,0.016235361083486645,0.06370034287183761,0.0,0.0
1692309385.8007452,-0.004843889123909443,0.0610109342153278,0.016909450860398415,0.06245029761195646,0.0,0.0
1692309385.9235399,-0.004880053075599545,0.06056172259928843,0.017279533645295553,0.06210895435806555,0.0,0.0
1692309386.0074701,-0.0046797041445837155,0.06021413780218796,0.017431964220702388,0.06194666077746672,0.0,0.0
1692309386.1338797,-0.004839698427058742,0.059851461232031486,0.01750333014140255,0.061453852037763795,0.0,0.0
1692309386.2504992,-0.005544658933288844,0.059502851471989825,0.01709666018747016,0.060528660092514494,0.0,0.0
1692309386.3961315,-0.005975620003060654,0.059211101607287896,0.016281312253308627,0.05992962018444384,0.0,0.0
1692309386.529874,-0.007078654653469879,0.05888950665903239,0.014797441793503846,0.05882263178856135,0.0,0.0
1692309386.6466222,-0.008476319094158906,0.05842963138317238,0.013107943642167443,0.05760201377395364,0.0,0.0
1692309386.7507486,-0.010303643741257118,0.05778120981320367,0.011331991254153581,0.056148467238258365,0.0,0.0
1692309386.8225284,-0.010786333102048165,0.057203043011899435,0.009620697055260183,0.055947912655298214,0.0,0.0
1692309386.8905408,-0.011349597890557683,0.056652632885148387,0.008133740961238053,0.055614378661819446,0.0,0.0
1692309386.9944184,-0.012111054627541844,0.05608572684230884,0.006862979527836747,0.05507722569445371,0.0,0.0
1692309387.0879,-0.012778623388701,0.055508453249987474,0.005277516295519323,0.0546115055971103,0.0,0.0
1692309387.1879377,-0.013294032109579024,0.05495741326331946,0.004017088214146801,0.054252241218095285,0.0,0.0
1692309387.2726896,-0.014052389611465104,0.054380488627906655,0.0029821559013539713,0.053656754548194366,0.0,0.0
1692309387.3611395,-0.01585279047263704,0.05361376835334692,0.0022187117859494778,0.05219262908037573,0.0,0.0
1692309387.4410756,-0.016291155528906334,0.05293237627003435,0.0018157074565546645,0.05197763138234508,0.0,0.0
1692309387.5502644,-0.018481278058695653,0.052002818295829915,0.00197507253336914,0.05021927839725501,0.0,0.0
1692309387.6062665,-0.01897509139284333,0.05115136918480272,0.0024688172300694738,0.05000913304607041,0.0,0.0
1692309387.7507267,-0.020452242922507354,0.05014311632463567,0.0033738053442345394,0.04886614961160512,0.0,0.0
1692309387.8627496,-0.020007016787849326,0.04928831011863158,0.004643321122489635,0.049344045244228175,0.0,0.0
1692309387.9852326,-0.01973132989995224,0.04857693855371132,0.005802266439258127,0.04945425129820409,0.0,0.0
1692309388.1236203,-0.01944922697632841,0.04793156418973246,0.006974474453412746,0.04943179984766636,0.0,0.0
1692309388.2422187,-0.018435556978257342,0.047486784875335836,0.008012782991284812,0.04991655064221229,0.0,0.0
1692309388.3578725,-0.01605406395261197,0.04743106234171507,0.008890115707931913,0.05139188675193578,0.0,0.0
1692309388.4803386,-0.012441849593132404,0.04787401453516309,0.009602621003460876,0.05364900178402307,0.0,0.0
1692309388.6196682,-0.009671281853679601,0.04851978002489017,0.010249369037128935,0.054917536624122965,0.0,0.0
1692309388.762797,-0.008282660485791049,0.04920373318475193,0.010334902128942827,0.05494697468131125,0.0,0.0
1692309388.8881793,-0.006580047336952143,0.04996424586742166,0.009977237144526654,0.05536548545880192,0.0,0.0
1692309388.98213,-0.005051190870425797,0.05074597075317651,0.009284808125236696,0.055713129273713524,0.0,0.0
1692309389.0508225,-0.004040640463313416,0.05142727091411648,0.008668235069416368,0.05571622830572513,0.0,0.0
1692309389.116364,-0.00434769991144127,0.05185325715441922,0.00780844764807094,0.05474487991832964,0.0,0.0
1692309389.2135427,-0.0036390447249803324,0.05225091511198285,0.007001743280481736,0.054861991890235454,0.0,0.0
1692309389.352279,-0.0026229836841721735,0.052690578181632405,0.006019073793629572,0.05528845122873897,0.0,0.0
1692309389.4838514,-0.0008048995764638994,0.05328860032537723,0.005051611063265992,0.05639273740532893,0.0,0.0
1692309389.6472232,0.00018761526896567517,0.053867916848033916,0.004134807159221538,0.05673111104967954,0.0,0.0
1692309389.7552228,0.0016540122324153726,0.05451793221959891,0.0034212928565682966,0.05751228684510555,0.0,0.0
1692309389.8429997,0.002025399477412882,0.0550438370371893,0.0029155714931823297,0.0573645922152823,0.0,0.0
1692309389.9826446,0.0029990296696329596,0.05558307823015129,0.002640833125689213,0.05783681874025538,0.0,0.0
1692309390.0684655,0.004530893977288972,0.05620706184335372,0.002906662113677557,0.058790686386173005,0.0,0.0
1692309390.1451228,0.004516130764137088,0.05662810356259572,0.0034974095437183537,0.05840333638367185,0.0,0.0
1692309390.217468,0.005232913821584967,0.057047097446274155,0.0040798581514028785,0.058763216073450794,0.0,0.0
1692309390.2827165,0.006817564950765793,0.05760384065869569,0.004699661299323636,0.05985885189957242,0.0,0.0
1692309390.3653593,0.006271172849806885,0.057840898772435596,0.0057422424097329176,0.05908846477928749,0.0,0.0
1692309390.4950182,0.007672229764651825,0.058216766049846665,0.006772680989649397,0.060110156095656155,0.0,0.0
1692309390.5804555,0.009141035303892505,0.058689282157416305,0.007842061071148912,0.06108082665086036,0.0,0.0
1692309390.6502185,0.011308306235282176,0.05936716477085823,0.008838273589820013,0.06255337362799158,0.0,0.0
1692309390.7254157,0.012778289741381682,0.06009996162029452,0.009667840072952802,0.06331607092793128,0.0,0.0
1692309390.80959,0.014562293653983033,0.06093099347024955,0.010359930434903977,0.06434148380430274,0.0,0.0
1692309390.9122972,0.015171014321971023,0.0616503787582878,0.01089622155291447,0.06435966578553229,0.0,0.0
1692309390.9922795,0.013948471055687148,0.06203615693696901,0.011067646974144033,0.06296991185726747,0.0,0.0
1692309391.116446,0.014412024540088915,0.06243380615439771,0.011148107128724865,0.06328265301000592,0.0,0.0
1692309391.221244,0.01529240337578277,0.06295348122170502,0.010895369666891273,0.06395610261331232,0.0,0.0
1692309391.3778014,0.016651275313085467,0.063635535289592,0.010395509979245366,0.06500408311253543,0.0,0.0
1692309391.540421,0.01614642074887529,0.06413107824046814,0.009637821715609092,0.0644380565514985,0.0,0.0
1692309391.6702578,0.01656770116347935,0.06463957746348627,0.00873105696049752,0.06482250292488954,0.0,0.0
1692309391.8163588,0.01720450996258296,0.06519256606296288,0.007650126169539919,0.06540773000173597,0.0,0.0
1692309391.9406826,0.017544173825018126,0.06572192266533518,0.006563370689265376,0.06574028811218982,0.0,0.0
1692309392.0176163,0.017307039706592562,0.0661387788550208,0.005563383810065201,0.0656244383957254,0.0,0.0
1692309392.1100502,0.016041681838639105,0.06630566390277046,0.004778915761924862,0.06473742280289543,0.0,0.0
1692309392.2507887,0.01646446042110748,0.0665688096660179,0.004246981755834253,0.06543042319642102,0.0,0.0
1692309392.4119558,0.016530762357964617,0.06683779719992805,0.003976772903469552,0.06575056600050247,0.0,0.0
1692309392.5953753,0.016866805218518455,0.06711236667735185,0.0044410298653269715,0.06628442462293005,0.0,0.0
1692309392.7699575,0.017506786741162635,0.06739826254446173,0.00548747029881881,0.06702618652890431,0.0,0.0
1692309392.927295,0.01836720929885676,0.06760561852691863,0.007350466267665509,0.06787375043048786,0.0,0.0
1692309393.0520546,0.01917182604881309,0.06769517698377434,0.009706262835357735,0.06856456716789214,0.0,0.0
1692309393.1440704,0.020176705549388142,0.06783633863404939,0.011951048556599828,0.06931731481753226,0.0,0.0
1692309393.2277029,0.0213025997296483,0.0680460461123332,0.014023432858326162,0.0700654461196343,0.0,0.0
1692309393.3364813,0.020807003993832153,0.068086913369786,0.015741333589501517,0.06936768540969969,0.0,0.0
1692309393.4388032,0.02195066559071615,0.06825757530130275,0.017267011934055075,0.07015740777325373,0.0,0.0
1692309393.595466,0.020850312761690443,0.06822531749362588,0.018352967010120923,0.06896797966719712,0.0,0.0
1692309393.662617,0.02119743438522858,0.06840120615512701,0.01877391680114607,0.06917523761057297,0.0,0.0
1692309393.789806,0.021486586697635847,0.0685790268045561,0.01913400029214567,0.06932764625265775,0.0,0.0
1692309393.8810213,0.02112490191857441,0.06876320424408744,0.019036349077959668,0.0689397963620097,0.0,0.0
1692309394.016402,0.020577827074566044,0.06892816714111653,0.018541149880870453,0.06849183245974097,0.0,0.0
1692309394.125269,0.020389312476613724,0.069120852683397,0.017813518541365182,0.06844454657117503,0.0,0.0
1692309394.2530458,0.01972218787543775,0.06924215712500603,0.016962441199746138,0.06803718881653133,0.0,0.0
1692309394.403429,0.01916647308265816,0.06929209850781703,0.01624418892841981,0.06780949580618796,0.0,0.0
1692309394.5178337,0.019178112658100675,0.06944931612451509,0.01524132876956157,0.06809923274464855,0.0,0.0
1692309394.6239727,0.018955359746910094,0.06961255848014439,0.014217695420202306,0.06817050444005561,0.0,0.0
1692309394.7241044,0.019352488783222172,0.06984750055256533,0.013461257745918664,0.06877428216404216,0.0,0.0
1692309394.806219,0.017703917827150587,0.06975441576851393,0.013160812157726076,0.06760909317778922,0.0,0.0
1692309394.8936627,0.016810009245855583,0.06957942760049747,0.012989331567359846,0.06724832013123037,0.0,0.0
1692309394.9903126,0.014746197492586394,0.06910732138089185,0.013111469852249823,0.06593604453376664,0.0,0.0
1692309395.1092997,0.012806448063808975,0.06840591351367437,0.013543406730578422,0.06485761386257358,0.0,0.0
1692309395.2072139,0.010967961513201755,0.06753971032620547,0.014180606321616194,0.0639138213046974,0.0,0.0
1692309395.3496253,0.010049817378562776,0.06670517723174176,0.014915648959410456,0.0637371287287673,0.0,0.0
1692309395.491495,0.010442838122798177,0.06610385998713429,0.015709850346210523,0.06453301932643449,0.0,0.0
1692309395.6481981,0.009269233068873773,0.06548614794307285,0.01622316127310867,0.06378019625737003,0.0,0.0
1692309395.791156,0.0097775263676576,0.06510342876696142,0.01664326785802294,0.06444752538679407,0.0,0.0
1692309395.9583957,0.00995712857617172,0.06488175436248474,0.016800804318241522,0.06466284694923471,0.0,0.0
1692309396.0868797,0.010074973446475871,0.06480539343149838,0.016585514778072928,0.06475433905985573,0.0,0.0
1692309396.187869,0.009875669310179387,0.06478203043659655,0.016051989103696616,0.06455605165387887,0.0,0.0
1692309396.3017416,0.008184548226420986,0.06453761364117114,0.015308866344362803,0.06314495876462936,0.0,0.0
1692309396.439676,0.006786344615865401,0.06420333084983554,0.014267665407644443,0.062172879636791724,0.0,0.0
1692309396.5289366,0.006848060889074944,0.06400953732502757,0.013225247461600507,0.06252447832521912,0.0,0.0
1692309396.6561506,0.005190936951008569,0.06365039305381075,0.01198305419112831,0.06135043056098462,0.0,0.0
1692309396.7290192,0.006147553929477823,0.0635813401904834,0.010774838869629596,0.062492783048953705,0.0,0.0
1692309396.8128836,0.0054878841871909235,0.06344332388283888,0.009711089061405817,0.0620861298911428,0.0,0.0
1692309396.8936026,0.005889631996082307,0.0634262071162222,0.008829075573616228,0.06261207966676957,0.0,0.0
1692309396.9844632,0.006432768259777814,0.06351790762986098,0.008106741596620535,0.0631687269437417,0.0,0.0
1692309397.0775352,0.005550781411425703,0.06345370078776875,0.007508106366290684,0.06246256478998239,0.0,0.0
1692309397.203967,0.005145244466707282,0.06335580526060658,0.0070210669740632,0.0622631742195394,0.0,0.0
1692309397.328854,0.005852081274760628,0.0634018293490756,0.006804528851526558,0.06301055924290846,0.0,0.0
1692309397.406374,0.005836610094524568,0.06342607560425649,0.0068141991572537594,0.06304098773172637,0.0,0.0
1692309397.5097163,0.005486775546226808,0.06339431418112629,0.006837102530990186,0.06279379480599838,0.0,0.0
1692309397.6072972,0.005181743436816647,0.06329122691890707,0.007174318327784802,0.06262139763717028,0.0,0.0
1692309397.719743,0.004639085363351945,0.0631010869964349,0.007652609965860292,0.06226223419479296,0.0,0.0
1692309397.8136332,0.003836132868066197,0.06283304917269583,0.008028064824539046,0.06171256704542237,0.0,0.0
1692309397.956726,0.0036548615635666123,0.06258121938195624,0.008496646029517135,0.06172648857945037,0.0,0.0
1692309398.041917,0.004021966894575972,0.06244047841075419,0.008956567219622038,0.06215190231958376,0.0,0.0
1692309398.1385977,0.004601577061088944,0.06241277281354056,0.009402339386722691,0.06266024531187836,0.0,0.0
1692309398.2417998,0.005311456621069438,0.06249307866063991,0.009798633557981067,0.06318976282019392,0.0,0.0
1692309398.319681,0.005565169444322779,0.06258364195227328,0.010106687607672225,0.06326689426527032,0.0,0.0
1692309398.3938158,0.006166333953937186,0.06273593278869105,0.010372933153350705,0.06363974064457298,0.0,0.0
1692309398.556031,0.005414341378449648,0.06274315737967552,0.010405103928392563,0.0628499136241174,0.0,0.0
1692309398.6711507,0.006292490614199188,0.06290732545096436,0.010330348265087688,0.06355558101662383,0.0,0.0
1692309398.7543933,0.0092391363899674,0.06355678336339411,0.009960621172867171,0.0659017301328453,0.0,0.0
1692309398.9159281,0.011312230987093056,0.06437651094944778,0.009650731454944073,0.06724656667371258,0.0,0.0
1692309399.0988708,0.012012187987294042,0.06513887647275894,0.008981406090852889,0.0673702887101044,0.0,0.0
1692309399.2242486,0.011872243391725795,0.06570850595642413,0.00821673143598599,0.06691022215586613,0.0,0.0
1692309399.3219123,0.010153128019374482,0.06588082871541447,0.0074320800701587275,0.0653100767510513,0.0,0.0
1692309399.4663475,0.009795975214727158,0.06598853606646042,0.0067562182557651266,0.06514244981005936,0.0,0.0
1692309399.5879557,0.00972170742625521,0.06610054021271192,0.006077429735531356,0.06525528338982266,0.0,0.0
1692309399.686781,0.008182944718651773,0.06596852242987669,0.00553426725416981,0.06414364058812526,0.0,0.0
1692309399.7827737,0.008236038155180205,0.06591798911837667,0.005180741775902405,0.0645193837309817,0.0,0.0
1692309399.8954835,0.006539140917562381,0.06562973684490912,0.005044250780629195,0.06335918710116817,0.0,0.0
1692309399.9793394,0.005061091169178793,0.0651930668236923,0.0051669452427448095,0.06252021447301787,0.0,0.0
1692309400.0637608,0.004648208610781734,0.06483183918507891,0.005325643163408465,0.06262894688405535,0.0,0.0
1692309400.1558022,0.004571945826463053,0.06456852344836936,0.005571498369374596,0.0629335286761181,0.0,0.0
1692309400.2442722,0.004133483440745554,0.064269726840651,0.006185011089926836,0.06283639972063502,0.0,0.0
1692309400.3470688,0.004616583730875705,0.0641302356393324,0.006762267557877546,0.06347051289725004,0.0,0.0
1692309400.4495423,0.004958004956968322,0.06408106533949544,0.007286762820151269,0.06385566674068542,0.0,0.0
1692309400.595129,0.006180085489790087,0.06423445590957212,0.007811446765862717,0.06490382848713384,0.0,0.0
1692309400.6629183,0.006867483579582479,0.0644584742907177,0.008237673577800753,0.06535965693616484,0.0,0.0
1692309400.731886,0.007440086188379541,0.06471296455065856,0.008603448827023796,0.0656852963577423,0.0,0.0
1692309400.8261926,0.008401668821051348,0.06505911142725881,0.008901243224027192,0.0663283008021007,0.0,0.0
1692309400.9723098,0.009075985366511923,0.06545095487098171,0.00897365948514181,0.0666873972668753,0.0,0.0
1692309401.1275947,0.010845788169485965,0.06607744716736726,0.008714581036561331,0.06797243761017681,0.0,0.0
1692309401.2768853,0.01204827305004216,0.06678101689586584,0.008144677104825025,0.06868287829748085,0.0,0.0
1692309401.4192348,0.01280765208521235,0.06746454175916908,0.007342848853959176,0.06903164484663411,0.0,0.0
1692309401.5502567,0.012865652085420117,0.06801485941983458,0.006454013113785919,0.06885884981438838,0.0,0.0
1692309401.6883824,0.01224811620500864,0.0683571236470721,0.005661021433625206,0.06824788432815612,0.0,0.0
1692309401.8227677,0.01032806959919017,0.06833796086159376,0.0049662514139563775,0.06670966522397316,0.0,0.0
1692309401.9743075,0.010032405976504238,0.06832482461368632,0.00442666167026272,0.06677649061287041,0.0,0.0
1692309402.0903492,0.009669181926366332,0.06830231189843437,0.004022478449554905,0.06676915216192308,0.0,0.0
1692309402.1608691,0.009353840199523228,0.06826208242508806,0.004071754440318327,0.06679514720116518,0.0,0.0
1692309402.2440372,0.009091160541062923,0.06823115588475978,0.004112965298014181,0.0668500569711839,0.0,0.0
1692309402.3804276,0.00804385482366686,0.06805118462689676,0.004460623782978696,0.06623202593469604,0.0,0.0
1692309402.4702625,0.008200254209077083,0.06792781040584363,0.0052253274795405445,0.06668665655017839,0.0,0.0
1692309402.6408298,0.008330534897123798,0.06788325972465625,0.005870144291010848,0.06701886713346247,0.0,0.0
1692309402.7602634,0.009368896346279982,0.06793812835629463,0.007069579513259356,0.0680440466732435,0.0,0.0
1692309402.9071193,0.010593795176819782,0.06811150882508216,0.008443058869228358,0.06906247989426775,0.0,0.0
1692309402.976557,0.010605953674822095,0.06803414099035904,0.010359396584194342,0.06892871347618303,0.0,0.0
1692309403.0656738,0.01049218739563526,0.0679145520316446,0.01199512856247105,0.06869643704926315,0.0,0.0
1692309403.224702,0.011717571765934232,0.06797522016623514,0.013453955862198833,0.06959796188411031,0.0,0.0
1692309403.3306108,0.013022561264062635,0.06808236919617312,0.015053427694184378,0.07042565672124088,0.0,0.0
1692309403.413792,0.014894388115261902,0.06840109402724384,0.01646958818396771,0.07160721633987657,0.0,0.0
1692309403.49433,0.014998200213839142,0.06864139289735208,0.0175024799571297,0.07117272161377133,0.0,0.0
1692309403.6568303,0.016505556627083705,0.06902235868810579,0.018389306840574462,0.07202546545233253,0.0,0.0
1692309403.8373594,0.017457736014638348,0.06946437807335876,0.018986246867031598,0.07234052835624998,0.0,0.0
1692309403.9614596,0.020041465270657012,0.0702490738245875,0.019305082321870698,0.07404436766195811,0.0,0.0
1692309404.0874047,0.02048755868026652,0.07104189111377104,0.01891578110847937,0.07382021423394454,0.0,0.0
1692309404.154112,0.020602945035760628,0.07165761799287043,0.01855916237849999,0.07349927730966554,0.0,0.0
1692309404.3063428,0.02093368764756079,0.07216961245297349,0.018319336235176703,0.07352019881045202,0.0,0.0
1692309404.4287252,0.021529124937054687,0.07263155494893565,0.018272839405451408,0.07384746900621854,0.0,0.0
1692309404.5798209,0.020698355526672964,0.07284423644940703,0.018260784252125534,0.07300849852333036,0.0,0.0
1692309404.7396414,0.02064605517779783,0.0730078368294896,0.018289208040136774,0.0729929494068444,0.0,0.0
1692309404.8717246,0.020985132530803766,0.07315256476543154,0.01853969615211219,0.07333129541958648,0.0,0.0
1692309404.9593823,0.020710537943472482,0.07320474937253656,0.01884023632439205,0.07312203507751154,0.0,0.0
1692309405.063439,0.020778840372723283,0.07327287255291723,0.01908089545554821,0.07323863911797529,0.0,0.0
1692309405.1843421,0.019514887043573476,0.07318573780394967,0.019045679443729063,0.072231275131176,0.0,0.0
1692309405.3534482,0.019679906095220873,0.07318361902009675,0.01898278521830953,0.07256509420881196,0.0,0.0
1692309405.4940894,0.020017183152655223,0.07336563678983168,0.018491126343398962,0.07298294842440534,0.0,0.0
1692309405.600065,0.020466386950601004,0.0736999734783779,0.017616903544994914,0.07345462305570685,0.0,0.0
1692309405.7383156,0.02125312819295475,0.07419744921811586,0.016404902521223372,0.07418752138904855,0.0,0.0
1692309405.8894982,0.02019843344089539,0.07449915531632012,0.014926015559596533,0.07334831335123808,0.0,0.0
1692309406.0144393,0.0204456803819484,0.07486842495371633,0.01321955439184976,0.07378781736646042,0.0,0.0
1692309406.14867,0.02026014120602198,0.07519931321285253,0.011453709466315928,0.07385629641472505,0.0,0.0
1692309406.2460816,0.02057606590944783,0.07557022720862981,0.010026628347184152,0.07438855169508281,0.0,0.0
1692309406.3356414,0.02044542583319818,0.07589810451045692,0.008844423583616338,0.07452275821884508,0.0,0.0
1692309406.4031641,0.01883583447098249,0.07595176155721733,0.007877734478602743,0.0734552638720362,0.0,0.0
1692309406.4998274,0.017970625795745064,0.07591658592714062,0.007351230724325595,0.07319277426326694,0.0,0.0
1692309406.6597426,0.018367145891796135,0.0760289537878042,0.007007127828266987,0.07401689772778007,0.0,0.0
1692309406.748404,0.01894745088119334,0.07624667823550985,0.007124027019080643,0.07487367967202307,0.0,0.0
1692309406.8819478,0.019641133465740007,0.07655048776059784,0.007552009917124762,0.0757184239129636,0.0,0.0
1692309407.0449812,0.018152858162336125,0.07650258280078008,0.008473303577407727,0.07465234798671283,0.0,0.0
1692309407.2081156,0.01832732648939303,0.07645899238544188,0.009719573892973506,0.07514012960150852,0.0,0.0
1692309407.3300397,0.01756526110994956,0.0762185835135281,0.011269301774884711,0.0747531273476325,0.0,0.0
1692309407.4084866,0.017029339065253703,0.07586602718836581,0.012955990547820474,0.07457251381959322,0.0,0.0
1692309407.5625372,0.014999110883420735,0.07524835693116841,0.014415024653664147,0.07310733750933698,0.0,0.0
1692309407.6810064,0.015206751343454922,0.07482233386987852,0.015663414259223327,0.07364059518370653,0.0,0.0
1692309407.7833939,0.014969204981230104,0.07447655502834648,0.016648567557600184,0.07363457462883162,0.0,0.0
1692309407.8728433,0.014794927996217717,0.0741980137054305,0.017412421885000313,0.07361937183370455,0.0,0.0
1692309407.9784353,0.014551429541620559,0.07402514612473275,0.017737971783570016,0.07349876916117683,0.0,0.0
1692309408.0711384,0.012551776605879084,0.07367697851783553,0.017513296559178073,0.07190155383418328,0.0,0.0
1692309408.1904283,0.011187552613253195,0.07323521192749313,0.017188193356907345,0.07103923925276848,0.0,0.0
1692309408.2969058,0.010040031758662733,0.07282986946111848,0.016429923806122383,0.07042269415103784,0.0,0.0
1692309408.408238,0.009328527129227285,0.07250454487712288,0.015376058158157329,0.0702012334807103,0.0,0.0
1692309408.5420055,0.00715529077634072,0.07198455907376268,0.014087947761532374,0.06873938388531903,0.0,0.0
1692309408.656474,0.004953207902339079,0.07131041019438349,0.012607581762640756,0.06740523995954292,0.0,0.0
1692309408.7346456,0.003784273237721134,0.07066141185027734,0.01132524362650078,0.06703647057331034,0.0,0.0
1692309408.8612595,0.002843784217162054,0.07006391453372222,0.01017923038934875,0.06680530402860496,0.0,0.0
1692309409.048377,0.0014232386326893053,0.0694164552336795,0.009182555862790024,0.06610725714952548,0.0,0.0
1692309409.1744487,0.00013875100614205225,0.06874292295871264,0.008421852157158849,0.06552606214774215,0.0,0.0
1692309409.2864215,-0.0007405512758757566,0.06810857256813592,0.00788236050894753,0.06526265698639432,0.0,0.0
1692309409.381651,-0.0021572426239636145,0.06740938778022235,0.007490383123010913,0.06448463080120365,0.0,0.0
1692309409.4704678,-0.00439755802069553,0.06653130347001696,0.007106322970317166,0.06302740434395113,0.0,0.0
1692309409.5592263,-0.006436647421721625,0.06555003016473326,0.0067568168903645075,0.06182775407533715,0.0,0.0
1692309409.649812,-0.00854441487777696,0.06448002487486382,0.006387880699189497,0.060599055496732696,0.0,0.0
1692309409.7802188,-0.010661684050759315,0.06333190120874843,0.006073258211526306,0.05938008896134485,0.0,0.0
1692309409.9305313,-0.012667972089461084,0.062147749429090834,0.005659956135500114,0.058256365633235205,0.0,0.0
1692309410.0842738,-0.014198726207899741,0.0610102290801887,0.005085966572015259,0.057510688788527484,0.0,0.0
1692309410.2354891,-0.016317342450530483,0.059798321544483966,0.004277194379500534,0.05620144844006417,0.0,0.0
1692309410.3824065,-0.018630096322705264,0.05848222033179851,0.0032853753086872226,0.0547385807962734,0.0,0.0
1692309410.5179412,-0.0208735899099632,0.057087254539658995,0.0022372350378989042,0.053349316191027236,0.0,0.0
1692309410.7036893,-0.023137723939378536,0.055619604027141015,0.0012001981467502734,0.051932682315871566,0.0,0.0
1692309410.853675,-0.025049347660292494,0.05413937077835242,0.00014539146637727591,0.050792396772797524,0.0,0.0
1692309410.9746342,-0.026611316339548788,0.05271544402046556,-0.0007150738902498491,0.04987856159358783,0.0,0.0
1692309411.0751162,-0.02914007984541119,0.05117741266429221,-0.0012729982452081624,0.04806534146276206,0.0,0.0
1692309411.1548057,-0.030020721200743807,0.04982089650123008,-0.0015710675692358629,0.047666120926219455,0.0,0.0
1692309411.2758694,-0.03181779457136703,0.04843536668055674,-0.0016151903303395366,0.04633751755690684,0.0,0.0
1692309411.4217556,-0.03358694738381966,0.047018183047387224,-0.0016087236426254891,0.045018372250871075,0.0,0.0
1692309411.500648,-0.03538098080833359,0.04556569812528655,-0.0010875482724811824,0.0436576366175876,0.0,0.0
1692309411.57374,-0.03603808114994014,0.04426574430085005,-0.0006188959798552956,0.04322633009178348,0.0,0.0
1692309411.6562421,-0.036169155294853164,0.04315345831508168,-0.00016997742500041407,0.0430876095137136,0.0,0.0
1692309411.77746,-0.03601632332563239,0.04221465620027452,0.00029451197067757067,0.043025075525895615,0.0,0.0
1692309411.883234,-0.036146855114853396,0.04134705484458008,0.0007884184507233503,0.042584032570448856,0.0,0.0
1692309411.991979,-0.03591149691596083,0.04059433425272647,0.0012234993159395756,0.04238245444800232,0.0,0.0
1692309412.0849197,-0.03563536214611934,0.0399251475990717,0.0016539787004972114,0.04212946622985337,0.0,0.0
1692309412.2802298,-0.0348352813000081,0.03940950656034705,0.002001763946369176,0.04225178689737972,0.0,0.0
1692309412.3870075,-0.03444420880003326,0.038936712799103906,0.002291156755601955,0.041935197348355144,0.0,0.0
1692309412.5621288,-0.03464130488109854,0.03840531604217804,0.0024730914965964343,0.041110352701930725,0.0,0.0
1692309412.7380805,-0.033615633237355474,0.03803502167040803,0.0025772707451039924,0.041362602827327864,0.0,0.0
1692309412.8417864,-0.03239769553962675,0.037814255575532564,0.0026169813603398296,0.04168049071826252,0.0,0.0
1692309412.9377346,-0.03219265125832027,0.03753800534633855,0.0025926492413553314,0.04107330900041621,0.0,0.0
1692309413.0649357,-0.03121837528557304,0.03735270134802283,0.0025124737976681814,0.04117236116709046,0.0,0.0
1692309413.1415434,-0.030461094791426405,0.03719969279256376,0.0024000755874569973,0.041052047308841884,0.0,0.0
1692309413.2278094,-0.02991894435339941,0.03703871146512235,0.0022535809205422126,0.04075556058453076,0.0,0.0
1692309413.3388155,-0.03028423365004576,0.0367258683494302,0.002093567906689234,0.03973188660846088,0.0,0.0
1692309413.4736724,-0.029740810740664855,0.036457451349484214,0.0018878003742637895,0.03959026595911768,0.0,0.0
1692309413.5431511,-0.029495680160562723,0.03617219210253663,0.0017088618585594194,0.03918325103331875,0.0,0.0
1692309413.673959,-0.029017957996113796,0.03591657198448575,0.0013881808480437597,0.03899487134143109,0.0,0.0
1692309413.8237498,-0.029360691209203663,0.035546445275664855,0.0010191834290410062,0.03811435648793402,0.0,0.0
1692309413.9799476,-0.028865214448263146,0.03523214495172933,0.0006252913761541567,0.038020826329671645,0.0,0.0
1692309414.1131861,-0.029159071197276096,0.034827177056587846,0.00020967487431874856,0.03723392646564086,0.0,0.0
1692309414.2399287,-0.028497851353948427,0.03451747170052924,-0.00016259332055516354,0.037309117200019004,0.0,0.0
1692309414.4698958,-0.027108564106095998,0.03439598299744144,-0.0005091415135731142,0.03793029455897507,0.0,0.0
1692309414.6398244,-0.026785110791046233,0.03423567492484947,-0.0008315519548494302,0.03754271375979661,0.0,0.0
1692309414.8132305,-0.024278109035884433,0.03440499268356407,-0.0011970505174666165,0.03902041673728625,0.0,0.0
1692309414.9276845,-0.02211031742130388,0.0347676541700742,-0.0014763311290816093,0.04000554332268908,0.0,0.0
1692309415.1012142,-0.019692749211215266,0.03531168814633296,-0.0017502503421499493,0.041106758500230815,0.0,0.0
1692309415.2890396,-0.017848267053614367,0.03590630408947931,-0.0019244886425473222,0.04164975560967413,0.0,0.0
1692309415.4220517,-0.017122286310940253,0.03636134236139257,-0.0020207421416058337,0.041280291343437775,0.0,0.0
1692309415.540135,-0.014589065599814826,0.037025328038038756,-0.001987630900387687,0.04256681369211988,0.0,0.0
1692309415.6677773,-0.011434967046870513,0.03794374136400566,-0.0019621114987122337,0.04427961922180135,0.0,0.0
1692309415.7820516,-0.010376049650846262,0.03871532588657153,-0.0017406462611572586,0.04412516635575743,0.0,0.0
1692309415.8965087,-0.008841094491555953,0.03946540426038412,-0.0014943349968182143,0.04453379445641258,0.0,0.0
1692309416.029522,-0.007916086148054767,0.04010745258056425,-0.0011717266352765634,0.0444996270802436,0.0,0.0
1692309416.144652,-0.007484363162523896,0.04059809055723381,-0.0008646258318778692,0.0441732294764323,0.0,0.0
1692309416.271182,-0.006640960395697756,0.041054230194696215,-0.000610823318572339,0.04433056240168154,0.0,0.0
1692309416.3883188,-0.00506720320535536,0.041611013101375514,-0.00044012907281031896,0.045150245542006515,0.0,0.0
1692309416.512106,-0.0035688221180974313,0.04223238031143676,-0.0003719203605605657,0.045867109235283116,0.0,0.0
1692309416.6294334,-0.0023114675181593602,0.042865171167761056,-0.00040045511200034354,0.046371468001058534,0.0,0.0
1692309416.7577896,-0.0020674287237385015,0.043345075109191236,-0.0004634959042904231,0.04605557709513841,0.0,0.0
1692309416.9218187,-0.0027769150813998626,0.04356221954114821,-0.0005853287575945118,0.04507781599536911,0.0,0.0
1692309417.04199,-0.002433896958944702,0.04376655303726096,-0.0007349148160915266,0.045175340288255955,0.0,0.0
1692309417.1499417,-0.0019835158389520167,0.04398343284188687,-0.0008036350976344956,0.045377341313561276,0.0,0.0
1692309417.2575016,-0.002725997649870528,0.04401362606522072,-0.000827625580254765,0.04458328841433678,0.0,0.0
1692309417.3605633,-0.002611171146943276,0.04405211148184092,-0.0007525975989987517,0.044637371073704205,0.0,0.0
1692309417.4646213,-0.00316381035722212,0.04398524885137434,-0.0006623663775255162,0.04412682421529075,0.0,0.0
1692309417.6660473,-0.003245269202200971,0.04391800624056042,-0.00040852094016843084,0.044077827098640075,0.0,0.0
1692309417.8227434,-0.003878781398397894,0.0437539396573413,-2.2918318609703046e-05,0.04355942907412838,0.0,0.0
1692309417.9602914,-0.005702783293017544,0.04331093032766202,0.0005541177111362885,0.042099678115928615,0.0,0.0
1692309418.0839581,-0.006574211183275481,0.04282161770075528,0.0011785714325490096,0.041594643311887045,0.0,0.0
1692309418.1768246,-0.007476905364949575,0.04230126906101551,0.0016943538479053193,0.04105592240072872,0.0,0.0
1692309418.3406951,-0.00907405134878689,0.04163429312406222,0.0021611594164622407,0.039930700181047496,0.0,0.0
1692309418.502283,-0.009756930623853894,0.04100799014378769,0.0025800932576544966,0.03963423711580242,0.0,0.0
1692309418.6922598,-0.011179380072332967,0.040298375052051236,0.0028219356187803293,0.03865576631938253,0.0,0.0
1692309418.8270123,-0.013461636974059768,0.03938628448228825,0.0028698049169757216,0.036994418856412255,0.0,0.0
1692309418.905064,-0.014477915280406586,0.03852933153130282,0.002773173517213861,0.03650305537007325,0.0,0.0
1692309418.9846418,-0.016500372394165484,0.037536073678407327,0.0025918102217861103,0.03510038929067382,0.0,0.0
1692309419.0636206,-0.018409845414307093,0.03645275753224036,0.0024171131713435685,0.03384907894796124,0.0,0.0
1692309419.1439602,-0.020168804104867502,0.03532312633818196,0.0022208308826440776,0.03273977768799567,0.0,0.0
1692309419.220543,-0.021083633563855404,0.03428993636918231,0.0020377704382975904,0.03232060290415109,0.0,0.0
1692309419.316949,-0.022446543113361177,0.033245583973594846,0.0018392186176292452,0.031416157577337976,0.0,0.0
1692309419.45253,-0.024415055971167686,0.032086108791367085,0.0016524791643103818,0.029974757776765722,0.0,0.0
1692309419.5509784,-0.026251255953546476,0.03085854197730304,0.0014865888952594747,0.02868187798014381,0.0,0.0
1692309419.64318,-0.029016658406981522,0.029422295165390158,0.0013086737649762555,0.026614745865559623,0.0,0.0
1692309419.7346828,-0.03185422612467456,0.027815215366699085,0.0011539117730859773,0.024580880674456327,0.0,0.0
1692309419.8120136,-0.03570571795063724,0.025909255534438604,0.0009654362732410592,0.02175815946883271,0.0,0.0
1692309419.9146235,-0.039524175793281435,0.023781858321931724,0.0008049568780559754,0.019098977201887857,0.0,0.0
1692309420.0532196,-0.04313238927999677,0.021516170337754922,0.0006573023151499597,0.01668502984391519,0.0,0.0
1692309420.1840427,-0.04672004577190754,0.019139619446415356,0.0005397415167150066,0.014293482927053762,0.0,0.0
1692309420.281874,-0.050376590794084936,0.016656502388172706,0.0004404501668225447,0.011827495444655198,0.0,0.0
1692309420.3468747,-0.0538813559076654,0.01410596451262876,0.0003641260701549779,0.00946612321065784,0.0,0.0
1692309420.4406698,-0.05680082524727793,0.011587170956436476,0.0003052711815188484,0.007543422055636355,0.0,0.0
1692309420.5716436,-0.0595442712254569,0.009104528872223716,0.00026496129589924177,0.00565206889941537,0.0,0.0
1692309420.6951623,-0.06241443359588712,0.006612289158880242,0.00023695220217338864,0.003542290364971127,0.0,0.0
1692309420.8558342,-0.0597260742643222,0.005013533266450381,0.000206005635173118,0.0059973614086632245,0.0,0.0
1692309421.0104642,-0.05770163975247024,0.003937422558342634,0.00017722191339172622,0.007224606785833797,0.0,0.0
1692309421.1258879,-0.056153858382800854,0.003155997575133371,0.00015056464891516125,0.007681101088262665,0.0,0.0
1692309421.268984,-0.054919144251226765,0.002536658634084792,0.0001276170883735214,0.0076850962664862035,0.0,0.0
1692309421.4231408,-0.050811852978243845,0.0025101314778852523,9.60541831624365e-05,0.010000383483046984,0.0,0.0
1692309421.5836918,-0.04595964694065223,0.0030387728181552123,5.4822049478960234e-05,0.012571599715473412,0.0,0.0
1692309421.7285984,-0.0403583758076175,0.004101350584789296,1.7112543561752054e-06,0.015458953978397272,0.0,0.0
1692309421.868841,-0.03573449076039037,0.005403344453329824,-5.662067426560193e-05,0.017262970737624988,0.0,0.0
1692309421.999452,-0.029507989161874557,0.0071605199859723825,-0.00012904944079704378,0.020359098540886057,0.0,0.0
1692309422.1607647,-0.0234375993773235,0.009240879332476585,-0.00020922932797480613,0.023142857125890634,0.0,0.0
1692309422.2948232,-0.017663210004366256,0.011529135945442567,-0.00029986229602144214,0.025604815122113926,0.0,0.0
1692309422.450108,-0.011392689599793386,0.014074231499878494,-0.00040397814375251314,0.028494050968038417,0.0,0.0
1692309422.6204624,-0.004617464523870793,0.01691417851040105,-0.0005073266729721353,0.03178934790855939,0.0,0.0
1692309422.7668536,0.0015283937836013009,0.019889718065764155,-0.0006354445206605289,0.034525897888859354,0.0,0.0
1692309422.8508036,0.006405014543507307,0.022784231907989602,-0.000742891416564887,0.03628334612824642,0.0,0.0
1692309422.9484468,0.012186554697402943,0.025796908797103172,-0.0008594995419667936,0.03902165920492176,0.0,0.0
1692309423.1143856,0.01772326400410967,0.028881539665483916,-0.0009688782348870157,0.0416351610726242,0.0,0.0
1692309423.24239,0.02269581504771199,0.03195252410419136,-0.001045741090199168,0.043887894377778895,0.0,0.0
1692309423.3503058,0.02635795659910388,0.03482419877828136,-0.001085923592170694,0.04521131834049369,0.0,0.0
1692309423.440414,0.030856266080208,0.03771394703290804,-0.001105931117920473,0.04751358310007599,0.0,0.0
1692309423.5457897,0.034707112008558,0.04053235229598255,-0.001086268894474924,0.04939350180165829,0.0,0.0
1692309423.6943944,0.03811647267991962,0.043247857448303416,-0.001003695821384435,0.051078474779855124,0.0,0.0
1692309423.7726262,0.03982661083984923,0.045628518409659716,-0.0008906128145047094,0.05153024789162293,0.0,0.0
1692309423.8551047,0.0412511559270706,0.0477378111741225,-0.0007971313516893571,0.052072280012355705,0.0,0.0
1692309424.0144973,0.04136344015161315,0.049449280898542766,-0.000645794230555861,0.051781719449782035,0.0,0.0
1692309424.0941305,0.040337341479637454,0.050696557813208414,-0.000454901929514521,0.05086957593034961,0.0,0.0
1692309424.252005,0.0413336880344656,0.051948160625462585,-0.00027897810307383336,0.051994210301295266,0.0,0.0
1692309424.3388653,0.04054655287757041,0.05291100773470326,-7.335815321970622e-05,0.05163958503729243,0.0,0.0
1692309424.47777,0.03926724949296227,0.053587359592117426,9.964659477709112e-05,0.051079064447418394,0.0,0.0
1692309424.6009917,0.03711788584205276,0.05391304374592105,0.00026317704319496694,0.049980359295318036,0.0,0.0
1692309424.697616,0.033800770294465675,0.053790910642973276,0.0003964595318740337,0.048122180428221965,0.0,0.0
1692309424.8386722,0.0308689063809482,0.05340323840964434,0.0004900784353432449,0.04684808126417871,0.0,0.0
1692309424.9137535,0.027325932763412185,0.05271290922730793,0.0005890171444321334,0.04518253174262463,0.0,0.0
1692309424.98429,0.023868280391064693,0.05180762447573247,0.0006354357704103303,0.04371974653952773,0.0,0.0
1692309425.062031,0.020988055964899235,0.050827883010001455,0.0006699659939564182,0.04280041984275848,0.0,0.0
1692309425.1483254,0.017342972913917235,0.049652260939980285,0.0007539378804930039,0.04120248673699983,0.0,0.0
1692309425.2767932,0.014006860168265686,0.04837256339251693,0.0008126597389966853,0.03990292440130273,0.0,0.0
1692309425.3852916,0.009827408808001228,0.04686254258361761,0.0008712817715829094,0.037873622841493836,0.0,0.0
1692309425.5006073,0.005085474724331249,0.04507886341318716,0.0008848237585452299,0.035431539684086695,0.0,0.0
1692309425.639448,0.0002105468876364659,0.04305355814746114,0.0009987516547897602,0.0329569445460305,0.0,0.0
1692309425.7391136,-0.0057102903351341945,0.040660461108158345,0.0011707655458403066,0.029651737227060042,0.0,0.0
1692309425.8418548,-0.01087895849579102,0.038111151127947315,0.0012782135590012158,0.027091693042042363,0.0,0.0
1692309425.9427934,-0.015658482034829724,0.03548779245204765,0.0013667746425011069,0.024824070067510272,0.0,0.0
1692309426.0676904,-0.020561942296411447,0.032769483684182824,0.0014060010542733515,0.02236143900961694,0.0,0.0
1692309426.1829474,-0.025452973815277113,0.02996316044320501,0.00138842447139746,0.019836000355671964,0.0,0.0
1692309426.2837734,-0.029791364514823632,0.02716129279377387,0.0013324218972575728,0.01769620054133413,0.0,0.0
1692309426.3908937,-0.03401711845914707,0.024358753023665268,0.0012456088461407055,0.015513943830884938,0.0,0.0
1692309426.5113587,-0.03812830655924418,0.02155334987675115,0.0011322622532717258,0.013300402172550447,0.0,0.0
1692309426.5956402,-0.04215046170266686,0.018739981865410843,0.0009990716295487966,0.011041290204887613,0.0,0.0
1692309426.6919782,-0.045647917716485416,0.015987125210724505,0.0008588956785826496,0.009108643474311347,0.0,0.0
1692309426.7816665,-0.048977047543970934,0.013286765299579189,0.000713279741537565,0.0071633965924980374,0.0,0.0
1692309426.880935,-0.052018923315717766,0.010654044045742881,0.0005639707498478352,0.005318219953396348,0.0,0.0
1692309426.9835396,-0.05490123246096911,0.008080131863012326,0.00041099552268093363,0.0034635763461962066,0.0,0.0
1692309427.1537826,-0.05764990973541783,0.005555562594748801,0.0002556606576745449,0.0015913129749847933,0.0,0.0
1692309427.296385,-0.060178831372457435,0.0030890816348480496,9.556055007095516e-05,-0.00021374156874221124,0.0,0.0
1692309427.4568198,-0.06248689599849938,0.0006882705143018628,-7.208259270768421e-05,-0.0019504854854875764,0.0,0.0
1692309427.6067724,-0.06450184325835749,-0.0016285931269425747,-0.0002470649457892194,-0.0035573610273173057,0.0,0.0
1692309427.7606926,-0.06624743518650666,-0.003850806135587839,-0.00043318734552230936,-0.005060077819399806,0.0,0.0
1692309427.9184685,-0.0677183004236289,-0.0059699340573219975,-0.0006179391687365582,-0.006453939472741123,0.0,0.0
1692309427.983825,-0.06896031434424993,-0.007985601958271108,-0.000800023481732863,-0.007776455424764406,0.0,0.0
1692309428.0681186,-0.06998652377079775,-0.00989890377045262,-0.0009740059538835585,-0.009031566330385057,0.0,0.0
1692309428.1267018,-0.07084135622311205,-0.011716424416137225,-0.0011401571964408039,-0.01024911762784405,0.0,0.0
1692309428.1974235,-0.07155343165588987,-0.0134465206945863,-0.0012990347718205098,-0.011442122205198165,0.0,0.0
1692309428.2665594,-0.07212141895716903,-0.015093901321697406,-0.0014523577011768222,-0.01259806197894989,0.0,0.0
1692309428.332559,-0.07257776593354569,-0.016666691389232262,-0.0015989907835829245,-0.013735670377446217,0.0,0.0
1692309428.4640687,-0.07282363711637782,-0.018152710210357942,-0.0017478922117356581,-0.014762497070891833,0.0,0.0
1692309428.582324,-0.07270537152437526,-0.01951870784327119,-0.001888470521067906,-0.015553566782304596,0.0,0.0
1692309428.7055478,-0.07207815512825662,-0.020714755606171264,-0.0020254980668599223,-0.016006122106996264,0.0,0.0
1692309428.8490868,-0.07119032280761034,-0.021745641620059108,-0.0021535716907771334,-0.016353790123701653,0.0,0.0
1692309428.9862864,-0.07001393276788262,-0.022607597861231687,-0.002279416324311079,-0.016561559025927156,0.0,0.0
1692309429.1085782,-0.06862233358957544,-0.02330792080401575,-0.0024132824838064637,-0.016684310713719907,0.0,0.0
1692309429.24687,-0.06704521451459532,-0.023856025994435946,-0.0025553643443486885,-0.016732798228900458,0.0,0.0
1692309429.3819275,-0.06529747531625048,-0.024260928574246773,-0.002697057229436483,-0.016705483543745552,0.0,0.0
1692309429.5209613,-0.06325344236485822,-0.024505425648219684,-0.002845214276069746,-0.01648545888026631,0.0,0.0
1692309429.5994217,-0.06101493584806065,-0.024595378105377458,-0.002986296503540349,-0.016162208667879527,0.0,0.0
1692309429.6798382,-0.05880400887729475,-0.02457253249378432,-0.0031005340485271786,-0.01591183760038857,0.0,0.0
1692309429.7620595,-0.05643049875430811,-0.024429176551532535,-0.003209395393457493,-0.015544583464510986,0.0,0.0
1692309429.8367069,-0.05430145989520871,-0.024231852104999608,-0.003296257224241064,-0.01539963071111723,0.0,0.0
1692309429.981988,-0.0522115527649935,-0.023989751010978947,-0.003375544897982512,-0.01526040479548827,0.0,0.0
1692309430.1570752,-0.049901607333618404,-0.02366864050423593,-0.0034431224677206706,-0.014903137098797007,0.0,0.0
1692309430.2467012,-0.047391148711959485,-0.023246000977981036,-0.0035024370971107966,-0.0143677430014255,0.0,0.0
1692309430.3235183,-0.04472243956380356,-0.022714220414886008,-0.0035451320388356234,-0.013702281669416472,0.0,0.0
1692309430.404975,-0.04239478300929103,-0.022154738018349943,-0.0035454717333564686,-0.013327019033642988,0.0,0.0
1692309430.4992983,-0.040017721971361046,-0.021550708433157564,-0.0035391484106660123,-0.012864061916471322,0.0,0.0
1692309430.6622064,-0.037906598456616966,-0.02095315911734604,-0.003497099121487219,-0.012584750257022333,0.0,0.0
1692309430.7589898,-0.03508442891475337,-0.02022791125376285,-0.0034405395319343684,-0.011645309752034382,0.0,0.0
1692309430.857482,-0.032733561686381,-0.019479926779888312,-0.0033660720963268435,-0.01112111053232495,0.0,0.0
1692309430.9631977,-0.030223733707137268,-0.01868009194642326,-0.00326468592270854,-0.010413767560959367,0.0,0.0
1692309431.0997164,-0.027628077407294244,-0.017818432608450088,-0.003138155703198417,-0.009606710451407914,0.0,0.0
1692309431.290755,-0.024964972998326833,-0.0168867258607622,-0.0030097756567152817,-0.008721841914802518,0.0,0.0
1692309431.4870288,-0.022393194798116488,-0.015909921533990564,-0.002872288303245849,-0.007893102674106473,0.0,0.0
1692309431.624025,-0.019712621640183402,-0.014871923952160493,-0.0027227384376425977,-0.0069369641483297976,0.0,0.0
1692309431.695667,-0.017059397199245537,-0.01378408277694365,-0.002558725533432525,-0.0059783236481169705,0.0,0.0
1692309431.773347,-0.014756814937820571,-0.012707117892065828,-0.0023869471407474965,-0.005279559545372566,0.0,0.0
1692309431.8443644,-0.012553051208659842,-0.011642989159620266,-0.0022103501840324423,-0.00459013104177192,0.0,0.0
1692309431.9169717,0.0013409123179509742,-0.008696958793258013,-0.0016273363198622546,0.005931991377383568,0.0,0.0
1692309431.9934828,0.013297198537867636,-0.004692061340280227,-0.0008301889744326274,0.013610295561739604,0.0,0.0
1692309432.093116,0.023593369613744072,-0.00016630556630614765,8.120746323002424e-05,0.019342042477224337,0.0,0.0
1692309432.2433734,0.032233185320139565,0.0045031619855749015,0.0010259847878764032,0.023545818493009046,0.0,0.0
1692309432.3211932,0.03967842922065757,0.009134512569775172,0.001897343606979756,0.02688313524310915,0.0,0.0
1692309432.4780989,0.04598556713022274,0.013586574014121068,0.0027139248642081915,0.0295335145228236,0.0,0.0
1692309432.585974,0.05129837102929878,0.01778773748171333,0.003446753863346687,0.031694061340226225,0.0,0.0
1692309432.6700022,0.05567758133448602,0.02169086183803237,0.0040871863027958635,0.033447250454559416,0.0,0.0
1692309432.7581902,0.05928752874423336,0.02527824280042617,0.004671449589261603,0.034940435953975106,0.0,0.0
1692309432.8539076,0.06215541633487087,0.02853539886977335,0.005238293901504799,0.03617942177769974,0.0,0.0
1692309433.057175,0.06446849307026,0.03149126804538084,0.005746526560734566,0.03730078088045054,0.0,0.0
1692309433.1884816,0.06597795620015898,0.034118446156737876,0.006182719015479995,0.03806019963458432,0.0,0.0
1692309433.2976704,0.06638013597006787,0.03632328113713955,0.006645698753115611,0.03820390590182984,0.0,0.0
1692309433.439217,0.06600376614089236,0.0381184606667083,0.007045076211874253,0.038031936594092486,0.0,0.0
1692309433.574681,0.06492400767089422,0.039523155465815765,0.007310437877481138,0.0375854947417094,0.0,0.0
1692309433.759536,0.059959657866872185,0.04000416886722679,0.007449142290672296,0.034183946654366526,0.0,0.0
1692309433.8913321,0.054746952547446846,0.03978483636402512,0.007449237858796298,0.03118943293827838,0.0,0.0
1692309434.0480773,0.04957427468881828,0.03905494496333236,0.007362315643904973,0.028649522750095684,0.0,0.0
1692309434.1685238,0.04422296906065494,0.03791013875534392,0.007218542221929513,0.026216157980303453,0.0,0.0
1692309434.2433672,0.03903879671513587,0.0364797107384358,0.007008936459343087,0.024088693525655652,0.0,0.0
1692309434.332427,0.033958286578878956,0.034848906376077425,0.006701057364673727,0.022115461486519026,0.0,0.0
1692309434.4853044,0.028814896351970327,0.03304282807043228,0.006305976227878708,0.02009970615584844,0.0,0.0
1692309434.593723,0.023652187079562462,0.031085191874649882,0.005836784551680928,0.01805742495643678,0.0,0.0
1692309434.7165008,0.019153867415133842,0.029094720870173597,0.005378104677373394,0.01654064430249297,0.0,0.0
1692309434.7928507,0.014495646156502392,0.027034296123127494,0.004901589061342275,0.014771630744024867,0.0,0.0
1692309434.8658514,0.010036372387978306,0.02493001080198757,0.004437141414954041,0.013083256537459568,0.0,0.0
1692309434.935963,0.006321797338797742,0.02289178482643628,0.00400833486970524,0.011913381613364894,0.0,0.0
1692309435.0683832,0.002454554267695456,0.020855981391411288,0.0035940448426352266,0.01044163716360113,0.0,0.0
1692309435.2186506,-0.0015046315177446486,0.01878634532493279,0.003193314964945771,0.008772523761659372,0.0,0.0
1692309435.2920039,-0.005466801402981803,0.016671966233404792,0.002808632356482959,0.007009707304813607,0.0,0.0
1692309435.3803754,-0.008884226182245412,0.014596277705071638,0.0024431464130427742,0.005620403201009243,0.0,0.0
1692309435.4699144,-0.0120565602667893,0.012570423785608386,0.002096801834474616,0.004301394795395771,0.0,0.0
1692309435.5547557,-0.015016176564409872,0.010598697393089829,0.001766200134504317,0.003025038829315093,0.0,0.0
1692309435.6423874,-0.01756582072733789,0.008717496733857256,0.0014535878063475659,0.001960555323625812,0.0,0.0
1692309435.783473,-0.019955974084557824,0.0069135453556483,0.0011542959327769037,0.0008814719860313453,0.0,0.0
1692309435.9466379,-0.022179785889064812,0.005179844567253114,0.0008650463050504238,-0.000188723655864074,0.0,0.0
1692309436.1004825,-0.024281410595308868,0.003505529487838751,0.0005817401683560978,-0.0012745843295557944,0.0,0.0
1692309436.2583597,-0.026210435548007914,0.0018921842966188596,0.00030219573459539374,-0.0023198016628954822,0.0,0.0
1692309436.3940308,-0.027946205801553534,0.00034693642880619406,1.670372351882877e-05,-0.0033021954888673376,0.0,0.0
1692309436.5439754,-0.029491262441865344,-0.0011279082139277331,-0.00026318218000928595,-0.0042215029802188326,0.0,0.0
1692309436.6915133,-0.03085671166415837,-0.002529982028433151,-0.000537936281920486,-0.005084383864644904,0.0,0.0
1692309436.7912223,-0.03201885942743644,-0.003852663115838929,-0.0008077780053156211,-0.005867031771840776,0.0,0.0
1692309436.9083416,-0.032995161447785235,-0.005094412634888395,-0.00106684749748643,-0.006582888835794833,0.0,0.0
1692309436.9778516,-0.03380842103073578,-0.006257256131971829,-0.0013100586955713893,-0.007247462277238897,0.0,0.0
1692309437.0589528,-0.034485866263333574,-0.00734558671997026,-0.001537556924835091,-0.007877853600308309,0.0,0.0
1692309437.124851,-0.03505017814208756,-0.008365336352875171,-0.0017506382729593046,-0.008485420652969875,0.0,0.0
1692309437.2048962,-0.03551201663576902,-0.009321734152130565,-0.0019507982717811507,-0.009070761218574192,0.0,0.0
1692309437.2996678,-0.03582261713865158,-0.01020910766748361,-0.0021419992689528547,-0.009585780512979106,0.0,0.0
1692309437.3788152,-0.0359538050904827,-0.011019116318761558,-0.002321887524512763,-0.010006617080401403,0.0,0.0
1692309437.4707508,-0.03602194953126829,-0.011764951138087924,-0.002487621860641868,-0.010432611299296806,0.0,0.0
1692309437.5796845,-0.035979596617652015,-0.012450661202256734,-0.002622221540054992,-0.010812208425218045,0.0,0.0
1692309437.6943197,-0.03574651590047015,-0.013059599903186456,-0.002740436189422744,-0.011075873948349708,0.0,0.0
1692309437.7825224,-0.03528027452120971,-0.01357422240113966,-0.0028431466321469845,-0.011194213584822256,0.0,0.0
1692309437.8610406,-0.034830062801965316,-0.014022469394524966,-0.002934132379907168,-0.011383074525621565,0.0,0.0
1692309437.9852784,-0.034203561900555984,-0.014392171749378919,-0.003012672394328969,-0.01145880456948021,0.0,0.0
1692309438.0616577,-0.03351270271691829,-0.014691648591263533,-0.0030841876578518177,-0.011520254917597589,0.0,0.0
1692309438.191454,-0.032881607707203574,-0.014950698985040983,-0.0031360098278732174,-0.011661515493918084,0.0,0.0
1692309438.3443139,-0.03203790887008703,-0.015138566886067148,-0.003187955069427474,-0.011635388698856436,0.0,0.0
1692309438.4878707,-0.030736899792775545,-0.015196349922067323,-0.003231453990381016,-0.011253375552334504,0.0,0.0
1692309438.6238103,-0.026377687151825143,-0.014668153631321061,-0.003145904416718845,-0.008380243501779574,0.0,0.0
1692309438.7679584,-0.02235259098008074,-0.013766411504137292,-0.002976872477159842,-0.006158048718354909,0.0,0.0
1692309438.8981512,-0.018663975581747476,-0.012639609330035077,-0.0027571611796105904,-0.004413403927961957,0.0,0.0
1692309438.9972844,-0.01529318915534366,-0.011390318979662795,-0.002503973253869985,-0.0030120332015441745,0.0,0.0
1692309439.1361535,-0.012065997141803578,-0.010062597541231925,-0.002226148911578789,-0.0017311521200676712,0.0,0.0
1692309439.2417192,-0.00913648334397907,-0.008712575260528087,-0.0019358236977273895,-0.0006673720085921328,0.0,0.0
1692309439.3390055,-0.006459150990743991,-0.0073732407449441885,-0.0016412245282462462,0.00025528566343746247,0.0,0.0
1692309439.411222,-0.004166559016286991,-0.006089941774182042,-0.0013542667477094465,0.0009455736284560201,0.0,0.0
1692309439.5529642,-0.0020946555928060325,-0.004869825951700104,-0.0010778220927114832,0.0015670568265258207,0.0,0.0
1692309439.6898086,-0.000173293290999188,-0.0037077034091611955,-0.0008125089787071428,0.002176548279339636,0.0,0.0
1692309439.8572,0.0016352702478741278,-0.0025944941800623155,-0.0005592570137941238,0.0027955382680715617,0.0,0.0
1692309440.0166724,0.0032375835410986694,-0.0015398420625514532,-0.00032147280052555736,0.0033342835623787594,0.0,0.0
1692309440.0897474,0.00460147472873766,-0.000557358098879941,-0.00010010866090690726,0.003767620617029159,0.0,0.0
1692309440.18015,0.005808647266933795,0.0003561154740398743,0.00010369726849278194,0.004167365926161095,0.0,0.0
1692309440.3285193,0.0068812567338950095,0.0012054547121044719,0.000289760641960997,0.004544395931002711,0.0,0.0
1692309440.3936455,0.007820844174484903,0.001993348528735635,0.00045877553734024817,0.004891624158504866,0.0,0.0
1692309440.5612442,0.008616096391940907,0.0027186448994348305,0.0006130081701878094,0.0051930538649959486,0.0,0.0
1692309440.7674294,0.009278541489081759,0.003381592945640568,0.0007546424261403891,0.005454347194828632,0.0,0.0
1692309440.9415524,0.00981777703647082,0.00398391649066923,0.0008822385398225588,0.005678770323527628,0.0,0.0
1692309441.1040866,0.010237609860086674,0.004526664229120531,0.0009954811351364729,0.005864629209980676,0.0,0.0
1692309441.2477508,0.010545379582366827,0.0050106026148575965,0.0010969174719839686,0.006013745825452142,0.0,0.0
1692309441.3260355,0.010717869867036886,0.0054325073110306436,0.001184995097691461,0.006102344212278225,0.0,0.0
1692309441.401684,0.010844780939920163,0.00580368760172517,0.0012627721264445988,0.006204382527819791,0.0,0.0
1692309441.509573,0.010900462891373133,0.006127838223288332,0.0013305023741061843,0.0062872969144529564,0.0,0.0
1692309441.5844157,0.010921800305674216,0.006413038387041938,0.0013900365153810697,0.006376899778194936,0.0,0.0
1692309441.7308044,0.010805988590685087,0.006648773506576147,0.0014364806512373184,0.006379569138393709,0.0,0.0
1692309441.8891525,0.010534144167606794,0.006823654336993099,0.001467919256145621,0.006285476246189544,0.0,0.0
1692309442.0643282,0.010140656580182678,0.0069341343863240775,0.0014864791370001217,0.006128856426144333,0.0,0.0
1692309442.243837,0.009658355116361936,0.006983351014660555,0.0014905744285963452,0.005936321056888617,0.0,0.0
1692309442.3913786,0.009051909370438399,0.006967060488691373,0.0014794820002770306,0.005673749219999723,0.0,0.0
1692309442.5394123,0.008387961823176002,0.00689258527079625,0.0014544940629990719,0.005397124670331854,0.0,0.0
1692309442.6344461,0.007676077769438346,0.006765936503863682,0.00141862012089192,0.00510680947298187,0.0,0.0
1692309442.7196577,0.006966026204206083,0.006599448353935155,0.001373933800513128,0.004837805056281483,0.0,0.0
1692309442.826734,0.006341103710665254,0.006414705273624181,0.0013268651610076438,0.0046495418362794095,0.0,0.0
1692309442.956903,0.005556454913170518,0.006188404586726402,0.0012700737641577078,0.004321474543223409,0.0,0.0
1692309443.0790627,0.004765322150478657,0.005927836935530725,0.0012064748685175336,0.003997975725103485,0.0,0.0
1692309443.2297661,0.003935406164645756,0.005632856045171981,0.0011371239917653596,0.0036457189686158967,0.0,0.0
1692309443.3861716,0.0031190159342295155,0.0053117670346508675,0.0010639252121523147,0.0033075514797215925,0.0,0.0
1692309443.4929788,0.002230475328030266,0.004956566041542967,0.0009857188299389112,0.002905461700289257,0.0,0.0
1692309443.5767436,0.0013610444498121912,0.004576176910681138,0.0009044396000709512,0.0025207133515453956,0.0,0.0
1692309443.739112,0.0006368085282565351,0.004197313515632737,0.0008251844934040303,0.0022517090815576744,0.0,0.0
1692309443.8614924,-0.00015682894737982696,0.0038045635777343256,0.0007448317183010078,0.0019008339903165642,0.0,0.0
1692309443.985455,-0.0009427007516832836,0.0033995506374910303,0.000663109665704925,0.0015442015852412854,0.0,0.0
1692309444.0927823,-0.0016971473381136156,0.002987191236148023,0.0005812138386814831,0.0012008012005730096,0.0,0.0
1692309444.1838908,-0.0024087663343817086,0.002573007944608019,0.0004999233024747396,0.0008770873735755608,0.0,0.0
1692309444.2859414,-0.0030722339075018217,0.002161947898248209,0.0004199194506789224,0.0005743386334648123,0.0,0.0
1692309444.3799782,-0.003637379806659966,0.0017658274680006465,0.0003432315709813039,0.00033193300538629305,0.0,0.0
1692309444.5399578,-0.004237166720454606,0.0013718992560048243,0.00026704054939530086,3.1880501888964605e-05,0.0,0.0
1692309444.6143534,-0.0047700046197816015,0.0009876131263584127,0.00019267749365579128,-0.00023065633841391872,0.0,0.0
1692309444.6968188,-0.005222157147476806,0.0006206754323253968,0.00012167826765237396,-0.0004484305704595018,0.0,0.0
1692309444.8765824,-0.005619547661249627,0.00027271736760173303,5.405006362632833e-05,-0.0006471488913184409,0.0,0.0
1692309444.9943976,-0.005963022680362125,-5.50222444773392e-05,-9.88966385552757e-06,-0.0008270379166099334,0.0,0.0
1692309445.1509137,-0.0062532879852823815,-0.00036154009517210374,-6.972957539421935e-05,-0.0009879906251089275,0.0,0.0
1692309445.2760484,-0.006495078984280974,-0.0006466057797316535,-0.00012538107707515034,-0.0011331447354029564,0.0,0.0
1692309445.4287498,-0.0066964908864467826,-0.0009111132802814756,-0.00017699058007979434,-0.0012679205432131317,0.0,0.0
1692309445.4970586,-0.006864267000950892,-0.0011565523962709613,-0.00022487400073446356,-0.0013959080487626083,0.0,0.0
1692309445.5935564,-0.007004024504332844,-0.001384687450837386,-0.0002694033436032767,-0.0015194651399207755,0.0,0.0
1692309445.6991274,-0.00712044250464999,-0.0015973709542542224,-0.00031087528513115665,-0.0016401249243402339,0.0,0.0
1692309445.7968183,-0.007217418698914172,-0.0017964013196535913,-0.00034959943612548216,-0.0017588747134619344,0.0,0.0
1692309445.9405255,-0.007298199868736246,-0.0019834299112555624,-0.00038601935648949876,-0.0018763408625234676,0.0,0.0
1692309446.0680323,-0.007365490583198015,-0.0021599728620382997,-0.0004204733144237634,-0.001992908093840542,0.0,0.0
1692309446.1424882,-0.007421543748344649,-0.0023274384550473317,-0.0004529930600682413,-0.002108806622547993,0.0,0.0
1692309446.1981318,-0.007468236034911796,-0.002486997933822372,-0.00048398409025027787,-0.002224177760831088,0.0,0.0
1692309446.299062,-0.007507130709622249,-0.0026396625732682125,-0.0005138701226309436,-0.002339094833074328,0.0,0.0
1692309446.4444523,-0.007539529973656046,-0.0027864104167547163,-0.0005425033713122698,-0.0024535866756070935,0.0,0.0
1692309446.5215566,-0.007549927450900454,-0.0029252949969032927,-0.0005698215608197738,-0.0025538201028710013,0.0,0.0
1692309446.5956702,-0.007537847632688733,-0.0030550326002535227,-0.0005945589513072035,-0.002640462106549945,0.0,0.0
1692309446.6884866,-0.007502884000627628,-0.003174326627131514,-0.0006171050505479575,-0.0027138904743274723,0.0,0.0
1692309446.793362,-0.007473759295120719,-0.0032868561640528164,-0.000638430562115467,-0.0027985071482863884,0.0,0.0
1692309446.8929806,-0.007437048207808556,-0.003393058056910446,-0.0006586838170279952,-0.002880125588265331,0.0,0.0
1692309446.99006,-0.007273314040875365,-0.0034741175963973253,-0.0006732182188010244,-0.0028584869737770177,0.0,0.0
1692309447.1649716,-0.007070453624594439,-0.0035300974317597567,-0.0006841704940959172,-0.0028197402578429166,0.0,0.0
1692309447.3051596,-0.006884851244484576,-0.0035704441339657607,-0.0006921865892323223,-0.002809375057660439,0.0,0.0
1692309447.394383,-0.00660564672788799,-0.003583644481572102,-0.0006954516423720749,-0.00272739643722075,0.0,0.0
1692309447.4695542,-0.006373069365563034,-0.003584113605197449,-0.0006961184595455631,-0.002698060962549038,0.0,0.0
1692309447.587889,-0.006117030222716477,-0.003570567048711472,-0.0006943871898656925,-0.0026519327834756455,0.0,0.0
1692309447.7428896,-0.005829017035322756,-0.003540426324119137,-0.0006912129451832979,-0.0025823518092960335,0.0,0.0
1692309447.8068304,-0.005403048759277807,-0.003475326994400506,-0.0006804683957279216,-0.002401911696173054,0.0,0.0
1692309447.8825788,-0.005031564571517501,-0.00339256464033792,-0.0006660091516042018,-0.002283616053450067,0.0,0.0
1692309447.9610245,-0.004672145540695925,-0.0032975688203082127,-0.0006489762972525222,-0.002178683414739072,0.0,0.0
1692309448.0359983,-0.004360255832367782,-0.0031999225512611266,-0.0006311765827185392,-0.0021125119950338982,0.0,0.0
1692309448.0980399,-0.004037990909987049,-0.003097150866026908,-0.0006121287293982207,-0.0020300500166597485,0.0,0.0
1692309448.1927428,-0.0036945968298508604,-0.0029856870352126773,-0.0005916519673728522,-0.0019243340164783683,0.0,0.0
1692309448.3057668,-0.0033502735016923304,-0.0028663660861889357,-0.0005696449709762618,-0.0018147395390192473,0.0,0.0
1692309448.405742,-0.0030467980820698994,-0.002746545770452893,-0.0005472626815855691,-0.0017355691298453187,0.0,0.0
1692309448.4970713,-0.0027357323093920743,-0.002623642279715364,-0.0005241687993209541,-0.0016414102489181249,0.0,0.0
1692309448.5978067,-0.00241002311015982,-0.0024947523587755165,-0.0004997322927203731,-0.0015284964746566073,0.0,0.0
1692309448.7417066,-0.002126222138590725,-0.00236696243941875,-0.00047521752351987236,-0.0014462535265234236,0.0,0.0
1692309448.8225865,-0.0018481972822873788,-0.002239488268567927,-0.00045075057417184086,-0.0013597565857416285,0.0,0.0
1692309448.9633257,-0.001545856037128753,-0.002107037835334244,-0.00042517545636717665,-0.0012447939016131406,0.0,0.0
1692309449.0858023,-0.0012315885651446366,-0.0019678565147066263,-0.0003980369387070063,-0.0011156827352951009,0.0,0.0
1692309449.208285,-0.0009240364648773557,-0.001823696485441643,-0.00036959116282521236,-0.0009892421169507106,0.0,0.0
1692309449.2783747,-0.0006511972752883927,-0.0016802986272591053,-0.00034107213210013665,-0.0008876149284885451,0.0,0.0
1692309449.3764896,-0.000390634345175276,-0.0015382066913636626,-0.00031257655698669874,-0.0007881840050830973,0.0,0.0
1692309449.4772844,-0.0001610992285743801,-0.0014008652323169756,-0.00028493495095703174,-0.0007065878869906389,0.0,0.0
1692309449.5389228,6.340310575198585e-05,-0.0012666436332608637,-0.00025782557289473024,-0.0006191098762259336,0.0,0.0
1692309449.611192,0.00026706386761429643,-0.0011369962215788548,-0.0002315671033774853,-0.0005405831863469813,0.0,0.0
1692309449.770123,0.00044087670315041765,-0.0010144866218162725,-0.00020671548106441183,-0.0004779380517490728,0.0,0.0
1692309449.8452132,0.0006023135500584326,-0.0008982286887977276,-0.0001830890447333913,-0.00041529483103799447,0.0,0.0
1692309449.928806,0.0007617688058962259,-0.0007860008545315766,-0.00016024109388245944,-0.0003451557809082053,0.0,0.0
1692309450.0518875,0.0008945950340091169,-0.0006802493690790959,-0.00013870122624326715,-0.00029011332372080314,0.0,0.0
1692309450.16057,0.0010260546576121756,-0.0005787295921884441,-0.00011800961287890758,-0.00022775289217261049,0.0,0.0
1692309450.2546172,0.0011563732829003282,-0.0004798612483190324,-9.784812212308876e-05,-0.00015988463981254727,0.0,0.0
1692309450.3515337,0.0012649286977653778,-0.00038588065659094753,-7.867659670261572e-05,-0.00010512708244580463,0.0,0.0
1692309450.4188294,0.001355355358347955,-0.00029785181652698623,-6.0714279047500196e-05,-5.9142300242224275e-05,0.0,0.0
1692309450.5466683,0.0014306807666132693,-0.0002161086986650115,-4.4033782975597305e-05,-1.9012061181743313e-05,0.0,0.0
1692309450.6146843,0.0014934268316982575,-0.00014054892684653512,-2.8611356983927527e-05,1.721908591345989e-05,0.0,0.0
1692309450.698042,0.0015456943039140437,-7.082195405178077e-05,-1.4374909698477388e-05,5.085500436014017e-05,0.0,0.0
1692309450.7923112,0.0015892331082698026,-6.450645080046462e-06,-1.2303316970394573e-06,8.276014793775669e-05,0.0,0.0
1692309450.8975828,0.0016255009322981592,5.309085748492059e-05,1.092968209107863e-05,0.00011350384402310302,0.0,0.0
1692309450.9983215,0.0016557120297137431,0.00010833182299344957,2.2210151170312432e-05,0.0001434579236161516,0.0,0.0
1692309451.0946505,0.0016808778738609245,0.00015977631229016918,3.271661005956206e-05,0.00017286297260167045,0.0,0.0
1692309451.1935544,0.0017018410220355543,0.00020788796896701415,4.255645642840365e-05,0.00020187271716067315,0.0,0.0
1692309451.3494422,0.001719303324465049,0.0002530944743534767,5.1784559017981534e-05,0.00023058364070215019,0.0,0.0
1692309451.4324353,0.0017338494223887808,0.0002957613520921475,6.0525222556967905e-05,0.0002590567088932628,0.0,0.0
1692309451.517035,0.001745966321959231,0.00033622728737455507,6.880532348282358e-05,0.00028732752279156073,0.0,0.0
1692309451.5924623,0.0017560596993014253,0.00037478263932610425,7.667654591388454e-05,0.0003154187092853516,0.0,0.0
1692309451.758187,0.0017644674826275103,0.0004116743198332921,8.421108139927921e-05,0.00034334411921195794,0.0,0.0
1692309451.8642666,0.0017714711661381203,0.00044711773094914666,9.146312588895616e-05,0.00037111145059081794,0.0,0.0
1692309451.9890828,0.0017773052345024401,0.000481305380286204,9.844690412298007e-05,0.00039872515238986456,0.0,0.0
1692309452.1084661,0.0017821650134499463,0.0005143905933250094,0.00010523636261899495,0.0004261891849191487,0.0,0.0
1692309452.2501395,0.0017820493512809622,0.0005458535720440644,0.00011166265520382745,0.0004500284624140587,0.0,0.0
1692309452.3770156,0.0017861168627264366,0.0005767734282526539,0.00011800063068101695,0.0004782386577058587,0.0,0.0
1692309452.4962804,0.0017895050997605447,0.0006071555046061083,0.0001241979158786119,0.0005059694308432933,0.0,0.0
1692309452.6455598,0.0017923275012099473,0.0006370073265553791,0.00013030375339856726,0.0005333332507264128,0.0,0.0
1692309452.7843664,0.0017946785616172812,0.0006663647130389786,0.00013629024845858263,0.0005604066185755573,0.0,0.0
1692309452.913129,0.0017966369949365905,0.0006952573375722418,0.00014219035624578913,0.0005872441760978729,0.0,0.0
1692309452.998895,0.001798268369891575,0.0007237215301160743,0.00014801435820683084,0.0006138836165139811,0.0,0.0
