Time,layout.dim,layout.data_offset,data_0,data_1,data_2,data_3,data_4,data_5,data_6,data_7,data_8,data_9,data_10,data_11,data_12,data_13,data_14
1692309238.9803643,"[label: ""height""
size: 3
stride: 15, label: ""width""
size: 5
stride: 5]",0,1.0,0.02164454199373722,0.07364333420991898,0.30358168482780457,-0.019657058641314507,0.0,-0.016098633408546448,0.074398472905159,0.31203827261924744,-0.5098833441734314,2.0,0.059564463794231415,0.07345554232597351,0.31528833508491516,0.5624587535858154
1692309239.0803561,"[label: ""height""
size: 3
stride: 15, label: ""width""
size: 5
stride: 5]",0,1.0,0.02164454199373722,0.07364333420991898,0.30358168482780457,-0.019657058641314507,0.0,-0.016239428892731667,0.07449287176132202,0.31245967745780945,-0.49419936537742615,2.0,0.059564463794231415,0.07345554232597351,0.31528833508491516,0.5624587535858154
1692309239.1786973,"[label: ""height""
size: 3
stride: 15, label: ""width""
size: 5
stride: 5]",0,1.0,0.02164454199373722,0.07364333420991898,0.30358168482780457,-0.019657058641314507,0.0,-0.016098633408546448,0.074398472905159,0.31203827261924744,-0.5098833441734314,2.0,0.059564463794231415,0.07345554232597351,0.31528833508491516,0.5624587535858154
1692309239.2793114,"[label: ""height""
size: 3
stride: 15, label: ""width""
size: 5
stride: 5]",0,1.0,0.02164454199373722,0.07364333420991898,0.30358168482780457,-0.019657058641314507,0.0,-0.016239428892731667,0.07449287176132202,0.31245967745780945,-0.49419936537742615,2.0,0.059564463794231415,0.07345554232597351,0.31528833508491516,0.5624587535858154
1692309239.3770723,"[label: ""height""
size: 3
stride: 15, label: ""width""
size: 5
stride: 5]",0,1.0,0.02164454199373722,0.07364333420991898,0.30358168482780457,-0.019657058641314507,0.0,-0.016098633408546448,0.074398472905159,0.31203827261924744,-0.5098833441734314,2.0,0.059564463794231415,0.07345554232597351,0.31528833508491516,0.5624587535858154
1692309239.4793165,"[label: ""height""
size: 3
stride: 15, label: ""width""
size: 5
stride: 5]",0,1.0,0.02164454199373722,0.07364333420991898,0.30358168482780457,-0.019657058641314507,0.0,-0.016098633408546448,0.074398472905159,0.31203827261924744,-0.5098833441734314,2.0,0.059564463794231415,0.07345554232597351,0.31528833508491516,0.5624587535858154
1692309239.5800838,"[label: ""height""
size: 3
stride: 15, label: ""width""
size: 5
stride: 5]",0,1.0,0.02164454199373722,0.07364333420991898,0.30358168482780457,-0.019657058641314507,0.0,-0.016098633408546448,0.074398472905159,0.31203827261924744,-0.5098833441734314,2.0,0.059564463794231415,0.07345554232597351,0.31528833508491516,0.5624587535858154
1692309239.68071,"[label: ""height""
size: 3
stride: 15, label: ""width""
size: 5
stride: 5]",0,1.0,0.02164454199373722,0.07364333420991898,0.30358168482780457,-0.019657058641314507,0.0,-0.016098633408546448,0.074398472905159,0.31203827261924744,-0.5098833441734314,2.0,0.059564463794231415,0.07345554232597351,0.31528833508491516,0.5624587535858154
1692309239.7789676,"[label: ""height""
size: 3
stride: 15, label: ""width""
size: 5
stride: 5]",0,1.0,0.02164454199373722,0.07364333420991898,0.30358168482780457,-0.019657058641314507,0.0,-0.016098633408546448,0.074398472905159,0.31203827261924744,-0.5098833441734314,2.0,0.059564463794231415,0.07345554232597351,0.31528833508491516,0.5624587535858154
1692309239.8820314,"[label: ""height""
size: 3
stride: 15, label: ""width""
size: 5
stride: 5]",0,1.0,0.02164454199373722,0.07364333420991898,0.30358168482780457,-0.019657058641314507,0.0,-0.016098633408546448,0.074398472905159,0.31203827261924744,-0.5098833441734314,2.0,0.059564463794231415,0.07345554232597351,0.31528833508491516,0.5624587535858154
1692309239.9843087,"[label: ""height""
size: 3
stride: 15, label: ""width""
size: 5
stride: 5]",0,1.0,0.02164454199373722,0.07364333420991898,0.30358168482780457,-0.019657058641314507,0.0,-0.016239428892731667,0.07449287176132202,0.31245967745780945,-0.49419936537742615,2.0,0.059564463794231415,0.07345554232597351,0.31528833508491516,0.5624587535858154
1692309240.0883596,"[label: ""height""
size: 3
stride: 15, label: ""width""
size: 5
stride: 5]",0,1.0,0.02164454199373722,0.07364333420991898,0.30358168482780457,-0.019657058641314507,0.0,-0.016098633408546448,0.074398472905159,0.31203827261924744,-0.5098833441734314,2.0,0.059564463794231415,0.07345554232597351,0.31528833508491516,0.5624587535858154
1692309240.1886117,"[label: ""height""
size: 3
stride: 15, label: ""width""
size: 5
stride: 5]",0,1.0,0.02164454199373722,0.07364333420991898,0.30358168482780457,-0.019657058641314507,0.0,-0.016098633408546448,0.074398472905159,0.31203827261924744,-0.5098833441734314,2.0,0.059564463794231415,0.07345554232597351,0.31528833508491516,0.5624587535858154
1692309240.29061,"[label: ""height""
size: 3
stride: 15, label: ""width""
size: 5
stride: 5]",0,1.0,0.02164454199373722,0.07364333420991898,0.30358168482780457,-0.019657058641314507,0.0,-0.016098633408546448,0.074398472905159,0.31203827261924744,-0.5098833441734314,2.0,0.059564463794231415,0.07345554232597351,0.31528833508491516,0.5624587535858154
1692309240.3889093,"[label: ""height""
size: 3
stride: 15, label: ""width""
size: 5
stride: 5]",0,1.0,0.02164454199373722,0.07364333420991898,0.30358168482780457,-0.019657058641314507,0.0,-0.016098633408546448,0.074398472905159,0.31203827261924744,-0.5098833441734314,2.0,0.059564463794231415,0.07345554232597351,0.31528833508491516,0.5624587535858154
1692309240.4898126,"[label: ""height""
size: 3
stride: 15, label: ""width""
size: 5
stride: 5]",0,1.0,0.02164454199373722,0.07364333420991898,0.30358168482780457,-0.019657058641314507,0.0,-0.016098633408546448,0.074398472905159,0.31203827261924744,-0.5098833441734314,2.0,0.059380512684583664,0.07338754832744598,0.31497445702552795,0.5743240118026733
1692309240.6048102,"[label: ""height""
size: 3
stride: 15, label: ""width""
size: 5
stride: 5]",0,1.0,0.02164454199373722,0.07364333420991898,0.30358168482780457,-0.019657058641314507,0.0,-0.016098633408546448,0.074398472905159,0.31203827261924744,-0.5098833441734314,2.0,0.059564463794231415,0.07345554232597351,0.31528833508491516,0.5624587535858154
1692309240.6883945,"[label: ""height""
size: 3
stride: 15, label: ""width""
size: 5
stride: 5]",0,1.0,0.02164454199373722,0.07364333420991898,0.30358168482780457,-0.019657058641314507,0.0,-0.016098633408546448,0.074398472905159,0.31203827261924744,-0.5098833441734314,2.0,0.059564463794231415,0.07345554232597351,0.31528833508491516,0.5624587535858154
1692309240.7856867,"[label: ""height""
size: 3
stride: 15, label: ""width""
size: 5
stride: 5]",0,1.0,0.02164454199373722,0.07364333420991898,0.30358168482780457,-0.019657058641314507,0.0,-0.016098633408546448,0.074398472905159,0.31203827261924744,-0.5098833441734314,2.0,0.059564463794231415,0.07345554232597351,0.31528833508491516,0.5624587535858154
1692309240.887421,"[label: ""height""
size: 3
stride: 15, label: ""width""
size: 5
stride: 5]",0,1.0,0.02164454199373722,0.07364333420991898,0.30358168482780457,-0.019657058641314507,0.0,-0.016098633408546448,0.074398472905159,0.31203827261924744,-0.5098833441734314,2.0,0.05979723110795021,0.07357260584831238,0.3158359229564667,0.5708110928535461
1692309240.986179,"[label: ""height""
size: 3
stride: 15, label: ""width""
size: 5
stride: 5]",0,1.0,0.02164454199373722,0.07364333420991898,0.30358168482780457,-0.019657058641314507,0.0,-0.016098633408546448,0.074398472905159,0.31203827261924744,-0.5098833441734314,2.0,0.05979723110795021,0.07357260584831238,0.3158359229564667,0.5708110928535461
1692309241.0866027,"[label: ""height""
size: 3
stride: 15, label: ""width""
size: 5
stride: 5]",0,1.0,0.02164454199373722,0.07364333420991898,0.30358168482780457,-0.019657058641314507,0.0,-0.016098633408546448,0.074398472905159,0.31203827261924744,-0.5098833441734314,2.0,0.059814371168613434,0.07344623655080795,0.3152446746826172,0.5618345141410828
1692309241.1779985,"[label: ""height""
size: 3
stride: 15, label: ""width""
size: 5
stride: 5]",0,1.0,0.021864455193281174,0.07403179258108139,0.3052537143230438,-0.043052542954683304,0.0,-0.016098633408546448,0.074398472905159,0.31203827261924744,-0.5098833441734314,2.0,0.05979723110795021,0.07357260584831238,0.3158359229564667,0.5708110928535461
1692309241.280577,"[label: ""height""
size: 3
stride: 15, label: ""width""
size: 5
stride: 5]",0,1.0,0.021864455193281174,0.07403179258108139,0.3052537143230438,-0.043052542954683304,0.0,-0.016098633408546448,0.074398472905159,0.31203827261924744,-0.5098833441734314,2.0,0.059814371168613434,0.07344623655080795,0.3152446746826172,0.5618345141410828
1692309241.377618,"[label: ""height""
size: 3
stride: 15, label: ""width""
size: 5
stride: 5]",0,1.0,0.021864455193281174,0.07403179258108139,0.3052537143230438,-0.043052542954683304,0.0,-0.016098633408546448,0.074398472905159,0.31203827261924744,-0.5098833441734314,2.0,0.05979723110795021,0.07357260584831238,0.3158359229564667,0.5708110928535461
1692309241.4806328,"[label: ""height""
size: 3
stride: 15, label: ""width""
size: 5
stride: 5]",0,1.0,0.021864455193281174,0.07403179258108139,0.3052537143230438,-0.043052542954683304,0.0,-0.016098633408546448,0.074398472905159,0.31203827261924744,-0.5098833441734314,2.0,0.05979723110795021,0.07357260584831238,0.3158359229564667,0.5708110928535461
1692309241.5784285,"[label: ""height""
size: 3
stride: 15, label: ""width""
size: 5
stride: 5]",0,1.0,0.021864455193281174,0.07403179258108139,0.3052537143230438,-0.043052542954683304,0.0,-0.016098633408546448,0.074398472905159,0.31203827261924744,-0.5098833441734314,2.0,0.05979723110795021,0.07357260584831238,0.3158359229564667,0.5708110928535461
1692309241.67977,"[label: ""height""
size: 3
stride: 15, label: ""width""
size: 5
stride: 5]",0,1.0,0.02164454199373722,0.07364333420991898,0.30358168482780457,-0.019657058641314507,0.0,-0.016098633408546448,0.074398472905159,0.31203827261924744,-0.5098833441734314,2.0,0.05989154800772667,0.07338263094425201,0.31495150923728943,0.5731373429298401
1692309241.7777739,"[label: ""height""
size: 3
stride: 15, label: ""width""
size: 5
stride: 5]",0,1.0,0.02164454199373722,0.07364333420991898,0.30358168482780457,-0.019657058641314507,0.0,-0.016098633408546448,0.074398472905159,0.31203827261924744,-0.5098833441734314,2.0,0.059814371168613434,0.07344623655080795,0.3152446746826172,0.5618345141410828
1692309241.8821511,"[label: ""height""
size: 3
stride: 15, label: ""width""
size: 5
stride: 5]",0,1.0,0.021864455193281174,0.07403179258108139,0.3052537143230438,-0.043052542954683304,0.0,-0.016098633408546448,0.074398472905159,0.31203827261924744,-0.5098833441734314,2.0,0.05979723110795021,0.07357260584831238,0.3158359229564667,0.5708110928535461
1692309241.978156,"[label: ""height""
size: 3
stride: 15, label: ""width""
size: 5
stride: 5]",0,1.0,0.02164454199373722,0.07364333420991898,0.30358168482780457,-0.019657058641314507,0.0,-0.016098633408546448,0.074398472905159,0.31203827261924744,-0.5098833441734314,2.0,0.05979723110795021,0.07357260584831238,0.3158359229564667,0.5708110928535461
1692309242.07996,"[label: ""height""
size: 3
stride: 15, label: ""width""
size: 5
stride: 5]",0,1.0,0.021864455193281174,0.07403179258108139,0.3052537143230438,-0.043052542954683304,0.0,-0.016098633408546448,0.074398472905159,0.31203827261924744,-0.5098833441734314,2.0,0.05979723110795021,0.07357260584831238,0.3158359229564667,0.5708110928535461
1692309242.1781666,"[label: ""height""
size: 3
stride: 15, label: ""width""
size: 5
stride: 5]",0,1.0,0.021864455193281174,0.07403179258108139,0.3052537143230438,-0.043052542954683304,0.0,-0.016098633408546448,0.074398472905159,0.31203827261924744,-0.5098833441734314,2.0,0.05979723110795021,0.07357260584831238,0.3158359229564667,0.5708110928535461
1692309242.2800815,"[label: ""height""
size: 3
stride: 15, label: ""width""
size: 5
stride: 5]",0,1.0,0.02164454199373722,0.07364333420991898,0.30358168482780457,-0.019657058641314507,0.0,-0.016098633408546448,0.074398472905159,0.31203827261924744,-0.5098833441734314,2.0,0.059814371168613434,0.07344623655080795,0.3152446746826172,0.5618345141410828
1692309242.378483,"[label: ""height""
size: 3
stride: 15, label: ""width""
size: 5
stride: 5]",0,1.0,0.021864455193281174,0.07403179258108139,0.3052537143230438,-0.043052542954683304,0.0,-0.016098633408546448,0.074398472905159,0.31203827261924744,-0.5098833441734314,2.0,0.059814371168613434,0.07344623655080795,0.3152446746826172,0.5618345141410828
1692309242.4800029,"[label: ""height""
size: 3
stride: 15, label: ""width""
size: 5
stride: 5]",0,1.0,0.02164454199373722,0.07364333420991898,0.30358168482780457,-0.019657058641314507,0.0,-0.016098633408546448,0.074398472905159,0.31203827261924744,-0.5098833441734314,2.0,0.05979723110795021,0.07357260584831238,0.3158359229564667,0.5708110928535461
1692309242.5789163,"[label: ""height""
size: 3
stride: 15, label: ""width""
size: 5
stride: 5]",0,1.0,0.02164454199373722,0.07364333420991898,0.30358168482780457,-0.019657058641314507,0.0,-0.016098633408546448,0.074398472905159,0.31203827261924744,-0.5098833441734314,2.0,0.059814371168613434,0.07344623655080795,0.3152446746826172,0.5618345141410828
1692309242.6810818,"[label: ""height""
size: 3
stride: 15, label: ""width""
size: 5
stride: 5]",0,1.0,0.021864455193281174,0.07403179258108139,0.3052537143230438,-0.043052542954683304,0.0,-0.016098633408546448,0.074398472905159,0.31203827261924744,-0.5098833441734314,2.0,0.059814371168613434,0.07344623655080795,0.3152446746826172,0.5618345141410828
1692309242.7796683,"[label: ""height""
size: 3
stride: 15, label: ""width""
size: 5
stride: 5]",0,1.0,0.021864455193281174,0.07403179258108139,0.3052537143230438,-0.043052542954683304,0.0,-0.016098633408546448,0.074398472905159,0.31203827261924744,-0.5098833441734314,2.0,0.059814371168613434,0.07344623655080795,0.3152446746826172,0.5618345141410828
1692309242.8802629,"[label: ""height""
size: 3
stride: 15, label: ""width""
size: 5
stride: 5]",0,1.0,0.021864455193281174,0.07403179258108139,0.3052537143230438,-0.043052542954683304,0.0,-0.016098633408546448,0.074398472905159,0.31203827261924744,-0.5098833441734314,2.0,0.05979723110795021,0.07357260584831238,0.3158359229564667,0.5708110928535461
1692309242.980024,"[label: ""height""
size: 3
stride: 15, label: ""width""
size: 5
stride: 5]",0,1.0,0.021864455193281174,0.07403179258108139,0.3052537143230438,-0.043052542954683304,0.0,-0.016098633408546448,0.074398472905159,0.31203827261924744,-0.5098833441734314,2.0,0.059814371168613434,0.07344623655080795,0.3152446746826172,0.5618345141410828
1692309243.0821462,"[label: ""height""
size: 3
stride: 15, label: ""width""
size: 5
stride: 5]",0,1.0,0.021864455193281174,0.07403179258108139,0.3052537143230438,-0.043052542954683304,0.0,-0.016098633408546448,0.074398472905159,0.31203827261924744,-0.5098833441734314,2.0,0.05979723110795021,0.07357260584831238,0.3158359229564667,0.5708110928535461
1692309243.1793396,"[label: ""height""
size: 3
stride: 15, label: ""width""
size: 5
stride: 5]",0,1.0,0.02164454199373722,0.07364333420991898,0.30358168482780457,-0.019657058641314507,0.0,-0.016098633408546448,0.074398472905159,0.31203827261924744,-0.5098833441734314,2.0,0.0592585913836956,0.07302673906087875,0.31294044852256775,0.5810494422912598
1692309243.2801738,"[label: ""height""
size: 3
stride: 15, label: ""width""
size: 5
stride: 5]",0,1.0,0.02164454199373722,0.07364333420991898,0.30358168482780457,-0.019657058641314507,0.0,-0.016098633408546448,0.074398472905159,0.31203827261924744,-0.5098833441734314,2.0,0.05979723110795021,0.07357260584831238,0.3158359229564667,0.5708110928535461
1692309243.3781302,"[label: ""height""
size: 3
stride: 15, label: ""width""
size: 5
stride: 5]",0,1.0,0.02164454199373722,0.07364333420991898,0.30358168482780457,-0.019657058641314507,0.0,-0.016098633408546448,0.074398472905159,0.31203827261924744,-0.5098833441734314,2.0,0.05979723110795021,0.07357260584831238,0.3158359229564667,0.5708110928535461
1692309243.482,"[label: ""height""
size: 3
stride: 15, label: ""width""
size: 5
stride: 5]",0,1.0,0.02164454199373722,0.07364333420991898,0.30358168482780457,-0.019657058641314507,0.0,-0.016098633408546448,0.074398472905159,0.31203827261924744,-0.5098833441734314,2.0,0.059564463794231415,0.07345554232597351,0.31528833508491516,0.5624587535858154
1692309243.5786211,"[label: ""height""
size: 3
stride: 15, label: ""width""
size: 5
stride: 5]",0,1.0,0.02164454199373722,0.07364333420991898,0.30358168482780457,-0.019657058641314507,0.0,-0.016098633408546448,0.074398472905159,0.31203827261924744,-0.5098833441734314,2.0,0.059564463794231415,0.07345554232597351,0.31528833508491516,0.5624587535858154
1692309243.6807132,"[label: ""height""
size: 3
stride: 15, label: ""width""
size: 5
stride: 5]",0,1.0,0.021655092015862465,0.073518767952919,0.30385372042655945,-0.03051069937646389,0.0,-0.016275737434625626,0.07505975663661957,0.3158436715602875,-0.4909294545650482,2.0,0.059830889105796814,0.073563352227211,0.3174070119857788,0.5668841600418091
1692309243.7791064,"[label: ""height""
size: 3
stride: 15, label: ""width""
size: 5
stride: 5]",0,1.0,0.0216146819293499,0.0733318105340004,0.30436375737190247,0.01878475211560726,0.0,-0.016200056299567223,0.07476452738046646,0.31684908270835876,-0.5004898905754089,2.0,0.05964503809809685,0.07349447906017303,0.31708791851997375,0.5787245631217957
1692309243.8797789,"[label: ""height""
size: 3
stride: 15, label: ""width""
size: 5
stride: 5]",0,1.0,0.02170412614941597,0.07394792884588242,0.30795666575431824,-0.020252009853720665,0.0,-0.016200056299567223,0.07476452738046646,0.31684908270835876,-0.5004898905754089,2.0,0.059079524129629135,0.07302169501781464,0.31614014506340027,0.5723693370819092
1692309243.978823,"[label: ""height""
size: 3
stride: 15, label: ""width""
size: 5
stride: 5]",0,1.0,0.021674126386642456,0.0741395428776741,0.30876460671424866,0.019206980243325233,0.0,-0.016382312402129173,0.07544662803411484,0.32079941034317017,-0.4806598722934723,2.0,0.05927981808781624,0.0731537938117981,0.31793248653411865,0.5773649215698242
1692309244.0804577,"[label: ""height""
size: 3
stride: 15, label: ""width""
size: 5
stride: 5]",0,1.0,0.021732809022068977,0.07426125556230545,0.3116867244243622,0.0034364303573966026,0.0,-0.01626407541334629,0.07471701502799988,0.31823888421058655,-0.493071585893631,2.0,0.059810370206832886,0.07389573752880096,0.32226455211639404,0.5636360049247742
1692309244.178359,"[label: ""height""
size: 3
stride: 15, label: ""width""
size: 5
stride: 5]",0,1.0,0.02141599915921688,0.07382678240537643,0.3096354007720947,-0.04558892175555229,0.0,-0.016448697075247765,0.07494376599788666,0.31926336884498596,-0.5011928081512451,2.0,0.05955430120229721,0.0739046111702919,0.32230696082115173,0.56424880027771
1692309244.281378,"[label: ""height""
size: 3
stride: 15, label: ""width""
size: 5
stride: 5]",0,1.0,0.02119845151901245,0.07360084354877472,0.3094674348831177,-0.0003787032619584352,0.0,-0.016419166699051857,0.07503102719783783,0.32129859924316406,-0.50583416223526,2.0,0.05935129523277283,0.07328964024782181,0.32189643383026123,0.5766665935516357
1692309244.380702,"[label: ""height""
size: 3
stride: 15, label: ""width""
size: 5
stride: 5]",0,1.0,0.02144601009786129,0.07435213774442673,0.3135632276535034,-0.02955988422036171,0.0,-0.016537455841898918,0.07493904232978821,0.32088711857795715,-0.5214369297027588,2.0,0.059013985097408295,0.0733608677983284,0.3222346007823944,0.5657591223716736
1692309244.480318,"[label: ""height""
size: 3
stride: 15, label: ""width""
size: 5
stride: 5]",0,1.0,0.021252961829304695,0.07374853640794754,0.3124568462371826,-0.021213430911302567,0.0,-0.01668074168264866,0.07552064210176468,0.32394954562187195,-0.5051855444908142,2.0,0.05962585657835007,0.07404623180627823,0.32635682821273804,0.5633318424224854
1692309244.5788083,"[label: ""height""
size: 3
stride: 15, label: ""width""
size: 5
stride: 5]",0,1.0,0.021471615880727768,0.07413584738969803,0.3141677677631378,-0.04740457236766815,0.0,-0.016607144847512245,0.07572576403617859,0.32536017894744873,-0.4858280122280121,2.0,0.059371743351221085,0.07362356781959534,0.32566940784454346,0.5768157243728638
1692309244.680679,"[label: ""height""
size: 3
stride: 15, label: ""width""
size: 5
stride: 5]",0,1.0,0.021252676844596863,0.07391075044870377,0.3140144646167755,-0.000382934114895761,0.0,-0.016368286684155464,0.07483109086751938,0.32321596145629883,-0.48110634088516235,2.0,0.05860581248998642,0.07280805706977844,0.3221212923526764,0.599107563495636
1692309244.7809994,"[label: ""height""
size: 3
stride: 15, label: ""width""
size: 5
stride: 5]",0,1.0,0.021497447043657303,0.07436452060937881,0.3160227835178375,-0.02088865265250206,0.0,-0.016340989619493484,0.07518960535526276,0.3253525197505951,-0.4874310791492462,2.0,0.05932280421257019,0.07362207025289536,0.3268912136554718,0.5734873414039612
1692309244.8820038,"[label: ""height""
size: 3
stride: 15, label: ""width""
size: 5
stride: 5]",0,1.0,0.021497154608368874,0.07384609431028366,0.3160194456577301,-0.020953580737113953,0.0,-0.016262944787740707,0.07516052573919296,0.3264245390892029,-0.4952239692211151,2.0,0.0596407949924469,0.07407175749540329,0.3294428586959839,0.5535961985588074
1692309244.9793735,"[label: ""height""
size: 3
stride: 15, label: ""width""
size: 5
stride: 5]",0,1.0,0.021528679877519608,0.07445361465215683,0.3188325762748718,-0.04936426505446434,0.0,-0.01618940196931362,0.07453511655330658,0.3247925639152527,-0.5045566558837891,2.0,0.05943259969353676,0.07413669675588608,0.32975849509239197,0.5755532383918762
1692309245.0823913,"[label: ""height""
size: 3
stride: 15, label: ""width""
size: 5
stride: 5]",0,1.0,0.021893631666898727,0.07491673529148102,0.3218725919723511,-0.022225582972168922,0.0,-0.016255712136626244,0.07536973804235458,0.3290922939777374,-0.4969676434993744,2.0,0.05933823436498642,0.07374706864356995,0.3292269706726074,0.5786275863647461
1692309245.18148,"[label: ""height""
size: 3
stride: 15, label: ""width""
size: 5
stride: 5]",0,1.0,0.021862469613552094,0.07489100098609924,0.3225466310977936,0.03642094507813454,0.0,-0.01630302146077156,0.07548805326223373,0.33013972640037537,-0.4937498867511749,2.0,0.0599023811519146,0.074323371052742,0.3324112892150879,0.5676300525665283
1692309245.2828069,"[label: ""height""
size: 3
stride: 15, label: ""width""
size: 5
stride: 5]",0,1.0,0.021292133256793022,0.07388337701559067,0.3190380334854126,-0.039958804845809937,0.0,-0.016559146344661713,0.0757654681801796,0.3326762318611145,-0.4940986931324005,2.0,0.05913263186812401,0.07377505302429199,0.33112114667892456,0.5731933116912842
1692309245.3809674,"[label: ""height""
size: 3
stride: 15, label: ""width""
size: 5
stride: 5]",0,1.0,0.021365681663155556,0.07438832521438599,0.32186952233314514,-0.02259475365281105,0.0,-0.016488824039697647,0.07515557110309601,0.3311132490634918,-0.502899169921875,2.0,0.059681057929992676,0.07449325919151306,0.33501511812210083,0.5715942978858948
1692309245.4819717,"[label: ""height""
size: 3
stride: 15, label: ""width""
size: 5
stride: 5]",0,1.0,0.021333077922463417,0.07458583265542984,0.32273226976394653,0.02153066173195839,0.0,-0.016759946942329407,0.07566433399915695,0.33394309878349304,-0.5022085309028625,2.0,0.05880524590611458,0.07376721501350403,0.3323575258255005,0.5703660845756531
1692309245.5797236,"[label: ""height""
size: 3
stride: 15, label: ""width""
size: 5
stride: 5]",0,1.0,0.02142445743083954,0.07525784522294998,0.32678794860839844,-0.023270556703209877,0.0,-0.016759946942329407,0.07566433399915695,0.33394309878349304,-0.5022085309028625,2.0,0.05911976099014282,0.07392844557762146,0.33493930101394653,0.5731221437454224
1692309245.6815333,"[label: ""height""
size: 3
stride: 15, label: ""width""
size: 5
stride: 5]",0,1.0,0.02106279321014881,0.0743216797709465,0.3244067430496216,0.04025578498840332,0.0,-0.016733191907405853,0.07525572180747986,0.3333476781845093,-0.5073103904724121,2.0,0.0591876320540905,0.07406222075223923,0.3361024558544159,0.5817094445228577
1692309245.7777188,"[label: ""height""
size: 3
stride: 15, label: ""width""
size: 5
stride: 5]",0,1.0,0.021083682775497437,0.07449302077293396,0.3256339430809021,-0.022674988955259323,0.0,-0.0168839693069458,0.07586224377155304,0.33665230870246887,-0.48987630009651184,2.0,0.05941107124090195,0.07473583519458771,0.33982113003730774,0.5586684942245483
1692309245.880337,"[label: ""height""
size: 3
stride: 15, label: ""width""
size: 5
stride: 5]",0,1.0,0.021106155589222908,0.07511023432016373,0.32855209708213806,-0.054713282734155655,0.0,-0.016603320837020874,0.07499409466981888,0.3333628475666046,-0.5193870067596436,2.0,0.05885446071624756,0.07405425608158112,0.3373696804046631,0.5789363384246826
1692309245.9809883,"[label: ""height""
size: 3
stride: 15, label: ""width""
size: 5
stride: 5]",0,1.0,0.021123919636011124,0.0747607946395874,0.32863232493400574,-0.04275358095765114,0.0,-0.016804169863462448,0.07572393119335175,0.3377833068370819,-0.49901649355888367,2.0,0.05919905751943588,0.07408848404884338,0.33937525749206543,0.5719849467277527
1692309246.0813031,"[label: ""height""
size: 3
stride: 15, label: ""width""
size: 5
stride: 5]",0,1.0,0.02114371582865715,0.07458443939685822,0.32829973101615906,-0.00041376499575562775,0.0,-0.016804169863462448,0.07572393119335175,0.3377833068370819,-0.49901649355888367,2.0,0.05908115208148956,0.07427787035703659,0.3403189480304718,0.5696038007736206
1692309246.1789076,"[label: ""height""
size: 3
stride: 15, label: ""width""
size: 5
stride: 5]",0,1.0,0.021138682961463928,0.07483240962028503,0.33066847920417786,-0.023449823260307312,0.0,-0.016853313893079758,0.0761825442314148,0.34178420901298523,-0.4963943064212799,2.0,0.05889122560620308,0.07421432435512543,0.3400017023086548,0.5823997855186462
1692309246.2795157,"[label: ""height""
size: 3
stride: 15, label: ""width""
size: 5
stride: 5]",0,1.0,0.021451039239764214,0.07526801526546478,0.3327583074569702,0.023418037220835686,0.0,-0.0167225394397974,0.07540100067853928,0.33888497948646545,-0.5093443393707275,2.0,0.05949022248387337,0.07490234822034836,0.3443572223186493,0.5572755336761475
1692309246.3782995,"[label: ""height""
size: 3
stride: 15, label: ""width""
size: 5
stride: 5]",0,1.0,0.021468061953783035,0.07542873173952103,0.3339766561985016,-0.04400591179728508,0.0,-0.016802625730633736,0.0762554407119751,0.3439563810825348,-0.4700004756450653,2.0,0.059098195284605026,0.07441610097885132,0.34286612272262573,0.5748481154441833
1692309246.4809504,"[label: ""height""
size: 3
stride: 15, label: ""width""
size: 5
stride: 5]",0,1.0,0.021505024284124374,0.07536838203668594,0.3360002338886261,0.008872246369719505,0.0,-0.016693206503987312,0.0754975974559784,0.34118422865867615,-0.514058530330658,2.0,0.05976947769522667,0.07518239319324493,0.3476431369781494,0.5719475746154785
1692309246.578644,"[label: ""height""
size: 3
stride: 15, label: ""width""
size: 5
stride: 5]",0,1.0,0.021246539428830147,0.07538191974163055,0.3364110589027405,-0.004596765153110027,0.0,-0.016693206503987312,0.0754975974559784,0.34118422865867615,-0.514058530330658,2.0,0.05916839838027954,0.07445409148931503,0.34494075179100037,0.5681540966033936
1692309246.6806192,"[label: ""height""
size: 3
stride: 15, label: ""width""
size: 5
stride: 5]",0,1.0,0.020939825102686882,0.07470051944255829,0.3336213529109955,-0.00039755471516400576,0.0,-0.016768163070082664,0.07546301931142807,0.342864066362381,-0.5060913562774658,2.0,0.0586966834962368,0.0743924230337143,0.34463340044021606,0.5818941593170166
1692309246.7799675,"[label: ""height""
size: 3
stride: 15, label: ""width""
size: 5
stride: 5]",0,1.0,0.020960967987775803,0.07522064447402954,0.3374636173248291,0.06404931098222733,0.0,-0.017125828191637993,0.07633422315120697,0.34753814339637756,-0.49725618958473206,2.0,0.0588197335600853,0.07467104494571686,0.34793952107429504,0.5614067912101746
1692309246.8826172,"[label: ""height""
size: 3
stride: 15, label: ""width""
size: 5
stride: 5]",0,1.0,0.02065407484769821,0.07524530589580536,0.3388475775718689,-0.06156396493315697,0.0,-0.01722419634461403,0.07581082731485367,0.34642887115478516,-0.5194611549377441,2.0,0.05840267986059189,0.07463779300451279,0.34970954060554504,0.5686075687408447
1692309246.9815261,"[label: ""height""
size: 3
stride: 15, label: ""width""
size: 5
stride: 5]",0,1.0,0.020438915118575096,0.07505228370428085,0.3389112055301666,-0.0003940182796213776,0.0,-0.01730341464281082,0.07577800750732422,0.3481663763523102,-0.5114530920982361,2.0,0.05867422744631767,0.0749182477593422,0.3530908524990082,0.5835310816764832
1692309247.08414,"[label: ""height""
size: 3
stride: 15, label: ""width""
size: 5
stride: 5]",0,1.0,0.020488815382122993,0.07522626966238022,0.3424922227859497,-0.02666778489947319,0.0,-0.017381951212882996,0.07585077732801437,0.3498874306678772,-0.5023505091667175,2.0,0.05865950882434845,0.0747973769903183,0.3539051115512848,0.5677704811096191
1692309247.1786582,"[label: ""height""
size: 3
stride: 15, label: ""width""
size: 5
stride: 5]",0,1.0,0.020486116409301758,0.07541543990373611,0.3443717956542969,-0.00039861741242930293,0.0,-0.01744285598397255,0.07622640579938889,0.35423871874809265,-0.50038081407547,2.0,0.058083973824977875,0.07432436943054199,0.35301390290260315,0.5850743055343628
1692309247.2832093,"[label: ""height""
size: 3
stride: 15, label: ""width""
size: 5
stride: 5]",0,1.0,0.020486121997237206,0.07485143095254898,0.3443719744682312,-0.00040335574885830283,0.0,-0.017358724027872086,0.07618675380945206,0.35545045137405396,-0.5091360807418823,2.0,0.058754853904247284,0.07510380446910858,0.35804304480552673,0.5821729302406311
1692309247.3784478,"[label: ""height""
size: 3
stride: 15, label: ""width""
size: 5
stride: 5]",0,1.0,0.020508352667093277,0.07596712559461594,0.35033297538757324,-0.05072936415672302,0.0,-0.017588455229997635,0.07700002193450928,0.36056745052337646,-0.4864318072795868,2.0,0.05845724046230316,0.07499522715806961,0.3589474558830261,0.5667088031768799
1692309247.4846075,"[label: ""height""
size: 3
stride: 15, label: ""width""
size: 5
stride: 5]",0,1.0,0.020535368472337723,0.07585228234529495,0.35233524441719055,0.016515666618943214,0.0,-0.0177114587277174,0.07655924558639526,0.35987094044685364,-0.506020188331604,2.0,0.058380190283060074,0.07522113621234894,0.36216843128204346,0.5587136745452881
1692309247.579017,"[label: ""height""
size: 3
stride: 15, label: ""width""
size: 5
stride: 5]",0,1.0,0.020218664780259132,0.07571668922901154,0.3524271547794342,-0.02801504172384739,0.0,-0.017584092915058136,0.0763898566365242,0.36047011613845825,-0.4869441092014313,2.0,0.058509327471256256,0.07533007115125656,0.36482560634613037,0.5756608247756958
1692309247.6823761,"[label: ""height""
size: 3
stride: 15, label: ""width""
size: 5
stride: 5]",0,1.0,0.02058521658182144,0.07617796957492828,0.35583817958831787,-0.0004081586957909167,0.0,-0.01756942644715309,0.07736944407224655,0.36650022864341736,-0.493167906999588,2.0,0.05812399461865425,0.07466837763786316,0.36238718032836914,0.5837209820747375
1692309247.779454,"[label: ""height""
size: 3
stride: 15, label: ""width""
size: 5
stride: 5]",0,1.0,0.02063913457095623,0.07637321949005127,0.3597938120365143,-0.029755886644124985,0.0,-0.01733054779469967,0.07592308521270752,0.3610987663269043,-0.5165346264839172,2.0,0.058432694524526596,0.0755641832947731,0.36815980076789856,0.5676241517066956
1692309247.879887,"[label: ""height""
size: 3
stride: 15, label: ""width""
size: 5
stride: 5]",0,1.0,0.02059861645102501,0.07658296823501587,0.3607792258262634,0.029247714206576347,0.0,-0.017480168491601944,0.07701006531715393,0.3677222728729248,-0.5047274827957153,2.0,0.0588410422205925,0.07614856958389282,0.3717269003391266,0.5691544413566589
1692309247.9801216,"[label: ""height""
size: 3
stride: 15, label: ""width""
size: 5
stride: 5]",0,1.0,0.021187694743275642,0.07598154991865158,0.3607286512851715,0.03032562881708145,0.0,-0.016875794157385826,0.07639449834823608,0.36765560507774353,-0.5065627694129944,2.0,0.05851144343614578,0.07486974447965622,0.36767998337745667,0.5815238952636719
1692309248.0888364,"[label: ""height""
size: 3
stride: 15, label: ""width""
size: 5
stride: 5]",0,1.0,0.021201984956860542,0.07616692781448364,0.3621993660926819,-0.05536133423447609,0.0,-0.01693781279027462,0.07712989300489426,0.37257617712020874,-0.501825749874115,2.0,0.05943358317017555,0.075770802795887,0.37356674671173096,0.5638924241065979
1692309248.1854188,"[label: ""height""
size: 3
stride: 15, label: ""width""
size: 5
stride: 5]",0,1.0,0.02177652344107628,0.07538003474473953,0.36067670583724976,0.03139878436923027,0.0,-0.016189157962799072,0.07626698166131973,0.3691248595714569,-0.5175373554229736,2.0,0.05972231924533844,0.07489287108182907,0.37152940034866333,0.5679526925086975
1692309248.2884204,"[label: ""height""
size: 3
stride: 15, label: ""width""
size: 5
stride: 5]",0,1.0,0.02249544858932495,0.07619072496891022,0.3660048544406891,-0.029653610661625862,0.0,-0.015717899426817894,0.07651511579751968,0.37255361676216125,-0.5049639344215393,2.0,0.060774244368076324,0.07518275827169418,0.37529224157333374,0.542976438999176
1692309248.385638,"[label: ""height""
size: 3
stride: 15, label: ""width""
size: 5
stride: 5]",0,1.0,0.02349242940545082,0.07583000510931015,0.3668202757835388,-0.15246924757957458,0.0,-0.014646735973656178,0.07722090929746628,0.3767556846141815,-0.4876454174518585,2.0,0.061502255499362946,0.07463666051626205,0.3740552067756653,0.5710362792015076
1692309248.4842381,"[label: ""height""
size: 3
stride: 15, label: ""width""
size: 5
stride: 5]",0,1.0,0.024194825440645218,0.07480109483003616,0.36186546087265015,-0.0004830065299756825,0.0,-0.013281685300171375,0.0759149044752121,0.37260666489601135,-0.5108059644699097,2.0,0.06271997094154358,0.07462922483682632,0.37401464581489563,0.5685554146766663
1692309248.581964,"[label: ""height""
size: 3
stride: 15, label: ""width""
size: 5
stride: 5]",0,1.0,0.025499388575553894,0.07560065388679504,0.3660576343536377,-0.027376756072044373,0.0,-0.01267328392714262,0.07592219859361649,0.3726447522640228,-0.5121535062789917,2.0,0.06401325762271881,0.07528778165578842,0.3780972957611084,0.5544418096542358
1692309248.6829004,"[label: ""height""
size: 3
stride: 15, label: ""width""
size: 5
stride: 5]",0,1.0,0.025974664837121964,0.07527154684066772,0.36274299025535583,-0.07331801950931549,0.0,-0.011811153031885624,0.07769227772951126,0.37982723116874695,-0.5001508593559265,2.0,0.06443989276885986,0.07516150176525116,0.37517592310905457,0.5356858968734741
1692309248.7801485,"[label: ""height""
size: 3
stride: 15, label: ""width""
size: 5
stride: 5]",0,1.0,0.026893287897109985,0.0759366899728775,0.36457860469818115,-0.025126900523900986,0.0,-0.010849939659237862,0.07657450437545776,0.3728610575199127,-0.515709638595581,2.0,0.06507807224988937,0.07531438767910004,0.3744005560874939,0.5495481491088867
1692309248.8825023,"[label: ""height""
size: 3
stride: 15, label: ""width""
size: 5
stride: 5]",0,1.0,0.027908729389309883,0.07568120211362839,0.36602678894996643,-0.0022826441563665867,0.0,-0.010261530056595802,0.07772139459848404,0.37998533248901367,-0.5039889216423035,2.0,0.06541690975427628,0.07435569912195206,0.3719194233417511,0.5675458312034607
1692309248.9798608,"[label: ""height""
size: 3
stride: 15, label: ""width""
size: 5
stride: 5]",0,1.0,0.028345393016934395,0.07420909404754639,0.3618690073490143,-0.0005474229692481458,0.0,-0.009250428527593613,0.07619393616914749,0.3762553334236145,-0.5212447643280029,2.0,0.0668717548251152,0.07404059171676636,0.37414687871932983,0.5464712381362915
1692309249.085894,"[label: ""height""
size: 3
stride: 15, label: ""width""
size: 5
stride: 5]",0,1.0,0.02953130193054676,0.0736166387796402,0.36187028884887695,-0.0005697142332792282,0.0,-0.008407200686633587,0.07471324503421783,0.37270915508270264,-0.522722601890564,2.0,0.06778857856988907,0.07327375560998917,0.3732978105545044,0.5338312387466431
1692309249.184913,"[label: ""height""
size: 3
stride: 15, label: ""width""
size: 5
stride: 5]",0,1.0,0.030133377760648727,0.07444456964731216,0.3624943494796753,-0.049231696873903275,0.0,-0.0077999047935009,0.07535038143396378,0.37284883856773376,-0.523594081401825,2.0,0.06806278228759766,0.07365838438272476,0.3714361786842346,0.5376615524291992
1692309249.2862291,"[label: ""height""
size: 3
stride: 15, label: ""width""
size: 5
stride: 5]",0,1.0,0.030729446560144424,0.07504124194383621,0.36250734329223633,-0.048029519617557526,0.0,-0.00719217536970973,0.07598827034235,0.3729899823665619,-0.5244603753089905,2.0,0.06906381249427795,0.07420001178979874,0.371073842048645,0.5493467450141907
1692309249.3842866,"[label: ""height""
size: 3
stride: 15, label: ""width""
size: 5
stride: 5]",0,1.0,0.0307349544018507,0.07465025782585144,0.36206668615341187,0.0023173701483756304,0.0,-0.007158791180700064,0.07526876032352448,0.370869904756546,-0.5349007248878479,2.0,0.06854137033224106,0.07301641255617142,0.3674283027648926,0.5480297207832336
1692309249.4869094,"[label: ""height""
size: 3
stride: 15, label: ""width""
size: 5
stride: 5]",0,1.0,0.030853580683469772,0.07261468470096588,0.3585042655467987,-0.02089337259531021,0.0,-0.006674785166978836,0.07356397807598114,0.3692629635334015,-0.527730405330658,2.0,0.06910516321659088,0.0717754065990448,0.367225706577301,0.5473642945289612
1692309249.5858734,"[label: ""height""
size: 3
stride: 15, label: ""width""
size: 5
stride: 5]",0,1.0,0.031165538355708122,0.07350529730319977,0.35989105701446533,-0.1350005567073822,0.0,-0.006524377968162298,0.07470038533210754,0.3688819110393524,-0.5453609228134155,2.0,0.06963325291872025,0.07245633006095886,0.36765965819358826,0.5323085784912109
1692309249.6878588,"[label: ""height""
size: 3
stride: 15, label: ""width""
size: 5
stride: 5]",0,1.0,0.03126116096973419,0.07335840910673141,0.3533366024494171,-0.04126669839024544,0.0,-0.006182672921568155,0.0750310868024826,0.3668317198753357,-0.5207586884498596,2.0,0.06962320953607559,0.072862409055233,0.3644123077392578,0.5401674509048462
1692309249.7854865,"[label: ""height""
size: 3
stride: 15, label: ""width""
size: 5
stride: 5]",0,1.0,0.031813040375709534,0.07292782515287399,0.35349467396736145,-0.08736688643693924,0.0,-0.005581892095506191,0.07441788911819458,0.3667677640914917,-0.5226791501045227,2.0,0.07093159854412079,0.07300188392400742,0.3673486113548279,0.5432779788970947
1692309249.8855567,"[label: ""height""
size: 3
stride: 15, label: ""width""
size: 5
stride: 5]",0,1.0,0.032067302614450455,0.07132658362388611,0.35122227668762207,-0.05604679137468338,0.0,-0.005496539641171694,0.07174385339021683,0.359356552362442,-0.556260883808136,2.0,0.07112622261047363,0.07152766734361649,0.36523470282554626,0.54768967628479
1692309249.9833379,"[label: ""height""
size: 3
stride: 15, label: ""width""
size: 5
stride: 5]",0,1.0,0.03257882967591286,0.07235290110111237,0.3500218987464905,-0.0006014214013703167,0.0,-0.005058179143816233,0.07307331264019012,0.360149085521698,-0.5386725068092346,2.0,0.07124071568250656,0.0720837339758873,0.3612470030784607,0.5337675213813782
1692309250.085847,"[label: ""height""
size: 3
stride: 15, label: ""width""
size: 5
stride: 5]",0,1.0,0.03256071358919144,0.072280153632164,0.34914177656173706,-0.08914313465356827,0.0,-0.004891903139650822,0.07299824059009552,0.35765498876571655,-0.5651413798332214,2.0,0.07146763801574707,0.07185154408216476,0.3593922257423401,0.5375488996505737
1692309250.1826177,"[label: ""height""
size: 3
stride: 15, label: ""width""
size: 5
stride: 5]",0,1.0,0.033266156911849976,0.07082914561033249,0.3468887507915497,-0.017276102676987648,0.0,-0.004580183420330286,0.07167113572359085,0.3568263053894043,-0.5390777587890625,2.0,0.07259684801101685,0.07079542428255081,0.3606685400009155,0.5073142051696777
1692309250.2872062,"[label: ""height""
size: 3
stride: 15, label: ""width""
size: 5
stride: 5]",0,1.0,0.03341088816523552,0.07074899971485138,0.34256863594055176,-0.01756482757627964,0.0,-0.003974738530814648,0.07209344953298569,0.35387733578681946,-0.5530204772949219,2.0,0.0720994770526886,0.07059328258037567,0.3552361726760864,0.5235852599143982
1692309250.3823326,"[label: ""height""
size: 3
stride: 15, label: ""width""
size: 5
stride: 5]",0,1.0,0.034023817628622055,0.07199461758136749,0.34369340538978577,-0.08595874160528183,0.0,-0.003396720392629504,0.07269967347383499,0.35401496291160583,-0.5539381504058838,2.0,0.07218234986066818,0.07039064913988113,0.349931001663208,0.537833571434021
1692309250.4907532,"[label: ""height""
size: 3
stride: 15, label: ""width""
size: 5
stride: 5]",0,1.0,0.03518514335155487,0.07113867998123169,0.3436635732650757,-0.04336961731314659,0.0,-0.0025129837449640036,0.0719689205288887,0.3532240092754364,-0.5288046598434448,2.0,0.07330194860696793,0.06979426741600037,0.34980639815330505,0.5357921719551086
1692309250.5875072,"[label: ""height""
size: 3
stride: 15, label: ""width""
size: 5
stride: 5]",0,1.0,0.03497372195124626,0.07007133215665817,0.3404208719730377,-0.06427863985300064,0.0,-0.0025126845575869083,0.0713719055056572,0.35312697291374207,-0.5293130874633789,2.0,0.07328420132398605,0.06920527666807175,0.34972047805786133,0.5360534191131592
1692309250.6868591,"[label: ""height""
size: 3
stride: 15, label: ""width""
size: 5
stride: 5]",0,1.0,0.035464778542518616,0.07084484398365021,0.33955636620521545,-0.03705615922808647,0.0,-0.0020741247572004795,0.07268223911523819,0.35391709208488464,-0.5108476281166077,2.0,0.07409995794296265,0.07032044976949692,0.3495480418205261,0.5108551979064941
1692309250.7842941,"[label: ""height""
size: 3
stride: 15, label: ""width""
size: 5
stride: 5]",0,1.0,0.035035911947488785,0.07037965953350067,0.3371450901031494,-0.08046378940343857,0.0,-0.0025079569313675165,0.07202618569135666,0.3514605164527893,-0.537388265132904,2.0,0.07346256822347641,0.06969033181667328,0.3471655249595642,0.5299633741378784
1692309250.8873653,"[label: ""height""
size: 3
stride: 15, label: ""width""
size: 5
stride: 5]",0,1.0,0.03524550050497055,0.06884676218032837,0.3349674344062805,-0.053881388157606125,0.0,-0.002198378322646022,0.06994547694921494,0.347482293844223,-0.5250549912452698,2.0,0.07398297637701035,0.06839179992675781,0.34627801179885864,0.5193353891372681
1692309250.985891,"[label: ""height""
size: 3
stride: 15, label: ""width""
size: 5
stride: 5]",0,1.0,0.03579619899392128,0.06994595378637314,0.3349781334400177,-0.05308528244495392,0.0,-0.0016302119474858046,0.07112820446491241,0.34771355986595154,-0.5254272818565369,2.0,0.07448244094848633,0.06974305212497711,0.3459620177745819,0.5206812620162964
1692309251.0889103,"[label: ""height""
size: 3
stride: 15, label: ""width""
size: 5
stride: 5]",0,1.0,0.03516471013426781,0.06978780776262283,0.33317530155181885,-0.08219018578529358,0.0,-0.002195583889260888,0.07118057459592819,0.3459646701812744,-0.532592236995697,2.0,0.07392124831676483,0.0694781094789505,0.34396758675575256,0.5382339954376221
1692309251.1849463,"[label: ""height""
size: 3
stride: 15, label: ""width""
size: 5
stride: 5]",0,1.0,0.03515641763806343,0.06850696355104446,0.33271723985671997,-0.0404500812292099,0.0,-0.0021951787639409304,0.0700099915266037,0.34576883912086487,-0.5336608290672302,2.0,0.07410071045160294,0.06838696449995041,0.3441663682460785,0.5257765650749207
1692309251.2891657,"[label: ""height""
size: 3
stride: 15, label: ""width""
size: 5
stride: 5]",0,1.0,0.03497221693396568,0.06913550943136215,0.32980188727378845,-0.05216442421078682,0.0,-0.0021890837233513594,0.07043159753084183,0.3429911434650421,-0.5459503531455994,2.0,0.07339072972536087,0.06842130422592163,0.3408242464065552,0.536996066570282
1692309251.386147,"[label: ""height""
size: 3
stride: 15, label: ""width""
size: 5
stride: 5]",0,1.0,0.03531404584646225,0.07011407613754272,0.3319688141345978,-0.07779284566640854,0.0,-0.002191819716244936,0.07111982256174088,0.34422585368156433,-0.5418933629989624,2.0,0.07361668348312378,0.0687953308224678,0.33927634358406067,0.539986252784729
1692309251.4939015,"[label: ""height""
size: 3
stride: 15, label: ""width""
size: 5
stride: 5]",0,1.0,0.03498203679919243,0.06846124678850174,0.32997986674308777,-0.060722943395376205,0.0,-0.002452641725540161,0.0693073496222496,0.34155067801475525,-0.5239080190658569,2.0,0.07368886470794678,0.06817368417978287,0.3409446179866791,0.5113154649734497
1692309251.5852623,"[label: ""height""
size: 3
stride: 15, label: ""width""
size: 5
stride: 5]",0,1.0,0.03491111472249031,0.06866185367107391,0.32909688353538513,-0.03530329838395119,0.0,-0.002731557935476303,0.06916403025388718,0.3382139503955841,-0.5659921169281006,2.0,0.07359219342470169,0.06836043298244476,0.3404911458492279,0.5143216848373413
1692309251.6806571,"[label: ""height""
size: 3
stride: 15, label: ""width""
size: 5
stride: 5]",0,1.0,0.03489447757601738,0.0693608969449997,0.32858747243881226,0.004568715579807758,0.0,-0.003013959852978587,0.07086262851953506,0.34231287240982056,-0.5160365104675293,2.0,0.07327493280172348,0.06874541193246841,0.33900442719459534,0.5185571908950806
1692309251.78567,"[label: ""height""
size: 3
stride: 15, label: ""width""
size: 5
stride: 5]",0,1.0,0.03545144572854042,0.06920184195041656,0.3291001319885254,-0.03449709713459015,0.0,-0.0024448398035019636,0.06972527503967285,0.3388214409351349,-0.5362827181816101,2.0,0.07381174713373184,0.06831984221935272,0.3382616639137268,0.5306513905525208
1692309251.8826065,"[label: ""height""
size: 3
stride: 15, label: ""width""
size: 5
stride: 5]",0,1.0,0.03471801429986954,0.0671577975153923,0.32498329877853394,-0.059482086449861526,0.0,-0.002577906707301736,0.06867575645446777,0.33913594484329224,-0.5195642709732056,2.0,0.07349704951047897,0.06706396490335464,0.3374536335468292,0.5221500992774963
1692309251.9799948,"[label: ""height""
size: 3
stride: 15, label: ""width""
size: 5
stride: 5]",0,1.0,0.03491475433111191,0.06868001073598862,0.3279050886631012,-0.039622846990823746,0.0,-0.002998734824359417,0.06971774250268936,0.33878225088119507,-0.5348795056343079,2.0,0.0728839561343193,0.06757554411888123,0.33522409200668335,0.5417385101318359
1692309252.0798883,"[label: ""height""
size: 3
stride: 15, label: ""width""
size: 5
stride: 5]",0,1.0,0.034286487847566605,0.0688370019197464,0.3268280327320099,-0.015010135248303413,0.0,-0.003410356817767024,0.07037307322025299,0.3392874300479889,-0.5154259204864502,2.0,0.07256624102592468,0.06821021437644958,0.33567941188812256,0.5300377607345581
1692309252.1780229,"[label: ""height""
size: 3
stride: 15, label: ""width""
size: 5
stride: 5]",0,1.0,0.03417329490184784,0.0683496817946434,0.32478293776512146,-0.051268257200717926,0.0,-0.003257249714806676,0.0695548728108406,0.3379364013671875,-0.5074737071990967,2.0,0.07298273593187332,0.06820304691791534,0.337631493806839,0.5228068232536316
1692309252.2883503,"[label: ""height""
size: 3
stride: 15, label: ""width""
size: 5
stride: 5]",0,1.0,0.03450639918446541,0.06784534454345703,0.3267805278301239,-0.0641278550028801,0.0,-0.0031322985887527466,0.06866860389709473,0.3390979468822479,-0.5181635618209839,2.0,0.07296719402074814,0.06694573163986206,0.3362419009208679,0.5487104058265686
1692309252.3840067,"[label: ""height""
size: 3
stride: 15, label: ""width""
size: 5
stride: 5]",0,1.0,0.03418215736746788,0.06768395751714706,0.3249506950378418,-0.059444427490234375,0.0,-0.003132737008854747,0.06924180686473846,0.3391909599304199,-0.5176573395729065,2.0,0.07264402508735657,0.0674610584974289,0.3360437750816345,0.5274040699005127
1692309252.4797323,"[label: ""height""
size: 3
stride: 15, label: ""width""
size: 5
stride: 5]",0,1.0,0.033964090049266815,0.06876479089260101,0.32684433460235596,-0.07708761841058731,0.0,-0.003545771585777402,0.06961137801408768,0.337654709815979,-0.5369216799736023,2.0,0.07238034158945084,0.06813906878232956,0.33673352003097534,0.5373815894126892
1692309252.578877,"[label: ""height""
size: 3
stride: 15, label: ""width""
size: 5
stride: 5]",0,1.0,0.033964090049266815,0.06876479089260101,0.32684433460235596,-0.07708761841058731,0.0,-0.003545771585777402,0.06961137801408768,0.337654709815979,-0.5369216799736023,2.0,0.07272418588399887,0.06874889135360718,0.3390233516693115,0.5196823477745056
1692309252.6836371,"[label: ""height""
size: 3
stride: 15, label: ""width""
size: 5
stride: 5]",0,1.0,0.0343477725982666,0.06825946271419525,0.32760539650917053,-0.03935426473617554,0.0,-0.003132737008854747,0.06924180686473846,0.3391909599304199,-0.5176573395729065,2.0,0.07276849448680878,0.0676976814866066,0.33789506554603577,0.5453449487686157
1692309252.7785397,"[label: ""height""
size: 3
stride: 15, label: ""width""
size: 5
stride: 5]",0,1.0,0.03437045216560364,0.06758252531290054,0.3290933668613434,-0.03643346205353737,0.0,-0.002997460076585412,0.06800074875354767,0.3385039269924164,-0.5363577604293823,2.0,0.07301163673400879,0.06708434224128723,0.3390413522720337,0.541925311088562
1692309252.8885343,"[label: ""height""
size: 3
stride: 15, label: ""width""
size: 5
stride: 5]",0,1.0,0.03454471006989479,0.06875158846378326,0.33259597420692444,-0.09218930453062057,0.0,-0.003310004947707057,0.06983719021081924,0.3428199589252472,-0.5436325669288635,2.0,0.07247820496559143,0.06765859574079514,0.33914291858673096,0.5428124070167542
1692309252.985685,"[label: ""height""
size: 3
stride: 15, label: ""width""
size: 5
stride: 5]",0,1.0,0.03443150967359543,0.06881595402956009,0.3295692503452301,-0.02634078450500965,0.0,-0.0031803050078451633,0.07067260146141052,0.34626397490501404,-0.5124478340148926,2.0,0.07283692806959152,0.06842471659183502,0.3408429026603699,0.538141667842865
1692309253.088704,"[label: ""height""
size: 3
stride: 15, label: ""width""
size: 5
stride: 5]",0,1.0,0.03463490679860115,0.06946160644292831,0.33424097299575806,-0.03687398135662079,0.0,-0.003037145361304283,0.0701366513967514,0.34439051151275635,-0.5371045470237732,2.0,0.07299020141363144,0.06884414702653885,0.34358394145965576,0.5178921818733215
1692309253.1818223,"[label: ""height""
size: 3
stride: 15, label: ""width""
size: 5
stride: 5]",0,1.0,0.03469398617744446,0.0688416063785553,0.33494099974632263,-0.053827155381441116,0.0,-0.0033345059491693974,0.06993065774440765,0.34740349650382996,-0.5222543478012085,2.0,0.07342041283845901,0.06839534640312195,0.3462976813316345,0.5204675197601318
1692309253.2847166,"[label: ""height""
size: 3
stride: 15, label: ""width""
size: 5
stride: 5]",0,1.0,0.03470190614461899,0.06815436482429504,0.3351120352745056,-0.06329517066478729,0.0,-0.0027597991283982992,0.06883464753627777,0.34554004669189453,-0.5332920551300049,2.0,0.07294724881649017,0.06723549216985703,0.34403687715530396,0.528570294380188
1692309253.378701,"[label: ""height""
size: 3
stride: 15, label: ""width""
size: 5
stride: 5]",0,1.0,0.03472769260406494,0.06855657696723938,0.33545202016830444,-0.07565433531999588,0.0,-0.0026459561195224524,0.07034199684858322,0.35168978571891785,-0.5207313299179077,2.0,0.07274853438138962,0.06786538660526276,0.3444063663482666,0.5511624813079834
1692309253.4808838,"[label: ""height""
size: 3
stride: 15, label: ""width""
size: 5
stride: 5]",0,1.0,0.03458891808986664,0.06980616599321365,0.3399661183357239,-0.12802447378635406,0.0,-0.002940766280516982,0.07146124541759491,0.35358572006225586,-0.5092927813529968,2.0,0.07328420132398605,0.06920527666807175,0.34972047805786133,0.5360534191131592
1692309253.578897,"[label: ""height""
size: 3
stride: 15, label: ""width""
size: 5
stride: 5]",0,1.0,0.03487781435251236,0.06950396299362183,0.33892500400543213,-0.0006413362571038306,0.0,-0.002808164805173874,0.07110624015331268,0.35478201508522034,-0.5207614302635193,2.0,0.07328420132398605,0.06920527666807175,0.34972047805786133,0.5360534191131592
1692309253.6845207,"[label: ""height""
size: 3
stride: 15, label: ""width""
size: 5
stride: 5]",0,1.0,0.03497384116053581,0.06895734369754791,0.34042850136756897,-0.06500639766454697,0.0,-0.002512089442461729,0.07017926126718521,0.35293498635292053,-0.5303156971931458,2.0,0.07379014045000076,0.06910695135593414,0.352848082780838,0.5378223657608032
1692309253.7825766,"[label: ""height""
size: 3
stride: 15, label: ""width""
size: 5
stride: 5]",0,1.0,0.0351870059967041,0.06887868046760559,0.34503623843193054,-0.04055105149745941,0.0,-0.002666771411895752,0.06921236962080002,0.3539615571498871,-0.5406985282897949,2.0,0.07318203151226044,0.06792381405830383,0.3526982069015503,0.5394959449768066
1692309253.880876,"[label: ""height""
size: 3
stride: 15, label: ""width""
size: 5
stride: 5]",0,1.0,0.03525441139936447,0.06978593021631241,0.34591495990753174,-0.06678678095340729,0.0,-0.0025227696169167757,0.07077337056398392,0.35666415095329285,-0.5109201669692993,2.0,0.07357374578714371,0.06931585818529129,0.3546099066734314,0.5342779159545898
1692309253.9779553,"[label: ""height""
size: 3
stride: 15, label: ""width""
size: 5
stride: 5]",0,1.0,0.035254381597042084,0.07035194337368011,0.34591126441955566,-0.06640183180570602,0.0,-0.0022382959723472595,0.07184569537639618,0.3598819375038147,-0.49778199195861816,2.0,0.07359082251787186,0.06991218775510788,0.3546934127807617,0.5340303778648376
1692309254.0823317,"[label: ""height""
size: 3
stride: 15, label: ""width""
size: 5
stride: 5]",0,1.0,0.03603840991854668,0.07119880616664886,0.3504379987716675,-0.02518361806869507,0.0,-0.0020943875424563885,0.07119123637676239,0.35737866163253784,-0.5271690487861633,2.0,0.07435086369514465,0.07049541920423508,0.35840553045272827,0.5218290090560913
1692309254.180491,"[label: ""height""
size: 3
stride: 15, label: ""width""
size: 5
stride: 5]",0,1.0,0.03525174409151077,0.06903958320617676,0.34554827213287354,-0.028872836381196976,0.0,-0.0022452608682215214,0.06989013403654099,0.3566775321960449,-0.546273410320282,2.0,0.07419887185096741,0.06901006400585175,0.35836610198020935,0.5360551476478577
1692309254.2823348,"[label: ""height""
size: 3
stride: 15, label: ""width""
size: 5
stride: 5]",0,1.0,0.03524762764573097,0.0699293464422226,0.34574398398399353,-0.05610229820013046,0.0,-0.0020973244681954384,0.0711328536272049,0.35922184586524963,-0.5178616046905518,2.0,0.07471052557229996,0.07023955136537552,0.360867440700531,0.5275895595550537
1692309254.3842845,"[label: ""height""
size: 3
stride: 15, label: ""width""
size: 5
stride: 5]",0,1.0,0.03603840991854668,0.07119880616664886,0.3504379987716675,-0.02518361806869507,0.0,-0.00195975205861032,0.07198674231767654,0.36064043641090393,-0.5284705758094788,2.0,0.07435265183448792,0.07062393426895142,0.35911843180656433,0.5323057174682617
1692309254.490347,"[label: ""height""
size: 3
stride: 15, label: ""width""
size: 5
stride: 5]",0,1.0,0.0356627032160759,0.07037027925252914,0.34808453917503357,-0.017354125156998634,0.0,-0.0018070695223286748,0.07194717228412628,0.36261463165283203,-0.5041114687919617,2.0,0.0735783576965332,0.06944508105516434,0.3553299009799957,0.544487714767456
1692309254.5857725,"[label: ""height""
size: 3
stride: 15, label: ""width""
size: 5
stride: 5]",0,1.0,0.03581713140010834,0.06923458725214005,0.346554696559906,0.012926650233566761,0.0,-0.0016629869351163507,0.07043640315532684,0.35864830017089844,-0.5384976267814636,2.0,0.07469309121370316,0.06963292509317398,0.36078202724456787,0.5278375148773193
1692309254.6875417,"[label: ""height""
size: 3
stride: 15, label: ""width""
size: 5
stride: 5]",0,1.0,0.036600254476070404,0.0710102766752243,0.34952494502067566,-0.09269776940345764,0.0,-0.0010761813027784228,0.0716552659869194,0.3588826656341553,-0.5389335751533508,2.0,0.07493657618761063,0.07062061876058578,0.3590999245643616,0.5311546325683594
1692309254.784275,"[label: ""height""
size: 3
stride: 15, label: ""width""
size: 5
stride: 5]",0,1.0,0.036602683365345,0.0714118555188179,0.3496370017528534,-0.10722202062606812,0.0,-0.0010761813027784228,0.0716552659869194,0.3588826656341553,-0.5389335751533508,2.0,0.07533274590969086,0.07145056873559952,0.36102110147476196,0.5259364247322083
1692309254.8884122,"[label: ""height""
size: 3
stride: 15, label: ""width""
size: 5
stride: 5]",0,1.0,0.0364229641854763,0.06964510679244995,0.34633418917655945,-0.07925324141979218,0.0,-0.0007778935832902789,0.07151655107736588,0.3619275689125061,-0.5274303555488586,2.0,0.07588383555412292,0.07023278623819351,0.3608294129371643,0.5252943634986877
1692309254.9783645,"[label: ""height""
size: 3
stride: 15, label: ""width""
size: 5
stride: 5]",0,1.0,0.036966390907764435,0.07093766331672668,0.34601083397865295,-0.06516368687152863,0.0,-0.000488842255435884,0.07226942479610443,0.35902169346809387,-0.5398542284965515,2.0,0.07553340494632721,0.0710911750793457,0.35845088958740234,0.5192933678627014
1692309255.0818238,"[label: ""height""
size: 3
stride: 15, label: ""width""
size: 5
stride: 5]",0,1.0,0.0369546115398407,0.07163992524147034,0.34580498933792114,-0.0549553707242012,0.0,-0.00018902956799138337,0.07322817295789719,0.36095529794692993,-0.5317338109016418,2.0,0.075619176030159,0.07162074744701385,0.35814177989959717,0.532288670539856
1692309255.186308,"[label: ""height""
size: 3
stride: 15, label: ""width""
size: 5
stride: 5]",0,1.0,0.03778063878417015,0.07144942879676819,0.3507140278816223,-0.03805999085307121,0.0,-0.00017118548566941172,0.07276830077171326,0.36600297689437866,-0.5081514716148376,2.0,0.07648827880620956,0.07083624601364136,0.36089593172073364,0.5239033699035645
1692309255.2866223,"[label: ""height""
size: 3
stride: 15, label: ""width""
size: 5
stride: 5]",0,1.0,0.03731058910489082,0.07215956598520279,0.34844011068344116,0.029560253024101257,0.0,-0.00018474392709322274,0.07335993647575378,0.3622678220272064,-0.5273629426956177,2.0,0.07600884139537811,0.07198324054479599,0.36070412397384644,0.53778475522995
1692309255.3858597,"[label: ""height""
size: 3
stride: 15, label: ""width""
size: 5
stride: 5]",0,1.0,0.03716721385717392,0.07292696833610535,0.35002583265304565,-0.0006436021067202091,0.0,-0.0003442820452619344,0.0737401694059372,0.36055052280426025,-0.5495635271072388,2.0,0.07595590502023697,0.07266303151845932,0.36117690801620483,0.5242775082588196
1692309255.486884,"[label: ""height""
size: 3
stride: 15, label: ""width""
size: 5
stride: 5]",0,1.0,0.0371672697365284,0.0717804804444313,0.3500264585018158,-0.0006578664761036634,0.0,-0.000488842255435884,0.07226942479610443,0.35902169346809387,-0.5398542284965515,2.0,0.07569032907485962,0.07137149572372437,0.3605911433696747,0.5385211110115051
1692309255.5850801,"[label: ""height""
size: 3
stride: 15, label: ""width""
size: 5
stride: 5]",0,1.0,0.03669309988617897,0.07366778701543808,0.3514251112937927,-0.054964274168014526,0.0,-0.000927053508348763,0.07513362169265747,0.36584267020225525,-0.5241934061050415,2.0,0.07516694813966751,0.07333825528621674,0.36162376403808594,0.5492255091667175
1692309255.6893954,"[label: ""height""
size: 3
stride: 15, label: ""width""
size: 5
stride: 5]",0,1.0,0.03661072999238968,0.07328694313764572,0.34955185651779175,-0.08933815360069275,0.0,-0.0006277579814195633,0.07512503862380981,0.3657922148704529,-0.5243911743164062,2.0,0.07538720220327377,0.07327544689178467,0.3612858057022095,0.5251554250717163
1692309255.7865736,"[label: ""height""
size: 3
stride: 15, label: ""width""
size: 5
stride: 5]",0,1.0,0.0372050479054451,0.07303207367658615,0.35148322582244873,-0.1323252022266388,0.0,-0.0003288398729637265,0.07452240586280823,0.3657808005809784,-0.5261368751525879,2.0,0.07572608441114426,0.07258560508489609,0.3607637882232666,0.5380228161811829
1692309255.8860712,"[label: ""height""
size: 3
stride: 15, label: ""width""
size: 5
stride: 5]",0,1.0,0.03728374093770981,0.07468914240598679,0.3516593873500824,-0.06509725749492645,0.0,-2.8485641450970434e-05,0.07637282460927963,0.36604270339012146,-0.5247419476509094,2.0,0.0759928748011589,0.07388079166412354,0.36135515570640564,0.523749053478241
1692309255.9865644,"[label: ""height""
size: 3
stride: 15, label: ""width""
size: 5
stride: 5]",0,1.0,0.03844447061419487,0.0735521987080574,0.35173743963241577,-0.0652572363615036,0.0,0.0007064606761559844,0.07431943714618683,0.3625989854335785,-0.5271239280700684,2.0,0.07773520052433014,0.07395276427268982,0.365394651889801,0.5337886214256287
1692309256.086894,"[label: ""height""
size: 3
stride: 15, label: ""width""
size: 5
stride: 5]",0,1.0,0.03960465267300606,0.07471607625484467,0.3517945110797882,-0.06395389139652252,0.0,0.0018651984864845872,0.07473361492156982,0.3595926761627197,-0.5434823632240295,2.0,0.07842092216014862,0.07449916750192642,0.36300715804100037,0.5390017032623291
1692309256.1890447,"[label: ""height""
size: 3
stride: 15, label: ""width""
size: 5
stride: 5]",0,1.0,0.04018504545092583,0.07472258061170578,0.3518271744251251,-0.06365028023719788,0.0,0.002509881742298603,0.0761229395866394,0.36478617787361145,-0.5210185050964355,2.0,0.07918412238359451,0.07511632889509201,0.3652104437351227,0.5063854455947876
1692309256.2871623,"[label: ""height""
size: 3
stride: 15, label: ""width""
size: 5
stride: 5]",0,1.0,0.04034150019288063,0.0730590969324112,0.34927430748939514,-0.042258746922016144,0.0,0.002766270190477371,0.07387502491474152,0.3612457513809204,-0.5384455919265747,2.0,0.0789758712053299,0.0731789842247963,0.3607749938964844,0.5315823554992676
1692309256.3856497,"[label: ""height""
size: 3
stride: 15, label: ""width""
size: 5
stride: 5]",0,1.0,0.040659092366695404,0.07489999383687973,0.3507239520549774,-0.033441539853811264,0.0,0.0030438259709626436,0.07535996288061142,0.3597816228866577,-0.5458104610443115,2.0,0.07913877815008163,0.07423034310340881,0.3595063388347626,0.5215535759925842
1692309256.4866178,"[label: ""height""
size: 3
stride: 15, label: ""width""
size: 5
stride: 5]",0,1.0,0.040204521268606186,0.07329477369785309,0.3483908474445343,-0.080990269780159,0.0,0.0027826442383229733,0.07462555915117264,0.3626750409603119,-0.5335251688957214,2.0,0.0789758712053299,0.0731789842247963,0.3607749938964844,0.5315823554992676
1692309256.584837,"[label: ""height""
size: 3
stride: 15, label: ""width""
size: 5
stride: 5]",0,1.0,0.04008357226848602,0.07432494312524796,0.3507225811481476,-0.03423704579472542,0.0,0.0024537965655326843,0.07474184036254883,0.35963478684425354,-0.5449155569076538,2.0,0.07892799377441406,0.07386168837547302,0.36125361919403076,0.5180996656417847
1692309256.6861117,"[label: ""height""
size: 3
stride: 15, label: ""width""
size: 5
stride: 5]",0,1.0,0.03902456536889076,0.07413417100906372,0.3517663776874542,-0.06460181623697281,0.0,0.0013062156504020095,0.07537740468978882,0.36340928077697754,-0.52238529920578,2.0,0.07775412499904633,0.07386931777000427,0.361294150352478,0.5203499794006348
1692309256.7853782,"[label: ""height""
size: 3
stride: 15, label: ""width""
size: 5
stride: 5]",0,1.0,0.03834395483136177,0.07351142168045044,0.35050493478775024,-0.023540232330560684,0.0,0.00039181410102173686,0.07385849207639694,0.3590738773345947,-0.5423611402511597,2.0,0.07635072618722916,0.07264513522386551,0.35744407773017883,0.5338767170906067
1692309256.8864174,"[label: ""height""
size: 3
stride: 15, label: ""width""
size: 5
stride: 5]",0,1.0,0.036965787410736084,0.07320164889097214,0.3459931015968323,-0.0637354701757431,0.0,-0.000626917346380651,0.07481362670660019,0.3599954843521118,-0.5187630653381348,2.0,0.07603219151496887,0.07364547252655029,0.3601219356060028,0.5269534587860107
1692309256.984715,"[label: ""height""
size: 3
stride: 15, label: ""width""
size: 5
stride: 5]",0,1.0,0.03573652729392052,0.07187256217002869,0.34449249505996704,0.0046920329332351685,0.0,-0.0019399820594117045,0.07319341599941254,0.35709530115127563,-0.5101832747459412,2.0,0.07436349987983704,0.07197752594947815,0.3570101857185364,0.5510069131851196
1692309257.0881968,"[label: ""height""
size: 3
stride: 15, label: ""width""
size: 5
stride: 5]",0,1.0,0.034683726727962494,0.07317482680082321,0.34585776925086975,-0.06477352976799011,0.0,-0.0029655457474291325,0.0741393193602562,0.3560335636138916,-0.5324889421463013,2.0,0.07310855388641357,0.07304427027702332,0.3558816611766815,0.5440704822540283
1692309257.1856768,"[label: ""height""
size: 3
stride: 15, label: ""width""
size: 5
stride: 5]",0,1.0,0.032900333404541016,0.0720333531498909,0.34438276290893555,-0.0005986660253256559,0.0,-0.004823198076337576,0.07253510504961014,0.3531593382358551,-0.5227208137512207,2.0,0.0707082450389862,0.07107098400592804,0.35258033871650696,0.5569353699684143
1692309257.2861264,"[label: ""height""
size: 3
stride: 15, label: ""width""
size: 5
stride: 5]",0,1.0,0.03136410936713219,0.07260376960039139,0.342477023601532,0.054465048015117645,0.0,-0.006412504706531763,0.07380692660808563,0.3537317216396332,-0.49893832206726074,2.0,0.06971189379692078,0.07285314053297043,0.3548799455165863,0.553879976272583
1692309257.4058676,"[label: ""height""
size: 3
stride: 15, label: ""width""
size: 5
stride: 5]",0,1.0,0.02938414365053177,0.07211335748434067,0.3413652181625366,-0.014088231138885021,0.0,-0.008434549905359745,0.0731954351067543,0.3535735309123993,-0.4952242374420166,2.0,0.06818515062332153,0.07234558463096619,0.355269193649292,0.544120192527771
1692309257.4862936,"[label: ""height""
size: 3
stride: 15, label: ""width""
size: 5
stride: 5]",0,1.0,0.027233941480517387,0.07299838215112686,0.34258466958999634,-0.022203240543603897,0.0,-0.010700775310397148,0.07381539046764374,0.35176968574523926,-0.4982437491416931,2.0,0.0654941126704216,0.07248491793870926,0.3524668216705322,0.5699708461761475
1692309257.5812948,"[label: ""height""
size: 3
stride: 15, label: ""width""
size: 5
stride: 5]",0,1.0,0.02600490301847458,0.07213547825813293,0.33909308910369873,-0.00018070865189656615,0.0,-0.011940454132854939,0.07323241978883743,0.3497178256511688,-0.5189719200134277,2.0,0.06473550200462341,0.07296884059906006,0.3554855287075043,0.5509495735168457
1692309257.6827333,"[label: ""height""
size: 3
stride: 15, label: ""width""
size: 5
stride: 5]",0,1.0,0.024269912391901016,0.07225565612316132,0.3377826511859894,0.029088493436574936,0.0,-0.01368381455540657,0.07301461696624756,0.3466334342956543,-0.5130230784416199,2.0,0.06232115998864174,0.07227861881256104,0.35081806778907776,0.580583930015564
1692309257.7806456,"[label: ""height""
size: 3
stride: 15, label: ""width""
size: 5
stride: 5]",0,1.0,0.023166514933109283,0.07282289862632751,0.33785003423690796,0.02787250466644764,0.0,-0.014626935124397278,0.07336165755987167,0.34552890062332153,-0.5005311965942383,2.0,0.061515361070632935,0.07275880128145218,0.3503199815750122,0.5719674825668335
1692309257.890034,"[label: ""height""
size: 3
stride: 15, label: ""width""
size: 5
stride: 5]",0,1.0,0.02254105545580387,0.07215756922960281,0.33451777696609497,0.04095650836825371,0.0,-0.015418117865920067,0.0729084238409996,0.3441345691680908,-0.5041926503181458,2.0,0.06094561144709587,0.07276273518800735,0.35034066438674927,0.5731868147850037
1692309257.9778416,"[label: ""height""
size: 3
stride: 15, label: ""width""
size: 5
stride: 5]",0,1.0,0.022041378542780876,0.07237642258405685,0.3337947726249695,-0.002700887620449066,0.0,-0.01606632210314274,0.07324601709842682,0.3430021107196808,-0.4919869601726532,2.0,0.05949278920888901,0.07196053117513657,0.3451569676399231,0.5901907682418823
1692309258.0844407,"[label: ""height""
size: 3
stride: 15, label: ""width""
size: 5
stride: 5]",0,1.0,0.022041378542780876,0.07237642258405685,0.3337947726249695,-0.002700887620449066,0.0,-0.01586640253663063,0.07299518585205078,0.34176111221313477,-0.48331740498542786,2.0,0.059381432831287384,0.07144718617200851,0.34204116463661194,0.5879423022270203
1692309258.1860237,"[label: ""height""
size: 3
stride: 15, label: ""width""
size: 5
stride: 5]",0,1.0,0.02198083885014057,0.07208046317100525,0.3289133906364441,-0.013638398610055447,0.0,-0.01580064184963703,0.07306117564439774,0.34018608927726746,-0.49146556854248047,2.0,0.05995393171906471,0.07202238589525223,0.34211546182632446,0.5864145159721375
1692309258.282789,"[label: ""height""
size: 3
stride: 15, label: ""width""
size: 5
stride: 5]",0,1.0,0.021963613107800484,0.07166961580514908,0.32849517464637756,-0.0004325224144849926,0.0,-0.01575070433318615,0.07293295860290527,0.3390065133571625,-0.4951103627681732,2.0,0.05995393171906471,0.07202238589525223,0.34211546182632446,0.5864145159721375
1692309258.381693,"[label: ""height""
size: 3
stride: 15, label: ""width""
size: 5
stride: 5]",0,1.0,0.022510439157485962,0.07207121700048447,0.3286634385585785,-0.002481600968167186,0.0,-0.015474452637135983,0.07320895045995712,0.3390217125415802,-0.4971019923686981,2.0,0.06055068224668503,0.07247019559144974,0.34153562784194946,0.5750628709793091
1692309258.4799266,"[label: ""height""
size: 3
stride: 15, label: ""width""
size: 5
stride: 5]",0,1.0,0.021918535232543945,0.07183558493852615,0.3274857699871063,0.02412908710539341,0.0,-0.016260476782917976,0.0730673298239708,0.3383164405822754,-0.46756604313850403,2.0,0.05932140722870827,0.0711929053068161,0.3368771970272064,0.5792598128318787
1692309258.5840862,"[label: ""height""
size: 3
stride: 15, label: ""width""
size: 5
stride: 5]",0,1.0,0.02243346907198429,0.07241027057170868,0.328048974275589,-0.03702389821410179,0.0,-0.015592762269079685,0.07289130240678787,0.33558395504951477,-0.48196572065353394,2.0,0.06025339290499687,0.07235587388277054,0.3390524685382843,0.5704385638237
1692309258.6859171,"[label: ""height""
size: 3
stride: 15, label: ""width""
size: 5
stride: 5]",0,1.0,0.02178376354277134,0.07143557071685791,0.3228079676628113,0.07296263426542282,0.0,-0.016070112586021423,0.07292849570512772,0.3339369297027588,-0.4893067479133606,2.0,0.0598854124546051,0.07175959646701813,0.3369503915309906,0.5777369141578674
1692309258.7890286,"[label: ""height""
size: 3
stride: 15, label: ""width""
size: 5
stride: 5]",0,1.0,0.021323952823877335,0.07171846181154251,0.3221510350704193,0.05131855979561806,0.0,-0.016664976254105568,0.07202216237783432,0.3290683925151825,-0.512127161026001,2.0,0.05886431783437729,0.07159329950809479,0.3342367708683014,0.5868722200393677
1692309258.8861344,"[label: ""height""
size: 3
stride: 15, label: ""width""
size: 5
stride: 5]",0,1.0,0.020802412182092667,0.07193047553300858,0.322683185338974,0.022923097014427185,0.0,-0.017030922695994377,0.07199694961309433,0.32841500639915466,-0.4978007674217224,2.0,0.05861923098564148,0.07147178053855896,0.33362093567848206,0.5780449509620667
1692309258.988414,"[label: ""height""
size: 3
stride: 15, label: ""width""
size: 5
stride: 5]",0,1.0,0.020310021936893463,0.07227737456560135,0.32186993956565857,-0.023498285561800003,0.0,-0.017841283231973648,0.07255307585000992,0.3285086750984192,-0.4957466721534729,2.0,0.05778196454048157,0.07160206884145737,0.331116259098053,0.5985257029533386
1692309259.0885003,"[label: ""height""
size: 3
stride: 15, label: ""width""
size: 5
stride: 5]",0,1.0,0.020233895629644394,0.07164806127548218,0.3179139792919159,0.021597472950816154,0.0,-0.01781737431883812,0.07271132618188858,0.3280172348022461,-0.500375509262085,2.0,0.05799360200762749,0.07153936475515366,0.3307986855506897,0.5767846703529358
1692309259.1827326,"[label: ""height""
size: 3
stride: 15, label: ""width""
size: 5
stride: 5]",0,1.0,0.02075035683810711,0.07212334871292114,0.31892919540405273,-0.051450930535793304,0.0,-0.017381981015205383,0.07287975400686264,0.327492892742157,-0.48696452379226685,2.0,0.058295927941799164,0.07190728187561035,0.3294268548488617,0.5792140960693359
1692309259.2804177,"[label: ""height""
size: 3
stride: 15, label: ""width""
size: 5
stride: 5]",0,1.0,0.020492780953645706,0.07253021001815796,0.31883007287979126,-0.041366543620824814,0.0,-0.017386360093951225,0.07343535870313644,0.32758355140686035,-0.4864528775215149,2.0,0.058295927941799164,0.07190728187561035,0.3294268548488617,0.5792140960693359
1692309259.3785443,"[label: ""height""
size: 3
stride: 15, label: ""width""
size: 5
stride: 5]",0,1.0,0.021252701058983803,0.07185360044240952,0.31401506066322327,-0.0004002346540801227,0.0,-0.016656842082738876,0.0737747848033905,0.3291943669319153,-0.48055610060691833,2.0,0.059382885694503784,0.0724576935172081,0.32947733998298645,0.5764828324317932
1692309259.4894013,"[label: ""height""
size: 3
stride: 15, label: ""width""
size: 5
stride: 5]",0,1.0,0.021829206496477127,0.07250749319791794,0.3171095550060272,-0.02176130935549736,0.0,-0.016200363636016846,0.07410118728876114,0.32818350195884705,-0.4713740050792694,2.0,0.05954382196068764,0.07196156680583954,0.32663223147392273,0.5738106966018677
1692309259.5805278,"[label: ""height""
size: 3
stride: 15, label: ""width""
size: 5
stride: 5]",0,1.0,0.02261156029999256,0.07291962951421738,0.31703025102615356,-0.014494572766125202,0.0,-0.015587338246405125,0.07434964925050735,0.3293624520301819,-0.4825783967971802,2.0,0.06066024675965309,0.07307444512844086,0.32985159754753113,0.5613354444503784
1692309259.6849136,"[label: ""height""
size: 3
stride: 15, label: ""width""
size: 5
stride: 5]",0,1.0,0.02236570045351982,0.07287248224020004,0.31724533438682556,-0.012730289250612259,0.0,-0.015587338246405125,0.07434964925050735,0.3293624520301819,-0.4825783967971802,2.0,0.06010688468813896,0.07241929322481155,0.3275182247161865,0.580695629119873
1692309259.7792883,"[label: ""height""
size: 3
stride: 15, label: ""width""
size: 5
stride: 5]",0,1.0,0.02234930731356144,0.07302794605493546,0.31711187958717346,-0.021403055638074875,0.0,-0.015587338246405125,0.07434964925050735,0.3293624520301819,-0.4825783967971802,2.0,0.06010688468813896,0.07241929322481155,0.3275182247161865,0.580695629119873
1692309259.8806415,"[label: ""height""
size: 3
stride: 15, label: ""width""
size: 5
stride: 5]",0,1.0,0.02205022983253002,0.072220079600811,0.3157455623149872,0.03525516018271446,0.0,-0.01597999595105648,0.07320551574230194,0.32605382800102234,-0.49933138489723206,2.0,0.05983979254961014,0.07262517511844635,0.3290189206600189,0.5780345797538757
1692309259.9861062,"[label: ""height""
size: 3
stride: 15, label: ""width""
size: 5
stride: 5]",0,1.0,0.021275049075484276,0.07268800586462021,0.3179031014442444,0.021667174994945526,0.0,-0.016756540164351463,0.07384061813354492,0.32827576994895935,-0.5019259452819824,2.0,0.05926431342959404,0.07263119518756866,0.330341100692749,0.5743353962898254
1692309260.0870209,"[label: ""height""
size: 3
stride: 15, label: ""width""
size: 5
stride: 5]",0,1.0,0.021052883937954903,0.07239992171525955,0.31702980399131775,-0.01480841264128685,0.0,-0.016964858397841454,0.07388556003570557,0.32972830533981323,-0.5063323974609375,2.0,0.05884748697280884,0.07246194034814835,0.3294984698295593,0.5776941776275635
1692309260.1783614,"[label: ""height""
size: 3
stride: 15, label: ""width""
size: 5
stride: 5]",0,1.0,0.02083786576986313,0.07333289831876755,0.3218698501586914,-0.023040076717734337,0.0,-0.017363741993904114,0.07359375059604645,0.32710349559783936,-0.49111902713775635,2.0,0.057960692793130875,0.07187899947166443,0.3275030851364136,0.5858762860298157
1692309260.282202,"[label: ""height""
size: 3
stride: 15, label: ""width""
size: 5
stride: 5]",0,1.0,0.021308533847332,0.07266401499509811,0.3186975121498108,-0.0004004219954367727,0.0,-0.016778863966464996,0.07368391752243042,0.3287678360939026,-0.49728134274482727,2.0,0.05884748697280884,0.07246194034814835,0.3294984698295593,0.5776941776275635
1692309260.3860366,"[label: ""height""
size: 3
stride: 15, label: ""width""
size: 5
stride: 5]",0,1.0,0.022422069683670998,0.0738641545176506,0.321885883808136,-0.022036205977201462,0.0,-0.015936272218823433,0.07411903142929077,0.3282751142978668,-0.4724445641040802,2.0,0.06019062176346779,0.07324562966823578,0.33247554302215576,0.5889775156974792
1692309260.4804323,"[label: ""height""
size: 3
stride: 15, label: ""width""
size: 5
stride: 5]",0,1.0,0.023919502273201942,0.07318635284900665,0.31869906187057495,-0.00043212875607423484,0.0,-0.014204124920070171,0.07423476874828339,0.32881471514701843,-0.45857682824134827,2.0,0.061590030789375305,0.07328450679779053,0.33267006278038025,0.6068267226219177
1692309260.5786414,"[label: ""height""
size: 3
stride: 15, label: ""width""
size: 5
stride: 5]",0,1.0,0.02572517842054367,0.07395365089178085,0.3235672414302826,-0.14649993181228638,0.0,-0.012647408992052078,0.07390601933002472,0.3267602324485779,-0.45564618706703186,2.0,0.0632859393954277,0.07354369759559631,0.33444744348526,0.6205723285675049
1692309260.680671,"[label: ""height""
size: 3
stride: 15, label: ""width""
size: 5
stride: 5]",0,1.0,0.02647193893790245,0.07307767122983932,0.3202062249183655,0.08422520011663437,0.0,-0.011961447075009346,0.07373198866844177,0.3264499604701996,-0.4459359347820282,2.0,0.06306816637516022,0.0722830668091774,0.3318120837211609,0.6475809812545776
1692309260.78082,"[label: ""height""
size: 3
stride: 15, label: ""width""
size: 5
stride: 5]",0,1.0,0.026606114581227303,0.07347945123910904,0.3225052058696747,0.025539051741361618,0.0,-0.011952330358326435,0.07351897656917572,0.32673701643943787,-0.414076566696167,2.0,0.06398703157901764,0.07363280653953552,0.33671125769615173,0.6342610716819763
1692309260.8879316,"[label: ""height""
size: 3
stride: 15, label: ""width""
size: 5
stride: 5]",0,1.0,0.025534922257065773,0.0732748955488205,0.3220256567001343,0.04937132075428963,0.0,-0.012956416234374046,0.0739155262708664,0.3285444378852844,-0.41261112689971924,2.0,0.06230936944484711,0.07296980917453766,0.3343251943588257,0.6544301509857178
1692309260.985271,"[label: ""height""
size: 3
stride: 15, label: ""width""
size: 5
stride: 5]",0,1.0,0.024201305583119392,0.07350591570138931,0.32313093543052673,0.08756253868341446,0.0,-0.01438527088612318,0.07342689484357834,0.3270295560359955,-0.4338268041610718,2.0,0.06071256473660469,0.0729072093963623,0.33533838391304016,0.6652485728263855
1692309261.0866969,"[label: ""height""
size: 3
stride: 15, label: ""width""
size: 5
stride: 5]",0,1.0,0.023013800382614136,0.07320895045995712,0.3208506405353546,0.1249958798289299,0.0,-0.015494147315621376,0.07405370473861694,0.3279552459716797,-0.4276706576347351,2.0,0.05996328592300415,0.07359730452299118,0.33653944730758667,0.6546870470046997
1692309261.1846201,"[label: ""height""
size: 3
stride: 15, label: ""width""
size: 5
stride: 5]",0,1.0,0.021874023601412773,0.072921983897686,0.3211227059364319,0.15074454247951508,0.0,-0.016558952629566193,0.07348060607910156,0.32778486609458923,-0.42580121755599976,2.0,0.058580610901117325,0.07303885370492935,0.3365061283111572,0.6582053303718567
1692309261.289061,"[label: ""height""
size: 3
stride: 15, label: ""width""
size: 5
stride: 5]",0,1.0,0.021996857598423958,0.07368007302284241,0.32344216108322144,0.11441517621278763,0.0,-0.0165629331022501,0.07403643429279327,0.32787346839904785,-0.4252467751502991,2.0,0.05859706923365593,0.07360994070768356,0.33660224080085754,0.6579321026802063
1692309261.385557,"[label: ""height""
size: 3
stride: 15, label: ""width""
size: 5
stride: 5]",0,1.0,0.02281799539923668,0.07375283539295197,0.32557612657546997,0.1285955309867859,0.0,-0.01594175398349762,0.07395244389772415,0.3292352259159088,-0.4040001928806305,2.0,0.05998712778091431,0.07399769872426987,0.3422432839870453,0.6735537648200989
1692309261.4869068,"[label: ""height""
size: 3
stride: 15, label: ""width""
size: 5
stride: 5]",0,1.0,0.02501448430120945,0.07340037822723389,0.3251250386238098,0.08730249851942062,0.0,-0.013679126277565956,0.07392054051160812,0.3303132951259613,-0.3814685046672821,2.0,0.06174452230334282,0.0739259347319603,0.3418853282928467,0.6805812120437622
1692309261.5833304,"[label: ""height""
size: 3
stride: 15, label: ""width""
size: 5
stride: 5]",0,1.0,0.026391884312033653,0.07360950857400894,0.32486072182655334,0.16196411848068237,0.0,-0.012373913079500198,0.07375659793615341,0.32780006527900696,-0.3848860263824463,2.0,0.06309186667203903,0.07402292639017105,0.3423718512058258,0.6866555213928223
1692309261.686177,"[label: ""height""
size: 3
stride: 15, label: ""width""
size: 5
stride: 5]",0,1.0,0.027324920520186424,0.07330753654241562,0.32518240809440613,0.1326909214258194,0.0,-0.011602597311139107,0.0746992826461792,0.33321186900138855,-0.36930543184280396,2.0,0.06313081085681915,0.07327201217412949,0.3395337164402008,0.7125606536865234
1692309261.7843013,"[label: ""height""
size: 3
stride: 15, label: ""width""
size: 5
stride: 5]",0,1.0,0.02702954411506653,0.07314110547304153,0.3226437568664551,0.18688829243183136,0.0,-0.011703401803970337,0.07384617626667023,0.32821547985076904,-0.36444684863090515,2.0,0.06340955197811127,0.07406332343816757,0.34257766604423523,0.7058789730072021
1692309261.8846421,"[label: ""height""
size: 3
stride: 15, label: ""width""
size: 5
stride: 5]",0,1.0,0.02601551078259945,0.07305900007486343,0.32478615641593933,0.1952008754014969,0.0,-0.012557359412312508,0.07346969097852707,0.3289909362792969,-0.3941097855567932,2.0,0.062276363372802734,0.07348855584859848,0.3425120711326599,0.7087397575378418
1692309261.9804666,"[label: ""height""
size: 3
stride: 15, label: ""width""
size: 5
stride: 5]",0,1.0,0.02549172192811966,0.07361407577991486,0.3248940110206604,0.19518908858299255,0.0,-0.013308624736964703,0.07381799072027206,0.32808151841163635,-0.36103641986846924,2.0,0.06131603568792343,0.07391420006752014,0.3418336510658264,0.7123363614082336
1692309262.0931854,"[label: ""height""
size: 3
stride: 15, label: ""width""
size: 5
stride: 5]",0,1.0,0.024634985253214836,0.07355546206235886,0.32807350158691406,0.16189338266849518,0.0,-0.014374995604157448,0.07324448972940445,0.32790955901145935,-0.35940980911254883,2.0,0.06034017354249954,0.07295640558004379,0.3426666259765625,0.7332378029823303
1692309262.1881669,"[label: ""height""
size: 3
stride: 15, label: ""width""
size: 5
stride: 5]",0,1.0,0.024843480437994003,0.07407065480947495,0.32883042097091675,0.18463246524333954,0.0,-0.01414993591606617,0.07412458211183548,0.3299713730812073,-0.3008963465690613,2.0,0.059948064386844635,0.07338953763246536,0.3420170843601227,0.7353604435920715
1692309262.2867959,"[label: ""height""
size: 3
stride: 15, label: ""width""
size: 5
stride: 5]",0,1.0,0.024983974173665047,0.073667012155056,0.3268696367740631,0.2050098031759262,0.0,-0.01414993591606617,0.07412458211183548,0.3299713730812073,-0.3008963465690613,2.0,0.060000453144311905,0.07366638630628586,0.3439537286758423,0.7522455453872681
1692309262.385807,"[label: ""height""
size: 3
stride: 15, label: ""width""
size: 5
stride: 5]",0,0.0,-0.013790706172585487,0.07378847897052765,0.3283844292163849,-0.26897889375686646,1.0,0.02509564347565174,0.0732695683836937,0.32625606656074524,0.23451626300811768,2.0,0.059656769037246704,0.07298066467046738,0.3427983224391937,0.7836183309555054
1692309262.4883194,"[label: ""height""
size: 3
stride: 15, label: ""width""
size: 5
stride: 5]",0,0.0,-0.013232318684458733,0.07400045543909073,0.32765311002731323,-0.27899032831192017,1.0,0.025980133563280106,0.07368890941143036,0.32744646072387695,0.221640944480896,2.0,0.06088154762983322,0.07443387061357498,0.3482729196548462,0.7913406491279602
1692309262.5851974,"[label: ""height""
size: 3
stride: 15, label: ""width""
size: 5
stride: 5]",0,0.0,-0.013147618621587753,0.0727558508515358,0.3250710368156433,-0.2992478013038635,1.0,0.02575930394232273,0.07300210744142532,0.3275729715824127,0.27062326669692993,2.0,0.06012125685811043,0.07335129380226135,0.34718185663223267,0.8145977854728699
1692309262.6867769,"[label: ""height""
size: 3
stride: 15, label: ""width""
size: 5
stride: 5]",0,0.0,-0.014466316439211369,0.07360751926898956,0.3258044719696045,-0.24372756481170654,1.0,0.024431835860013962,0.0734785795211792,0.3260139524936676,0.26292529702186584,2.0,0.05890918895602226,0.07399711012840271,0.3475707769393921,0.8073610067367554
1692309262.7855582,"[label: ""height""
size: 3
stride: 15, label: ""width""
size: 5
stride: 5]",0,0.0,-0.015898237004876137,0.07339870184659958,0.32734423875808716,-0.2749180197715759,1.0,0.023172220215201378,0.0734877958893776,0.32905149459838867,0.2618773877620697,2.0,0.05785556882619858,0.0740581527352333,0.34982290863990784,0.8067989349365234
1692309262.8857157,"[label: ""height""
size: 3
stride: 15, label: ""width""
size: 5
stride: 5]",0,0.0,-0.01699117012321949,0.07434335350990295,0.32795602083206177,-0.26113638281822205,1.0,0.0220357533544302,0.07416768372058868,0.32801151275634766,0.2758854031562805,2.0,0.05589133873581886,0.0738157331943512,0.3447183668613434,0.819365918636322
1692309262.9848473,"[label: ""height""
size: 3
stride: 15, label: ""width""
size: 5
stride: 5]",0,0.0,-0.016588890925049782,0.0735664814710617,0.3256119191646576,-0.24032294750213623,1.0,0.022427355870604515,0.07366051524877548,0.3281552791595459,0.24932576715946198,2.0,0.05580003559589386,0.07331444323062897,0.34504464268684387,0.828643798828125
1692309263.0879474,"[label: ""height""
size: 3
stride: 15, label: ""width""
size: 5
stride: 5]",0,0.0,-0.016554564237594604,0.0746128261089325,0.3275367021560669,-0.24500338733196259,1.0,0.022679530084133148,0.07428973913192749,0.32732751965522766,0.3003446161746979,2.0,0.055752165615558624,0.07454077899456024,0.3474481999874115,0.8535386919975281
1692309263.1851609,"[label: ""height""
size: 3
stride: 15, label: ""width""
size: 5
stride: 5]",0,0.0,-0.016036109998822212,0.07369675487279892,0.3252396881580353,-0.23697757720947266,1.0,0.023007964715361595,0.07426909357309341,0.33020931482315063,0.29718708992004395,2.0,0.056116733700037,0.0742218941450119,0.35066720843315125,0.8578622937202454
1692309263.2900553,"[label: ""height""
size: 3
stride: 15, label: ""width""
size: 5
stride: 5]",0,0.0,-0.015603373758494854,0.07494053244590759,0.32779455184936523,-0.2146366685628891,1.0,0.0231900904327631,0.07411256432533264,0.3264872431755066,0.344809353351593,2.0,0.056544993072748184,0.07552433758974075,0.3533986210823059,0.8720434904098511
1692309263.3889406,"[label: ""height""
size: 3
stride: 15, label: ""width""
size: 5
stride: 5]",0,0.0,-0.015767725184559822,0.07497497648000717,0.32664623856544495,-0.1566941738128662,1.0,0.022889884188771248,0.07470667362213135,0.32979804277420044,0.3628908395767212,2.0,0.05521557480096817,0.07494442164897919,0.35142847895622253,0.905806839466095
1692309263.489981,"[label: ""height""
size: 3
stride: 15, label: ""width""
size: 5
stride: 5]",0,0.0,-0.016195962205529213,0.07444040477275848,0.3237389624118805,-0.19770623743534088,1.0,0.02261899970471859,0.0743946060538292,0.32783353328704834,0.35640841722488403,2.0,0.054397959262132645,0.07464811950922012,0.347998708486557,0.9118695855140686
1692309263.5866537,"[label: ""height""
size: 3
stride: 15, label: ""width""
size: 5
stride: 5]",0,0.0,-0.01734069362282753,0.07516004145145416,0.3258455991744995,-0.1668814867734909,1.0,0.021609101444482803,0.07504639029502869,0.3288527727127075,0.3544974625110626,2.0,0.053894974291324615,0.07548295706510544,0.35123440623283386,0.9000340104103088
1692309263.6865478,"[label: ""height""
size: 3
stride: 15, label: ""width""
size: 5
stride: 5]",0,0.0,-0.01777997426688671,0.07495129853487015,0.32364919781684875,-0.195060133934021,1.0,0.020893827080726624,0.07504631578922272,0.3283710777759552,0.337653785943985,2.0,0.053696710616350174,0.076170414686203,0.3537360429763794,0.8975491523742676
1692309263.7851572,"[label: ""height""
size: 3
stride: 15, label: ""width""
size: 5
stride: 5]",0,0.0,-0.017464473843574524,0.0756555050611496,0.32615891098976135,-0.13823774456977844,1.0,0.02132515050470829,0.07492408901453018,0.3265593945980072,0.3488585650920868,2.0,0.05317369103431702,0.07529150694608688,0.3483622670173645,0.90535569190979
1692309263.88277,"[label: ""height""
size: 3
stride: 15, label: ""width""
size: 5
stride: 5]",0,0.0,-0.016832349821925163,0.0747559666633606,0.3211161196231842,-0.1697661280632019,1.0,0.021812619641423225,0.07518914341926575,0.3278125822544098,0.3584302067756653,2.0,0.053932495415210724,0.07562150061130524,0.35055720806121826,0.9106444716453552
1692309263.9805064,"[label: ""height""
size: 3
stride: 15, label: ""width""
size: 5
stride: 5]",0,0.0,-0.015643907710909843,0.07517868280410767,0.32306286692619324,-0.20930810272693634,1.0,0.02321013994514942,0.07530254870653152,0.328350692987442,0.38713210821151733,2.0,0.05582922697067261,0.07707356661558151,0.3572883903980255,0.9161068797111511
1692309264.0815973,"[label: ""height""
size: 3
stride: 15, label: ""width""
size: 5
stride: 5]",0,0.0,-0.01428847387433052,0.07582174986600876,0.3239864110946655,-0.1275055706501007,1.0,0.024326523765921593,0.07505127787590027,0.3271576762199402,0.3737352788448334,2.0,0.05615590885281563,0.07646889984607697,0.35383328795433044,0.9381055235862732
1692309264.1788654,"[label: ""height""
size: 3
stride: 15, label: ""width""
size: 5
stride: 5]",0,0.0,-0.01399631891399622,0.07450806349515915,0.3195362389087677,-0.16220946609973907,1.0,0.02461804635822773,0.07477724552154541,0.32718625664711,0.4099390208721161,2.0,0.05538560077548027,0.07509467005729675,0.3508090376853943,0.9612598419189453
1692309264.2870271,"[label: ""height""
size: 3
stride: 15, label: ""width""
size: 5
stride: 5]",0,0.0,-0.014587034471333027,0.07531382888555527,0.3217061758041382,-0.13042126595973969,1.0,0.024125950410962105,0.07519496232271194,0.3278365433216095,0.40437182784080505,2.0,0.05500650778412819,0.0762074813246727,0.3539331257343292,0.9585322141647339
1692309264.3878126,"[label: ""height""
size: 3
stride: 15, label: ""width""
size: 5
stride: 5]",0,0.0,-0.01641932874917984,0.0743868425488472,0.318962037563324,-0.1243974044919014,1.0,0.021908413618803024,0.07399965822696686,0.3243362307548523,0.4470624029636383,2.0,0.05288064852356911,0.07492640614509583,0.35134369134902954,0.9662984013557434
1692309264.4883783,"[label: ""height""
size: 3
stride: 15, label: ""width""
size: 5
stride: 5]",0,0.0,-0.018248777836561203,0.07439696043729782,0.3166671693325043,-0.12528884410858154,1.0,0.020010976120829582,0.0744420513510704,0.32391661405563354,0.42310044169425964,2.0,0.05103358253836632,0.07560855895280838,0.3505026698112488,0.9726818799972534
1692309264.5873418,"[label: ""height""
size: 3
stride: 15, label: ""width""
size: 5
stride: 5]",0,0.0,-0.019807783886790276,0.07403452694416046,0.31691688299179077,-0.11055993288755417,1.0,0.018612811341881752,0.07411511242389679,0.32488009333610535,0.4370822310447693,2.0,0.04913010075688362,0.0743829607963562,0.3481568396091461,0.970927357673645
1692309264.688101,"[label: ""height""
size: 3
stride: 15, label: ""width""
size: 5
stride: 5]",0,0.0,-0.020582515746355057,0.07499776780605316,0.3189111351966858,-0.10834953933954239,1.0,0.01808815263211727,0.07467567175626755,0.32501134276390076,0.437788724899292,2.0,0.04880446568131447,0.0756952166557312,0.3509361445903778,0.9599484205245972
1692309264.786753,"[label: ""height""
size: 3
stride: 15, label: ""width""
size: 5
stride: 5]",0,0.0,-0.02030300162732601,0.07374216616153717,0.31637436151504517,-0.12096454948186874,1.0,0.018297171220183372,0.07398669421672821,0.32426929473876953,0.4087228775024414,2.0,0.04863570258021355,0.07422402501106262,0.34875842928886414,0.9889310002326965
1692309264.8882494,"[label: ""height""
size: 3
stride: 15, label: ""width""
size: 5
stride: 5]",0,0.0,-0.02011817693710327,0.07440784573554993,0.31623655557632446,-0.07250563055276871,1.0,0.01795474998652935,0.07394036650657654,0.3223670721054077,0.45111194252967834,2.0,0.04823131859302521,0.07514386624097824,0.3510648012161255,0.9973281025886536
1692309264.9799824,"[label: ""height""
size: 3
stride: 15, label: ""width""
size: 5
stride: 5]",0,0.0,-0.020066721364855766,0.07306928932666779,0.31322696805000305,-0.08331557363271713,1.0,0.01792110875248909,0.07299230992794037,0.3216797411441803,0.45772042870521545,2.0,0.04774516075849533,0.0739191547036171,0.3506855070590973,1.007958173751831
1692309265.0903997,"[label: ""height""
size: 3
stride: 15, label: ""width""
size: 5
stride: 5]",0,0.0,-0.021097494289278984,0.07375644147396088,0.3135645091533661,-0.06343592703342438,1.0,0.016777733340859413,0.07359756529331207,0.32205384969711304,0.5033188462257385,2.0,0.046728119254112244,0.07533012330532074,0.3539556562900543,1.0251208543777466
1692309265.1865637,"[label: ""height""
size: 3
stride: 15, label: ""width""
size: 5
stride: 5]",0,0.0,-0.0237277802079916,0.07315734028816223,0.31321263313293457,-0.02218935266137123,1.0,0.014441943727433681,0.07242771983146667,0.31981104612350464,0.5052564740180969,2.0,0.04346475750207901,0.07280577719211578,0.34746670722961426,1.0316411256790161
1692309265.28632,"[label: ""height""
size: 3
stride: 15, label: ""width""
size: 5
stride: 5]",0,0.0,-0.026211317628622055,0.07420508563518524,0.31327325105667114,-0.06404238194227219,1.0,0.011675787158310413,0.07337836921215057,0.31935158371925354,0.5015291571617126,2.0,0.0407184362411499,0.07440661638975143,0.34831658005714417,1.037551760673523
1692309265.3850691,"[label: ""height""
size: 3
stride: 15, label: ""width""
size: 5
stride: 5]",0,0.0,-0.02903532236814499,0.07295884937047958,0.3107776939868927,-0.03977478668093681,1.0,0.00886477343738079,0.07183654606342316,0.31660890579223633,0.5103753209114075,2.0,0.03758278861641884,0.07256808876991272,0.34568676352500916,1.0483946800231934
1692309265.4879737,"[label: ""height""
size: 3
stride: 15, label: ""width""
size: 5
stride: 5]",0,0.0,-0.030294373631477356,0.07357757538557053,0.310057133436203,0.031139681115746498,1.0,0.007503759115934372,0.07343702018260956,0.3196280300617218,0.5124275088310242,2.0,0.03594271466135979,0.07398699969053268,0.3476833999156952,1.0602738857269287
1692309265.5867867,"[label: ""height""
size: 3
stride: 15, label: ""width""
size: 5
stride: 5]",0,0.0,-0.03150175139307976,0.07244989275932312,0.3080301284790039,0.013873223215341568,1.0,0.006151334382593632,0.07179319858551025,0.316403329372406,0.5335952043533325,2.0,0.03421493247151375,0.0728268250823021,0.34758156538009644,1.0825846195220947
1692309265.6898901,"[label: ""height""
size: 3
stride: 15, label: ""width""
size: 5
stride: 5]",0,0.0,-0.0321652814745903,0.07244445383548737,0.3074987828731537,0.05159681662917137,1.0,0.005405989475548267,0.07213717699050903,0.3180602192878723,0.5558475255966187,2.0,0.03248986601829529,0.07261193543672562,0.3459227681159973,1.096585750579834
1692309265.7890487,"[label: ""height""
size: 3
stride: 15, label: ""width""
size: 5
stride: 5]",0,0.0,-0.0328591912984848,0.071504607796669,0.3055456578731537,0.02891031838953495,1.0,0.004469856154173613,0.0708647221326828,0.3157314956188202,0.5560221076011658,2.0,0.03163530305027962,0.07166972756385803,0.3474940359592438,1.1071557998657227
1692309265.8889093,"[label: ""height""
size: 3
stride: 15, label: ""width""
size: 5
stride: 5]",0,0.0,-0.034366756677627563,0.07151886075735092,0.30453407764434814,0.03397723287343979,1.0,0.002680777572095394,0.0715561956167221,0.3177703320980072,0.5789719223976135,2.0,0.029523473232984543,0.07230210304260254,0.34782886505126953,1.121206283569336
1692309265.9861803,"[label: ""height""
size: 3
stride: 15, label: ""width""
size: 5
stride: 5]",0,0.0,-0.036887966096401215,0.07087527960538864,0.3050028681755066,0.06397926807403564,1.0,0.00033963308669626713,0.07038059085607529,0.3158951997756958,0.5681403875350952,2.0,0.027079228311777115,0.07109222561120987,0.3474547564983368,1.1197810173034668
1692309266.088793,"[label: ""height""
size: 3
stride: 15, label: ""width""
size: 5
stride: 5]",0,0.0,-0.03949171304702759,0.07147879153490067,0.3031793534755707,0.09390458464622498,1.0,-0.002352979267016053,0.0708395466208458,0.31394457817077637,0.5742226839065552,2.0,0.0244049783796072,0.07202603667974472,0.345826655626297,1.1276342868804932
1692309266.1874669,"[label: ""height""
size: 3
stride: 15, label: ""width""
size: 5
stride: 5]",0,0.0,-0.04243868589401245,0.07059124857187271,0.30282336473464966,0.07828643172979355,1.0,-0.005349198821932077,0.07045403867959976,0.3162546753883362,0.5845922231674194,2.0,0.021375935524702072,0.07037437707185745,0.3446555435657501,1.1124975681304932
1692309266.2878115,"[label: ""height""
size: 3
stride: 15, label: ""width""
size: 5
stride: 5]",0,0.0,-0.043847933411598206,0.07038724422454834,0.2992488741874695,0.007287521846592426,1.0,-0.007094627246260643,0.07084178179502487,0.3134903013706207,0.576721727848053,2.0,0.01985880360007286,0.07229934632778168,0.3478139042854309,1.1131885051727295
1692309266.3844247,"[label: ""height""
size: 3
stride: 15, label: ""width""
size: 5
stride: 5]",0,0.0,-0.04514734074473381,0.06934741139411926,0.3000580668449402,0.05440780892968178,1.0,-0.008143397979438305,0.06936467438936234,0.3142853379249573,0.5772841572761536,2.0,0.018398644402623177,0.06977751851081848,0.34448444843292236,1.1297883987426758
1692309266.69928,"[label: ""height""
size: 3
stride: 15, label: ""width""
size: 5
stride: 5]",0,0.0,-0.044538434594869614,0.07049208134412766,0.3009047508239746,0.05238017812371254,1.0,-0.007565571926534176,0.07028688490390778,0.31209635734558105,0.5855420827865601,2.0,0.01866595633327961,0.071129709482193,0.3442184031009674,1.1295247077941895
1692309266.6992927,"[label: ""height""
size: 3
stride: 15, label: ""width""
size: 5
stride: 5]",0,0.0,-0.04425062984228134,0.06948019564151764,0.30108827352523804,0.11737316101789474,1.0,-0.007303006015717983,0.06877100467681885,0.31219497323036194,0.6110185980796814,2.0,0.01853625848889351,0.06982165575027466,0.34472939372062683,1.1549711227416992
1692309266.6993008,"[label: ""height""
size: 3
stride: 15, label: ""width""
size: 5
stride: 5]",0,0.0,-0.04339044541120529,0.07005275785923004,0.29923850297927856,0.0921027734875679,1.0,-0.006823458708822727,0.06993851065635681,0.31337177753448486,0.6046417951583862,2.0,0.018516333773732185,0.07059095799922943,0.3443635404109955,1.1556320190429688
1692309266.788893,"[label: ""height""
size: 3
stride: 15, label: ""width""
size: 5
stride: 5]",0,0.0,-0.04289563000202179,0.06906761229038239,0.29921668767929077,0.09344961494207382,1.0,-0.006537182722240686,0.06883671134710312,0.3125245273113251,0.6327978372573853,2.0,0.0188154224306345,0.06994695216417313,0.34742891788482666,1.1601431369781494
1692309266.8873005,"[label: ""height""
size: 3
stride: 15, label: ""width""
size: 5
stride: 5]",0,0.0,-0.04359733313322067,0.0697619691491127,0.2993452847003937,0.145156592130661,1.0,-0.0070517705753445625,0.0693758875131607,0.3126564621925354,0.6338799595832825,2.0,0.018108481541275978,0.07039089500904083,0.34474775195121765,1.164627194404602
1692309266.9887247,"[label: ""height""
size: 3
stride: 15, label: ""width""
size: 5
stride: 5]",0,0.0,-0.0448865182697773,0.06894735991954803,0.29707247018814087,0.10482725501060486,1.0,-0.008532065898180008,0.06872434914112091,0.3107624650001526,0.6240705847740173,2.0,0.016974685713648796,0.06980831176042557,0.34465456008911133,1.1679909229278564
1692309267.090871,"[label: ""height""
size: 3
stride: 15, label: ""width""
size: 5
stride: 5]",0,0.0,-0.0470673106610775,0.06888264417648315,0.29748350381851196,0.17734821140766144,1.0,-0.010459737852215767,0.0688181146979332,0.3112219572067261,0.6154809594154358,2.0,0.014987178146839142,0.06998422741889954,0.3441327214241028,1.1573419570922852
1692309267.1872175,"[label: ""height""
size: 3
stride: 15, label: ""width""
size: 5
stride: 5]",0,0.0,-0.04973040521144867,0.06954256445169449,0.29838600754737854,0.10645647346973419,1.0,-0.012637275271117687,0.06861836463212967,0.308571994304657,0.6087205410003662,2.0,0.012807134538888931,0.06972064077854156,0.34215083718299866,1.1562856435775757
1692309267.304676,"[label: ""height""
size: 3
stride: 15, label: ""width""
size: 5
stride: 5]",0,0.0,-0.051464177668094635,0.0687795877456665,0.2966458201408386,0.1440461128950119,1.0,-0.014733963645994663,0.06868049502372742,0.31006792187690735,0.6080824136734009,2.0,0.010769208893179893,0.06899768859148026,0.3392866849899292,1.1484074592590332
1692309267.3870296,"[label: ""height""
size: 3
stride: 15, label: ""width""
size: 5
stride: 5]",0,0.0,-0.054085686802864075,0.06924514472484589,0.29617682099342346,0.11209192126989365,1.0,-0.017114177346229553,0.06814002990722656,0.30539706349372864,0.6274097561836243,2.0,0.008129188790917397,0.06903891265392303,0.3395140767097473,1.1643364429473877
1692309267.4890554,"[label: ""height""
size: 3
stride: 15, label: ""width""
size: 5
stride: 5]",0,0.0,-0.054619841277599335,0.06881766021251678,0.2945408821105957,0.12067694216966629,1.0,-0.01814974658191204,0.06859926134347916,0.30800625681877136,0.6297554969787598,2.0,0.006980608683079481,0.07035710662603378,0.34456467628479004,1.1534286737442017
1692309267.5880353,"[label: ""height""
size: 3
stride: 15, label: ""width""
size: 5
stride: 5]",0,0.0,-0.05617130920290947,0.06909792125225067,0.29326051473617554,0.13221114873886108,1.0,-0.01969182677567005,0.06878870725631714,0.30658167600631714,0.6312909722328186,2.0,0.004950934089720249,0.06983186304569244,0.3413352072238922,1.1806042194366455
1692309267.6918738,"[label: ""height""
size: 3
stride: 15, label: ""width""
size: 5
stride: 5]",0,0.0,-0.05674361810088158,0.06883261352777481,0.29033222794532776,0.18128453195095062,1.0,-0.021082445979118347,0.06859497725963593,0.3051814138889313,0.6684126257896423,2.0,0.002969978377223015,0.06962305307388306,0.3396630585193634,1.204426884651184
1692309267.7885013,"[label: ""height""
size: 3
stride: 15, label: ""width""
size: 5
stride: 5]",0,0.0,-0.05768187716603279,0.06899518519639969,0.29024505615234375,0.17761686444282532,1.0,-0.021981844678521156,0.06856857240200043,0.3039105534553528,0.6780295968055725,2.0,0.0015557846054434776,0.06910977512598038,0.3365120589733124,1.2291113138198853
1692309267.8908346,"[label: ""height""
size: 3
stride: 15, label: ""width""
size: 5
stride: 5]",0,0.0,-0.05955515056848526,0.06908905506134033,0.2885185778141022,0.20194824039936066,1.0,-0.023989589884877205,0.06911823153495789,0.3041567802429199,0.6840904951095581,2.0,-0.00036547527997754514,0.06989675015211105,0.3383059501647949,1.2167649269104004
1692309267.9804578,"[label: ""height""
size: 3
stride: 15, label: ""width""
size: 5
stride: 5]",0,0.0,-0.0609767884016037,0.06913482397794724,0.28830596804618835,0.1565752923488617,1.0,-0.02508402056992054,0.06858524680137634,0.30238035321235657,0.6730411052703857,2.0,-0.0017389305867254734,0.06988625228404999,0.3382488787174225,1.20403254032135
1692309268.0830038,"[label: ""height""
size: 3
stride: 15, label: ""width""
size: 5
stride: 5]",0,0.0,-0.06289700418710709,0.07042740285396576,0.2898731827735901,0.1170460507273674,1.0,-0.026469383388757706,0.06958825886249542,0.3013339638710022,0.6835623979568481,2.0,-0.0028329272754490376,0.07081422209739685,0.3367651700973511,1.208182454109192
1692309268.1821513,"[label: ""height""
size: 3
stride: 15, label: ""width""
size: 5
stride: 5]",0,0.0,-0.06433070451021194,0.06968950480222702,0.28949832916259766,0.14201654493808746,1.0,-0.027794668450951576,0.0690467357635498,0.302216500043869,0.6583144068717957,2.0,-0.003927984740585089,0.0698482096195221,0.33609333634376526,1.2126821279525757
1692309268.2842262,"[label: ""height""
size: 3
stride: 15, label: ""width""
size: 5
stride: 5]",0,0.0,-0.06437105685472488,0.07056517153978348,0.2870079576969147,0.13337528705596924,1.0,-0.028324885293841362,0.07061195373535156,0.3025829493999481,0.6582598090171814,2.0,-0.004341447725892067,0.07158371806144714,0.3365158438682556,1.2046878337860107
1692309268.3842654,"[label: ""height""
size: 3
stride: 15, label: ""width""
size: 5
stride: 5]",0,0.0,-0.0635235458612442,0.06968919187784195,0.28767940402030945,0.18468539416790009,1.0,-0.027790047228336334,0.06957417726516724,0.30348697304725647,0.6620939373970032,2.0,-0.003934860695153475,0.07024379074573517,0.3366699516773224,1.2116612195968628
1692309268.4866369,"[label: ""height""
size: 3
stride: 15, label: ""width""
size: 5
stride: 5]",0,0.0,-0.06195365637540817,0.07064786553382874,0.286712646484375,0.1347314864397049,1.0,-0.02652532048523426,0.0707487091422081,0.3032183349132538,0.6613183617591858,2.0,-0.002824653871357441,0.07146065682172775,0.3359202444553375,1.2098360061645508
1692309268.5827982,"[label: ""height""
size: 3
stride: 15, label: ""width""
size: 5
stride: 5]",0,0.0,-0.061079930514097214,0.07006754726171494,0.28727269172668457,0.18468724191188812,1.0,-0.02533878944814205,0.06963996589183807,0.3011183738708496,0.6917718648910522,2.0,-0.002017495222389698,0.07082485407590866,0.33682215213775635,1.222407341003418
1692309268.694907,"[label: ""height""
size: 3
stride: 15, label: ""width""
size: 5
stride: 5]",0,0.0,-0.06051694229245186,0.0704711526632309,0.28659501671791077,0.13756169378757477,1.0,-0.02485344372689724,0.0701504573225975,0.30119645595550537,0.6895818710327148,2.0,-0.0014756794553250074,0.07162827253341675,0.3386540114879608,1.2194510698318481
1692309268.7915742,"[label: ""height""
size: 3
stride: 15, label: ""width""
size: 5
stride: 5]",0,0.0,-0.06054123491048813,0.07076741755008698,0.2868567407131195,0.16604626178741455,1.0,-0.02469441294670105,0.07076525688171387,0.30220332741737366,0.6851967573165894,2.0,-0.0014610058860853314,0.07147172093391418,0.3359784483909607,1.222437858581543
1692309268.889793,"[label: ""height""
size: 3
stride: 15, label: ""width""
size: 5
stride: 5]",0,0.0,-0.06156724691390991,0.07102403789758682,0.287338525056839,0.1823892444372177,1.0,-0.025839848443865776,0.07083793729543686,0.30253562331199646,0.6749298572540283,2.0,-0.0022966160904616117,0.07219334691762924,0.3387022912502289,1.2048941850662231
1692309268.9892914,"[label: ""height""
size: 3
stride: 15, label: ""width""
size: 5
stride: 5]",0,0.0,-0.06286141276359558,0.07146664708852768,0.28846004605293274,0.1925964653491974,1.0,-0.026626000180840492,0.07044848799705505,0.30029189586639404,0.6634671688079834,2.0,-0.00283511308953166,0.0719623863697052,0.336988627910614,1.2077020406723022
1692309269.085015,"[label: ""height""
size: 3
stride: 15, label: ""width""
size: 5
stride: 5]",0,0.0,-0.06392645835876465,0.07180210202932358,0.2872585654258728,0.16094109416007996,1.0,-0.02806580625474453,0.0718134343624115,0.3024583160877228,0.6578800082206726,2.0,-0.004191086161881685,0.07259511202573776,0.3360840976238251,1.1967679262161255
1692309269.192863,"[label: ""height""
size: 3
stride: 15, label: ""width""
size: 5
stride: 5]",0,0.0,-0.0653655007481575,0.0716719925403595,0.2873649001121521,0.1589980274438858,1.0,-0.0287485308945179,0.07055685669183731,0.298196941614151,0.6713870763778687,2.0,-0.0051490189507603645,0.07204487174749374,0.3360874652862549,1.191200613975525
1692309269.2929819,"[label: ""height""
size: 3
stride: 15, label: ""width""
size: 5
stride: 5]",0,0.0,-0.06580792367458344,0.0724148228764534,0.28585392236709595,0.18671515583992004,1.0,-0.02950340509414673,0.07158592343330383,0.2984265387058258,0.6724973320960999,2.0,-0.005696001462638378,0.07336737960577011,0.3358616530895233,1.1933202743530273
1692309269.3897796,"[label: ""height""
size: 3
stride: 15, label: ""width""
size: 5
stride: 5]",0,0.0,-0.0658109039068222,0.071532242000103,0.2871217429637909,0.13067872822284698,1.0,-0.029518935829401016,0.07108119875192642,0.30093249678611755,0.6580606698989868,2.0,-0.00569962291046977,0.0720464214682579,0.3360956013202667,1.192834734916687
1692309269.4891102,"[label: ""height""
size: 3
stride: 15, label: ""width""
size: 5
stride: 5]",0,0.0,-0.06435860693454742,0.0729011744260788,0.28694042563438416,0.13079646229743958,1.0,-0.02859356440603733,0.07271022349596024,0.3016006350517273,0.676296055316925,2.0,-0.0048916093073785305,0.07378111779689789,0.3365006446838379,1.206628441810608
1692309269.5894144,"[label: ""height""
size: 3
stride: 15, label: ""width""
size: 5
stride: 5]",0,0.0,-0.06400617957115173,0.0725216418504715,0.2876987159252167,0.17818163335323334,1.0,-0.0284059327095747,0.07229772210121155,0.30348509550094604,0.677541196346283,2.0,-0.0046666762791574,0.07338759303092957,0.339124470949173,1.2196216583251953
1692309269.6925607,"[label: ""height""
size: 3
stride: 15, label: ""width""
size: 5
stride: 5]",0,0.0,-0.06391206383705139,0.07257349044084549,0.2871886193752289,0.16039802134037018,1.0,-0.027932453900575638,0.07212234288454056,0.30118343234062195,0.6888614296913147,2.0,-0.004626772832125425,0.07321906089782715,0.33645153045654297,1.2227541208267212
1692309269.7859406,"[label: ""height""
size: 3
stride: 15, label: ""width""
size: 5
stride: 5]",0,0.0,-0.06487952172756195,0.07259846478700638,0.28729575872421265,0.15848404169082642,1.0,-0.029217803850769997,0.07266449183225632,0.3028961718082428,0.6706286668777466,2.0,-0.00560173112899065,0.07369636744260788,0.33736902475357056,1.2150232791900635
1692309269.8884876,"[label: ""height""
size: 3
stride: 15, label: ""width""
size: 5
stride: 5]",0,0.0,-0.06628702580928802,0.0724775567650795,0.28713929653167725,0.129164457321167,1.0,-0.030124606564641,0.07205808162689209,0.30089133977890015,0.6733617782592773,2.0,-0.006395972333848476,0.07317604124546051,0.336233913898468,1.2030956745147705
1692309269.9843545,"[label: ""height""
size: 3
stride: 15, label: ""width""
size: 5
stride: 5]",0,0.0,-0.06718892604112625,0.07215806096792221,0.2857849597930908,0.0878472626209259,1.0,-0.03127329424023628,0.07213553786277771,0.3012358844280243,0.6625081896781921,2.0,-0.00735691050067544,0.07319889217615128,0.3363473117351532,1.197346568107605
1692309270.094309,"[label: ""height""
size: 3
stride: 15, label: ""width""
size: 5
stride: 5]",0,0.0,-0.06917170435190201,0.0730045810341835,0.2873782515525818,0.1253175288438797,1.0,-0.03297734633088112,0.07257425785064697,0.30098581314086914,0.643604576587677,2.0,-0.008864897303283215,0.07374181598424911,0.3363041579723358,1.1933702230453491
1692309270.1897755,"[label: ""height""
size: 3
stride: 15, label: ""width""
size: 5
stride: 5]",0,0.0,-0.06989018619060516,0.07168012112379074,0.2863631844520569,0.10213719308376312,1.0,-0.03394627198576927,0.07168122380971909,0.30185410380363464,0.6294512152671814,2.0,-0.009360809810459614,0.07237023860216141,0.3344257175922394,1.1968547105789185
1692309270.2909067,"[label: ""height""
size: 3
stride: 15, label: ""width""
size: 5
stride: 5]",0,0.0,-0.07109833508729935,0.07257216423749924,0.2875435948371887,0.12331683933734894,1.0,-0.034160763025283813,0.07138048112392426,0.297505646944046,0.6570158004760742,2.0,-0.010020028799772263,0.07311966270208359,0.33410897850990295,1.174056053161621
1692309270.3906817,"[label: ""height""
size: 3
stride: 15, label: ""width""
size: 5
stride: 5]",0,0.0,-0.07110993564128876,0.0717989131808281,0.28761276602745056,0.12776730954647064,1.0,-0.03446866571903229,0.07149752229452133,0.3010258972644806,0.6229502558708191,2.0,-0.009667059406638145,0.07262041419744492,0.3362099528312683,1.1617207527160645
1692309270.493666,"[label: ""height""
size: 3
stride: 15, label: ""width""
size: 5
stride: 5]",0,0.0,-0.07022956758737564,0.07107231020927429,0.28611141443252563,0.056781105697155,1.0,-0.03412233293056488,0.07091923803091049,0.3001839220523834,0.6250340938568115,2.0,-0.009053143672645092,0.07199383527040482,0.333959698677063,1.1630232334136963
1692309270.5896223,"[label: ""height""
size: 3
stride: 15, label: ""width""
size: 5
stride: 5]",0,0.0,-0.06964046508073807,0.07193215191364288,0.29021650552749634,0.10619903355836868,1.0,-0.03236014395952225,0.07107801735401154,0.3009113669395447,0.6280401349067688,2.0,-0.0075272368267178535,0.07277996838092804,0.3388577699661255,1.1514736413955688
1692309270.6942277,"[label: ""height""
size: 3
stride: 15, label: ""width""
size: 5
stride: 5]",0,0.0,-0.06765034794807434,0.07126671075820923,0.2897709906101227,0.09092900902032852,1.0,-0.03131802752614021,0.07104137539863586,0.30381664633750916,0.6198288202285767,2.0,-0.0061158002354204655,0.07197875529527664,0.33707308769226074,1.166487693786621
1692309270.7920694,"[label: ""height""
size: 3
stride: 15, label: ""width""
size: 5
stride: 5]",0,0.0,-0.06717944145202637,0.07122369855642319,0.2910212278366089,0.13565297424793243,1.0,-0.030522014945745468,0.07070234417915344,0.3045558035373688,0.6268166303634644,2.0,-0.005601862911134958,0.07203447818756104,0.3392600119113922,1.162278652191162
1692309270.895987,"[label: ""height""
size: 3
stride: 15, label: ""width""
size: 5
stride: 5]",0,0.0,-0.06706764549016953,0.07145506888628006,0.2923217713832855,0.07562330365180969,1.0,-0.029940921813249588,0.0705987960100174,0.30251801013946533,0.6245024800300598,2.0,-0.004614688456058502,0.07217373698949814,0.3385952115058899,1.1519538164138794
1692309270.9939857,"[label: ""height""
size: 3
stride: 15, label: ""width""
size: 5
stride: 5]",0,0.0,-0.06712087988853455,0.06987957656383514,0.28990668058395386,0.06083969399333,1.0,-0.03087250515818596,0.07014086842536926,0.30538374185562134,0.5941701531410217,2.0,-0.005043203476816416,0.0713081955909729,0.33972957730293274,1.1418952941894531
1692309271.0911684,"[label: ""height""
size: 3
stride: 15, label: ""width""
size: 5
stride: 5]",0,0.0,-0.06802210211753845,0.07096988707780838,0.2922976613044739,0.07360929250717163,1.0,-0.030633071437478065,0.06984419375658035,0.3008575439453125,0.6217551827430725,2.0,-0.004992767237126827,0.07133382558822632,0.3365893065929413,1.1467089653015137
1692309271.1826956,"[label: ""height""
size: 3
stride: 15, label: ""width""
size: 5
stride: 5]",0,0.0,-0.06903347373008728,0.07109564542770386,0.29251179099082947,0.06988856941461563,1.0,-0.03193150460720062,0.07050599157810211,0.30475053191185,0.5877835154533386,2.0,-0.005698387511074543,0.07156497985124588,0.3383145332336426,1.1206283569335938
1692309271.2842953,"[label: ""height""
size: 3
stride: 15, label: ""width""
size: 5
stride: 5]",0,0.0,-0.06896939128637314,0.07038556784391403,0.29219675064086914,0.060802996158599854,1.0,-0.031823042780160904,0.06938721984624863,0.3025898039340973,0.584534227848053,2.0,-0.005665578879415989,0.07076830416917801,0.33651551604270935,1.1227978467941284
1692309271.3827055,"[label: ""height""
size: 3
stride: 15, label: ""width""
size: 5
stride: 5]",0,0.0,-0.06835687160491943,0.07082560658454895,0.2919902205467224,0.028796076774597168,1.0,-0.03125475347042084,0.07039246708154678,0.3031180799007416,0.595676064491272,2.0,-0.005256715230643749,0.0713169127702713,0.336499959230423,1.1302809715270996
1692309271.4946997,"[label: ""height""
size: 3
stride: 15, label: ""width""
size: 5
stride: 5]",0,0.0,-0.06780359148979187,0.07060003280639648,0.29389357566833496,0.0621306486427784,1.0,-0.03040659800171852,0.06928892433643341,0.30212754011154175,0.5967140793800354,2.0,-0.004505951888859272,0.07158134132623672,0.34169846773147583,1.120490550994873
1692309271.5898976,"[label: ""height""
size: 3
stride: 15, label: ""width""
size: 5
stride: 5]",0,0.0,-0.06721526384353638,0.07120104134082794,0.2944753170013428,0.061753060668706894,1.0,-0.029636913910508156,0.06999018788337708,0.30309462547302246,0.6026157736778259,2.0,-0.0037474085111171007,0.07077852636575699,0.3365703821182251,1.1344339847564697
1692309271.6925924,"[label: ""height""
size: 3
stride: 15, label: ""width""
size: 5
stride: 5]",0,0.0,-0.06727145612239838,0.07070039212703705,0.2939978241920471,0.019441695883870125,1.0,-0.03019612841308117,0.07041961699724197,0.3059212565422058,0.5551891326904297,2.0,-0.0034608193673193455,0.07076120376586914,0.3364775776863098,1.1162883043289185
1692309271.7923927,"[label: ""height""
size: 3
stride: 15, label: ""width""
size: 5
stride: 5]",0,0.0,-0.06667117029428482,0.07043252140283585,0.2946245074272156,0.037053294479846954,1.0,-0.029256628826260567,0.069800466299057,0.3053695261478424,0.5707234740257263,2.0,-0.0023576628882437944,0.07018488645553589,0.33634811639785767,1.1132608652114868
1692309271.8923671,"[label: ""height""
size: 3
stride: 15, label: ""width""
size: 5
stride: 5]",0,0.0,-0.06651031225919724,0.07118216156959534,0.2965569794178009,0.03027888387441635,1.0,-0.028564466163516045,0.06997687369585037,0.30460456013679504,0.5597621202468872,2.0,-0.0015220135683193803,0.07073675841093063,0.33634695410728455,1.0931379795074463
1692309271.9911902,"[label: ""height""
size: 3
stride: 15, label: ""width""
size: 5
stride: 5]",0,0.0,-0.06659558415412903,0.07171519845724106,0.2985830307006836,0.03173692524433136,1.0,-0.02839008904993534,0.07080816477537155,0.3065163791179657,0.5284998416900635,2.0,-0.0009663842502050102,0.07079510390758514,0.3353102505207062,1.093374490737915
1692309272.0953636,"[label: ""height""
size: 3
stride: 15, label: ""width""
size: 5
stride: 5]",0,0.0,-0.0661253109574318,0.07041112333536148,0.2963177263736725,-0.001927875098772347,1.0,-0.028031302616000175,0.06921646744012833,0.30290594696998596,0.5527635216712952,2.0,-0.0008147955522872508,0.06957744807004929,0.3327621817588806,1.088301181793213
1692309272.191403,"[label: ""height""
size: 3
stride: 15, label: ""width""
size: 5
stride: 5]",0,0.0,-0.06471732258796692,0.07116854935884476,0.2961405813694,0.029734255746006966,1.0,-0.02734004519879818,0.07099946588277817,0.307406485080719,0.5340508818626404,2.0,0.00027172904810868204,0.07147029787302017,0.337821900844574,1.0770511627197266
1692309272.2940404,"[label: ""height""
size: 3
stride: 15, label: ""width""
size: 5
stride: 5]",0,0.0,-0.06402211636304855,0.07070495933294296,0.2984134554862976,0.0014606552431359887,1.0,-0.026147926226258278,0.0698697566986084,0.30683258175849915,0.5503305196762085,2.0,0.0012315440690144897,0.07015461474657059,0.3361850678920746,1.0852714776992798
1692309272.387768,"[label: ""height""
size: 3
stride: 15, label: ""width""
size: 5
stride: 5]",0,0.0,-0.06436365097761154,0.07166631519794464,0.30056652426719666,-0.0007623155252076685,1.0,-0.026157764717936516,0.07039539515972137,0.30693957209587097,0.5496495962142944,2.0,0.0013735495740547776,0.07067802548408508,0.3360399603843689,1.0761877298355103
1692309272.4822764,"[label: ""height""
size: 3
stride: 15, label: ""width""
size: 5
stride: 5]",0,0.0,-0.06329077482223511,0.07056460529565811,0.2967025935649872,0.0006575010484084487,1.0,-0.02589520625770092,0.07036866247653961,0.3068075478076935,0.5485265851020813,2.0,0.001923757721669972,0.07067576795816422,0.3360280394554138,1.0745781660079956
1692309272.5863767,"[label: ""height""
size: 3
stride: 15, label: ""width""
size: 5
stride: 5]",0,0.0,-0.06388510763645172,0.0708056390285492,0.29891321063041687,0.0010927324183285236,1.0,-0.02605997771024704,0.07036766409873962,0.3084178864955902,0.5073812007904053,2.0,0.0020894051995128393,0.07147813588380814,0.3411473035812378,1.0570621490478516
1692309272.6896677,"[label: ""height""
size: 3
stride: 15, label: ""width""
size: 5
stride: 5]",0,0.0,-0.06372468173503876,0.07074087858200073,0.29859280586242676,-0.028667261824011803,1.0,-0.02580176666378975,0.06991852074861526,0.3070581257343292,0.5306347608566284,2.0,0.0022180206142365932,0.07068218290805817,0.33799076080322266,1.0525336265563965
1692309272.7959857,"[label: ""height""
size: 3
stride: 15, label: ""width""
size: 5
stride: 5]",0,0.0,-0.06338106840848923,0.07157187908887863,0.30054971575737,-0.007007529027760029,1.0,-0.02530570700764656,0.0704350620508194,0.30712029337882996,0.5283300280570984,2.0,0.002790775615721941,0.0719994604587555,0.3409513235092163,1.0461888313293457
1692309272.894432,"[label: ""height""
size: 3
stride: 15, label: ""width""
size: 5
stride: 5]",0,0.0,-0.062349412590265274,0.07041993737220764,0.30084946751594543,-0.021073278039693832,1.0,-0.024572625756263733,0.06990757584571838,0.3102647364139557,0.5026661157608032,2.0,0.0036177835427224636,0.07028131186962128,0.34073594212532043,1.0623775720596313
1692309272.9893942,"[label: ""height""
size: 3
stride: 15, label: ""width""
size: 5
stride: 5]",0,0.0,-0.06052976846694946,0.07146923989057541,0.3011595904827118,0.01178391370922327,1.0,-0.022847870364785194,0.07110609859228134,0.31112241744995117,0.5244001746177673,2.0,0.005007929168641567,0.07145914435386658,0.3410525918006897,1.0758146047592163
1692309273.0910974,"[label: ""height""
size: 3
stride: 15, label: ""width""
size: 5
stride: 5]",0,0.0,-0.06054799258708954,0.07095322757959366,0.3049169182777405,0.0003513299743644893,1.0,-0.02234329655766487,0.07011578977108002,0.31293338537216187,0.5291339159011841,2.0,0.005639492534101009,0.07107619941234589,0.34593814611434937,1.066841721534729
1692309273.1911776,"[label: ""height""
size: 3
stride: 15, label: ""width""
size: 5
stride: 5]",0,0.0,-0.059834402054548264,0.07147897034883499,0.3027580678462982,0.03601297736167908,1.0,-0.022100212052464485,0.07090234756469727,0.3113204538822174,0.5206142067909241,2.0,0.005566233303397894,0.07145686447620392,0.3410405218601227,1.0742123126983643
1692309273.2931662,"[label: ""height""
size: 3
stride: 15, label: ""width""
size: 5
stride: 5]",0,0.0,-0.05999119579792023,0.07032570987939835,0.3008783161640167,0.0006614835001528263,1.0,-0.022408366203308105,0.06995537132024765,0.31049662828445435,0.5427875518798828,2.0,0.005615050904452801,0.07143798470497131,0.34429553151130676,1.0688939094543457
1692309273.3899543,"[label: ""height""
size: 3
stride: 15, label: ""width""
size: 5
stride: 5]",0,0.0,-0.0599905289709568,0.07024411112070084,0.3027481436729431,0.0023149303160607815,1.0,-0.022083964198827744,0.06983837485313416,0.31111130118370056,0.5219922661781311,2.0,0.006495099980384111,0.07104682177305222,0.3457797169685364,1.0462594032287598
1692309273.4932709,"[label: ""height""
size: 3
stride: 15, label: ""width""
size: 5
stride: 5]",0,0.0,-0.059097807854413986,0.07058017700910568,0.3051748275756836,0.0006655934848822653,1.0,-0.0212342981249094,0.07045183330774307,0.3149380087852478,0.47464823722839355,2.0,0.0077760955318808556,0.07107535749673843,0.34592658281326294,1.033118724822998
1692309273.590095,"[label: ""height""
size: 3
stride: 15, label: ""width""
size: 5
stride: 5]",0,0.0,-0.05683569610118866,0.07067284733057022,0.3056161403656006,-0.030256161466240883,1.0,-0.018418792635202408,0.06995731592178345,0.31334441900253296,0.491171270608902,2.0,0.010388688184320927,0.07040902227163315,0.34337329864501953,1.0389761924743652
1692309273.6905217,"[label: ""height""
size: 3
stride: 15, label: ""width""
size: 5
stride: 5]",0,0.0,-0.05249713733792305,0.06857737898826599,0.30513399839401245,-0.031119147315621376,1.0,-0.014475027099251747,0.06830044090747833,0.3139946758747101,0.489743709564209,2.0,0.014282544143497944,0.06851833313703537,0.34231036901474,1.02882981300354
1692309273.787655,"[label: ""height""
size: 3
stride: 15, label: ""width""
size: 5
stride: 5]",0,0.0,-0.04885190352797508,0.0697065219283104,0.30578169226646423,-0.03188297525048256,1.0,-0.011074935086071491,0.06959068030118942,0.3157709240913391,0.4852277338504791,2.0,0.01785769686102867,0.06968924403190613,0.3439924716949463,1.043626308441162
1692309273.88988,"[label: ""height""
size: 3
stride: 15, label: ""width""
size: 5
stride: 5]",0,0.0,-0.04649285599589348,0.06911943852901459,0.30942267179489136,-0.006192262750118971,1.0,-0.008325009606778622,0.06913641840219498,0.3190765380859375,0.4866912364959717,2.0,0.020504333078861237,0.06848324835300446,0.3435651957988739,1.045764684677124
1692309273.9903204,"[label: ""height""
size: 3
stride: 15, label: ""width""
size: 5
stride: 5]",0,0.0,-0.044761642813682556,0.06913403421640396,0.3078101575374603,-0.03052961267530918,1.0,-0.006358996033668518,0.06824808567762375,0.313742071390152,0.5132153630256653,2.0,0.022307120263576508,0.0692739486694336,0.3453850746154785,1.0386300086975098
1692309274.0838516,"[label: ""height""
size: 3
stride: 15, label: ""width""
size: 5
stride: 5]",0,0.0,-0.04475942626595497,0.0686260238289833,0.30779293179512024,-0.030817287042737007,1.0,-0.006671418435871601,0.06804704666137695,0.3158181607723236,0.5029942393302917,2.0,0.022300509735941887,0.06868869811296463,0.34528031945228577,1.03876793384552
1692309274.181253,"[label: ""height""
size: 3
stride: 15, label: ""width""
size: 5
stride: 5]",0,0.0,-0.044498566538095474,0.06745506823062897,0.3057641386985779,-0.06564713269472122,1.0,-0.006676799152046442,0.06770826131105423,0.3153665065765381,0.4735095798969269,2.0,0.022575246170163155,0.06807687878608704,0.3450238108634949,1.0201810598373413
1692309274.2843232,"[label: ""height""
size: 3
stride: 15, label: ""width""
size: 5
stride: 5]",0,0.0,-0.045913588255643845,0.06830039620399475,0.3103128969669342,-0.057179007679224014,1.0,-0.007227675057947636,0.06759537756443024,0.31656503677368164,0.46563825011253357,2.0,0.021896421909332275,0.0672915130853653,0.34319671988487244,1.0243498086929321
1692309274.3812802,"[label: ""height""
size: 3
stride: 15, label: ""width""
size: 5
stride: 5]",0,0.0,-0.044730715453624725,0.06796953082084656,0.30751827359199524,-0.042734529823064804,1.0,-0.006676799152046442,0.06770826131105423,0.3153665065765381,0.4735095798969269,2.0,0.022708941251039505,0.06776738911867142,0.3427256643772125,1.0227065086364746
1692309274.4860084,"[label: ""height""
size: 3
stride: 15, label: ""width""
size: 5
stride: 5]",0,0.0,-0.043235134333372116,0.06664760410785675,0.30766382813453674,-0.038642410188913345,1.0,-0.00520721822977066,0.06714926660060883,0.3187447190284729,0.44612401723861694,2.0,0.024369388818740845,0.06722580641508102,0.3464563488960266,1.012808084487915
1692309274.58032,"[label: ""height""
size: 3
stride: 15, label: ""width""
size: 5
stride: 5]",0,0.0,-0.041299767792224884,0.06845425814390182,0.30987584590911865,-0.07806318998336792,1.0,-0.003255637129768729,0.06857603043317795,0.32067304849624634,0.47827643156051636,2.0,0.02624410390853882,0.06808851659297943,0.34508928656578064,1.0280089378356934
1692309274.6849425,"[label: ""height""
size: 3
stride: 15, label: ""width""
size: 5
stride: 5]",0,0.0,-0.039915382862091064,0.06678266823291779,0.3095826208591461,0.000615628610830754,1.0,-0.001778421108610928,0.06659998744726181,0.31678110361099243,0.479979008436203,2.0,0.027627186849713326,0.06744911521673203,0.34832754731178284,1.01993727684021
1692309274.789952,"[label: ""height""
size: 3
stride: 15, label: ""width""
size: 5
stride: 5]",0,0.0,-0.039783596992492676,0.06795579195022583,0.30992230772972107,-0.07911656051874161,1.0,-0.0017646224005147815,0.06723898649215698,0.31560951471328735,0.4886285662651062,2.0,0.027626369148492813,0.06723187863826752,0.3428654670715332,1.0178067684173584
1692309274.8933086,"[label: ""height""
size: 3
stride: 15, label: ""width""
size: 5
stride: 5]",0,0.0,-0.039528507739305496,0.06788897514343262,0.3122200071811676,-0.041210249066352844,1.0,-0.0012611495330929756,0.06712892651557922,0.3168316185474396,0.4780384302139282,2.0,0.028462788090109825,0.06775873899459839,0.34626275300979614,1.0108990669250488
1692309274.9881952,"[label: ""height""
size: 3
stride: 15, label: ""width""
size: 5
stride: 5]",0,0.0,-0.03983008489012718,0.06719628721475601,0.31036192178726196,-0.06947319209575653,1.0,-0.001550770248286426,0.06706655770540237,0.31779393553733826,0.4391811490058899,2.0,0.028295008465647697,0.06740107387304306,0.3458976149559021,1.0032703876495361
1692309275.0907857,"[label: ""height""
size: 3
stride: 15, label: ""width""
size: 5
stride: 5]",0,0.0,-0.03932654485106468,0.06771279126405716,0.3104018270969391,-0.0693918764591217,1.0,-0.0012861888390034437,0.06779883801937103,0.3193921744823456,0.4638943076133728,2.0,0.028707880526781082,0.06794965267181396,0.3457995355129242,1.0113131999969482
1692309275.1890996,"[label: ""height""
size: 3
stride: 15, label: ""width""
size: 5
stride: 5]",0,0.0,-0.03901190310716629,0.06771109998226166,0.31214016675949097,-0.045840900391340256,1.0,-0.0007429516408592463,0.06712103635072708,0.3167913556098938,0.4766422212123871,2.0,0.02905491553246975,0.06800680607557297,0.3482500910758972,0.9978225827217102
1692309275.2917836,"[label: ""height""
size: 3
stride: 15, label: ""width""
size: 5
stride: 5]",0,0.0,-0.03808265179395676,0.06760717928409576,0.30986297130584717,-0.03494672849774361,1.0,4.704650564235635e-05,0.06725235283374786,0.3174632787704468,0.5017858743667603,2.0,0.029391977936029434,0.06842981278896332,0.3489669859409332,1.0138003826141357
1692309275.3879607,"[label: ""height""
size: 3
stride: 15, label: ""width""
size: 5
stride: 5]",0,0.0,-0.03757639229297638,0.0676095113158226,0.30987420678138733,-0.03502286970615387,1.0,0.0004151920438744128,0.06798116862773895,0.3203173875808716,0.46891966462135315,2.0,0.029479438439011574,0.0678379163146019,0.346707284450531,1.034617304801941
1692309275.4917307,"[label: ""height""
size: 3
stride: 15, label: ""width""
size: 5
stride: 5]",0,0.0,-0.0379939004778862,0.06823047995567322,0.3121795654296875,-0.045907795429229736,1.0,3.7650559534085914e-05,0.06784699857234955,0.31912535429000854,0.4922124743461609,2.0,0.029275324195623398,0.06797021627426147,0.3459151089191437,1.0276546478271484
1692309275.5935571,"[label: ""height""
size: 3
stride: 15, label: ""width""
size: 5
stride: 5]",0,0.0,-0.0385047011077404,0.06874135136604309,0.3121770918369293,-0.04550560936331749,1.0,-0.00037191063165664673,0.0685577541589737,0.3205869793891907,0.47069624066352844,2.0,0.02920263074338436,0.06840348243713379,0.34668922424316406,1.0173680782318115
1692309275.6935825,"[label: ""height""
size: 3
stride: 15, label: ""width""
size: 5
stride: 5]",0,0.0,-0.03781340271234512,0.06875114887952805,0.3105054199695587,-0.06939461082220078,1.0,0.00015179425827227533,0.06909476965665817,0.3206450641155243,0.4687214195728302,2.0,0.029737569391727448,0.06917700171470642,0.3463093340396881,1.0168648958206177
1692309275.789463,"[label: ""height""
size: 3
stride: 15, label: ""width""
size: 5
stride: 5]",0,0.0,-0.03743447735905647,0.06851185858249664,0.31017619371414185,-0.11306557804346085,1.0,0.0006851206417195499,0.06840566545724869,0.3180299401283264,0.4811757504940033,2.0,0.030138038098812103,0.06836477667093277,0.3443748950958252,1.017642617225647
1692309275.892421,"[label: ""height""
size: 3
stride: 15, label: ""width""
size: 5
stride: 5]",0,0.0,-0.0349387489259243,0.06979036331176758,0.3123020827770233,-0.046026140451431274,1.0,0.003172582481056452,0.06950971484184265,0.32009220123291016,0.4784664511680603,2.0,0.033065203577280045,0.0703807920217514,0.3502083718776703,1.0298409461975098
1692309275.9914958,"[label: ""height""
size: 3
stride: 15, label: ""width""
size: 5
stride: 5]",0,0.0,-0.03340702876448631,0.06877186894416809,0.31232473254203796,-0.04699702188372612,1.0,0.004501200281083584,0.06914816051721573,0.3226949870586395,0.4572473466396332,2.0,0.034373268485069275,0.06942656636238098,0.35187724232673645,1.0250400304794312
1692309276.0890508,"[label: ""height""
size: 3
stride: 15, label: ""width""
size: 5
stride: 5]",0,0.0,-0.03164190426468849,0.07034797221422195,0.31372255086898804,-0.06057119369506836,1.0,0.006360177416354418,0.070250503718853,0.32241931557655334,0.4841289818286896,2.0,0.035594262182712555,0.07058032602071762,0.3497887849807739,1.041833519935608
1692309276.1908617,"[label: ""height""
size: 3
stride: 15, label: ""width""
size: 5
stride: 5]",0,0.0,-0.030887190252542496,0.06967667490243912,0.3129492998123169,-0.023564131930470467,1.0,0.007007963955402374,0.06957262754440308,0.3221731185913086,0.46872735023498535,2.0,0.03597099334001541,0.06919889897108078,0.3464319109916687,1.03545343875885
1692309276.2910743,"[label: ""height""
size: 3
stride: 15, label: ""width""
size: 5
stride: 5]",0,0.0,-0.03145797923207283,0.07078728079795837,0.31579554080963135,-0.0559011772274971,1.0,0.006994674913585186,0.07004755735397339,0.32140129804611206,0.4718897342681885,2.0,0.03614429384469986,0.06981614977121353,0.34669700264930725,1.025802493095398
1692309276.3945725,"[label: ""height""
size: 3
stride: 15, label: ""width""
size: 5
stride: 5]",0,0.0,-0.03143639490008354,0.06992199271917343,0.3112531304359436,-0.10527151077985764,1.0,0.006552564445883036,0.0695950984954834,0.3187553882598877,0.4742801785469055,2.0,0.036449965089559555,0.07055868953466415,0.34966835379600525,1.0218257904052734
1692309276.495799,"[label: ""height""
size: 3
stride: 15, label: ""width""
size: 5
stride: 5]",0,0.0,-0.03214164078235626,0.06981029361486435,0.31068098545074463,-0.10445667058229446,1.0,0.005754971876740456,0.06932404637336731,0.3174174129962921,0.48444071412086487,2.0,0.035648997873067856,0.07094573229551315,0.3501545786857605,1.0048574209213257
1692309276.5879676,"[label: ""height""
size: 3
stride: 15, label: ""width""
size: 5
stride: 5]",0,0.0,-0.03289997950196266,0.07031752169132233,0.31237557530403137,-0.046308014541864395,1.0,0.005362245254218578,0.06941752880811691,0.31787794828414917,0.4677020013332367,2.0,0.035363610833883286,0.0709478110074997,0.35016757249832153,1.0056252479553223
1692309276.690579,"[label: ""height""
size: 3
stride: 15, label: ""width""
size: 5
stride: 5]",0,0.0,-0.03332080692052841,0.070331871509552,0.3124188780784607,-0.0800217017531395,1.0,0.0050165229476988316,0.07030749320983887,0.3214435875415802,0.4649445414543152,2.0,0.034851040691137314,0.07033106684684753,0.34640729427337646,1.002779245376587
1692309276.7913282,"[label: ""height""
size: 3
stride: 15, label: ""width""
size: 5
stride: 5]",0,0.0,-0.032690927386283875,0.06993410736322403,0.31212788820266724,-0.12161948531866074,1.0,0.005511189810931683,0.06960905343294144,0.31882503628730774,0.4770268201828003,2.0,0.03522338718175888,0.06951280683279037,0.3444752097129822,1.0035440921783447
1692309276.8929393,"[label: ""height""
size: 3
stride: 15, label: ""width""
size: 5
stride: 5]",0,0.0,-0.03137063607573509,0.07084199041128159,0.3124352693557739,-0.046421922743320465,1.0,0.006989044137299061,0.07074450701475143,0.320997416973114,0.4771168828010559,2.0,0.036445796489715576,0.07097005844116211,0.34678518772125244,1.0069804191589355
1692309276.9928653,"[label: ""height""
size: 3
stride: 15, label: ""width""
size: 5
stride: 5]",0,0.0,-0.031100112944841385,0.0695849284529686,0.3133467435836792,-0.06958909332752228,1.0,0.007113166619092226,0.06918890029191971,0.32111600041389465,0.46057844161987305,2.0,0.03657867759466171,0.06925540417432785,0.3467402160167694,1.0157032012939453
1692309277.0925994,"[label: ""height""
size: 3
stride: 15, label: ""width""
size: 5
stride: 5]",0,0.0,-0.030950121581554413,0.07041168957948685,0.3104183077812195,-0.0841619074344635,1.0,0.007074636407196522,0.07012983411550522,0.31881552934646606,0.47237926721572876,2.0,0.03685389459133148,0.0710710883140564,0.3493752181529999,1.011847734451294
1692309277.190713,"[label: ""height""
size: 3
stride: 15, label: ""width""
size: 5
stride: 5]",0,0.0,-0.031983789056539536,0.06904364377260208,0.3106909990310669,-0.07117874175310135,1.0,0.006064133252948523,0.06920219212770462,0.32118356227874756,0.46331217885017395,2.0,0.03556458279490471,0.06921084225177765,0.3464939594268799,1.009778618812561
1692309277.2947123,"[label: ""height""
size: 3
stride: 15, label: ""width""
size: 5
stride: 5]",0,0.0,-0.03272872418165207,0.07009465247392654,0.31043335795402527,-0.07955016195774078,1.0,0.005528841633349657,0.07019524276256561,0.3204004466533661,0.46793848276138306,2.0,0.03534957766532898,0.07019831240177155,0.34717172384262085,1.0090147256851196
1692309277.3894775,"[label: ""height""
size: 3
stride: 15, label: ""width""
size: 5
stride: 5]",0,0.0,-0.033964239060878754,0.06915070861577988,0.31002500653266907,-0.08894595503807068,1.0,0.00417513120919466,0.0684928372502327,0.3167118728160858,0.4633827209472656,2.0,0.03420151025056839,0.06959284842014313,0.3469732403755188,0.9943013191223145
1692309277.4846509,"[label: ""height""
size: 3
stride: 15, label: ""width""
size: 5
stride: 5]",0,0.0,-0.03484535589814186,0.06950569152832031,0.30878517031669617,-0.09334205090999603,1.0,0.0031458812300115824,0.06951261311769485,0.31834349036216736,0.45481282472610474,2.0,0.032850928604602814,0.06955401599407196,0.3446996510028839,1.000783920288086
1692309277.5957954,"[label: ""height""
size: 3
stride: 15, label: ""width""
size: 5
stride: 5]",0,0.0,-0.0354759618639946,0.0699632465839386,0.31266576051712036,-0.029269499704241753,1.0,0.0029054945334792137,0.06910170614719391,0.3189024329185486,0.4845254719257355,2.0,0.0325588621199131,0.06896980851888657,0.3445936441421509,1.0017355680465698
1692309277.690299,"[label: ""height""
size: 3
stride: 15, label: ""width""
size: 5
stride: 5]",0,0.0,-0.03479098528623581,0.06871426105499268,0.30820900201797485,-0.10328949242830276,1.0,0.0030167943332344294,0.06811226159334183,0.31614986062049866,0.4860829710960388,2.0,0.03255172073841095,0.06840621680021286,0.344605952501297,1.0196880102157593
1692309277.7825356,"[label: ""height""
size: 3
stride: 15, label: ""width""
size: 5
stride: 5]",0,0.0,-0.03447845205664635,0.06927253305912018,0.3101528584957123,-0.07952462136745453,1.0,0.0034261702094227076,0.06855323910713196,0.3187721371650696,0.48366400599479675,2.0,0.03265492245554924,0.06907902657985687,0.34728240966796875,1.0252304077148438
1692309277.886725,"[label: ""height""
size: 3
stride: 15, label: ""width""
size: 5
stride: 5]",0,0.0,-0.034419700503349304,0.06898108124732971,0.31159958243370056,0.013418176211416721,1.0,0.0037049625534564257,0.06811156868934631,0.31918925046920776,0.5111219882965088,2.0,0.03275942802429199,0.06787628680467606,0.3469214141368866,1.0343422889709473
1692309277.9836497,"[label: ""height""
size: 3
stride: 15, label: ""width""
size: 5
stride: 5]",0,0.0,-0.03498027101159096,0.0687519907951355,0.310093492269516,-0.0798800140619278,1.0,0.0030336349736899137,0.06765780597925186,0.3164745569229126,0.5138762593269348,2.0,0.031758230179548264,0.06737823039293289,0.34368422627449036,1.0321121215820312
1692309278.0940323,"[label: ""height""
size: 3
stride: 15, label: ""width""
size: 5
stride: 5]",0,0.0,-0.0363110788166523,0.06914269924163818,0.3124740719795227,0.01123626809567213,1.0,0.001862887991592288,0.0680319219827652,0.31877878308296204,0.48843345046043396,2.0,0.03150073438882828,0.06790661066770554,0.3470939099788666,1.0286328792572021
1692309278.1940408,"[label: ""height""
size: 3
stride: 15, label: ""width""
size: 5
stride: 5]",0,0.0,-0.036979831755161285,0.06811001151800156,0.30816689133644104,-0.023450177162885666,1.0,0.0009457427076995373,0.06752126663923264,0.31755372881889343,0.4824811816215515,2.0,0.02990814670920372,0.06658727675676346,0.3418092727661133,1.0390430688858032
1692309278.2918246,"[label: ""height""
size: 3
stride: 15, label: ""width""
size: 5
stride: 5]",0,0.0,-0.038489870727062225,0.06810218095779419,0.30812883377075195,-0.02349044941365719,1.0,-0.0006259765941649675,0.06814093142747879,0.3193418085575104,0.4771294593811035,2.0,0.02866724319756031,0.06736932694911957,0.34363269805908203,1.022895097732544
1692309278.3880255,"[label: ""height""
size: 3
stride: 15, label: ""width""
size: 5
stride: 5]",0,0.0,-0.03883657231926918,0.06720680743455887,0.307461142539978,-0.07704352587461472,1.0,-0.0010152686154469848,0.06687053292989731,0.31817230582237244,0.46875888109207153,2.0,0.028369033709168434,0.06618878245353699,0.3433220684528351,1.0061050653457642
1692309278.4914658,"[label: ""height""
size: 2
stride: 10, label: ""width""
size: 5
stride: 5]",0,0.0,-0.037838492542505264,0.06823022663593292,0.3075390160083771,-0.07688725739717484,1.0,-8.853807230480015e-05,0.06746514141559601,0.31675803661346436,0.4892026484012604
1692309278.5813198,"[label: ""height""
size: 2
stride: 10, label: ""width""
size: 5
stride: 5]",0,0.0,-0.036369699984788895,0.06821243464946747,0.31040218472480774,-0.03535380959510803,1.0,0.001600545714609325,0.06781960278749466,0.320894718170166,0.4780080318450928
1692309278.6838508,"[label: ""height""
size: 3
stride: 15, label: ""width""
size: 5
stride: 5]",0,0.0,-0.03474824130535126,0.06872362643480301,0.3103814423084259,-0.07025833427906036,1.0,0.0032953459303826094,0.0673128217458725,0.3173907697200775,0.5080905556678772,2.0,0.032310694456100464,0.06679505854845047,0.3435722887516022,1.0307137966156006
1692309278.7845173,"[label: ""height""
size: 3
stride: 15, label: ""width""
size: 5
stride: 5]",0,0.0,-0.03300027549266815,0.06861059367656708,0.3098134994506836,-0.03489023074507713,1.0,0.005003826227039099,0.06774727255105972,0.31871479749679565,0.5091853141784668,2.0,0.03410962596535683,0.06816459447145462,0.34914442896842957,1.028507113456726
1692309278.8885758,"[label: ""height""
size: 2
stride: 10, label: ""width""
size: 5
stride: 5]",0,0.0,-0.03332938626408577,0.06823273003101349,0.3105024993419647,-0.0357406921684742,1.0,0.00472207460552454,0.06710881739854813,0.3181096613407135,0.48275020718574524
1692309278.986436,"[label: ""height""
size: 2
stride: 10, label: ""width""
size: 5
stride: 5]",0,0.0,-0.03367595374584198,0.06969145685434341,0.3125980794429779,-0.02888665907084942,1.0,0.004584908485412598,0.06763999909162521,0.31638267636299133,0.5095674991607666
1692309279.084737,"[label: ""height""
size: 3
stride: 15, label: ""width""
size: 5
stride: 5]",0,0.0,-0.03451889753341675,0.06860292702913284,0.30977708101272583,-0.034717291593551636,1.0,0.003682950045913458,0.0676613599061966,0.31826961040496826,0.4850703477859497,2.0,0.03307748958468437,0.0679243877530098,0.34719735383987427,1.015230655670166
1692309279.1843038,"[label: ""height""
size: 2
stride: 10, label: ""width""
size: 5
stride: 5]",0,0.0,-0.03548802062869072,0.06926089525222778,0.3100965917110443,-0.07918766140937805,1.0,0.0026462245732545853,0.06879499554634094,0.32001057267189026,0.4787556827068329
1692309279.2862601,"[label: ""height""
size: 3
stride: 15, label: ""width""
size: 5
stride: 5]",0,0.0,-0.03673578426241875,0.06966663151979446,0.312478244304657,-0.029774801805615425,1.0,0.0016016664449125528,0.06822776794433594,0.31849783658981323,0.49025335907936096,2.0,0.031009478494524956,0.06785240024328232,0.344669908285141,1.0149381160736084
1692309279.385735,"[label: ""height""
size: 3
stride: 15, label: ""width""
size: 5
stride: 5]",0,0.0,-0.036405984312295914,0.06942132860422134,0.3108782172203064,-0.01421637088060379,1.0,0.0016003448981791735,0.0689098984003067,0.3210887014865875,0.4769240617752075,2.0,0.030588531866669655,0.06737152487039566,0.3415527939796448,1.02908456325531
1692309279.4849021,"[label: ""height""
size: 3
stride: 15, label: ""width""
size: 5
stride: 5]",0,0.0,-0.03622406721115112,0.06946691870689392,0.3098742365837097,-0.07840330898761749,1.0,0.0017386687686666846,0.06840789318084717,0.3176686763763428,0.5114543437957764,2.0,0.03081473708152771,0.06853489577770233,0.34742894768714905,1.039044737815857
1692309279.5837173,"[label: ""height""
size: 3
stride: 15, label: ""width""
size: 5
stride: 5]",0,0.0,-0.035899050533771515,0.06942612677812576,0.3109019994735718,-0.013882599771022797,1.0,0.0018776668002828956,0.06832435727119446,0.3189947307109833,0.5173612833023071,2.0,0.03069278970360756,0.06876525282859802,0.34930360317230225,1.0376183986663818
1692309279.6882226,"[label: ""height""
size: 3
stride: 15, label: ""width""
size: 5
stride: 5]",0,0.0,-0.03515981510281563,0.06947894394397736,0.3075203597545624,-0.044675298035144806,1.0,0.002279567066580057,0.06913132220506668,0.32093796133995056,0.5218546986579895,2.0,0.030372457578778267,0.06853041797876358,0.34740516543388367,1.066953420639038
1692309279.7963328,"[label: ""height""
size: 2
stride: 10, label: ""width""
size: 5
stride: 5]",0,0.0,-0.035099904984235764,0.07004319131374359,0.30977845191955566,0.02209980972111225,1.0,0.0026749775279313326,0.06894351541996002,0.3194865584373474,0.5416797399520874
1692309279.8932397,"[label: ""height""
size: 3
stride: 15, label: ""width""
size: 5
stride: 5]",0,0.0,-0.03550929203629494,0.07014314830303192,0.3082379102706909,0.06697317212820053,1.0,0.001899721217341721,0.06850165128707886,0.31687337160110474,0.5854305028915405,2.0,0.029213175177574158,0.06877974420785904,0.3472815752029419,1.088252305984497
1692309279.994153,"[label: ""height""
size: 3
stride: 15, label: ""width""
size: 5
stride: 5]",0,0.0,-0.03606533259153366,0.07001909613609314,0.30490705370903015,0.0005027176230214536,1.0,0.0008552310173399746,0.07025723159313202,0.3213063180446625,0.5675933957099915,2.0,0.027979176491498947,0.06975962966680527,0.3479096591472626,1.0993030071258545
1692309280.0968058,"[label: ""height""
size: 2
stride: 10, label: ""width""
size: 5
stride: 5]",0,0.0,-0.0385475791990757,0.07100535184144974,0.30829837918281555,0.06785925477743149,1.0,-0.0009601793717592955,0.06953644752502441,0.3168487846851349,0.567417323589325
1692309280.1926637,"[label: ""height""
size: 2
stride: 10, label: ""width""
size: 5
stride: 5]",0,0.0,-0.04110331833362579,0.07121522724628448,0.3053775131702423,0.02302853949368,1.0,-0.0038450316060334444,0.07051092386245728,0.3182317912578583,0.5391581654548645
1692309280.296274,"[label: ""height""
size: 2
stride: 10, label: ""width""
size: 5
stride: 5]",0,0.0,-0.04249870032072067,0.07170850783586502,0.3065359592437744,0.0400296114385128,1.0,-0.005113555584102869,0.07066395878791809,0.31728464365005493,0.57859206199646
1692309280.3932657,"[label: ""height""
size: 2
stride: 10, label: ""width""
size: 5
stride: 5]",0,0.0,-0.044105738401412964,0.07271375507116318,0.305364727973938,0.020851068198680878,1.0,-0.006785412319004536,0.07169818133115768,0.31605860590934753,0.5471693873405457
1692309280.4919314,"[label: ""height""
size: 2
stride: 10, label: ""width""
size: 5
stride: 5]",0,0.0,-0.04485196992754936,0.07189267128705978,0.30540981888771057,0.03346826881170273,1.0,-0.007368650287389755,0.07060640305280685,0.31411516666412354,0.5753220915794373
1692309280.5901616,"[label: ""height""
size: 2
stride: 10, label: ""width""
size: 5
stride: 5]",0,0.0,-0.04507291689515114,0.07348135113716125,0.30506956577301025,0.012510224245488644,1.0,-0.007520682644098997,0.07227280735969543,0.31468987464904785,0.5583527684211731
1692309280.6938064,"[label: ""height""
size: 2
stride: 10, label: ""width""
size: 5
stride: 5]",0,0.0,-0.04386882856488228,0.07184112071990967,0.3021793067455292,0.04397241026163101,1.0,-0.0068703871220350266,0.07099006325006485,0.31466713547706604,0.5683726072311401
1692309280.7905967,"[label: ""height""
size: 2
stride: 10, label: ""width""
size: 5
stride: 5]",0,0.0,-0.042872872203588486,0.07331749051809311,0.30213961005210876,0.04401203989982605,1.0,-0.00609291298314929,0.07283032685518265,0.31488701701164246,0.5948268175125122
1692309280.8935804,"[label: ""height""
size: 2
stride: 10, label: ""width""
size: 5
stride: 5]",0,0.0,-0.04264538362622261,0.07295389473438263,0.3050035536289215,0.055963411927223206,1.0,-0.005463518667966127,0.07172286510467529,0.31571847200393677,0.5998101830482483
1692309280.992438,"[label: ""height""
size: 2
stride: 10, label: ""width""
size: 5
stride: 5]",0,0.0,-0.041177187114953995,0.07377620786428452,0.30265313386917114,0.07696955651044846,1.0,-0.0044560618698596954,0.07346902787685394,0.317075252532959,0.5908045172691345
1692309281.0911882,"[label: ""height""
size: 2
stride: 10, label: ""width""
size: 5
stride: 5]",0,0.0,-0.04140543192625046,0.07348959892988205,0.3025015890598297,0.07673315703868866,1.0,-0.004753288347274065,0.0721953958272934,0.3127112090587616,0.6259620189666748
1692309281.191322,"[label: ""height""
size: 2
stride: 10, label: ""width""
size: 5
stride: 5]",0,0.0,-0.04274589940905571,0.07391227036714554,0.3010770380496979,0.020805206149816513,1.0,-0.005896311718970537,0.07260821014642715,0.3122421205043793,0.6192704439163208
1692309281.2926774,"[label: ""height""
size: 3
stride: 15, label: ""width""
size: 5
stride: 5]",0,0.0,-0.044886864721775055,0.0743485540151596,0.30197590589523315,0.10917188972234726,1.0,-0.008086340501904488,0.07322853058576584,0.31274333596229553,0.6107874512672424,2.0,0.018028613179922104,0.07395876944065094,0.3456573188304901,1.1377540826797485
1692309281.3906348,"[label: ""height""
size: 3
stride: 15, label: ""width""
size: 5
stride: 5]",0,0.0,-0.04673921689391136,0.0746532529592514,0.30076757073402405,0.049812618643045425,1.0,-0.00973520241677761,0.07363845407962799,0.31226909160614014,0.6055595278739929,2.0,0.01634439080953598,0.07376664131879807,0.3427902162075043,1.136972188949585
1692309281.492893,"[label: ""height""
size: 2
stride: 10, label: ""width""
size: 5
stride: 5]",0,0.0,-0.047850102186203,0.07485992461442947,0.29949751496315,0.08780591189861298,1.0,-0.010791169479489326,0.07368455082178116,0.3098055124282837,0.608917772769928
1692309281.5939777,"[label: ""height""
size: 3
stride: 15, label: ""width""
size: 5
stride: 5]",0,0.0,-0.04894763603806496,0.07537741214036942,0.2985575199127197,0.06296705454587936,1.0,-0.012080948799848557,0.07452205568552017,0.3100912272930145,0.5821212530136108,2.0,0.014304284937679768,0.07484843581914902,0.3407173454761505,1.1272101402282715
1692309281.6938157,"[label: ""height""
size: 3
stride: 15, label: ""width""
size: 5
stride: 5]",0,0.0,-0.049338046461343765,0.0758611336350441,0.29957982897758484,0.08568718284368515,1.0,-0.012021820060908794,0.07456177473068237,0.30874526500701904,0.5906409025192261,2.0,0.014479930512607098,0.07466057687997818,0.3379773497581482,1.112871766090393
1692309281.7957535,"[label: ""height""
size: 3
stride: 15, label: ""width""
size: 5
stride: 5]",0,0.0,-0.0484003983438015,0.07647383958101273,0.29804956912994385,0.03937515988945961,1.0,-0.011687308549880981,0.07630691677331924,0.312741756439209,0.5675994157791138,2.0,0.015118046663701534,0.07606813311576843,0.3399311602115631,1.1093097925186157
1692309281.8939433,"[label: ""height""
size: 3
stride: 15, label: ""width""
size: 5
stride: 5]",0,0.0,-0.047427356243133545,0.07563716918230057,0.2992629408836365,-0.012815653346478939,1.0,-0.010291998274624348,0.07474267482757568,0.30999380350112915,0.6063076257705688,2.0,0.016297457739710808,0.07624220103025436,0.34445929527282715,1.1093825101852417
1692309281.9920864,"[label: ""height""
size: 3
stride: 15, label: ""width""
size: 5
stride: 5]",0,0.0,-0.04628114402294159,0.07730305939912796,0.3011961579322815,0.08147497475147247,1.0,-0.009284027852118015,0.07579487562179565,0.3101499378681183,0.6021411418914795,2.0,0.01692134514451027,0.07610786706209183,0.34013187885284424,1.1296639442443848
1692309282.0934668,"[label: ""height""
size: 3
stride: 15, label: ""width""
size: 5
stride: 5]",0,0.0,-0.0453806109726429,0.07562671601772308,0.29962342977523804,0.12145327776670456,1.0,-0.008515510708093643,0.07427839934825897,0.3101959228515625,0.6255620121955872,2.0,0.017453985288739204,0.07511153817176819,0.34253886342048645,1.1342778205871582
1692309282.193915,"[label: ""height""
size: 3
stride: 15, label: ""width""
size: 5
stride: 5]",0,0.0,-0.04437389597296715,0.07676010578870773,0.2992335557937622,0.08952810615301132,1.0,-0.007763475179672241,0.07542019337415695,0.31075382232666016,0.6458372473716736,2.0,0.01786014623939991,0.07697043567895889,0.34521612524986267,1.1477408409118652
1692309282.294682,"[label: ""height""
size: 3
stride: 15, label: ""width""
size: 5
stride: 5]",0,0.0,-0.045007359236478806,0.07567094266414642,0.2984009087085724,0.067451111972332,1.0,-0.008613161742687225,0.0753856971859932,0.31321850419044495,0.6102633476257324,2.0,0.017053179442882538,0.07550448924303055,0.34303879737854004,1.143015742301941
1692309282.3898816,"[label: ""height""
size: 3
stride: 15, label: ""width""
size: 5
stride: 5]",0,0.0,-0.046855609863996506,0.07631275802850723,0.2994142174720764,0.08772855997085571,1.0,-0.010065551847219467,0.07522476464509964,0.3109663128852844,0.625047504901886,2.0,0.015389999374747276,0.07535317540168762,0.3404863476753235,1.1589686870574951
1692309282.4857624,"[label: ""height""
size: 3
stride: 15, label: ""width""
size: 5
stride: 5]",0,0.0,-0.04834464192390442,0.07633601874113083,0.29951193928718567,0.08633651584386826,1.0,-0.011367842555046082,0.07524750381708145,0.3115057945251465,0.6007969975471497,2.0,0.014374743215739727,0.07570518553256989,0.3426949381828308,1.1427037715911865
1692309282.5836399,"[label: ""height""
size: 3
stride: 15, label: ""width""
size: 5
stride: 5]",0,0.0,-0.049702029675245285,0.07598371058702469,0.29866960644721985,0.061719875782728195,1.0,-0.01267369743436575,0.07459858059883118,0.30934759974479675,0.6040898561477661,2.0,0.013285217806696892,0.07490777224302292,0.33970770239830017,1.1406958103179932
1692309282.6865788,"[label: ""height""
size: 3
stride: 15, label: ""width""
size: 5
stride: 5]",0,0.0,-0.05015648156404495,0.07574982941150665,0.29838746786117554,0.05104343220591545,1.0,-0.0130342748016119,0.07457634806632996,0.3088112771511078,0.5937767624855042,2.0,0.012876499444246292,0.07492754608392715,0.3398068845272064,1.1331818103790283
1692309282.7850406,"[label: ""height""
size: 3
stride: 15, label: ""width""
size: 5
stride: 5]",0,0.0,-0.05068466067314148,0.07647687941789627,0.29868417978286743,0.06033305451273918,1.0,-0.013546234928071499,0.07511541992425919,0.30895674228668213,0.5947734713554382,2.0,0.01283414289355278,0.07618282735347748,0.34232068061828613,1.1218551397323608
1692309282.8923552,"[label: ""height""
size: 3
stride: 15, label: ""width""
size: 5
stride: 5]",0,0.0,-0.049849022179841995,0.07602701336145401,0.29991188645362854,0.12063003331422806,1.0,-0.01278919167816639,0.0746598020195961,0.30919089913368225,0.6179786324501038,2.0,0.013285217806696892,0.07490777224302292,0.33970770239830017,1.1406958103179932
1692309282.9907818,"[label: ""height""
size: 3
stride: 15, label: ""width""
size: 5
stride: 5]",0,0.0,-0.048691269010305405,0.07673649489879608,0.2984168231487274,0.05418737977743149,1.0,-0.011826323345303535,0.07583270221948624,0.31031838059425354,0.6099147796630859,2.0,0.01420812588185072,0.07636846601963043,0.34190911054611206,1.1360907554626465
1692309283.0965407,"[label: ""height""
size: 3
stride: 15, label: ""width""
size: 5
stride: 5]",0,0.0,-0.047851841896772385,0.07549633085727692,0.2997458875179291,0.12544918060302734,1.0,-0.010904387570917606,0.07414796948432922,0.3096052408218384,0.6233527064323425,2.0,0.0146630322560668,0.07433850318193436,0.3396492302417755,1.153874158859253
1692309283.1948564,"[label: ""height""
size: 3
stride: 15, label: ""width""
size: 5
stride: 5]",0,0.0,-0.046356670558452606,0.0769379734992981,0.2996077835559845,0.1257057934999466,1.0,-0.0097604189068079,0.07566727697849274,0.309592604637146,0.6327458024024963,2.0,0.015504579991102219,0.07609356194734573,0.34005847573280334,1.1677007675170898
1692309283.2959492,"[label: ""height""
size: 3
stride: 15, label: ""width""
size: 5
stride: 5]",0,0.0,-0.04598862677812576,0.07553417235612869,0.29787227511405945,0.10269002616405487,1.0,-0.009535953402519226,0.07482556253671646,0.3103691041469574,0.628176748752594,2.0,0.015871921554207802,0.07579599320888519,0.34500688314437866,1.15364408493042
1692309283.3894188,"[label: ""height""
size: 3
stride: 15, label: ""width""
size: 5
stride: 5]",0,0.0,-0.04626060649752617,0.07645495980978012,0.2985936999320984,0.06566506624221802,1.0,-0.00967133603990078,0.07568394392728806,0.31074193120002747,0.6376073360443115,2.0,0.015499423258006573,0.07551193982362747,0.3399416208267212,1.1679173707962036
1692309283.494082,"[label: ""height""
size: 3
stride: 15, label: ""width""
size: 5
stride: 5]",0,0.0,-0.047219645231962204,0.07624360918998718,0.2984020411968231,0.05656437575817108,1.0,-0.010405548848211765,0.0752057209610939,0.3097933828830719,0.6207623481750488,2.0,0.014812402427196503,0.07552940398454666,0.34003153443336487,1.161394476890564
1692309283.5932682,"[label: ""height""
size: 3
stride: 15, label: ""width""
size: 5
stride: 5]",0,0.0,-0.04742716625332832,0.07566379755735397,0.2953205406665802,0.08198852837085724,1.0,-0.011136037297546864,0.07615572214126587,0.31207969784736633,0.5975563526153564,2.0,0.014599409885704517,0.07524878531694412,0.338143527507782,1.1546244621276855
1692309283.696338,"[label: ""height""
size: 3
stride: 15, label: ""width""
size: 5
stride: 5]",0,0.0,-0.048228856176137924,0.07664857059717178,0.2981003522872925,0.09640853106975555,1.0,-0.011278576217591763,0.07570478320121765,0.3093256950378418,0.6121342778205872,2.0,0.014406746253371239,0.07606654614210129,0.3399229943752289,1.137093186378479
1692309283.7920923,"[label: ""height""
size: 3
stride: 15, label: ""width""
size: 5
stride: 5]",0,0.0,-0.0484045147895813,0.07616057991981506,0.2953735888004303,0.08114803582429886,1.0,-0.01167360320687294,0.07617989927530289,0.3096078634262085,0.5993523001670837,2.0,0.014271929860115051,0.07547065615653992,0.336658775806427,1.1414798498153687
1692309283.8930516,"[label: ""height""
size: 3
stride: 15, label: ""width""
size: 5
stride: 5]",0,0.0,-0.04822748154401779,0.07646612077951431,0.29863980412483215,0.0632922351360321,1.0,-0.01086422149091959,0.07438331842422485,0.30537888407707214,0.6315182447433472,2.0,0.014599409885704517,0.07524878531694412,0.338143527507782,1.1546244621276855
1692309283.9962628,"[label: ""height""
size: 3
stride: 15, label: ""width""
size: 5
stride: 5]",0,0.0,-0.04693693667650223,0.07613739371299744,0.2952789068222046,0.08171308785676956,1.0,-0.01046052947640419,0.07560870796442032,0.3078332245349884,0.6189984083175659,2.0,0.01477525569498539,0.07674138247966766,0.3423033058643341,1.1508327722549438
1692309284.0981376,"[label: ""height""
size: 3
stride: 15, label: ""width""
size: 5
stride: 5]",0,0.0,-0.04645387828350067,0.07453902810811996,0.29530730843544006,0.08628802746534348,1.0,-0.010040312074124813,0.07429856806993484,0.31028804183006287,0.6302529573440552,2.0,0.014885487966239452,0.07383065670728683,0.338596373796463,1.1716493368148804
1692309284.2073681,"[label: ""height""
size: 3
stride: 15, label: ""width""
size: 5
stride: 5]",0,0.0,-0.04625209420919418,0.07613062113523483,0.2979767322540283,0.10008201748132706,1.0,-0.009651456959545612,0.07529295980930328,0.3101843595504761,0.6420792937278748,2.0,0.015147429890930653,0.07574047148227692,0.34157511591911316,1.176442265510559
1692309284.2978594,"[label: ""height""
size: 3
stride: 15, label: ""width""
size: 5
stride: 5]",0,0.0,-0.04599909856915474,0.07453334331512451,0.29608315229415894,0.17362716794013977,1.0,-0.01006046961992979,0.07413110882043839,0.3110881447792053,0.6509456038475037,2.0,0.014156334102153778,0.07402849942445755,0.3414213955402374,1.188028335571289
1692309284.397963,"[label: ""height""
size: 3
stride: 15, label: ""width""
size: 5
stride: 5]",0,0.0,-0.04684813693165779,0.07547096908092499,0.297533243894577,0.1616828441619873,1.0,-0.010938504710793495,0.07550283521413803,0.31419628858566284,0.6658244729042053,2.0,0.013246609829366207,0.07438080757856369,0.3398672938346863,1.2080998420715332
1692309284.499622,"[label: ""height""
size: 3
stride: 15, label: ""width""
size: 5
stride: 5]",0,0.0,-0.048489049077034,0.07514766603708267,0.2962147295475006,0.13293790817260742,1.0,-0.012616396881639957,0.07470450550317764,0.3113730251789093,0.6582987308502197,2.0,0.011686531826853752,0.07496922463178635,0.34318435192108154,1.2090731859207153
1692309284.59182,"[label: ""height""
size: 3
stride: 15, label: ""width""
size: 5
stride: 5]",0,0.0,-0.051387082785367966,0.07485128194093704,0.29418402910232544,0.1529030054807663,1.0,-0.01556443702429533,0.0739222913980484,0.3070816099643707,0.6763126850128174,2.0,0.00843071099370718,0.07459349185228348,0.34144505858421326,1.196008324623108
1692309284.7040515,"[label: ""height""
size: 3
stride: 15, label: ""width""
size: 5
stride: 5]",0,0.0,-0.053305696696043015,0.07527853548526764,0.29540175199508667,0.14308324456214905,1.0,-0.01745796948671341,0.07520730048418045,0.311337411403656,0.6494924426078796,2.0,0.007066196296364069,0.07552804052829742,0.34316036105155945,1.1969248056411743
1692309284.7850096,"[label: ""height""
size: 3
stride: 15, label: ""width""
size: 5
stride: 5]",0,0.0,-0.055829837918281555,0.07461262494325638,0.29604247212409973,0.15944145619869232,1.0,-0.019390136003494263,0.07367976754903793,0.3097917139530182,0.6649004817008972,2.0,0.004768213722854853,0.07324628531932831,0.33845055103302,1.1929025650024414
1692309284.8871157,"[label: ""height""
size: 3
stride: 15, label: ""width""
size: 5
stride: 5]",0,0.0,-0.056385766714811325,0.07457827776670456,0.29307883977890015,0.12386791408061981,1.0,-0.02072255313396454,0.07422972470521927,0.3088974952697754,0.6611450910568237,2.0,0.0032643661834299564,0.07462526857852936,0.34160712361335754,1.2023544311523438
1692309284.9860666,"[label: ""height""
size: 3
stride: 15, label: ""width""
size: 5
stride: 5]",0,0.0,-0.05695600062608719,0.07390235364437103,0.2936576306819916,0.14496248960494995,1.0,-0.021192986518144608,0.07379031181335449,0.31029894948005676,0.6938852667808533,2.0,0.002277997089549899,0.07344473153352737,0.34130120277404785,1.2141218185424805
1692309285.0868244,"[label: ""height""
size: 3
stride: 15, label: ""width""
size: 5
stride: 5]",0,0.0,-0.05637935549020767,0.07322309911251068,0.29138314723968506,0.1571960151195526,1.0,-0.02108599804341793,0.07320139557123184,0.3088344931602478,0.7002089619636536,2.0,0.0015620086342096329,0.07348538935184479,0.34151408076286316,1.2412782907485962
1692309285.191688,"[label: ""height""
size: 3
stride: 15, label: ""width""
size: 5
stride: 5]",0,0.0,-0.05646952614188194,0.07320951670408249,0.29378676414489746,0.17363271117210388,1.0,-0.021077757701277733,0.07267042249441147,0.30872148275375366,0.7006824612617493,2.0,0.001561636570841074,0.07290292531251907,0.341399610042572,1.2414475679397583
1692309285.2943292,"[label: ""height""
size: 3
stride: 15, label: ""width""
size: 5
stride: 5]",0,0.0,-0.05628453940153122,0.07325892895460129,0.2961294651031494,0.20543299615383148,1.0,-0.02104709856212139,0.07277188450098038,0.3118860125541687,0.7097110152244568,2.0,0.0015489463694393635,0.07229199260473251,0.34113457798957825,1.2585153579711914
1692309285.3915825,"[label: ""height""
size: 3
stride: 15, label: ""width""
size: 5
stride: 5]",0,0.0,-0.05597331002354622,0.07223184406757355,0.293722540140152,0.1760922223329544,1.0,-0.021197795867919922,0.07179570943117142,0.3104986846446991,0.7408761382102966,2.0,0.0009969545062631369,0.07227949053049088,0.3443804383277893,1.2568148374557495
1692309285.4963465,"[label: ""height""
size: 3
stride: 15, label: ""width""
size: 5
stride: 5]",0,0.0,-0.05614890903234482,0.07269800454378128,0.29366496205329895,0.22780363261699677,1.0,-0.02136901207268238,0.07233306765556335,0.31108710169792175,0.7281561493873596,2.0,0.00043285437277518213,0.07286754250526428,0.34450089931488037,1.2582534551620483
1692309285.592687,"[label: ""height""
size: 3
stride: 15, label: ""width""
size: 5
stride: 5]",0,0.0,-0.0572521947324276,0.07149052619934082,0.29619941115379333,0.2207464575767517,1.0,-0.022004608064889908,0.07079626619815826,0.3110511600971222,0.7183926701545715,2.0,0.00014980402193032205,0.07137919962406158,0.3461636006832123,1.2581205368041992
1692309285.6947002,"[label: ""height""
size: 3
stride: 15, label: ""width""
size: 5
stride: 5]",0,0.0,-0.05764537304639816,0.07228155434131622,0.2939446270465851,0.22984999418258667,1.0,-0.022654036059975624,0.07211339473724365,0.3112017810344696,0.706446647644043,2.0,-0.00040110034751705825,0.07227024435997009,0.3443310260772705,1.2440245151519775
1692309285.7864764,"[label: ""height""
size: 3
stride: 15, label: ""width""
size: 5
stride: 5]",0,0.0,-0.05890943109989166,0.07159435749053955,0.2959313988685608,0.20685958862304688,1.0,-0.02340705879032612,0.07115177065134048,0.3126315176486969,0.6897516846656799,2.0,-0.0008178018033504486,0.07111552357673645,0.34419575333595276,1.236996054649353
1692309285.887834,"[label: ""height""
size: 3
stride: 15, label: ""width""
size: 5
stride: 5]",0,0.0,-0.0587349571287632,0.07133153080940247,0.29438355565071106,0.19258378446102142,1.0,-0.023572012782096863,0.0716557502746582,0.31306132674217224,0.6765957474708557,2.0,-0.0001066437253030017,0.07126660645008087,0.34355637431144714,1.2273741960525513
1692309285.9852514,"[label: ""height""
size: 3
stride: 15, label: ""width""
size: 5
stride: 5]",0,0.0,-0.0588969886302948,0.07114486396312714,0.2956528067588806,0.16553477942943573,1.0,-0.023203551769256592,0.07117370516061783,0.3132041096687317,0.661231517791748,2.0,0.0003219912468921393,0.07150502502918243,0.3447076380252838,1.2157793045043945
1692309286.0860152,"[label: ""height""
size: 3
stride: 15, label: ""width""
size: 5
stride: 5]",0,0.0,-0.05833577737212181,0.07097592949867249,0.29644495248794556,0.1577705591917038,1.0,-0.0224185511469841,0.07061965018510818,0.3113616704940796,0.6817467212677002,2.0,0.001313360407948494,0.07106634974479675,0.3439318835735321,1.2054966688156128
1692309286.185479,"[label: ""height""
size: 3
stride: 15, label: ""width""
size: 5
stride: 5]",0,0.0,-0.056901317089796066,0.07011318951845169,0.29537004232406616,0.16867436468601227,1.0,-0.021602420136332512,0.07060413062572479,0.314115047454834,0.6645578742027283,2.0,0.0024392849300056696,0.07047856599092484,0.3438042998313904,1.2024049758911133
1692309286.2887785,"[label: ""height""
size: 3
stride: 15, label: ""width""
size: 5
stride: 5]",0,0.0,-0.05593719333410263,0.07097957283258438,0.2971121370792389,0.13459512591362,1.0,-0.020390596240758896,0.07069219648838043,0.31335949897766113,0.6765403747558594,2.0,0.0032820235937833786,0.07099509239196777,0.34496015310287476,1.2150912284851074
1692309286.4257028,"[label: ""height""
size: 3
stride: 15, label: ""width""
size: 5
stride: 5]",0,0.0,-0.05423632264137268,0.0692557841539383,0.2974351644515991,0.18813660740852356,1.0,-0.018777931109070778,0.06967037171125412,0.31629741191864014,0.6818153262138367,2.0,0.004679390229284763,0.06924644857645035,0.34467893838882446,1.2286256551742554
1692309286.4884417,"[label: ""height""
size: 3
stride: 15, label: ""width""
size: 5
stride: 5]",0,0.0,-0.053308743983507156,0.07020066678524017,0.2995734214782715,0.16049523651599884,1.0,-0.017746679484844208,0.07019932568073273,0.3163478672504425,0.6780796051025391,2.0,0.005409800913184881,0.07009229809045792,0.3467751741409302,1.233656883239746
1692309286.5873125,"[label: ""height""
size: 3
stride: 15, label: ""width""
size: 5
stride: 5]",0,0.0,-0.05230347812175751,0.06968249380588531,0.29944920539855957,0.16226918995380402,1.0,-0.01694418489933014,0.06933669745922089,0.31598514318466187,0.70354163646698,2.0,0.006168561056256294,0.07003667205572128,0.35001254081726074,1.236752986907959
1692309286.6881273,"[label: ""height""
size: 3
stride: 15, label: ""width""
size: 5
stride: 5]",0,0.0,-0.051296018064022064,0.06853629648685455,0.29906725883483887,0.12317654490470886,1.0,-0.016065314412117004,0.06930951029062271,0.31882336735725403,0.6874139308929443,2.0,0.007241503801196814,0.0683092400431633,0.3463420867919922,1.2374407052993774
1692309286.787061,"[label: ""height""
size: 3
stride: 15, label: ""width""
size: 5
stride: 5]",0,0.0,-0.05088931322097778,0.06883716583251953,0.2981269359588623,0.12261992692947388,1.0,-0.015714876353740692,0.06920142471790314,0.3170430362224579,0.6686218976974487,2.0,0.0077501460909843445,0.06945514678955078,0.3499719202518463,1.2238355875015259
1692309286.886174,"[label: ""height""
size: 3
stride: 15, label: ""width""
size: 5
stride: 5]",0,0.0,-0.051696326583623886,0.06941051036119461,0.3008112609386444,0.14596079289913177,1.0,-0.015861304476857185,0.06888686865568161,0.3149870038032532,0.6779287457466125,2.0,0.007831346243619919,0.06886951625347137,0.34629637002944946,1.201634407043457
1692309286.9843287,"[label: ""height""
size: 3
stride: 15, label: ""width""
size: 5
stride: 5]",0,0.0,-0.05220026150345802,0.0684400126338005,0.30088403820991516,0.14754466712474823,1.0,-0.016031969338655472,0.06861597299575806,0.3179524540901184,0.6396119594573975,2.0,0.008418035693466663,0.06818614155054092,0.34714242815971375,1.1985679864883423
1692309287.0946636,"[label: ""height""
size: 3
stride: 15, label: ""width""
size: 5
stride: 5]",0,0.0,-0.051885414868593216,0.0688607469201088,0.2982352674007416,0.12238620966672897,1.0,-0.016099607571959496,0.06879168003797531,0.3145139813423157,0.6554241180419922,2.0,0.008083440363407135,0.06862915307283401,0.34438633918762207,1.185178279876709
1692309287.1976135,"[label: ""height""
size: 3
stride: 15, label: ""width""
size: 5
stride: 5]",0,0.0,-0.052704837173223495,0.06845344603061676,0.3009476065635681,0.147142693400383,1.0,-0.01658819243311882,0.06837519258260727,0.31623730063438416,0.6358670592308044,2.0,0.007978538982570171,0.06830032169818878,0.3462873101234436,1.192646861076355
1692309287.299464,"[label: ""height""
size: 3
stride: 15, label: ""width""
size: 5
stride: 5]",0,0.0,-0.05277235060930252,0.06814493983983994,0.2972163259983063,0.15194129943847656,1.0,-0.016952063888311386,0.06775502115488052,0.31152668595314026,0.6732233166694641,2.0,0.0071400245651602745,0.06870239973068237,0.3468891382217407,1.1940997838974
1692309287.4010234,"[label: ""height""
size: 3
stride: 15, label: ""width""
size: 5
stride: 5]",0,0.0,-0.05371424928307533,0.06897201389074326,0.3010668158531189,0.14530706405639648,1.0,-0.017556207254529,0.06843050569295883,0.31528010964393616,0.6693843007087708,2.0,0.006231032777577639,0.06804203987121582,0.3442646265029907,1.2162531614303589
1692309287.49782,"[label: ""height""
size: 3
stride: 15, label: ""width""
size: 5
stride: 5]",0,0.0,-0.05506278574466705,0.06806103885173798,0.29989713430404663,0.18338266015052795,1.0,-0.019326699897646904,0.0675429180264473,0.3147650361061096,0.6800684332847595,2.0,0.00415764981880784,0.06774603575468063,0.34851863980293274,1.2271181344985962
1692309287.5960495,"[label: ""height""
size: 3
stride: 15, label: ""width""
size: 5
stride: 5]",0,0.0,-0.05558742955327034,0.06845998764038086,0.2971598207950592,0.24597862362861633,1.0,-0.02065551094710827,0.0687122568488121,0.31545427441596985,0.7064429521560669,2.0,0.0022829442750662565,0.06829006224870682,0.34623709321022034,1.243269681930542
1692309287.6984837,"[label: ""height""
size: 3
stride: 15, label: ""width""
size: 5
stride: 5]",0,0.0,-0.05624178424477577,0.06737533211708069,0.29776063561439514,0.19360575079917908,1.0,-0.02125493995845318,0.06704405695199966,0.3148602247238159,0.7231076955795288,2.0,0.0010057759936898947,0.0671752542257309,0.34852468967437744,1.2533152103424072
1692309287.797203,"[label: ""height""
size: 3
stride: 15, label: ""width""
size: 5
stride: 5]",0,0.0,-0.05719313025474548,0.068666473031044,0.29767853021621704,0.20217487215995789,1.0,-0.022126061841845512,0.06799763441085815,0.31274232268333435,0.7345046401023865,2.0,-0.00013651700282935053,0.06894981116056442,0.34886014461517334,1.2563039064407349
1692309287.9023645,"[label: ""height""
size: 3
stride: 15, label: ""width""
size: 5
stride: 5]",0,0.0,-0.0577557310461998,0.06728207319974899,0.29436925053596497,0.20329461991786957,1.0,-0.023145101964473724,0.06747543066740036,0.31269440054893494,0.7382466197013855,2.0,-0.0008434215560555458,0.06773702055215836,0.34847086668014526,1.2501230239868164
1692309287.9943788,"[label: ""height""
size: 3
stride: 15, label: ""width""
size: 5
stride: 5]",0,0.0,-0.05926040560007095,0.06830745190382004,0.2946496903896332,0.2022649347782135,1.0,-0.024418553337454796,0.06847812235355377,0.31258147954940796,0.7191997170448303,2.0,-0.0020877711940556765,0.06818223744630814,0.3435797095298767,1.249989628791809
1692309288.0947034,"[label: ""height""
size: 3
stride: 15, label: ""width""
size: 5
stride: 5]",0,0.0,-0.060260139405727386,0.06818372011184692,0.2947448194026947,0.188555508852005,1.0,-0.025347521528601646,0.06855408847332001,0.3129527270793915,0.708605945110321,2.0,-0.002679741708561778,0.06871878355741501,0.34698376059532166,1.2480018138885498
1692309288.193264,"[label: ""height""
size: 3
stride: 15, label: ""width""
size: 5
stride: 5]",0,0.0,-0.061611827462911606,0.0687701404094696,0.2970642149448395,0.1676156371831894,1.0,-0.025889752432703972,0.06830675154924393,0.3117307424545288,0.6781787872314453,2.0,-0.0029472997412085533,0.06889449805021286,0.3464377224445343,1.2324663400650024
1692309288.2962406,"[label: ""height""
size: 3
stride: 15, label: ""width""
size: 5
stride: 5]",0,0.0,-0.06189582496881485,0.06882263720035553,0.2961083948612213,0.16868583858013153,1.0,-0.02632303349673748,0.06823494285345078,0.3108762800693512,0.683242678642273,2.0,-0.0030813291668891907,0.06886081397533417,0.3462512195110321,1.2244579792022705
1692309288.393907,"[label: ""height""
size: 3
stride: 15, label: ""width""
size: 5
stride: 5]",0,0.0,-0.06215791031718254,0.06908738613128662,0.29619404673576355,0.167101189494133,1.0,-0.026553334668278694,0.06943851709365845,0.3134513795375824,0.6720588207244873,2.0,-0.0026275955606251955,0.06932396441698074,0.3436581790447235,1.2173504829406738
1692309288.4944618,"[label: ""height""
size: 3
stride: 15, label: ""width""
size: 5
stride: 5]",0,0.0,-0.06273892521858215,0.06811163574457169,0.2951023280620575,0.20045538246631622,1.0,-0.027001837268471718,0.06776981800794601,0.30988240242004395,0.6666429042816162,2.0,-0.002911489689722657,0.06835447996854782,0.3451184034347534,1.199326753616333
1692309288.5962193,"[label: ""height""
size: 3
stride: 15, label: ""width""
size: 5
stride: 5]",0,0.0,-0.06366635113954544,0.06994441896677017,0.2979302704334259,0.12613528966903687,1.0,-0.027640018612146378,0.07021284848451614,0.313909113407135,0.6171562671661377,2.0,-0.0030307688284665346,0.0698530375957489,0.3434716761112213,1.1928799152374268
1692309288.6950977,"[label: ""height""
size: 3
stride: 15, label: ""width""
size: 5
stride: 5]",0,0.0,-0.06512769311666489,0.06887198239564896,0.297542542219162,0.16401326656341553,1.0,-0.028542328625917435,0.06832141429185867,0.31009793281555176,0.6711330413818359,2.0,-0.004290135111659765,0.06871533393859863,0.34340712428092957,1.187986969947815
1692309288.7954602,"[label: ""height""
size: 3
stride: 15, label: ""width""
size: 5
stride: 5]",0,0.0,-0.06544967740774155,0.069492407143116,0.2954288423061371,0.10604609549045563,1.0,-0.029202094301581383,0.06921050697565079,0.3089964687824249,0.6517771482467651,2.0,-0.00467403931543231,0.06980613619089127,0.3411993086338043,1.183125615119934
1692309288.8924117,"[label: ""height""
size: 3
stride: 15, label: ""width""
size: 5
stride: 5]",0,0.0,-0.0670788511633873,0.0698234811425209,0.2977835237979889,0.09848352521657944,1.0,-0.03060654178261757,0.06982413679361343,0.3128261864185333,0.6355132460594177,2.0,-0.005361176561564207,0.06918259710073471,0.34085533022880554,1.1770037412643433
1692309288.9860387,"[label: ""height""
size: 3
stride: 15, label: ""width""
size: 5
stride: 5]",0,0.0,-0.06743673235177994,0.06921721249818802,0.29566746950149536,0.10908674448728561,1.0,-0.030938228592276573,0.06912931799888611,0.3086016774177551,0.6328162550926208,2.0,-0.005758068524301052,0.0692761242389679,0.33994972705841064,1.1709356307983398
1692309289.0938575,"[label: ""height""
size: 3
stride: 15, label: ""width""
size: 5
stride: 5]",0,0.0,-0.06786394119262695,0.06928178668022156,0.29380011558532715,0.09764619171619415,1.0,-0.03171054646372795,0.06939997524023056,0.308632493019104,0.6040846705436707,2.0,-0.0063045513816177845,0.06983666867017746,0.3399665057659149,1.1550666093826294
1692309289.192928,"[label: ""height""
size: 3
stride: 15, label: ""width""
size: 5
stride: 5]",0,0.0,-0.06931746006011963,0.07010852545499802,0.2979606091976166,0.09655503183603287,1.0,-0.032486774027347565,0.07007899135351181,0.3110990524291992,0.59273362159729,2.0,-0.006465845741331577,0.07012255489826202,0.34134072065353394,1.1441986560821533
1692309289.2963445,"[label: ""height""
size: 3
stride: 15, label: ""width""
size: 5
stride: 5]",0,0.0,-0.07024634629487991,0.06990690529346466,0.2966216504573822,0.07193121314048767,1.0,-0.03318525105714798,0.06957239657640457,0.3082995116710663,0.6143282651901245,2.0,-0.007216848433017731,0.06955678761005402,0.3379172086715698,1.134242296218872
1692309289.3936229,"[label: ""height""
size: 3
stride: 15, label: ""width""
size: 5
stride: 5]",0,0.0,-0.0709187388420105,0.07041271775960922,0.2963378429412842,0.06093832850456238,1.0,-0.03365238010883331,0.06986796110868454,0.3068353235721588,0.6097011566162109,2.0,-0.007702225353568792,0.07089698314666748,0.34104424715042114,1.1220526695251465
1692309289.4956987,"[label: ""height""
size: 3
stride: 15, label: ""width""
size: 5
stride: 5]",0,0.0,-0.07081472873687744,0.06909157335758209,0.2955244779586792,0.08886625617742538,1.0,-0.033793482929468155,0.06887906044721603,0.3069092035293579,0.5942633152008057,2.0,-0.0076178559102118015,0.06919502466917038,0.3375115990638733,1.127709150314331
1692309289.5924797,"[label: ""height""
size: 3
stride: 15, label: ""width""
size: 5
stride: 5]",0,0.0,-0.07130464166402817,0.07038425654172897,0.2966213822364807,0.10503943264484406,1.0,-0.03413745015859604,0.06984195858240128,0.3055749833583832,0.6042621731758118,2.0,-0.00827261246740818,0.07010555267333984,0.3359402120113373,1.1402723789215088
1692309289.693424,"[label: ""height""
size: 3
stride: 15, label: ""width""
size: 5
stride: 5]",0,0.0,-0.0706695020198822,0.06974345445632935,0.29630014300346375,0.058334559202194214,1.0,-0.03402682766318321,0.07010618597269058,0.3112298846244812,0.597755491733551,2.0,-0.008060778491199017,0.06958380341529846,0.3380624055862427,1.1540603637695312
1692309289.7914767,"[label: ""height""
size: 3
stride: 15, label: ""width""
size: 5
stride: 5]",0,0.0,-0.06926700472831726,0.06990078091621399,0.29659390449523926,0.07272817194461823,1.0,-0.03251154348254204,0.06949995458126068,0.30796104669570923,0.6287735104560852,2.0,-0.007166096940636635,0.07035602629184723,0.34114453196525574,1.1557048559188843
1692309289.8937495,"[label: ""height""
size: 3
stride: 15, label: ""width""
size: 5
stride: 5]",0,0.0,-0.06856309622526169,0.07032950222492218,0.29786574840545654,0.09700421988964081,1.0,-0.03176972642540932,0.07019209861755371,0.31164470314979553,0.6166967153549194,2.0,-0.006521908566355705,0.07043817639350891,0.34358370304107666,1.1592236757278442
1692309289.9912667,"[label: ""height""
size: 3
stride: 15, label: ""width""
size: 5
stride: 5]",0,0.0,-0.06757763773202896,0.06934589892625809,0.297831267118454,0.0984734445810318,1.0,-0.030969906598329544,0.06936619430780411,0.3114120364189148,0.6459308862686157,2.0,-0.005818827543407679,0.06982426345348358,0.3433142304420471,1.1663620471954346
1692309290.0963247,"[label: ""height""
size: 3
stride: 15, label: ""width""
size: 5
stride: 5]",0,0.0,-0.0675671398639679,0.06998083740472794,0.29779380559921265,0.09981399029493332,1.0,-0.031017553061246872,0.07008809596300125,0.31163161993026733,0.5850062370300293,2.0,-0.005670041311532259,0.07035578787326813,0.3431517481803894,1.1573249101638794
1692309290.1912537,"[label: ""height""
size: 3
stride: 15, label: ""width""
size: 5
stride: 5]",0,0.0,-0.06675000488758087,0.06922480463981628,0.2961483299732208,0.059664998203516006,1.0,-0.030124664306640625,0.06899130344390869,0.30793309211730957,0.6049600839614868,2.0,-0.004683616105467081,0.07038481533527374,0.34330105781555176,1.1453737020492554
1692309290.2919693,"[label: ""height""
size: 3
stride: 15, label: ""width""
size: 5
stride: 5]",0,0.0,-0.06631170213222504,0.06915168464183807,0.2980181872844696,0.0655873641371727,1.0,-0.029694130644202232,0.06909264624118805,0.311264306306839,0.6112585067749023,2.0,-0.003662325441837311,0.06913438439369202,0.340591698884964,1.1374800205230713
1692309290.391392,"[label: ""height""
size: 3
stride: 15, label: ""width""
size: 5
stride: 5]",0,0.0,-0.06581743061542511,0.06963424384593964,0.29799196124076843,0.06574807316064835,1.0,-0.029129359871149063,0.07015619426965714,0.3131304979324341,0.5684265494346619,2.0,-0.0026884356047958136,0.07014039903879166,0.34143033623695374,1.1241052150726318
1692309290.4926856,"[label: ""height""
size: 3
stride: 15, label: ""width""
size: 5
stride: 5]",0,0.0,-0.0656634047627449,0.06850185245275497,0.29883065819740295,0.03918471932411194,1.0,-0.028674723580479622,0.06871730089187622,0.3123195469379425,0.553770124912262,2.0,-0.002007946604862809,0.0695471242070198,0.344707190990448,1.1080697774887085
1692309290.5957499,"[label: ""height""
size: 3
stride: 15, label: ""width""
size: 5
stride: 5]",0,0.0,-0.06557212769985199,0.06863349676132202,0.2983354330062866,0.022192740812897682,1.0,-0.02851768396794796,0.06901879608631134,0.31209778785705566,0.5713313221931458,2.0,-0.0017059944802895188,0.06977429240942001,0.34303513169288635,1.092254877090454
1692309290.6853013,"[label: ""height""
size: 3
stride: 15, label: ""width""
size: 5
stride: 5]",0,0.0,-0.06544581800699234,0.06898161768913269,0.30106452107429504,0.009521262720227242,1.0,-0.0282406285405159,0.06912705302238464,0.3131103217601776,0.548576295375824,2.0,-0.0008656524587422609,0.06961890310049057,0.3436264097690582,1.088750958442688
1692309290.7837453,"[label: ""height""
size: 3
stride: 15, label: ""width""
size: 5
stride: 5]",0,0.0,-0.06484026461839676,0.0681050643324852,0.3004592955112457,-0.00836306530982256,1.0,-0.02755165658891201,0.06852485239505768,0.31267717480659485,0.5654992461204529,2.0,-2.2354952307068743e-05,0.06912044435739517,0.34397315979003906,1.0858051776885986
1692309290.886956,"[label: ""height""
size: 3
stride: 15, label: ""width""
size: 5
stride: 5]",0,0.0,-0.06344287097454071,0.06835532933473587,0.3008823096752167,0.0006892200908623636,1.0,-0.02642224170267582,0.06883535534143448,0.31410130858421326,0.5153309106826782,2.0,0.0018051192164421082,0.06884556263685226,0.3419029414653778,1.07407808303833
1692309290.9830027,"[label: ""height""
size: 3
stride: 15, label: ""width""
size: 5
stride: 5]",0,0.0,-0.0636458694934845,0.068777896463871,0.3028716444969177,-0.03039923496544361,1.0,-0.025642195716500282,0.06830880045890808,0.311112642288208,0.5350857973098755,2.0,0.002369669731706381,0.06900136172771454,0.3412792384624481,1.0557730197906494
1692309291.086604,"[label: ""height""
size: 3
stride: 15, label: ""width""
size: 5
stride: 5]",0,0.0,-0.06295453011989594,0.06774993985891342,0.3026823401451111,0.0009152477141469717,1.0,-0.02532365545630455,0.06788937747478485,0.3132908046245575,0.5204769968986511,2.0,0.0031849900260567665,0.0677126869559288,0.3383302390575409,1.0580813884735107
1692309291.192511,"[label: ""height""
size: 3
stride: 15, label: ""width""
size: 5
stride: 5]",0,0.0,-0.0642879530787468,0.0695989802479744,0.3048478662967682,-0.008110315538942814,1.0,-0.025855515152215958,0.06868245452642441,0.31044521927833557,0.5066611170768738,2.0,0.002776115434244275,0.06889475882053375,0.3387179672718048,1.049565076828003
1692309291.2859752,"[label: ""height""
size: 3
stride: 15, label: ""width""
size: 5
stride: 5]",0,0.0,-0.06442137807607651,0.06816842406988144,0.30475640296936035,-0.03582530841231346,1.0,-0.025989605113863945,0.0677158385515213,0.3119252026081085,0.49607962369918823,2.0,0.0026558830868452787,0.06839745491743088,0.3410342037677765,1.0371274948120117
1692309291.3867707,"[label: ""height""
size: 3
stride: 15, label: ""width""
size: 5
stride: 5]",0,0.0,-0.06493425369262695,0.0696820616722107,0.3048248887062073,-0.03478986397385597,1.0,-0.02631276100873947,0.068668894469738,0.3098917007446289,0.5106162428855896,2.0,0.002506908029317856,0.0694478452205658,0.3387034833431244,1.0321208238601685
1692309291.4924035,"[label: ""height""
size: 3
stride: 15, label: ""width""
size: 5
stride: 5]",0,0.0,-0.06462755054235458,0.06903986632823944,0.3045412302017212,-0.038119375705718994,1.0,-0.02652248740196228,0.06878959387540817,0.3121778070926666,0.4961448013782501,2.0,0.0027903185691684484,0.06884638965129852,0.3384523391723633,1.0133310556411743
1692309291.5831597,"[label: ""height""
size: 3
stride: 15, label: ""width""
size: 5
stride: 5]",0,0.0,-0.0646020695567131,0.06960969418287277,0.3044363260269165,-0.0345245897769928,1.0,-0.026452623307704926,0.06940125674009323,0.3126753866672516,0.47415244579315186,2.0,0.0028137611225247383,0.07054590433835983,0.34199047088623047,1.006448745727539
1692309291.6859002,"[label: ""height""
size: 3
stride: 15, label: ""width""
size: 5
stride: 5]",0,0.0,-0.06478919833898544,0.0695452019572258,0.30458566546440125,-0.06608869880437851,1.0,-0.026318466290831566,0.06952754408121109,0.3124622702598572,0.4531356394290924,2.0,0.003354003420099616,0.06992208957672119,0.3396638333797455,1.0089391469955444
1692309291.784279,"[label: ""height""
size: 3
stride: 15, label: ""width""
size: 5
stride: 5]",0,0.0,-0.06351417303085327,0.06936242431402206,0.30446112155914307,-0.06486578285694122,1.0,-0.02519582025706768,0.06912729889154434,0.31132519245147705,0.4605335593223572,2.0,0.0045662070624530315,0.06932225078344345,0.3360626697540283,1.0031393766403198
1692309291.887876,"[label: ""height""
size: 3
stride: 15, label: ""width""
size: 5
stride: 5]",0,0.0,-0.0624488890171051,0.06973966211080551,0.30387982726097107,-0.11829379200935364,1.0,-0.02397792413830757,0.06898565590381622,0.30896180868148804,0.4729776978492737,2.0,0.005844989325851202,0.06995472311973572,0.3384409248828888,0.9857389330863953
1692309291.9865623,"[label: ""height""
size: 3
stride: 15, label: ""width""
size: 5
stride: 5]",0,0.0,-0.06138773262500763,0.07037412375211716,0.30612847208976746,-0.10014445334672928,1.0,-0.022885285317897797,0.07066255807876587,0.31417569518089294,0.42517563700675964,2.0,0.007464676629751921,0.07048763334751129,0.33638834953308105,0.9847556352615356
1692309292.0856519,"[label: ""height""
size: 3
stride: 15, label: ""width""
size: 5
stride: 5]",0,0.0,-0.06088386848568916,0.06986916810274124,0.3061135709285736,-0.10083740949630737,1.0,-0.022171583026647568,0.06945867836475372,0.3116353452205658,0.44208723306655884,2.0,0.008483007550239563,0.06997933983802795,0.33856815099716187,0.9684132933616638
1692309292.185069,"[label: ""height""
size: 3
stride: 15, label: ""width""
size: 5
stride: 5]",0,0.0,-0.05966811999678612,0.07066401094198227,0.3063117563724518,-0.10116776823997498,1.0,-0.020991304889321327,0.07017575204372406,0.31099677085876465,0.4258517324924469,2.0,0.009612476453185081,0.07153403013944626,0.3393535912036896,0.9631842970848083
1692309292.2931018,"[label: ""height""
size: 3
stride: 15, label: ""width""
size: 5
stride: 5]",0,0.0,-0.05955348163843155,0.06924467533826828,0.30433982610702515,-0.12107793986797333,1.0,-0.021254029124975204,0.06908826529979706,0.3111254870891571,0.4262906014919281,2.0,0.009664788842201233,0.06927704811096191,0.33581167459487915,0.9420515894889832
1692309292.390689,"[label: ""height""
size: 3
stride: 15, label: ""width""
size: 5
stride: 5]",0,0.0,-0.060364607721567154,0.07130119204521179,0.30849799513816833,-0.12195906788110733,1.0,-0.021292680874466896,0.0704333484172821,0.3097822070121765,0.4162868857383728,2.0,0.009629362262785435,0.07077678292989731,0.33449622988700867,0.9439132213592529
1692309292.4932961,"[label: ""height""
size: 3
stride: 15, label: ""width""
size: 5
stride: 5]",0,0.0,-0.06105934828519821,0.06999272108078003,0.30550816655158997,-0.15015611052513123,1.0,-0.022456003352999687,0.06944046914577484,0.3098814785480499,0.39666637778282166,2.0,0.008505944162607193,0.06970683485269547,0.3332822620868683,0.950099766254425
1692309292.5837612,"[label: ""height""
size: 3
stride: 15, label: ""width""
size: 5
stride: 5]",0,0.0,-0.061847083270549774,0.07109507918357849,0.3064306378364563,-0.12505409121513367,1.0,-0.023044496774673462,0.07083297520875931,0.3109191358089447,0.3947160840034485,2.0,0.008157978765666485,0.07149552553892136,0.3358972668647766,0.9366109371185303
1692309292.6866748,"[label: ""height""
size: 3
stride: 15, label: ""width""
size: 5
stride: 5]",0,0.0,-0.06225347891449928,0.0708874985575676,0.3077942430973053,-0.13186541199684143,1.0,-0.023249603807926178,0.07003267854452133,0.3103060722351074,0.39820238947868347,2.0,0.00803439226001501,0.07082313299179077,0.33664074540138245,0.9444066882133484
1692309292.7840872,"[label: ""height""
size: 3
stride: 15, label: ""width""
size: 5
stride: 5]",0,0.0,-0.06047004461288452,0.07055915147066116,0.30580437183380127,-0.1261233240365982,1.0,-0.021802928298711777,0.07044478505849838,0.30983662605285645,0.4177188575267792,2.0,0.009082154370844364,0.07077958434820175,0.3345109522342682,0.9454785585403442
1692309292.886872,"[label: ""height""
size: 3
stride: 15, label: ""width""
size: 5
stride: 5]",0,0.0,-0.05858407914638519,0.07068268954753876,0.3072494864463806,-0.09319942444562912,1.0,-0.01996845193207264,0.07015617936849594,0.31090185046195984,0.4228932559490204,2.0,0.011043442413210869,0.07044216990470886,0.33614709973335266,0.9561820030212402
1692309292.986398,"[label: ""height""
size: 3
stride: 15, label: ""width""
size: 5
stride: 5]",0,0.0,-0.05629119649529457,0.06963831186294556,0.30621984601020813,-0.13048812747001648,1.0,-0.018069475889205933,0.06997586041688919,0.3133552372455597,0.43588510155677795,2.0,0.012481099925935268,0.0696394294500351,0.3342902958393097,0.9823673367500305
1692309293.087144,"[label: ""height""
size: 3
stride: 15, label: ""width""
size: 5
stride: 5]",0,0.0,-0.05330437794327736,0.06939761340618134,0.3050806224346161,-0.0994308590888977,1.0,-0.015423648990690708,0.0701739639043808,0.31430453062057495,0.4372105300426483,2.0,0.015025312080979347,0.0704483836889267,0.339497447013855,0.9755783677101135
1692309293.1946533,"[label: ""height""
size: 3
stride: 15, label: ""width""
size: 5
stride: 5]",0,0.0,-0.05032610520720482,0.06958179920911789,0.30753281712532043,-0.09520606696605682,1.0,-0.011809530667960644,0.06957045942544937,0.3138728737831116,0.42803698778152466,2.0,0.01875067874789238,0.07120142132043839,0.3444446325302124,0.9850641489028931
1692309293.295623,"[label: ""height""
size: 3
stride: 15, label: ""width""
size: 5
stride: 5]",0,0.0,-0.04734785109758377,0.06844773143529892,0.3053227961063385,-0.10389664769172668,1.0,-0.009419268928468227,0.0692794919013977,0.31547123193740845,0.4294419288635254,2.0,0.02094494178891182,0.06951242685317993,0.3410068452358246,0.9755735397338867
1692309293.3943245,"[label: ""height""
size: 3
stride: 15, label: ""width""
size: 5
stride: 5]",0,0.0,-0.04610581696033478,0.06970397382974625,0.30978116393089294,-0.07534151524305344,1.0,-0.007397837471216917,0.06920858472585678,0.31294190883636475,0.4579192101955414,2.0,0.022790959104895592,0.06988599896430969,0.3394692838191986,0.9903147220611572
1692309293.4975457,"[label: ""height""
size: 3
stride: 15, label: ""width""
size: 5
stride: 5]",0,0.0,-0.045202214270830154,0.06780228763818741,0.30794766545295715,-0.0744556114077568,1.0,-0.006726018153131008,0.06799551844596863,0.31546899676322937,0.4006166458129883,2.0,0.02372187003493309,0.06809376925230026,0.3388000726699829,0.9797971248626709
1692309293.5922542,"[label: ""height""
size: 3
stride: 15, label: ""width""
size: 5
stride: 5]",0,0.0,-0.04432227835059166,0.0685257762670517,0.30777010321617126,-0.10434649884700775,1.0,-0.006001119036227465,0.0683421939611435,0.31289419531822205,0.4352530539035797,2.0,0.02484137751162052,0.06921283155679703,0.33884212374687195,0.9582525491714478
1692309293.692517,"[label: ""height""
size: 3
stride: 15, label: ""width""
size: 5
stride: 5]",0,0.0,-0.04347771778702736,0.06752967834472656,0.3078422546386719,-0.1341044157743454,1.0,-0.004752127453684807,0.06757064163684845,0.3141714632511139,0.4215273857116699,2.0,0.0260032806545496,0.06759204715490341,0.3376515507698059,0.9479499459266663
1692309293.7926202,"[label: ""height""
size: 3
stride: 15, label: ""width""
size: 5
stride: 5]",0,0.0,-0.04105613753199577,0.06727959960699081,0.307834267616272,-0.10743224620819092,1.0,-0.002587181283161044,0.06737232953310013,0.3144287168979645,0.3929632008075714,2.0,0.02857784926891327,0.06753668189048767,0.33878621459007263,0.9571906924247742
1692309293.8927822,"[label: ""height""
size: 3
stride: 15, label: ""width""
size: 5
stride: 5]",0,0.0,-0.038051214069128036,0.06731126457452774,0.3079894483089447,-0.1096871867775917,1.0,0.0002605316985864192,0.06747546792030334,0.3149563670158386,0.4172917306423187,2.0,0.031073911115527153,0.06755049526691437,0.3388640582561493,0.968284010887146
1692309293.9911954,"[label: ""height""
size: 3
stride: 15, label: ""width""
size: 5
stride: 5]",0,0.0,-0.035038601607084274,0.06632371991872787,0.3080964982509613,-0.11279786378145218,1.0,0.0032424796372652054,0.06708113104104996,0.3178713619709015,0.40642353892326355,2.0,0.033885229378938675,0.06694896519184113,0.34068891406059265,0.9669495820999146
1692309294.0914502,"[label: ""height""
size: 3
stride: 15, label: ""width""
size: 5
stride: 5]",0,0.0,-0.03220020979642868,0.0668906643986702,0.3084205090999603,-0.1454230099916458,1.0,0.005974207539111376,0.06731653958559036,0.31730324029922485,0.42104703187942505,2.0,0.03686708211898804,0.06771090626716614,0.34386909008026123,0.9639307856559753
1692309294.1903336,"[label: ""height""
size: 3
stride: 15, label: ""width""
size: 5
stride: 5]",0,0.0,-0.03019162267446518,0.06711121648550034,0.3104364275932312,-0.0866728276014328,1.0,0.008303352631628513,0.06691768020391464,0.31702956557273865,0.414101243019104,2.0,0.038840536028146744,0.06772706657648087,0.34396108984947205,0.9765697121620178
1692309294.2854578,"[label: ""height""
size: 3
stride: 15, label: ""width""
size: 5
stride: 5]",0,0.0,-0.029324673116207123,0.06631378829479218,0.30802419781684875,-0.0832972601056099,1.0,0.009085002355277538,0.06660716980695724,0.31631091237068176,0.45103737711906433,2.0,0.039659176021814346,0.06775128096342087,0.34621328115463257,0.9714692831039429
1692309294.3933334,"[label: ""height""
size: 3
stride: 15, label: ""width""
size: 5
stride: 5]",0,0.0,-0.029708895832300186,0.06729248911142349,0.31083783507347107,-0.07328176498413086,1.0,0.008698617108166218,0.06722767651081085,0.3168427646160126,0.4331798851490021,2.0,0.039402347058057785,0.06772486865520477,0.343948632478714,0.9750713109970093
1692309294.495413,"[label: ""height""
size: 3
stride: 15, label: ""width""
size: 5
stride: 5]",0,0.0,-0.030158041045069695,0.06608283519744873,0.3111804127693176,-0.10938504338264465,1.0,0.008225861005485058,0.06531539559364319,0.31314393877983093,0.43914705514907837,2.0,0.039203956723213196,0.06650083512067795,0.3434027135372162,0.9673293232917786
1692309294.5907183,"[label: ""height""
size: 3
stride: 15, label: ""width""
size: 5
stride: 5]",0,0.0,-0.02982085756957531,0.06715001165866852,0.3101576268672943,-0.12575191259384155,1.0,0.008794881403446198,0.06701845675706863,0.31575924158096313,0.4226420521736145,2.0,0.03994311764836311,0.06830848753452301,0.3461533486843109,0.9525092840194702
1692309294.693138,"[label: ""height""
size: 3
stride: 15, label: ""width""
size: 5
stride: 5]",0,0.0,-0.028790034353733063,0.06714902073144913,0.31319180130958557,-0.08589496463537216,1.0,0.009804465807974339,0.06718719005584717,0.3197404742240906,0.4098093807697296,2.0,0.0405142605304718,0.06713896989822388,0.3438241183757782,0.9722559452056885
1692309294.7908864,"[label: ""height""
size: 3
stride: 15, label: ""width""
size: 5
stride: 5]",0,0.0,-0.02708476036787033,0.06737909466028214,0.31087616086006165,-0.12201137840747833,1.0,0.011362096294760704,0.06776409596204758,0.31869298219680786,0.44428807497024536,2.0,0.04193805158138275,0.0677381306886673,0.3440242409706116,0.9860569834709167
1692309294.8917134,"[label: ""height""
size: 3
stride: 15, label: ""width""
size: 5
stride: 5]",0,0.0,-0.025109805166721344,0.06780020892620087,0.3133672773838043,-0.11271762102842331,1.0,0.01335214450955391,0.06738832592964172,0.31945979595184326,0.4504120945930481,2.0,0.04335013031959534,0.06775487214326859,0.344119668006897,0.9998811483383179
1692309294.9907222,"[label: ""height""
size: 3
stride: 15, label: ""width""
size: 5
stride: 5]",0,0.0,-0.02299061045050621,0.06698791682720184,0.30888670682907104,-0.12173435091972351,1.0,0.014906288124620914,0.0677700787782669,0.31873106956481934,0.48044660687446594,2.0,0.044415708631277084,0.06767863035202026,0.34370359778404236,1.0149799585342407
1692309295.0938594,"[label: ""height""
size: 3
stride: 15, label: ""width""
size: 5
stride: 5]",0,0.0,-0.02210291102528572,0.0678923949599266,0.3112836480140686,-0.07518159598112106,1.0,0.01586269587278366,0.06793346256017685,0.31957414746284485,0.48822689056396484,2.0,0.045425813645124435,0.06850552558898926,0.34722697734832764,1.0264049768447876
1692309295.19078,"[label: ""height""
size: 3
stride: 15, label: ""width""
size: 5
stride: 5]",0,0.0,-0.02115645632147789,0.06834416091442108,0.31273412704467773,-0.05042022839188576,1.0,0.01710963249206543,0.06910765171051025,0.32379329204559326,0.4630363881587982,2.0,0.045789312571287155,0.06892098486423492,0.34789949655532837,1.041771411895752
1692309295.2920735,"[label: ""height""
size: 3
stride: 15, label: ""width""
size: 5
stride: 5]",0,0.0,-0.020659631118178368,0.06818663328886032,0.31112757325172424,-0.04356946796178818,1.0,0.017410458996891975,0.06851539760828018,0.3216686546802521,0.488775372505188,2.0,0.046115126460790634,0.06956205517053604,0.35039153695106506,1.0389398336410522
1692309295.3917933,"[label: ""height""
size: 3
stride: 15, label: ""width""
size: 5
stride: 5]",0,0.0,-0.021402157843112946,0.06906978785991669,0.31126564741134644,-0.011982511729001999,1.0,0.016392426565289497,0.06901237368583679,0.3197311758995056,0.48591041564941406,2.0,0.04549453407526016,0.07034829258918762,0.35003378987312317,1.0412795543670654
1692309295.4859939,"[label: ""height""
size: 3
stride: 15, label: ""width""
size: 5
stride: 5]",0,0.0,-0.022445231676101685,0.0687914788722992,0.31320080161094666,-0.024241233244538307,1.0,0.015726381912827492,0.06839986145496368,0.31927913427352905,0.5041611194610596,2.0,0.04441870376467705,0.06906339526176453,0.3471665382385254,1.0377711057662964
1692309295.5841181,"[label: ""height""
size: 3
stride: 15, label: ""width""
size: 5
stride: 5]",0,0.0,-0.023390835151076317,0.06954804807901382,0.31021177768707275,-0.03983194753527641,1.0,0.014614859595894814,0.0702192634344101,0.3210028409957886,0.48524463176727295,2.0,0.0435541532933712,0.07069788128137589,0.3482542932033539,1.0471628904342651
1692309295.6849658,"[label: ""height""
size: 3
stride: 15, label: ""width""
size: 5
stride: 5]",0,0.0,-0.02269049361348152,0.06836021691560745,0.3111203610897064,-0.036152806133031845,1.0,0.015205605886876583,0.06840573996305466,0.31930917501449585,0.5055033564567566,2.0,0.0440969318151474,0.06951584666967392,0.3480343520641327,1.0460765361785889
1692309295.7922,"[label: ""height""
size: 3
stride: 15, label: ""width""
size: 5
stride: 5]",0,0.0,-0.021676084026694298,0.07059236615896225,0.3132222294807434,-0.022560715675354004,1.0,0.016259873285889626,0.07002044469118118,0.31952914595603943,0.5013724565505981,2.0,0.04552259296178818,0.07147979736328125,0.351410835981369,1.047696828842163
1692309295.8937998,"[label: ""height""
size: 3
stride: 15, label: ""width""
size: 5
stride: 5]",0,0.0,-0.0198903139680624,0.06964509189128876,0.3111744225025177,-0.03578067198395729,1.0,0.01796901226043701,0.0699024498462677,0.3220604956150055,0.5137715339660645,2.0,0.04649079963564873,0.0708550363779068,0.3511470854282379,1.0542187690734863
1692309296.008128,"[label: ""height""
size: 3
stride: 15, label: ""width""
size: 5
stride: 5]",0,0.0,-0.01860145293176174,0.07061611860990524,0.3133356273174286,-0.020359013229608536,1.0,0.019176701083779335,0.07076623290777206,0.32236263155937195,0.5207291841506958,2.0,0.046988628804683685,0.07131270319223404,0.3484918773174286,1.0722815990447998
1692309296.093194,"[label: ""height""
size: 3
stride: 15, label: ""width""
size: 5
stride: 5]",0,0.0,-0.017871757969260216,0.07068724185228348,0.31251809000968933,0.022115781903266907,1.0,0.01994866319000721,0.07104567438364029,0.3242396116256714,0.5247500538825989,2.0,0.0471968837082386,0.07092488557100296,0.3479989171028137,1.0895755290985107
1692309296.1912694,"[label: ""height""
size: 3
stride: 15, label: ""width""
size: 5
stride: 5]",0,0.0,-0.01654709503054619,0.07015879452228546,0.30996593832969666,0.05700129270553589,1.0,0.020784836262464523,0.07081840187311172,0.3226211667060852,0.5416288375854492,2.0,0.047991953790187836,0.07162681221961975,0.35073989629745483,1.0945978164672852
1692309296.2940927,"[label: ""height""
size: 3
stride: 15, label: ""width""
size: 5
stride: 5]",0,0.0,-0.015820251777768135,0.07121461629867554,0.3113628029823303,-0.03489963337779045,1.0,0.02169097401201725,0.07158643752336502,0.32428795099258423,0.5593510270118713,2.0,0.04841345548629761,0.07219569385051727,0.35070791840553284,1.1019713878631592
1692309296.3912709,"[label: ""height""
size: 3
stride: 15, label: ""width""
size: 5
stride: 5]",0,0.0,-0.015528766438364983,0.07065445184707642,0.30990949273109436,0.05673437938094139,1.0,0.021607553586363792,0.07173315435647964,0.32501450181007385,0.5696240067481995,2.0,0.048398539423942566,0.07241331785917282,0.35389167070388794,1.1254663467407227
1692309296.4942615,"[label: ""height""
size: 3
stride: 15, label: ""width""
size: 5
stride: 5]",0,0.0,-0.015493042767047882,0.07167334109544754,0.31232529878616333,0.08768410235643387,1.0,0.021612288430333138,0.0716596469283104,0.32291847467422485,0.5909510850906372,2.0,0.04784209653735161,0.07222945243120193,0.3508913815021515,1.1372634172439575
1692309296.592214,"[label: ""height""
size: 3
stride: 15, label: ""width""
size: 5
stride: 5]",0,0.0,-0.016523025929927826,0.07220777869224548,0.31243088841438293,0.08678101748228073,1.0,0.020564833655953407,0.07221972942352295,0.323067843914032,0.5932791829109192,2.0,0.04710512235760689,0.07359696924686432,0.3540131747722626,1.1370500326156616
1692309296.6949422,"[label: ""height""
size: 3
stride: 15, label: ""width""
size: 5
stride: 5]",0,0.0,-0.01858866587281227,0.07150010019540787,0.3098544776439667,0.040299780666828156,1.0,0.01862318627536297,0.07162255793809891,0.32148969173431396,0.5805358290672302,2.0,0.04556448012590408,0.0736987516283989,0.3565911054611206,1.114583969116211
1692309296.7921226,"[label: ""height""
size: 3
stride: 15, label: ""width""
size: 5
stride: 5]",0,0.0,-0.019625848159193993,0.072210393846035,0.3096313178539276,0.004226817283779383,1.0,0.01738215982913971,0.07273148000240326,0.32297590374946594,0.5774906873703003,2.0,0.04356757551431656,0.07341940701007843,0.3510950207710266,1.1313977241516113
1692309296.891823,"[label: ""height""
size: 3
stride: 15, label: ""width""
size: 5
stride: 5]",0,0.0,-0.020115507766604424,0.07201629132032394,0.30989232659339905,0.03896883875131607,1.0,0.016910437494516373,0.07211390882730484,0.32132041454315186,0.5984026193618774,2.0,0.04334428161382675,0.07359280437231064,0.35399049520492554,1.1299517154693604
1692309296.9905536,"[label: ""height""
size: 3
stride: 15, label: ""width""
size: 5
stride: 5]",0,0.0,-0.020100334659218788,0.07233349978923798,0.30977189540863037,0.04708121716976166,1.0,0.016732798889279366,0.07225613296031952,0.3203139901161194,0.6156119108200073,2.0,0.042688917368650436,0.07376381754875183,0.3534564971923828,1.1502950191497803
1692309297.0956347,"[label: ""height""
size: 3
stride: 15, label: ""width""
size: 5
stride: 5]",0,0.0,-0.020562253892421722,0.07277894020080566,0.3099144995212555,0.1023370549082756,1.0,0.01615333929657936,0.07275029271841049,0.32184791564941406,0.6228771805763245,2.0,0.04126695543527603,0.07345534861087799,0.3512870669364929,1.1711721420288086
1692309297.189854,"[label: ""height""
size: 3
stride: 15, label: ""width""
size: 5
stride: 5]",0,0.0,-0.021364282816648483,0.07226588577032089,0.30835846066474915,0.08102845400571823,1.0,0.015127780847251415,0.07179439067840576,0.31940168142318726,0.6474206447601318,2.0,0.03981425613164902,0.07287484407424927,0.3512659966945648,1.191964030265808
1692309297.2976148,"[label: ""height""
size: 3
stride: 15, label: ""width""
size: 5
stride: 5]",0,0.0,-0.021970828995108604,0.07319262623786926,0.3091086149215698,0.16082189977169037,1.0,0.014338387176394463,0.07339075207710266,0.32238778471946716,0.6498250365257263,2.0,0.0392928272485733,0.07494921237230301,0.3570195436477661,1.1907339096069336
1692309297.3924117,"[label: ""height""
size: 3
stride: 15, label: ""width""
size: 5
stride: 5]",0,0.0,-0.023352762684226036,0.0718737468123436,0.30614614486694336,0.19657038152217865,1.0,0.012642811983823776,0.07175865024328232,0.31923308968544006,0.66695636510849,2.0,0.03663128986954689,0.07356470078229904,0.3538823425769806,1.1999868154525757
1692309297.4978414,"[label: ""height""
size: 3
stride: 15, label: ""width""
size: 5
stride: 5]",0,0.0,-0.025446796789765358,0.073182113468647,0.30523961782455444,0.1561121642589569,1.0,0.010329000651836395,0.07360216975212097,0.3205261826515198,0.6691667437553406,2.0,0.03429024666547775,0.07496154308319092,0.35365694761276245,1.2063709497451782
1692309297.5908344,"[label: ""height""
size: 3
stride: 15, label: ""width""
size: 5
stride: 5]",0,0.0,-0.028449131175875664,0.0720902681350708,0.3073306083679199,0.10402337461709976,1.0,0.007764738984405994,0.07299590110778809,0.32351061701774597,0.6422083973884583,2.0,0.031767670065164566,0.07289383560419083,0.3513683080673218,1.2136688232421875
1692309297.6919312,"[label: ""height""
size: 3
stride: 15, label: ""width""
size: 5
stride: 5]",0,0.0,-0.03102819249033928,0.07312196493148804,0.30459192395210266,0.13441568613052368,1.0,0.005093100480735302,0.07395000755786896,0.321344792842865,0.6577974557876587,2.0,0.02937747910618782,0.07496052235364914,0.35365137457847595,1.20274019241333
1692309297.792219,"[label: ""height""
size: 3
stride: 15, label: ""width""
size: 5
stride: 5]",0,0.0,-0.03360887989401817,0.07292723655700684,0.305247038602829,0.12118691951036453,1.0,0.0027123086620122194,0.07281207293272018,0.3192625343799591,0.6497440338134766,2.0,0.027053870260715485,0.07436414062976837,0.353566974401474,1.209236979484558
1692309297.8942976,"[label: ""height""
size: 3
stride: 15, label: ""width""
size: 5
stride: 5]",0,0.0,-0.036184269934892654,0.07408848404884338,0.3066394031047821,0.08776058256626129,1.0,0.00035803948412649333,0.07412921637296677,0.32053086161613464,0.6518698334693909,2.0,0.02466529607772827,0.0740923285484314,0.34823912382125854,1.2018378973007202
1692309297.990537,"[label: ""height""
size: 3
stride: 15, label: ""width""
size: 5
stride: 5]",0,0.0,-0.037546295672655106,0.07366085797548294,0.3051817715167999,0.17693489789962769,1.0,-0.0011902013793587685,0.07315216958522797,0.3167616128921509,0.6469639539718628,2.0,0.02324759215116501,0.07408272475004196,0.3481885492801666,1.188975214958191
1692309298.0937762,"[label: ""height""
size: 3
stride: 15, label: ""width""
size: 5
stride: 5]",0,0.0,-0.038892608135938644,0.07229313999414444,0.3016062080860138,0.1164965033531189,1.0,-0.002881223801523447,0.0726953074336052,0.3170522153377533,0.6384904980659485,2.0,0.0215311236679554,0.07349419593811035,0.3480985760688782,1.1939367055892944
1692309298.190801,"[label: ""height""
size: 3
stride: 15, label: ""width""
size: 5
stride: 5]",0,0.0,-0.04044032469391823,0.07305128127336502,0.3027248978614807,0.07875414937734604,1.0,-0.0040418594144284725,0.07309823483228683,0.316507488489151,0.6321196556091309,2.0,0.0206904336810112,0.07407573610544205,0.34815165400505066,1.1791590452194214
1692309298.2945647,"[label: ""height""
size: 3
stride: 15, label: ""width""
size: 5
stride: 5]",0,0.0,-0.04241405799984932,0.07257142663002014,0.30214664340019226,0.13015805184841156,1.0,-0.005926030687987804,0.0721036046743393,0.31389737129211426,0.6383500099182129,2.0,0.01897488720715046,0.07348740100860596,0.3480623662471771,1.1841315031051636
1692309298.3915424,"[label: ""height""
size: 3
stride: 15, label: ""width""
size: 5
stride: 5]",0,0.0,-0.04364688694477081,0.0722745880484581,0.2992968261241913,0.08930322527885437,1.0,-0.007555519230663776,0.0732196494936943,0.3170735538005829,0.6281914114952087,2.0,0.017563821747899055,0.0740700364112854,0.3481215834617615,1.1708290576934814
1692309298.4938843,"[label: ""height""
size: 3
stride: 15, label: ""width""
size: 5
stride: 5]",0,0.0,-0.04642052203416824,0.07276438921689987,0.3022715747356415,0.1047188863158226,1.0,-0.009829122573137283,0.07264117151498795,0.3151608109474182,0.6193046569824219,2.0,0.015529579482972622,0.07354564219713211,0.34697896242141724,1.1615220308303833
1692309298.5907376,"[label: ""height""
size: 3
stride: 15, label: ""width""
size: 5
stride: 5]",0,0.0,-0.04840129241347313,0.0723392590880394,0.3002717196941376,0.14971984922885895,1.0,-0.011634351685643196,0.07180938869714737,0.31204527616500854,0.6262441873550415,2.0,0.013549038209021091,0.07353398948907852,0.3469177186489105,1.1498470306396484
1692309298.6930592,"[label: ""height""
size: 3
stride: 15, label: ""width""
size: 5
stride: 5]",0,0.0,-0.05094551667571068,0.07259447127580643,0.30070990324020386,0.1399758905172348,1.0,-0.014140092767775059,0.07255630195140839,0.313606321811676,0.6148941516876221,2.0,0.011220329441130161,0.0732940062880516,0.345139741897583,1.1575945615768433
1692309298.7914512,"[label: ""height""
size: 3
stride: 15, label: ""width""
size: 5
stride: 5]",0,0.0,-0.0530855655670166,0.07193413376808167,0.29995885491371155,0.0855732336640358,1.0,-0.016429781913757324,0.07193952798843384,0.31312260031700134,0.5977025628089905,2.0,0.009161973372101784,0.07212661951780319,0.34162119030952454,1.1507230997085571
1692309298.8958237,"[label: ""height""
size: 3
stride: 15, label: ""width""
size: 5
stride: 5]",0,0.0,-0.055071551352739334,0.07228401303291321,0.3000403642654419,0.08133751899003983,1.0,-0.017986223101615906,0.07132568210363388,0.3094077408313751,0.6224321722984314,2.0,0.007447412237524986,0.07189547270536423,0.33988749980926514,1.1568893194198608
1692309298.9912252,"[label: ""height""
size: 3
stride: 15, label: ""width""
size: 5
stride: 5]",0,0.0,-0.05683845281600952,0.07235412299633026,0.29884496331214905,0.053923558443784714,1.0,-0.01979382522404194,0.07225167006254196,0.31171923875808716,0.60162353515625,2.0,0.006152540445327759,0.07327637076377869,0.34504666924476624,1.1373881101608276
1692309299.0929213,"[label: ""height""
size: 3
stride: 15, label: ""width""
size: 5
stride: 5]",0,0.0,-0.05797581002116203,0.07167880982160568,0.2979847192764282,0.09283839166164398,1.0,-0.02101437747478485,0.0712762326002121,0.3091769516468048,0.6075189709663391,2.0,0.004952499642968178,0.07188746333122253,0.33984488248825073,1.1470568180084229
1692309299.193744,"[label: ""height""
size: 3
stride: 15, label: ""width""
size: 5
stride: 5]",0,0.0,-0.059455543756484985,0.07223240286111832,0.2961658239364624,0.07858630269765854,1.0,-0.02294216863811016,0.0729774609208107,0.3127082288265228,0.5778335332870483,2.0,0.0035890734288841486,0.07327346503734589,0.3417533040046692,1.1318730115890503
1692309299.292062,"[label: ""height""
size: 3
stride: 15, label: ""width""
size: 5
stride: 5]",0,0.0,-0.060419440269470215,0.0710865780711174,0.2960984408855438,0.07247679680585861,1.0,-0.023515889421105385,0.07118042558431625,0.30872270464897156,0.5898872017860413,2.0,0.002468505408614874,0.0721127912402153,0.34154781699180603,1.1355222463607788
1692309299.39071,"[label: ""height""
size: 3
stride: 15, label: ""width""
size: 5
stride: 5]",0,0.0,-0.061420418322086334,0.07263780385255814,0.29585617780685425,0.10978531092405319,1.0,-0.024499721825122833,0.0716647133231163,0.3054882884025574,0.6132292151451111,2.0,0.0013365806080400944,0.07247792929410934,0.33679288625717163,1.1447316408157349
1692309299.4961746,"[label: ""height""
size: 3
stride: 15, label: ""width""
size: 5
stride: 5]",0,0.0,-0.06249347701668739,0.0714147761464119,0.29650843143463135,0.14246170222759247,1.0,-0.02574925869703293,0.07140783965587616,0.3097932040691376,0.606579065322876,2.0,-0.00019439753668848425,0.0721622109413147,0.341807097196579,1.151665210723877
1692309299.5947282,"[label: ""height""
size: 3
stride: 15, label: ""width""
size: 5
stride: 5]",0,0.0,-0.06295982748270035,0.07239837199449539,0.29337000846862793,0.09600749611854553,1.0,-0.026669170707464218,0.07226157188415527,0.3074801564216614,0.6358254551887512,2.0,-0.0017224171897396445,0.07313881069421768,0.33921536803245544,1.1680392026901245
1692309299.6855083,"[label: ""height""
size: 3
stride: 15, label: ""width""
size: 5
stride: 5]",0,0.0,-0.06498435884714127,0.07165329158306122,0.2939300239086151,0.11736460030078888,1.0,-0.02890835702419281,0.07191751897335052,0.3098031282424927,0.6320738196372986,2.0,-0.004044864792376757,0.07355481386184692,0.34702640771865845,1.1648722887039185
1692309299.7918954,"[label: ""height""
size: 3
stride: 15, label: ""width""
size: 5
stride: 5]",0,0.0,-0.0666651502251625,0.07314745336771011,0.29520806670188904,0.16847112774848938,1.0,-0.03016688860952854,0.07246030122041702,0.3072879910469055,0.652053952217102,2.0,-0.005671074613928795,0.07372868806123734,0.34259331226348877,1.1747227907180786
1692309299.890387,"[label: ""height""
size: 3
stride: 15, label: ""width""
size: 5
stride: 5]",0,0.0,-0.06792386621236801,0.07196936011314392,0.29113808274269104,0.13382667303085327,1.0,-0.032285306602716446,0.07231537997722626,0.3081882894039154,0.6263392567634583,2.0,-0.007629118859767914,0.0733780637383461,0.3422964811325073,1.1812455654144287
1692309299.9894288,"[label: ""height""
size: 3
stride: 15, label: ""width""
size: 5
stride: 5]",0,0.0,-0.06938781589269638,0.07247690856456757,0.2912684977054596,0.13219188153743744,1.0,-0.03315439075231552,0.07224803417921066,0.3047773540019989,0.6492555737495422,2.0,-0.008645042777061462,0.0733199417591095,0.33877795934677124,1.172188401222229
1692309300.0916388,"[label: ""height""
size: 3
stride: 15, label: ""width""
size: 5
stride: 5]",0,0.0,-0.06995029747486115,0.07267484813928604,0.2917388677597046,0.1584124118089676,1.0,-0.03357456624507904,0.07232595980167389,0.3051302433013916,0.6351065635681152,2.0,-0.009212853386998177,0.07314642518758774,0.3392542600631714,1.172875165939331
1692309300.1929305,"[label: ""height""
size: 3
stride: 15, label: ""width""
size: 5
stride: 5]",0,0.0,-0.0698794275522232,0.07233317941427231,0.2913135588169098,0.12956883013248444,1.0,-0.03391711413860321,0.07241076976060867,0.3070595860481262,0.639881432056427,2.0,-0.009346649050712585,0.07278086245059967,0.33886289596557617,1.182828664779663
1692309300.2914655,"[label: ""height""
size: 3
stride: 15, label: ""width""
size: 5
stride: 5]",0,0.0,-0.06928687542676926,0.07300172001123428,0.29216963052749634,0.09414267539978027,1.0,-0.032865285873413086,0.0724203959107399,0.3055647015571594,0.6575358510017395,2.0,-0.008948199450969696,0.07316247373819351,0.3393372893333435,1.1892269849777222
1692309300.3935943,"[label: ""height""
size: 3
stride: 15, label: ""width""
size: 5
stride: 5]",0,0.0,-0.06917928904294968,0.07311847060918808,0.29296910762786865,0.14671123027801514,1.0,-0.03295658156275749,0.07250010967254639,0.306376576423645,0.654196560382843,2.0,-0.009145896881818771,0.0734318271279335,0.3412337303161621,1.1964493989944458
1692309300.493793,"[label: ""height""
size: 3
stride: 15, label: ""width""
size: 5
stride: 5]",0,0.0,-0.07016222178936005,0.07361884415149689,0.2930554747581482,0.14470174908638,1.0,-0.03387236222624779,0.07243596762418747,0.3056364059448242,0.6609582304954529,2.0,-0.009932557120919228,0.07320034503936768,0.3395322263240814,1.2004811763763428
1692309300.590531,"[label: ""height""
size: 3
stride: 15, label: ""width""
size: 5
stride: 5]",0,0.0,-0.07182476669549942,0.0733189731836319,0.2914453446865082,0.12624698877334595,1.0,-0.03543892130255699,0.07282548397779465,0.30513253808021545,0.656555712223053,2.0,-0.011464052833616734,0.07379928976297379,0.33974552154541016,1.1960536241531372
1692309300.688264,"[label: ""height""
size: 3
stride: 15, label: ""width""
size: 5
stride: 5]",0,0.0,-0.07354240864515305,0.0729798898100853,0.29036521911621094,0.15915179252624512,1.0,-0.0374114066362381,0.07230322808027267,0.3039531707763672,0.6568490862846375,2.0,-0.01326183881610632,0.07264376431703568,0.33633214235305786,1.1895776987075806
1692309300.7888107,"[label: ""height""
size: 3
stride: 15, label: ""width""
size: 5
stride: 5]",0,0.0,-0.0747193843126297,0.07374586910009384,0.2892131209373474,0.11502314358949661,1.0,-0.03861736133694649,0.07312101125717163,0.30271393060684204,0.6540188789367676,2.0,-0.014623711816966534,0.074518121778965,0.3392102122306824,1.1805237531661987
1692309300.8888478,"[label: ""height""
size: 3
stride: 15, label: ""width""
size: 5
stride: 5]",0,0.0,-0.07614821940660477,0.0725782960653305,0.28793221712112427,0.12290389090776443,1.0,-0.04036552086472511,0.0722443014383316,0.30368751287460327,0.6426845192909241,2.0,-0.015866702422499657,0.07261993736028671,0.3362099826335907,1.1890441179275513
1692309300.9873128,"[label: ""height""
size: 3
stride: 15, label: ""width""
size: 5
stride: 5]",0,0.0,-0.07616887241601944,0.07424359023571014,0.2893124222755432,0.1134854182600975,1.0,-0.03998179733753204,0.07335614413022995,0.3027031123638153,0.6480979323387146,2.0,-0.01582459919154644,0.07459413260221481,0.3383040130138397,1.1774033308029175
1692309301.08734,"[label: ""height""
size: 3
stride: 15, label: ""width""
size: 5
stride: 5]",0,0.0,-0.07513710111379623,0.07353492081165314,0.28975075483322144,0.18606889247894287,1.0,-0.039330802857875824,0.07309895753860474,0.3052917420864105,0.6561911106109619,2.0,-0.014920621179044247,0.0732223391532898,0.3364682197570801,1.1943212747573853
1692309301.1911128,"[label: ""height""
size: 3
stride: 15, label: ""width""
size: 5
stride: 5]",0,0.0,-0.07446981221437454,0.07452145218849182,0.291497141122818,0.12183558195829391,1.0,-0.03825613483786583,0.07348573207855225,0.304786741733551,0.6825793981552124,2.0,-0.014638143591582775,0.07453333586454391,0.3392896056175232,1.197746992111206
1692309301.2966304,"[label: ""height""
size: 3
stride: 15, label: ""width""
size: 5
stride: 5]",0,0.0,-0.07349628210067749,0.07450554519891739,0.29143011569976807,0.12308388948440552,1.0,-0.03725003823637962,0.07346846908330917,0.3047091066837311,0.6791176795959473,2.0,-0.013560823164880276,0.07380641996860504,0.3366304039955139,1.2070043087005615
1692309301.3922977,"[label: ""height""
size: 3
stride: 15, label: ""width""
size: 5
stride: 5]",0,0.0,-0.07369211316108704,0.07407085597515106,0.2902224361896515,0.09916229546070099,1.0,-0.03775303065776825,0.0734771192073822,0.30474796891212463,0.6808465719223022,2.0,-0.013803881593048573,0.07453037798404694,0.33927276730537415,1.1952449083328247
1692309301.493181,"[label: ""height""
size: 3
stride: 15, label: ""width""
size: 5
stride: 5]",0,0.0,-0.07446679472923279,0.0749962255358696,0.29148411750793457,0.12151116132736206,1.0,-0.03795943409204483,0.07388689368963242,0.30434665083885193,0.6567087173461914,2.0,-0.013946362771093845,0.0751277357339859,0.33947721123695374,1.1866884231567383
1692309301.5908983,"[label: ""height""
size: 3
stride: 15, label: ""width""
size: 5
stride: 5]",0,0.0,-0.0742492526769638,0.07526018470525742,0.2915709316730499,0.12172781676054001,1.0,-0.0378800630569458,0.07434559613466263,0.30373436212539673,0.6591062545776367,2.0,-0.013725602999329567,0.07599899172782898,0.3408737778663635,1.1821433305740356
1692309301.6950836,"[label: ""height""
size: 3
stride: 15, label: ""width""
size: 5
stride: 5]",0,0.0,-0.07440150529146194,0.0750209391117096,0.29155632853507996,0.08870217949151993,1.0,-0.03795943409204483,0.07388689368963242,0.30434665083885193,0.6567087173461914,2.0,-0.013827800750732422,0.07437022775411606,0.3366858959197998,1.190581202507019
1692309301.7936842,"[label: ""height""
size: 3
stride: 15, label: ""width""
size: 5
stride: 5]",0,0.0,-0.07322796434164047,0.07576369494199753,0.2916463017463684,0.08987662941217422,1.0,-0.036984097212553024,0.07491958886384964,0.30449801683425903,0.652012825012207,2.0,-0.01298428699374199,0.07627152651548386,0.33962154388427734,1.1920502185821533
1692309301.8922207,"[label: ""height""
size: 3
stride: 15, label: ""width""
size: 5
stride: 5]",0,0.0,-0.0725305899977684,0.07465536892414093,0.2914104759693146,0.12736329436302185,1.0,-0.03661034628748894,0.07453790307044983,0.3075719475746155,0.6590818762779236,2.0,-0.012652463279664516,0.07520905137062073,0.3417232930660248,1.1973636150360107
1692309301.9844625,"[label: ""height""
size: 3
stride: 15, label: ""width""
size: 5
stride: 5]",0,0.0,-0.07211773097515106,0.07604797929525375,0.2931712567806244,0.13879069685935974,1.0,-0.035785380750894547,0.07502177357673645,0.3049468398094177,0.672148585319519,2.0,-0.01222873106598854,0.07758267968893051,0.34544050693511963,1.190273642539978
1692309302.096427,"[label: ""height""
size: 3
stride: 15, label: ""width""
size: 5
stride: 5]",0,0.0,-0.07266908138990402,0.07575462013483047,0.2935783267021179,0.167284294962883,1.0,-0.036625247448682785,0.07506929337978363,0.30769142508506775,0.6584504246711731,2.0,-0.012408960610628128,0.07626788318157196,0.34269770979881287,1.1941304206848145
1692309302.1935709,"[label: ""height""
size: 3
stride: 15, label: ""width""
size: 5
stride: 5]",0,0.0,-0.07310505211353302,0.07559270411729813,0.2932749092578888,0.13815271854400635,1.0,-0.03677705302834511,0.07451263815164566,0.3049069941043854,0.6761886477470398,2.0,-0.012701128609478474,0.0756884440779686,0.33949267864227295,1.1914526224136353
1692309302.292061,"[label: ""height""
size: 3
stride: 15, label: ""width""
size: 5
stride: 5]",0,0.0,-0.07399982959032059,0.07630480080842972,0.29529431462287903,0.11469903588294983,1.0,-0.03700961545109749,0.074960857629776,0.30572250485420227,0.6591128706932068,2.0,-0.012495378032326698,0.07632743567228317,0.34170448780059814,1.1706457138061523
1692309302.3891766,"[label: ""height""
size: 3
stride: 15, label: ""width""
size: 5
stride: 5]",0,0.0,-0.07410357892513275,0.07620486617088318,0.2958487868309021,0.14741836488246918,1.0,-0.03719141706824303,0.07516837865114212,0.3070630133152008,0.6241888999938965,2.0,-0.012282080948352814,0.07570463418960571,0.3395744860172272,1.1815065145492554
1692309302.4906425,"[label: ""height""
size: 3
stride: 15, label: ""width""
size: 5
stride: 5]",0,0.0,-0.07251452654600143,0.07531216740608215,0.29413384199142456,0.10378307849168777,1.0,-0.036107387393713,0.07463555783033371,0.3065008819103241,0.6504631042480469,2.0,-0.01125671062618494,0.07513725757598877,0.338243693113327,1.172444462776184
1692309302.5943432,"[label: ""height""
size: 3
stride: 15, label: ""width""
size: 5
stride: 5]",0,0.0,-0.07154849171638489,0.07606061547994614,0.2955770194530487,0.09494393318891525,1.0,-0.03507799282670021,0.0756196677684784,0.3093811869621277,0.6146733164787292,2.0,-0.01012717466801405,0.07635769993066788,0.3418545722961426,1.172193169593811
1692309302.6905968,"[label: ""height""
size: 3
stride: 15, label: ""width""
size: 5
stride: 5]",0,0.0,-0.07001139223575592,0.07415269315242767,0.29368576407432556,0.09030286222696304,1.0,-0.03401575982570648,0.07399996370077133,0.308940589427948,0.6133057475090027,2.0,-0.009139325469732285,0.07458220422267914,0.34138861298561096,1.178815484046936
1692309302.7917461,"[label: ""height""
size: 3
stride: 15, label: ""width""
size: 5
stride: 5]",0,0.0,-0.07007814198732376,0.07556083798408508,0.29551219940185547,0.09688586741685867,1.0,-0.03353268653154373,0.07505585253238678,0.3091302514076233,0.6102994084358215,2.0,-0.008443767204880714,0.07576791942119598,0.34171122312545776,1.1674857139587402
1692309302.894182,"[label: ""height""
size: 3
stride: 15, label: ""width""
size: 5
stride: 5]",0,0.0,-0.07044706493616104,0.07496212422847748,0.29643067717552185,0.06921033561229706,1.0,-0.03309786692261696,0.07336917519569397,0.305321604013443,0.6321346163749695,2.0,-0.008218558505177498,0.07535827904939651,0.34428486227989197,1.1455655097961426
1692309302.9932575,"[label: ""height""
size: 3
stride: 15, label: ""width""
size: 5
stride: 5]",0,0.0,-0.06906408071517944,0.07469139993190765,0.2945389151573181,0.03923850506544113,1.0,-0.03241860494017601,0.07443788647651672,0.3081900179386139,0.6107174754142761,2.0,-0.006992080248892307,0.07492219656705856,0.33978044986724854,1.1479253768920898
1692309303.0925858,"[label: ""height""
size: 3
stride: 15, label: ""width""
size: 5
stride: 5]",0,0.0,-0.06843825429677963,0.07472766935825348,0.2961141765117645,0.06342511624097824,1.0,-0.031085018068552017,0.07333380728960037,0.30516183376312256,0.625393807888031,2.0,-0.005485808476805687,0.07459377497434616,0.34144535660743713,1.1328363418579102
1692309303.1897817,"[label: ""height""
size: 3
stride: 15, label: ""width""
size: 5
stride: 5]",0,0.0,-0.06605207175016403,0.0744798332452774,0.2975120544433594,0.09019996970891953,1.0,-0.028841907158493996,0.07331352680921555,0.3076731860637665,0.6003584861755371,2.0,-0.003147570649161935,0.07516593486070633,0.3446807265281677,1.129826545715332
1692309303.294417,"[label: ""height""
size: 3
stride: 15, label: ""width""
size: 5
stride: 5]",0,0.0,-0.06405194103717804,0.07422617077827454,0.29604488611221313,0.06792949885129929,1.0,-0.027338746935129166,0.07353661954402924,0.30913132429122925,0.6012343764305115,2.0,-0.001453291391953826,0.0745721235871315,0.34453654289245605,1.1251527070999146
1692309303.3908505,"[label: ""height""
size: 3
stride: 15, label: ""width""
size: 5
stride: 5]",0,0.0,-0.06392396241426468,0.07463577389717102,0.29821449518203735,0.05621292442083359,1.0,-0.026600003242492676,0.07339169085025787,0.3080303966999054,0.6187549829483032,2.0,-0.0006112342234700918,0.0745164006948471,0.3423686623573303,1.1430951356887817
1692309303.494627,"[label: ""height""
size: 3
stride: 15, label: ""width""
size: 5
stride: 5]",0,0.0,-0.06356444209814072,0.07373876869678497,0.29603615403175354,0.06848310679197311,1.0,-0.026805061846971512,0.07274850457906723,0.3073960244655609,0.5944164991378784,2.0,-0.0008756772731430829,0.0733950212597847,0.3410406708717346,1.1287314891815186
1692309303.592419,"[label: ""height""
size: 3
stride: 15, label: ""width""
size: 5
stride: 5]",0,0.0,-0.06449811905622482,0.07445193827152252,0.29630038142204285,0.041470322757959366,1.0,-0.02760149911046028,0.07379167526960373,0.30908456444740295,0.5693532228469849,2.0,-0.001425656140781939,0.07374484837055206,0.3394625782966614,1.132088541984558
1692309303.6926491,"[label: ""height""
size: 3
stride: 15, label: ""width""
size: 5
stride: 5]",0,0.0,-0.06420329958200455,0.07262643426656723,0.29434674978256226,0.03177003189921379,1.0,-0.027507929131388664,0.07209784537553787,0.30671966075897217,0.5711448788642883,2.0,-0.0011462080292403698,0.07319947332143784,0.3414147198200226,1.1108131408691406
1692309303.7923245,"[label: ""height""
size: 3
stride: 15, label: ""width""
size: 5
stride: 5]",0,0.0,-0.06491537392139435,0.07405827939510345,0.29634279012680054,0.000460986077087,1.0,-0.027743037790060043,0.073370561003685,0.3079310357570648,0.5798709988594055,2.0,-0.0008560199057683349,0.07393793761730194,0.34095335006713867,1.0932070016860962
1692309303.892131,"[label: ""height""
size: 3
stride: 15, label: ""width""
size: 5
stride: 5]",0,0.0,-0.06442894786596298,0.07357142865657806,0.2963384985923767,0.00042557038250379264,1.0,-0.027171391993761063,0.07267304509878159,0.30704301595687866,0.551383912563324,2.0,-0.0002935947850346565,0.07312721759080887,0.33914852142333984,1.0939595699310303
1692309303.991144,"[label: ""height""
size: 3
stride: 15, label: ""width""
size: 5
stride: 5]",0,0.0,-0.06436574459075928,0.07388479262590408,0.2984541654586792,0.032617248594760895,1.0,-0.026665544137358665,0.07266317307949066,0.3069978654384613,0.5497627854347229,2.0,0.0006821064744144678,0.07267474383115768,0.33831050992012024,1.083953619003296
1692309304.0923297,"[label: ""height""
size: 3
stride: 15, label: ""width""
size: 5
stride: 5]",0,0.0,-0.06346305459737778,0.07357751578092575,0.29636481404304504,0.000861433451063931,1.0,-0.02626398392021656,0.07306497544050217,0.30808451771736145,0.5387058854103088,2.0,0.0016565867699682713,0.07327613234519958,0.3385452926158905,1.0717569589614868
1692309304.1902695,"[label: ""height""
size: 3
stride: 15, label: ""width""
size: 5
stride: 5]",0,0.0,-0.06410808116197586,0.07436498254537582,0.30052614212036133,0.0007719098357483745,1.0,-0.026135094463825226,0.07336331903934479,0.309441477060318,0.5337091088294983,2.0,0.001798550016246736,0.073170006275177,0.3380497395992279,1.0626404285430908
1692309304.2962046,"[label: ""height""
size: 3
stride: 15, label: ""width""
size: 5
stride: 5]",0,0.0,-0.0635422021150589,0.07364918291568756,0.2984594404697418,0.002194684464484453,1.0,-0.025697791948914528,0.07242412120103836,0.30591538548469543,0.5380071401596069,2.0,0.0024800444953143597,0.07250284403562546,0.3355998694896698,1.0559277534484863
1692309304.39188,"[label: ""height""
size: 3
stride: 15, label: ""width""
size: 5
stride: 5]",0,0.0,-0.06374756246805191,0.07468179613351822,0.29870718717575073,-0.027170361950993538,1.0,-0.026071909815073013,0.0734405666589737,0.307049423456192,0.49754029512405396,2.0,0.0025006355717778206,0.07423297315835953,0.33910879492759705,1.0497798919677734
1692309304.4954755,"[label: ""height""
size: 3
stride: 15, label: ""width""
size: 5
stride: 5]",0,0.0,-0.0642118826508522,0.0735803097486496,0.30029067397117615,-0.03042505495250225,1.0,-0.026052076369524002,0.07238694280385971,0.3068350553512573,0.49908149242401123,2.0,0.0023635660763829947,0.07302069664001465,0.33860090374946594,1.04197096824646
1692309304.5942879,"[label: ""height""
size: 3
stride: 15, label: ""width""
size: 5
stride: 5]",0,0.0,-0.06455737352371216,0.07515665888786316,0.3007565438747406,-0.029939912259578705,1.0,-0.026358546689152718,0.07426020503044128,0.30891263484954834,0.5043776631355286,2.0,0.002477505011484027,0.0733150839805603,0.3336532711982727,1.040812611579895
1692309304.6940758,"[label: ""height""
size: 3
stride: 15, label: ""width""
size: 5
stride: 5]",0,0.0,-0.06484458595514297,0.07405715435743332,0.3002394139766693,-0.0589759424328804,1.0,-0.02656814642250538,0.07292480021715164,0.30699318647384644,0.4998719394207001,2.0,0.002371472306549549,0.07357219606637955,0.338581383228302,1.0236122608184814
1692309304.7851539,"[label: ""height""
size: 3
stride: 15, label: ""width""
size: 5
stride: 5]",0,0.0,-0.06423185020685196,0.07448934018611908,0.3003685772418976,-0.034418120980262756,1.0,-0.026071909815073013,0.0734405666589737,0.307049423456192,0.49754029512405396,2.0,0.003045337740331888,0.07359527796506882,0.33555322885513306,1.0180696249008179
1692309304.8915195,"[label: ""height""
size: 3
stride: 15, label: ""width""
size: 5
stride: 5]",0,0.0,-0.06325846165418625,0.07403640449047089,0.2984447479248047,-0.08425433933734894,1.0,-0.025825439020991325,0.0739840641617775,0.3098447918891907,0.4725766181945801,2.0,0.0036245244555175304,0.07417824119329453,0.3388306498527527,1.010236382484436
1692309304.9937055,"[label: ""height""
size: 3
stride: 15, label: ""width""
size: 5
stride: 5]",0,0.0,-0.06271996349096298,0.0744612067937851,0.3024149239063263,-0.06718605756759644,1.0,-0.02448240853846073,0.0737195611000061,0.30865478515625,0.4381169378757477,2.0,0.005426160525530577,0.07410454005002975,0.33846426010131836,0.9963037967681885
1692309305.0942197,"[label: ""height""
size: 3
stride: 15, label: ""width""
size: 5
stride: 5]",0,0.0,-0.062192194163799286,0.07471465319395065,0.30278706550598145,-0.08352843672037125,1.0,-0.023782910779118538,0.07393649220466614,0.3096303939819336,0.4665190279483795,2.0,0.00607061805203557,0.07355109602212906,0.3353300988674164,0.9910944700241089
1692309305.1923113,"[label: ""height""
size: 3
stride: 15, label: ""width""
size: 5
stride: 5]",0,0.0,-0.060735609382390976,0.07514651119709015,0.30293065309524536,-0.08743172138929367,1.0,-0.022454721853137016,0.07419401407241821,0.30851516127586365,0.43154749274253845,2.0,0.00768576143309474,0.07390116900205612,0.33383530378341675,0.9887014031410217
1692309305.2933567,"[label: ""height""
size: 3
stride: 15, label: ""width""
size: 5
stride: 5]",0,0.0,-0.059248995035886765,0.07323689758777618,0.30027875304222107,-0.11549610644578934,1.0,-0.021422142162919044,0.07311233878135681,0.30819734930992126,0.43036288022994995,2.0,0.008904746733605862,0.07268927246332169,0.3332509398460388,0.976971447467804
1692309305.3906684,"[label: ""height""
size: 3
stride: 15, label: ""width""
size: 5
stride: 5]",0,0.0,-0.058731935918331146,0.0755758136510849,0.30474963784217834,-0.09142068028450012,1.0,-0.02036198042333126,0.07507038861513138,0.3112507462501526,0.44051504135131836,2.0,0.010405845008790493,0.07431014627218246,0.3331615626811981,0.963458240032196
1692309305.491211,"[label: ""height""
size: 3
stride: 15, label: ""width""
size: 5
stride: 5]",0,0.0,-0.0582861453294754,0.07490695267915726,0.306186318397522,-0.12360567599534988,1.0,-0.019398683682084084,0.07358609884977341,0.3080573081970215,0.423953115940094,2.0,0.01145179383456707,0.07396318018436432,0.3359183371067047,0.9461671113967896
1692309305.5902293,"[label: ""height""
size: 3
stride: 15, label: ""width""
size: 5
stride: 5]",0,0.0,-0.05667618662118912,0.07464906573295593,0.30616724491119385,-0.15026891231536865,1.0,-0.018161602318286896,0.07441186904907227,0.3121415972709656,0.3852107524871826,2.0,0.013000348582863808,0.07376927137374878,0.33318352699279785,0.9464989900588989
1692309305.6917486,"[label: ""height""
size: 3
stride: 15, label: ""width""
size: 5
stride: 5]",0,0.0,-0.05656667798757553,0.07531548291444778,0.30840417742729187,-0.13227055966854095,1.0,-0.01770315133035183,0.07474733144044876,0.3129003047943115,0.37305906414985657,2.0,0.013815885409712791,0.07372649013996124,0.33297106623649597,0.9257329702377319
1692309305.7902632,"[label: ""height""
size: 3
stride: 15, label: ""width""
size: 5
stride: 5]",0,0.0,-0.05582956224679947,0.0751417949795723,0.3091457188129425,-0.14790670573711395,1.0,-0.01679830811917782,0.0738479271531105,0.3107038736343384,0.3887556791305542,2.0,0.014986972324550152,0.07459970563650131,0.33815720677375793,0.9218634366989136
1692309305.8922215,"[label: ""height""
size: 3
stride: 15, label: ""width""
size: 5
stride: 5]",0,0.0,-0.05433742702007294,0.07482988387346268,0.3084489107131958,-0.17324987053871155,1.0,-0.015630804002285004,0.07422327250242233,0.3123868405818939,0.3676559627056122,2.0,0.016266023740172386,0.07394176721572876,0.3358045816421509,0.9039489030838013
1692309305.9899533,"[label: ""height""
size: 3
stride: 15, label: ""width""
size: 5
stride: 5]",0,0.0,-0.053069278597831726,0.07486370205879211,0.30752092599868774,-0.2056766301393509,1.0,-0.014609021134674549,0.07473007589578629,0.31236326694488525,0.36420008540153503,2.0,0.017533907666802406,0.07416322082281113,0.33369043469429016,0.9039678573608398
1692309306.0921447,"[label: ""height""
size: 3
stride: 15, label: ""width""
size: 5
stride: 5]",0,0.0,-0.051187049597501755,0.07302376627922058,0.30606359243392944,-0.2027130275964737,1.0,-0.013054956682026386,0.07309480011463165,0.3119083642959595,0.3630453050136566,2.0,0.01942012831568718,0.07309029996395111,0.33562785387039185,0.8848994374275208
1692309306.19008,"[label: ""height""
size: 3
stride: 15, label: ""width""
size: 5
stride: 5]",0,0.0,-0.050099797546863556,0.07487692683935165,0.31020042300224304,-0.2072850912809372,1.0,-0.011459866538643837,0.0751815065741539,0.31598860025405884,0.318651020526886,2.0,0.021413229405879974,0.07508093118667603,0.33907008171081543,0.8825339078903198
1692309306.291457,"[label: ""height""
size: 3
stride: 15, label: ""width""
size: 5
stride: 5]",0,0.0,-0.04864664375782013,0.07458522170782089,0.31314316391944885,-0.20685675740242004,1.0,-0.009562972001731396,0.07367522269487381,0.3138202130794525,0.3350852429866791,2.0,0.02312331460416317,0.07303590327501297,0.33351993560791016,0.8788886070251465
1692309306.3895226,"[label: ""height""
size: 3
stride: 15, label: ""width""
size: 5
stride: 5]",0,0.0,-0.04712437093257904,0.07460804283618927,0.31324461102485657,-0.208748921751976,1.0,-0.008018892258405685,0.07363727688789368,0.3136468231678009,0.3315311372280121,2.0,0.024639183655381203,0.07307210564613342,0.33369702100753784,0.8646339774131775
1692309306.4856153,"[label: ""height""
size: 3
stride: 15, label: ""width""
size: 5
stride: 5]",0,0.0,-0.04615557938814163,0.07460246980190277,0.3144204616546631,-0.22675390541553497,1.0,-0.007055565249174833,0.07379541546106339,0.31553032994270325,0.30919528007507324,2.0,0.026197880506515503,0.07350285351276398,0.33623212575912476,0.8547877073287964
1692309306.589326,"[label: ""height""
size: 3
stride: 15, label: ""width""
size: 5
stride: 5]",0,0.0,-0.04512381553649902,0.07366684824228287,0.3125194311141968,-0.2428564727306366,1.0,-0.006563667207956314,0.07359931617975235,0.3162197172641754,0.2962709665298462,2.0,0.02681044116616249,0.07249037176370621,0.33352306485176086,0.8588811159133911
1692309306.693162,"[label: ""height""
size: 3
stride: 15, label: ""width""
size: 5
stride: 5]",0,0.0,-0.04460983723402023,0.07315024733543396,0.3124983608722687,-0.2440638542175293,1.0,-0.006042902823537588,0.0730510726571083,0.31608062982559204,0.2960706949234009,2.0,0.027400923892855644,0.07257688045501709,0.3357768952846527,0.843461275100708
1692309306.7852747,"[label: ""height""
size: 3
stride: 15, label: ""width""
size: 5
stride: 5]",0,0.0,-0.04494896158576012,0.07398516684770584,0.3139492869377136,-0.25038063526153564,1.0,-0.006045293994247913,0.07358638197183609,0.3161602318286896,0.29520630836486816,2.0,0.027235325425863266,0.07304428517818451,0.3353897035121918,0.8339336514472961
1692309306.8840623,"[label: ""height""
size: 3
stride: 15, label: ""width""
size: 5
stride: 5]",0,0.0,-0.04451315104961395,0.07233554124832153,0.31346574425697327,-0.27349117398262024,1.0,-0.006038148421794176,0.07198142260313034,0.3159221112728119,0.29778292775154114,2.0,0.027703572064638138,0.07182673364877701,0.3361143171787262,0.8410695195198059
1692309306.9821002,"[label: ""height""
size: 3
stride: 15, label: ""width""
size: 5
stride: 5]",0,0.0,-0.044681962579488754,0.07422761619091034,0.31664422154426575,-0.24976970255374908,1.0,-0.005586328916251659,0.07368963956832886,0.3182826340198517,0.27347037196159363,2.0,0.02800520695745945,0.0732276439666748,0.33813193440437317,0.8266386985778809
1692309307.0843709,"[label: ""height""
size: 3
stride: 15, label: ""width""
size: 5
stride: 5]",0,0.0,-0.04424191266298294,0.07256201654672623,0.3161447048187256,-0.2733350992202759,1.0,-0.005580789875239134,0.07215569913387299,0.3179546892642975,0.27316683530807495,2.0,0.028635289520025253,0.07203920185565948,0.33906763792037964,0.8229735493659973
1692309307.182419,"[label: ""height""
size: 3
stride: 15, label: ""width""
size: 5
stride: 5]",0,0.0,-0.0436493344604969,0.07357489317655563,0.31558293104171753,-0.27535280585289,1.0,-0.005007027182728052,0.07302573323249817,0.3159632086753845,0.2939433455467224,2.0,0.02892962284386158,0.07261514663696289,0.3359667658805847,0.8290060758590698
1692309307.2844512,"[label: ""height""
size: 3
stride: 15, label: ""width""
size: 5
stride: 5]",0,0.0,-0.04402894154191017,0.07330649346113205,0.3176024258136749,-0.24164323508739471,1.0,-0.005002849269658327,0.07195688039064407,0.3158065974712372,0.2956272065639496,2.0,0.029219327494502068,0.07182541489601135,0.33610033988952637,0.8071368336677551
1692309307.3822987,"[label: ""height""
size: 3
stride: 15, label: ""width""
size: 5
stride: 5]",0,0.0,-0.04345829039812088,0.07307171076536179,0.3160918951034546,-0.2736036777496338,1.0,-0.0045411973260343075,0.07267133891582489,0.31792744994163513,0.27010732889175415,2.0,0.029434815049171448,0.07174539566040039,0.3338267207145691,0.8216381072998047
1692309307.483846,"[label: ""height""
size: 3
stride: 15, label: ""width""
size: 5
stride: 5]",0,0.0,-0.04345829039812088,0.07307171076536179,0.3160918951034546,-0.2736036777496338,1.0,-0.0046988888643682,0.07266325503587723,0.3178727328777313,0.23681221902370453,2.0,0.030013710260391235,0.07256973534822464,0.3389345109462738,0.7993214130401611
1692309307.5821574,"[label: ""height""
size: 3
stride: 15, label: ""width""
size: 5
stride: 5]",0,0.0,-0.04350894317030907,0.07230474799871445,0.3173653185367584,-0.2835719883441925,1.0,-0.004539063666015863,0.07213287055492401,0.3178453743457794,0.27107536792755127,2.0,0.029682887718081474,0.07113607972860336,0.3335070312023163,0.8018479943275452
1692309307.6845298,"[label: ""height""
size: 3
stride: 15, label: ""width""
size: 5
stride: 5]",0,0.0,-0.043506521731615067,0.07358267903327942,0.3193534016609192,-0.270488977432251,1.0,-0.004387372639030218,0.07201496511697769,0.3160949945449829,0.26444894075393677,2.0,0.030273495241999626,0.07252657413482666,0.3387119770050049,0.7786140441894531
1692309307.784176,"[label: ""height""
size: 3
stride: 15, label: ""width""
size: 5
stride: 5]",0,0.0,-0.042776890099048615,0.0728263258934021,0.32070407271385193,-0.2802116870880127,1.0,-0.00349620683118701,0.07157237082719803,0.31765568256378174,0.26995614171028137,2.0,0.031369492411613464,0.07194381207227707,0.33857113122940063,0.7759691476821899
1692309307.8907673,"[label: ""height""
size: 3
stride: 15, label: ""width""
size: 5
stride: 5]",0,0.0,-0.0407952181994915,0.07277477532625198,0.32047152519226074,-0.3043838441371918,1.0,-0.0019940556958317757,0.07206898927688599,0.32042697072029114,0.22517529129981995,2.0,0.03302663564682007,0.07193327695131302,0.3385164737701416,0.7716302275657654
1692309307.9883556,"[label: ""height""
size: 3
stride: 15, label: ""width""
size: 5
stride: 5]",0,0.0,-0.03874679282307625,0.07255534082651138,0.321929395198822,-0.31757891178131104,1.0,0.00010317524720449,0.07202208042144775,0.32020145654678345,0.2219248265028,2.0,0.035350251942873,0.07187538594007492,0.33957791328430176,0.7629380226135254
1692309308.0851834,"[label: ""height""
size: 3
stride: 15, label: ""width""
size: 5
stride: 5]",0,0.0,-0.03647920861840248,0.0718282014131546,0.3239995539188385,-0.32912248373031616,1.0,0.0024223621003329754,0.07166721671819687,0.3245004415512085,0.14438320696353912,2.0,0.0375438891351223,0.07071001827716827,0.33930546045303345,0.757790744304657
1692309308.1807353,"[label: ""height""
size: 3
stride: 15, label: ""width""
size: 5
stride: 5]",0,0.0,-0.03446919843554497,0.07203752547502518,0.3224600851535797,-0.34296953678131104,1.0,0.004290189128369093,0.07173193246126175,0.3222426474094391,0.18130673468112946,2.0,0.03963681682944298,0.07194055616855621,0.34183675050735474,0.7358198761940002
1692309308.2844393,"[label: ""height""
size: 3
stride: 15, label: ""width""
size: 5
stride: 5]",0,0.0,-0.03310437500476837,0.07177379727363586,0.3272711932659149,-0.3516068756580353,1.0,0.00567393796518445,0.07106752693653107,0.32415902614593506,0.21978551149368286,2.0,0.041114237159490585,0.07072069495916367,0.3413170278072357,0.7436177730560303
1692309308.3832958,"[label: ""height""
size: 3
stride: 15, label: ""width""
size: 5
stride: 5]",0,0.0,-0.03169933706521988,0.07199256122112274,0.3265417218208313,-0.3580590486526489,1.0,0.006930313538759947,0.07155028730630875,0.3243597149848938,0.13291636109352112,2.0,0.04273773357272148,0.071149542927742,0.3420284688472748,0.7273073792457581
1692309308.4999275,"[label: ""height""
size: 3
stride: 15, label: ""width""
size: 5
stride: 5]",0,0.0,-0.03132844343781471,0.0724187046289444,0.33138948678970337,-0.3309267461299896,1.0,0.00782154593616724,0.07111551612615585,0.326198011636734,0.19286443293094635,2.0,0.04345548152923584,0.0712314173579216,0.3444329500198364,0.7088948488235474
1692309308.5877998,"[label: ""height""
size: 3
stride: 15, label: ""width""
size: 5
stride: 5]",0,0.0,-0.030558455735445023,0.07146263122558594,0.3301849961280823,-0.3573341369628906,1.0,0.00834630336612463,0.07064169645309448,0.32600897550582886,0.18792103230953217,2.0,0.04388352856040001,0.07012580335140228,0.34112852811813354,0.7368735074996948
1692309308.6902585,"[label: ""height""
size: 3
stride: 15, label: ""width""
size: 5
stride: 5]",0,0.0,-0.029963675886392593,0.07244928181171417,0.3342164158821106,-0.35285624861717224,1.0,0.008918032981455326,0.07157812267541885,0.32891225814819336,0.14286944270133972,2.0,0.0452578067779541,0.07143629342317581,0.34750640392303467,0.7194654941558838
1692309308.7887044,"[label: ""height""
size: 3
stride: 15, label: ""width""
size: 5
stride: 5]",0,1.0,0.009453986771404743,0.07047147303819656,0.32876890897750854,0.14403679966926575,0.0,-0.029265062883496284,0.07125432789325714,0.3323664963245392,-0.3665545582771301,2.0,0.045604221522808075,0.07075043022632599,0.3468834459781647,0.7092902064323425
1692309308.8901448,"[label: ""height""
size: 3
stride: 15, label: ""width""
size: 5
stride: 5]",0,0.0,-0.02821752429008484,0.07216416299343109,0.3360532820224762,-0.3835550546646118,1.0,0.01055498793721199,0.07141360640525818,0.33122268319129944,0.084629587829113,2.0,0.04702911153435707,0.07132689654827118,0.34692496061325073,0.7055566310882568
1692309308.9891589,"[label: ""height""
size: 3
stride: 15, label: ""width""
size: 5
stride: 5]",0,1.0,0.01197830680757761,0.07082473486661911,0.33056139945983887,0.18777687847614288,0.0,-0.02692331001162529,0.07177533954381943,0.335443377494812,-0.3702501058578491,2.0,0.04792623221874237,0.07062503695487976,0.34621620178222656,0.6941796541213989
1692309309.0915492,"[label: ""height""
size: 3
stride: 15, label: ""width""
size: 5
stride: 5]",0,1.0,0.013165995478630066,0.07083705067634583,0.3310222327709198,0.1296442449092865,0.0,-0.025513119995594025,0.07147422432899475,0.3366924226284027,-0.38334232568740845,2.0,0.049459058791399,0.07078231871128082,0.3470507860183716,0.6884861588478088
1692309309.1912959,"[label: ""height""
size: 3
stride: 15, label: ""width""
size: 5
stride: 5]",0,0.0,-0.023478997871279716,0.07114627212285995,0.33504247665405273,-0.3977467715740204,1.0,0.014874456450343132,0.07121197134256363,0.3335055708885193,0.1000664085149765,2.0,0.05166483297944069,0.07134506851434708,0.3505098223686218,0.6746283769607544
1692309309.2903135,"[label: ""height""
size: 3
stride: 15, label: ""width""
size: 5
stride: 5]",0,1.0,0.017572520300745964,0.07078320533037186,0.335470050573349,0.10097584128379822,0.0,-0.021411072462797165,0.07132755219936371,0.33977872133255005,-0.35622555017471313,2.0,0.053945738822221756,0.07028216123580933,0.3494720160961151,0.6836177110671997
1692309309.3905349,"[label: ""height""
size: 3
stride: 15, label: ""width""
size: 5
stride: 5]",0,1.0,0.02008350007236004,0.0709502249956131,0.33492109179496765,0.18185149133205414,0.0,-0.01863062009215355,0.0709017813205719,0.3371313810348511,-0.36401575803756714,2.0,0.05628581717610359,0.07080470770597458,0.3507006764411926,0.7064816355705261
1692309309.4939108,"[label: ""height""
size: 3
stride: 15, label: ""width""
size: 5
stride: 5]",0,1.0,0.02139461785554886,0.06966789811849594,0.33499982953071594,0.10328075289726257,0.0,-0.017679650336503983,0.07034619897603989,0.3404634892940521,-0.34221675992012024,2.0,0.05730503797531128,0.06921405345201492,0.34990596771240234,0.7067098021507263
1692309309.5904534,"[label: ""height""
size: 3
stride: 15, label: ""width""
size: 5
stride: 5]",0,1.0,0.022169165313243866,0.0705302432179451,0.3360564410686493,0.12685203552246094,0.0,-0.016573060303926468,0.07093553990125656,0.3406257927417755,-0.34385746717453003,2.0,0.058081675320863724,0.07015134394168854,0.3502727746963501,0.7136334180831909
1692309309.6923382,"[label: ""height""
size: 3
stride: 15, label: ""width""
size: 5
stride: 5]",0,1.0,0.02279553934931755,0.06866618990898132,0.3344549536705017,0.18142832815647125,0.0,-0.01586953178048134,0.06867050379514694,0.3370151221752167,-0.3719988763332367,2.0,0.05888943001627922,0.06837234646081924,0.3499574065208435,0.7123070955276489
1692309309.7909412,"[label: ""height""
size: 3
stride: 15, label: ""width""
size: 5
stride: 5]",0,1.0,0.024051019921898842,0.07043721526861191,0.3370561897754669,0.1534653902053833,0.0,-0.014702653512358665,0.07037480920553207,0.33866140246391296,-0.38147351145744324,2.0,0.060580700635910034,0.07030057162046432,0.35318028926849365,0.7023575901985168
1692309309.8909638,"[label: ""height""
size: 3
stride: 15, label: ""width""
size: 5
stride: 5]",0,0.0,-0.013256849721074104,0.0686286985874176,0.3368058502674103,-0.3994879126548767,1.0,0.025729414075613022,0.0691734328866005,0.337594598531723,0.13092462718486786,2.0,0.06145539879798889,0.06836069375276566,0.3498905301094055,0.706394612789154
1692309309.989657,"[label: ""height""
size: 3
stride: 15, label: ""width""
size: 5
stride: 5]",0,1.0,0.027343088760972023,0.07039374858140945,0.33682823181152344,0.1498580276966095,0.0,-0.011428885161876678,0.070902980864048,0.3404558002948761,-0.3774122893810272,2.0,0.0639721229672432,0.0703694149851799,0.35356059670448303,0.7042630314826965
1692309310.0907054,"[label: ""height""
size: 3
stride: 15, label: ""width""
size: 5
stride: 5]",0,1.0,0.030873432755470276,0.06975318491458893,0.3397365212440491,0.09915751218795776,0.0,-0.008456395007669926,0.06909918040037155,0.3383716642856598,-0.3842989206314087,2.0,0.06681602448225021,0.06916271895170212,0.3532941937446594,0.6982274651527405
1692309310.1896167,"[label: ""height""
size: 3
stride: 15, label: ""width""
size: 5
stride: 5]",0,0.0,-0.00527578080072999,0.07081036269664764,0.3399942219257355,-0.3583989441394806,1.0,0.033609580248594284,0.07066643983125687,0.33729666471481323,0.16265404224395752,2.0,0.06961843371391296,0.07023760676383972,0.3528369665145874,0.7132424712181091
1692309310.2912297,"[label: ""height""
size: 3
stride: 15, label: ""width""
size: 5
stride: 5]",0,1.0,0.036247048527002335,0.06998107582330704,0.3389805555343628,0.13251012563705444,0.0,-0.002618200145661831,0.06991341710090637,0.33823880553245544,-0.3564465045928955,2.0,0.07184857130050659,0.06928759813308716,0.3524475395679474,0.7292665839195251
1692309310.3886545,"[label: ""height""
size: 3
stride: 15, label: ""width""
size: 5
stride: 5]",0,0.0,-0.001634462852962315,0.07060199975967407,0.3389289975166321,-0.33260732889175415,1.0,0.037269797176122665,0.07059898227453232,0.336940199136734,0.12597930431365967,2.0,0.07301555573940277,0.06987705081701279,0.3525114357471466,0.7264720797538757
1692309310.4907153,"[label: ""height""
size: 3
stride: 15, label: ""width""
size: 5
stride: 5]",0,0.0,-0.0017850330332294106,0.07093825191259384,0.34063875675201416,-0.33993807435035706,1.0,0.03683443367481232,0.069846510887146,0.33489376306533813,0.20439854264259338,2.0,0.0725284218788147,0.06982884556055069,0.35224780440330505,0.7380664348602295
1692309310.5880513,"[label: ""height""
size: 3
stride: 15, label: ""width""
size: 5
stride: 5]",0,0.0,-0.0023418981581926346,0.07164942473173141,0.3433956205844879,-0.3180942237377167,1.0,0.036852944642305374,0.07108155637979507,0.3394399881362915,0.13220705091953278,2.0,0.07287494093179703,0.07059261202812195,0.3553727865219116,0.73263019323349
1692309310.6925251,"[label: ""height""
size: 3
stride: 15, label: ""width""
size: 5
stride: 5]",0,1.0,0.03600557893514633,0.07069520652294159,0.33362773060798645,0.1940135508775711,0.0,-0.0027430022601038218,0.07132135331630707,0.337847501039505,-0.3395346999168396,2.0,0.0719059556722641,0.07107356190681458,0.3527321219444275,0.7286605834960938
1692309310.7826045,"[label: ""height""
size: 3
stride: 15, label: ""width""
size: 5
stride: 5]",0,0.0,-0.0023418243508785963,0.07207781821489334,0.34075698256492615,-0.3373465836048126,1.0,0.03640168905258179,0.07071883231401443,0.33373817801475525,0.16299577057361603,2.0,0.07209574431180954,0.07082769274711609,0.3508293330669403,0.73075932264328
1692309310.885305,"[label: ""height""
size: 3
stride: 15, label: ""width""
size: 5
stride: 5]",0,1.0,0.038125816732645035,0.07218970358371735,0.33565959334373474,0.1698998361825943,0.0,-0.0008007254800759256,0.0728510394692421,0.3390522301197052,-0.3307678699493408,2.0,0.073993980884552,0.07229217886924744,0.35306426882743835,0.7432932257652283
1692309310.9893258,"[label: ""height""
size: 3
stride: 15, label: ""width""
size: 5
stride: 5]",0,1.0,0.039769116789102554,0.07273270934820175,0.33562126755714417,0.1674458086490631,0.0,0.0009990261169150472,0.07305543124675751,0.3373536467552185,-0.3281460106372833,2.0,0.07553637027740479,0.07282919436693192,0.35284608602523804,0.7499144673347473
1692309311.0909553,"[label: ""height""
size: 3
stride: 15, label: ""width""
size: 5
stride: 5]",0,0.0,0.003140490036457777,0.07397927343845367,0.3404959738254547,-0.279183030128479,1.0,0.04237186536192894,0.0728873610496521,0.33640092611312866,0.20631442964076996,2.0,0.07750044763088226,0.07290613651275635,0.3532523512840271,0.7546096444129944
1692309311.188663,"[label: ""height""
size: 3
stride: 15, label: ""width""
size: 5
stride: 5]",0,1.0,0.04286378622055054,0.07314585894346237,0.33491846919059753,0.19311849772930145,0.0,0.003856819588690996,0.07323799282312393,0.3345208168029785,-0.33486613631248474,2.0,0.07838531583547592,0.07350083440542221,0.3533318042755127,0.752461850643158
1692309311.290637,"[label: ""height""
size: 3
stride: 15, label: ""width""
size: 5
stride: 5]",0,0.0,0.0024729652795940638,0.07342177629470825,0.3336280882358551,-0.3428357243537903,1.0,0.04178382828831673,0.07372274249792099,0.33505502343177795,0.19385552406311035,2.0,0.07661988586187363,0.07319725304841995,0.35119378566741943,0.7685209512710571
1692309311.3879983,"[label: ""height""
size: 3
stride: 15, label: ""width""
size: 5
stride: 5]",0,0.0,0.0011207710485905409,0.07374344766139984,0.33431655168533325,-0.32848963141441345,1.0,0.04037129878997803,0.07342810928821564,0.3336234986782074,0.18605145812034607,2.0,0.07590451836585999,0.07406014204025269,0.3532315194606781,0.767986536026001
1692309311.491801,"[label: ""height""
size: 3
stride: 15, label: ""width""
size: 5
stride: 5]",0,0.0,-0.0009280907106585801,0.07351594418287277,0.33144620060920715,-0.3268972635269165,1.0,0.03852537274360657,0.07433050125837326,0.33533990383148193,0.19727438688278198,2.0,0.0731147900223732,0.07400009036064148,0.35092875361442566,0.777761697769165
1692309311.5887065,"[label: ""height""
size: 3
stride: 15, label: ""width""
size: 5
stride: 5]",0,0.0,-0.0018431120552122593,0.0746295154094696,0.3346007168292999,-0.26349934935569763,1.0,0.03709060698747635,0.07374175637960434,0.33205798268318176,0.23098856210708618,2.0,0.07247471064329147,0.07467734813690186,0.353427916765213,0.7756390571594238
1692309311.6950471,"[label: ""height""
size: 3
stride: 15, label: ""width""
size: 5
stride: 5]",0,0.0,-0.002127957995980978,0.07418752461671829,0.3315562605857849,-0.29611635208129883,1.0,0.03727861866354942,0.07453539222478867,0.33503323793411255,0.22718296945095062,2.0,0.07184019684791565,0.07476504892110825,0.35387948155403137,0.7861908674240112
1692309311.790403,"[label: ""height""
size: 3
stride: 15, label: ""width""
size: 5
stride: 5]",0,0.0,-0.002246600342914462,0.0737500786781311,0.3294636011123657,-0.2887921631336212,1.0,0.03694973140954971,0.07393546402454376,0.3330043852329254,0.2674776315689087,2.0,0.07158032059669495,0.07479702681303024,0.3540470600128174,0.8058114647865295
1692309311.8930507,"[label: ""height""
size: 3
stride: 15, label: ""width""
size: 5
stride: 5]",0,0.0,-0.003166043199598789,0.07429562509059906,0.3294755220413208,-0.2569199502468109,1.0,0.03577005863189697,0.07387657463550568,0.3309398591518402,0.2621561586856842,2.0,0.06947296112775803,0.07423299551010132,0.3507213294506073,0.8344941139221191
1692309311.9826977,"[label: ""height""
size: 3
stride: 15, label: ""width""
size: 5
stride: 5]",0,0.0,-0.004513449035584927,0.07497618347406387,0.32966411113739014,-0.2507981061935425,1.0,0.0345323383808136,0.07434560358524323,0.33057281374931335,0.2875567078590393,2.0,0.06835005432367325,0.07483400404453278,0.35085374116897583,0.836999237537384
1692309312.0863974,"[label: ""height""
size: 3
stride: 15, label: ""width""
size: 5
stride: 5]",0,0.0,-0.0067478567361831665,0.0752057284116745,0.3265243172645569,-0.25035911798477173,1.0,0.03239816799759865,0.07549566775560379,0.3308854103088379,0.29008981585502625,2.0,0.06572473794221878,0.07516725361347198,0.34910088777542114,0.844717264175415
1692309312.1837575,"[label: ""height""
size: 3
stride: 15, label: ""width""
size: 5
stride: 5]",0,0.0,-0.008841880597174168,0.07495822012424469,0.3241691589355469,-0.27048757672309875,1.0,0.03013056516647339,0.07501664012670517,0.3282391428947449,0.2968992590904236,2.0,0.064076267182827,0.0760178342461586,0.3510185480117798,0.8282190561294556
1692309312.2879,"[label: ""height""
size: 3
stride: 15, label: ""width""
size: 5
stride: 5]",0,0.0,-0.010073245503008366,0.0762142613530159,0.32743433117866516,-0.1966833770275116,1.0,0.02891060709953308,0.07548711448907852,0.3279101252555847,0.32104557752609253,2.0,0.06266791373491287,0.07605459541082382,0.3512062728404999,0.8502730131149292
1692309312.383619,"[label: ""height""
size: 3
stride: 15, label: ""width""
size: 5
stride: 5]",0,0.0,-0.009541656821966171,0.07538265734910965,0.32157161831855774,-0.24067389965057373,1.0,0.029451075941324234,0.07603580504655838,0.3279612362384796,0.31941431760787964,2.0,0.061531588435173035,0.07501813769340515,0.3432260751724243,0.880999743938446
1692309312.4923005,"[label: ""height""
size: 3
stride: 15, label: ""width""
size: 5
stride: 5]",0,0.0,-0.008533421903848648,0.07649331539869308,0.3246189057826996,-0.20353826880455017,1.0,0.030679350718855858,0.07612311094999313,0.328378289937973,0.2946515381336212,2.0,0.06351089477539062,0.07594245672225952,0.3487566113471985,0.8788198232650757
1692309312.589851,"[label: ""height""
size: 3
stride: 15, label: ""width""
size: 5
stride: 5]",0,0.0,-0.007108593825250864,0.07553861290216446,0.31990253925323486,-0.20918607711791992,1.0,0.03195080906152725,0.0761537030339241,0.32729870080947876,0.3366876244544983,2.0,0.06438399106264114,0.07608392089605331,0.34808599948883057,0.8871565461158752
1692309312.6907325,"[label: ""height""
size: 3
stride: 15, label: ""width""
size: 5
stride: 5]",0,0.0,-0.00658662524074316,0.07608728855848312,0.32001206278800964,-0.20913086831569672,1.0,0.03237217292189598,0.07677044719457626,0.3276630938053131,0.3141084909439087,2.0,0.0641622245311737,0.07591011375188828,0.34537044167518616,0.9084544777870178
1692309312.7844806,"[label: ""height""
size: 3
stride: 15, label: ""width""
size: 5
stride: 5]",0,0.0,-0.007108593825250864,0.07553861290216446,0.31990253925323486,-0.20918607711791992,1.0,0.03182344138622284,0.07538909465074539,0.32457220554351807,0.337842732667923,2.0,0.06466556340456009,0.07596201449632645,0.3488585352897644,0.894094705581665
1692309312.8878686,"[label: ""height""
size: 3
stride: 15, label: ""width""
size: 5
stride: 5]",0,0.0,-0.008114974945783615,0.0751117691397667,0.31711170077323914,-0.2384650856256485,1.0,0.030820656567811966,0.07581567019224167,0.3252612054347992,0.33194825053215027,2.0,0.06347449123859406,0.07581263780593872,0.34622037410736084,0.8906799554824829
1692309312.9861627,"[label: ""height""
size: 3
stride: 15, label: ""width""
size: 5
stride: 5]",0,0.0,-0.009304328821599483,0.07621917873620987,0.3201651871204376,-0.16414819657802582,1.0,0.029155181720852852,0.07454946637153625,0.31820937991142273,0.38129621744155884,2.0,0.06217300519347191,0.07589180022478104,0.3452780544757843,0.8956772685050964
1692309313.0861259,"[label: ""height""
size: 3
stride: 15, label: ""width""
size: 5
stride: 5]",0,0.0,-0.0105515755712986,0.07533029466867447,0.3173288106918335,-0.1954164057970047,1.0,0.028388699516654015,0.07536981999874115,0.323285847902298,0.33529409766197205,2.0,0.06065789610147476,0.075374536216259,0.3455267548561096,0.9082720875740051
1692309313.183377,"[label: ""height""
size: 3
stride: 15, label: ""width""
size: 5
stride: 5]",0,0.0,-0.011892737820744514,0.07577266544103622,0.314988374710083,-0.19120514392852783,1.0,0.026607709005475044,0.07546263933181763,0.32045963406562805,0.3928951323032379,2.0,0.058529146015644073,0.07593630254268646,0.3455020785331726,0.9225871562957764
1692309313.2924554,"[label: ""height""
size: 3
stride: 15, label: ""width""
size: 5
stride: 5]",0,0.0,-0.012586072087287903,0.0747288167476654,0.3142368793487549,-0.13608843088150024,1.0,0.025919629260897636,0.07428865879774094,0.31988266110420227,0.413553386926651,2.0,0.057666465640068054,0.07549244910478592,0.3480171859264374,0.9311420917510986
1692309313.3906844,"[label: ""height""
size: 3
stride: 15, label: ""width""
size: 5
stride: 5]",0,0.0,-0.014522738754749298,0.07590577006340027,0.3167385160923004,-0.15810583531856537,1.0,0.02418922632932663,0.07512771338224411,0.3213486671447754,0.40985289216041565,2.0,0.05515294522047043,0.0754103884100914,0.345711886882782,0.96651691198349
1692309313.494617,"[label: ""height""
size: 3
stride: 15, label: ""width""
size: 5
stride: 5]",0,0.0,-0.016713861376047134,0.07456605136394501,0.312263548374176,-0.11774583160877228,1.0,0.021562485024333,0.07377061992883682,0.3171057403087616,0.44186949729919434,2.0,0.05269720032811165,0.07477250695228577,0.34535378217697144,0.9644864797592163
1692309313.593518,"[label: ""height""
size: 3
stride: 15, label: ""width""
size: 5
stride: 5]",0,0.0,-0.019271263852715492,0.07426293194293976,0.31242695450782776,-0.10740453749895096,1.0,0.019147388637065887,0.07375040650367737,0.3181762099266052,0.4243369996547699,2.0,0.05016982555389404,0.07429778575897217,0.3444671928882599,0.9637055993080139
1692309313.6938474,"[label: ""height""
size: 3
stride: 15, label: ""width""
size: 5
stride: 5]",0,0.0,-0.02261972986161709,0.07488186657428741,0.31135669350624084,-0.0760921761393547,1.0,0.015797382220625877,0.07331795245409012,0.3134072422981262,0.43172937631607056,2.0,0.0466747060418129,0.07458817213773727,0.34257006645202637,0.9655665755271912
1692309313.7930024,"[label: ""height""
size: 3
stride: 15, label: ""width""
size: 5
stride: 5]",0,0.0,-0.025615466758608818,0.07351420074701309,0.3066997230052948,-0.1440015435218811,1.0,0.012472309172153473,0.07318931072950363,0.3135998547077179,0.4415701627731323,2.0,0.043054260313510895,0.07347468286752701,0.33939507603645325,0.970537006855011
1692309313.896796,"[label: ""height""
size: 3
stride: 15, label: ""width""
size: 5
stride: 5]",0,0.0,-0.029807861894369125,0.07392828166484833,0.3089372217655182,-0.09970491379499435,1.0,0.008743810467422009,0.07292573153972626,0.3135131597518921,0.4343110918998718,2.0,0.03917393460869789,0.07349152863025665,0.33948150277137756,0.9809693098068237
1692309313.9909575,"[label: ""height""
size: 3
stride: 15, label: ""width""
size: 5
stride: 5]",0,0.0,-0.03342331945896149,0.0737617164850235,0.30865198373794556,-0.07633332908153534,1.0,0.005137787666171789,0.07285503298044205,0.3136347234249115,0.41120609641075134,2.0,0.035669270902872086,0.07286906242370605,0.33914709091186523,0.9821479320526123
1692309314.0922163,"[label: ""height""
size: 3
stride: 15, label: ""width""
size: 5
stride: 5]",0,0.0,-0.03601916879415512,0.07285738736391068,0.30601197481155396,-0.07341714203357697,1.0,0.002569085219874978,0.07177552580833435,0.3101620674133301,0.44262200593948364,2.0,0.03284483402967453,0.071714848279953,0.3356914222240448,0.9771217107772827
1692309314.1901968,"[label: ""height""
size: 3
stride: 15, label: ""width""
size: 5
stride: 5]",0,0.0,-0.037733227014541626,0.07244964689016342,0.30338263511657715,-0.107976995408535,1.0,0.0005401771632023156,0.07233941555023193,0.31041958928108215,0.44736507534980774,2.0,0.031092064455151558,0.07233075797557831,0.3360225558280945,0.9726498126983643
1692309314.2922995,"[label: ""height""
size: 3
stride: 15, label: ""width""
size: 5
stride: 5]",0,0.0,-0.03936852514743805,0.0715702623128891,0.30166009068489075,-0.10300160944461823,1.0,-0.0012237909249961376,0.07100655138492584,0.3073329031467438,0.4384315609931946,2.0,0.02929290570318699,0.07154418528079987,0.33429616689682007,0.9796427488327026
1692309314.3914783,"[label: ""height""
size: 3
stride: 15, label: ""width""
size: 5
stride: 5]",0,0.0,-0.04054001718759537,0.07196971029043198,0.30119478702545166,-0.10118905454874039,1.0,-0.0022455581929534674,0.07178472727537155,0.30862662196159363,0.436572790145874,2.0,0.02847941406071186,0.07209350168704987,0.3342991769313812,0.9640858769416809
1692309314.4929857,"[label: ""height""
size: 3
stride: 15, label: ""width""
size: 5
stride: 5]",0,0.0,-0.04230672866106033,0.07152990251779556,0.30147653818130493,-0.10138599574565887,1.0,-0.0039731464348733425,0.07047446817159653,0.3056126832962036,0.42713862657546997,2.0,0.026688754558563232,0.07036212831735611,0.330640971660614,0.9661714434623718
1692309314.5928206,"[label: ""height""
size: 3
stride: 15, label: ""width""
size: 5
stride: 5]",0,0.0,-0.04412463679909706,0.07184991985559464,0.3029153645038605,-0.10532534867525101,1.0,-0.005258670076727867,0.07122092694044113,0.3071204423904419,0.418405145406723,2.0,0.02554241195321083,0.07136965543031693,0.33154764771461487,0.9586876630783081
1692309314.6914256,"[label: ""height""
size: 3
stride: 15, label: ""width""
size: 5
stride: 5]",0,0.0,-0.04659847915172577,0.07220203429460526,0.30154091119766235,-0.06097567826509476,1.0,-0.007982776500284672,0.07107070088386536,0.30605781078338623,0.43742048740386963,2.0,0.022909628227353096,0.0709143877029419,0.33068981766700745,0.9590758681297302
1692309314.7933238,"[label: ""height""
size: 3
stride: 15, label: ""width""
size: 5
stride: 5]",0,0.0,-0.04870575666427612,0.07086259871721268,0.2991268038749695,-0.08979494869709015,1.0,-0.010505372658371925,0.07072770595550537,0.306047648191452,0.4116373360157013,2.0,0.020419588312506676,0.07119455933570862,0.3319891393184662,0.9540246725082397
1692309314.8908148,"[label: ""height""
size: 3
stride: 15, label: ""width""
size: 5
stride: 5]",0,0.0,-0.051548656076192856,0.07193668931722641,0.2984965443611145,-0.10095658898353577,1.0,-0.013101741671562195,0.07099530845880508,0.30303874611854553,0.44475314021110535,2.0,0.017535971477627754,0.0707295686006546,0.32613012194633484,0.9643634557723999
1692309314.990926,"[label: ""height""
size: 3
stride: 15, label: ""width""
size: 5
stride: 5]",0,0.0,-0.0534408800303936,0.07097291201353073,0.2981494665145874,-0.09838984906673431,1.0,-0.014632790349423885,0.06975509226322174,0.3014381229877472,0.44378000497817993,2.0,0.016199126839637756,0.07064803689718246,0.3288183808326721,0.9541440606117249
1692309315.0941932,"[label: ""height""
size: 3
stride: 15, label: ""width""
size: 5
stride: 5]",0,0.0,-0.05605008080601692,0.07227595895528793,0.29635459184646606,-0.11584766209125519,1.0,-0.01743587665259838,0.07159794867038727,0.300828218460083,0.4400986135005951,2.0,0.013011638075113297,0.07183808088302612,0.3263222575187683,0.959404706954956
1692309315.1897044,"[label: ""height""
size: 3
stride: 15, label: ""width""
size: 5
stride: 5]",0,0.0,-0.057804450392723083,0.0719158798456192,0.29799506068229675,-0.09533816576004028,1.0,-0.01905876211822033,0.07064945250749588,0.3009912967681885,0.42443788051605225,2.0,0.011618788354098797,0.0705307126045227,0.32462748885154724,0.9661493301391602
1692309315.3985915,"[label: ""height""
size: 3
stride: 15, label: ""width""
size: 5
stride: 5]",0,0.0,-0.058790821582078934,0.0723942220211029,0.2954460084438324,-0.12342144548892975,1.0,-0.02033514343202114,0.07226758450269699,0.3016257882118225,0.425733745098114,2.0,0.01075485534965992,0.0724436342716217,0.32666945457458496,0.9563696384429932
1692309315.4020696,"[label: ""height""
size: 3
stride: 15, label: ""width""
size: 5
stride: 5]",0,0.0,-0.059943459928035736,0.0717788115143776,0.2944558262825012,-0.14602626860141754,1.0,-0.021128321066498756,0.07041407376527786,0.29583606123924255,0.44185617566108704,2.0,0.00947325024753809,0.07111841440200806,0.32365259528160095,0.9568002820014954
1692309315.494569,"[label: ""height""
size: 3
stride: 15, label: ""width""
size: 5
stride: 5]",0,0.0,-0.06133986636996269,0.07270857691764832,0.2961250841617584,-0.11188486963510513,1.0,-0.022739864885807037,0.07203651964664459,0.30057165026664734,0.40120983123779297,2.0,0.008481617085635662,0.07236012816429138,0.32625600695610046,0.9364488124847412
1692309315.589961,"[label: ""height""
size: 3
stride: 15, label: ""width""
size: 5
stride: 5]",0,0.0,-0.06310135126113892,0.07257827371358871,0.29625412821769714,-0.14960533380508423,1.0,-0.024221651256084442,0.0711410865187645,0.297987163066864,0.4343877136707306,2.0,0.006792302243411541,0.07107671350240707,0.32169052958488464,0.9508512616157532
1692309315.6943564,"[label: ""height""
size: 3
stride: 15, label: ""width""
size: 5
stride: 5]",0,0.0,-0.06405998766422272,0.07256636023521423,0.29620161652565,-0.14876332879066467,1.0,-0.02564484439790249,0.07218966633081436,0.3012653589248657,0.3844238221645355,2.0,0.005815341603010893,0.07234195619821548,0.32616373896598816,0.9260442852973938
1692309315.7904377,"[label: ""height""
size: 3
stride: 15, label: ""width""
size: 5
stride: 5]",0,0.0,-0.06538200378417969,0.07216660678386688,0.29444706439971924,-0.16113896667957306,1.0,-0.02692825347185135,0.07160413265228271,0.29933732748031616,0.407247930765152,2.0,0.004451231099665165,0.07163603603839874,0.32358622550964355,0.9354628920555115
1692309315.8938017,"[label: ""height""
size: 3
stride: 15, label: ""width""
size: 5
stride: 5]",0,0.0,-0.06644546985626221,0.07204106450080872,0.29602548480033875,-0.14711886644363403,1.0,-0.027626074850559235,0.07142411172389984,0.30004850029945374,0.384778767824173,2.0,0.004083947278559208,0.0718342512845993,0.32629838585853577,0.9215713143348694
1692309315.9904842,"[label: ""height""
size: 3
stride: 15, label: ""width""
size: 5
stride: 5]",0,0.0,-0.06741371005773544,0.07252578437328339,0.29602286219596863,-0.1458691954612732,1.0,-0.02848575823009014,0.07105448842048645,0.2975841760635376,0.39015814661979675,2.0,0.002852868754416704,0.0710369125008583,0.3214884102344513,0.9266562461853027
1692309316.0925188,"[label: ""height""
size: 3
stride: 15, label: ""width""
size: 5
stride: 5]",0,0.0,-0.06788228452205658,0.07202427834272385,0.2959510087966919,-0.14588294923305511,1.0,-0.029259108006954193,0.07146601378917694,0.3002256155014038,0.36234748363494873,2.0,0.002601394895464182,0.07105954736471176,0.32335659861564636,0.9229322075843811
1692309316.189693,"[label: ""height""
size: 3
stride: 15, label: ""width""
size: 5
stride: 5]",0,0.0,-0.06881918013095856,0.07269130647182465,0.29675209522247314,-0.17294025421142578,1.0,-0.029796261340379715,0.07131369411945343,0.2987672984600067,0.42790260910987854,2.0,0.0018005786696448922,0.07104333490133286,0.3215206563472748,0.9298280477523804
1692309316.2932673,"[label: ""height""
size: 3
stride: 15, label: ""width""
size: 5
stride: 5]",0,0.0,-0.0688197910785675,0.07205238938331604,0.2946091294288635,-0.18701359629631042,1.0,-0.030302906408905983,0.07108152657747269,0.2977166771888733,0.42084622383117676,2.0,0.0015419607516378164,0.071011483669281,0.3213605284690857,0.912267804145813
1692309316.3938959,"[label: ""height""
size: 3
stride: 15, label: ""width""
size: 5
stride: 5]",0,0.0,-0.06944772601127625,0.07210611552000046,0.2952422797679901,-0.1841747760772705,1.0,-0.030949952080845833,0.07112303376197815,0.2978955805301666,0.39732494950294495,2.0,0.000888005190063268,0.07162769138813019,0.3235374987125397,0.8992091417312622
1692309316.4920764,"[label: ""height""
size: 3
stride: 15, label: ""width""
size: 5
stride: 5]",0,0.0,-0.07032909244298935,0.07350483536720276,0.29745975136756897,-0.18020887672901154,1.0,-0.03132108226418495,0.07226986438035965,0.2989903390407562,0.38363805413246155,2.0,0.0007573039620183408,0.07207926362752914,0.3214251697063446,0.8954816460609436
1692309316.5899525,"[label: ""height""
size: 3
stride: 15, label: ""width""
size: 5
stride: 5]",0,0.0,-0.07065784931182861,0.0733574852347374,0.299358606338501,-0.1860315501689911,1.0,-0.03134254738688469,0.07163970917463303,0.2988058924674988,0.3350454270839691,2.0,0.0007573469774797559,0.07152976095676422,0.3213154375553131,0.895778238773346
1692309316.6938188,"[label: ""height""
size: 3
stride: 15, label: ""width""
size: 5
stride: 5]",0,0.0,-0.07040292024612427,0.07392705231904984,0.2971876263618469,-0.1987595111131668,1.0,-0.03202373906970024,0.07379475235939026,0.30287376046180725,0.3396763205528259,2.0,0.0006269398727454245,0.07325101643800735,0.3236866295337677,0.8801947236061096
1692309316.7918122,"[label: ""height""
size: 3
stride: 15, label: ""width""
size: 5
stride: 5]",0,0.0,-0.06996002048254013,0.07325927913188934,0.29892292618751526,-0.20525731146335602,1.0,-0.03126610070466995,0.07213843613862991,0.30059847235679626,0.36227044463157654,2.0,0.0015514073893427849,0.07209212332963943,0.3232155740261078,0.8882465362548828
1692309316.8923178,"[label: ""height""
size: 3
stride: 15, label: ""width""
size: 5
stride: 5]",0,0.0,-0.06941010057926178,0.07478739321231842,0.30023014545440674,-0.21230080723762512,1.0,-0.030296023935079575,0.07354914397001266,0.300728976726532,0.36059412360191345,2.0,0.0022070666309446096,0.07321269810199738,0.3218022584915161,0.8803710341453552
1692309316.992888,"[label: ""height""
size: 3
stride: 15, label: ""width""
size: 5
stride: 5]",0,0.0,-0.06823983043432236,0.07407037913799286,0.30325058102607727,-0.21117202937602997,1.0,-0.028926312923431396,0.07302184402942657,0.30389559268951416,0.31003329157829285,2.0,0.004208843689411879,0.07256431132555008,0.3241424262523651,0.8580923676490784
1692309317.0938027,"[label: ""height""
size: 3
stride: 15, label: ""width""
size: 5
stride: 5]",0,0.0,-0.06658044457435608,0.07514423877000809,0.3036090135574341,-0.21277670562267303,1.0,-0.02728927694261074,0.0740245133638382,0.30392730236053467,0.3354440927505493,2.0,0.005939839407801628,0.07374580204486847,0.3247103691101074,0.861175537109375
1692309317.1906493,"[label: ""height""
size: 3
stride: 15, label: ""width""
size: 5
stride: 5]",0,0.0,-0.06367253512144089,0.0743243619799614,0.30328866839408875,-0.23607949912548065,1.0,-0.02474084496498108,0.07351630181074142,0.30418089032173157,0.2822454273700714,2.0,0.008920000866055489,0.07385828346014023,0.3269416093826294,0.8270456790924072
1692309317.2935104,"[label: ""height""
size: 3
stride: 15, label: ""width""
size: 5
stride: 5]",0,0.0,-0.062321778386831284,0.07481696456670761,0.305817186832428,-0.23659786581993103,1.0,-0.0235014446079731,0.07380805909633636,0.30593955516815186,0.29201361536979675,2.0,0.010445840656757355,0.07311984151601791,0.32425379753112793,0.8290241956710815
1692309317.390267,"[label: ""height""
size: 3
stride: 15, label: ""width""
size: 5
stride: 5]",0,0.0,-0.06059255078434944,0.07471673935651779,0.3065105080604553,-0.2538493573665619,1.0,-0.02179691009223461,0.07431642711162567,0.3080965280532837,0.27028682827949524,2.0,0.012733777984976768,0.07442700862884521,0.32881709933280945,0.8106551170349121
1692309317.4924474,"[label: ""height""
size: 3
stride: 15, label: ""width""
size: 5
stride: 5]",0,0.0,-0.0591902881860733,0.07397094368934631,0.30693575739860535,-0.2837664783000946,1.0,-0.020398816093802452,0.07316374033689499,0.3074243664741516,0.2309272140264511,2.0,0.013980119489133358,0.07266414165496826,0.3263399600982666,0.7933964729309082
1692309317.5899744,"[label: ""height""
size: 3
stride: 15, label: ""width""
size: 5
stride: 5]",0,0.0,-0.05732527747750282,0.07479836791753769,0.3083673417568207,-0.2945428490638733,1.0,-0.01850580982863903,0.0737147256731987,0.30695435404777527,0.20386645197868347,2.0,0.015999363735318184,0.07303397357463837,0.323834091424942,0.793542742729187
1692309317.687709,"[label: ""height""
size: 3
stride: 15, label: ""width""
size: 5
stride: 5]",0,0.0,-0.055692292749881744,0.0729859322309494,0.3070288896560669,-0.29006779193878174,1.0,-0.0170720387250185,0.07224495708942413,0.3068109154701233,0.2527267634868622,2.0,0.01770573854446411,0.0720803365111351,0.32609832286834717,0.7831674218177795
1692309317.7832026,"[label: ""height""
size: 3
stride: 15, label: ""width""
size: 5
stride: 5]",0,0.0,-0.05460898205637932,0.07368575036525726,0.3079083263874054,-0.3169226050376892,1.0,-0.01606132835149765,0.07337252050638199,0.30884894728660583,0.23983134329319,2.0,0.01877664029598236,0.07262901961803436,0.32616594433784485,0.7798792719841003
1692309317.886421,"[label: ""height""
size: 3
stride: 15, label: ""width""
size: 5
stride: 5]",0,0.0,-0.05392364412546158,0.07284696400165558,0.3091267943382263,-0.29932650923728943,1.0,-0.015214044600725174,0.07211694866418839,0.3089049160480499,0.20165662467479706,2.0,0.019829608500003815,0.07150907069444656,0.32591578364372253,0.7774982452392578
1692309317.9861052,"[label: ""height""
size: 3
stride: 15, label: ""width""
size: 5
stride: 5]",0,0.0,-0.05371669679880142,0.07222266495227814,0.3085862994194031,-0.31728893518447876,1.0,-0.015221758745610714,0.07179129868745804,0.3089548945426941,0.1944405883550644,2.0,0.020076166838407516,0.07090539485216141,0.325565904378891,0.7571048140525818
1692309318.087076,"[label: ""height""
size: 3
stride: 15, label: ""width""
size: 5
stride: 5]",0,0.0,-0.05305740237236023,0.07111013680696487,0.30766308307647705,-0.32172268629074097,1.0,-0.014697117730975151,0.07106410712003708,0.3087168335914612,0.20335984230041504,2.0,0.020441465079784393,0.06964356452226639,0.3227948248386383,0.7628588676452637
1692309318.1918414,"[label: ""height""
size: 3
stride: 15, label: ""width""
size: 5
stride: 5]",0,0.0,-0.053668539971113205,0.07171709090471268,0.3113362491130829,-0.29987001419067383,1.0,-0.01492239162325859,0.07060491293668747,0.3080950379371643,0.19681815803050995,2.0,0.020503897219896317,0.0696723535656929,0.3260320723056793,0.7429299354553223
1692309318.296012,"[label: ""height""
size: 3
stride: 15, label: ""width""
size: 5
stride: 5]",0,0.0,-0.05298193171620369,0.07086799293756485,0.3109612762928009,-0.3202972412109375,1.0,-0.014180890284478664,0.0700126588344574,0.30852919816970825,0.20499752461910248,2.0,0.021120192483067513,0.06923674792051315,0.3252201974391937,0.7550047636032104
1692309318.3898911,"[label: ""height""
size: 3
stride: 15, label: ""width""
size: 5
stride: 5]",0,0.0,-0.052604980766773224,0.07127217948436737,0.3116510808467865,-0.3452863395214081,1.0,-0.01389355305582285,0.06987489759922028,0.3078060448169708,0.2044195681810379,2.0,0.021561970934271812,0.0691106840968132,0.32589176297187805,0.740260660648346
1692309318.4906707,"[label: ""height""
size: 3
stride: 15, label: ""width""
size: 5
stride: 5]",0,0.0,-0.050937458872795105,0.07065176218748093,0.3140174448490143,-0.3376786410808563,1.0,-0.011831982992589474,0.06963103264570236,0.30994898080825806,0.2069050669670105,2.0,0.023701217025518417,0.06914643943309784,0.32790815830230713,0.7186265587806702
1692309318.5913687,"[label: ""height""
size: 3
stride: 15, label: ""width""
size: 5
stride: 5]",0,0.0,-0.04900031536817551,0.0716497153043747,0.3138790726661682,-0.3575272262096405,1.0,-0.010359594598412514,0.06996265798807144,0.30864182114601135,0.10669949650764465,2.0,0.025250781327486038,0.06925543397665024,0.3253130316734314,0.7324652075767517
1692309318.6860874,"[label: ""height""
size: 3
stride: 15, label: ""width""
size: 5
stride: 5]",0,0.0,-0.04641620069742203,0.0703306794166565,0.31543660163879395,-0.3860384225845337,1.0,-0.007681095041334629,0.06963464617729187,0.312825471162796,0.10943902283906937,2.0,0.028506245464086533,0.0685553103685379,0.3276265263557434,0.7059559226036072
1692309318.7887456,"[label: ""height""
size: 3
stride: 15, label: ""width""
size: 5
stride: 5]",0,0.0,-0.04339496046304703,0.07155967503786087,0.31510066986083984,-0.3772330582141876,1.0,-0.004558808170258999,0.07053621113300323,0.3113745152950287,0.13726554811000824,2.0,0.03129293769598007,0.06964731961488724,0.325897753238678,0.7022857666015625
1692309318.8912408,"[label: ""height""
size: 3
stride: 15, label: ""width""
size: 5
stride: 5]",0,0.0,-0.04027094691991806,0.07040738314390182,0.31580692529678345,-0.3984813988208771,1.0,-0.0015672926092520356,0.06972311437129974,0.31277352571487427,0.07250460982322693,2.0,0.0349235013127327,0.06906396895647049,0.32747700810432434,0.6887850165367126
1692309318.9918437,"[label: ""height""
size: 3
stride: 15, label: ""width""
size: 5
stride: 5]",0,0.0,-0.03789108619093895,0.0719854012131691,0.31758660078048706,-0.39436137676239014,1.0,0.00048241959302686155,0.07072323560714722,0.3126536011695862,0.0723753497004509,2.0,0.037243638187646866,0.07021733373403549,0.32787808775901794,0.6707894802093506
1692309319.0900013,"[label: ""height""
size: 3
stride: 15, label: ""width""
size: 5
stride: 5]",0,0.0,-0.03513579070568085,0.07163333892822266,0.3183887302875519,-0.42594102025032043,1.0,0.0034965157974511385,0.0703672394156456,0.3122044801712036,0.14833974838256836,2.0,0.04016080126166344,0.0695112943649292,0.3264993131160736,0.6554444432258606
1692309319.1883614,"[label: ""height""
size: 3
stride: 15, label: ""width""
size: 5
stride: 5]",0,1.0,0.006460442673414946,0.07070909440517426,0.31505975127220154,0.11501171439886093,0.0,-0.03211423009634018,0.07123171538114548,0.31945717334747314,-0.4301500618457794,2.0,0.042981576174497604,0.06933306902647018,0.32558178901672363,0.6505796909332275
1692309319.284773,"[label: ""height""
size: 3
stride: 15, label: ""width""
size: 5
stride: 5]",0,0.0,-0.028922826051712036,0.07171883434057236,0.31879690289497375,-0.4395577311515808,1.0,0.009183075278997421,0.07097360491752625,0.3130813539028168,0.050319332629442215,2.0,0.04612104594707489,0.06997424364089966,0.32612714171409607,0.6516553163528442
1692309319.3885057,"[label: ""height""
size: 3
stride: 15, label: ""width""
size: 5
stride: 5]",0,1.0,0.012767495587468147,0.0693962424993515,0.3128970265388489,0.051364392042160034,0.0,-0.025449858978390694,0.07070412486791611,0.32117360830307007,-0.43796736001968384,2.0,0.05050341412425041,0.06931895017623901,0.32867059111595154,0.6113834381103516
1692309319.4895883,"[label: ""height""
size: 3
stride: 15, label: ""width""
size: 5
stride: 5]",0,1.0,0.0158417746424675,0.07104312628507614,0.31384265422821045,-0.0003420071443542838,0.0,-0.02254641428589821,0.07237526029348373,0.3228469789028168,-0.4509471356868744,2.0,0.053355008363723755,0.07068957388401031,0.3288418650627136,0.6160114407539368
1692309319.583681,"[label: ""height""
size: 3
stride: 15, label: ""width""
size: 5
stride: 5]",0,1.0,0.018383797258138657,0.06965066492557526,0.31408950686454773,-0.04331051930785179,0.0,-0.019466588273644447,0.07023090869188309,0.3196854591369629,-0.47627007961273193,2.0,0.056076809763908386,0.06885100156068802,0.32584431767463684,0.6164531111717224
1692309319.6925962,"[label: ""height""
size: 3
stride: 15, label: ""width""
size: 5
stride: 5]",0,1.0,0.020469876006245613,0.0710436999797821,0.31384530663490295,-0.0004137679061386734,0.0,-0.01770908385515213,0.07243046909570694,0.32361698150634766,-0.47632989287376404,2.0,0.05794895067811012,0.07035840302705765,0.32665401697158813,0.5991821885108948
1692309319.7890072,"[label: ""height""
size: 3
stride: 15, label: ""width""
size: 5
stride: 5]",0,1.0,0.022306498140096664,0.0702083632349968,0.31563612818717957,0.0428769625723362,0.0,-0.0158135574311018,0.07100149989128113,0.3226199150085449,-0.4860590696334839,2.0,0.05982660874724388,0.06926242262125015,0.3252125084400177,0.5982306599617004
1692309319.8925905,"[label: ""height""
size: 3
stride: 15, label: ""width""
size: 5
stride: 5]",0,1.0,0.022981176152825356,0.07109856605529785,0.31570008397102356,0.06914413720369339,0.0,-0.015295233577489853,0.07210392504930496,0.3228367865085602,-0.4862959384918213,2.0,0.060371119529008865,0.0698089748620987,0.32528045773506165,0.5967523455619812
1692309319.9904084,"[label: ""height""
size: 3
stride: 15, label: ""width""
size: 5
stride: 5]",0,1.0,0.024080879986286163,0.0704038217663765,0.3140268623828888,-0.0014328781981021166,0.0,-0.014034738764166832,0.07094807922840118,0.3211345076560974,-0.48678144812583923,2.0,0.06164858490228653,0.06977903842926025,0.3264288604259491,0.590867817401886
1692309320.092644,"[label: ""height""
size: 3
stride: 15, label: ""width""
size: 5
stride: 5]",0,1.0,0.02401583082973957,0.07067856937646866,0.31286370754241943,0.02241077832877636,0.0,-0.013715936802327633,0.07212789356708527,0.3229517638683319,-0.4901360273361206,2.0,0.06195641681551933,0.06979704648256302,0.3252194821834564,0.5930861234664917
1692309320.1842957,"[label: ""height""
size: 3
stride: 15, label: ""width""
size: 5
stride: 5]",0,1.0,0.025625210255384445,0.07040382921695709,0.3140280246734619,-0.0007417727611027658,0.0,-0.012216664850711823,0.07135140150785446,0.3217618465423584,-0.4853730797767639,2.0,0.06303153187036514,0.06950020790100098,0.3232072591781616,0.5848519206047058
1692309320.2863743,"[label: ""height""
size: 3
stride: 15, label: ""width""
size: 5
stride: 5]",0,1.0,0.026640884578227997,0.07053060084581375,0.3138497769832611,-0.0005037477822043002,0.0,-0.011292697861790657,0.07127702981233597,0.3214167356491089,-0.5047662258148193,2.0,0.06458594650030136,0.06964687258005142,0.32575204968452454,0.5750672221183777
1692309320.3846128,"[label: ""height""
size: 3
stride: 15, label: ""width""
size: 5
stride: 5]",0,1.0,0.02845894731581211,0.07009012997150421,0.31300392746925354,-0.0347360260784626,0.0,-0.00949458871036768,0.07109469920396805,0.32307448983192444,-0.5016471743583679,2.0,0.06670181453227997,0.06963121145963669,0.3256717622280121,0.5703321695327759
1692309320.4843602,"[label: ""height""
size: 3
stride: 15, label: ""width""
size: 5
stride: 5]",0,1.0,0.03023541532456875,0.07048485428094864,0.31320804357528687,-0.071891188621521,0.0,-0.0073860809206962585,0.07167520374059677,0.32332202792167664,-0.5064151287078857,2.0,0.06876111775636673,0.07022643089294434,0.32597899436950684,0.5539196729660034
1692309320.58528,"[label: ""height""
size: 3
stride: 15, label: ""width""
size: 5
stride: 5]",0,1.0,0.03289476037025452,0.07054954767227173,0.31515446305274963,-0.054451022297143936,0.0,-0.005018388386815786,0.07153565436601639,0.3244185745716095,-0.5082994699478149,2.0,0.07071913778781891,0.06924529373645782,0.32330194115638733,0.5677980184555054
1692309320.686143,"[label: ""height""
size: 3
stride: 15, label: ""width""
size: 5
stride: 5]",0,1.0,0.03489917889237404,0.07126210629940033,0.31439897418022156,-0.029953084886074066,0.0,-0.003018449991941452,0.07213134318590164,0.32348722219467163,-0.5059264302253723,2.0,0.07354436069726944,0.07086305320262909,0.32649263739585876,0.5525136590003967
1692309320.784342,"[label: ""height""
size: 3
stride: 15, label: ""width""
size: 5
stride: 5]",0,1.0,0.03566668927669525,0.06963084638118744,0.31325840950012207,-0.035769153386354446,0.0,-0.002100191079080105,0.07065512984991074,0.32351699471473694,-0.5211432576179504,2.0,0.07353201508522034,0.06839027255773544,0.32112663984298706,0.5559850931167603
1692309320.8871515,"[label: ""height""
size: 3
stride: 15, label: ""width""
size: 5
stride: 5]",0,1.0,0.03473074734210968,0.07032336294651031,0.31119489669799805,-0.09981666505336761,0.0,-0.0023827594704926014,0.07198486477136612,0.3253291845321655,-0.5419841408729553,2.0,0.07365230470895767,0.06996041536331177,0.3228503465652466,0.5290203094482422
1692309320.984815,"[label: ""height""
size: 3
stride: 15, label: ""width""
size: 5
stride: 5]",0,1.0,0.03412136062979698,0.06961990147829056,0.3132062554359436,-0.03564254194498062,0.0,-0.0034508577082306147,0.070954330265522,0.32602620124816895,-0.5372664332389832,2.0,0.07235842198133469,0.06840600818395615,0.3212045729160309,0.5267064571380615
1692309321.0859907,"[label: ""height""
size: 3
stride: 15, label: ""width""
size: 5
stride: 5]",0,1.0,0.03258248418569565,0.07030433416366577,0.3135627210140228,-0.07141430675983429,0.0,-0.0045109461061656475,0.07121479511260986,0.3241915702819824,-0.5688393115997314,2.0,0.07120369374752045,0.06937915831804276,0.3207954168319702,0.48632439970970154
1692309321.189731,"[label: ""height""
size: 3
stride: 15, label: ""width""
size: 5
stride: 5]",0,1.0,0.031640905886888504,0.06822708249092102,0.31091606616973877,-0.10209955275058746,0.0,-0.0050532217137515545,0.06938245892524719,0.32435351610183716,-0.5944758653640747,2.0,0.07147618383169174,0.0682067722082138,0.32329681515693665,0.4535418450832367
1692309321.2988017,"[label: ""height""
size: 3
stride: 15, label: ""width""
size: 5
stride: 5]",0,1.0,0.03164146840572357,0.06873608380556107,0.3109152317047119,-0.10144171863794327,0.0,-0.004832067992538214,0.07074981927871704,0.32766711711883545,-0.6075038313865662,2.0,0.07072129845619202,0.06801090389490128,0.31867074966430664,0.447555273771286
1692309321.3913424,"[label: ""height""
size: 3
stride: 15, label: ""width""
size: 5
stride: 5]",0,1.0,0.032718997448682785,0.06733159720897675,0.30978089570999146,-0.17766276001930237,0.0,-0.0037714496720582247,0.06960539519786835,0.32916590571403503,-0.6042675971984863,2.0,0.0722375139594078,0.06692489981651306,0.3184558153152466,0.4450153410434723
1692309321.492529,"[label: ""height""
size: 3
stride: 15, label: ""width""
size: 5
stride: 5]",0,1.0,0.03501560166478157,0.06741871684789658,0.30702343583106995,-0.10355395823717117,0.0,-0.0008096342789940536,0.07050582766532898,0.32959678769111633,-0.609909176826477,2.0,0.07523319870233536,0.0679481029510498,0.3201448619365692,0.4315789043903351
1692309321.5911627,"[label: ""height""
size: 3
stride: 15, label: ""width""
size: 5
stride: 5]",0,1.0,0.036871228367090225,0.06775950640439987,0.30945461988449097,-0.17327181994915009,0.0,0.0007704292656853795,0.0687364861369133,0.32379651069641113,-0.6400205492973328,2.0,0.07633023709058762,0.06728226691484451,0.3176057040691376,0.4275008738040924
1692309321.6979768,"[label: ""height""
size: 3
stride: 15, label: ""width""
size: 5
stride: 5]",0,1.0,0.037604108452796936,0.06863841414451599,0.3092653453350067,-0.17935539782047272,0.0,0.0016165646957233548,0.07079476863145828,0.32971999049186707,-0.6178697347640991,2.0,0.07743556052446365,0.06795927882194519,0.3184051513671875,0.434317022562027
1692309321.7933662,"[label: ""height""
size: 3
stride: 15, label: ""width""
size: 5
stride: 5]",0,1.0,0.03750920668244362,0.06835751235485077,0.3086475431919098,-0.19806717336177826,0.0,0.0018837255192920566,0.07090266048908234,0.3302616477012634,-0.6424363851547241,2.0,0.07658819109201431,0.06723931431770325,0.31383585929870605,0.4288451373577118
1692309321.894492,"[label: ""height""
size: 3
stride: 15, label: ""width""
size: 5
stride: 5]",0,1.0,0.03657270222902298,0.06860513985157013,0.3091064691543579,-0.17851093411445618,0.0,0.0009321423713117838,0.07080356776714325,0.3297741115093231,-0.6539563536643982,2.0,0.07672063261270523,0.06833958625793457,0.31768471002578735,0.39041516184806824
1692309321.992466,"[label: ""height""
size: 3
stride: 15, label: ""width""
size: 5
stride: 5]",0,1.0,0.03619813174009323,0.06954705715179443,0.3111400008201599,-0.15679170191287994,0.0,0.0006517887813970447,0.07087036222219467,0.3288189768791199,-0.6823832392692566,2.0,0.07588428258895874,0.06880638748407364,0.31692472100257874,0.3817785382270813
1692309322.0942461,"[label: ""height""
size: 3
stride: 15, label: ""width""
size: 5
stride: 5]",0,1.0,0.03691736236214638,0.06863390654325485,0.30972838401794434,-0.16179004311561584,0.0,0.0018786906730383635,0.0706392303109169,0.330898642539978,-0.6919493079185486,2.0,0.07733725011348724,0.06871393322944641,0.31821221113204956,0.33638545870780945
1692309322.1921945,"[label: ""height""
size: 3
stride: 15, label: ""width""
size: 5
stride: 5]",0,1.0,0.038114603608846664,0.06931155920028687,0.30884137749671936,-0.2534830868244171,2.0,0.07914765179157257,0.06974819302558899,0.31816408038139343,0.3327661454677582,0.0,0.003345886943861842,0.07100294530391693,0.3294829726219177,-0.7123896479606628
1692309322.2878745,"[label: ""height""
size: 3
stride: 15, label: ""width""
size: 5
stride: 5]",0,1.0,0.04069041833281517,0.06871803849935532,0.3108328580856323,-0.21395891904830933,2.0,0.08080531656742096,0.06799417734146118,0.31544235348701477,0.34049442410469055,0.0,0.005644981283694506,0.06999249756336212,0.32982152700424194,-0.706239640712738
1692309322.3845913,"[label: ""height""
size: 3
stride: 15, label: ""width""
size: 5
stride: 5]",0,1.0,0.04200705513358116,0.06899645924568176,0.3085927367210388,-0.24743317067623138,2.0,0.0823698490858078,0.06904090195894241,0.31550565361976624,0.3374066650867462,0.0,0.007508115377277136,0.07087305188179016,0.32884764671325684,-0.7154005169868469
1692309322.4936488,"[label: ""height""
size: 3
stride: 15, label: ""width""
size: 5
stride: 5]",0,1.0,0.04284881427884102,0.06739748269319534,0.30646222829818726,-0.24110323190689087,0.0,0.008330886252224445,0.0696321502327919,0.3294091522693634,-0.7174474000930786,2.0,0.08372140675783157,0.06799852102994919,0.3167359232902527,0.33028388023376465
1692309322.5929227,"[label: ""height""
size: 3
stride: 15, label: ""width""
size: 5
stride: 5]",0,1.0,0.04354060813784599,0.06852852553129196,0.3075273931026459,-0.2025839239358902,2.0,0.08404294401407242,0.06897954642772675,0.316447377204895,0.34353479743003845,0.0,0.008974588476121426,0.07131487131118774,0.3328692317008972,-0.705256998538971
1692309322.6943648,"[label: ""height""
size: 3
stride: 15, label: ""width""
size: 5
stride: 5]",0,1.0,0.04308440163731575,0.06795447319746017,0.3104095160961151,-0.1770731508731842,0.0,0.007957915775477886,0.06985863298177719,0.330471932888031,-0.6978418231010437,2.0,0.0829838290810585,0.06792407482862473,0.31635576486587524,0.3458133637905121
1692309322.7921643,"[label: ""height""
size: 3
stride: 15, label: ""width""
size: 5
stride: 5]",0,1.0,0.04245854169130325,0.0683923065662384,0.3097953200340271,-0.21329660713672638,2.0,0.08282698690891266,0.06851665675640106,0.3172245919704437,0.35623282194137573,0.0,0.007601319812238216,0.07064202427864075,0.3322226107120514,-0.6788413524627686
1692309322.89386,"[label: ""height""
size: 3
stride: 15, label: ""width""
size: 5
stride: 5]",0,1.0,0.04165779799222946,0.06722468137741089,0.3092447519302368,-0.17469578981399536,2.0,0.08178675174713135,0.066949762403965,0.3166826367378235,0.37168052792549133,0.0,0.006588982418179512,0.06889106333255768,0.3297141492366791,-0.6977682709693909
1692309322.993622,"[label: ""height""
size: 3
stride: 15, label: ""width""
size: 5
stride: 5]",0,1.0,0.04196980595588684,0.06825733929872513,0.309892863035202,-0.20656123757362366,2.0,0.08189366012811661,0.06848359853029251,0.3165665864944458,0.3842999041080475,0.0,0.0069341412745416164,0.07071750611066818,0.33259642124176025,-0.6628417372703552
1692309323.0941222,"[label: ""height""
size: 3
stride: 15, label: ""width""
size: 5
stride: 5]",0,1.0,0.042076557874679565,0.06715624779462814,0.30898112058639526,-0.2285332977771759,0.0,0.006941780913621187,0.06883550435304642,0.327543705701828,-0.6949142813682556,2.0,0.08219130337238312,0.06711318343877792,0.31623587012290955,0.37462377548217773
1692309323.1919873,"[label: ""height""
size: 3
stride: 15, label: ""width""
size: 5
stride: 5]",0,1.0,0.044102463871240616,0.06812749058008194,0.31046971678733826,-0.18617860972881317,2.0,0.08415066450834274,0.06801177561283112,0.3168064057826996,0.36711210012435913,0.0,0.008686952292919159,0.07009021937847137,0.33218497037887573,-0.6823849678039551
1692309323.2952785,"[label: ""height""
size: 3
stride: 15, label: ""width""
size: 5
stride: 5]",0,1.0,0.044903334230184555,0.06696586310863495,0.306801974773407,-0.24500837922096252,2.0,0.08592303097248077,0.06765147298574448,0.31762784719467163,0.3603304922580719,0.0,0.009990637190639973,0.06860767304897308,0.3263853192329407,-0.6722455024719238
1692309323.3930326,"[label: ""height""
size: 3
stride: 15, label: ""width""
size: 5
stride: 5]",0,1.0,0.04775059595704079,0.06723111867904663,0.3110649287700653,-0.19047224521636963,2.0,0.08864366263151169,0.06757374107837677,0.3190169930458069,0.351168692111969,0.0,0.012155165895819664,0.06878043711185455,0.33048388361930847,-0.673332691192627
1692309323.4965043,"[label: ""height""
size: 3
stride: 15, label: ""width""
size: 5
stride: 5]",0,1.0,0.049562130123376846,0.06714536994695663,0.3076730966567993,-0.25106382369995117,2.0,0.09005234390497208,0.06735622882843018,0.3161078095436096,0.37070655822753906,0.0,0.014479550532996655,0.06930896639823914,0.33098044991493225,-0.6672561764717102
1692309323.5919845,"[label: ""height""
size: 3
stride: 15, label: ""width""
size: 5
stride: 5]",0,1.0,0.05124036595225334,0.06596679240465164,0.3085728883743286,-0.23586055636405945,2.0,0.09236366301774979,0.0664767399430275,0.3174252510070801,0.35019853711128235,0.0,0.016200490295886993,0.06726300716400146,0.32773566246032715,-0.6865050792694092
1692309323.6916175,"[label: ""height""
size: 3
stride: 15, label: ""width""
size: 5
stride: 5]",0,1.0,0.0524236336350441,0.06656350940465927,0.3073160946369171,-0.22534415125846863,2.0,0.09252328425645828,0.0666784942150116,0.31351011991500854,0.3648376166820526,0.0,0.01764564774930477,0.06822967529296875,0.3271842300891876,-0.6804000735282898
1692309323.7926073,"[label: ""height""
size: 3
stride: 15, label: ""width""
size: 5
stride: 5]",0,1.0,0.05299682542681694,0.06536790728569031,0.30760955810546875,-0.20581631362438202,2.0,0.09404932707548141,0.06579934805631638,0.3160913288593292,0.3515649437904358,0.0,0.018265653401613235,0.06706163287162781,0.3286091387271881,-0.6760179996490479
1692309323.8940377,"[label: ""height""
size: 3
stride: 15, label: ""width""
size: 5
stride: 5]",0,1.0,0.053674086928367615,0.0666411742568016,0.30938684940338135,-0.21751390397548676,2.0,0.09353825449943542,0.0666712075471878,0.3134727478027344,0.36315715312957764,0.0,0.018430789932608604,0.0679703876376152,0.32917794585227966,-0.688862144947052
1692309323.9911027,"[label: ""height""
size: 3
stride: 15, label: ""width""
size: 5
stride: 5]",0,1.0,0.05225308984518051,0.06474874913692474,0.305247038602829,-0.1640363186597824,2.0,0.09270361810922623,0.06517526507377625,0.313711941242218,0.35225826501846313,0.0,0.017538323998451233,0.06671997904777527,0.32770073413848877,-0.690650999546051
1692309324.094256,"[label: ""height""
size: 3
stride: 15, label: ""width""
size: 5
stride: 5]",0,1.0,0.05074217543005943,0.06622488796710968,0.3063981533050537,-0.24295322597026825,2.0,0.0913572832942009,0.06668449938297272,0.31354019045829773,0.3313411772251129,0.0,0.016392121091485023,0.06803224235773087,0.3289520740509033,-0.7192630767822266
1692309324.1913283,"[label: ""height""
size: 3
stride: 15, label: ""width""
size: 5
stride: 5]",0,1.0,0.047752995043992996,0.06633125990629196,0.30739307403564453,-0.2519778311252594,2.0,0.08752444386482239,0.06625744700431824,0.310869038105011,0.32344865798950195,0.0,0.013378515839576721,0.06753527373075485,0.3278093636035919,-0.7390772104263306
1692309324.2933671,"[label: ""height""
size: 3
stride: 15, label: ""width""
size: 5
stride: 5]",0,1.0,0.046384572982788086,0.06637240201234818,0.30806660652160645,-0.21080230176448822,2.0,0.08771032094955444,0.06712579727172852,0.31621605157852173,0.2999509871006012,0.0,0.012167302891612053,0.06795120984315872,0.3310197591781616,-0.7233550548553467
1692309324.392233,"[label: ""height""
size: 3
stride: 15, label: ""width""
size: 5
stride: 5]",0,1.0,0.04412964731454849,0.06568589061498642,0.3066891133785248,-0.24807515740394592,2.0,0.08480040729045868,0.06634744256734848,0.31260910630226135,0.30765730142593384,0.0,0.010486925020813942,0.06815087795257568,0.3334447741508484,-0.7443568706512451
1692309324.4936922,"[label: ""height""
size: 3
stride: 15, label: ""width""
size: 5
stride: 5]",0,1.0,0.04259340837597847,0.06585938483476639,0.30757370591163635,-0.2775222957134247,2.0,0.08343587070703506,0.06694043427705765,0.3147739768028259,0.28568559885025024,0.0,0.008972594514489174,0.06806757301092148,0.3330097496509552,-0.7527757287025452
1692309324.5937984,"[label: ""height""
size: 3
stride: 15, label: ""width""
size: 5
stride: 5]",0,1.0,0.041561681777238846,0.06582152843475342,0.30738550424575806,-0.27575695514678955,2.0,0.08269546926021576,0.06706399470567703,0.31589850783348083,0.2826755940914154,0.0,0.0076713841408491135,0.067605160176754,0.3301032781600952,-0.7484416961669922
1692309324.69385,"[label: ""height""
size: 3
stride: 15, label: ""width""
size: 5
stride: 5]",0,1.0,0.04148790240287781,0.06733857095241547,0.3111030161380768,-0.21548758447170258,2.0,0.08133550733327866,0.06719622761011124,0.3135294020175934,0.32389596104621887,0.0,0.006782952230423689,0.06877227872610092,0.3324541449546814,-0.7254199385643005
1692309324.7943037,"[label: ""height""
size: 3
stride: 15, label: ""width""
size: 5
stride: 5]",0,1.0,0.04053787887096405,0.06606456637382507,0.30608344078063965,-0.24171952903270721,2.0,0.08091812580823898,0.06657152622938156,0.3129616379737854,0.3007773756980896,0.0,0.006603092420846224,0.06798455864191055,0.3306269645690918,-0.7420474290847778
1692309324.891058,"[label: ""height""
size: 3
stride: 15, label: ""width""
size: 5
stride: 5]",0,1.0,0.04158971458673477,0.06721267849206924,0.3075816333293915,-0.2732618451118469,2.0,0.08236677199602127,0.06771419197320938,0.31355002522468567,0.3219679892063141,0.0,0.007538272999227047,0.0689733698964119,0.33014294505119324,-0.7347078323364258
1692309324.9874575,"[label: ""height""
size: 3
stride: 15, label: ""width""
size: 5
stride: 5]",0,1.0,0.043912988156080246,0.06699959933757782,0.3094610869884491,-0.23246996104717255,2.0,0.08421480655670166,0.06717928498983383,0.31472745537757874,0.3136843144893646,0.0,0.009157984517514706,0.0684296041727066,0.33012881875038147,-0.7398220300674438
1692309325.0892508,"[label: ""height""
size: 3
stride: 15, label: ""width""
size: 5
stride: 5]",0,1.0,0.04583432525396347,0.06774259358644485,0.30889537930488586,-0.25451111793518066,2.0,0.08651743829250336,0.06830068677663803,0.3151842951774597,0.29481232166290283,0.0,0.011309190653264523,0.06918372958898544,0.3298819065093994,-0.7485501170158386
1692309325.1855013,"[label: ""height""
size: 3
stride: 15, label: ""width""
size: 5
stride: 5]",0,1.0,0.047730326652526855,0.06652320176362991,0.30588632822036743,-0.292375773191452,2.0,0.08928022533655167,0.0677332654595375,0.31491929292678833,0.29106074571609497,0.0,0.013891598209738731,0.06872062385082245,0.3302775025367737,-0.7437013983726501
1692309325.2876596,"[label: ""height""
size: 3
stride: 15, label: ""width""
size: 5
stride: 5]",0,1.0,0.050784915685653687,0.06690336763858795,0.30528321862220764,-0.2661263048648834,2.0,0.0916808694601059,0.0675124004483223,0.31205302476882935,0.3113425672054291,0.0,0.016825353726744652,0.06847019493579865,0.3271060883998871,-0.7525413632392883
1692309325.393947,"[label: ""height""
size: 3
stride: 15, label: ""width""
size: 5
stride: 5]",0,1.0,0.05236046016216278,0.06684078276157379,0.3057106137275696,-0.2636062502861023,2.0,0.09352494031190872,0.06762727349996567,0.3131119906902313,0.3047720193862915,0.0,0.018700838088989258,0.06915337592363358,0.33162713050842285,-0.741571307182312
1692309325.4936068,"[label: ""height""
size: 3
stride: 15, label: ""width""
size: 5
stride: 5]",0,1.0,0.053753145039081573,0.06715645641088486,0.3065441846847534,-0.27171313762664795,2.0,0.09420530498027802,0.06749330461025238,0.3119567036628723,0.3075731098651886,0.0,0.01987123116850853,0.06910605728626251,0.3308185040950775,-0.7348844408988953
1692309325.5938523,"[label: ""height""
size: 3
stride: 15, label: ""width""
size: 5
stride: 5]",0,1.0,0.05337171256542206,0.06692370027303696,0.3071228861808777,-0.25245654582977295,2.0,0.09527603536844254,0.06828612089157104,0.31683963537216187,0.2976938784122467,0.0,0.019291993230581284,0.06870575994253159,0.3301970064640045,-0.7369208931922913
1692309325.692698,"[label: ""height""
size: 3
stride: 15, label: ""width""
size: 5
stride: 5]",0,1.0,0.05398928374052048,0.06713138520717621,0.30763107538223267,-0.22562912106513977,2.0,0.09516976773738861,0.06804121285676956,0.3156055212020874,0.3030323088169098,0.0,0.019842078909277916,0.06931865960359573,0.3324613571166992,-0.7172531485557556
1692309325.7911823,"[label: ""height""
size: 3
stride: 15, label: ""width""
size: 5
stride: 5]",0,1.0,0.053745537996292114,0.06664712727069855,0.3065078556537628,-0.27297574281692505,2.0,0.09464907646179199,0.06717079132795334,0.3133959472179413,0.32587796449661255,0.0,0.019639963284134865,0.06793846935033798,0.32711777091026306,-0.7258949279785156
1692309325.8869822,"[label: ""height""
size: 3
stride: 15, label: ""width""
size: 5
stride: 5]",0,1.0,0.054265957325696945,0.0666690319776535,0.3066146969795227,-0.27373307943344116,2.0,0.09457283467054367,0.06704600900411606,0.3122837245464325,0.32990118861198425,0.0,0.020082656294107437,0.06863590329885483,0.3298317492008209,-0.7163081765174866
1692309325.9848351,"[label: ""height""
size: 3
stride: 15, label: ""width""
size: 5
stride: 5]",0,1.0,0.05424802750349045,0.06680934876203537,0.3043520450592041,-0.2605726718902588,2.0,0.09509716928005219,0.06756674498319626,0.3123282492160797,0.3288438320159912,0.0,0.0199968870729208,0.0683334693312645,0.3263990879058838,-0.7174461483955383
1692309326.0883393,"[label: ""height""
size: 3
stride: 15, label: ""width""
size: 5
stride: 5]",0,1.0,0.05488847196102142,0.06660053879022598,0.3050365746021271,-0.24333542585372925,2.0,0.09571598470211029,0.0676213949918747,0.31308308243751526,0.3374520540237427,0.0,0.02074485644698143,0.06887155026197433,0.3296138048171997,-0.7053586840629578
1692309326.188265,"[label: ""height""
size: 3
stride: 15, label: ""width""
size: 5
stride: 5]",0,1.0,0.0552113875746727,0.06777191907167435,0.3053944706916809,-0.2336409091949463,2.0,0.09639105200767517,0.06883738934993744,0.3140232563018799,0.3447232246398926,0.0,0.021113064140081406,0.07024303078651428,0.33107733726501465,-0.7002450823783875
1692309326.2883563,"[label: ""height""
size: 3
stride: 15, label: ""width""
size: 5
stride: 5]",0,1.0,0.05465321987867355,0.0668669193983078,0.30512353777885437,-0.2436189502477646,2.0,0.09648846089839935,0.06821061670780182,0.3164607286453247,0.3462333679199219,0.0,0.020555080845952034,0.0691094845533371,0.3308268189430237,-0.6996294856071472
1692309326.386191,"[label: ""height""
size: 3
stride: 15, label: ""width""
size: 5
stride: 5]",0,1.0,0.05371228978037834,0.06800118088722229,0.30527400970458984,-0.20992189645767212,2.0,0.09426247328519821,0.0686112716794014,0.312909334897995,0.35256412625312805,0.0,0.019098341464996338,0.06951124221086502,0.3269340395927429,-0.6994593143463135
1692309326.4883125,"[label: ""height""
size: 3
stride: 15, label: ""width""
size: 5
stride: 5]",0,1.0,0.05238886550068855,0.06718609482049942,0.3071540296077728,-0.23336903750896454,2.0,0.09341511875391006,0.06823353469371796,0.31657645106315613,0.3510993421077728,0.0,0.017367292195558548,0.0684538260102272,0.32699787616729736,-0.6811125874519348
1692309326.5847094,"[label: ""height""
size: 3
stride: 15, label: ""width""
size: 5
stride: 5]",0,1.0,0.051524028182029724,0.06871446222066879,0.30867353081703186,-0.21869266033172607,2.0,0.09168272465467453,0.0689496099948883,0.31458237767219543,0.3742143511772156,0.0,0.016386497765779495,0.07012941688299179,0.328643798828125,-0.6698294878005981
1692309326.6877043,"[label: ""height""
size: 3
stride: 15, label: ""width""
size: 5
stride: 5]",0,1.0,0.050102025270462036,0.06736131757497787,0.3046035170555115,-0.20841164886951447,2.0,0.09054731577634811,0.06827337294816971,0.31377723813056946,0.36743688583374023,0.0,0.015415037982165813,0.06948362290859222,0.32810091972351074,-0.6817973256111145
1692309326.7852392,"[label: ""height""
size: 3
stride: 15, label: ""width""
size: 5
stride: 5]",0,1.0,0.0505824089050293,0.06893215328454971,0.3089735507965088,-0.19873778522014618,2.0,0.09164480119943619,0.07008470594882965,0.3185066282749176,0.3717736303806305,0.0,0.015237553976476192,0.07009778171777725,0.3271804749965668,-0.6733108162879944
1692309326.888176,"[label: ""height""
size: 3
stride: 15, label: ""width""
size: 5
stride: 5]",0,1.0,0.04954200237989426,0.06889476627111435,0.30879586935043335,-0.19810384511947632,2.0,0.08971767872571945,0.06910636276006699,0.3158344328403473,0.37381234765052795,0.0,0.013784689828753471,0.06970497220754623,0.3246946632862091,-0.6780008673667908
1692309326.9875803,"[label: ""height""
size: 3
stride: 15, label: ""width""
size: 5
stride: 5]",0,1.0,0.04869997873902321,0.06857467442750931,0.3073008358478546,-0.16917091608047485,2.0,0.08985869586467743,0.07011178880929947,0.3186432719230652,0.37486615777015686,0.0,0.0131880734115839,0.06988636404275894,0.3261288106441498,-0.6586048007011414
1692309327.0864763,"[label: ""height""
size: 3
stride: 15, label: ""width""
size: 5
stride: 5]",0,1.0,0.04682958871126175,0.0685441717505455,0.30668753385543823,-0.1827896386384964,2.0,0.08742745965719223,0.06958311051130295,0.3168734014034271,0.39623501896858215,0.0,0.011443092487752438,0.07096437364816666,0.3292621076107025,-0.6374080181121826
1692309327.184346,"[label: ""height""
size: 3
stride: 15, label: ""width""
size: 5
stride: 5]",0,1.0,0.045971740037202835,0.06889831274747849,0.3083389103412628,-0.15700119733810425,2.0,0.08593351393938065,0.06952646374702454,0.3165966868400574,0.4116945266723633,0.0,0.010077139362692833,0.06997835636138916,0.3247595429420471,-0.6418774127960205
1692309327.2868474,"[label: ""height""
size: 3
stride: 15, label: ""width""
size: 5
stride: 5]",0,1.0,0.04445895552635193,0.06903405487537384,0.30824515223503113,-0.14152640104293823,2.0,0.08476445078849792,0.06954387575387955,0.31850025057792664,0.44378918409347534,0.0,0.008420797064900398,0.07086224108934402,0.3269314467906952,-0.6118602752685547
1692309327.3846,"[label: ""height""
size: 3
stride: 15, label: ""width""
size: 5
stride: 5]",0,1.0,0.044178057461977005,0.07012154906988144,0.3105992376804352,-0.12524506449699402,2.0,0.08271154761314392,0.06939832121133804,0.3160516619682312,0.4869407117366791,0.0,0.007235642056912184,0.07063640654087067,0.3222564458847046,-0.603187620639801
1692309327.4922967,"[label: ""height""
size: 3
stride: 15, label: ""width""
size: 5
stride: 5]",0,1.0,0.04376370832324028,0.06889092922210693,0.30946969985961914,-0.1254657655954361,0.0,0.006775995716452599,0.06993436068296432,0.32444241642951965,-0.5609304904937744,2.0,0.08274786919355392,0.0689067468047142,0.3191981017589569,0.4983583390712738
1692309327.5970652,"[label: ""height""
size: 3
stride: 15, label: ""width""
size: 5
stride: 5]",0,1.0,0.04447564855217934,0.07057797163724899,0.31149864196777344,-0.08264344930648804,0.0,0.007020592223852873,0.07137034833431244,0.3231566548347473,-0.5369048118591309,2.0,0.08269254118204117,0.06988712400197983,0.318960964679718,0.5213719606399536
1692309327.6948843,"[label: ""height""
size: 3
stride: 15, label: ""width""
size: 5
stride: 5]",0,1.0,0.045754916965961456,0.06966937333345413,0.31126490235328674,-0.04676858335733414,0.0,0.00778726814314723,0.07028932124376297,0.32179346680641174,-0.5188892483711243,2.0,0.08458525687456131,0.06998056173324585,0.32423582673072815,0.5437532663345337
1692309327.793756,"[label: ""height""
size: 3
stride: 15, label: ""width""
size: 5
stride: 5]",0,1.0,0.047925952821969986,0.07168800383806229,0.3151188790798187,-0.24395611882209778,0.0,0.009976976551115513,0.07166477292776108,0.32031378149986267,-0.517194926738739,2.0,0.08623432368040085,0.07113555073738098,0.32294419407844543,0.5539559721946716
1692309327.8927011,"[label: ""height""
size: 3
stride: 15, label: ""width""
size: 5
stride: 5]",0,1.0,0.05110865458846092,0.07024351507425308,0.3111829161643982,-0.032478105276823044,0.0,0.012838281691074371,0.07045638561248779,0.3195415437221527,-0.4992452561855316,2.0,0.08951393514871597,0.07042315602302551,0.3237963020801544,0.574089765548706
1692309327.9950707,"[label: ""height""
size: 3
stride: 15, label: ""width""
size: 5
stride: 5]",0,1.0,0.054599862545728683,0.07214276492595673,0.3129018545150757,-0.026709381490945816,0.0,0.016096757724881172,0.0718073695898056,0.31681519746780396,-0.4932509660720825,2.0,0.0923723578453064,0.07189145684242249,0.3245326578617096,0.5868077874183655
1692309328.09695,"[label: ""height""
size: 3
stride: 15, label: ""width""
size: 5
stride: 5]",0,1.0,0.05807212367653847,0.07112423330545425,0.31214016675949097,-0.0034739100374281406,0.0,0.019495802000164986,0.07133567333221436,0.3187413215637207,-0.4387591779232025,2.0,0.09640315175056458,0.07139866799116135,0.32649871706962585,0.5929492115974426
1692309328.1950753,"[label: ""height""
size: 3
stride: 15, label: ""width""
size: 5
stride: 5]",0,1.0,0.060111016035079956,0.0725458562374115,0.3112097680568695,0.04364620894193649,0.0,0.02137465961277485,0.07316779345273972,0.31756216287612915,-0.4337337911128998,2.0,0.09840106219053268,0.0730912834405899,0.3269214630126953,0.6067366600036621
1692309328.2973795,"[label: ""height""
size: 3
stride: 15, label: ""width""
size: 5
stride: 5]",0,1.0,0.06194848567247391,0.07141782343387604,0.31067994236946106,0.07474338263273239,0.0,0.023152830079197884,0.07113072276115417,0.3139053285121918,-0.46639561653137207,2.0,0.0978592112660408,0.07065999507904053,0.32071030139923096,0.6545141339302063
1692309328.3958013,"[label: ""height""
size: 3
stride: 15, label: ""width""
size: 5
stride: 5]",0,1.0,0.062267057597637177,0.073328398168087,0.31289809942245483,0.08152657747268677,0.0,0.02328917570412159,0.07350945472717285,0.3170206546783447,-0.4241788983345032,2.0,0.09958526492118835,0.07316722720861435,0.32729580998420715,0.6403576135635376
1692309328.4971058,"[label: ""height""
size: 3
stride: 15, label: ""width""
size: 5
stride: 5]",0,1.0,0.06022137403488159,0.07176218926906586,0.308761864900589,0.12249446660280228,0.0,0.021963026374578476,0.07290299981832504,0.3165976405143738,-0.42081373929977417,2.0,0.09748941659927368,0.07210648059844971,0.3261008560657501,0.6738599538803101
1692309328.5944064,"[label: ""height""
size: 3
stride: 15, label: ""width""
size: 5
stride: 5]",0,1.0,0.05844748392701149,0.07324347645044327,0.3136434555053711,0.09754280000925064,0.0,0.019366910681128502,0.07355227321386337,0.31811732053756714,-0.3808039128780365,2.0,0.09627918154001236,0.07397255301475525,0.3320954740047455,0.6674932837486267
1692309328.6977315,"[label: ""height""
size: 3
stride: 15, label: ""width""
size: 5
stride: 5]",0,1.0,0.054594602435827255,0.07214497774839401,0.3105197250843048,0.13392731547355652,0.0,0.015944648534059525,0.0734834149479866,0.3172958493232727,-0.3695787191390991,2.0,0.0918833389878273,0.0728742778301239,0.3289853632450104,0.6825376749038696
1692309328.7926521,"[label: ""height""
size: 3
stride: 15, label: ""width""
size: 5
stride: 5]",0,1.0,0.05221118777990341,0.07198753207921982,0.3121945858001709,0.14586851000785828,0.0,0.013185007497668266,0.0718284398317337,0.31401365995407104,-0.39251577854156494,2.0,0.0889822244644165,0.0722784772515297,0.32871106266975403,0.6985704898834229
1692309328.899992,"[label: ""height""
size: 3
stride: 15, label: ""width""
size: 5
stride: 5]",0,1.0,0.04884814843535423,0.07176758348941803,0.31116342544555664,0.13897529244422913,0.0,0.010211070068180561,0.07279578596353531,0.3165206015110016,-0.35729357600212097,2.0,0.08596368879079819,0.07239598780870438,0.3310883939266205,0.6924275159835815
1692309328.9933844,"[label: ""height""
size: 3
stride: 15, label: ""width""
size: 5
stride: 5]",0,0.0,0.006990733090788126,0.0723315104842186,0.31629499793052673,-0.32358065247535706,1.0,0.045401301234960556,0.07120863348245621,0.3101486265659332,0.15248142182826996,2.0,0.08201868832111359,0.07176443189382553,0.32883724570274353,0.714579164981842
1692309329.0978162,"[label: ""height""
size: 3
stride: 15, label: ""width""
size: 5
stride: 5]",0,0.0,0.0034109691623598337,0.07110811769962311,0.31256103515625,-0.3694366216659546,1.0,0.042377207428216934,0.0711713582277298,0.31236279010772705,0.13226164877414703,2.0,0.07882772386074066,0.07149652391672134,0.33070650696754456,0.7105630040168762
1692309329.1915176,"[label: ""height""
size: 3
stride: 15, label: ""width""
size: 5
stride: 5]",0,0.0,0.00037309020990505815,0.07208402454853058,0.3151334524154663,-0.334899365901947,1.0,0.03912225365638733,0.07125378400087357,0.31158357858657837,0.17699593305587769,2.0,0.07524054497480392,0.07129918783903122,0.3292088806629181,0.7209962606430054
1692309329.297651,"[label: ""height""
size: 3
stride: 15, label: ""width""
size: 5
stride: 5]",0,0.0,-0.0023473959881812334,0.07087919116020203,0.3151024580001831,-0.34835731983184814,1.0,0.03658142685890198,0.07024671137332916,0.3116517663002014,0.1811300814151764,2.0,0.07252256572246552,0.07019811868667603,0.32909998297691345,0.727779746055603
1692309329.3918805,"[label: ""height""
size: 3
stride: 15, label: ""width""
size: 5
stride: 5]",0,0.0,-0.00440657464787364,0.07137473672628403,0.3150026500225067,-0.3429875373840332,1.0,0.03425488620996475,0.07053541392087936,0.31137698888778687,0.18409539759159088,2.0,0.07008324563503265,0.07031514495611191,0.3283855617046356,0.7257320880889893
1692309329.4929523,"[label: ""height""
size: 3
stride: 15, label: ""width""
size: 5
stride: 5]",0,0.0,-0.005179626867175102,0.07032547891139984,0.3149425983428955,-0.34342649579048157,1.0,0.03374239802360535,0.06901822984218597,0.3098251223564148,0.22787776589393616,2.0,0.06905925273895264,0.0691613107919693,0.3279878795146942,0.7382380366325378
1692309329.596903,"[label: ""height""
size: 3
stride: 15, label: ""width""
size: 5
stride: 5]",0,0.0,-0.004996970295906067,0.07064764201641083,0.31491944193840027,-0.2770270109176636,1.0,0.034183911979198456,0.06970802694559097,0.3127862513065338,0.22083169221878052,2.0,0.06963788717985153,0.06987225264310837,0.3320941925048828,0.7666589617729187
1692309329.7003913,"[label: ""height""
size: 3
stride: 15, label: ""width""
size: 5
stride: 5]",0,0.0,-0.003956370055675507,0.06926912069320679,0.3118279278278351,-0.305789589881897,1.0,0.0352477952837944,0.06908714771270752,0.3117983937263489,0.24671317636966705,2.0,0.07006844133138657,0.06922724097967148,0.3315647542476654,0.7846131324768066
1692309329.7995617,"[label: ""height""
size: 3
stride: 15, label: ""width""
size: 5
stride: 5]",0,0.0,-0.003451984142884612,0.0693739652633667,0.3140527009963989,-0.2882024347782135,1.0,0.03553729131817818,0.06854861229658127,0.3121086359024048,0.24419277906417847,2.0,0.07014709711074829,0.06835292279720306,0.331306517124176,0.7945767641067505
1692309329.9001822,"[label: ""height""
size: 3
stride: 15, label: ""width""
size: 5
stride: 5]",0,0.0,-0.003152760211378336,0.0689878761768341,0.31046953797340393,-0.27476415038108826,1.0,0.035758912563323975,0.06828828155994415,0.3104492723941803,0.27942395210266113,2.0,0.07036501169204712,0.06897764652967453,0.3336612582206726,0.8084631562232971
1692309329.9930687,"[label: ""height""
size: 3
stride: 15, label: ""width""
size: 5
stride: 5]",0,0.0,-0.0038652922958135605,0.06771513819694519,0.31045374274253845,-0.21667194366455078,1.0,0.035206183791160583,0.0670623928308487,0.3110947608947754,0.2911360561847687,2.0,0.06906673312187195,0.0672798752784729,0.33335617184638977,0.8388213515281677
1692309330.0995297,"[label: ""height""
size: 3
stride: 15, label: ""width""
size: 5
stride: 5]",0,0.0,-0.004870988894253969,0.06868583709001541,0.3085337281227112,-0.23467785120010376,1.0,0.03397905081510544,0.06816665828227997,0.31152644753456116,0.2925280034542084,2.0,0.06786658614873886,0.06896287202835083,0.33693546056747437,0.85479736328125
1692309330.1934464,"[label: ""height""
size: 3
stride: 15, label: ""width""
size: 5
stride: 5]",0,0.0,-0.006574906874448061,0.06735286861658096,0.30818864703178406,-0.1705210953950882,1.0,0.03200269863009453,0.06626544892787933,0.30924808979034424,0.34913548827171326,2.0,0.06507173180580139,0.06699182093143463,0.3353429138660431,0.8821876645088196
1692309330.2984564,"[label: ""height""
size: 3
stride: 15, label: ""width""
size: 5
stride: 5]",0,0.0,-0.00909155048429966,0.0688423439860344,0.3080695867538452,-0.16570855677127838,1.0,0.02967953309416771,0.06833892315626144,0.31286346912384033,0.34805387258529663,2.0,0.062454234808683395,0.06870988756418228,0.3391185402870178,0.9194738864898682
1692309330.395412,"[label: ""height""
size: 3
stride: 15, label: ""width""
size: 5
stride: 5]",0,0.0,-0.01189364306628704,0.06833340972661972,0.31006065011024475,-0.11302278935909271,1.0,0.026950296014547348,0.06746844202280045,0.31364667415618896,0.38326340913772583,2.0,0.05865159630775452,0.06754348427057266,0.3388199210166931,0.9384051561355591
1692309330.4952567,"[label: ""height""
size: 3
stride: 15, label: ""width""
size: 5
stride: 5]",0,0.0,-0.014675920829176903,0.06940998882055283,0.3095780909061432,-0.12461820989847183,1.0,0.023739738389849663,0.06818638741970062,0.31342700123786926,0.4090088903903961,2.0,0.055354468524456024,0.06879827380180359,0.34162789583206177,0.9527658224105835
1692309330.5923655,"[label: ""height""
size: 3
stride: 15, label: ""width""
size: 5
stride: 5]",0,0.0,-0.016768261790275574,0.0682915449142456,0.3066430985927582,-0.0930846557021141,1.0,0.021884893998503685,0.06785367429256439,0.31434154510498047,0.42389166355133057,2.0,0.05275370925664902,0.06785920262336731,0.34113937616348267,0.9781513810157776
1692309330.6922512,"[label: ""height""
size: 3
stride: 15, label: ""width""
size: 5
stride: 5]",0,0.0,-0.01869567669928074,0.06810158491134644,0.3048352003097534,-0.12022408843040466,1.0,0.01981477625668049,0.06774158775806427,0.3137756586074829,0.4629971981048584,2.0,0.049777790904045105,0.06827923655509949,0.34186220169067383,1.002206563949585
1692309330.7927322,"[label: ""height""
size: 3
stride: 15, label: ""width""
size: 5
stride: 5]",0,0.0,-0.021050669252872467,0.06854772567749023,0.3057505488395691,-0.03822775185108185,1.0,0.017111577093601227,0.0672651156783104,0.310985267162323,0.48648813366889954,2.0,0.046634044498205185,0.067914679646492,0.34145501255989075,1.0287741422653198
1692309330.8915153,"[label: ""height""
size: 3
stride: 15, label: ""width""
size: 5
stride: 5]",0,0.0,-0.024048924446105957,0.06852493435144424,0.30564403533935547,-0.0391128733754158,1.0,0.013981672935187817,0.0674719288945198,0.31203457713127136,0.5045468807220459,2.0,0.04312089830636978,0.06788178533315659,0.3412705659866333,1.0298494100570679
1692309330.9843633,"[label: ""height""
size: 3
stride: 15, label: ""width""
size: 5
stride: 5]",0,0.0,-0.028020303696393967,0.06902853399515152,0.30405887961387634,-0.025002799928188324,1.0,0.009944536723196507,0.06775037199258804,0.3091648519039154,0.5159786343574524,2.0,0.03899914771318436,0.06858363002538681,0.340612530708313,1.0332512855529785
1692309331.0901103,"[label: ""height""
size: 3
stride: 15, label: ""width""
size: 5
stride: 5]",0,0.0,-0.031581178307533264,0.06858817487955093,0.3019682765007019,-0.0677582249045372,1.0,0.0063443235121667385,0.06880436092615128,0.3139500021934509,0.48728564381599426,2.0,0.03515973687171936,0.06830392777919769,0.33852529525756836,1.045683741569519
1692309331.1876335,"[label: ""height""
size: 3
stride: 15, label: ""width""
size: 5
stride: 5]",0,0.0,-0.036105189472436905,0.06953886896371841,0.3018203377723694,-0.03289356827735901,1.0,0.0018452340736985207,0.06857513636350632,0.30874401330947876,0.5164522528648376,2.0,0.030715137720108032,0.06959228217601776,0.3414444029331207,1.037514090538025
1692309331.2889657,"[label: ""height""
size: 3
stride: 15, label: ""width""
size: 5
stride: 5]",0,0.0,-0.04042375460267067,0.06990471482276917,0.30235755443573,0.04642839357256889,1.0,-0.002753809094429016,0.06941157579421997,0.3115096092224121,0.48499828577041626,2.0,0.02591901272535324,0.06951519101858139,0.33906710147857666,1.0622681379318237
1692309331.3945537,"[label: ""height""
size: 3
stride: 15, label: ""width""
size: 5
stride: 5]",0,0.0,-0.04440641030669212,0.07042541354894638,0.30247437953948975,0.04423859342932701,1.0,-0.006263523828238249,0.06932823359966278,0.3094412684440613,0.5077465772628784,2.0,0.022156864404678345,0.07030881941318512,0.34088030457496643,1.0536450147628784
1692309331.486709,"[label: ""height""
size: 3
stride: 15, label: ""width""
size: 5
stride: 5]",0,0.0,-0.04677760228514671,0.07076945900917053,0.30103105306625366,0.05032790079712868,1.0,-0.009146885946393013,0.06998521834611893,0.30900412797927856,0.5384787321090698,2.0,0.018420221284031868,0.0706150084733963,0.33900874853134155,1.0835282802581787
1692309331.5855367,"[label: ""height""
size: 3
stride: 15, label: ""width""
size: 5
stride: 5]",0,0.0,-0.049867499619722366,0.07052119076251984,0.29983657598495483,0.08859476447105408,1.0,-0.012345155701041222,0.06986752152442932,0.31008481979370117,0.5561062097549438,2.0,0.014677773229777813,0.0701042115688324,0.3392484486103058,1.1026893854141235
1692309331.6889184,"[label: ""height""
size: 3
stride: 15, label: ""width""
size: 5
stride: 5]",0,0.0,-0.05209341645240784,0.0707947388291359,0.29621249437332153,0.0502534843981266,1.0,-0.01541108824312687,0.07098072022199631,0.31054121255874634,0.5641017556190491,2.0,0.011271726340055466,0.07154478877782822,0.3415035307407379,1.118898868560791
1692309331.7864294,"[label: ""height""
size: 3
stride: 15, label: ""width""
size: 5
stride: 5]",0,0.0,-0.055949412286281586,0.07035009562969208,0.2971673011779785,0.1322299838066101,1.0,-0.018539730459451675,0.0688852071762085,0.30416834354400635,0.6125141978263855,2.0,0.007021042052656412,0.07036158442497253,0.3391992151737213,1.150984764099121
1692309331.8879042,"[label: ""height""
size: 3
stride: 15, label: ""width""
size: 5
stride: 5]",0,0.0,-0.05808452144265175,0.07040369510650635,0.2930488586425781,0.10044004768133163,1.0,-0.02154754288494587,0.07021796703338623,0.3062109351158142,0.6263254284858704,2.0,0.003566694213077426,0.07156258821487427,0.3416030704975128,1.1669856309890747
1692309331.9881594,"[label: ""height""
size: 3
stride: 15, label: ""width""
size: 5
stride: 5]",0,0.0,-0.06057838350534439,0.0711010992527008,0.2936176061630249,0.12395578622817993,1.0,-0.023876871913671494,0.07011499255895615,0.30414578318595886,0.6449549794197083,2.0,0.0006237835623323917,0.07160571962594986,0.3418304920196533,1.1838351488113403
1692309332.0961928,"[label: ""height""
size: 3
stride: 15, label: ""width""
size: 5
stride: 5]",0,0.0,-0.06170296296477318,0.07124405354261398,0.29465192556381226,0.17590510845184326,1.0,-0.0253586545586586,0.07037794589996338,0.30697134137153625,0.6626352071762085,2.0,-0.0012008423218503594,0.07159172743558884,0.34175869822502136,1.1978012323379517
1692309332.1974456,"[label: ""height""
size: 3
stride: 15, label: ""width""
size: 5
stride: 5]",0,0.0,-0.06165328249335289,0.07076050341129303,0.29108476638793945,0.18844425678253174,1.0,-0.025917580351233482,0.07025719434022903,0.30481937527656555,0.6753536462783813,2.0,-0.002312330063432455,0.07166307419538498,0.3407677412033081,1.202760934829712
1692309332.2955623,"[label: ""height""
size: 3
stride: 15, label: ""width""
size: 5
stride: 5]",0,0.0,-0.06228489428758621,0.07102593034505844,0.29221102595329285,0.15784868597984314,1.0,-0.026694176718592644,0.07103149592876434,0.30927908420562744,0.6676394939422607,2.0,-0.0031670033931732178,0.0712084099650383,0.34127408266067505,1.2214328050613403
1692309332.3936381,"[label: ""height""
size: 3
stride: 15, label: ""width""
size: 5
stride: 5]",0,0.0,-0.06167607754468918,0.0710659846663475,0.2945539057254791,0.18240830302238464,1.0,-0.025640591979026794,0.07046972960233688,0.3074095845222473,0.6870217323303223,2.0,-0.0026571699418127537,0.07241597771644592,0.34702810645103455,1.2133877277374268
1692309332.4979622,"[label: ""height""
size: 3
stride: 15, label: ""width""
size: 5
stride: 5]",0,0.0,-0.06031424179673195,0.07096679508686066,0.2919519245624542,0.15952861309051514,1.0,-0.02504078485071659,0.07103261351585388,0.30928993225097656,0.6997536420822144,2.0,-0.0019502341747283936,0.07180037349462509,0.3447912931442261,1.2388533353805542
1692309332.592333,"[label: ""height""
size: 3
stride: 15, label: ""width""
size: 5
stride: 5]",0,0.0,-0.05967790260910988,0.07051447778940201,0.29424363374710083,0.1866988241672516,1.0,-0.024005888029932976,0.06995878368616104,0.3090033531188965,0.697414755821228,2.0,-0.0010977633064612746,0.07071362435817719,0.3436148464679718,1.2387369871139526
1692309332.6946745,"[label: ""height""
size: 3
stride: 15, label: ""width""
size: 5
stride: 5]",0,0.0,-0.05834566429257393,0.07042913138866425,0.2916899621486664,0.16191264986991882,1.0,-0.023177774623036385,0.07062011957168579,0.3097406327724457,0.7034932971000671,2.0,-0.0006888760253787041,0.07196009904146194,0.3462314307689667,1.2434316873550415
1692309332.7953298,"[label: ""height""
size: 3
stride: 15, label: ""width""
size: 5
stride: 5]",0,0.0,-0.057748034596443176,0.0697198361158371,0.29253053665161133,0.20926930010318756,1.0,-0.02243150770664215,0.06903918832540512,0.30664941668510437,0.7159571647644043,2.0,-0.0001282943703699857,0.06989438086748123,0.3416793942451477,1.262448787689209
1692309332.898866,"[label: ""height""
size: 3
stride: 15, label: ""width""
size: 5
stride: 5]",0,0.0,-0.05883774161338806,0.07044460624456406,0.29175812005996704,0.16158823668956757,1.0,-0.02368653379380703,0.0706261545419693,0.30976971983909607,0.7051602005958557,2.0,-0.0011147615732625127,0.07122135162353516,0.344720721244812,1.253503680229187
1692309332.993731,"[label: ""height""
size: 3
stride: 15, label: ""width""
size: 5
stride: 5]",0,0.0,-0.060087647289037704,0.07026974856853485,0.29064905643463135,0.23073871433734894,1.0,-0.02477060630917549,0.06921879202127457,0.30463966727256775,0.7090854644775391,2.0,-0.0022027925588190556,0.07056254893541336,0.3408638834953308,1.2447690963745117
1692309333.1000779,"[label: ""height""
size: 3
stride: 15, label: ""width""
size: 5
stride: 5]",0,0.0,-0.06254531443119049,0.06960373371839523,0.2877163290977478,0.22528627514839172,1.0,-0.02743181213736534,0.06998958438634872,0.30638378858566284,0.6861406564712524,2.0,-0.004535077605396509,0.06991969048976898,0.33843085169792175,1.2456773519515991
1692309333.1978824,"[label: ""height""
size: 3
stride: 15, label: ""width""
size: 5
stride: 5]",0,0.0,-0.06422062963247299,0.07020633667707443,0.287879079580307,0.2356649786233902,1.0,-0.028784869238734245,0.06957600265741348,0.30239254236221313,0.7097110152244568,2.0,-0.005910217296332121,0.0704863891005516,0.3384913504123688,1.2328712940216064
1692309333.2967832,"[label: ""height""
size: 3
stride: 15, label: ""width""
size: 5
stride: 5]",0,0.0,-0.0653686374425888,0.07026351988315582,0.28738921880722046,0.16126850247383118,1.0,-0.029800154268741608,0.06985460221767426,0.3025786578655243,0.6894471049308777,2.0,-0.007167335599660873,0.07051606476306915,0.33864954113960266,1.2447783946990967
1692309333.3947985,"[label: ""height""
size: 3
stride: 15, label: ""width""
size: 5
stride: 5]",0,0.0,-0.06495499610900879,0.07030176371335983,0.2879352867603302,0.2227541208267212,1.0,-0.029584508389234543,0.06993313878774643,0.3029521107673645,0.7115615606307983,2.0,-0.0071698399260640144,0.07109272480010986,0.3387608230113983,1.2445778846740723
1692309333.4990091,"[label: ""height""
size: 3
stride: 15, label: ""width""
size: 5
stride: 5]",0,0.0,-0.06441210955381393,0.07044877856969833,0.284502238035202,0.2182915210723877,1.0,-0.029888594523072243,0.07070890814065933,0.3035074770450592,0.7089929580688477,2.0,-0.0074632493779063225,0.07168053835630417,0.3389298617839813,1.2618412971496582
1692309333.5958967,"[label: ""height""
size: 3
stride: 15, label: ""width""
size: 5
stride: 5]",0,0.0,-0.06458690762519836,0.06979402154684067,0.2856728434562683,0.19512151181697845,1.0,-0.02957306243479252,0.0694129690527916,0.3028406798839569,0.7120717763900757,2.0,-0.007735592313110828,0.07052706927061081,0.33871155977249146,1.263108491897583
1692309333.696209,"[label: ""height""
size: 3
stride: 15, label: ""width""
size: 5
stride: 5]",0,0.0,-0.06342733651399612,0.070085808634758,0.2843376100063324,0.23242804408073425,1.0,-0.029315626248717308,0.07085030525922775,0.305263489484787,0.7226221561431885,2.0,-0.007683077827095985,0.07222675532102585,0.34215232729911804,1.2668324708938599
1692309333.7972991,"[label: ""height""
size: 3
stride: 15, label: ""width""
size: 5
stride: 5]",0,0.0,-0.06403798609972,0.06978178769350052,0.28637000918388367,0.20071159303188324,1.0,-0.0292026549577713,0.0694299191236496,0.30292725563049316,0.7461742162704468,2.0,-0.007847297005355358,0.06972173601388931,0.3368375897407532,1.289341688156128
1692309333.907344,"[label: ""height""
size: 3
stride: 15, label: ""width""
size: 5
stride: 5]",0,0.0,-0.0634801834821701,0.07071138918399811,0.287663072347641,0.22198492288589478,1.0,-0.02889004349708557,0.07065737247467041,0.30605393648147583,0.7418071031570435,2.0,-0.007604200392961502,0.07191440463066101,0.3440053462982178,1.290779948234558
1692309333.9934769,"[label: ""height""
size: 3
stride: 15, label: ""width""
size: 5
stride: 5]",0,0.0,-0.06250882893800735,0.06962528079748154,0.2860566973686218,0.2493012249469757,1.0,-0.028502650558948517,0.07016241550445557,0.3072134554386139,0.7352055907249451,2.0,-0.007601580582559109,0.07132894545793533,0.3438927233219147,1.2909722328186035
1692309334.0947514,"[label: ""height""
size: 3
stride: 15, label: ""width""
size: 5
stride: 5]",0,0.0,-0.06147445738315582,0.06952520459890366,0.2839272916316986,0.2325013279914856,1.0,-0.02758059650659561,0.06958834081888199,0.3041398227214813,0.7584708333015442,2.0,-0.007144668605178595,0.07107964158058167,0.342024028301239,1.2989075183868408
1692309334.2027578,"[label: ""height""
size: 3
stride: 15, label: ""width""
size: 5
stride: 5]",0,0.0,-0.060984935611486435,0.06903544068336487,0.2838190495967865,0.23337091505527496,1.0,-0.027438638731837273,0.0700380876660347,0.3066287338733673,0.7574754357337952,2.0,-0.006935511250048876,0.07123592495918274,0.3448019325733185,1.311833381652832
1692309334.2941475,"[label: ""height""
size: 3
stride: 15, label: ""width""
size: 5
stride: 5]",0,0.0,-0.06163632124662399,0.0704321339726448,0.2867752015590668,0.2256866842508316,1.0,-0.027369799092411995,0.07017817348241806,0.3045724034309387,0.778343677520752,2.0,-0.00720326928421855,0.07193433493375778,0.3441177010536194,1.3145229816436768
1692309334.398073,"[label: ""height""
size: 3
stride: 15, label: ""width""
size: 5
stride: 5]",0,0.0,-0.061525408178567886,0.0695766806602478,0.28584206104278564,0.24888509511947632,1.0,-0.027720531448721886,0.07011332362890244,0.30698925256729126,0.7796337604522705,2.0,-0.007677086163312197,0.07045412063598633,0.3397078216075897,1.3341361284255981
1692309334.4979086,"[label: ""height""
size: 3
stride: 15, label: ""width""
size: 5
stride: 5]",0,0.0,-0.06270140409469604,0.0702764093875885,0.28340113162994385,0.2809610366821289,1.0,-0.029453830793499947,0.07063732296228409,0.30551183223724365,0.8024277687072754,2.0,-0.00997848343104124,0.07168154418468475,0.34224212169647217,1.3396251201629639
1692309334.5942852,"[label: ""height""
size: 3
stride: 15, label: ""width""
size: 5
stride: 5]",0,0.0,-0.0650499016046524,0.06916525959968567,0.2836551368236542,0.31161072850227356,1.0,-0.03179004788398743,0.06956415623426437,0.30517634749412537,0.8232532739639282,2.0,-0.01284304354339838,0.07075688242912292,0.34385329484939575,1.3479417562484741
1692309334.6979403,"[label: ""height""
size: 2
stride: 10, label: ""width""
size: 5
stride: 5]",0,0.0,-0.06763169914484024,0.07037914544343948,0.28149762749671936,0.34041309356689453,1.0,-0.035346467047929764,0.07117754220962524,0.3057015538215637,0.8339630961418152
1692309334.7958982,"[label: ""height""
size: 3
stride: 15, label: ""width""
size: 5
stride: 5]",0,0.0,-0.07034964114427567,0.06901264935731888,0.27926695346832275,0.39721328020095825,1.0,-0.038179755210876465,0.06907428056001663,0.30249717831611633,0.8371485471725464,2.0,-0.020640181377530098,0.0704665258526802,0.3397756814956665,1.3955069780349731
1692309335.002678,"[label: ""height""
size: 3
stride: 15, label: ""width""
size: 5
stride: 5]",0,0.0,-0.0732448548078537,0.07039882242679596,0.2793014943599701,0.36863207817077637,1.0,-0.04152318462729454,0.07125359773635864,0.3034050762653351,0.8669309020042419,2.0,-0.02407040260732174,0.07172799110412598,0.33918675780296326,1.4002982378005981
1692309335.006607,"[label: ""height""
size: 3
stride: 15, label: ""width""
size: 5
stride: 5]",0,0.0,-0.07524818927049637,0.0699528232216835,0.278646856546402,0.3602558672428131,1.0,-0.0430738665163517,0.0697544664144516,0.29962456226348877,0.8787025213241577,2.0,-0.026391729712486267,0.07051924616098404,0.33674106001853943,1.4236574172973633
1692309335.09881,"[label: ""height""
size: 3
stride: 15, label: ""width""
size: 5
stride: 5]",0,0.0,-0.07616975158452988,0.07040747255086899,0.2774299383163452,0.3553038239479065,1.0,-0.044612377882003784,0.07077691704034805,0.30087563395500183,0.889690101146698,2.0,-0.028335604816675186,0.07221587002277374,0.34018203616142273,1.4237078428268433
1692309335.1994755,"[label: ""height""
size: 3
stride: 15, label: ""width""
size: 5
stride: 5]",0,0.0,-0.07735481858253479,0.07022158801555634,0.2776259183883667,0.3607386648654938,1.0,-0.045237116515636444,0.0696222335100174,0.2985633909702301,0.9012504816055298,2.0,-0.029484758153557777,0.07114963978528976,0.33907032012939453,1.4244569540023804
1692309335.2946258,"[label: ""height""
size: 3
stride: 15, label: ""width""
size: 5
stride: 5]",0,0.0,-0.07749514281749725,0.06986489146947861,0.2761598229408264,0.3730141222476959,1.0,-0.04652625322341919,0.07070791721343994,0.3020986020565033,0.870347261428833,2.0,-0.02999786101281643,0.07163689285516739,0.34007275104522705,1.428955316543579
1692309335.390624,"[label: ""height""
size: 3
stride: 15, label: ""width""
size: 5
stride: 5]",0,0.0,-0.07827723026275635,0.06951209902763367,0.27523088455200195,0.34273627400398254,1.0,-0.04694080352783203,0.0702739804983139,0.30082637071609497,0.8673873543739319,2.0,-0.03001570887863636,0.07091677933931351,0.33731982111930847,1.4178276062011719
1692309335.500077,"[label: ""height""
size: 3
stride: 15, label: ""width""
size: 5
stride: 5]",0,0.0,-0.08014830201864243,0.07056885957717896,0.2773934006690979,0.3430032730102539,1.0,-0.04747345298528671,0.07023924589157104,0.2980615496635437,0.8614388108253479,2.0,-0.030496660619974136,0.07181031256914139,0.3382771909236908,1.3977675437927246
1692309335.5954573,"[label: ""height""
size: 3
stride: 15, label: ""width""
size: 5
stride: 5]",0,0.0,-0.0812545120716095,0.06995110213756561,0.27609169483184814,0.3265842795372009,1.0,-0.049082979559898376,0.0701819658279419,0.3003920018672943,0.8344645500183105,2.0,-0.03114214353263378,0.07100388407707214,0.3364294469356537,1.3847830295562744
1692309335.6988275,"[label: ""height""
size: 3
stride: 15, label: ""width""
size: 5
stride: 5]",0,0.0,-0.08177918195724487,0.0703129842877388,0.2762885093688965,0.31447872519493103,1.0,-0.04861725866794586,0.06945223361253738,0.29474058747291565,0.8588801026344299,2.0,-0.031353894621133804,0.07094615697860718,0.33422529697418213,1.394436240196228
1692309335.794726,"[label: ""height""
size: 3
stride: 15, label: ""width""
size: 5
stride: 5]",0,0.0,-0.08217409998178482,0.06929706037044525,0.2762257158756256,0.35030725598335266,1.0,-0.04991277679800987,0.06903178989887238,0.2980777621269226,0.8478835821151733,2.0,-0.032768312841653824,0.07057497650384903,0.3389755189418793,1.386374592781067
1692309335.9052148,"[label: ""height""
size: 3
stride: 15, label: ""width""
size: 5
stride: 5]",0,0.0,-0.08089084178209305,0.06877294182777405,0.2727062404155731,0.3523581326007843,1.0,-0.049650635570287704,0.06965058296918869,0.298684298992157,0.8549787998199463,2.0,-0.03250111639499664,0.07115106284618378,0.3390829861164093,1.385312557220459
1692309335.9926455,"[label: ""height""
size: 3
stride: 15, label: ""width""
size: 5
stride: 5]",0,0.0,-0.08202072978019714,0.06890743970870972,0.27576500177383423,0.36492255330085754,1.0,-0.0496252067387104,0.06872142851352692,0.29781997203826904,0.8707034587860107,2.0,-0.0324169397354126,0.06924021989107132,0.33389872312545776,1.398730754852295
1692309336.1063333,"[label: ""height""
size: 3
stride: 15, label: ""width""
size: 5
stride: 5]",0,0.0,-0.08127695322036743,0.06852217763662338,0.27741914987564087,0.3573565185070038,1.0,-0.04889661818742752,0.0681542232632637,0.29855817556381226,0.8739839792251587,2.0,-0.03248412162065506,0.06942470371723175,0.3387700021266937,1.4023066759109497
1692309336.1966958,"[label: ""height""
size: 3
stride: 15, label: ""width""
size: 5
stride: 5]",0,0.0,-0.0810898020863533,0.06923740357160568,0.2775321304798126,0.35059574246406555,1.0,-0.04868956655263901,0.06876887381076813,0.2980455756187439,0.8871768712997437,2.0,-0.03256532922387123,0.07040034234523773,0.33947163820266724,1.4175167083740234
1692309336.301808,"[label: ""height""
size: 3
stride: 15, label: ""width""
size: 5
stride: 5]",0,0.0,-0.08047733455896378,0.0676461011171341,0.2775384485721588,0.39483246207237244,1.0,-0.0487394742667675,0.06775043904781342,0.3005480468273163,0.8649811148643494,2.0,-0.03243759274482727,0.0687461718916893,0.33951592445373535,1.4229998588562012
1692309336.3969276,"[label: ""height""
size: 3
stride: 15, label: ""width""
size: 5
stride: 5]",0,0.0,-0.07980640977621078,0.06886471807956696,0.2782618999481201,0.36715269088745117,1.0,-0.048072490841150284,0.06882458180189133,0.30097460746765137,0.881713330745697,2.0,-0.03213066980242729,0.07054142653942108,0.3421550691127777,1.4206974506378174
1692309336.5007124,"[label: ""height""
size: 3
stride: 15, label: ""width""
size: 5
stride: 5]",0,0.0,-0.07953052967786789,0.06850206106901169,0.28005746006965637,0.36135005950927734,1.0,-0.04732784628868103,0.06782744079828262,0.3009290099143982,0.8998171091079712,2.0,-0.03164319694042206,0.06898137927055359,0.3413596451282501,1.4288156032562256
1692309336.5952938,"[label: ""height""
size: 3
stride: 15, label: ""width""
size: 5
stride: 5]",0,0.0,-0.0780644491314888,0.06888365745544434,0.2797217071056366,0.3568820655345917,1.0,-0.04697245731949806,0.0694832056760788,0.3049168288707733,0.881633996963501,2.0,-0.03081931360065937,0.07043461501598358,0.34299546480178833,1.4282091856002808
1692309336.6992636,"[label: ""height""
size: 3
stride: 15, label: ""width""
size: 5
stride: 5]",0,0.0,-0.07617658376693726,0.0695003941655159,0.2807195782661438,0.3416132628917694,1.0,-0.04457954317331314,0.06936942785978317,0.3039189875125885,0.8970490097999573,2.0,-0.02875174954533577,0.07126373052597046,0.3449729084968567,1.4386610984802246
1692309336.7964077,"[label: ""height""
size: 3
stride: 15, label: ""width""
size: 5
stride: 5]",0,0.0,-0.07324831187725067,0.0683291032910347,0.28069448471069336,0.39075708389282227,1.0,-0.041647374629974365,0.06826487183570862,0.3033926784992218,0.8984997272491455,2.0,-0.02576218917965889,0.07009678333997726,0.344772607088089,1.4233109951019287
1692309336.9000313,"[label: ""height""
size: 3
stride: 15, label: ""width""
size: 5
stride: 5]",0,0.0,-0.07150682806968689,0.06972171366214752,0.28169143199920654,0.3198882043361664,1.0,-0.03955795615911484,0.06989088654518127,0.30447694659233093,0.8662959337234497,2.0,-0.022769838571548462,0.07112343609333038,0.3422703742980957,1.4172496795654297
1692309337.001473,"[label: ""height""
size: 3
stride: 15, label: ""width""
size: 5
stride: 5]",0,0.0,-0.0705961063504219,0.06981511414051056,0.28303471207618713,0.30049553513526917,1.0,-0.037957798689603806,0.06992151588201523,0.3046177625656128,0.8493103384971619,2.0,-0.02047698013484478,0.07071954011917114,0.34166866540908813,1.3953112363815308
1692309337.1026387,"[label: ""height""
size: 3
stride: 15, label: ""width""
size: 5
stride: 5]",0,0.0,-0.06996273994445801,0.06963847577571869,0.28340062499046326,0.33064672350883484,1.0,-0.037523046135902405,0.07037248462438583,0.30709344148635864,0.8147834539413452,2.0,-0.01909605786204338,0.0711183100938797,0.34223780035972595,1.374432921409607
1692309337.1903927,"[label: ""height""
size: 3
stride: 15, label: ""width""
size: 5
stride: 5]",0,0.0,-0.06913111358880997,0.07020583003759384,0.2827216684818268,0.29753151535987854,1.0,-0.036155007779598236,0.0707978755235672,0.3051410913467407,0.8077114224433899,2.0,-0.017152396962046623,0.07162196189165115,0.33998963236808777,1.3608334064483643
1692309337.2944899,"[label: ""height""
size: 3
stride: 15, label: ""width""
size: 5
stride: 5]",0,0.0,-0.06924861669540405,0.06905626505613327,0.283144474029541,0.28492358326911926,1.0,-0.03574862703680992,0.06914553046226501,0.30282852053642273,0.804775059223175,2.0,-0.01640259101986885,0.07051881402730942,0.34202831983566284,1.3425540924072266
1692309337.3936653,"[label: ""height""
size: 3
stride: 15, label: ""width""
size: 5
stride: 5]",0,0.0,-0.06912577897310257,0.07048963755369186,0.28496333956718445,0.2746139466762543,1.0,-0.034996479749679565,0.07060294598340988,0.30377519130706787,0.7865138649940491,2.0,-0.01489498745650053,0.07160793989896774,0.33991336822509766,1.3221451044082642
1692309337.4939597,"[label: ""height""
size: 3
stride: 15, label: ""width""
size: 5
stride: 5]",0,0.0,-0.06912577897310257,0.07048963755369186,0.28496333956718445,0.2746139466762543,1.0,-0.034708619117736816,0.07004084438085556,0.3023615777492523,0.7574633359909058,2.0,-0.01419430784881115,0.07161399722099304,0.33994704484939575,1.3118987083435059
1692309337.5966814,"[label: ""height""
size: 3
stride: 15, label: ""width""
size: 5
stride: 5]",0,0.0,-0.06926345825195312,0.07002553343772888,0.2853246331214905,0.22838133573532104,1.0,-0.034662265330553055,0.06994063407182693,0.3029923439025879,0.7423129677772522,2.0,-0.01363798975944519,0.07087058573961258,0.33706775307655334,1.2895913124084473
1692309337.696855,"[label: ""height""
size: 3
stride: 15, label: ""width""
size: 5
stride: 5]",0,0.0,-0.06886128336191177,0.07044823467731476,0.283098965883255,0.20369727909564972,1.0,-0.03459933400154114,0.07103931158781052,0.3034785985946655,0.727697491645813,2.0,-0.013071904890239239,0.07161898165941238,0.33670538663864136,1.2882696390151978
1692309337.7953708,"[label: ""height""
size: 3
stride: 15, label: ""width""
size: 5
stride: 5]",0,0.0,-0.06969607621431351,0.06924222409725189,0.284946084022522,0.17486512660980225,1.0,-0.03470033407211304,0.06928815692663193,0.30225542187690735,0.7343123555183411,2.0,-0.013008279725909233,0.0705360546708107,0.3387588858604431,1.278649091720581
1692309337.8981407,"[label: ""height""
size: 3
stride: 15, label: ""width""
size: 5
stride: 5]",0,0.0,-0.07025028765201569,0.07100541889667511,0.28551796078681946,0.22462165355682373,1.0,-0.03559871390461922,0.07105188816785812,0.3035377562046051,0.7311726808547974,2.0,-0.014133007265627384,0.0722702145576477,0.3391059935092926,1.2812553644180298
1692309337.9940202,"[label: ""height""
size: 3
stride: 15, label: ""width""
size: 5
stride: 5]",0,0.0,-0.07123248279094696,0.07011354714632034,0.2857111394405365,0.2262992113828659,1.0,-0.03641252592206001,0.0699683427810669,0.3031247556209564,0.7485660314559937,2.0,-0.01537608727812767,0.07110563665628433,0.3388324975967407,1.2937986850738525
1692309338.1074367,"[label: ""height""
size: 3
stride: 15, label: ""width""
size: 5
stride: 5]",0,0.0,-0.07221968472003937,0.07155973464250565,0.2858891785144806,0.220961332321167,1.0,-0.03754355013370514,0.07149001210927963,0.30326902866363525,0.7637760043144226,2.0,-0.017227903008461,0.07341254502534866,0.34247884154319763,1.2940491437911987
1692309338.1985087,"[label: ""height""
size: 3
stride: 15, label: ""width""
size: 5
stride: 5]",0,0.0,-0.07319986820220947,0.0715547427535057,0.28625601530075073,0.268021821975708,1.0,-0.0385279506444931,0.07098092138767242,0.3032146990299225,0.7677823305130005,2.0,-0.018639815971255302,0.0728391706943512,0.34242066740989685,1.3150229454040527
1692309338.2963257,"[label: ""height""
size: 3
stride: 15, label: ""width""
size: 5
stride: 5]",0,0.0,-0.0731138065457344,0.07211274653673172,0.2859094738960266,0.26542386412620544,1.0,-0.03939737007021904,0.07225742936134338,0.30604636669158936,0.7801492214202881,2.0,-0.019170911982655525,0.07287053763866425,0.339336097240448,1.3287023305892944
1692309338.3935754,"[label: ""height""
size: 3
stride: 15, label: ""width""
size: 5
stride: 5]",0,0.0,-0.0727999210357666,0.07192853838205338,0.28427642583847046,0.27271804213523865,1.0,-0.03943020850419998,0.07234828174114227,0.3053653836250305,0.7963324785232544,2.0,-0.019892757758498192,0.07361604273319244,0.34214481711387634,1.3270576000213623
1692309338.4914916,"[label: ""height""
size: 3
stride: 15, label: ""width""
size: 5
stride: 5]",0,0.0,-0.0732085183262825,0.07249750196933746,0.2862756848335266,0.26464781165122986,1.0,-0.03943020850419998,0.07234828174114227,0.3053653836250305,0.7963324785232544,2.0,-0.02023429051041603,0.0741872489452362,0.34543463587760925,1.3318185806274414
1692309338.5939605,"[label: ""height""
size: 3
stride: 15, label: ""width""
size: 5
stride: 5]",0,0.0,-0.07350901514291763,0.07308678328990936,0.28582635521888733,0.3139818012714386,1.0,-0.04036198556423187,0.07351658493280411,0.3076477646827698,0.8002064228057861,2.0,-0.02152850851416588,0.07545951008796692,0.3480336666107178,1.3339143991470337
1692309338.697192,"[label: ""height""
size: 3
stride: 15, label: ""width""
size: 5
stride: 5]",0,0.0,-0.07312998175621033,0.07189558446407318,0.286121129989624,0.3012882173061371,1.0,-0.04004988446831703,0.07184325903654099,0.30535224080085754,0.8322434425354004,2.0,-0.021657200530171394,0.07360561192035675,0.3453589677810669,1.3526443243026733
1692309338.7980583,"[label: ""height""
size: 3
stride: 15, label: ""width""
size: 5
stride: 5]",0,0.0,-0.07351986318826675,0.07356344163417816,0.28586089611053467,0.3121654689311981,1.0,-0.04090350866317749,0.074193075299263,0.3088722825050354,0.8311765193939209,2.0,-0.022330818697810173,0.07488119602203369,0.3447456359863281,1.3652697801589966
1692309338.9004977,"[label: ""height""
size: 3
stride: 15, label: ""width""
size: 5
stride: 5]",0,0.0,-0.0739867314696312,0.07216283679008484,0.28587931394577026,0.3181169033050537,1.0,-0.04186880216002464,0.07302427291870117,0.31036922335624695,0.8270828127861023,2.0,-0.023366298526525497,0.07388141006231308,0.3473184406757355,1.3819271326065063
1692309338.9931486,"[label: ""height""
size: 3
stride: 15, label: ""width""
size: 5
stride: 5]",0,0.0,-0.07542377710342407,0.07418563961982727,0.28883227705955505,0.36228808760643005,1.0,-0.042672570794820786,0.07471912354230881,0.31157734990119934,0.8366367220878601,2.0,-0.025161482393741608,0.07616062462329865,0.35060206055641174,1.3762879371643066
1692309339.0964808,"[label: ""height""
size: 3
stride: 15, label: ""width""
size: 5
stride: 5]",0,0.0,-0.07588531821966171,0.07305006682872772,0.2860804796218872,0.3457285463809967,1.0,-0.043969251215457916,0.07323192059993744,0.30911263823509216,0.863558292388916,2.0,-0.026829561218619347,0.07514683902263641,0.3498874008655548,1.3821861743927002
1692309339.1998026,"[label: ""height""
size: 3
stride: 15, label: ""width""
size: 5
stride: 5]",0,0.0,-0.07828392833471298,0.07450831681489944,0.29050055146217346,0.32083985209465027,1.0,-0.04525965452194214,0.07377759367227554,0.30928996205329895,0.8673887252807617,2.0,-0.028361961245536804,0.07479473203420639,0.3456438183784485,1.4107673168182373
1692309339.2964892,"[label: ""height""
size: 3
stride: 15, label: ""width""
size: 5
stride: 5]",0,0.0,-0.07889187335968018,0.07349567115306854,0.2865597903728485,0.400774747133255,1.0,-0.04720424860715866,0.07360098510980606,0.309597909450531,0.883017897605896,2.0,-0.03070713020861149,0.07489284873008728,0.348061740398407,1.425868034362793
1692309339.390993,"[label: ""height""
size: 3
stride: 15, label: ""width""
size: 5
stride: 5]",0,0.0,-0.07992266118526459,0.07330334931612015,0.2871302664279938,0.3516955077648163,1.0,-0.0482255257666111,0.07361263781785965,0.30965137481689453,0.8865706920623779,2.0,-0.0321536585688591,0.07515053451061249,0.3499065339565277,1.4221526384353638
1692309339.4895267,"[label: ""height""
size: 3
stride: 15, label: ""width""
size: 5
stride: 5]",0,0.0,-0.08122818171977997,0.07401576638221741,0.2881099581718445,0.38277286291122437,1.0,-0.049476996064186096,0.07383248209953308,0.309547483921051,0.9137200117111206,2.0,-0.0338444858789444,0.07567306607961655,0.351008802652359,1.430050015449524
1692309339.5904863,"[label: ""height""
size: 3
stride: 15, label: ""width""
size: 5
stride: 5]",0,0.0,-0.08128496259450912,0.07271680235862732,0.28706154227256775,0.38058963418006897,1.0,-0.04994720593094826,0.07276967167854309,0.30932867527008057,0.9163736701011658,2.0,-0.03483299911022186,0.07447486370801926,0.3507649004459381,1.441794991493225
1692309339.6951258,"[label: ""height""
size: 3
stride: 15, label: ""width""
size: 5
stride: 5]",0,0.0,-0.08161884546279907,0.07373309135437012,0.28663626313209534,0.3951428532600403,1.0,-0.05049778148531914,0.07384305447340012,0.3095960021018982,0.9172797203063965,2.0,-0.03602905198931694,0.07665086537599564,0.355519562959671,1.436457633972168
1692309339.792641,"[label: ""height""
size: 3
stride: 15, label: ""width""
size: 5
stride: 5]",0,0.0,-0.08224654197692871,0.07297903299331665,0.2890794277191162,0.3501446545124054,1.0,-0.051191698759794235,0.07331197708845139,0.3137671649456024,0.9020069241523743,2.0,-0.03609874099493027,0.07456677407026291,0.35322853922843933,1.4540592432022095
1692309339.8947515,"[label: ""height""
size: 3
stride: 15, label: ""width""
size: 5
stride: 5]",0,0.0,-0.08147445321083069,0.07419204711914062,0.2902047634124756,0.37689128518104553,1.0,-0.05022132024168968,0.07390260696411133,0.3125292658805847,0.9248096346855164,2.0,-0.0351475365459919,0.07507592439651489,0.35089707374572754,1.4576210975646973
1692309339.9947248,"[label: ""height""
size: 3
stride: 15, label: ""width""
size: 5
stride: 5]",0,0.0,-0.08080043643712997,0.07329034060239792,0.29006248712539673,0.4189019799232483,1.0,-0.04989032819867134,0.07345395535230637,0.3144270181655884,0.9263524413108826,2.0,-0.03528754413127899,0.07483445107936859,0.35517677664756775,1.4603774547576904
1692309340.0962484,"[label: ""height""
size: 3
stride: 15, label: ""width""
size: 5
stride: 5]",0,0.0,-0.07856135070323944,0.0727323442697525,0.29046639800071716,0.39123138785362244,1.0,-0.04802508279681206,0.07355378568172455,0.31648874282836914,0.9227145314216614,2.0,-0.03331965208053589,0.07447048276662827,0.35414138436317444,1.4719051122665405
1692309340.1909554,"[label: ""height""
size: 3
stride: 15, label: ""width""
size: 5
stride: 5]",0,0.0,-0.07660951465368271,0.07392328232526779,0.29245638847351074,0.37239232659339905,1.0,-0.045735158026218414,0.07412702590227127,0.3167414963245392,0.9343628883361816,2.0,-0.031439248472452164,0.07634342461824417,0.36091119050979614,1.4620866775512695
1692309340.2955189,"[label: ""height""
size: 3
stride: 15, label: ""width""
size: 5
stride: 5]",0,0.0,-0.07334322482347488,0.07280763983726501,0.2938491702079773,0.40001437067985535,1.0,-0.042625147849321365,0.07372131943702698,0.32054778933525085,0.909787118434906,2.0,-0.027510063722729683,0.07474423944950104,0.35961002111434937,1.4629521369934082
1692309340.3947687,"[label: ""height""
size: 3
stride: 15, label: ""width""
size: 5
stride: 5]",0,0.0,-0.07046941667795181,0.07382075488567352,0.29688701033592224,0.39343568682670593,1.0,-0.038912806659936905,0.07377777993679047,0.31915083527565,0.9127253890037537,2.0,-0.02398313209414482,0.07535743713378906,0.35973119735717773,1.4531464576721191
1692309340.4928088,"[label: ""height""
size: 2
stride: 10, label: ""width""
size: 5
stride: 5]",0,0.0,-0.0668918788433075,0.07363483309745789,0.29609018564224243,0.38452431559562683,1.0,-0.03589630499482155,0.07440810650587082,0.3212970495223999,0.9049822688102722
1692309340.5927095,"[label: ""height""
size: 2
stride: 10, label: ""width""
size: 5
stride: 5]",0,0.0,-0.06417698413133621,0.07178734242916107,0.29482436180114746,0.39719313383102417,1.0,-0.03387293964624405,0.0734124481678009,0.32324206829071045,0.9024877548217773
1692309340.6973054,"[label: ""height""
size: 3
stride: 15, label: ""width""
size: 5
stride: 5]",0,0.0,-0.06425939500331879,0.07361294329166412,0.29889407753944397,0.3512480854988098,1.0,-0.032823242247104645,0.0739588662981987,0.32331904768943787,0.8986840844154358,2.0,-0.01705927960574627,0.07474760711193085,0.3596211373806,1.4435818195343018
1692309340.7905886,"[label: ""height""
size: 3
stride: 15, label: ""width""
size: 5
stride: 5]",0,0.0,-0.0622657835483551,0.07189289480447769,0.2948393225669861,0.37834423780441284,1.0,-0.031110981479287148,0.07271525263786316,0.3207567632198334,0.8905635476112366,2.0,-0.015220974572002888,0.07503237575292587,0.36526909470558167,1.4201679229736328
1692309340.8947573,"[label: ""height""
size: 3
stride: 15, label: ""width""
size: 5
stride: 5]",0,0.0,-0.062156688421964645,0.07217927277088165,0.297149658203125,0.37314578890800476,1.0,-0.02978932298719883,0.07196129858493805,0.3179640769958496,0.8752108216285706,2.0,-0.013110708445310593,0.07342851161956787,0.35679247975349426,1.41643226146698
1692309340.9938674,"[label: ""height""
size: 3
stride: 15, label: ""width""
size: 5
stride: 5]",0,0.0,-0.06117783486843109,0.07297799736261368,0.29636523127555847,0.33329224586486816,1.0,-0.028801610693335533,0.07293135672807693,0.31714534759521484,0.8634510040283203,2.0,-0.011628897860646248,0.07455615699291229,0.35660433769226074,1.3992549180984497
1692309341.092381,"[label: ""height""
size: 3
stride: 15, label: ""width""
size: 5
stride: 5]",0,0.0,-0.06095338612794876,0.07168172299861908,0.29743829369544983,0.2925906777381897,1.0,-0.02812741883099079,0.07178184390068054,0.3182978630065918,0.8350828289985657,2.0,-0.010233665816485882,0.0735122337937355,0.3593181371688843,1.376497507095337
1692309341.1907983,"[label: ""height""
size: 3
stride: 15, label: ""width""
size: 5
stride: 5]",0,0.0,-0.060268230736255646,0.07263205945491791,0.29654911160469055,0.30882295966148376,1.0,-0.02730608731508255,0.07352527976036072,0.32077234983444214,0.8014647960662842,2.0,-0.008080887608230114,0.07412326335906982,0.3559190332889557,1.356712818145752
1692309341.2890835,"[label: ""height""
size: 3
stride: 15, label: ""width""
size: 5
stride: 5]",0,0.0,-0.06045433133840561,0.07215333729982376,0.29736974835395813,0.2903105318546295,1.0,-0.026633357629179955,0.07146649062633514,0.3146272301673889,0.8108258843421936,2.0,-0.007588048931211233,0.07323064655065536,0.35371625423431396,1.347193956375122
1692309341.388026,"[label: ""height""
size: 3
stride: 15, label: ""width""
size: 5
stride: 5]",0,0.0,-0.06091555953025818,0.07150706648826599,0.29374146461486816,0.28700199723243713,1.0,-0.027495643123984337,0.07209005206823349,0.3156096935272217,0.7882978320121765,2.0,-0.008040057495236397,0.07400073856115341,0.35531941056251526,1.324377417564392
1692309341.492519,"[label: ""height""
size: 3
stride: 15, label: ""width""
size: 5
stride: 5]",0,0.0,-0.06215653195977211,0.07194795459508896,0.2939434051513672,0.2917361557483673,1.0,-0.028544267639517784,0.07264416664838791,0.31578242778778076,0.7912325859069824,2.0,-0.008514405228197575,0.07366539537906647,0.3509833514690399,1.327452301979065
1692309341.5937798,"[label: ""height""
size: 3
stride: 15, label: ""width""
size: 5
stride: 5]",0,0.0,-0.06367036700248718,0.07109857350587845,0.2951056957244873,0.2356729954481125,1.0,-0.02902616560459137,0.07035644352436066,0.3113987445831299,0.776743471622467,2.0,-0.008690549992024899,0.07130163908004761,0.3471651077270508,1.3157861232757568
1692309341.6984262,"[label: ""height""
size: 3
stride: 15, label: ""width""
size: 5
stride: 5]",0,0.0,-0.06418868154287338,0.0725807473063469,0.2952410578727722,0.23059870302677155,1.0,-0.029544003307819366,0.07190028578042984,0.31145304441452026,0.7553499341011047,2.0,-0.008970141410827637,0.07306693494319916,0.3474617302417755,1.2991305589675903
1692309341.794905,"[label: ""height""
size: 3
stride: 15, label: ""width""
size: 5
stride: 5]",0,0.0,-0.06406696140766144,0.07135365903377533,0.2947700321674347,0.24894164502620697,1.0,-0.029448814690113068,0.07095019519329071,0.3117937445640564,0.7650890350341797,2.0,-0.008964013308286667,0.07188418507575989,0.34723368287086487,1.2995988130569458
1692309341.8966866,"[label: ""height""
size: 3
stride: 15, label: ""width""
size: 5
stride: 5]",0,0.0,-0.06256597489118576,0.07148487865924835,0.29114219546318054,0.23925283551216125,1.0,-0.02861831709742546,0.07182736694812775,0.3111153244972229,0.7651097774505615,2.0,-0.008212977088987827,0.07365744560956955,0.3509404957294464,1.3098450899124146
1692309341.9916794,"[label: ""height""
size: 3
stride: 15, label: ""width""
size: 5
stride: 5]",0,0.0,-0.062492817640304565,0.07100355625152588,0.2925412952899933,0.2551858127117157,1.0,-0.02865864895284176,0.07190300524234772,0.3142453134059906,0.7742857933044434,2.0,-0.00825653225183487,0.07331889122724533,0.3527478277683258,1.3096224069595337
1692309342.0944898,"[label: ""height""
size: 3
stride: 15, label: ""width""
size: 5
stride: 5]",0,0.0,-0.06257974356412888,0.07108858972787857,0.29129067063331604,0.25679802894592285,1.0,-0.02904832735657692,0.07142563164234161,0.31162628531455994,0.7758521437644958,2.0,-0.00920446403324604,0.07263598591089249,0.35016053915023804,1.3221850395202637
1692309342.193608,"[label: ""height""
size: 3
stride: 15, label: ""width""
size: 5
stride: 5]",0,0.0,-0.06343471258878708,0.07170294970273972,0.29355713725090027,0.25447338819503784,1.0,-0.029406458139419556,0.07137580960988998,0.3113948702812195,0.7895990610122681,2.0,-0.010030183009803295,0.07380600273609161,0.35369133949279785,1.328701138496399
1692309342.2938046,"[label: ""height""
size: 3
stride: 15, label: ""width""
size: 5
stride: 5]",0,0.0,-0.0644720196723938,0.0709475502371788,0.29130539298057556,0.2760276198387146,1.0,-0.031116843223571777,0.0709780752658844,0.3119335174560547,0.8047437071800232,2.0,-0.011957148090004921,0.07247532159090042,0.35077834129333496,1.337777853012085
1692309342.3952584,"[label: ""height""
size: 3
stride: 15, label: ""width""
size: 5
stride: 5]",0,0.0,-0.06598765403032303,0.07150997966527939,0.29167354106903076,0.27598175406455994,1.0,-0.03276820853352547,0.07147739082574844,0.31188011169433594,0.8217942714691162,2.0,-0.013954486697912216,0.0738358125090599,0.3538486361503601,1.3479204177856445
1692309342.494254,"[label: ""height""
size: 3
stride: 15, label: ""width""
size: 5
stride: 5]",0,0.0,-0.06739656627178192,0.07093997299671173,0.28990232944488525,0.36282363533973694,1.0,-0.03466416150331497,0.07094331830739975,0.31062960624694824,0.83368980884552,2.0,-0.016507364809513092,0.07272718846797943,0.3526802361011505,1.358637809753418
1692309342.5949419,"[label: ""height""
size: 3
stride: 15, label: ""width""
size: 5
stride: 5]",0,0.0,-0.0697379931807518,0.07124625146389008,0.29159361124038696,0.32798150181770325,1.0,-0.03736771270632744,0.07220110297203064,0.31614020466804504,0.8207604885101318,2.0,-0.01929139904677868,0.07351507991552353,0.35578927397727966,1.3798274993896484
1692309342.6950142,"[label: ""height""
size: 2
stride: 10, label: ""width""
size: 5
stride: 5]",0,0.0,-0.07158751040697098,0.0708312913775444,0.2874048054218292,0.41177040338516235,1.0,-0.03961990028619766,0.07094503939151764,0.31064626574516296,0.8624271154403687
1692309342.7925336,"[label: ""height""
size: 3
stride: 15, label: ""width""
size: 5
stride: 5]",0,0.0,-0.07564657181501389,0.07096108049154282,0.2895645499229431,0.3320847451686859,1.0,-0.043368156999349594,0.07107044756412506,0.3128877878189087,0.8770264387130737,2.0,-0.026728980243206024,0.07292762398719788,0.35577261447906494,1.4092326164245605
1692309342.8946857,"[label: ""height""
size: 3
stride: 15, label: ""width""
size: 5
stride: 5]",0,0.0,-0.07732187956571579,0.07074325531721115,0.2862361967563629,0.3571997284889221,1.0,-0.04632269963622093,0.07184667885303497,0.31296277046203613,0.8778561353683472,2.0,-0.029516922309994698,0.07192926108837128,0.3474823236465454,1.424694538116455
1692309342.9905171,"[label: ""height""
size: 3
stride: 15, label: ""width""
size: 5
stride: 5]",0,0.0,-0.07989887148141861,0.07028891891241074,0.2862555980682373,0.3628268837928772,1.0,-0.048778265714645386,0.07061648368835449,0.3115123212337494,0.9028123617172241,2.0,-0.03316102921962738,0.07216284424066544,0.35276317596435547,1.4476262331008911
1692309343.096133,"[label: ""height""
size: 3
stride: 15, label: ""width""
size: 5
stride: 5]",0,0.0,-0.08195490390062332,0.0709662139415741,0.28622186183929443,0.408407062292099,1.0,-0.05081293359398842,0.071202851831913,0.3107338845729828,0.9027232527732849,2.0,-0.03586268797516823,0.07250238209962845,0.35093066096305847,1.45404052734375
1692309343.1984448,"[label: ""height""
size: 3
stride: 15, label: ""width""
size: 5
stride: 5]",0,0.0,-0.08451028913259506,0.07021994888782501,0.2864062190055847,0.3674948513507843,1.0,-0.05354417860507965,0.07025667279958725,0.3110848069190979,0.9220372438430786,2.0,-0.038928914815187454,0.0715646967291832,0.3526580035686493,1.4642014503479004
1692309343.2967541,"[label: ""height""
size: 3
stride: 15, label: ""width""
size: 5
stride: 5]",0,0.0,-0.08532678335905075,0.07093456387519836,0.2860621511936188,0.385383278131485,1.0,-0.054726775735616684,0.07066135853528976,0.31058791279792786,0.9285052418708801,2.0,-0.040675561875104904,0.07216430455446243,0.35277241468429565,1.4686439037322998
1692309343.393692,"[label: ""height""
size: 3
stride: 15, label: ""width""
size: 5
stride: 5]",0,0.0,-0.08639435470104218,0.06985672563314438,0.2851096987724304,0.4333256483078003,1.0,-0.055888812988996506,0.06971937417984009,0.30929967761039734,0.9487925171852112,2.0,-0.042472150176763535,0.07114969193935394,0.3520372211933136,1.4829375743865967
1692309343.5027008,"[label: ""height""
size: 3
stride: 15, label: ""width""
size: 5
stride: 5]",0,0.0,-0.08703668415546417,0.07021982222795486,0.28561821579933167,0.41291654109954834,1.0,-0.05697089806199074,0.07024534791707993,0.311034619808197,0.9454878568649292,2.0,-0.043202098459005356,0.07115361094474792,0.3520544171333313,1.4929982423782349
1692309343.5954447,"[label: ""height""
size: 3
stride: 15, label: ""width""
size: 5
stride: 5]",0,0.0,-0.0869261622428894,0.07037220895290375,0.28531840443611145,0.43262118101119995,1.0,-0.056390080600976944,0.06980860233306885,0.30858585238456726,0.9636101126670837,2.0,-0.043108172714710236,0.07089263945817947,0.3500683605670929,1.498727560043335
1692309343.6961846,"[label: ""height""
size: 3
stride: 15, label: ""width""
size: 5
stride: 5]",0,0.0,-0.0863407775759697,0.06888566166162491,0.28494757413864136,0.4374346435070038,1.0,-0.05634179711341858,0.06872107833623886,0.3110637366771698,0.9532060027122498,2.0,-0.043361201882362366,0.07026081532239914,0.3533446490764618,1.487945795059204
1692309343.7944088,"[label: ""height""
size: 3
stride: 15, label: ""width""
size: 5
stride: 5]",0,0.0,-0.08585477620363235,0.06994520127773285,0.2848691940307617,0.4319647252559662,1.0,-0.05584348365664482,0.06985538452863693,0.31043192744255066,0.9446666836738586,2.0,-0.042697757482528687,0.07161491364240646,0.35504403710365295,1.4908860921859741
1692309343.8964393,"[label: ""height""
size: 3
stride: 15, label: ""width""
size: 5
stride: 5]",0,0.0,-0.08639461547136307,0.06854062527418137,0.2834128737449646,0.3760835528373718,1.0,-0.056027740240097046,0.06817472726106644,0.3080101013183594,0.9441176056861877,2.0,-0.04140676185488701,0.06834620982408524,0.34446704387664795,1.4767134189605713
1692309343.9906263,"[label: ""height""
size: 3
stride: 15, label: ""width""
size: 5
stride: 5]",0,0.0,-0.08693060278892517,0.06952035427093506,0.28363436460494995,0.37289097905158997,1.0,-0.056076738983392715,0.06906144320964813,0.306933730840683,0.9278388619422913,2.0,-0.04129772260785103,0.07015771418809891,0.3471542000770569,1.4675370454788208
1692309344.0888054,"[label: ""height""
size: 3
stride: 15, label: ""width""
size: 5
stride: 5]",0,0.0,-0.08743658661842346,0.06955179572105408,0.2837705910205841,0.3737896680831909,1.0,-0.05628558248281479,0.06901770830154419,0.3067179322242737,0.9085118174552917,2.0,-0.04099973663687706,0.07015836238861084,0.3471565842628479,1.4505791664123535
1692309344.1885586,"[label: ""height""
size: 3
stride: 15, label: ""width""
size: 5
stride: 5]",0,0.0,-0.08701669424772263,0.06873191893100739,0.2838205397129059,0.34569117426872253,1.0,-0.055367361754179,0.06855596601963043,0.30855292081832886,0.8757645487785339,2.0,-0.039079125970602036,0.0686735287308693,0.34539660811424255,1.4324753284454346
1692309344.2924135,"[label: ""height""
size: 3
stride: 15, label: ""width""
size: 5
stride: 5]",0,0.0,-0.08662062883377075,0.07004889100790024,0.28588247299194336,0.3273516893386841,1.0,-0.053884357213974,0.06909400224685669,0.3059195578098297,0.8825193047523499,2.0,-0.03710680454969406,0.06984350830316544,0.3455975651741028,1.409801721572876
1692309344.391938,"[label: ""height""
size: 3
stride: 15, label: ""width""
size: 5
stride: 5]",0,0.0,-0.08466240763664246,0.0685945376753807,0.28357332944869995,0.30293089151382446,1.0,-0.052783023566007614,0.06889568269252777,0.3089160621166229,0.8286211490631104,2.0,-0.03519628196954727,0.06916171312332153,0.3464200794696808,1.3856922388076782
1692309344.504281,"[label: ""height""
size: 3
stride: 15, label: ""width""
size: 5
stride: 5]",0,0.0,-0.08348602056503296,0.06943961977958679,0.2866456210613251,0.292296826839447,1.0,-0.05019805580377579,0.06890856474637985,0.3077974319458008,0.8139684200286865,2.0,-0.03166777640581131,0.06902384757995605,0.3436377942562103,1.3705980777740479
1692309344.591958,"[label: ""height""
size: 3
stride: 15, label: ""width""
size: 5
stride: 5]",0,0.0,-0.08143798261880875,0.0693628117442131,0.28588542342185974,0.24800890684127808,1.0,-0.04818505421280861,0.06941336393356323,0.30779722332954407,0.8062636852264404,2.0,-0.029128698632121086,0.0696033164858818,0.3437219560146332,1.3462469577789307
1692309344.6911566,"[label: ""height""
size: 3
stride: 15, label: ""width""
size: 5
stride: 5]",0,0.0,-0.08041732013225555,0.06930990517139435,0.28777721524238586,0.2781996726989746,1.0,-0.04582374542951584,0.0680416077375412,0.3039134442806244,0.7913060188293457,2.0,-0.026492880657315254,0.06909514963626862,0.3425881564617157,1.3233308792114258
1692309344.7945743,"[label: ""height""
size: 3
stride: 15, label: ""width""
size: 5
stride: 5]",0,0.0,-0.07897390425205231,0.06964068859815598,0.2875136733055115,0.23679476976394653,1.0,-0.04485528916120529,0.0692511796951294,0.3065333366394043,0.7630254030227661,2.0,-0.024196241050958633,0.06936389952898026,0.34185591340065,1.316362977027893
1692309344.8924577,"[label: ""height""
size: 3
stride: 15, label: ""width""
size: 5
stride: 5]",0,0.0,-0.0777525007724762,0.06971437484025955,0.2886028587818146,0.2221773862838745,1.0,-0.0432843416929245,0.06961654871702194,0.30864283442497253,0.7328303456306458,2.0,-0.021661117672920227,0.06935694813728333,0.34181517362594604,1.2921714782714844
1692309344.9921212,"[label: ""height""
size: 3
stride: 15, label: ""width""
size: 5
stride: 5]",0,0.0,-0.07590339332818985,0.0695028156042099,0.2879125773906708,0.12673236429691315,1.0,-0.04081301391124725,0.06865477561950684,0.3044440448284149,0.7346367239952087,2.0,-0.018939558416604996,0.06881777197122574,0.3384838402271271,1.2718958854675293
1692309345.0981038,"[label: ""height""
size: 3
stride: 15, label: ""width""
size: 5
stride: 5]",0,0.0,-0.07367544621229172,0.07018670439720154,0.28963637351989746,0.1937212347984314,1.0,-0.03879862651228905,0.0701984241604805,0.30899766087532043,0.6872286200523376,2.0,-0.015991313382983208,0.07000091671943665,0.3408516049385071,1.243215799331665
1692309345.1941342,"[label: ""height""
size: 3
stride: 15, label: ""width""
size: 5
stride: 5]",0,0.0,-0.07165157049894333,0.06999581307172775,0.28939059376716614,0.1441851258277893,1.0,-0.036089781671762466,0.06941156089305878,0.3044207990169525,0.6890157461166382,2.0,-0.0133133539929986,0.07072822004556656,0.343694806098938,1.231652855873108
1692309345.298536,"[label: ""height""
size: 3
stride: 15, label: ""width""
size: 5
stride: 5]",0,0.0,-0.06969848275184631,0.07098814100027084,0.2917018532752991,0.16274502873420715,1.0,-0.03369656950235367,0.06998441368341446,0.30635932087898254,0.6837890148162842,2.0,-0.01041010208427906,0.07057048380374908,0.3409056067466736,1.226539969444275
1692309345.3937025,"[label: ""height""
size: 3
stride: 15, label: ""width""
size: 5
stride: 5]",0,0.0,-0.06771151721477509,0.07069753855466843,0.2928766906261444,0.1526072472333908,1.0,-0.031813956797122955,0.06987780332565308,0.3074694275856018,0.6692760586738586,2.0,-0.008173156529664993,0.06998635083436966,0.34077051281929016,1.2200956344604492
1692309345.4967592,"[label: ""height""
size: 3
stride: 15, label: ""width""
size: 5
stride: 5]",0,0.0,-0.06618399173021317,0.07188291847705841,0.29389795660972595,0.11533275991678238,1.0,-0.030021734535694122,0.07093213498592377,0.30722159147262573,0.6895111203193665,2.0,-0.006818056106567383,0.07165692001581192,0.34210941195487976,1.2308083772659302
1692309345.5957742,"[label: ""height""
size: 3
stride: 15, label: ""width""
size: 5
stride: 5]",0,0.0,-0.06437443196773529,0.07028254866600037,0.29149338603019714,0.18095970153808594,1.0,-0.0292160976678133,0.07000505179166794,0.30922117829322815,0.6771242618560791,2.0,-0.005784578155726194,0.07128399610519409,0.3470675051212311,1.222503900527954
1692309345.694934,"[label: ""height""
size: 3
stride: 15, label: ""width""
size: 5
stride: 5]",0,0.0,-0.06336956471204758,0.0715193822979927,0.29129183292388916,0.1869022101163864,1.0,-0.028231365606188774,0.07158395648002625,0.30949246883392334,0.672137975692749,2.0,-0.005029034335166216,0.07187990099191666,0.3438182771205902,1.2328267097473145
1692309345.8028152,"[label: ""height""
size: 3
stride: 15, label: ""width""
size: 5
stride: 5]",0,0.0,-0.06288903206586838,0.07070300728082657,0.2912452518939972,0.1798088401556015,1.0,-0.02771610952913761,0.0700782909989357,0.30680885910987854,0.710056483745575,2.0,-0.005172399338334799,0.07127886265516281,0.3436225652694702,1.2420395612716675
1692309345.8946397,"[label: ""height""
size: 3
stride: 15, label: ""width""
size: 5
stride: 5]",0,0.0,-0.06340488791465759,0.07230231910943985,0.2947055697441101,0.17673340439796448,1.0,-0.027800215408205986,0.07122357934713364,0.3090573251247406,0.7105532884597778,2.0,-0.0056150504387915134,0.07229769974946976,0.3444769084453583,1.2505427598953247
1692309345.9975173,"[label: ""height""
size: 3
stride: 15, label: ""width""
size: 5
stride: 5]",0,0.0,-0.06287430226802826,0.07150048762559891,0.291209876537323,0.18710066378116608,1.0,-0.028154630213975906,0.0711750015616417,0.3088326156139374,0.7254208326339722,2.0,-0.006181849166750908,0.07190317660570145,0.3439443111419678,1.269920825958252
1692309346.0917726,"[label: ""height""
size: 3
stride: 15, label: ""width""
size: 5
stride: 5]",0,0.0,-0.0637974813580513,0.07176011800765991,0.29132193326950073,0.23996751010417938,1.0,-0.029170654714107513,0.07118821889162064,0.30889520049095154,0.728809654712677,2.0,-0.007681841962039471,0.07248424738645554,0.34739476442337036,1.2871809005737305
1692309346.1917546,"[label: ""height""
size: 3
stride: 15, label: ""width""
size: 5
stride: 5]",0,0.0,-0.06436994671821594,0.07199233025312424,0.29168710112571716,0.22606900334358215,1.0,-0.029924018308520317,0.07188263535499573,0.31136372685432434,0.7207214832305908,2.0,-0.00847651157528162,0.07241398841142654,0.3450504541397095,1.2908236980438232
1692309346.2972367,"[label: ""height""
size: 3
stride: 15, label: ""width""
size: 5
stride: 5]",0,0.0,-0.06464683264493942,0.07162842899560928,0.2893160879611969,0.2500666379928589,1.0,-0.030182993039488792,0.07075110822916031,0.3064979314804077,0.7678505182266235,2.0,-0.00972677767276764,0.07193141430616379,0.34410151839256287,1.3052347898483276
1692309346.395788,"[label: ""height""
size: 3
stride: 15, label: ""width""
size: 5
stride: 5]",0,0.0,-0.06554249674081802,0.07148807495832443,0.2901793420314789,0.2621552050113678,1.0,-0.03149201720952988,0.07129325717687607,0.3093942105770111,0.7588839530944824,2.0,-0.010963806882500648,0.0725013017654419,0.3474922478199005,1.30497407913208
1692309346.4977307,"[label: ""height""
size: 3
stride: 15, label: ""width""
size: 5
stride: 5]",0,0.0,-0.06634683907032013,0.0719396248459816,0.2897182106971741,0.3014814555644989,1.0,-0.032630857080221176,0.07195017486810684,0.31055790185928345,0.7583127617835999,2.0,-0.012277752161026001,0.07193883508443832,0.34414324164390564,1.3292529582977295
1692309346.5966046,"[label: ""height""
size: 3
stride: 15, label: ""width""
size: 5
stride: 5]",0,0.0,-0.0682758316397667,0.07172449678182602,0.2922353148460388,0.2711372375488281,1.0,-0.03392057120800018,0.07097449898719788,0.31076404452323914,0.7854794263839722,2.0,-0.014182026498019695,0.07216626405715942,0.349299818277359,1.3303203582763672
1692309346.6953244,"[label: ""height""
size: 3
stride: 15, label: ""width""
size: 5
stride: 5]",0,0.0,-0.06794694066047668,0.0717422142624855,0.28945672512054443,0.29958224296569824,1.0,-0.034422311931848526,0.07133853435516357,0.3096162676811218,0.8030276894569397,2.0,-0.015193811617791653,0.07275749742984772,0.349391907453537,1.3414607048034668
1692309346.792874,"[label: ""height""
size: 3
stride: 15, label: ""width""
size: 5
stride: 5]",0,0.0,-0.06859246641397476,0.07073739171028137,0.2885909378528595,0.27673447132110596,1.0,-0.03551522642374039,0.07060662657022476,0.310303270816803,0.826553463935852,2.0,-0.01705978438258171,0.07282208651304245,0.35525819659233093,1.3501044511795044
1692309346.894783,"[label: ""height""
size: 3
stride: 15, label: ""width""
size: 5
stride: 5]",0,0.0,-0.06910661607980728,0.07106642425060272,0.28797781467437744,0.3218463063240051,1.0,-0.03588505834341049,0.07036373019218445,0.30705779790878296,0.8417061567306519,2.0,-0.017778977751731873,0.07217057794332504,0.34932029247283936,1.3658543825149536
1692309346.9924567,"[label: ""height""
size: 3
stride: 15, label: ""width""
size: 5
stride: 5]",0,0.0,-0.07059656083583832,0.07084444165229797,0.2890554368495941,0.27803394198417664,1.0,-0.03778069466352463,0.07054788619279861,0.31116679310798645,0.8205140233039856,2.0,-0.01937735825777054,0.07074154913425446,0.34722232818603516,1.3716353178024292
1692309347.0952945,"[label: ""height""
size: 3
stride: 15, label: ""width""
size: 5
stride: 5]",0,0.0,-0.0714673101902008,0.07111482322216034,0.288811057806015,0.2931327819824219,1.0,-0.03850759565830231,0.07041261345148087,0.3089055120944977,0.8320543169975281,2.0,-0.0208211038261652,0.07133587449789047,0.34735727310180664,1.3919711112976074
1692309347.1882727,"[label: ""height""
size: 3
stride: 15, label: ""width""
size: 5
stride: 5]",0,0.0,-0.07256224751472473,0.07050444930791855,0.28725725412368774,0.3388209939002991,1.0,-0.04012797400355339,0.07037835568189621,0.30874812602996826,0.8495447635650635,2.0,-0.022946080192923546,0.07133058458566666,0.34732577204704285,1.3899062871932983
1692309347.2959752,"[label: ""height""
size: 3
stride: 15, label: ""width""
size: 5
stride: 5]",0,0.0,-0.07408734411001205,0.0707327127456665,0.28755563497543335,0.30154845118522644,1.0,-0.04217241331934929,0.07064613699913025,0.3116448223590851,0.8566394448280334,2.0,-0.024661943316459656,0.07074521481990814,0.34725335240364075,1.4115262031555176
1692309347.3926687,"[label: ""height""
size: 3
stride: 15, label: ""width""
size: 5
stride: 5]",0,0.0,-0.0740315169095993,0.07075104117393494,0.2852937877178192,0.353145033121109,1.0,-0.04252838343381882,0.07116679102182388,0.3105536103248596,0.862243115901947,2.0,-0.025958340615034103,0.0721781849861145,0.34937211871147156,1.4142996072769165
1692309347.4888706,"[label: ""height""
size: 3
stride: 15, label: ""width""
size: 5
stride: 5]",0,0.0,-0.0742357075214386,0.06992550939321518,0.28575196862220764,0.3862531781196594,1.0,-0.04255686700344086,0.0696488618850708,0.30894720554351807,0.890816867351532,2.0,-0.026449033990502357,0.07089732587337494,0.3500876724720001,1.4214422702789307
1692309347.587626,"[label: ""height""
size: 3
stride: 15, label: ""width""
size: 5
stride: 5]",0,0.0,-0.07353042811155319,0.07184045016765594,0.2879425585269928,0.37084925174713135,1.0,-0.041588205844163895,0.0712331235408783,0.30925115942955017,0.886111319065094,2.0,-0.025261150673031807,0.07192976772785187,0.34748509526252747,1.4287936687469482
1692309347.6863372,"[label: ""height""
size: 3
stride: 15, label: ""width""
size: 5
stride: 5]",0,0.0,-0.07196788489818573,0.0702936053276062,0.2873687446117401,0.37332695722579956,1.0,-0.040526583790779114,0.07019051909446716,0.3107617199420929,0.8966304063796997,2.0,-0.02434634417295456,0.07130617648363113,0.35068419575691223,1.4229928255081177
1692309347.7843654,"[label: ""height""
size: 3
stride: 15, label: ""width""
size: 5
stride: 5]",0,0.0,-0.0701756551861763,0.07123477756977081,0.2873510420322418,0.39688652753829956,1.0,-0.039323125034570694,0.07187063246965408,0.31424781680107117,0.8891519904136658,2.0,-0.022916682064533234,0.072761669754982,0.3528730571269989,1.4266914129257202
1692309347.8877945,"[label: ""height""
size: 3
stride: 15, label: ""width""
size: 5
stride: 5]",0,0.0,-0.06806830316781998,0.07135260105133057,0.28820064663887024,0.3518080711364746,1.0,-0.03681551292538643,0.07175859063863754,0.3137107491493225,0.8717412352561951,2.0,-0.02046583779156208,0.07275727391242981,0.352857381105423,1.4280916452407837
1692309347.9843833,"[label: ""height""
size: 3
stride: 15, label: ""width""
size: 5
stride: 5]",0,0.0,-0.06710309535264969,0.07058020681142807,0.2889372706413269,0.3097503185272217,1.0,-0.03534194454550743,0.07023495435714722,0.31097474694252014,0.8875615000724792,2.0,-0.019297054037451744,0.07155826687812805,0.3526315689086914,1.425442099571228
1692309348.0883722,"[label: ""height""
size: 3
stride: 15, label: ""width""
size: 5
stride: 5]",0,0.0,-0.06598985195159912,0.07162974774837494,0.2908226549625397,0.3179026246070862,1.0,-0.03394673392176628,0.07139968127012253,0.31327730417251587,0.8853179216384888,2.0,-0.017747459933161736,0.07208244502544403,0.3502929210662842,1.4367163181304932
1692309348.1859307,"[label: ""height""
size: 3
stride: 15, label: ""width""
size: 5
stride: 5]",0,0.0,-0.0638786256313324,0.07085678726434708,0.29058027267456055,0.35114163160324097,1.0,-0.032353851944208145,0.07077999413013458,0.31395724415779114,0.8865761160850525,2.0,-0.0162737425416708,0.07232164591550827,0.3556639552116394,1.4303253889083862
1692309348.2959342,"[label: ""height""
size: 2
stride: 10, label: ""width""
size: 5
stride: 5]",0,0.0,-0.061722103506326675,0.0715222954750061,0.2928853929042816,0.3859478533267975,1.0,-0.029871845617890358,0.07140802592039108,0.31614333391189575,0.881315290927887
1692309348.392033,"[label: ""height""
size: 2
stride: 10, label: ""width""
size: 5
stride: 5]",0,0.0,-0.05845589190721512,0.07190453261137009,0.2938706874847412,0.3707726299762726,1.0,-0.02682199887931347,0.07201198488473892,0.31822946667671204,0.8734650015830994
1692309348.495719,"[label: ""height""
size: 2
stride: 10, label: ""width""
size: 5
stride: 5]",0,0.0,-0.05539858713746071,0.07193548232316971,0.29718801379203796,0.3227846622467041,1.0,-0.023002546280622482,0.07147132605314255,0.3193346858024597,0.8779098391532898
1692309348.592367,"[label: ""height""
size: 2
stride: 10, label: ""width""
size: 5
stride: 5]",0,0.0,-0.05098716914653778,0.07226056605577469,0.29644477367401123,0.3458437919616699,1.0,-0.01909663714468479,0.07202859222888947,0.31949856877326965,0.8849233388900757
1692309348.695728,"[label: ""height""
size: 2
stride: 10, label: ""width""
size: 5
stride: 5]",0,0.0,-0.04840760678052902,0.0726727694272995,0.2990208566188812,0.30970120429992676,1.0,-0.015954336151480675,0.07200702279806137,0.3193921148777008,0.8749415874481201
1692309348.7940795,"[label: ""height""
size: 2
stride: 10, label: ""width""
size: 5
stride: 5]",0,0.0,-0.04454893618822098,0.07179824262857437,0.2987465262413025,0.3363787531852722,1.0,-0.011964325793087482,0.07168406993150711,0.32085612416267395,0.8681741952896118
1692309348.8959272,"[label: ""height""
size: 3
stride: 15, label: ""width""
size: 5
stride: 5]",0,0.0,-0.04146876186132431,0.07184934616088867,0.29679742455482483,0.3241826593875885,1.0,-0.009340081363916397,0.07221551984548569,0.32087987661361694,0.8596856594085693,2.0,0.008026937022805214,0.07411747425794601,0.3630002737045288,1.4073861837387085
1692309348.992719,"[label: ""height""
size: 2
stride: 10, label: ""width""
size: 5
stride: 5]",0,0.0,-0.0389983244240284,0.07159321010112762,0.2978118062019348,0.38499322533607483,1.0,-0.0066712042316794395,0.07139386236667633,0.3189544975757599,0.8763126134872437
1692309349.0923796,"[label: ""height""
size: 2
stride: 10, label: ""width""
size: 5
stride: 5]",0,0.0,-0.037337776273489,0.07236792147159576,0.2998611330986023,0.3484494090080261,1.0,-0.004982718266546726,0.07145924121141434,0.31927600502967834,0.8798713684082031
1692309349.1937027,"[label: ""height""
size: 2
stride: 10, label: ""width""
size: 5
stride: 5]",0,0.0,-0.035837430506944656,0.07231210917234421,0.29961398243904114,0.34474101662635803,1.0,-0.003474282333627343,0.07272764295339584,0.32372090220451355,0.8630051016807556
1692309349.2950406,"[label: ""height""
size: 2
stride: 10, label: ""width""
size: 5
stride: 5]",0,0.0,-0.03455451875925064,0.07195748388767242,0.2972584366798401,0.3711366653442383,1.0,-0.0023695132695138454,0.07144193351268768,0.31919002532958984,0.8718327879905701
1692309349.3903525,"[label: ""height""
size: 2
stride: 10, label: ""width""
size: 5
stride: 5]",0,0.0,-0.034849364310503006,0.07278436422348022,0.2995319068431854,0.3411391079425812,1.0,-0.0025213013868778944,0.07224597781896591,0.3210306167602539,0.8776344060897827
1692309349.4937823,"[label: ""height""
size: 2
stride: 10, label: ""width""
size: 5
stride: 5]",0,0.0,-0.03512328863143921,0.07209043949842453,0.2956983149051666,0.3388042151927948,1.0,-0.0032465991098433733,0.07141666114330292,0.3161868155002594,0.8927602171897888
1692309349.5907586,"[label: ""height""
size: 2
stride: 10, label: ""width""
size: 5
stride: 5]",0,0.0,-0.03807825967669487,0.07180676609277725,0.2944634258747101,0.3727606534957886,1.0,-0.0064505343325436115,0.07215306907892227,0.3205817937850952,0.8912613987922668
1692309349.695083,"[label: ""height""
size: 2
stride: 10, label: ""width""
size: 5
stride: 5]",0,0.0,-0.04097803682088852,0.07120705395936966,0.2896343171596527,0.39657729864120483,1.0,-0.00971552636474371,0.07196548581123352,0.3163321316242218,0.8938791155815125
1692309349.7941546,"[label: ""height""
size: 2
stride: 10, label: ""width""
size: 5
stride: 5]",0,0.0,-0.04629393666982651,0.0712091475725174,0.29006603360176086,0.36451801657676697,1.0,-0.014506213366985321,0.07126642018556595,0.3138226270675659,0.8968416452407837
1692309349.8950217,"[label: ""height""
size: 2
stride: 10, label: ""width""
size: 5
stride: 5]",0,0.0,-0.050527818500995636,0.0713508352637291,0.28724920749664307,0.3795873522758484,1.0,-0.01886875554919243,0.07170623540878296,0.3118302822113037,0.8885452151298523
1692309349.9960563,"[label: ""height""
size: 2
stride: 10, label: ""width""
size: 5
stride: 5]",0,0.0,-0.05544036626815796,0.0709509626030922,0.2847796380519867,0.3899770677089691,1.0,-0.02400548942387104,0.07097291201353073,0.3091708719730377,0.8743325471878052
1692309350.0984716,"[label: ""height""
size: 2
stride: 10, label: ""width""
size: 5
stride: 5]",0,0.0,-0.0587659552693367,0.07064443081617355,0.2801600694656372,0.39480212330818176,1.0,-0.027333376929163933,0.07082553207874298,0.30418840050697327,0.8845003843307495
1692309350.1979825,"[label: ""height""
size: 2
stride: 10, label: ""width""
size: 5
stride: 5]",0,0.0,-0.06370442360639572,0.07110671699047089,0.28168317675590515,0.3926594853401184,1.0,-0.03205493092536926,0.07147770375013351,0.3064599931240082,0.8723472356796265
1692309350.2962866,"[label: ""height""
size: 3
stride: 15, label: ""width""
size: 5
stride: 5]",0,0.0,-0.06773359328508377,0.07095632702112198,0.27881279587745667,0.38599079847335815,1.0,-0.03613308072090149,0.07151008397340775,0.30395522713661194,0.8661803007125854,2.0,-0.019283847883343697,0.0722881406545639,0.3424830138683319,1.4143519401550293
1692309350.3947816,"[label: ""height""
size: 3
stride: 15, label: ""width""
size: 5
stride: 5]",0,0.0,-0.07096642255783081,0.07110320031642914,0.2784949839115143,0.38143160939216614,1.0,-0.03965488076210022,0.07127359509468079,0.30242425203323364,0.8848809003829956,2.0,-0.022988563403487206,0.07173396646976471,0.33921951055526733,1.4288486242294312
1692309350.4966042,"[label: ""height""
size: 3
stride: 15, label: ""width""
size: 5
stride: 5]",0,0.0,-0.07392386347055435,0.07120901346206665,0.2772512435913086,0.39505866169929504,1.0,-0.04262452945113182,0.07132361084222794,0.30158936977386475,0.8887901902198792,2.0,-0.02659178338944912,0.07196634262800217,0.3409613370895386,1.431539535522461
1692309350.5944788,"[label: ""height""
size: 3
stride: 15, label: ""width""
size: 5
stride: 5]",0,0.0,-0.07731609046459198,0.07094237208366394,0.2755744457244873,0.38550856709480286,1.0,-0.046645376831293106,0.07125645130872726,0.30128756165504456,0.8950784802436829,2.0,-0.03154636174440384,0.0723801702260971,0.34160491824150085,1.4532750844955444
1692309350.6974566,"[label: ""height""
size: 2
stride: 10, label: ""width""
size: 5
stride: 5]",0,0.0,-0.0796152800321579,0.07044507563114166,0.27320078015327454,0.4321824908256531,1.0,-0.049675602465867996,0.07087093591690063,0.30025070905685425,0.9317860007286072
1692309350.7923467,"[label: ""height""
size: 2
stride: 10, label: ""width""
size: 5
stride: 5]",0,0.0,-0.08329455554485321,0.0710451528429985,0.2738303542137146,0.41361871361732483,1.0,-0.05312535911798477,0.07082201540470123,0.29897716641426086,0.9301300644874573
1692309350.8993392,"[label: ""height""
size: 3
stride: 15, label: ""width""
size: 5
stride: 5]",0,0.0,-0.08580178022384644,0.07064206898212433,0.27398553490638733,0.42040950059890747,1.0,-0.05561307072639465,0.07042837888002396,0.29789823293685913,0.9646104574203491,2.0,-0.04231227561831474,0.07174007594585419,0.33925163745880127,1.4915695190429688
1692309350.9924276,"[label: ""height""
size: 3
stride: 15, label: ""width""
size: 5
stride: 5]",0,0.0,-0.08865341544151306,0.0714900866150856,0.2734792232513428,0.43173089623451233,1.0,-0.057873860001564026,0.07078152149915695,0.2958128750324249,0.9621874094009399,2.0,-0.04511528089642525,0.07239732891321182,0.3384442627429962,1.496514916419983
1692309351.0957801,"[label: ""height""
size: 3
stride: 15, label: ""width""
size: 5
stride: 5]",0,0.0,-0.09072213619947433,0.07054327428340912,0.2731797397136688,0.38993874192237854,1.0,-0.06041598692536354,0.07077950984239578,0.2987821102142334,0.9185916781425476,2.0,-0.04638838768005371,0.07164125144481659,0.3387843668460846,1.4766788482666016
1692309351.194085,"[label: ""height""
size: 3
stride: 15, label: ""width""
size: 5
stride: 5]",0,0.0,-0.09283390641212463,0.07184795290231705,0.2730448544025421,0.35984840989112854,1.0,-0.061617087572813034,0.07126833498477936,0.29581141471862793,0.9271037578582764,2.0,-0.04674115777015686,0.07160850614309311,0.3335043489933014,1.4668786525726318
1692309351.298179,"[label: ""height""
size: 3
stride: 15, label: ""width""
size: 5
stride: 5]",0,0.0,-0.09475568681955338,0.07128238677978516,0.27350297570228577,0.38501983880996704,1.0,-0.06300365924835205,0.07059650868177414,0.29496821761131287,0.9054364562034607,2.0,-0.04807519540190697,0.0710374042391777,0.3333796262741089,1.4556639194488525
1692309351.3934195,"[label: ""height""
size: 3
stride: 15, label: ""width""
size: 5
stride: 5]",0,0.0,-0.09633248299360275,0.07175692170858383,0.27195942401885986,0.38308092951774597,1.0,-0.06501127034425735,0.07152044773101807,0.2947816848754883,0.9042425155639648,2.0,-0.04898925870656967,0.07162296772003174,0.33044272661209106,1.4467957019805908
1692309351.4963915,"[label: ""height""
size: 3
stride: 15, label: ""width""
size: 5
stride: 5]",0,0.0,-0.09844882786273956,0.07185833156108856,0.2718394100666046,0.34355831146240234,1.0,-0.06663431972265244,0.07144082337617874,0.29398468136787415,0.8820492625236511,2.0,-0.05079426243901253,0.07223699241876602,0.33263641595840454,1.4262551069259644
1692309351.5939913,"[label: ""height""
size: 3
stride: 15, label: ""width""
size: 5
stride: 5]",0,0.0,-0.10034236311912537,0.0712398961186409,0.27200567722320557,0.2993673086166382,1.0,-0.06762275099754333,0.07037454098463058,0.2910541296005249,0.8807435035705566,2.0,-0.05229298397898674,0.07217152416706085,0.33358532190322876,1.412292242050171
1692309351.693471,"[label: ""height""
size: 3
stride: 15, label: ""width""
size: 5
stride: 5]",0,0.0,-0.10043969005346298,0.07189598679542542,0.27231714129447937,0.3149416148662567,1.0,-0.06841995567083359,0.07165524363517761,0.2939094007015228,0.8803547024726868,2.0,-0.05181440711021423,0.07218611985445023,0.3305495083332062,1.4157239198684692
1692309351.7904944,"[label: ""height""
size: 3
stride: 15, label: ""width""
size: 5
stride: 5]",0,0.0,-0.10009242594242096,0.07157456129789352,0.27499955892562866,0.3086770474910736,1.0,-0.06806490570306778,0.07158366590738297,0.2975371778011322,0.8571869134902954,2.0,-0.05119927227497101,0.07217064499855042,0.3335806429386139,1.4089746475219727
1692309351.8940842,"[label: ""height""
size: 3
stride: 15, label: ""width""
size: 5
stride: 5]",0,0.0,-0.09872303158044815,0.07185113430023193,0.27648797631263733,0.30075496435165405,1.0,-0.06634707748889923,0.07168883830308914,0.2980066239833832,0.8590375185012817,2.0,-0.04925702139735222,0.0723932683467865,0.33522936701774597,1.4016221761703491
1692309351.9932132,"[label: ""height""
size: 3
stride: 15, label: ""width""
size: 5
stride: 5]",0,0.0,-0.09801292419433594,0.07183989137411118,0.2773493230342865,0.29837766289711,1.0,-0.0658378079533577,0.07182186841964722,0.30008038878440857,0.8463919758796692,2.0,-0.047901712357997894,0.07159844785928726,0.3334517180919647,1.3992938995361328
1692309352.0954616,"[label: ""height""
size: 3
stride: 15, label: ""width""
size: 5
stride: 5]",0,0.0,-0.0973510593175888,0.07121950387954712,0.2773757874965668,0.28874093294143677,1.0,-0.06498665362596512,0.07121360301971436,0.2995470464229584,0.8221473693847656,2.0,-0.04720636457204819,0.07237418740987778,0.338318407535553,1.3742843866348267
1692309352.210984,"[label: ""height""
size: 3
stride: 15, label: ""width""
size: 5
stride: 5]",0,0.0,-0.09811591356992722,0.07160910218954086,0.2792379856109619,0.2973731458187103,1.0,-0.06480231881141663,0.07112808525562286,0.29871606826782227,0.8254989385604858,2.0,-0.04621097445487976,0.07101646065711975,0.3332681357860565,1.3621596097946167
1692309352.2885392,"[label: ""height""
size: 3
stride: 15, label: ""width""
size: 5
stride: 5]",0,0.0,-0.0980602353811264,0.0715668722987175,0.2799524962902069,0.2654603123664856,1.0,-0.0643073171377182,0.07112143188714981,0.29868537187576294,0.8235971331596375,2.0,-0.045706141740083694,0.07214268296957016,0.3366071283817291,1.3466918468475342
1692309352.38809,"[label: ""height""
size: 3
stride: 15, label: ""width""
size: 5
stride: 5]",0,0.0,-0.09806159883737564,0.07106910645961761,0.28011149168014526,0.21265842020511627,1.0,-0.06393152475357056,0.0700092613697052,0.2980675995349884,0.8013594150543213,2.0,-0.044552214443683624,0.07045677304267883,0.33320558071136475,1.340874433517456
1692309352.4884813,"[label: ""height""
size: 3
stride: 15, label: ""width""
size: 5
stride: 5]",0,0.0,-0.09743274003267288,0.07121255993843079,0.28109246492385864,0.258427232503891,1.0,-0.06354068964719772,0.07088814675807953,0.30018410086631775,0.7738863825798035,2.0,-0.043825700879096985,0.07179318368434906,0.3381846249103546,1.3142709732055664
1692309352.586432,"[label: ""height""
size: 3
stride: 15, label: ""width""
size: 5
stride: 5]",0,0.0,-0.0975266546010971,0.07116832584142685,0.28225570917129517,0.22772985696792603,1.0,-0.06309839338064194,0.07055332511663437,0.29982221126556396,0.7628582715988159,2.0,-0.043400466442108154,0.07235001772642136,0.3414435386657715,1.290326714515686
1692309352.6887715,"[label: ""height""
size: 3
stride: 15, label: ""width""
size: 5
stride: 5]",0,0.0,-0.09714878350496292,0.07064938545227051,0.2826571464538574,0.17573444545269012,1.0,-0.06223025918006897,0.06992027908563614,0.2991628348827362,0.7367714643478394,2.0,-0.04120476171374321,0.0703488364815712,0.3339644968509674,1.2869062423706055
1692309352.7933705,"[label: ""height""
size: 3
stride: 15, label: ""width""
size: 5
stride: 5]",0,0.0,-0.09667175263166428,0.07158610224723816,0.2843736410140991,0.19270449876785278,1.0,-0.06183572858572006,0.07093965262174606,0.3019292950630188,0.7157424688339233,2.0,-0.04010503739118576,0.07153075933456421,0.3362893760204315,1.2630740404129028
1692309352.893885,"[label: ""height""
size: 3
stride: 15, label: ""width""
size: 5
stride: 5]",0,0.0,-0.09639079868793488,0.07077097147703171,0.28446272015571594,0.15979215502738953,1.0,-0.06056633219122887,0.0693242996931076,0.29821595549583435,0.7349141240119934,2.0,-0.03858062997460365,0.06983242183923721,0.332781583070755,1.247838020324707
1692309352.9938486,"[label: ""height""
size: 3
stride: 15, label: ""width""
size: 5
stride: 5]",0,0.0,-0.0953616350889206,0.07060769200325012,0.28414347767829895,0.14988362789154053,1.0,-0.06042320281267166,0.07050355523824692,0.30219677090644836,0.6784381866455078,2.0,-0.03745659068226814,0.07095359265804291,0.3361545503139496,1.2294150590896606
1692309353.0948975,"[label: ""height""
size: 3
stride: 15, label: ""width""
size: 5
stride: 5]",0,0.0,-0.09440091997385025,0.07012363523244858,0.28506726026535034,0.13916334509849548,1.0,-0.059228792786598206,0.0698157548904419,0.3023955225944519,0.6722797751426697,2.0,-0.03554733470082283,0.06976318359375,0.333761066198349,1.227583885192871
1692309353.1906123,"[label: ""height""
size: 3
stride: 15, label: ""width""
size: 5
stride: 5]",0,0.0,-0.09356087446212769,0.07081669569015503,0.28640323877334595,0.13306961953639984,1.0,-0.057296235114336014,0.06965973228216171,0.3001112937927246,0.6786977052688599,2.0,-0.033744361251592636,0.07029394060373306,0.33366483449935913,1.1962203979492188
1692309353.2944505,"[label: ""height""
size: 3
stride: 15, label: ""width""
size: 5
stride: 5]",0,0.0,-0.09242424368858337,0.07043220847845078,0.28678464889526367,0.10624226927757263,1.0,-0.05689243599772453,0.0702524483203888,0.3036800026893616,0.6356396675109863,2.0,-0.03224257752299309,0.07030480355024338,0.3337247669696808,1.1827610731124878
1692309353.392088,"[label: ""height""
size: 3
stride: 15, label: ""width""
size: 5
stride: 5]",0,0.0,-0.09136967360973358,0.07074567675590515,0.2885315418243408,0.07407424598932266,1.0,-0.054873403161764145,0.07011726498603821,0.3014864921569824,0.6288513541221619,2.0,-0.030258439481258392,0.07091344147920609,0.33593764901161194,1.1725869178771973
1692309353.4955943,"[label: ""height""
size: 3
stride: 15, label: ""width""
size: 5
stride: 5]",0,0.0,-0.09089989215135574,0.0710262879729271,0.29075631499290466,0.0606401227414608,1.0,-0.05382073298096657,0.06982703506946564,0.30244362354278564,0.6166636943817139,2.0,-0.028710532933473587,0.07011046260595322,0.3340795040130615,1.1531777381896973
1692309353.5946798,"[label: ""height""
size: 3
stride: 15, label: ""width""
size: 5
stride: 5]",0,0.0,-0.08816175162792206,0.06997210532426834,0.29032474756240845,0.04825247824192047,1.0,-0.05171599239110947,0.0694960355758667,0.30310526490211487,0.5994595289230347,2.0,-0.0258155707269907,0.07006850093603134,0.3338553011417389,1.1357556581497192
1692309353.6965334,"[label: ""height""
size: 3
stride: 15, label: ""width""
size: 5
stride: 5]",0,0.0,-0.08769697695970535,0.07145626842975616,0.292018860578537,0.06958369165658951,1.0,-0.050695594400167465,0.07059158384799957,0.3035820722579956,0.5743809342384338,2.0,-0.024168359115719795,0.07085610926151276,0.33374133706092834,1.1312106847763062
1692309353.7921412,"[label: ""height""
size: 3
stride: 15, label: ""width""
size: 5
stride: 5]",0,0.0,-0.08697698265314102,0.07049496471881866,0.29491126537323,0.08733094483613968,1.0,-0.049261223524808884,0.06932953745126724,0.3039012551307678,0.566176176071167,2.0,-0.022697782143950462,0.07018208503723145,0.3363323509693146,1.1033928394317627
1692309353.8899748,"[label: ""height""
size: 3
stride: 15, label: ""width""
size: 5
stride: 5]",0,0.0,-0.08598854392766953,0.07112379372119904,0.29373446106910706,0.012005629949271679,1.0,-0.04801986366510391,0.0698595643043518,0.30092811584472656,0.5862082839012146,2.0,-0.02153862453997135,0.0708000510931015,0.3334423899650574,1.0968173742294312
1692309353.9843783,"[label: ""height""
size: 3
stride: 15, label: ""width""
size: 5
stride: 5]",0,0.0,-0.08576767891645432,0.07055051624774933,0.29330047965049744,-0.013098973780870438,1.0,-0.04815385118126869,0.06960701942443848,0.3024058938026428,0.5551069974899292,2.0,-0.020997220650315285,0.06997954845428467,0.33148637413978577,1.089508295059204
1692309354.086957,"[label: ""height""
size: 3
stride: 15, label: ""width""
size: 5
stride: 5]",0,0.0,-0.08695312589406967,0.07137081027030945,0.29409947991371155,-0.0022819642908871174,1.0,-0.04871843755245209,0.06964513659477234,0.29992616176605225,0.5800086855888367,2.0,-0.021912332624197006,0.07073624432086945,0.33310651779174805,1.0713680982589722
1692309354.1921666,"[label: ""height""
size: 3
stride: 15, label: ""width""
size: 5
stride: 5]",0,0.0,-0.08825433999300003,0.07100493460893631,0.2935810387134552,-0.013253232464194298,1.0,-0.05064038932323456,0.07026146352291107,0.30314844846725464,0.541978657245636,2.0,-0.022891711443662643,0.07053270936012268,0.33153390884399414,1.0771605968475342
1692309354.2926707,"[label: ""height""
size: 3
stride: 15, label: ""width""
size: 5
stride: 5]",0,0.0,-0.08969388157129288,0.07100233435630798,0.2935696840286255,-0.01319054700434208,1.0,-0.05132964253425598,0.06952272355556488,0.29935699701309204,0.561694860458374,2.0,-0.024074789136648178,0.07046601921319962,0.33118748664855957,1.0541197061538696
1692309354.3918495,"[label: ""height""
size: 3
stride: 15, label: ""width""
size: 5
stride: 5]",0,0.0,-0.0912778377532959,0.07136136293411255,0.29405879974365234,-0.002752589760348201,1.0,-0.0533449649810791,0.0705808475613594,0.302324116230011,0.5421667695045471,2.0,-0.025291385129094124,0.07123890519142151,0.33288371562957764,1.054627776145935
1692309354.4954824,"[label: ""height""
size: 3
stride: 15, label: ""width""
size: 5
stride: 5]",0,0.0,-0.09322774410247803,0.07122739404439926,0.2960251569747925,-0.008381454274058342,1.0,-0.05440480634570122,0.06985858082771301,0.3012712597846985,0.5175638198852539,2.0,-0.025984616950154305,0.06938103586435318,0.32799261808395386,1.0678212642669678
1692309354.5921266,"[label: ""height""
size: 3
stride: 15, label: ""width""
size: 5
stride: 5]",0,0.0,-0.09419457614421844,0.071225106716156,0.2960149645805359,-0.00839789304882288,1.0,-0.055415164679288864,0.0698888897895813,0.30141162872314453,0.5210137963294983,2.0,-0.02694445289671421,0.0699353963136673,0.329937607049942,1.0477426052093506
1692309354.6967182,"[label: ""height""
size: 3
stride: 15, label: ""width""
size: 5
stride: 5]",0,0.0,-0.09380049258470535,0.07003771513700485,0.2935165762901306,-0.04771585762500763,1.0,-0.05585004389286041,0.06945107132196426,0.301676481962204,0.5001983046531677,2.0,-0.027184663340449333,0.06934332102537155,0.3296699523925781,1.0303386449813843
1692309354.792037,"[label: ""height""
size: 3
stride: 15, label: ""width""
size: 5
stride: 5]",0,0.0,-0.09578554332256317,0.0709819495677948,0.29709914326667786,-0.03681183606386185,1.0,-0.05728611722588539,0.07009642571210861,0.30395668745040894,0.4849609434604645,2.0,-0.028160272166132927,0.07049023360013962,0.3331870436668396,1.0148518085479736
1692309354.8977637,"[label: ""height""
size: 3
stride: 15, label: ""width""
size: 5
stride: 5]",0,0.0,-0.09486986696720123,0.07026086002588272,0.29451653361320496,-0.0738973319530487,1.0,-0.056862570345401764,0.06948134303092957,0.30181825160980225,0.5036765933036804,2.0,-0.02802322246134281,0.06970501691102982,0.3300887644290924,1.0122461318969727
1692309354.9913898,"[label: ""height""
size: 3
stride: 15, label: ""width""
size: 5
stride: 5]",0,0.0,-0.09631439298391342,0.07076204568147659,0.29757159948349,-0.04818614944815636,1.0,-0.05802740901708603,0.06986669450998306,0.30445221066474915,0.4525046646595001,2.0,-0.02829071320593357,0.06941694766283035,0.3300475478172302,1.0138521194458008
1692309355.0936444,"[label: ""height""
size: 3
stride: 15, label: ""width""
size: 5
stride: 5]",0,0.0,-0.0958908200263977,0.07021868228912354,0.29732733964920044,-0.06931684911251068,1.0,-0.05751756206154823,0.06945312023162842,0.3043714165687561,0.4473673403263092,2.0,-0.027781009674072266,0.06924512982368469,0.33047425746917725,0.991758406162262
1692309355.1913295,"[label: ""height""
size: 3
stride: 15, label: ""width""
size: 5
stride: 5]",0,0.0,-0.09478438645601273,0.07035786658525467,0.29688894748687744,-0.07725708931684494,1.0,-0.05709376558661461,0.06978847086429596,0.3059665560722351,0.4217872619628906,2.0,-0.026900092139840126,0.06938526034355164,0.3312155604362488,0.9967478513717651
1692309355.294582,"[label: ""height""
size: 3
stride: 15, label: ""width""
size: 5
stride: 5]",0,0.0,-0.09226731956005096,0.06971658021211624,0.2968567907810211,-0.12598277628421783,1.0,-0.05393590033054352,0.0693335309624672,0.3038072884082794,0.4358448088169098,2.0,-0.024133523926138878,0.06926185637712479,0.3305583596229553,0.9700738191604614
1692309355.3917022,"[label: ""height""
size: 3
stride: 15, label: ""width""
size: 5
stride: 5]",0,0.0,-0.09020862728357315,0.07148427516222,0.30014166235923767,-0.12264576554298401,1.0,-0.052212465554475784,0.07084213942289352,0.30737271904945374,0.40805840492248535,2.0,-0.021056337282061577,0.07043665647506714,0.33102506399154663,0.9689204692840576
1692309355.4953628,"[label: ""height""
size: 3
stride: 15, label: ""width""
size: 5
stride: 5]",0,0.0,-0.08695176243782043,0.0713515505194664,0.3033229112625122,-0.13757936656475067,1.0,-0.04777919128537178,0.06987588107585907,0.3048819899559021,0.41539186239242554,2.0,-0.017059242352843285,0.07031690329313278,0.33228710293769836,0.9527801871299744
1692309355.5892637,"[label: ""height""
size: 3
stride: 15, label: ""width""
size: 5
stride: 5]",0,0.0,-0.08161451667547226,0.07171404361724854,0.3042249381542206,-0.15159137547016144,1.0,-0.04412519186735153,0.07197755575180054,0.31280964612960815,0.32674798369407654,2.0,-0.011857609264552593,0.0721932202577591,0.33853235840797424,0.9411522150039673
1692309355.694477,"[label: ""height""
size: 3
stride: 15, label: ""width""
size: 5
stride: 5]",0,0.0,-0.07753366976976395,0.07274144887924194,0.30972951650619507,-0.1858287900686264,1.0,-0.03840329498052597,0.071653813123703,0.31236976385116577,0.35999926924705505,2.0,-0.00602694833651185,0.0721152052283287,0.3381301164627075,0.9043071269989014
1692309355.7842872,"[label: ""height""
size: 3
stride: 15, label: ""width""
size: 5
stride: 5]",0,0.0,-0.07091206312179565,0.07148710638284683,0.3090757131576538,-0.18391825258731842,1.0,-0.0324031226336956,0.07100914418697357,0.31340786814689636,0.3240112066268921,2.0,0.0006131926202215254,0.0720682293176651,0.34115004539489746,0.8768112063407898
1692309355.8866372,"[label: ""height""
size: 3
stride: 15, label: ""width""
size: 5
stride: 5]",0,0.0,-0.06455188244581223,0.07219911366701126,0.3093159794807434,-0.2420496642589569,1.0,-0.027171950787305832,0.07334598898887634,0.3199571967124939,0.35760948061943054,2.0,0.006755214650183916,0.07318795472383499,0.34115374088287354,0.8589434027671814
1692309355.9849668,"[label: ""height""
size: 3
stride: 15, label: ""width""
size: 5
stride: 5]",0,0.0,-0.059919871389865875,0.0733262151479721,0.3176947236061096,-0.24779708683490753,1.0,-0.020753826946020126,0.07255800068378448,0.31794166564941406,0.19649261236190796,2.0,0.013938632793724537,0.07235434651374817,0.3392130732536316,0.8423872590065002
1692309356.0868657,"[label: ""height""
size: 3
stride: 15, label: ""width""
size: 5
stride: 5]",0,0.0,-0.05221756920218468,0.0719534158706665,0.3166424334049225,-0.2711765766143799,1.0,-0.013698526658117771,0.07181338220834732,0.3193276822566986,0.2939400374889374,2.0,0.021099824458360672,0.07133140414953232,0.33828726410865784,0.8252204060554504
1692309356.1849322,"[label: ""height""
size: 3
stride: 15, label: ""width""
size: 5
stride: 5]",0,0.0,-0.046140898019075394,0.07273261249065399,0.317838579416275,-0.23870840668678284,1.0,-0.007681913208216429,0.07193519175052643,0.3153945803642273,0.17590700089931488,2.0,0.027050836011767387,0.07218936085700989,0.3364782929420471,0.7918624877929688
1692309356.2943985,"[label: ""height""
size: 3
stride: 15, label: ""width""
size: 5
stride: 5]",0,0.0,-0.04179941117763519,0.07247599959373474,0.3220340609550476,-0.32889971137046814,1.0,-0.0029514457564800978,0.07162486761808395,0.3208574950695038,0.1878015697002411,2.0,0.03234957903623581,0.0714099183678627,0.33868005871772766,0.7626702785491943
1692309356.3980544,"[label: ""height""
size: 3
stride: 15, label: ""width""
size: 5
stride: 5]",0,0.0,-0.03710499405860901,0.07260894775390625,0.3213788866996765,-0.3224838078022003,1.0,0.0016609049635007977,0.07261042296886444,0.32222601771354675,0.19454750418663025,2.0,0.03720197081565857,0.07225574553012848,0.33869224786758423,0.738265335559845
1692309356.503003,"[label: ""height""
size: 3
stride: 15, label: ""width""
size: 5
stride: 5]",0,0.0,-0.033559322357177734,0.07358024269342422,0.3239537179470062,-0.33496904373168945,1.0,0.005346311256289482,0.07307279109954834,0.32191190123558044,0.18865938484668732,2.0,0.041203875094652176,0.072145976126194,0.33625057339668274,0.744111955165863
1692309356.5892224,"[label: ""height""
size: 3
stride: 15, label: ""width""
size: 5
stride: 5]",0,1.0,0.008593966253101826,0.07210054993629456,0.32189714908599854,0.13738864660263062,0.0,-0.03012939542531967,0.07229366898536682,0.32244619727134705,-0.37178441882133484,2.0,0.044612664729356766,0.07144749909639359,0.33497104048728943,0.7169683575630188
1692309356.6927958,"[label: ""height""
size: 3
stride: 15, label: ""width""
size: 5
stride: 5]",0,0.0,-0.026995716616511345,0.07343222945928574,0.3228311538696289,-0.37718623876571655,1.0,0.011588568799197674,0.0729324221611023,0.31827715039253235,0.09051509201526642,2.0,0.04774671047925949,0.0725901797413826,0.3338639736175537,0.7123681902885437
1692309356.791179,"[label: ""height""
size: 3
stride: 15, label: ""width""
size: 5
stride: 5]",0,1.0,0.01496824063360691,0.07271576672792435,0.3209855854511261,0.08712682127952576,0.0,-0.02355867810547352,0.07217277586460114,0.32065528631210327,-0.41504397988319397,2.0,0.05117093399167061,0.07205662876367569,0.33392998576164246,0.6933152675628662
1692309356.8921876,"[label: ""height""
size: 3
stride: 15, label: ""width""
size: 5
stride: 5]",0,1.0,0.018028978258371353,0.07247700542211533,0.3186156153678894,0.12683477997779846,0.0,-0.02045658975839615,0.07301819324493408,0.3238622844219208,-0.38866907358169556,2.0,0.05451883003115654,0.07242513447999954,0.33435681462287903,0.6828835010528564
1692309356.9901419,"[label: ""height""
size: 3
stride: 15, label: ""width""
size: 5
stride: 5]",0,1.0,0.02202645130455494,0.0721769779920578,0.3184473216533661,0.08727475255727768,0.0,-0.016763899475336075,0.07328470051288605,0.3268517553806305,-0.3970431685447693,2.0,0.0586838573217392,0.0718468651175499,0.3323606550693512,0.6672424674034119
1692309357.0927598,"[label: ""height""
size: 3
stride: 15, label: ""width""
size: 5
stride: 5]",0,1.0,0.025488490238785744,0.07358153909444809,0.3226800560951233,0.09034568071365356,0.0,-0.013428904116153717,0.0737900659441948,0.3267117738723755,-0.42327988147735596,2.0,0.061989057809114456,0.07229050248861313,0.331849604845047,0.6500933170318604
1692309357.191466,"[label: ""height""
size: 3
stride: 15, label: ""width""
size: 5
stride: 5]",0,1.0,0.027731511741876602,0.07209937274456024,0.3180786371231079,0.08467994630336761,0.0,-0.010898713953793049,0.0733850821852684,0.32732924818992615,-0.4101250469684601,2.0,0.0649995356798172,0.07235433906316757,0.3326778709888458,0.631212592124939
1692309357.2958298,"[label: ""height""
size: 3
stride: 15, label: ""width""
size: 5
stride: 5]",0,1.0,0.029585834592580795,0.07314526289701462,0.3176064193248749,0.026091840118169785,0.0,-0.008698656223714352,0.07340065389871597,0.32444703578948975,-0.4357973039150238,2.0,0.06709747761487961,0.0733301118016243,0.33160653710365295,0.6178289651870728
1692309357.3945053,"[label: ""height""
size: 3
stride: 15, label: ""width""
size: 5
stride: 5]",0,1.0,0.03110717236995697,0.07194378972053528,0.3181227445602417,0.06936512887477875,0.0,-0.0073280357755720615,0.07190533727407455,0.32188478112220764,-0.452959805727005,2.0,0.068441241979599,0.07168371975421906,0.33153194189071655,0.6354475021362305
1692309357.4934883,"[label: ""height""
size: 3
stride: 15, label: ""width""
size: 5
stride: 5]",0,1.0,0.03284909948706627,0.07370840758085251,0.32031697034835815,0.02209772914648056,0.0,-0.005909355357289314,0.07328525930643082,0.32340723276138306,-0.46368277072906494,2.0,0.07032866030931473,0.07330615073442459,0.33148810267448425,0.6105881333351135
1692309357.5934823,"[label: ""height""
size: 3
stride: 15, label: ""width""
size: 5
stride: 5]",0,1.0,0.033635471016168594,0.07157589495182037,0.31723904609680176,0.08718879520893097,0.0,-0.004595698323100805,0.07229100912809372,0.3242350220680237,-0.4660273492336273,2.0,0.07102073729038239,0.07140902429819107,0.32964274287223816,0.6125840544700623
1692309357.6986954,"[label: ""height""
size: 3
stride: 15, label: ""width""
size: 5
stride: 5]",0,1.0,0.03594619780778885,0.07304872572422028,0.3188331723213196,0.0021124989725649357,0.0,-0.002481694333255291,0.0740080252289772,0.3277491331100464,-0.449511855840683,2.0,0.0733184963464737,0.07263509184122086,0.3290683329105377,0.5892314910888672
1692309357.7897575,"[label: ""height""
size: 3
stride: 15, label: ""width""
size: 5
stride: 5]",0,1.0,0.03752702847123146,0.07322308421134949,0.3200916051864624,0.003822240512818098,0.0,-0.0010081264190375805,0.07300020754337311,0.32378333806991577,-0.45950114727020264,2.0,0.07541538029909134,0.07270268350839615,0.3311906158924103,0.5995373725891113
1692309357.8973897,"[label: ""height""
size: 3
stride: 15, label: ""width""
size: 5
stride: 5]",0,1.0,0.03907763212919235,0.07251875847578049,0.3187994658946991,0.0033396126236766577,0.0,0.0007344549521803856,0.07350842654705048,0.32792752981185913,-0.4580180048942566,2.0,0.07683063298463821,0.07210292667150497,0.3291064500808716,0.6016421914100647
1692309357.9858818,"[label: ""height""
size: 3
stride: 15, label: ""width""
size: 5
stride: 5]",0,1.0,0.040020063519477844,0.07250218093395233,0.3170754909515381,-0.011403546668589115,0.0,0.0017717299051582813,0.07295337319374084,0.3248591423034668,-0.48142194747924805,2.0,0.07749038934707642,0.07187233865261078,0.32619398832321167,0.5859845876693726
1692309358.0878818,"[label: ""height""
size: 3
stride: 15, label: ""width""
size: 5
stride: 5]",0,1.0,0.040538448840379715,0.07146014273166656,0.3170635998249054,-0.010972421616315842,0.0,0.0022906651720404625,0.071785569190979,0.3238537907600403,-0.4867757558822632,2.0,0.07797876745462418,0.0707644373178482,0.32600167393684387,0.5853292346000671
1692309358.190657,"[label: ""height""
size: 3
stride: 15, label: ""width""
size: 5
stride: 5]",0,1.0,0.04029106721282005,0.07185681164264679,0.3140299320220947,-0.0006126104271970689,0.0,0.0023033455945551395,0.07296277582645416,0.3249039053916931,-0.4827813506126404,2.0,0.07875844836235046,0.07242144644260406,0.3292991816997528,0.575286865234375
1692309358.2867584,"[label: ""height""
size: 3
stride: 15, label: ""width""
size: 5
stride: 5]",0,1.0,0.04029112681746483,0.07082823663949966,0.3140304982662201,-0.0006245348486118019,0.0,0.002160598523914814,0.07156863063573837,0.32331734895706177,-0.4749731123447418,2.0,0.07850906997919083,0.07124242186546326,0.3288041055202484,0.5872107148170471
1692309358.3874948,"[label: ""height""
size: 3
stride: 15, label: ""width""
size: 5
stride: 5]",0,1.0,0.04029106721282005,0.07185681164264679,0.3140299320220947,-0.0006126104271970689,0.0,0.0021628851536661386,0.07266683131456375,0.3235017955303192,-0.4737643599510193,2.0,0.07845760881900787,0.07188281416893005,0.32802480459213257,0.5788946747779846
1692309358.4880548,"[label: ""height""
size: 3
stride: 15, label: ""width""
size: 5
stride: 5]",0,1.0,0.040830861777067184,0.07121052592992783,0.31502166390419006,0.029491927474737167,0.0,0.0024480309803038836,0.07193982601165771,0.3250959813594818,-0.4650575816631317,2.0,0.07850775867700577,0.07076069712638855,0.3259827792644501,0.5841827392578125
1692309358.5839665,"[label: ""height""
size: 3
stride: 15, label: ""width""
size: 5
stride: 5]",0,1.0,0.04122420772910118,0.07066814601421356,0.31241434812545776,-0.010184156708419323,0.0,0.0033243184443563223,0.07171709835529327,0.3222823143005371,-0.5002440810203552,2.0,0.07956557720899582,0.07075322419404984,0.32594507932662964,0.5818982720375061
1692309358.6927617,"[label: ""height""
size: 3
stride: 15, label: ""width""
size: 5
stride: 5]",0,1.0,0.04173501580953598,0.0701538696885109,0.3124038577079773,-0.009839294478297234,0.0,0.003681652480736375,0.0704650953412056,0.3195839524269104,-0.5015513896942139,2.0,0.08007383346557617,0.0701984092593193,0.3258415162563324,0.58099764585495
1692309358.793229,"[label: ""height""
size: 3
stride: 15, label: ""width""
size: 5
stride: 5]",0,1.0,0.04209919273853302,0.06955327093601227,0.310441255569458,-0.02245885506272316,0.0,0.004276419058442116,0.07105901837348938,0.3234145939350128,-0.48098742961883545,2.0,0.08013777434825897,0.06943105161190033,0.3228565454483032,0.5669313669204712
1692309358.8920236,"[label: ""height""
size: 3
stride: 15, label: ""width""
size: 5
stride: 5]",0,1.0,0.04287005960941315,0.07015014439821243,0.31404203176498413,0.0052126566879451275,0.0,0.0046399678103625774,0.07046706229448318,0.32133564352989197,-0.47787922620773315,2.0,0.08000276237726212,0.06893493980169296,0.32122430205345154,0.5916205644607544
1692309358.988729,"[label: ""height""
size: 3
stride: 15, label: ""width""
size: 5
stride: 5]",0,1.0,0.04214712604880333,0.06926053762435913,0.31097787618637085,-0.046671051532030106,0.0,0.004521987866610289,0.07017295807600021,0.3224681317806244,-0.4864043891429901,2.0,0.08011800050735474,0.06888603419065475,0.32277587056159973,0.5671522617340088
1692309359.0931876,"[label: ""height""
size: 3
stride: 15, label: ""width""
size: 5
stride: 5]",0,1.0,0.041875969618558884,0.06947638094425201,0.31153327226638794,-0.008843772113323212,0.0,0.003984128590673208,0.070317342877388,0.32192787528038025,-0.4908251464366913,2.0,0.08024619519710541,0.06959172338247299,0.3254697322845459,0.5611060261726379
1692309359.1901536,"[label: ""height""
size: 3
stride: 15, label: ""width""
size: 5
stride: 5]",0,1.0,0.04188333451747894,0.06903882324695587,0.313685804605484,-0.033921919763088226,0.0,0.003676849650219083,0.06883791089057922,0.31930291652679443,-0.5033389925956726,2.0,0.07936590164899826,0.068280890583992,0.32238978147506714,0.5797496438026428
1692309359.294899,"[label: ""height""
size: 3
stride: 15, label: ""width""
size: 5
stride: 5]",0,1.0,0.04173414409160614,0.06912796944379807,0.3123961389064789,-0.009642548859119415,0.0,0.003678439185023308,0.06937986612319946,0.3193960189819336,-0.5027479529380798,2.0,0.07966764271259308,0.06879864633083344,0.32363077998161316,0.5762907266616821
1692309359.390116,"[label: ""height""
size: 3
stride: 15, label: ""width""
size: 5
stride: 5]",0,1.0,0.04237790033221245,0.06876073032617569,0.31434914469718933,-0.013079305179417133,0.0,0.00396418571472168,0.0686124861240387,0.3207913041114807,-0.49565258622169495,2.0,0.08005180209875107,0.06787999719381332,0.3230381906032562,0.577989935874939
1692309359.4952507,"[label: ""height""
size: 3
stride: 15, label: ""width""
size: 5
stride: 5]",0,1.0,0.042755722999572754,0.06861193478107452,0.3123762309551239,-0.00902815442532301,0.0,0.0046866596676409245,0.06951746344566345,0.3236495852470398,-0.4648861885070801,2.0,0.08060222119092941,0.0677936002612114,0.3225977122783661,0.5664607286453247
1692309359.589606,"[label: ""height""
size: 3
stride: 15, label: ""width""
size: 5
stride: 5]",0,1.0,0.04446333646774292,0.06802303344011307,0.3137500286102295,-0.03274904564023018,0.0,0.005912274122238159,0.06786571443080902,0.31966647505760193,-0.49201780557632446,2.0,0.08167808502912521,0.06670746207237244,0.3205835819244385,0.5695308446884155
1692309359.6921408,"[label: ""height""
size: 3
stride: 15, label: ""width""
size: 5
stride: 5]",0,1.0,0.045991238206624985,0.06734853237867355,0.31114476919174194,-0.0472601056098938,0.0,0.007879592478275299,0.0678672194480896,0.32021817564964294,-0.5133731961250305,2.0,0.08402557671070099,0.06679282337427139,0.32103389501571655,0.5731176137924194
1692309359.788037,"[label: ""height""
size: 3
stride: 15, label: ""width""
size: 5
stride: 5]",0,1.0,0.04882539436221123,0.06700929254293442,0.31076493859291077,-0.08498769253492355,0.0,0.010767845436930656,0.06756862998008728,0.3199893832206726,-0.48900508880615234,2.0,0.08687746524810791,0.0666746199131012,0.3204094171524048,0.5584658980369568
1692309359.8917007,"[label: ""height""
size: 3
stride: 15, label: ""width""
size: 5
stride: 5]",0,1.0,0.051048796623945236,0.06695571541786194,0.3079536557197571,-0.06884250044822693,0.0,0.013370637781918049,0.06777627766132355,0.31976011395454407,-0.501955509185791,2.0,0.08948682993650436,0.06665739417076111,0.3184819519519806,0.5578138828277588
1692309359.9917989,"[label: ""height""
size: 3
stride: 15, label: ""width""
size: 5
stride: 5]",0,1.0,0.05360455811023712,0.06598580628633499,0.30814623832702637,-0.06942629814147949,0.0,0.01594954915344715,0.06671534478664398,0.3191477060317993,-0.5125706791877747,2.0,0.09339088201522827,0.06647556275129318,0.3225586712360382,0.5290940403938293
1692309360.0927043,"[label: ""height""
size: 3
stride: 15, label: ""width""
size: 5
stride: 5]",0,1.0,0.05596311390399933,0.0665220320224762,0.30660876631736755,-0.07971298694610596,0.0,0.018466627225279808,0.0672110766172409,0.3177297115325928,-0.5309396386146545,2.0,0.09408021718263626,0.06591859459877014,0.31551769375801086,0.5347579121589661
1692309360.1906269,"[label: ""height""
size: 3
stride: 15, label: ""width""
size: 5
stride: 5]",0,1.0,0.05854235589504242,0.06491945683956146,0.3069581985473633,-0.07758158445358276,0.0,0.020592082291841507,0.06491260230541229,0.3147605061531067,-0.5575075745582581,2.0,0.09813588112592697,0.06493373960256577,0.31951236724853516,0.516850471496582
1692309360.2925684,"[label: ""height""
size: 3
stride: 15, label: ""width""
size: 5
stride: 5]",0,1.0,0.06080273538827896,0.0658692792057991,0.3050971031188965,-0.08830446749925613,0.0,0.023456266149878502,0.06648776680231094,0.3167034983634949,-0.5381225347518921,2.0,0.09968054294586182,0.06535380333662033,0.315264493227005,0.5236570239067078
1692309360.3918362,"[label: ""height""
size: 3
stride: 15, label: ""width""
size: 5
stride: 5]",0,0.0,0.02551175467669964,0.0652400329709053,0.31515124440193176,-0.5733773112297058,2.0,0.10280570387840271,0.06523212790489197,0.3177852928638458,0.4916656017303467,1.0,0.06344372034072876,0.06551554054021835,0.30779674649238586,-0.1278189867734909
1692309360.494654,"[label: ""height""
size: 3
stride: 15, label: ""width""
size: 5
stride: 5]",0,1.0,0.06620659679174423,0.06543558090925217,0.3070892095565796,-0.11008787155151367,0.0,0.028924832120537758,0.06660810112953186,0.32100218534469604,-0.512498676776886,2.0,0.10530497133731842,0.06522678583860397,0.3159065544605255,0.49192702770233154
1692309360.5882146,"[label: ""height""
size: 3
stride: 15, label: ""width""
size: 5
stride: 5]",0,1.0,0.06777416914701462,0.06578299403190613,0.30620133876800537,-0.10761474817991257,0.0,0.0305034089833498,0.066351018846035,0.318663090467453,-0.5677695870399475,2.0,0.10735203325748444,0.06521522253751755,0.3158445954322815,0.4880980849266052
1692309360.689761,"[label: ""height""
size: 3
stride: 15, label: ""width""
size: 5
stride: 5]",0,1.0,0.06824231892824173,0.0649050921201706,0.30433353781700134,-0.0985850840806961,0.0,0.03126579150557518,0.066176638007164,0.3183194696903229,-0.5416508316993713,2.0,0.10747171938419342,0.06472630053758621,0.3146706223487854,0.49030351638793945
1692309360.7882936,"[label: ""height""
size: 3
stride: 15, label: ""width""
size: 5
stride: 5]",0,1.0,0.06738965213298798,0.0654967725276947,0.30303898453712463,-0.04100872203707695,0.0,0.030699146911501884,0.06671709567308426,0.317865788936615,-0.5407342314720154,2.0,0.10700610280036926,0.06578564643859863,0.3148171305656433,0.4909128248691559
1692309360.892773,"[label: ""height""
size: 3
stride: 15, label: ""width""
size: 5
stride: 5]",0,0.0,0.028846126049757004,0.06640640646219254,0.3189442753791809,-0.5441458225250244,1.0,0.06690096855163574,0.06614004820585251,0.30891597270965576,-0.06669756025075912,2.0,0.10649164766073227,0.06589832901954651,0.3190784156322479,0.5109343528747559
1692309360.9918842,"[label: ""height""
size: 3
stride: 15, label: ""width""
size: 5
stride: 5]",0,1.0,0.06266243010759354,0.06640356779098511,0.30431368947029114,-0.06570933014154434,0.0,0.025375323370099068,0.0672975480556488,0.3163687288761139,-0.5322774052619934,2.0,0.101540207862854,0.06633981317281723,0.31502246856689453,0.5298139452934265
1692309361.0926208,"[label: ""height""
size: 3
stride: 15, label: ""width""
size: 5
stride: 5]",0,1.0,0.06006304919719696,0.06543330103158951,0.30701181292533875,-0.0762055367231369,0.0,0.022494817152619362,0.06626500189304352,0.317673921585083,-0.5276816487312317,2.0,0.09907101094722748,0.06524817645549774,0.3178770840167999,0.5282369256019592
1692309361.1916714,"[label: ""height""
size: 3
stride: 15, label: ""width""
size: 5
stride: 5]",0,1.0,0.056689370423555374,0.06697957217693329,0.30543407797813416,-0.013875258155167103,0.0,0.019280631095170975,0.06847220659255981,0.3200824558734894,-0.5002315044403076,2.0,0.09566229581832886,0.06704545021057129,0.3177858293056488,0.536520779132843
1692309361.2930362,"[label: ""height""
size: 3
stride: 15, label: ""width""
size: 5
stride: 5]",0,1.0,0.05342533439397812,0.06660553812980652,0.30698177218437195,-0.045477017760276794,0.0,0.01591745764017105,0.06774929910898209,0.31856557726860046,-0.5137438178062439,2.0,0.09284340590238571,0.06663242727518082,0.3201864957809448,0.5460143685340881
1692309361.3934793,"[label: ""height""
size: 3
stride: 15, label: ""width""
size: 5
stride: 5]",0,1.0,0.0508519783616066,0.06725431233644485,0.30650022625923157,-0.02413339540362358,0.0,0.013100674375891685,0.0678720697760582,0.3166464567184448,-0.5048218369483948,2.0,0.08924441039562225,0.06719202548265457,0.31854724884033203,0.5580893158912659
1692309361.494802,"[label: ""height""
size: 3
stride: 15, label: ""width""
size: 5
stride: 5]",0,1.0,0.04792829975485802,0.06735160946846008,0.3077780604362488,-0.006181328557431698,0.0,0.009898042306303978,0.06835475564002991,0.3177369236946106,-0.5028463006019592,2.0,0.08637838065624237,0.06721795350313187,0.32050415873527527,0.5593469142913818
1692309361.586816,"[label: ""height""
size: 3
stride: 15, label: ""width""
size: 5
stride: 5]",0,1.0,0.04610515758395195,0.06780511885881424,0.3092421591281891,-0.03122548945248127,0.0,0.007966314442455769,0.0683981254696846,0.3179449141025543,-0.4785950183868408,2.0,0.08382205665111542,0.06722957640886307,0.31874409317970276,0.5696307420730591
1692309361.6882005,"[label: ""height""
size: 3
stride: 15, label: ""width""
size: 5
stride: 5]",0,1.0,0.04280366003513336,0.06787461042404175,0.30782657861709595,0.03101004660129547,0.0,0.004711348097771406,0.0690058022737503,0.31703630089759827,-0.4533558785915375,2.0,0.08093948662281036,0.06789642572402954,0.32129916548728943,0.5794177055358887
1692309361.7917624,"[label: ""height""
size: 3
stride: 15, label: ""width""
size: 5
stride: 5]",0,1.0,0.040295131504535675,0.0684012919664383,0.3079342246055603,0.03025956079363823,0.0,0.002351027214899659,0.06922794878482819,0.3163999617099762,-0.4833923578262329,2.0,0.0784185528755188,0.06840239465236664,0.3211943209171295,0.5952964425086975
1692309361.8896866,"[label: ""height""
size: 3
stride: 15, label: ""width""
size: 5
stride: 5]",0,1.0,0.03769627958536148,0.06845477223396301,0.3098548352718353,-0.027515225112438202,0.0,-0.000750527367927134,0.06924104690551758,0.31696322560310364,-0.47262683510780334,2.0,0.07527018338441849,0.0678800418972969,0.32121706008911133,0.6024959087371826
1692309361.9876106,"[label: ""height""
size: 3
stride: 15, label: ""width""
size: 5
stride: 5]",0,1.0,0.03508052974939346,0.06877700239419937,0.30611538887023926,0.06868767738342285,0.0,-0.00282802595756948,0.07075053453445435,0.319166362285614,-0.44843563437461853,2.0,0.07237385213375092,0.06879425793886185,0.32001835107803345,0.611321210861206
1692309362.08789,"[label: ""height""
size: 3
stride: 15, label: ""width""
size: 5
stride: 5]",0,1.0,0.03342996537685394,0.0692240297794342,0.31115368008613586,0.010241794399917126,0.0,-0.004884868394583464,0.06964972615242004,0.31592631340026855,-0.4639987349510193,2.0,0.07101473957300186,0.06859640777111053,0.32219889760017395,0.6101693511009216
1692309362.1953695,"[label: ""height""
size: 3
stride: 15, label: ""width""
size: 5
stride: 5]",0,1.0,0.031876351684331894,0.0703737884759903,0.3106134533882141,0.04185006767511368,0.0,-0.006490321364253759,0.07183441519737244,0.3198355734348297,-0.4357684850692749,2.0,0.06972286105155945,0.0706242099404335,0.3248056471347809,0.6064302921295166
1692309362.2951522,"[label: ""height""
size: 3
stride: 15, label: ""width""
size: 5
stride: 5]",0,1.0,0.029713165014982224,0.06880079954862595,0.30789461731910706,0.046860236674547195,0.0,-0.008521459065377712,0.07003273069858551,0.31697967648506165,-0.4462548494338989,2.0,0.0667344257235527,0.06811631470918655,0.3193393051624298,0.6276359558105469
1692309362.3858933,"[label: ""height""
size: 3
stride: 15, label: ""width""
size: 5
stride: 5]",0,1.0,0.028330132365226746,0.07092221081256866,0.3108016848564148,0.04110540822148323,0.0,-0.010124249383807182,0.07225430756807327,0.31885647773742676,-0.4288126826286316,2.0,0.06542199105024338,0.07012439519166946,0.32191064953804016,0.6241775155067444
1692309362.488075,"[label: ""height""
size: 3
stride: 15, label: ""width""
size: 5
stride: 5]",0,1.0,0.026187121868133545,0.06993080675601959,0.30925658345222473,0.06629079580307007,0.0,-0.012020556256175041,0.07084847241640091,0.3167133927345276,-0.4543535113334656,2.0,0.063311867415905,0.06959326565265656,0.3218945860862732,0.6293489933013916
1692309362.5866933,"[label: ""height""
size: 3
stride: 15, label: ""width""
size: 5
stride: 5]",0,1.0,0.02367047779262066,0.07099615782499313,0.3095005452632904,0.06469224393367767,0.0,-0.014733314514160156,0.07297664880752563,0.3197992146015167,-0.42683854699134827,2.0,0.06072939559817314,0.07070418447256088,0.32217058539390564,0.6349879503250122
1692309362.6869338,"[label: ""height""
size: 3
stride: 15, label: ""width""
size: 5
stride: 5]",0,0.0,-0.01687786914408207,0.07169659435749054,0.3158127963542938,-0.41469866037368774,1.0,0.02154734916985035,0.07083813846111298,0.3091713488101959,0.11955522000789642,2.0,0.05893174186348915,0.07084589451551437,0.3246416747570038,0.6431713700294495
1692309362.7842681,"[label: ""height""
size: 3
stride: 15, label: ""width""
size: 5
stride: 5]",0,1.0,0.018172327429056168,0.07153856009244919,0.3113132119178772,0.03854529932141304,0.0,-0.02046031691133976,0.07288775593042374,0.31937986612319946,-0.4137520492076874,2.0,0.05520765855908394,0.07093789428472519,0.32382211089134216,0.6453838348388672
1692309362.8859794,"[label: ""height""
size: 3
stride: 15, label: ""width""
size: 5
stride: 5]",0,0.0,-0.023198552429676056,0.07227416336536407,0.31562238931655884,-0.4115963578224182,1.0,0.01549757830798626,0.07145677506923676,0.30969133973121643,0.12308169156312943,2.0,0.05181793123483658,0.07076777517795563,0.3224904537200928,0.6565552353858948
1692309362.986285,"[label: ""height""
size: 3
stride: 15, label: ""width""
size: 5
stride: 5]",0,0.0,-0.025396283715963364,0.07192064821720123,0.3139660358428955,-0.4150674045085907,1.0,0.012970964424312115,0.07150332629680634,0.3099077343940735,0.1247297152876854,2.0,0.049882639199495316,0.071077860891819,0.32452380657196045,0.6674392223358154
1692309363.0875423,"[label: ""height""
size: 3
stride: 15, label: ""width""
size: 5
stride: 5]",0,0.0,-0.02679169364273548,0.07222267240285873,0.3153790831565857,-0.403591126203537,1.0,0.01156821008771658,0.07088577747344971,0.3070514500141144,0.0948503315448761,2.0,0.048356443643569946,0.07098829001188278,0.32407549023628235,0.6622064113616943
1692309363.191738,"[label: ""height""
size: 3
stride: 15, label: ""width""
size: 5
stride: 5]",0,0.0,-0.02783358283340931,0.07193385809659958,0.312409907579422,-0.4176879823207855,1.0,0.010512745939195156,0.07172682881355286,0.3105682134628296,0.056546401232481,2.0,0.046831659972667694,0.07032860070466995,0.3199300467967987,0.6664767861366272
1692309363.2928798,"[label: ""height""
size: 3
stride: 15, label: ""width""
size: 5
stride: 5]",0,0.0,-0.02817259542644024,0.0721060037612915,0.31482797861099243,-0.41763603687286377,1.0,0.010174848139286041,0.0714338943362236,0.31034165620803833,0.10886230319738388,2.0,0.04720465466380119,0.07104850560426712,0.3243759572505951,0.6539939045906067
1692309363.3936331,"[label: ""height""
size: 3
stride: 15, label: ""width""
size: 5
stride: 5]",0,0.0,-0.028418784961104393,0.07202069461345673,0.3132757544517517,-0.41365736722946167,1.0,0.010019190609455109,0.07152707129716873,0.3100578188896179,0.08714869618415833,2.0,0.04614553600549698,0.07028146833181381,0.3196955919265747,0.6789681911468506
1692309363.4997911,"[label: ""height""
size: 3
stride: 15, label: ""width""
size: 5
stride: 5]",0,0.0,-0.029298320412635803,0.0720045268535614,0.3143603205680847,-0.4320618510246277,1.0,0.009160760790109634,0.07109366357326508,0.30962178111076355,0.13525241613388062,2.0,0.04619920626282692,0.07096542418003082,0.32573604583740234,0.6418176889419556
1692309363.594606,"[label: ""height""
size: 3
stride: 15, label: ""width""
size: 5
stride: 5]",0,0.0,-0.030226727947592735,0.07261013984680176,0.31477269530296326,-0.4126124382019043,1.0,0.008397077210247517,0.07117030024528503,0.3079737722873688,0.17468421161174774,2.0,0.04503579065203667,0.07103515416383743,0.32305416464805603,0.6734915971755981
1692309363.693482,"[label: ""height""
size: 3
stride: 15, label: ""width""
size: 5
stride: 5]",0,0.0,-0.031653210520744324,0.07188485562801361,0.3149874806404114,-0.39203357696533203,1.0,0.00697713065892458,0.07106565684080124,0.310280978679657,0.08845372498035431,2.0,0.04341714084148407,0.06982902437448502,0.321816086769104,0.6701162457466125
1692309363.7912104,"[label: ""height""
size: 3
stride: 15, label: ""width""
size: 5
stride: 5]",0,0.0,-0.0327831469476223,0.07257289439439774,0.31459909677505493,-0.4070891737937927,1.0,0.005878107156604528,0.0716431736946106,0.31055912375450134,0.12903238832950592,2.0,0.042381320148706436,0.07038357853889465,0.3219508230686188,0.6725113391876221
1692309363.8967555,"[label: ""height""
size: 3
stride: 15, label: ""width""
size: 5
stride: 5]",0,0.0,-0.034306105226278305,0.07219026237726212,0.31689590215682983,-0.39286428689956665,1.0,0.004442243836820126,0.07065334916114807,0.3090844452381134,0.11310427635908127,2.0,0.04103008285164833,0.06991308182477951,0.3227371275424957,0.6640770435333252
1692309363.9943528,"[label: ""height""
size: 3
stride: 15, label: ""width""
size: 5
stride: 5]",0,0.0,-0.03431451693177223,0.07272713631391525,0.31697794795036316,-0.3923458158969879,1.0,0.0044380780309438705,0.07162416726350784,0.3105159401893616,0.0881667286157608,2.0,0.04087435454130173,0.0702904611825943,0.32148465514183044,0.6673445701599121
1692309364.0959501,"[label: ""height""
size: 3
stride: 15, label: ""width""
size: 5
stride: 5]",0,0.0,-0.03392964228987694,0.07240581512451172,0.3171193301677704,-0.37616997957229614,1.0,0.004946460947394371,0.07110125571489334,0.3104505240917206,0.08879591524600983,2.0,0.04132041335105896,0.06984387338161469,0.3218919038772583,0.6755014657974243
1692309364.1925168,"[label: ""height""
size: 3
stride: 15, label: ""width""
size: 5
stride: 5]",0,0.0,-0.03222282603383064,0.07260496914386749,0.31805136799812317,-0.40569841861724854,1.0,0.00646967301145196,0.0710744857788086,0.31032297015190125,0.08854829519987106,2.0,0.0432962141931057,0.07042579352855682,0.3239183723926544,0.6549277305603027
1692309364.2961602,"[label: ""height""
size: 3
stride: 15, label: ""width""
size: 5
stride: 5]",0,0.0,-0.030374042689800262,0.07204535603523254,0.31621116399765015,-0.43438491225242615,1.0,0.007991636171936989,0.07104816287755966,0.31019774079322815,0.08824758231639862,2.0,0.044724564999341965,0.0698157325387001,0.3217492997646332,0.6667514443397522
1692309364.392376,"[label: ""height""
size: 3
stride: 15, label: ""width""
size: 5
stride: 5]",0,1.0,0.010681076906621456,0.0709046870470047,0.31024542450904846,0.10986320674419403,0.0,-0.027602404356002808,0.07134131342172623,0.31414908170700073,-0.4257057011127472,2.0,0.04751048982143402,0.06984857469797134,0.32191383838653564,0.6486605405807495
1692309364.4967382,"[label: ""height""
size: 3
stride: 15, label: ""width""
size: 5
stride: 5]",0,0.0,-0.025416186079382896,0.07191845029592514,0.31560850143432617,-0.450143039226532,1.0,0.012816935777664185,0.07129736989736557,0.31140390038490295,0.03657805919647217,2.0,0.04967157170176506,0.07027599960565567,0.3214079439640045,0.6339192986488342
1692309364.5954463,"[label: ""height""
size: 3
stride: 15, label: ""width""
size: 5
stride: 5]",0,1.0,0.015078495256602764,0.07164949178695679,0.3101956844329834,0.06035150587558746,0.0,-0.023222437128424644,0.07219088822603226,0.3157046139240265,-0.4431065320968628,2.0,0.05204225704073906,0.07080881297588348,0.3214353621006012,0.6279019713401794
1692309364.6964645,"[label: ""height""
size: 3
stride: 15, label: ""width""
size: 5
stride: 5]",0,1.0,0.016635578125715256,0.07169662415981293,0.3112484812736511,0.033902090042829514,0.0,-0.021480107679963112,0.07235686480998993,0.3164845108985901,-0.4723891615867615,2.0,0.054338689893484116,0.07151764631271362,0.32582053542137146,0.6103087663650513
1692309364.7892811,"[label: ""height""
size: 3
stride: 15, label: ""width""
size: 5
stride: 5]",0,1.0,0.018116911873221397,0.07211355865001678,0.30998289585113525,0.061491988599300385,0.0,-0.0200868621468544,0.0730128362774849,0.31712475419044495,-0.4590177834033966,2.0,0.05510491132736206,0.07138560712337494,0.3216777741909027,0.6089430451393127
1692309364.8995354,"[label: ""height""
size: 3
stride: 15, label: ""width""
size: 5
stride: 5]",0,1.0,0.01887253113090992,0.07200340926647186,0.3102538287639618,0.03512651473283768,0.0,-0.019131889566779137,0.0729825496673584,0.31862667202949524,-0.4533068835735321,2.0,0.056915637105703354,0.07210832089185715,0.32609570026397705,0.5923233032226562
1692309364.9937673,"[label: ""height""
size: 3
stride: 15, label: ""width""
size: 5
stride: 5]",0,1.0,0.019380273297429085,0.07251015305519104,0.3102475106716156,0.03491862863302231,0.0,-0.018617674708366394,0.07353212684392929,0.31875407695770264,-0.4539838135242462,2.0,0.05721915140748024,0.07247032225131989,0.324769526720047,0.5946855545043945
1692309365.091119,"[label: ""height""
size: 3
stride: 15, label: ""width""
size: 5
stride: 5]",0,1.0,0.01917935162782669,0.07167471945285797,0.3111453950405121,0.034091878682374954,0.0,-0.019118184223771095,0.07304934412240982,0.3206191062927246,-0.45809245109558105,2.0,0.05723503604531288,0.07191365957260132,0.32639801502227783,0.5908699035644531
1692309365.1884804,"[label: ""height""
size: 3
stride: 15, label: ""width""
size: 5
stride: 5]",0,1.0,0.01816234365105629,0.07270589470863342,0.3111981749534607,0.0336197130382061,0.0,-0.020051732659339905,0.07423414289951324,0.3207744359970093,-0.46739569306373596,2.0,0.05568179488182068,0.07247128337621689,0.32352882623672485,0.603193461894989
1692309365.29086,"[label: ""height""
size: 3
stride: 15, label: ""width""
size: 5
stride: 5]",0,1.0,0.01613757386803627,0.07138901203870773,0.3090902864933014,0.028462020680308342,0.0,-0.02208498679101467,0.0733298733830452,0.32193297147750854,-0.44335639476776123,2.0,0.054051339626312256,0.07193921506404877,0.3265249729156494,0.5982926487922668
1692309365.3882964,"[label: ""height""
size: 3
stride: 15, label: ""width""
size: 5
stride: 5]",0,0.0,-0.025467170402407646,0.07422110438346863,0.31789565086364746,-0.45456254482269287,1.0,0.012561880052089691,0.07326605916023254,0.3114287555217743,0.032791588455438614,2.0,0.049974262714385986,0.07290345430374146,0.3242904841899872,0.6140417456626892
1692309365.4860973,"[label: ""height""
size: 3
stride: 15, label: ""width""
size: 5
stride: 5]",0,1.0,0.008993511088192463,0.07278590649366379,0.31156906485557556,0.03235643729567528,0.0,-0.02911865897476673,0.073482945561409,0.31805121898651123,-0.4418589174747467,2.0,0.046287208795547485,0.07193848490715027,0.32352349162101746,0.6376752257347107
1692309365.5844145,"[label: ""height""
size: 3
stride: 15, label: ""width""
size: 5
stride: 5]",0,0.0,-0.03392008692026138,0.07451028376817703,0.3168333172798157,-0.409477561712265,1.0,0.004400060512125492,0.07384762167930603,0.3117537498474121,0.03085816092789173,2.0,0.0413067489862442,0.07307956367731094,0.3239102363586426,0.6494373083114624
1692309365.685317,"[label: ""height""
size: 3
stride: 15, label: ""width""
size: 5
stride: 5]",0,1.0,0.0008236519061028957,0.07387647777795792,0.3118857443332672,0.029775947332382202,0.0,-0.037519749253988266,0.07445763051509857,0.3165930211544037,-0.4018977880477905,2.0,0.03761487081646919,0.07311214506626129,0.32406800985336304,0.6587939858436584
1692309365.7861683,"[label: ""height""
size: 3
stride: 15, label: ""width""
size: 5
stride: 5]",0,0.0,-0.041171371936798096,0.0742572695016861,0.31682106852531433,-0.3894442021846771,1.0,-0.0025231700856238604,0.07264766097068787,0.30818989872932434,0.10027746856212616,2.0,0.034264858812093735,0.07322382181882858,0.32632723450660706,0.6498387455940247
1692309365.890393,"[label: ""height""
size: 3
stride: 15, label: ""width""
size: 5
stride: 5]",0,1.0,-0.004404652863740921,0.07298818975687027,0.3097588121891022,0.13787370920181274,0.0,-0.04316669702529907,0.07437675446271896,0.3162243366241455,-0.39035528898239136,2.0,0.03229856863617897,0.0731077566742897,0.3252865970134735,0.6792500019073486
1692309365.984998,"[label: ""height""
size: 3
stride: 15, label: ""width""
size: 5
stride: 5]",0,0.0,-0.043670136481523514,0.07369421422481537,0.31228190660476685,-0.4083629846572876,1.0,-0.0052857063710689545,0.07346902787685394,0.31032538414001465,0.15688291192054749,2.0,0.031190309673547745,0.07250747084617615,0.3220088481903076,0.6709432005882263
1692309366.0863266,"[label: ""height""
size: 3
stride: 15, label: ""width""
size: 5
stride: 5]",0,0.0,-0.04309892654418945,0.07295943051576614,0.3108213543891907,-0.4284149408340454,1.0,-0.005008982960134745,0.07265383005142212,0.30739039182662964,0.12767480313777924,2.0,0.03147709742188454,0.07306323945522308,0.3250679671764374,0.6603862047195435
1692309366.1843274,"[label: ""height""
size: 3
stride: 15, label: ""width""
size: 5
stride: 5]",0,1.0,-0.004226177930831909,0.07384154945611954,0.31134355068206787,0.08483260124921799,0.0,-0.04261227697134018,0.07418077439069748,0.3148862421512604,-0.41067561507225037,2.0,0.03239664435386658,0.07255686074495316,0.32224592566490173,0.6561172604560852
1692309366.2852414,"[label: ""height""
size: 3
stride: 15, label: ""width""
size: 5
stride: 5]",0,1.0,-0.003496350720524788,0.07261808961629868,0.3072272539138794,0.1273701786994934,0.0,-0.04192172363400459,0.07408754527568817,0.31446313858032227,-0.42754626274108887,2.0,0.033288728445768356,0.07248929888010025,0.32192039489746094,0.6654305458068848
1692309366.3858035,"[label: ""height""
size: 3
stride: 15, label: ""width""
size: 5
stride: 5]",0,1.0,-0.002906039822846651,0.07250821590423584,0.30677735805511475,0.08387258648872375,0.0,-0.04132688418030739,0.0741862803697586,0.3149039149284363,-0.4129811227321625,2.0,0.03397170454263687,0.07254377007484436,0.32218191027641296,0.6520076990127563
1692309366.4900079,"[label: ""height""
size: 3
stride: 15, label: ""width""
size: 5
stride: 5]",0,1.0,-0.002523920265957713,0.07315639406442642,0.30820706486701965,0.0996677353978157,0.0,-0.040901392698287964,0.0741020143032074,0.3145289421081543,-0.4296964704990387,2.0,0.034768037497997284,0.07325954735279083,0.32477691769599915,0.6427016258239746
1692309366.5920746,"[label: ""height""
size: 3
stride: 15, label: ""width""
size: 5
stride: 5]",0,1.0,-0.0010083637898787856,0.07261942327022552,0.30806273221969604,0.09969445317983627,0.0,-0.03965473920106888,0.07380323857069016,0.3159791827201843,-0.41443049907684326,2.0,0.035899385809898376,0.07191845774650574,0.32171037793159485,0.6589296460151672
1692309366.6922824,"[label: ""height""
size: 3
stride: 15, label: ""width""
size: 5
stride: 5]",0,1.0,0.0005051522748544812,0.07259173691272736,0.3079380691051483,0.09906844049692154,0.0,-0.03794136270880699,0.07372427731752396,0.3156198561191559,-0.4337311387062073,2.0,0.037583254277706146,0.07212886214256287,0.32149752974510193,0.6455893516540527
1692309366.7929971,"[label: ""height""
size: 3
stride: 15, label: ""width""
size: 5
stride: 5]",0,1.0,0.0020772903226315975,0.07210269570350647,0.3068278133869171,0.04175940901041031,0.0,-0.03612734004855156,0.07327651232481003,0.3143153488636017,-0.45744094252586365,2.0,0.03910570219159126,0.07128069549798965,0.3177623748779297,0.6403450965881348
1692309366.8870487,"[label: ""height""
size: 3
stride: 15, label: ""width""
size: 5
stride: 5]",0,1.0,0.003582455450668931,0.07153312116861343,0.3073035478591919,0.030506059527397156,0.0,-0.03484894707798958,0.07269903272390366,0.3156621754169464,-0.4413345754146576,2.0,0.04124574735760689,0.07132300734519958,0.3213704228401184,0.6128737330436707
1692309366.9881759,"[label: ""height""
size: 3
stride: 15, label: ""width""
size: 5
stride: 5]",0,1.0,0.00564692635089159,0.07239312678575516,0.30848968029022217,-0.06491993367671967,0.0,-0.03252584487199783,0.07348717749118805,0.3169068694114685,-0.4546544849872589,2.0,0.043381962925195694,0.07184485346078873,0.31964194774627686,0.6133543848991394
1692309367.086799,"[label: ""height""
size: 3
stride: 15, label: ""width""
size: 5
stride: 5]",0,1.0,0.007682208437472582,0.06986770033836365,0.3042042851448059,0.051779262721538544,0.0,-0.03047519363462925,0.07122031599283218,0.31433552503585815,-0.4721091687679291,2.0,0.04548286274075508,0.07003314793109894,0.3197048604488373,0.6063197255134583
1692309367.1880949,"[label: ""height""
size: 3
stride: 15, label: ""width""
size: 5
stride: 5]",0,1.0,0.0096517289057374,0.07104089111089706,0.30456313490867615,0.017349058762192726,0.0,-0.028477776795625687,0.07209347933530807,0.3136039078235626,-0.4669577479362488,2.0,0.04756797477602959,0.07114365696907043,0.31877461075782776,0.5941988229751587
1692309367.295632,"[label: ""height""
size: 3
stride: 15, label: ""width""
size: 5
stride: 5]",0,1.0,0.010228922590613365,0.06961271166801453,0.3030577301979065,0.02002800442278385,0.0,-0.02795380912721157,0.07103774696588516,0.3134711980819702,-0.46909552812576294,2.0,0.04785263165831566,0.06935165822505951,0.3171707093715668,0.597568929195404
1692309367.3966584,"[label: ""height""
size: 3
stride: 15, label: ""width""
size: 5
stride: 5]",0,1.0,0.012141750194132328,0.07038332521915436,0.3045724630355835,0.012862404808402061,0.0,-0.02599087916314602,0.07168838381767273,0.3145929276943207,-0.47062820196151733,2.0,0.0497509241104126,0.06988668441772461,0.3160175085067749,0.5961035490036011
1692309367.4957728,"[label: ""height""
size: 3
stride: 15, label: ""width""
size: 5
stride: 5]",0,1.0,0.013676472939550877,0.069639652967453,0.3034791350364685,-0.02445230260491371,0.0,-0.024302367120981216,0.07024069130420685,0.31095418334007263,-0.47814100980758667,2.0,0.05125080421566963,0.06924214214086533,0.3149060010910034,0.5842972993850708
1692309367.5965517,"[label: ""height""
size: 3
stride: 15, label: ""width""
size: 5
stride: 5]",0,1.0,0.015834424644708633,0.06945731490850449,0.30491548776626587,-0.05368347838521004,0.0,-0.022395914420485497,0.07067601382732391,0.31468096375465393,-0.48006966710090637,2.0,0.05353352054953575,0.0686831995844841,0.31469157338142395,0.5790071487426758
1692309367.698328,"[label: ""height""
size: 3
stride: 15, label: ""width""
size: 5
stride: 5]",0,1.0,0.018352529034018517,0.06865518540143967,0.30113911628723145,-0.054235685616731644,0.0,-0.019181672483682632,0.0700422003865242,0.3124309182167053,-0.499274343252182,2.0,0.056811440736055374,0.06922033429145813,0.31650951504707336,0.5554271340370178
1692309367.7898266,"[label: ""height""
size: 3
stride: 15, label: ""width""
size: 5
stride: 5]",0,1.0,0.020352976396679878,0.06950520724058151,0.30514687299728394,-0.04681725800037384,0.0,-0.017777780070900917,0.07021117210388184,0.3149251341819763,-0.4917827248573303,2.0,0.05831214413046837,0.06870522350072861,0.3148002624511719,0.5561312437057495
1692309367.8916728,"[label: ""height""
size: 3
stride: 15, label: ""width""
size: 5
stride: 5]",0,1.0,0.02413589134812355,0.06867536157369614,0.3036251962184906,-0.018627969548106194,0.0,-0.013666556216776371,0.06973803043365479,0.3151332437992096,-0.5025407075881958,2.0,0.06246570497751236,0.06796123832464218,0.313649982213974,0.5495119690895081
1692309367.9908001,"[label: ""height""
size: 3
stride: 15, label: ""width""
size: 5
stride: 5]",0,1.0,0.026017220690846443,0.06870251148939133,0.30024129152297974,-0.08220668137073517,0.0,-0.011564020998775959,0.0702308788895607,0.31382641196250916,-0.5160325169563293,2.0,0.06437002867460251,0.06854919344186783,0.3123050928115845,0.5392202734947205
1692309368.0925725,"[label: ""height""
size: 3
stride: 15, label: ""width""
size: 5
stride: 5]",0,1.0,0.028786640614271164,0.06814534217119217,0.30196282267570496,-0.0621517151594162,0.0,-0.008972808718681335,0.06996399164199829,0.3179468810558319,-0.5160032510757446,2.0,0.06808745115995407,0.06859301775693893,0.31596189737319946,0.5302095413208008
1692309368.185905,"[label: ""height""
size: 3
stride: 15, label: ""width""
size: 5
stride: 5]",0,1.0,0.03022569790482521,0.06908898055553436,0.3020055294036865,-0.10859623551368713,0.0,-0.006928944960236549,0.06985165178775787,0.3127891421318054,-0.5356193780899048,2.0,0.06892973184585571,0.0685136541724205,0.3121265769004822,0.5290284156799316
1692309368.292769,"[label: ""height""
size: 3
stride: 15, label: ""width""
size: 5
stride: 5]",0,1.0,0.03197324648499489,0.06733408570289612,0.30075472593307495,-0.08386325091123581,0.0,-0.005392844323068857,0.0682809054851532,0.31262534856796265,-0.541287899017334,2.0,0.07093673944473267,0.06758905202150345,0.3131089210510254,0.5218670964241028
1692309368.3945916,"[label: ""height""
size: 3
stride: 15, label: ""width""
size: 5
stride: 5]",0,1.0,0.033715445548295975,0.0689513236284256,0.30209821462631226,-0.09154000133275986,0.0,-0.003844398772343993,0.06923187524080276,0.31058797240257263,-0.5553334951400757,2.0,0.07247288525104523,0.06848622113466263,0.3119889199733734,0.5212723016738892
1692309368.495208,"[label: ""height""
size: 3
stride: 15, label: ""width""
size: 5
stride: 5]",0,1.0,0.036697957664728165,0.06781088560819626,0.30217477679252625,-0.08689939230680466,0.0,-0.0010435067815706134,0.06748919934034348,0.3083250820636749,-0.5495641231536865,2.0,0.0752083957195282,0.06740356981754303,0.3116857409477234,0.5157612562179565
1692309368.5944428,"[label: ""height""
size: 3
stride: 15, label: ""width""
size: 5
stride: 5]",0,1.0,0.03986610844731331,0.06833578646183014,0.30042678117752075,-0.031946275383234024,0.0,0.002309468574821949,0.06959759443998337,0.3132536709308624,-0.5039587616920471,2.0,0.07830647379159927,0.0679793432354927,0.31078964471817017,0.5314142107963562
1692309368.695334,"[label: ""height""
size: 3
stride: 15, label: ""width""
size: 5
stride: 5]",0,1.0,0.043430402874946594,0.06768278032541275,0.2991776168346405,-0.09801075607538223,0.0,0.005809365771710873,0.06805793941020966,0.3098217844963074,-0.5348849296569824,2.0,0.08178475499153137,0.06740158051252365,0.30996519327163696,0.5559989213943481
1692309368.794463,"[label: ""height""
size: 3
stride: 15, label: ""width""
size: 5
stride: 5]",0,1.0,0.045538317412137985,0.06713647395372391,0.2981603443622589,-0.04394073784351349,0.0,0.008084454573690891,0.06793679296970367,0.30922961235046387,-0.5163236260414124,2.0,0.0841948613524437,0.06689035147428513,0.31043872237205505,0.5487496852874756
1692309368.8983238,"[label: ""height""
size: 3
stride: 15, label: ""width""
size: 5
stride: 5]",0,1.0,0.04702780768275261,0.06749996542930603,0.29830682277679443,-0.04225115105509758,0.0,0.009398046880960464,0.06755586713552475,0.3069566786289215,-0.521645188331604,2.0,0.08525699377059937,0.06689704209566116,0.3087491989135742,0.5512096881866455
1692309368.9983644,"[label: ""height""
size: 3
stride: 15, label: ""width""
size: 5
stride: 5]",0,1.0,0.047028299421072006,0.06701195985078812,0.29831066727638245,-0.04235585778951645,0.0,0.009523584507405758,0.06806717067956924,0.31036627292633057,-0.5010756254196167,2.0,0.08549325168132782,0.06681636720895767,0.31006941199302673,0.5562514066696167
1692309369.1014733,"[label: ""height""
size: 3
stride: 15, label: ""width""
size: 5
stride: 5]",0,1.0,0.04651966691017151,0.06763008236885071,0.2981851398944855,-0.04351655766367912,0.0,0.008934492245316505,0.06793376058340073,0.3080262541770935,-0.5125576853752136,2.0,0.08533566445112228,0.0678480938076973,0.31136053800582886,0.5537655353546143
1692309369.2142868,"[label: ""height""
size: 3
stride: 15, label: ""width""
size: 5
stride: 5]",0,1.0,0.04565265029668808,0.0669827088713646,0.29904887080192566,-0.06522686779499054,0.0,0.00797637365758419,0.06749684363603592,0.3095531165599823,-0.49921876192092896,2.0,0.08431103080511093,0.06691565364599228,0.31181031465530396,0.5646283030509949
1692309369.297574,"[label: ""height""
size: 3
stride: 15, label: ""width""
size: 5
stride: 5]",0,1.0,0.04573531448841095,0.06840885430574417,0.30073338747024536,0.0056966692209243774,0.0,0.0076207322999835014,0.06860963255167007,0.3100201189517975,-0.4783477485179901,2.0,0.0836440846323967,0.0679139792919159,0.3116930425167084,0.5758428573608398
1692309369.3955667,"[label: ""height""
size: 3
stride: 15, label: ""width""
size: 5
stride: 5]",0,1.0,0.04573211818933487,0.06692485511302948,0.30070778727531433,0.006396248936653137,0.0,0.007456734776496887,0.06727699935436249,0.308463454246521,-0.47113826870918274,2.0,0.08314812183380127,0.06638915836811066,0.3117366433143616,0.5957666635513306
1692309369.4980218,"[label: ""height""
size: 3
stride: 15, label: ""width""
size: 5
stride: 5]",0,1.0,0.04450806975364685,0.06853683292865753,0.30136555433273315,0.04017910361289978,0.0,0.006181859876960516,0.06861095130443573,0.30709853768348694,-0.4404527544975281,2.0,0.08185449987649918,0.06820400059223175,0.31363341212272644,0.6138830780982971
1692309369.594746,"[label: ""height""
size: 3
stride: 15, label: ""width""
size: 5
stride: 5]",0,1.0,0.03995058685541153,0.06808317452669144,0.30195102095603943,0.09644774347543716,0.0,0.001680237939581275,0.06874468177556992,0.3102076053619385,-0.44100096821784973,2.0,0.0772881731390953,0.06769607961177826,0.3154296278953552,0.6482216119766235
1692309369.6980238,"[label: ""height""
size: 3
stride: 15, label: ""width""
size: 5
stride: 5]",0,1.0,0.037404630333185196,0.06919118762016296,0.3036274313926697,0.06520845741033554,0.0,-0.0012231258442625403,0.06941048800945282,0.3101693391799927,-0.41417771577835083,2.0,0.07382737100124359,0.06824909895658493,0.31386879086494446,0.6601153016090393
1692309369.7955244,"[label: ""height""
size: 3
stride: 15, label: ""width""
size: 5
stride: 5]",0,1.0,0.03244868293404579,0.06767246127128601,0.299988716840744,0.10207169502973557,0.0,-0.005643260665237904,0.06885886192321777,0.3099483251571655,-0.3833919167518616,2.0,0.06996354460716248,0.06836356222629547,0.317945271730423,0.6706695556640625
1692309369.89623,"[label: ""height""
size: 3
stride: 15, label: ""width""
size: 5
stride: 5]",0,1.0,0.027509823441505432,0.06842543184757233,0.3019808232784271,0.14686395227909088,0.0,-0.011238336563110352,0.06895013898611069,0.3099234104156494,-0.4011082947254181,2.0,0.06396897882223129,0.0690053403377533,0.3185480237007141,0.674912691116333
1692309369.9960415,"[label: ""height""
size: 3
stride: 15, label: ""width""
size: 5
stride: 5]",0,1.0,0.02496315725147724,0.06952214986085892,0.3044998049736023,0.11544447392225266,0.0,-0.01383577287197113,0.06968867778778076,0.3085971474647522,-0.3850131332874298,2.0,0.06173992156982422,0.06957196444272995,0.32053127884864807,0.6758320927619934
1692309370.0967999,"[label: ""height""
size: 3
stride: 15, label: ""width""
size: 5
stride: 5]",0,1.0,0.02161899022758007,0.06943041831254959,0.3024948835372925,0.1572279930114746,0.0,-0.017142215743660927,0.06991257518529892,0.3092016577720642,-0.3690944015979767,2.0,0.057770323008298874,0.06959085911512375,0.3188660144805908,0.6899039149284363
1692309370.1940246,"[label: ""height""
size: 3
stride: 15, label: ""width""
size: 5
stride: 5]",0,1.0,0.020007792860269547,0.07026337832212448,0.3051854074001312,0.10523422807455063,0.0,-0.018954822793602943,0.07074665278196335,0.3099828064441681,-0.3602699041366577,2.0,0.055990803986787796,0.06974319368600845,0.3183833956718445,0.7052822113037109
1692309370.2961595,"[label: ""height""
size: 3
stride: 15, label: ""width""
size: 5
stride: 5]",0,1.0,0.019506065174937248,0.07011526077985764,0.3049389719963074,0.11869768053293228,0.0,-0.019118236377835274,0.06929857283830643,0.30588802695274353,-0.4041864275932312,2.0,0.05547306314110756,0.06974700093269348,0.318402498960495,0.7065890431404114
1692309370.3941321,"[label: ""height""
size: 3
stride: 15, label: ""width""
size: 5
stride: 5]",0,1.0,0.02050124667584896,0.07060570269823074,0.30489614605903625,0.11743535846471786,0.0,-0.018180307000875473,0.07084253430366516,0.30926600098609924,-0.40121787786483765,2.0,0.057082533836364746,0.07069596648216248,0.32089298963546753,0.6868359446525574
1692309370.4945877,"[label: ""height""
size: 3
stride: 15, label: ""width""
size: 5
stride: 5]",0,1.0,0.023237070068717003,0.07032942026853561,0.3047592043876648,0.11558209359645844,0.0,-0.01534699834883213,0.07018439471721649,0.30855050683021545,-0.3810008764266968,2.0,0.060579556971788406,0.07154517620801926,0.32420241832733154,0.6711750626564026
1692309370.5865133,"[label: ""height""
size: 3
stride: 15, label: ""width""
size: 5
stride: 5]",0,1.0,0.02617667429149151,0.07068291306495667,0.30646276473999023,0.03947153687477112,0.0,-0.012325041927397251,0.07007284462451935,0.30803608894348145,-0.425649493932724,2.0,0.06285778433084488,0.07025068998336792,0.31954148411750793,0.6755449771881104
1692309370.6988032,"[label: ""height""
size: 3
stride: 15, label: ""width""
size: 5
stride: 5]",0,1.0,0.029588239267468452,0.07115928828716278,0.3062960207462311,0.07743457704782486,0.0,-0.009113945998251438,0.07104253023862839,0.310672789812088,-0.4204579293727875,2.0,0.06664127111434937,0.07103803753852844,0.319501668214798,0.6555610299110413
1692309370.789415,"[label: ""height""
size: 3
stride: 15, label: ""width""
size: 5
stride: 5]",0,1.0,0.033246271312236786,0.07126699388027191,0.30798661708831787,0.0404837466776371,0.0,-0.0055741374380886555,0.0709841325879097,0.3120305836200714,-0.42102065682411194,2.0,0.06978610903024673,0.07050584256649017,0.3177386224269867,0.6425700783729553
1692309370.8930762,"[label: ""height""
size: 3
stride: 15, label: ""width""
size: 5
stride: 5]",0,1.0,0.03549030050635338,0.07053035497665405,0.30339381098747253,0.043172452598810196,0.0,-0.002518539782613516,0.07172053307294846,0.31473132967948914,-0.4134105443954468,2.0,0.07370951026678085,0.07157694548368454,0.32127687335014343,0.6255393624305725
1692309370.9880033,"[label: ""height""
size: 3
stride: 15, label: ""width""
size: 5
stride: 5]",0,1.0,0.037923414260149,0.07084287703037262,0.30601704120635986,0.04016641154885292,0.0,-0.0006101238541305065,0.07101863622665405,0.3126949667930603,-0.45143285393714905,2.0,0.07573240250349045,0.0716242864727974,0.3215027451515198,0.6105211973190308
1692309371.0923247,"[label: ""height""
size: 3
stride: 15, label: ""width""
size: 5
stride: 5]",0,1.0,0.039094503968954086,0.07059285789728165,0.30455708503723145,0.01737782172858715,0.0,0.0007983205723576248,0.07133127003908157,0.31415021419525146,-0.46214988827705383,2.0,0.07726901024580002,0.071087546646595,0.3202241063117981,0.6099218130111694
1692309371.189669,"[label: ""height""
size: 3
stride: 15, label: ""width""
size: 5
stride: 5]",0,1.0,0.041149694472551346,0.07065364718437195,0.3051086962223053,0.003929298371076584,0.0,0.0028442961629480124,0.0708039328455925,0.3136012852191925,-0.47017791867256165,2.0,0.0785539448261261,0.07033945620059967,0.31691789627075195,0.6140161752700806
1692309371.2937868,"[label: ""height""
size: 3
stride: 15, label: ""width""
size: 5
stride: 5]",0,1.0,0.04176719859242439,0.07066812366247177,0.30754080414772034,0.04312901198863983,0.0,0.0032259009312838316,0.07053963094949722,0.3128436803817749,-0.4611475467681885,2.0,0.07898548245429993,0.0698564350605011,0.3170963227748871,0.6030640006065369
1692309371.3891382,"[label: ""height""
size: 3
stride: 15, label: ""width""
size: 5
stride: 5]",0,1.0,0.04196209833025932,0.07016874104738235,0.30357497930526733,0.028476890176534653,0.0,0.003871010849252343,0.07082264125347137,0.31369033455848694,-0.4728962481021881,2.0,0.07957026362419128,0.07021615654230118,0.3163153827190399,0.6034218668937683
1692309371.4907806,"[label: ""height""
size: 3
stride: 15, label: ""width""
size: 5
stride: 5]",0,1.0,0.04146507382392883,0.06967151910066605,0.30357638001441956,0.028666429221630096,0.0,0.0033971539232879877,0.07095537334680557,0.3160037696361542,-0.45776864886283875,2.0,0.07957745343446732,0.06992506235837936,0.31791841983795166,0.5908939838409424
1692309371.5878153,"[label: ""height""
size: 3
stride: 15, label: ""width""
size: 5
stride: 5]",0,1.0,0.0410902202129364,0.06976067274808884,0.301705926656723,0.03179546818137169,0.0,0.0033575817942619324,0.07081328332424164,0.31364578008651733,-0.47153475880622864,2.0,0.07900074124336243,0.07028236985206604,0.31663548946380615,0.5943892002105713
1692309371.6905613,"[label: ""height""
size: 3
stride: 15, label: ""width""
size: 5
stride: 5]",0,1.0,0.0399848073720932,0.06936264783143997,0.30370596051216125,0.02261119894683361,0.0,0.0019460039911791682,0.07000938802957535,0.31276682019233704,-0.45911815762519836,2.0,0.07793563604354858,0.06932652741670609,0.3170466721057892,0.6056138873100281
1692309371.7883198,"[label: ""height""
size: 3
stride: 15, label: ""width""
size: 5
stride: 5]",0,1.0,0.03942923620343208,0.07052081823348999,0.3060808777809143,0.032696373760700226,0.0,0.0010605783900246024,0.07058359682559967,0.31255432963371277,-0.43809932470321655,2.0,0.0773802399635315,0.07042548060417175,0.3190555274486542,0.601918637752533
1692309371.8897493,"[label: ""height""
size: 3
stride: 15, label: ""width""
size: 5
stride: 5]",0,1.0,0.037468016147613525,0.06902045011520386,0.30330538749694824,0.04336659237742424,0.0,-0.0007454156875610352,0.06967439502477646,0.31310930848121643,-0.462026983499527,2.0,0.07463506609201431,0.06867118179798126,0.3151324987411499,0.6176396608352661
1692309371.9867444,"[label: ""height""
size: 3
stride: 15, label: ""width""
size: 5
stride: 5]",0,1.0,0.03618296608328819,0.07023410499095917,0.30629342794418335,0.02434021234512329,0.0,-0.002280719578266144,0.07071096450090408,0.3131592571735382,-0.4568614363670349,2.0,0.07364174723625183,0.06996626406908035,0.31812363862991333,0.6040615439414978
1692309372.0897827,"[label: ""height""
size: 3
stride: 15, label: ""width""
size: 5
stride: 5]",0,1.0,0.03425931930541992,0.0693480372428894,0.30442488193511963,0.06494114547967911,0.0,-0.003917262889444828,0.06946227699518204,0.31041866540908813,-0.4533805251121521,2.0,0.07150504738092422,0.06887175142765045,0.3161277174949646,0.6228864192962646
1692309372.1889,"[label: ""height""
size: 3
stride: 15, label: ""width""
size: 5
stride: 5]",0,1.0,0.032935164868831635,0.06958233565092087,0.3035842478275299,0.07741432636976242,0.0,-0.005438851658254862,0.0699620321393013,0.3103765547275543,-0.4489273130893707,2.0,0.07063289731740952,0.06981930136680603,0.3186453580856323,0.6088231801986694
1692309372.2896826,"[label: ""height""
size: 3
stride: 15, label: ""width""
size: 5
stride: 5]",0,1.0,0.031781721860170364,0.06938081234693527,0.3045822083950043,0.06499220430850983,0.0,-0.00645094458013773,0.06941767781972885,0.3102046251296997,-0.44696083664894104,2.0,0.06893885135650635,0.06889043748378754,0.31622207164764404,0.6288840770721436
1692309372.388166,"[label: ""height""
size: 3
stride: 15, label: ""width""
size: 5
stride: 5]",0,1.0,0.030930915847420692,0.06957230716943741,0.3063405752182007,0.03389162942767143,0.0,-0.007368277292698622,0.06965774297714233,0.3113584816455841,-0.45343267917633057,2.0,0.0684417337179184,0.06892823427915573,0.3181498348712921,0.6163802742958069
1692309372.490066,"[label: ""height""
size: 3
stride: 15, label: ""width""
size: 5
stride: 5]",0,1.0,0.030037496238946915,0.06906784325838089,0.3035274147987366,0.04533432051539421,0.0,-0.008444189094007015,0.07016260921955109,0.31419122219085693,-0.43094632029533386,2.0,0.06658667325973511,0.06820375472307205,0.31363871693611145,0.6410576701164246
1692309372.5871222,"[label: ""height""
size: 3
stride: 15, label: ""width""
size: 5
stride: 5]",0,1.0,0.028928838670253754,0.06857972592115402,0.3063955008983612,0.03439133241772652,0.0,-0.009426171891391277,0.06899481266736984,0.3122992515563965,-0.4406287670135498,2.0,0.06632433831691742,0.06797488778829575,0.3186095952987671,0.6303412318229675
1692309372.689535,"[label: ""height""
size: 3
stride: 15, label: ""width""
size: 5
stride: 5]",0,1.0,0.02731448970735073,0.06893686205148697,0.3048515021800995,0.06527440994977951,0.0,-0.010956427082419395,0.06949785351753235,0.31225794553756714,-0.4363357126712799,2.0,0.06410829722881317,0.06872598081827164,0.31664717197418213,0.639680802822113
1692309372.7896438,"[label: ""height""
size: 3
stride: 15, label: ""width""
size: 5
stride: 5]",0,1.0,0.02490057609975338,0.06789253652095795,0.3059743344783783,0.0559370331466198,0.0,-0.013602512888610363,0.06891094148159027,0.3148139715194702,-0.4111570119857788,2.0,0.06300516426563263,0.06854327023029327,0.3237336575984955,0.6160943508148193
1692309372.8920135,"[label: ""height""
size: 3
stride: 15, label: ""width""
size: 5
stride: 5]",0,1.0,0.02233307622373104,0.06882985681295395,0.3047848343849182,0.08310439437627792,0.0,-0.01579928770661354,0.06930210441350937,0.3121057450771332,-0.42438122630119324,2.0,0.05976005271077156,0.06945312023162842,0.32119131088256836,0.6397814750671387
1692309372.990074,"[label: ""height""
size: 3
stride: 15, label: ""width""
size: 5
stride: 5]",0,1.0,0.019344359636306763,0.06802262365818024,0.3049280643463135,0.08074650913476944,0.0,-0.019175559282302856,0.06893095374107361,0.3132014870643616,-0.4065961241722107,2.0,0.05659693852066994,0.06838896870613098,0.32113513350486755,0.647855281829834
1692309373.089736,"[label: ""height""
size: 3
stride: 15, label: ""width""
size: 5
stride: 5]",0,1.0,0.01651838794350624,0.06880097836256027,0.3029596209526062,0.10935546457767487,0.0,-0.022055959329009056,0.06942568719387054,0.3102412819862366,-0.41785016655921936,2.0,0.05339523404836655,0.06914470344781876,0.31924596428871155,0.6612114906311035
1692309373.1889656,"[label: ""height""
size: 3
stride: 15, label: ""width""
size: 5
stride: 5]",0,1.0,0.013824439607560635,0.06828810274600983,0.3033950924873352,0.1266297698020935,0.0,-0.024691635742783546,0.06945960968732834,0.31160280108451843,-0.40210217237472534,2.0,0.05026378110051155,0.06862450391054153,0.31926390528678894,0.6692842841148376
1692309373.2905366,"[label: ""height""
size: 3
stride: 15, label: ""width""
size: 5
stride: 5]",0,1.0,0.011540185660123825,0.06923943012952805,0.3055260181427002,0.12536339461803436,0.0,-0.027035489678382874,0.06929036974906921,0.3091137707233429,-0.4090255796909332,2.0,0.04826337844133377,0.06954105943441391,0.3216375410556793,0.6678993701934814
1692309373.3868747,"[label: ""height""
size: 3
stride: 15, label: ""width""
size: 5
stride: 5]",0,1.0,0.009045200422406197,0.06928618252277374,0.3057485818862915,0.12697480618953705,0.0,-0.02976238913834095,0.06991478055715561,0.31133589148521423,-0.3903963565826416,2.0,0.045478127896785736,0.06904620677232742,0.3205287754535675,0.6782124042510986
1692309373.4882467,"[label: ""height""
size: 3
stride: 15, label: ""width""
size: 5
stride: 5]",0,1.0,0.006795233581215143,0.06920500844717026,0.30377671122550964,0.17501382529735565,0.0,-0.03195270150899887,0.07004790008068085,0.3103092908859253,-0.3894959092140198,2.0,0.04315570369362831,0.06906258314847946,0.3188377022743225,0.6891317963600159
1692309373.5943666,"[label: ""height""
size: 3
stride: 15, label: ""width""
size: 5
stride: 5]",0,1.0,0.004544585477560759,0.07039514183998108,0.3062489330768585,0.12797649204730988,0.0,-0.03408455103635788,0.07075551152229309,0.30885860323905945,-0.39217931032180786,2.0,0.040918491780757904,0.07040119916200638,0.3207767903804779,0.6807247996330261
1692309373.69782,"[label: ""height""
size: 3
stride: 15, label: ""width""
size: 5
stride: 5]",0,1.0,0.0018252598820254207,0.07033234089612961,0.30439287424087524,0.1791757047176361,0.0,-0.037008076906204224,0.07103047519922256,0.31014516949653625,-0.3777935802936554,2.0,0.037912871688604355,0.07028988748788834,0.319741815328598,0.7110493779182434
1692309373.7929902,"[label: ""height""
size: 3
stride: 15, label: ""width""
size: 5
stride: 5]",0,1.0,-0.00097685307264328,0.07153639197349548,0.30688348412513733,0.12863098084926605,0.0,-0.0399220772087574,0.07212353497743607,0.31211885809898376,-0.3762527406215668,2.0,0.03505675494670868,0.07085438072681427,0.31994134187698364,0.71830153465271
1692309373.8962758,"[label: ""height""
size: 3
stride: 15, label: ""width""
size: 5
stride: 5]",0,1.0,-0.003707373980432749,0.0704108253121376,0.30134057998657227,0.21702860295772552,0.0,-0.04264950007200241,0.07192524522542953,0.3095867931842804,-0.3821779787540436,2.0,0.03193371370434761,0.07134108990430832,0.32147690653800964,0.7124961614608765
1692309373.993784,"[label: ""height""
size: 3
stride: 15, label: ""width""
size: 5
stride: 5]",0,1.0,-0.006185411009937525,0.07178615033626556,0.3057160973548889,0.17524069547653198,0.0,-0.04479237273335457,0.07174395769834518,0.3087490200996399,-0.3527925908565521,2.0,0.029674889519810677,0.0713421031832695,0.31976211071014404,0.7236539721488953
1692309374.0975204,"[label: ""height""
size: 3
stride: 15, label: ""width""
size: 5
stride: 5]",0,1.0,-0.008104243315756321,0.07230469584465027,0.3058325946331024,0.13717728853225708,0.0,-0.04685053601861,0.07274263352155685,0.3098185658454895,-0.3556160032749176,2.0,0.027498645707964897,0.07138466835021973,0.3187563717365265,0.7328810691833496
1692309374.192588,"[label: ""height""
size: 3
stride: 15, label: ""width""
size: 5
stride: 5]",0,1.0,-0.007656903471797705,0.07195276021957397,0.30539098381996155,0.19943244755268097,0.0,-0.04642101749777794,0.07214315235614777,0.3078022301197052,-0.35152187943458557,2.0,0.027748873457312584,0.07192511111497879,0.3217547535896301,0.7234472632408142
1692309374.2979531,"[label: ""height""
size: 3
stride: 15, label: ""width""
size: 5
stride: 5]",0,1.0,-0.006587726064026356,0.07306600362062454,0.3073877990245819,0.18699771165847778,0.0,-0.04548369720578194,0.07312531769275665,0.30925142765045166,-0.33210888504981995,2.0,0.028740262612700462,0.07262059301137924,0.32256782054901123,0.7490230202674866
1692309374.3947883,"[label: ""height""
size: 3
stride: 15, label: ""width""
size: 5
stride: 5]",0,0.0,-0.043084315955638885,0.07245191186666489,0.30849215388298035,-0.31073451042175293,1.0,-0.004420652985572815,0.07260514050722122,0.30760547518730164,0.2199731022119522,2.0,0.030544765293598175,0.07219032198190689,0.3235361874103546,0.752386748790741
1692309374.4958904,"[label: ""height""
size: 3
stride: 15, label: ""width""
size: 5
stride: 5]",0,0.0,-0.04050612077116966,0.07295902818441391,0.30805468559265137,-0.31698372960090637,1.0,-0.0016953902086243033,0.07347377389669418,0.30926382541656494,0.18292424082756042,2.0,0.03335156664252281,0.07333492487668991,0.3251589238643646,0.7796536087989807
1692309374.5937254,"[label: ""height""
size: 3
stride: 15, label: ""width""
size: 5
stride: 5]",0,0.0,-0.0368991494178772,0.0723411962389946,0.30755189061164856,-0.29668164253234863,1.0,0.00162884418386966,0.0730726346373558,0.31129249930381775,0.207533061504364,2.0,0.036460842937231064,0.07319563627243042,0.32931509613990784,0.7822997570037842
1692309374.6954718,"[label: ""height""
size: 3
stride: 15, label: ""width""
size: 5
stride: 5]",0,0.0,-0.03309556841850281,0.0739111378788948,0.3109009563922882,-0.29913070797920227,1.0,0.0056968261487782,0.07368888705968857,0.31025075912475586,0.21513836085796356,2.0,0.03998790308833122,0.07341547310352325,0.3272785544395447,0.7954549789428711
1692309374.7943077,"[label: ""height""
size: 3
stride: 15, label: ""width""
size: 5
stride: 5]",0,0.0,-0.029051240533590317,0.07376064360141754,0.31021860241889954,-0.2553536593914032,1.0,0.01007017120718956,0.07385373115539551,0.3110131621360779,0.24958933889865875,2.0,0.04438064992427826,0.07369319349527359,0.32911065220832825,0.7903081774711609
1692309374.8962433,"[label: ""height""
size: 3
stride: 15, label: ""width""
size: 5
stride: 5]",0,0.0,-0.024004632607102394,0.07333435118198395,0.31058698892593384,-0.264170378446579,1.0,0.014968981966376305,0.07330796867609024,0.31005701422691345,0.2197689414024353,2.0,0.0488717220723629,0.07228429615497589,0.32400038838386536,0.7970889806747437
1692309374.9932745,"[label: ""height""
size: 3
stride: 15, label: ""width""
size: 5
stride: 5]",0,0.0,-0.01822669245302677,0.07412555068731308,0.3095962107181549,-0.2676733732223511,1.0,0.020618861541152,0.07390864938497543,0.3094024062156677,0.19622407853603363,2.0,0.05627721548080444,0.07566992938518524,0.3342924118041992,0.8058657646179199
1692309375.0959535,"[label: ""height""
size: 3
stride: 15, label: ""width""
size: 5
stride: 5]",0,1.0,0.027737043797969818,0.07401280105113983,0.3148781359195709,0.2610686421394348,0.0,-0.011912004090845585,0.07430216670036316,0.3163022994995117,-0.31479671597480774,2.0,0.0626557394862175,0.07377989590167999,0.33256402611732483,0.8015201687812805
1692309375.1964722,"[label: ""height""
size: 3
stride: 15, label: ""width""
size: 5
stride: 5]",0,0.0,-0.006343154236674309,0.0743374153971672,0.3105147182941437,-0.2879537045955658,1.0,0.03286688029766083,0.0743153765797615,0.3112199604511261,0.22044992446899414,2.0,0.0687461644411087,0.07515320181846619,0.3344186842441559,0.8023061156272888
1692309375.299813,"[label: ""height""
size: 3
stride: 15, label: ""width""
size: 5
stride: 5]",0,0.0,-0.002143140183761716,0.07352104038000107,0.3091574013233185,-0.2926454246044159,1.0,0.036481600254774094,0.07295601814985275,0.3080771565437317,0.25594213604927063,2.0,0.07096819579601288,0.0737617090344429,0.32944488525390625,0.8034501075744629
1692309375.3919542,"[label: ""height""
size: 3
stride: 15, label: ""width""
size: 5
stride: 5]",0,0.0,0.00030821608379483223,0.07385702431201935,0.31179410219192505,-0.24558722972869873,1.0,0.03927909582853317,0.07370824366807938,0.31231459975242615,0.25569620728492737,2.0,0.07293587177991867,0.07317561656236649,0.32922452688217163,0.8250439167022705
1692309375.492767,"[label: ""height""
size: 3
stride: 15, label: ""width""
size: 5
stride: 5]",0,0.0,0.0022058170288801193,0.07339632511138916,0.30971476435661316,-0.2459934949874878,1.0,0.041304271668195724,0.07367666810750961,0.3121708929538727,0.2524985671043396,2.0,0.07512570917606354,0.07347438484430313,0.33118245005607605,0.82646644115448
1692309375.590825,"[label: ""height""
size: 3
stride: 15, label: ""width""
size: 5
stride: 5]",0,0.0,0.0031790072098374367,0.0728384256362915,0.3079036474227905,-0.26858630776405334,1.0,0.04212559387087822,0.07276682555675507,0.3095293343067169,0.28724387288093567,2.0,0.07557021081447601,0.07270841300487518,0.32958585023880005,0.8438200354576111
1692309375.693515,"[label: ""height""
size: 3
stride: 15, label: ""width""
size: 5
stride: 5]",0,0.0,0.0035854766611009836,0.07289966940879822,0.30819031596183777,-0.24074213206768036,1.0,0.04286019876599312,0.07375858724117279,0.3141213357448578,0.27021607756614685,2.0,0.07642026245594025,0.0735318511724472,0.33454498648643494,0.8537157773971558
1692309375.7903318,"[label: ""height""
size: 3
stride: 15, label: ""width""
size: 5
stride: 5]",0,0.0,0.002814172999933362,0.07305523753166199,0.3073176443576813,-0.24533195793628693,1.0,0.04168933257460594,0.07294020056724548,0.31076911091804504,0.3325255215167999,2.0,0.07438025623559952,0.0730067640542984,0.33156394958496094,0.8793261051177979
1692309375.8927228,"[label: ""height""
size: 3
stride: 15, label: ""width""
size: 5
stride: 5]",0,0.0,0.0017644059844315052,0.07296628504991531,0.30960410833358765,-0.171733558177948,1.0,0.04032185301184654,0.07196473330259323,0.3098185658454895,0.37189173698425293,2.0,0.07354927808046341,0.07327418774366379,0.3365161120891571,0.8938858509063721
1692309375.9882727,"[label: ""height""
size: 3
stride: 15, label: ""width""
size: 5
stride: 5]",0,0.0,-0.0006430547800846398,0.07295085489749908,0.3072875738143921,-0.172858327627182,1.0,0.03781663998961449,0.07252476364374161,0.31005945801734924,0.3766515254974365,2.0,0.06981540471315384,0.0729684829711914,0.33448389172554016,0.9215577840805054
1692309376.0901282,"[label: ""height""
size: 3
stride: 15, label: ""width""
size: 5
stride: 5]",0,0.0,-0.0024626776576042175,0.07334380596876144,0.30789241194725037,-0.09669365733861923,1.0,0.03613721579313278,0.07267530262470245,0.3107575476169586,0.40645352005958557,2.0,0.06810500472784042,0.07322616130113602,0.3376235365867615,0.9487190842628479
1692309376.1901805,"[label: ""height""
size: 3
stride: 15, label: ""width""
size: 5
stride: 5]",0,0.0,-0.004837650340050459,0.07224958389997482,0.3044222295284271,-0.12857982516288757,1.0,0.033603399991989136,0.07218014448881149,0.3108251392841339,0.4125366508960724,2.0,0.06496218591928482,0.07345309108495712,0.33928555250167847,0.964543342590332
1692309376.290478,"[label: ""height""
size: 3
stride: 15, label: ""width""
size: 5
stride: 5]",0,0.0,-0.007052934728562832,0.07282841950654984,0.30513957142829895,-0.08263391256332397,1.0,0.03162709251046181,0.07291272282600403,0.3139041066169739,0.4303607642650604,2.0,0.06159364804625511,0.0726681649684906,0.3376074433326721,0.9910054802894592
1692309376.3893409,"[label: ""height""
size: 3
stride: 15, label: ""width""
size: 5
stride: 5]",0,0.0,-0.00936150923371315,0.07237450033426285,0.3034137189388275,-0.0677184984087944,1.0,0.02881849929690361,0.07239314168691635,0.31112581491470337,0.4530722498893738,2.0,0.05869503319263458,0.07289104908704758,0.3392626643180847,1.0063977241516113
1692309376.4965818,"[label: ""height""
size: 3
stride: 15, label: ""width""
size: 5
stride: 5]",0,0.0,-0.012605447322130203,0.0729706734418869,0.30427902936935425,-0.04538360983133316,1.0,0.025585437193512917,0.07256028801202774,0.311903178691864,0.48557087779045105,2.0,0.05499599501490593,0.07295916974544525,0.3396119177341461,1.0243983268737793
1692309376.5938709,"[label: ""height""
size: 3
stride: 15, label: ""width""
size: 5
stride: 5]",0,0.0,-0.016336293891072273,0.07341822981834412,0.3025302290916443,-0.006914423778653145,1.0,0.02134622633457184,0.07229994982481003,0.30754509568214417,0.5048102736473083,2.0,0.05095713585615158,0.07350093871355057,0.3395347595214844,1.0267760753631592
1692309376.6953723,"[label: ""height""
size: 3
stride: 15, label: ""width""
size: 5
stride: 5]",0,0.0,-0.01983051933348179,0.07297812402248383,0.3024524748325348,-0.03496624156832695,1.0,0.01804746873676777,0.07237707823514938,0.3094671070575714,0.4903585910797119,2.0,0.047675833106040955,0.07365823537111282,0.3408946990966797,1.0260595083236694
1692309376.7967064,"[label: ""height""
size: 3
stride: 15, label: ""width""
size: 5
stride: 5]",0,0.0,-0.02305351197719574,0.07437624037265778,0.3042095899581909,-0.02773222327232361,1.0,0.015104743652045727,0.07325567305088043,0.3088518977165222,0.48790115118026733,2.0,0.04400207847356796,0.07347582280635834,0.33624860644340515,1.0404657125473022
1692309376.8998826,"[label: ""height""
size: 3
stride: 15, label: ""width""
size: 5
stride: 5]",0,0.0,-0.025443531572818756,0.07326382398605347,0.3014516234397888,-0.03388514742255211,1.0,0.012715625576674938,0.07285478711128235,0.30933040380477905,0.4783982038497925,2.0,0.04195360466837883,0.07294446974992752,0.33634650707244873,1.037611961364746
1692309376.996752,"[label: ""height""
size: 3
stride: 15, label: ""width""
size: 5
stride: 5]",0,0.0,-0.027393201366066933,0.07424033433198929,0.29996007680892944,-0.0207735113799572,1.0,0.010541281662881374,0.07372821122407913,0.30870386958122253,0.4743169844150543,2.0,0.03966595232486725,0.07413272559642792,0.33676791191101074,1.0349498987197876
1692309377.0988169,"[label: ""height""
size: 3
stride: 15, label: ""width""
size: 5
stride: 5]",0,0.0,-0.029352562502026558,0.07373063266277313,0.29988163709640503,-0.021892307326197624,1.0,0.008498362265527248,0.07331594824790955,0.30758246779441833,0.4882180094718933,2.0,0.03754483908414841,0.07333793491125107,0.33376437425613403,1.0353260040283203
1692309377.1954534,"[label: ""height""
size: 3
stride: 15, label: ""width""
size: 5
stride: 5]",0,0.0,-0.03212828189134598,0.07383336126804352,0.2978360056877136,-0.06881938874721527,1.0,0.005857894662767649,0.07395132631063461,0.3081672489643097,0.4778445065021515,2.0,0.03499723970890045,0.07470502704381943,0.3368654251098633,1.0306318998336792
1692309377.3000555,"[label: ""height""
size: 3
stride: 15, label: ""width""
size: 5
stride: 5]",0,0.0,-0.03571736067533493,0.07417391240596771,0.2996741831302643,-0.023898139595985413,1.0,0.002575779566541314,0.07302164286375046,0.3047312796115875,0.5069027543067932,2.0,0.03155387565493584,0.07391177862882614,0.33389583230018616,1.0349775552749634
1692309377.3981953,"[label: ""height""
size: 3
stride: 15, label: ""width""
size: 5
stride: 5]",0,0.0,-0.03887813538312912,0.07525574415922165,0.30011701583862305,-0.058063868433237076,1.0,-0.0006754246423952281,0.07396245002746582,0.3044738173484802,0.4894199073314667,2.0,0.02851717360317707,0.07522884756326675,0.3367239236831665,1.022878885269165
1692309377.4985213,"[label: ""height""
size: 3
stride: 15, label: ""width""
size: 5
stride: 5]",0,0.0,-0.0420733205974102,0.07461757212877274,0.29947152733802795,-0.02523922733962536,1.0,-0.0036640167236328125,0.07350201159715652,0.30464524030685425,0.4982582926750183,2.0,0.025129716843366623,0.07442307472229004,0.3337193429470062,1.0275380611419678
1692309377.5981042,"[label: ""height""
size: 3
stride: 15, label: ""width""
size: 5
stride: 5]",0,0.0,-0.04462567716836929,0.07429318130016327,0.2952536344528198,-0.02501184493303299,1.0,-0.006936818361282349,0.0745297223329544,0.30591732263565063,0.504156231880188,2.0,0.0218635443598032,0.07501082867383957,0.3339158892631531,1.0366047620773315
1692309377.6999779,"[label: ""height""
size: 3
stride: 15, label: ""width""
size: 5
stride: 5]",0,0.0,-0.046068184077739716,0.07379540801048279,0.2951942980289459,-0.025471333414316177,1.0,-0.00853834580630064,0.0738239660859108,0.3050118088722229,0.5004404187202454,2.0,0.019944967702031136,0.0744769349694252,0.3339853584766388,1.059410810470581
1692309377.8001761,"[label: ""height""
size: 3
stride: 15, label: ""width""
size: 5
stride: 5]",0,0.0,-0.047762610018253326,0.07493025809526443,0.2969394624233246,0.011161712929606438,1.0,-0.00995848048478365,0.07381686568260193,0.30348286032676697,0.5425283908843994,2.0,0.017903165891766548,0.07524491846561432,0.336808979511261,1.0616203546524048
1692309377.902546,"[label: ""height""
size: 3
stride: 15, label: ""width""
size: 5
stride: 5]",0,0.0,-0.04822272062301636,0.07364311814308167,0.294526070356369,0.006546774413436651,1.0,-0.010806187987327576,0.07324815541505814,0.3031722903251648,0.5619827508926392,2.0,0.016390429809689522,0.07451866567134857,0.3341919183731079,1.0866328477859497
1692309377.9937022,"[label: ""height""
size: 3
stride: 15, label: ""width""
size: 5
stride: 5]",0,0.0,-0.04970114305615425,0.07443027198314667,0.2968836724758148,0.00944958534091711,1.0,-0.011994690634310246,0.07355011999607086,0.30495649576187134,0.5715076923370361,2.0,0.015133938752114773,0.07472702860832214,0.33698323369026184,1.1039434671401978
1692309378.0906878,"[label: ""height""
size: 3
stride: 15, label: ""width""
size: 5
stride: 5]",0,0.0,-0.04992000758647919,0.07382012158632278,0.29598164558410645,0.11832110583782196,1.0,-0.012555628083646297,0.07288067787885666,0.30375754833221436,0.5923274159431458,2.0,0.013744750060141087,0.07417690008878708,0.3369983434677124,1.1250725984573364
1692309378.1986024,"[label: ""height""
size: 3
stride: 15, label: ""width""
size: 5
stride: 5]",0,0.0,-0.05048712342977524,0.07352090626955032,0.2946847081184387,0.05956535413861275,1.0,-0.013642505742609501,0.07370829582214355,0.30826476216316223,0.5848389267921448,2.0,0.01268627867102623,0.0750550702214241,0.34224972128868103,1.1309045553207397
1692309378.303914,"[label: ""height""
size: 3
stride: 15, label: ""width""
size: 5
stride: 5]",0,0.0,-0.05050845071673393,0.07294744998216629,0.29434341192245483,0.09779820591211319,1.0,-0.013853108510375023,0.0725770965218544,0.305083692073822,0.6175985336303711,2.0,0.011860821396112442,0.07386426627635956,0.33871862292289734,1.1463719606399536
1692309378.4121816,"[label: ""height""
size: 3
stride: 15, label: ""width""
size: 5
stride: 5]",0,0.0,-0.0509716235101223,0.07303939014673233,0.2946915924549103,0.05911651998758316,1.0,-0.014455585740506649,0.07339538633823395,0.3095915615558624,0.6091628670692444,2.0,0.011125439777970314,0.07446940243244171,0.34213197231292725,1.1613316535949707
1692309378.5013204,"[label: ""height""
size: 3
stride: 15, label: ""width""
size: 5
stride: 5]",0,0.0,-0.05110733211040497,0.0727720707654953,0.2954094707965851,0.16344580054283142,1.0,-0.014810371212661266,0.07280611991882324,0.30922311544418335,0.6259235739707947,2.0,0.010002045892179012,0.07388925552368164,0.34203624725341797,1.1647440195083618
1692309378.5962498,"[label: ""height""
size: 3
stride: 15, label: ""width""
size: 5
stride: 5]",0,0.0,-0.05110733211040497,0.0727720707654953,0.2954094707965851,0.16344580054283142,1.0,-0.014895176514983177,0.0723884180188179,0.30852413177490234,0.6429022550582886,2.0,0.009479955770075321,0.07278674840927124,0.338893860578537,1.1953858137130737
1692309378.7011116,"[label: ""height""
size: 3
stride: 15, label: ""width""
size: 5
stride: 5]",0,0.0,-0.051727019250392914,0.07210943102836609,0.2967104911804199,0.1359875351190567,1.0,-0.01523273903876543,0.07201171666383743,0.3102495074272156,0.6610857844352722,2.0,0.008857997134327888,0.0727575272321701,0.3419896960258484,1.202162504196167
1692309378.7915747,"[label: ""height""
size: 3
stride: 15, label: ""width""
size: 5
stride: 5]",0,0.0,-0.05068189650774002,0.07216256111860275,0.2965744733810425,0.18392321467399597,1.0,-0.014723912812769413,0.07200518250465393,0.3102187514305115,0.6594904661178589,2.0,0.009128190577030182,0.0727706328034401,0.3420586884021759,1.2181071043014526
1692309378.8934705,"[label: ""height""
size: 3
stride: 15, label: ""width""
size: 5
stride: 5]",0,0.0,-0.050238125026226044,0.07110059261322021,0.29654818773269653,0.1387282758951187,1.0,-0.014035715721547604,0.07050872594118118,0.30920523405075073,0.6740854382514954,2.0,0.009757298976182938,0.0717606395483017,0.34457775950431824,1.2140086889266968
1692309379.0004222,"[label: ""height""
size: 3
stride: 15, label: ""width""
size: 5
stride: 5]",0,0.0,-0.04917748644948006,0.07113277912139893,0.2963187098503113,0.18781974911689758,1.0,-0.013452604413032532,0.0710022822022438,0.3102899491786957,0.6795429587364197,2.0,0.010151643306016922,0.07187072187662125,0.3437686860561371,1.2228811979293823
1692309379.1009274,"[label: ""height""
size: 3
stride: 15, label: ""width""
size: 5
stride: 5]",0,0.0,-0.047873757779598236,0.06982442736625671,0.29483166337013245,0.15757913887500763,1.0,-0.012389559298753738,0.07002712041139603,0.31214722990989685,0.678919792175293,2.0,0.011151120997965336,0.07059787958860397,0.344404399394989,1.2272216081619263
1692309379.1941266,"[label: ""height""
size: 3
stride: 15, label: ""width""
size: 5
stride: 5]",0,0.0,-0.04646000266075134,0.07035141438245773,0.2953626215457916,0.08781997859477997,1.0,-0.01095047127455473,0.07010112702846527,0.3113221824169159,0.6912670731544495,2.0,0.012221178971230984,0.07126813381910324,0.3469786047935486,1.2308909893035889
1692309379.2903395,"[label: ""height""
size: 3
stride: 15, label: ""width""
size: 5
stride: 5]",0,0.0,-0.044813092797994614,0.0703221783041954,0.29699623584747314,0.16532494127750397,1.0,-0.009187087416648865,0.07000058889389038,0.31202343106269836,0.7044773101806641,2.0,0.01367904432117939,0.07060376554727554,0.3444368541240692,1.2367123365402222
1692309379.388748,"[label: ""height""
size: 3
stride: 15, label: ""width""
size: 5
stride: 5]",0,0.0,-0.0433005653321743,0.06896691769361496,0.2956758737564087,0.14530853927135468,1.0,-0.007935352623462677,0.06904426217079163,0.31283918023109436,0.6979707479476929,2.0,0.015215090475976467,0.0699828714132309,0.34763360023498535,1.2463347911834717
1692309379.4935267,"[label: ""height""
size: 3
stride: 15, label: ""width""
size: 5
stride: 5]",0,0.0,-0.04488595575094223,0.07023989409208298,0.2974415719509125,0.1596260666847229,1.0,-0.009053545072674751,0.06967849284410477,0.3117500841617584,0.6951100826263428,2.0,0.013698063790798187,0.07042032480239868,0.3449135422706604,1.2360830307006836
1692309379.588631,"[label: ""height""
size: 3
stride: 15, label: ""width""
size: 5
stride: 5]",0,0.0,-0.046007756143808365,0.06829661130905151,0.29595479369163513,0.1464395374059677,1.0,-0.010311217047274113,0.06802784651517868,0.3111613094806671,0.6779389977455139,2.0,0.012916069477796555,0.06888410449028015,0.3463791012763977,1.2211841344833374
1692309379.6931314,"[label: ""height""
size: 3
stride: 15, label: ""width""
size: 5
stride: 5]",0,0.0,-0.046407300978899,0.06917928904294968,0.2944745123386383,0.11931644380092621,1.0,-0.010786744765937328,0.06896890699863434,0.3102995455265045,0.6824790835380554,2.0,0.013015524484217167,0.06975175440311432,0.34507834911346436,1.2139238119125366
1692309379.792298,"[label: ""height""
size: 3
stride: 15, label: ""width""
size: 5
stride: 5]",0,0.0,-0.04647698625922203,0.06782860308885574,0.29376035928726196,0.17365825176239014,1.0,-0.01072615385055542,0.06737793236970901,0.30876052379608154,0.688847005367279,2.0,0.012759780511260033,0.06802728027105331,0.34210196137428284,1.2241050004959106
1692309379.8946958,"[label: ""height""
size: 3
stride: 15, label: ""width""
size: 5
stride: 5]",0,0.0,-0.04648139700293541,0.06879377365112305,0.29377439618110657,0.17158231139183044,1.0,-0.010782583616673946,0.06843883544206619,0.3101939558982849,0.6829323768615723,2.0,0.012644006870687008,0.06951294094324112,0.34671738743782043,1.2216311693191528
1692309379.9946926,"[label: ""height""
size: 3
stride: 15, label: ""width""
size: 5
stride: 5]",0,0.0,-0.047423217445611954,0.06839332729578018,0.29561108350753784,0.13246332108974457,1.0,-0.011633647605776787,0.06750225275754929,0.3093859851360321,0.7009170651435852,2.0,0.011558283120393753,0.06828439235687256,0.34410396218299866,1.2350643873214722
1692309380.0903218,"[label: ""height""
size: 3
stride: 15, label: ""width""
size: 5
stride: 5]",0,0.0,-0.04939510300755501,0.06891921907663345,0.29621678590774536,0.19648052752017975,1.0,-0.013960076496005058,0.06855659186840057,0.31295865774154663,0.6812853217124939,2.0,0.008740629069507122,0.06828910857439041,0.344131201505661,1.2431004047393799
1692309380.1874824,"[label: ""height""
size: 3
stride: 15, label: ""width""
size: 5
stride: 5]",0,0.0,-0.05112159252166748,0.06811217218637466,0.29249218106269836,0.23709264397621155,1.0,-0.01655953750014305,0.06810545176267624,0.31155791878700256,0.7329387068748474,2.0,0.005629055667668581,0.06830206513404846,0.34420621395111084,1.268643856048584
1692309380.2896473,"[label: ""height""
size: 3
stride: 15, label: ""width""
size: 5
stride: 5]",0,0.0,-0.054842568933963776,0.06897721439599991,0.293177992105484,0.23942750692367554,1.0,-0.020125307142734528,0.0680667906999588,0.30967703461647034,0.7406708598136902,2.0,0.001262904261238873,0.06943804770708084,0.34778648614883423,1.2857788801193237
1692309380.389186,"[label: ""height""
size: 3
stride: 15, label: ""width""
size: 5
stride: 5]",0,0.0,-0.05714372172951698,0.0688546746969223,0.29182183742523193,0.3113672435283661,1.0,-0.02303619682788849,0.0688110962510109,0.3113285005092621,0.7674841284751892,2.0,-0.0019970634020864964,0.06890269368886948,0.3444100022315979,1.3068650960922241
1692309380.4902248,"[label: ""height""
size: 3
stride: 15, label: ""width""
size: 5
stride: 5]",0,0.0,-0.06031152978539467,0.06953873485326767,0.29059845209121704,0.23465637862682343,1.0,-0.026370171457529068,0.06886696815490723,0.308749794960022,0.7904055714607239,2.0,-0.006277232896536589,0.07013449817895889,0.3470138609409332,1.3175971508026123
1692309380.5887935,"[label: ""height""
size: 3
stride: 15, label: ""width""
size: 5
stride: 5]",0,0.0,-0.0633847787976265,0.06969844549894333,0.2881573438644409,0.30511748790740967,1.0,-0.02998855710029602,0.06981004029512405,0.30958792567253113,0.7985134124755859,2.0,-0.010528655722737312,0.06993627548217773,0.34191179275512695,1.3420522212982178
1692309380.689338,"[label: ""height""
size: 3
stride: 15, label: ""width""
size: 5
stride: 5]",0,0.0,-0.0668751671910286,0.07013233006000519,0.28659433126449585,0.3401124179363251,1.0,-0.03387226164340973,0.0699855163693428,0.30812111496925354,0.8196843266487122,2.0,-0.01528855413198471,0.0706755518913269,0.3448368012905121,1.3606336116790771
1692309380.7899897,"[label: ""height""
size: 3
stride: 15, label: ""width""
size: 5
stride: 5]",0,0.0,-0.06989622861146927,0.07132963836193085,0.2860246002674103,0.348787397146225,1.0,-0.036817677319049835,0.07038798183202744,0.3044643700122833,0.8564397692680359,2.0,-0.019262248650193214,0.0725162923336029,0.3475791811943054,1.3786733150482178
1692309380.8913085,"[label: ""height""
size: 3
stride: 15, label: ""width""
size: 5
stride: 5]",0,0.0,-0.07260233908891678,0.07104049623012543,0.2851564586162567,0.34615352749824524,1.0,-0.0401989109814167,0.07093796133995056,0.3073927164077759,0.8562538027763367,2.0,-0.022796057164669037,0.0718512013554573,0.345071017742157,1.3895263671875
1692309380.990338,"[label: ""height""
size: 3
stride: 15, label: ""width""
size: 5
stride: 5]",0,0.0,-0.0748894214630127,0.07227133959531784,0.2850489020347595,0.365815132856369,1.0,-0.042852550745010376,0.07215465605258942,0.30836784839630127,0.8617927432060242,2.0,-0.025576911866664886,0.0722898468375206,0.3424954116344452,1.4084874391555786
1692309381.0916622,"[label: ""height""
size: 3
stride: 15, label: ""width""
size: 5
stride: 5]",0,0.0,-0.07551053911447525,0.07184026390314102,0.28283435106277466,0.3157094419002533,1.0,-0.043353185057640076,0.07152842730283737,0.3040408194065094,0.8716463446617126,2.0,-0.027282387018203735,0.07312382012605667,0.34444281458854675,1.421280026435852
1692309381.1948328,"[label: ""height""
size: 3
stride: 15, label: ""width""
size: 5
stride: 5]",0,0.0,-0.07541568577289581,0.07170969992876053,0.28369948267936707,0.41113805770874023,1.0,-0.04368499666452408,0.07162938266992569,0.3071645200252533,0.8698380589485168,2.0,-0.02754265069961548,0.07310938090085983,0.3477035164833069,1.418275237083435
1692309381.3003347,"[label: ""height""
size: 3
stride: 15, label: ""width""
size: 5
stride: 5]",0,0.0,-0.07372763752937317,0.07239767909049988,0.28359678387641907,0.32876038551330566,1.0,-0.04204718396067619,0.07262866944074631,0.30712735652923584,0.8746945261955261,2.0,-0.025771357119083405,0.0737854391336441,0.3468771278858185,1.4159616231918335
1692309381.3941822,"[label: ""height""
size: 3
stride: 15, label: ""width""
size: 5
stride: 5]",0,0.0,-0.07208194583654404,0.07155650854110718,0.28328824043273926,0.38714754581451416,1.0,-0.04005715623497963,0.07112269103527069,0.30447542667388916,0.8887894153594971,2.0,-0.024016747251152992,0.07278484851121902,0.3461642861366272,1.4118363857269287
1692309381.5009997,"[label: ""height""
size: 3
stride: 15, label: ""width""
size: 5
stride: 5]",0,0.0,-0.07073181122541428,0.07288007438182831,0.28561362624168396,0.34627217054367065,1.0,-0.03908933326601982,0.07328105717897415,0.3104596436023712,0.8817310929298401,2.0,-0.022097378969192505,0.0728735476732254,0.34260568022727966,1.4219304323196411
1692309381.5989256,"[label: ""height""
size: 3
stride: 15, label: ""width""
size: 5
stride: 5]",0,0.0,-0.0690029188990593,0.07270792871713638,0.2852290868759155,0.34268224239349365,1.0,-0.037339162081480026,0.07284010946750641,0.30964693427085876,0.8900449275970459,2.0,-0.021066073328256607,0.07403532415628433,0.34871068596839905,1.4181349277496338
1692309381.7013695,"[label: ""height""
size: 3
stride: 15, label: ""width""
size: 5
stride: 5]",0,0.0,-0.06874986737966537,0.0727679431438446,0.2851446270942688,0.34267452359199524,1.0,-0.03669985756278038,0.07162437587976456,0.3044891059398651,0.9069557189941406,2.0,-0.02084209956228733,0.07287389785051346,0.3426131308078766,1.4262614250183105
1692309381.7957754,"[label: ""height""
size: 3
stride: 15, label: ""width""
size: 5
stride: 5]",0,0.0,-0.06853703409433365,0.07258521020412445,0.2844298779964447,0.3826237916946411,1.0,-0.03719290718436241,0.07282190024852753,0.30847012996673584,0.8938449025154114,2.0,-0.021468454971909523,0.0742991492152214,0.34795081615448,1.440442442893982
1692309381.8993416,"[label: ""height""
size: 3
stride: 15, label: ""width""
size: 5
stride: 5]",0,0.0,-0.06885756552219391,0.07257635146379471,0.2824503779411316,0.3880114257335663,1.0,-0.03771652281284332,0.07215861976146698,0.3046497702598572,0.9100677371025085,2.0,-0.02241857536137104,0.07353618741035461,0.345052033662796,1.4467610120773315
1692309381.989073,"[label: ""height""
size: 3
stride: 15, label: ""width""
size: 5
stride: 5]",0,0.0,-0.06869037449359894,0.07185804098844528,0.2823682129383087,0.42061561346054077,1.0,-0.037831518799066544,0.07220691442489624,0.3075143098831177,0.919476330280304,2.0,-0.0228740181773901,0.07396211475133896,0.34971141815185547,1.4537101984024048
1692309382.1037652,"[label: ""height""
size: 3
stride: 15, label: ""width""
size: 5
stride: 5]",0,0.0,-0.0690472200512886,0.07230137288570404,0.2822977900505066,0.39193692803382874,1.0,-0.03835228458046913,0.07274117320775986,0.30765220522880554,0.9208422899246216,2.0,-0.022687911987304688,0.07287754863500595,0.3426281809806824,1.4547075033187866
1692309382.1960242,"[label: ""height""
size: 3
stride: 15, label: ""width""
size: 5
stride: 5]",0,0.0,-0.06953288614749908,0.07171893864870071,0.28240731358528137,0.3970683515071869,1.0,-0.03846928849816322,0.07116249203681946,0.30466777086257935,0.9324916005134583,2.0,-0.024011805653572083,0.07336607575416565,0.34959447383880615,1.4572951793670654
1692309382.3001182,"[label: ""height""
size: 3
stride: 15, label: ""width""
size: 5
stride: 5]",0,0.0,-0.06935885548591614,0.07123103737831116,0.28034597635269165,0.4006059467792511,1.0,-0.03897038474678993,0.07116678357124329,0.30468806624412537,0.9342367649078369,2.0,-0.02446603961288929,0.07285209000110626,0.3458171486854553,1.463518738746643
1692309382.3961074,"[label: ""height""
size: 3
stride: 15, label: ""width""
size: 5
stride: 5]",0,0.0,-0.07006711512804031,0.0719333216547966,0.2804318368434906,0.4027753472328186,1.0,-0.03976777568459511,0.07173996418714523,0.3050318956375122,0.9553084969520569,2.0,-0.025793693959712982,0.07411760836839676,0.3484324812889099,1.4679323434829712
1692309382.4976757,"[label: ""height""
size: 3
stride: 15, label: ""width""
size: 5
stride: 5]",0,0.0,-0.07024101167917252,0.07062698155641556,0.2794467508792877,0.4412294030189514,1.0,-0.03995716571807861,0.07065096497535706,0.30461278557777405,0.9380851984024048,2.0,-0.02583526074886322,0.0716039314866066,0.3432304859161377,1.4728493690490723
1692309382.5956078,"[label: ""height""
size: 3
stride: 15, label: ""width""
size: 5
stride: 5]",0,0.0,-0.07197344303131104,0.07144321501255035,0.2799062132835388,0.4270314872264862,1.0,-0.0419476144015789,0.07215622812509537,0.3072807788848877,0.9252585768699646,2.0,-0.027170034125447273,0.07229436933994293,0.34251877665519714,1.4676916599273682
1692309382.6933346,"[label: ""height""
size: 3
stride: 15, label: ""width""
size: 5
stride: 5]",0,0.0,-0.07277404516935349,0.07000572979450226,0.2764138877391815,0.41414767503738403,1.0,-0.042483601719141006,0.0699518620967865,0.30055758357048035,0.9525290131568909,2.0,-0.02785373665392399,0.07034746557474136,0.3372379243373871,1.473231315612793
1692309382.7953217,"[label: ""height""
size: 2
stride: 10, label: ""width""
size: 5
stride: 5]",0,0.0,-0.07460355758666992,0.07082396745681763,0.27701207995414734,0.4461638331413269,1.0,-0.04447353631258011,0.0711764544248581,0.3031775653362274,0.9407724738121033
1692309382.8952236,"[label: ""height""
size: 3
stride: 15, label: ""width""
size: 5
stride: 5]",0,0.0,-0.07435102760791779,0.07001755386590958,0.2751315236091614,0.4089539051055908,1.0,-0.04491809755563736,0.07112788408994675,0.30450403690338135,0.9169492125511169,2.0,-0.02953157387673855,0.07115834206342697,0.3391251862049103,1.4714499711990356
1692309382.9916985,"[label: ""height""
size: 3
stride: 15, label: ""width""
size: 5
stride: 5]",0,0.0,-0.07456839084625244,0.07049475610256195,0.2771443724632263,0.40285226702690125,1.0,-0.04460400715470314,0.07121066004037857,0.3048904836177826,0.924402117729187,2.0,-0.029817935079336166,0.07170798629522324,0.3423941731452942,1.467965006828308
1692309383.0929487,"[label: ""height""
size: 3
stride: 15, label: ""width""
size: 5
stride: 5]",0,0.0,-0.07344390451908112,0.07063739746809006,0.2784821093082428,0.4096026122570038,1.0,-0.04303869605064392,0.07101844251155853,0.3035484254360199,0.9331879019737244,2.0,-0.02856888808310032,0.07228118181228638,0.3424631655216217,1.4715560674667358
1692309383.1978886,"[label: ""height""
size: 3
stride: 15, label: ""width""
size: 5
stride: 5]",0,0.0,-0.07167228311300278,0.07124702632427216,0.2777838408946991,0.40213435888290405,1.0,-0.041179317981004715,0.07101447880268097,0.3009098470211029,0.9366939663887024,2.0,-0.027032140642404556,0.07262299954891205,0.34078869223594666,1.4642891883850098
1692309383.300526,"[label: ""height""
size: 3
stride: 15, label: ""width""
size: 5
stride: 5]",0,0.0,-0.07040052860975266,0.07164314389228821,0.2794525623321533,0.3946819007396698,1.0,-0.03983793780207634,0.07155407220125198,0.3037247955799103,0.9403730034828186,2.0,-0.025505153462290764,0.07286403328180313,0.342572420835495,1.4775235652923584
1692309383.3973682,"[label: ""height""
size: 3
stride: 15, label: ""width""
size: 5
stride: 5]",0,0.0,-0.06867367774248123,0.07152575999498367,0.28089842200279236,0.42233535647392273,1.0,-0.03865881636738777,0.07280301302671432,0.3090401589870453,0.9266173839569092,2.0,-0.02426311932504177,0.07539524137973785,0.35105395317077637,1.4640276432037354
1692309383.4966426,"[label: ""height""
size: 3
stride: 15, label: ""width""
size: 5
stride: 5]",0,0.0,-0.06737353652715683,0.07194338738918304,0.27939966320991516,0.43692710995674133,1.0,-0.0371326208114624,0.07209330797195435,0.3039152920246124,0.9491464495658875,2.0,-0.02270698919892311,0.0734499916434288,0.34269464015960693,1.469301462173462
1692309383.596051,"[label: ""height""
size: 3
stride: 15, label: ""width""
size: 5
stride: 5]",0,0.0,-0.06677736341953278,0.07256897538900375,0.28207990527153015,0.41533374786376953,1.0,-0.036343373358249664,0.07325375080108643,0.30768755078315735,0.9135066866874695,2.0,-0.02136503905057907,0.07394526898860931,0.34368523955345154,1.4581778049468994
1692309383.6986563,"[label: ""height""
size: 3
stride: 15, label: ""width""
size: 5
stride: 5]",0,0.0,-0.0666450560092926,0.07285947352647781,0.2809954881668091,0.401777446269989,1.0,-0.035817861557006836,0.07331449538469315,0.3064313530921936,0.9262698292732239,2.0,-0.020463520660996437,0.07395786792039871,0.3405306339263916,1.4525293111801147
1692309383.7979739,"[label: ""height""
size: 3
stride: 15, label: ""width""
size: 5
stride: 5]",0,0.0,-0.06700274348258972,0.07283812016248703,0.2809261679649353,0.37223875522613525,1.0,-0.03554564714431763,0.07266833633184433,0.30317217111587524,0.9081053733825684,2.0,-0.020034635439515114,0.07462907582521439,0.3429621160030365,1.438023328781128
1692309383.900324,"[label: ""height""
size: 3
stride: 15, label: ""width""
size: 5
stride: 5]",0,0.0,-0.06846703588962555,0.07292389124631882,0.28127986192703247,0.3753693401813507,1.0,-0.03662639111280441,0.0724865049123764,0.30191484093666077,0.8962555527687073,2.0,-0.020384326577186584,0.07405216991901398,0.3396877348423004,1.4274142980575562
1692309383.9995687,"[label: ""height""
size: 3
stride: 15, label: ""width""
size: 5
stride: 5]",0,0.0,-0.06995344907045364,0.07291160523891449,0.2786370515823364,0.4052124619483948,1.0,-0.038073208183050156,0.07283210754394531,0.2997758984565735,0.8894397616386414,2.0,-0.021653594449162483,0.07437446713447571,0.3380093574523926,1.4139323234558105
1692309384.1107817,"[label: ""height""
size: 3
stride: 15, label: ""width""
size: 5
stride: 5]",0,0.0,-0.07287279516458511,0.07273896783590317,0.2782435119152069,0.34711703658103943,1.0,-0.040570035576820374,0.07267653197050095,0.30011412501335144,0.8767341375350952,2.0,-0.023854462429881096,0.07437245547771454,0.33800065517425537,1.4049036502838135
1692309384.195949,"[label: ""height""
size: 3
stride: 15, label: ""width""
size: 5
stride: 5]",0,0.0,-0.0755280926823616,0.07351057976484299,0.2755654454231262,0.366944819688797,1.0,-0.04340694844722748,0.07368525117635727,0.2977561950683594,0.8774347305297852,2.0,-0.026506423950195312,0.07468964904546738,0.3332711458206177,1.399533987045288
1692309384.2991624,"[label: ""height""
size: 3
stride: 15, label: ""width""
size: 5
stride: 5]",0,0.0,-0.08007437735795975,0.07339641451835632,0.27713102102279663,0.34079480171203613,1.0,-0.047431398183107376,0.07320808619260788,0.2978024482727051,0.8615859746932983,2.0,-0.02991592139005661,0.07469654083251953,0.33330845832824707,1.4017846584320068
1692309384.4139318,"[label: ""height""
size: 3
stride: 15, label: ""width""
size: 5
stride: 5]",0,0.0,-0.08353892713785172,0.0746883898973465,0.27558189630508423,0.3701876401901245,1.0,-0.05056354030966759,0.07446987926959991,0.2955322861671448,0.8518600463867188,2.0,-0.03322083503007889,0.07566948980093002,0.3310266137123108,1.399114966392517
1692309384.5010273,"[label: ""height""
size: 3
stride: 15, label: ""width""
size: 5
stride: 5]",0,0.0,-0.08797461539506912,0.0736892893910408,0.2734520435333252,0.32559946179389954,1.0,-0.05481460690498352,0.07335113734006882,0.2924945056438446,0.8414695262908936,2.0,-0.036869388073682785,0.07435959577560425,0.3288182318210602,1.378042459487915
1692309384.5958025,"[label: ""height""
size: 3
stride: 15, label: ""width""
size: 5
stride: 5]",0,0.0,-0.09013229608535767,0.07502750307321548,0.272210031747818,0.32718464732170105,1.0,-0.05714546516537666,0.07481370121240616,0.2921951115131378,0.8516349196434021,2.0,-0.03927025571465492,0.07646697759628296,0.32980185747146606,1.3751897811889648
1692309384.698529,"[label: ""height""
size: 3
stride: 15, label: ""width""
size: 5
stride: 5]",0,0.0,-0.0932728499174118,0.07399056851863861,0.27024009823799133,0.29564690589904785,1.0,-0.06037874519824982,0.07420860230922699,0.2916553020477295,0.823398232460022,2.0,-0.042407941073179245,0.07565037161111832,0.3280191719532013,1.3775633573532104
1692309384.8120723,"[label: ""height""
size: 3
stride: 15, label: ""width""
size: 5
stride: 5]",0,0.0,-0.09848866611719131,0.07540501654148102,0.27028006315231323,0.29595696926116943,1.0,-0.06533145904541016,0.07555587589740753,0.2903631031513214,0.8056190609931946,2.0,-0.04686659201979637,0.07685258984565735,0.32744351029396057,1.3628910779953003
1692309384.9041433,"[label: ""height""
size: 3
stride: 15, label: ""width""
size: 5
stride: 5]",0,0.0,-0.10002544522285461,0.07455967366695404,0.26807230710983276,0.2608456015586853,1.0,-0.06696650385856628,0.07450085878372192,0.287273108959198,0.8317287564277649,2.0,-0.04896095022559166,0.07626287639141083,0.3271932899951935,1.3541520833969116
1692309385.0148497,"[label: ""height""
size: 3
stride: 15, label: ""width""
size: 5
stride: 5]",0,0.0,-0.10367009788751602,0.07553862780332565,0.2674616575241089,0.31770822405815125,1.0,-0.07052827626466751,0.07547986507415771,0.2874220609664917,0.823273777961731,2.0,-0.052020113915205,0.0765785425901413,0.32292184233665466,1.369489073753357
1692309385.101745,"[label: ""height""
size: 3
stride: 15, label: ""width""
size: 5
stride: 5]",0,0.0,-0.10749371349811554,0.07565893977880478,0.26893743872642517,0.27353787422180176,1.0,-0.07286842167377472,0.07441280037164688,0.2846841812133789,0.8288156986236572,2.0,-0.05531013011932373,0.07603567838668823,0.32286420464515686,1.372442603111267
1692309385.2009606,"[label: ""height""
size: 3
stride: 15, label: ""width""
size: 5
stride: 5]",0,0.0,-0.10870309919118881,0.07514501363039017,0.26650357246398926,0.26861685514450073,1.0,-0.07524783909320831,0.07446100562810898,0.2848838269710541,0.8384389281272888,2.0,-0.05795736983418465,0.07603880763053894,0.32287952303886414,1.380694031715393
1692309385.2956648,"[label: ""height""
size: 3
stride: 15, label: ""width""
size: 5
stride: 5]",0,0.0,-0.10912302881479263,0.07521428167819977,0.26723071932792664,0.25869861245155334,1.0,-0.07608091086149216,0.0750478133559227,0.28667715191841125,0.841303288936615,2.0,-0.05876491963863373,0.07626916468143463,0.3244086802005768,1.3822300434112549
1692309385.3912594,"[label: ""height""
size: 3
stride: 15, label: ""width""
size: 5
stride: 5]",0,0.0,-0.10866794735193253,0.07438566535711288,0.26738259196281433,0.23417900502681732,1.0,-0.07634125649929047,0.07433576881885529,0.28894853591918945,0.8406077027320862,2.0,-0.05902282893657684,0.07573122531175613,0.327222615480423,1.3935070037841797
1692309385.4931798,"[label: ""height""
size: 3
stride: 15, label: ""width""
size: 5
stride: 5]",0,0.0,-0.10911175608634949,0.07575540989637375,0.27107420563697815,0.2881966531276703,1.0,-0.07529621571302414,0.07472029328346252,0.28858456015586853,0.8615421652793884,2.0,-0.057963401079177856,0.07571592926979065,0.3243114650249481,1.3957701921463013
1692309385.5912683,"[label: ""height""
size: 3
stride: 15, label: ""width""
size: 5
stride: 5]",0,0.0,-0.10721331089735031,0.07475236803293228,0.2709329128265381,0.2501172125339508,1.0,-0.07363919168710709,0.0737694576382637,0.2885686159133911,0.8768830895423889,2.0,-0.0569940060377121,0.07538676261901855,0.32861584424972534,1.3944103717803955
1692309385.6971157,"[label: ""height""
size: 3
stride: 15, label: ""width""
size: 5
stride: 5]",0,0.0,-0.10404063761234283,0.07425929605960846,0.27161040902137756,0.24563227593898773,1.0,-0.07190550863742828,0.07452955842018127,0.29342472553253174,0.8517667651176453,2.0,-0.0546053908765316,0.0755782276391983,0.33121195435523987,1.3903372287750244
1692309385.7995903,"[label: ""height""
size: 3
stride: 15, label: ""width""
size: 5
stride: 5]",0,1.0,-0.06807087361812592,0.07514102756977081,0.29912588000297546,0.8368927836418152,2.0,-0.0504014790058136,0.07618226110935211,0.33744972944259644,1.3825517892837524,0.0,-0.10167617350816727,0.0754518061876297,0.27899110317230225,0.2050059288740158
1692309385.8981168,"[label: ""height""
size: 3
stride: 15, label: ""width""
size: 5
stride: 5]",0,0.0,-0.09524459391832352,0.07344652712345123,0.27647995948791504,0.27045831084251404,1.0,-0.06322968751192093,0.07424590736627579,0.29992228746414185,0.8246089816093445,2.0,-0.045180320739746094,0.0746760293841362,0.3356364369392395,1.3719327449798584
1692309385.9959931,"[label: ""height""
size: 3
stride: 15, label: ""width""
size: 5
stride: 5]",0,0.0,-0.090825654566288,0.07380083203315735,0.27910861372947693,0.23354075849056244,1.0,-0.05913607031106949,0.0750642940402031,0.305265337228775,0.8268517255783081,2.0,-0.040756650269031525,0.07586265355348587,0.3421931564807892,1.3647170066833496
1692309386.0991862,"[label: ""height""
size: 3
stride: 15, label: ""width""
size: 5
stride: 5]",0,0.0,-0.0873296707868576,0.07371166348457336,0.28188440203666687,0.24967189133167267,1.0,-0.05445442721247673,0.07377795875072479,0.3035620152950287,0.8277217149734497,2.0,-0.03642384335398674,0.07460316270589828,0.33964771032333374,1.3623547554016113
1692309386.1903474,"[label: ""height""
size: 3
stride: 15, label: ""width""
size: 5
stride: 5]",0,0.0,-0.0834723487496376,0.07297126203775406,0.2834075093269348,0.28429532051086426,1.0,-0.051010388880968094,0.07353419065475464,0.3066597878932953,0.8220999836921692,2.0,-0.03219779580831528,0.07411625981330872,0.3418799042701721,1.3650732040405273
1692309386.2946606,"[label: ""height""
size: 3
stride: 15, label: ""width""
size: 5
stride: 5]",0,0.0,-0.07949117571115494,0.0729864165186882,0.28442293405532837,0.26009830832481384,1.0,-0.04737740382552147,0.07417603582143784,0.30986928939819336,0.8052828907966614,2.0,-0.02841680310666561,0.07469335943460464,0.3451673090457916,1.357696294784546
1692309386.3905423,"[label: ""height""
size: 3
stride: 15, label: ""width""
size: 5
stride: 5]",0,0.0,-0.07675738632678986,0.0725548192858696,0.2872747778892517,0.266752690076828,1.0,-0.043459679931402206,0.07243932038545609,0.30733856558799744,0.8244485855102539,2.0,-0.024853799492120743,0.0737575963139534,0.3467201292514801,1.3469617366790771
1692309386.4967728,"[label: ""height""
size: 3
stride: 15, label: ""width""
size: 5
stride: 5]",0,0.0,-0.07315622270107269,0.07168657332658768,0.28756245970726013,0.2931647002696991,1.0,-0.04004349187016487,0.07196630537509918,0.30904674530029297,0.8161647319793701,2.0,-0.02122950740158558,0.07309263199567795,0.34759995341300964,1.3509960174560547
1692309386.6004245,"[label: ""height""
size: 3
stride: 15, label: ""width""
size: 5
stride: 5]",0,0.0,-0.07172631472349167,0.0723494440317154,0.29037368297576904,0.3039447069168091,1.0,-0.0383567176759243,0.07186354696750641,0.3097032904624939,0.8282269835472107,2.0,-0.01935473643243313,0.07233536243438721,0.34467971324920654,1.3491193056106567
1692309386.7054155,"[label: ""height""
size: 3
stride: 15, label: ""width""
size: 5
stride: 5]",0,0.0,-0.07081253826618195,0.07168319076299667,0.29206159710884094,0.323712021112442,1.0,-0.03755229711532593,0.07197503745555878,0.3134423494338989,0.8091390132904053,2.0,-0.0185898058116436,0.07261545956134796,0.3486974239349365,1.3523155450820923
1692309386.803447,"[label: ""height""
size: 3
stride: 15, label: ""width""
size: 5
stride: 5]",0,0.0,-0.06912065297365189,0.07139360904693604,0.2904159128665924,0.30496615171432495,1.0,-0.03637450933456421,0.072051502764225,0.31217676401138306,0.8333934545516968,2.0,-0.017631489783525467,0.07275260239839554,0.3493656814098358,1.3569109439849854
1692309386.9041908,"[label: ""height""
size: 3
stride: 15, label: ""width""
size: 5
stride: 5]",0,0.0,-0.06888972222805023,0.07078218460083008,0.2918851673603058,0.2912006974220276,1.0,-0.035673148930072784,0.07042146474123001,0.3105698227882385,0.8375471830368042,2.0,-0.017524491995573044,0.07214540988206863,0.3526643216609955,1.3701387643814087
1692309387.0015874,"[label: ""height""
size: 3
stride: 15, label: ""width""
size: 5
stride: 5]",0,0.0,-0.06776327639818192,0.07102777063846588,0.29128822684288025,0.3209698796272278,1.0,-0.035320840775966644,0.07173234224319458,0.3152111768722534,0.828620195388794,2.0,-0.01663760095834732,0.0714072659611702,0.3463188409805298,1.3738609552383423
1692309387.098321,"[label: ""height""
size: 3
stride: 15, label: ""width""
size: 5
stride: 5]",0,0.0,-0.06684315949678421,0.07128365337848663,0.29132404923439026,0.2948093116283417,1.0,-0.03393280878663063,0.07100021839141846,0.31090185046195984,0.8516001105308533,2.0,-0.01597823016345501,0.07131563872098923,0.34724292159080505,1.378171443939209
1692309387.198374,"[label: ""height""
size: 3
stride: 15, label: ""width""
size: 5
stride: 5]",0,0.0,-0.0653344988822937,0.0706494078040123,0.29175060987472534,0.3509919047355652,1.0,-0.03325807303190231,0.07173510640859604,0.3163948059082031,0.8496014475822449,2.0,-0.01513661164790392,0.07186876237392426,0.35061272978782654,1.3803960084915161
1692309387.2969606,"[label: ""height""
size: 3
stride: 15, label: ""width""
size: 5
stride: 5]",0,0.0,-0.06416358798742294,0.07190798968076706,0.2917516231536865,0.32566726207733154,1.0,-0.031979840248823166,0.07211033999919891,0.3140867054462433,0.853340208530426,2.0,-0.014095661230385303,0.0733526349067688,0.35293176770210266,1.3933364152908325
1692309387.3905747,"[label: ""height""
size: 3
stride: 15, label: ""width""
size: 5
stride: 5]",0,0.0,-0.06281130015850067,0.07140736281871796,0.29374128580093384,0.3161483407020569,1.0,-0.030830634757876396,0.07224014401435852,0.31799790263175964,0.8346325159072876,2.0,-0.012934723868966103,0.07275120913982391,0.35281139612197876,1.3903545141220093
1692309387.4935796,"[label: ""height""
size: 3
stride: 15, label: ""width""
size: 5
stride: 5]",0,0.0,-0.06152179837226868,0.07195644080638885,0.2940203845500946,0.3423331379890442,1.0,-0.029564617201685905,0.07283589243888855,0.318351686000824,0.8507528305053711,2.0,-0.011522095650434494,0.07216118276119232,0.34926897287368774,1.3978452682495117
1692309387.5901682,"[label: ""height""
size: 3
stride: 15, label: ""width""
size: 5
stride: 5]",0,0.0,-0.06116214767098427,0.07247690856456757,0.29629796743392944,0.33502742648124695,1.0,-0.02851828746497631,0.072825126349926,0.31830039620399475,0.8473638892173767,2.0,-0.010925734415650368,0.07275398075580597,0.3528267741203308,1.4013104438781738
1692309387.6922338,"[label: ""height""
size: 3
stride: 15, label: ""width""
size: 5
stride: 5]",0,0.0,-0.05925868824124336,0.07193376868963242,0.2960279583930969,0.36554041504859924,1.0,-0.02693917416036129,0.07226279377937317,0.318107008934021,0.8426828384399414,2.0,-0.009573530405759811,0.07331790030002594,0.3562382757663727,1.3943537473678589
1692309387.7890065,"[label: ""height""
size: 2
stride: 10, label: ""width""
size: 5
stride: 5]",0,0.0,-0.058359671384096146,0.07339537888765335,0.2981832027435303,0.35866448283195496,1.0,-0.025631293654441833,0.07301308959722519,0.31800517439842224,0.860950767993927
1692309387.8977902,"[label: ""height""
size: 3
stride: 15, label: ""width""
size: 5
stride: 5]",0,0.0,-0.056080449372529984,0.0724017471075058,0.29890063405036926,0.32948580384254456,1.0,-0.0235578715801239,0.07289775460958481,0.32150691747665405,0.8616567254066467,2.0,-0.005937885958701372,0.07291895151138306,0.35572320222854614,1.4097073078155518
1692309387.998886,"[label: ""height""
size: 3
stride: 15, label: ""width""
size: 5
stride: 5]",0,0.0,-0.052916478365659714,0.0720343366265297,0.2968715727329254,0.31134647130966187,1.0,-0.020714780315756798,0.07231804728507996,0.3183734714984894,0.8631182312965393,2.0,-0.0034588840790092945,0.07331670075654984,0.35623201727867126,1.3940967321395874
1692309388.0961132,"[label: ""height""
size: 3
stride: 15, label: ""width""
size: 5
stride: 5]",0,0.0,-0.05126536265015602,0.07293199002742767,0.3008013367652893,0.33282122015953064,1.0,-0.0185238104313612,0.07312071323394775,0.3230580985546112,0.851216197013855,2.0,-0.0011461779940873384,0.07361134141683578,0.35837748646736145,1.4047671556472778
1692309388.1948564,"[label: ""height""
size: 2
stride: 10, label: ""width""
size: 5
stride: 5]",0,0.0,-0.049300774931907654,0.07191002368927002,0.2999759316444397,0.31088098883628845,1.0,-0.016764357686042786,0.07243645936250687,0.32231658697128296,0.837195873260498
1692309388.3152127,"[label: ""height""
size: 3
stride: 15, label: ""width""
size: 5
stride: 5]",0,0.0,-0.04906574636697769,0.07244572043418884,0.29867351055145264,0.3303382992744446,1.0,-0.016678964719176292,0.07299373298883438,0.3207543194293976,0.8425180315971375,2.0,0.0010720649734139442,0.07481911778450012,0.36207059025764465,1.3873796463012695
1692309388.3992019,"[label: ""height""
size: 3
stride: 15, label: ""width""
size: 5
stride: 5]",0,0.0,-0.05032903328537941,0.07246275991201401,0.30024707317352295,0.31138086318969727,1.0,-0.017198611050844193,0.0724489614367485,0.32066410779953003,0.84452223777771,2.0,0.0009160558693110943,0.07281694561243057,0.35522568225860596,1.3843063116073608
1692309388.5003126,"[label: ""height""
size: 3
stride: 15, label: ""width""
size: 5
stride: 5]",0,0.0,-0.05105365440249443,0.072311632335186,0.2959282398223877,0.3064335882663727,1.0,-0.01843414269387722,0.07334056496620178,0.31942930817604065,0.8307779431343079,2.0,5.519849219126627e-05,0.07481962442398071,0.358546644449234,1.3672780990600586
1692309388.5988398,"[label: ""height""
size: 3
stride: 15, label: ""width""
size: 5
stride: 5]",0,0.0,-0.05408328399062157,0.07231882214546204,0.2966180443763733,0.3129328787326813,1.0,-0.02091929502785206,0.07267562299966812,0.3175891041755676,0.8023595809936523,2.0,-0.001967237563803792,0.07341164350509644,0.35528820753097534,1.3585208654403687
1692309388.7001197,"[label: ""height""
size: 3
stride: 15, label: ""width""
size: 5
stride: 5]",0,0.0,-0.05637243017554283,0.07201524823904037,0.2953171730041504,0.32409989833831787,1.0,-0.022984186187386513,0.07185371220111847,0.3140271306037903,0.8222593069076538,2.0,-0.004224599339067936,0.07304352521896362,0.35074174404144287,1.3490610122680664
1692309388.799566,"[label: ""height""
size: 2
stride: 10, label: ""width""
size: 5
stride: 5]",0,0.0,-0.060015417635440826,0.07221946865320206,0.2947733402252197,0.31797513365745544,1.0,-0.02663995698094368,0.0724778026342392,0.31617945432662964,0.8155723810195923
1692309388.9083083,"[label: ""height""
size: 3
stride: 15, label: ""width""
size: 5
stride: 5]",0,0.0,-0.06247054412961006,0.07110985368490219,0.2899578809738159,0.3141986131668091,1.0,-0.029854025691747665,0.0719584971666336,0.3133641183376312,0.8049628734588623,2.0,-0.010487168096005917,0.0731150284409523,0.3497093617916107,1.3358627557754517
1692309389.0015638,"[label: ""height""
size: 3
stride: 15, label: ""width""
size: 5
stride: 5]",0,0.0,-0.0663142129778862,0.0713600367307663,0.29023924469947815,0.33489733934402466,1.0,-0.03336139768362045,0.07138893753290176,0.3103275001049042,0.8081502914428711,2.0,-0.013774956576526165,0.07254213094711304,0.3497098982334137,1.3369653224945068
1692309389.1064172,"[label: ""height""
size: 3
stride: 15, label: ""width""
size: 5
stride: 5]",0,0.0,-0.06852012872695923,0.0701337531208992,0.28840693831443787,0.3043893873691559,1.0,-0.03560209646821022,0.07078719884157181,0.31102877855300903,0.8021258115768433,2.0,-0.01663525402545929,0.0719522088766098,0.3496229648590088,1.3453723192214966
1692309389.2027667,"[label: ""height""
size: 3
stride: 15, label: ""width""
size: 5
stride: 5]",0,0.0,-0.07106435298919678,0.07068053632974625,0.2897574305534363,0.3377128541469574,1.0,-0.03810807690024376,0.07093824446201324,0.3117470443248749,0.8192486763000488,2.0,-0.019500529393553734,0.07195699214935303,0.3496488630771637,1.35360586643219
1692309389.305859,"[label: ""height""
size: 3
stride: 15, label: ""width""
size: 5
stride: 5]",0,0.0,-0.07245627790689468,0.06905842572450638,0.2874487340450287,0.37549325823783875,1.0,-0.04013070464134216,0.0698898658156395,0.31162145733833313,0.8271478414535522,2.0,-0.021768687292933464,0.07011765986680984,0.34692248702049255,1.370720386505127
1692309389.4016943,"[label: ""height""
size: 3
stride: 15, label: ""width""
size: 5
stride: 5]",0,0.0,-0.07511097192764282,0.06996205449104309,0.2893429696559906,0.33530372381210327,1.0,-0.042521338909864426,0.0698985680937767,0.31050390005111694,0.8406921625137329,2.0,-0.02486623078584671,0.07127206772565842,0.3504950702190399,1.3751615285873413
1692309389.4998858,"[label: ""height""
size: 3
stride: 15, label: ""width""
size: 5
stride: 5]",0,0.0,-0.07730383425951004,0.0689229667186737,0.2904074788093567,0.32418492436408997,1.0,-0.0448794960975647,0.06899148970842361,0.31272199749946594,0.8404324054718018,2.0,-0.02750619873404503,0.06960120797157288,0.3493085503578186,1.3942698240280151
1692309389.5954,"[label: ""height""
size: 3
stride: 15, label: ""width""
size: 5
stride: 5]",0,0.0,-0.07782577723264694,0.06854220479726791,0.2856277525424957,0.3896084725856781,1.0,-0.04709721729159355,0.06956068426370621,0.31300729513168335,0.8805219531059265,2.0,-0.030211275443434715,0.07035946100950241,0.3523865342140198,1.406996488571167
1692309389.698254,"[label: ""height""
size: 3
stride: 15, label: ""width""
size: 5
stride: 5]",0,0.0,-0.08058808743953705,0.06791989505290985,0.28828731179237366,0.36512917280197144,1.0,-0.04889722913503647,0.06789600104093552,0.3106769919395447,0.8853363990783691,2.0,-0.03280461207032204,0.06916885823011398,0.3521922528743744,1.4316439628601074
1692309389.7976882,"[label: ""height""
size: 3
stride: 15, label: ""width""
size: 5
stride: 5]",0,0.0,-0.08157648891210556,0.06869333237409592,0.2879149913787842,0.33294355869293213,1.0,-0.050618208944797516,0.06961341947317123,0.31496700644493103,0.8735801577568054,2.0,-0.033864885568618774,0.06897584348917007,0.34690314531326294,1.430842638015747
1692309389.8991988,"[label: ""height""
size: 3
stride: 15, label: ""width""
size: 5
stride: 5]",0,0.0,-0.08282709121704102,0.06847169995307922,0.28945299983024597,0.3508415222167969,1.0,-0.051575712859630585,0.06864747405052185,0.3152996897697449,0.8866032958030701,2.0,-0.03538499400019646,0.06843657046556473,0.3492048978805542,1.4423903226852417
1692309389.996465,"[label: ""height""
size: 3
stride: 15, label: ""width""
size: 5
stride: 5]",0,0.0,-0.08231577277183533,0.06844214349985123,0.28932055830955505,0.35005322098731995,1.0,-0.050735026597976685,0.06796471774578094,0.3110238313674927,0.9120021462440491,2.0,-0.03555098548531532,0.06916709989309311,0.3521803915500641,1.447803020477295
1692309390.090465,"[label: ""height""
size: 3
stride: 15, label: ""width""
size: 5
stride: 5]",0,0.0,-0.08090613782405853,0.06786738336086273,0.2878430187702179,0.39281928539276123,1.0,-0.050581417977809906,0.06869088858366013,0.3155185580253601,0.9040053486824036,2.0,-0.03463532403111458,0.06833674013614655,0.3501541018486023,1.4539822340011597
1692309390.1966584,"[label: ""height""
size: 3
stride: 15, label: ""width""
size: 5
stride: 5]",0,0.0,-0.07977104932069778,0.06808321177959442,0.29133597016334534,0.37207484245300293,1.0,-0.04857904836535454,0.0680878758430481,0.31509000062942505,0.9090592861175537,2.0,-0.0329100526869297,0.06846577674150467,0.3530191481113434,1.4617141485214233
1692309390.298682,"[label: ""height""
size: 3
stride: 15, label: ""width""
size: 5
stride: 5]",0,0.0,-0.07752551138401031,0.06895218789577484,0.29312586784362793,0.3527332842350006,1.0,-0.046831607818603516,0.06936212629079819,0.31976547837257385,0.8953486680984497,2.0,-0.030824393033981323,0.06912145018577576,0.3556360900402069,1.4557315111160278
1692309390.3960974,"[label: ""height""
size: 3
stride: 15, label: ""width""
size: 5
stride: 5]",0,0.0,-0.07492638379335403,0.06828897446393967,0.29379138350486755,0.36258354783058167,1.0,-0.043923113495111465,0.06833218783140182,0.31861117482185364,0.8995426893234253,2.0,-0.02856094390153885,0.06941009312868118,0.3601328730583191,1.4472907781600952
1692309390.4950259,"[label: ""height""
size: 2
stride: 10, label: ""width""
size: 5
stride: 5]",0,1.0,-0.04052127152681351,0.06820952147245407,0.32050013542175293,0.9026473164558411,0.0,-0.07299139350652695,0.06918134540319443,0.30062001943588257,0.36630764603614807
1692309390.5938504,"[label: ""height""
size: 2
stride: 10, label: ""width""
size: 5
stride: 5]",0,0.0,-0.06904612481594086,0.06869375705718994,0.29951465129852295,0.3615645170211792,1.0,-0.03694795072078705,0.06844434142112732,0.3235424757003784,0.9002600908279419
1692309390.6972892,"[label: ""height""
size: 3
stride: 15, label: ""width""
size: 5
stride: 5]",0,0.0,-0.06359744817018509,0.06723365932703018,0.295405775308609,0.3761137127876282,1.0,-0.032651178538799286,0.06779796630144119,0.3229312598705292,0.9088312983512878,2.0,-0.016812598332762718,0.06809525936841965,0.3609479069709778,1.4306226968765259
1692309390.7880073,"[label: ""height""
size: 3
stride: 15, label: ""width""
size: 5
stride: 5]",0,0.0,-0.06073971837759018,0.06777839362621307,0.29906731843948364,0.35759028792381287,1.0,-0.028940552845597267,0.0677737444639206,0.32280272245407104,0.8967872262001038,2.0,-0.01303830649703741,0.06890415400266647,0.36680084466934204,1.4253888130187988
1692309390.8904777,"[label: ""height""
size: 2
stride: 10, label: ""width""
size: 5
stride: 5]",0,0.0,-0.05869157612323761,0.0681273564696312,0.301563024520874,0.3215537369251251,1.0,-0.026713399216532707,0.0674758106470108,0.3245534896850586,0.883789598941803
1692309390.9898024,"[label: ""height""
size: 3
stride: 15, label: ""width""
size: 5
stride: 5]",0,0.0,-0.05630521848797798,0.0675499364733696,0.3003212809562683,0.3800675868988037,1.0,-0.025047581642866135,0.06786313652992249,0.3269899785518646,0.8700821399688721,2.0,-0.008384625427424908,0.06828121840953827,0.36666932702064514,1.42148756980896
1692309391.0924647,"[label: ""height""
size: 3
stride: 15, label: ""width""
size: 5
stride: 5]",0,0.0,-0.05601033940911293,0.06814435124397278,0.3000284433364868,0.3703495264053345,1.0,-0.0244489423930645,0.06723268330097198,0.3227415978908539,0.9027011394500732,2.0,-0.00839878711849451,0.06827983260154724,0.3666746914386749,1.4388554096221924
1692309391.191259,"[label: ""height""
size: 3
stride: 15, label: ""width""
size: 5
stride: 5]",0,0.0,-0.05553383380174637,0.06797835975885391,0.3013775050640106,0.36151123046875,1.0,-0.02426283247768879,0.06790100783109665,0.3271925151348114,0.8881325125694275,2.0,-0.00839878711849451,0.06827983260154724,0.3666746914386749,1.4388554096221924
1692309391.293414,"[label: ""height""
size: 3
stride: 15, label: ""width""
size: 5
stride: 5]",0,0.0,-0.055434685200452805,0.06836988031864166,0.2984355390071869,0.4064614474773407,1.0,-0.024461448192596436,0.06793805956840515,0.32290223240852356,0.9018033742904663,2.0,-0.009105843491852283,0.06864845752716064,0.3646606504917145,1.449284315109253
1692309391.3896182,"[label: ""height""
size: 3
stride: 15, label: ""width""
size: 5
stride: 5]",0,0.0,-0.05693117529153824,0.06791961938142776,0.2986176908016205,0.4122809171676636,1.0,-0.02577480487525463,0.06798405945301056,0.32442981004714966,0.8915967345237732,2.0,-0.010204119607806206,0.06889913976192474,0.3667815327644348,1.4436615705490112
1692309391.493874,"[label: ""height""
size: 2
stride: 10, label: ""width""
size: 5
stride: 5]",0,0.0,-0.058853331953287125,0.06905919313430786,0.29711294174194336,0.384502649307251,1.0,-0.027791334316134453,0.0688769668340683,0.32176485657691956,0.8959755301475525
1692309391.5912976,"[label: ""height""
size: 3
stride: 15, label: ""width""
size: 5
stride: 5]",0,0.0,-0.06136193498969078,0.06905096769332886,0.29402875900268555,0.38731035590171814,1.0,-0.02993784472346306,0.06876240670681,0.3181498646736145,0.8844711780548096,2.0,-0.013529579155147076,0.06892530620098114,0.3561236262321472,1.4321125745773315
1692309391.6905878,"[label: ""height""
size: 3
stride: 15, label: ""width""
size: 5
stride: 5]",0,0.0,-0.0641099065542221,0.06913209706544876,0.29222962260246277,0.367667555809021,1.0,-0.03267219662666321,0.06863082945346832,0.3157528042793274,0.8697880506515503,2.0,-0.01611846126616001,0.06911787390708923,0.355619341135025,1.4229453802108765
1692309391.792211,"[label: ""height""
size: 3
stride: 15, label: ""width""
size: 5
stride: 5]",0,0.0,-0.06737326830625534,0.0702110230922699,0.2919658422470093,0.39597782492637634,1.0,-0.035343486815690994,0.06971965730190277,0.3142937123775482,0.864445149898529,2.0,-0.018582046031951904,0.07017377018928528,0.35290494561195374,1.415300726890564
1692309391.8962862,"[label: ""height""
size: 3
stride: 15, label: ""width""
size: 5
stride: 5]",0,0.0,-0.0701368898153305,0.0692034438252449,0.2875106632709503,0.3552412688732147,1.0,-0.03824618086218834,0.06847159564495087,0.3098246455192566,0.8813338279724121,2.0,-0.021524062380194664,0.06902571022510529,0.34929975867271423,1.4104827642440796
1692309391.9913325,"[label: ""height""
size: 3
stride: 15, label: ""width""
size: 5
stride: 5]",0,0.0,-0.07218723744153976,0.07076814025640488,0.28816574811935425,0.3543807864189148,1.0,-0.04023490846157074,0.0701349750161171,0.3104908764362335,0.8755753040313721,2.0,-0.023699229583144188,0.07080501317977905,0.3496266305446625,1.424455165863037
1692309392.0945399,"[label: ""height""
size: 3
stride: 15, label: ""width""
size: 5
stride: 5]",0,0.0,-0.07397190481424332,0.07040437310934067,0.28785276412963867,0.3777952194213867,1.0,-0.04208359122276306,0.06959210336208344,0.30918288230895996,0.88686203956604,2.0,-0.025724919512867928,0.06965918838977814,0.3460807502269745,1.433788537979126
1692309392.192368,"[label: ""height""
size: 3
stride: 15, label: ""width""
size: 5
stride: 5]",0,0.0,-0.07522978633642197,0.07143083959817886,0.2889817953109741,0.35838574171066284,1.0,-0.04347192123532295,0.07082127034664154,0.3118182420730591,0.8823257684707642,2.0,-0.02758176065981388,0.0716438964009285,0.35164132714271545,1.434511423110962
1692309392.291384,"[label: ""height""
size: 3
stride: 15, label: ""width""
size: 5
stride: 5]",0,0.0,-0.07518153637647629,0.07064561545848846,0.28450143337249756,0.39446717500686646,1.0,-0.0442180335521698,0.07023587077856064,0.3082024157047272,0.9202055335044861,2.0,-0.02880886010825634,0.07075024396181107,0.34727558493614197,1.447690486907959
1692309392.3995154,"[label: ""height""
size: 3
stride: 15, label: ""width""
size: 5
stride: 5]",0,0.0,-0.07598147541284561,0.07057024538516998,0.286171555519104,0.3923018276691437,1.0,-0.04470822960138321,0.06971092522144318,0.308108389377594,0.9223238229751587,2.0,-0.030123693868517876,0.07156138867139816,0.35264483094215393,1.4477139711380005
1692309392.492842,"[label: ""height""
size: 3
stride: 15, label: ""width""
size: 5
stride: 5]",0,0.0,-0.07555582374334335,0.07081033289432526,0.28491541743278503,0.36076611280441284,1.0,-0.04514861851930618,0.07076538354158401,0.31107664108276367,0.9121798872947693,2.0,-0.029688596725463867,0.07099588960409164,0.34916794300079346,1.4584602117538452
1692309392.592967,"[label: ""height""
size: 3
stride: 15, label: ""width""
size: 5
stride: 5]",0,0.0,-0.0756344273686409,0.07078056037425995,0.28446251153945923,0.39608997106552124,1.0,-0.045016005635261536,0.07028944045305252,0.30846187472343445,0.9423209428787231,2.0,-0.030096232891082764,0.07075176388025284,0.34728050231933594,1.4593923091888428
1692309392.6930847,"[label: ""height""
size: 3
stride: 15, label: ""width""
size: 5
stride: 5]",0,0.0,-0.07513973861932755,0.06968045979738235,0.2843582332134247,0.39808890223503113,1.0,-0.044656336307525635,0.06974930316209793,0.30944228172302246,0.9374916553497314,2.0,-0.030469166114926338,0.07137346267700195,0.3531387150287628,1.4648101329803467
1692309392.789015,"[label: ""height""
size: 3
stride: 15, label: ""width""
size: 5
stride: 5]",0,0.0,-0.07557468861341476,0.07168123871088028,0.2869403660297394,0.42044928669929504,1.0,-0.04494551941752434,0.071344293653965,0.3114066421985626,0.9307795763015747,2.0,-0.030333634465932846,0.07198938727378845,0.3498423099517822,1.4756497144699097
1692309392.8914871,"[label: ""height""
size: 3
stride: 15, label: ""width""
size: 5
stride: 5]",0,0.0,-0.07549507170915604,0.07020679861307144,0.28666189312934875,0.42622262239456177,1.0,-0.04447426274418831,0.0692262277007103,0.3082107901573181,0.9412177205085754,2.0,-0.030735405161976814,0.07120548188686371,0.3544526994228363,1.4744173288345337
1692309392.999667,"[label: ""height""
size: 3
stride: 15, label: ""width""
size: 5
stride: 5]",0,0.0,-0.07487254589796066,0.07071331888437271,0.28341448307037354,0.4135756194591522,1.0,-0.04523526877164841,0.07138848304748535,0.31162023544311523,0.9512141346931458,2.0,-0.031074941158294678,0.07223795354366302,0.3517381250858307,1.4776341915130615
1692309393.0922935,"[label: ""height""
size: 3
stride: 15, label: ""width""
size: 5
stride: 5]",0,0.0,-0.0758337527513504,0.07087837159633636,0.28486931324005127,0.4239867031574249,1.0,-0.04577182978391647,0.07080410420894623,0.31013157963752747,0.938162624835968,2.0,-0.032540369778871536,0.07301267981529236,0.35832348465919495,1.475078821182251
1692309393.192703,"[label: ""height""
size: 3
stride: 15, label: ""width""
size: 5
stride: 5]",0,0.0,-0.07651075720787048,0.07131946831941605,0.28400468826293945,0.4463658332824707,1.0,-0.04633833467960358,0.0708727091550827,0.3088332712650299,0.9655832052230835,2.0,-0.0335361510515213,0.07302029430866241,0.35482388734817505,1.4895875453948975
1692309393.2920349,"[label: ""height""
size: 3
stride: 15, label: ""width""
size: 5
stride: 5]",0,0.0,-0.07801692187786102,0.07118077576160431,0.2818891406059265,0.4392717778682709,1.0,-0.048707783222198486,0.0713411271572113,0.30865657329559326,0.9649575352668762,2.0,-0.035268329083919525,0.07193299382925034,0.3475065231323242,1.5035022497177124
1692309393.3927531,"[label: ""height""
size: 3
stride: 15, label: ""width""
size: 5
stride: 5]",0,0.0,-0.07987478375434875,0.07181496918201447,0.28320688009262085,0.45997658371925354,1.0,-0.05070656165480614,0.07196198403835297,0.3107970654964447,0.9737758636474609,2.0,-0.037839896976947784,0.07290224730968475,0.3514772951602936,1.51095449924469
1692309393.4936633,"[label: ""height""
size: 3
stride: 15, label: ""width""
size: 5
stride: 5]",0,0.0,-0.08225321769714355,0.07245135307312012,0.28299111127853394,0.4521811902523041,1.0,-0.05279127135872841,0.0719778835773468,0.3081691563129425,0.991295337677002,2.0,-0.04104611277580261,0.07396386563777924,0.35310861468315125,1.514487385749817
1692309393.5894825,"[label: ""height""
size: 2
stride: 10, label: ""width""
size: 5
stride: 5]",0,0.0,-0.08416452258825302,0.07242614775896072,0.2824876308441162,0.4757472574710846,1.0,-0.05477360263466835,0.07173619419336319,0.30659350752830505,1.0041288137435913
1692309393.6928067,"[label: ""height""
size: 3
stride: 15, label: ""width""
size: 5
stride: 5]",0,0.0,-0.0859430581331253,0.07327663898468018,0.2825908064842224,0.46281829476356506,1.0,-0.056899767369031906,0.07307498902082443,0.3085668385028839,1.0050021409988403,2.0,-0.04541335254907608,0.0741926059126854,0.3487807810306549,1.5182099342346191
1692309393.7898057,"[label: ""height""
size: 3
stride: 15, label: ""width""
size: 5
stride: 5]",0,0.0,-0.08629365265369415,0.071812704205513,0.27832791209220886,0.5133552551269531,1.0,-0.058430641889572144,0.07199564576148987,0.30667781829833984,1.0276033878326416,2.0,-0.04832975193858147,0.07461368292570114,0.3555050790309906,1.5474064350128174
1692309393.8918211,"[label: ""height""
size: 3
stride: 15, label: ""width""
size: 5
stride: 5]",0,0.0,-0.08781391382217407,0.07312117516994476,0.28153905272483826,0.4564874768257141,1.0,-0.059442855417728424,0.07309543341398239,0.30866193771362305,1.014026165008545,2.0,-0.04854166507720947,0.07446727901697159,0.35073497891426086,1.5293625593185425
1692309393.9905796,"[label: ""height""
size: 2
stride: 10, label: ""width""
size: 5
stride: 5]",0,0.0,-0.08797132223844528,0.07247292995452881,0.28177639842033386,0.4931754171848297,1.0,-0.059189166873693466,0.0720016211271286,0.30670779943466187,1.0302151441574097
1692309394.093822,"[label: ""height""
size: 3
stride: 15, label: ""width""
size: 5
stride: 5]",0,0.0,-0.08747430145740509,0.07244441658258438,0.28165820240974426,0.4915361702442169,1.0,-0.05920577049255371,0.07259978353977203,0.30871352553367615,1.032125473022461,2.0,-0.048105545341968536,0.0735773891210556,0.3485656678676605,1.522438406944275
1692309394.190099,"[label: ""height""
size: 3
stride: 15, label: ""width""
size: 5
stride: 5]",0,0.0,-0.08697759360074997,0.07241582870483398,0.28153976798057556,0.4899093806743622,1.0,-0.05836883932352066,0.0720629096031189,0.30699169635772705,1.0356240272521973,2.0,-0.04836250841617584,0.07412715256214142,0.35251420736312866,1.5413178205490112
1692309394.2966838,"[label: ""height""
size: 2
stride: 10, label: ""width""
size: 5
stride: 5]",0,0.0,-0.08593976497650146,0.07286395877599716,0.2829831838607788,0.47170230746269226,1.0,-0.05717174708843231,0.07258471101522446,0.30864274501800537,1.024924874305725
1692309394.392092,"[label: ""height""
size: 3
stride: 15, label: ""width""
size: 5
stride: 5]",0,0.0,-0.08475283533334732,0.0727095827460289,0.28408879041671753,0.4893037676811218,1.0,-0.05635959655046463,0.07277022302150726,0.31105735898017883,1.032904863357544,2.0,-0.04541735723614693,0.07415296882390976,0.35195544362068176,1.5159189701080322
1692309394.4978087,"[label: ""height""
size: 2
stride: 10, label: ""width""
size: 5
stride: 5]",0,0.0,-0.08324883878231049,0.07165555655956268,0.28222429752349854,0.5081964135169983,1.0,-0.05539163202047348,0.0720754861831665,0.3113388419151306,1.0277130603790283
1692309394.5918941,"[label: ""height""
size: 2
stride: 10, label: ""width""
size: 5
stride: 5]",0,0.0,-0.08254259079694748,0.0724310576915741,0.2848628759384155,0.48430129885673523,1.0,-0.05377868935465813,0.07221706211566925,0.31085437536239624,1.0242950916290283
1692309394.6940856,"[label: ""height""
size: 2
stride: 10, label: ""width""
size: 5
stride: 5]",0,0.0,-0.08054201304912567,0.07210629433393478,0.28484800457954407,0.5000603199005127,1.0,-0.05209524556994438,0.07208705693483353,0.31139445304870605,1.0346434116363525
1692309394.7890005,"[label: ""height""
size: 3
stride: 15, label: ""width""
size: 5
stride: 5]",0,0.0,-0.0785321295261383,0.07229918986558914,0.284322053194046,0.4981204867362976,1.0,-0.04985170066356659,0.07200078666210175,0.30938082933425903,1.024286150932312,2.0,-0.0385582335293293,0.07300370186567307,0.34854575991630554,1.5238796472549438
1692309394.900491,"[label: ""height""
size: 2
stride: 10, label: ""width""
size: 5
stride: 5]",0,0.0,-0.0774005725979805,0.0716753602027893,0.2826216518878937,0.4526461958885193,1.0,-0.04934624582529068,0.07268665730953217,0.31338223814964294,0.9799075722694397
1692309394.9995542,"[label: ""height""
size: 2
stride: 10, label: ""width""
size: 5
stride: 5]",0,0.0,-0.07604361325502396,0.07178036868572235,0.2839857339859009,0.4430701434612274,1.0,-0.04691207408905029,0.07243476808071136,0.31173765659332275,0.9666966795921326
1692309395.1000695,"[label: ""height""
size: 3
stride: 15, label: ""width""
size: 5
stride: 5]",0,0.0,-0.0755639523267746,0.07254862040281296,0.2839306890964508,0.4437448978424072,1.0,-0.04577655717730522,0.07275969535112381,0.3093140125274658,0.9510555863380432,2.0,-0.03182880952954292,0.0732981264591217,0.34725114703178406,1.492982268333435
1692309395.1963346,"[label: ""height""
size: 3
stride: 15, label: ""width""
size: 5
stride: 5]",0,0.0,-0.07573049515485764,0.07201960682868958,0.2839938998222351,0.40768590569496155,1.0,-0.044898685067892075,0.0717359408736229,0.30767449736595154,0.9444347023963928,2.0,-0.03100471943616867,0.07311733067035675,0.3477368652820587,1.4756054878234863
1692309395.3002803,"[label: ""height""
size: 3
stride: 15, label: ""width""
size: 5
stride: 5]",0,0.0,-0.0753086656332016,0.07188180088996887,0.2814908027648926,0.3838951885700226,1.0,-0.04437655210494995,0.07155898213386536,0.30419716238975525,0.9361705183982849,2.0,-0.029892800375819206,0.07295088469982147,0.34494736790657043,1.4604344367980957
1692309395.3948925,"[label: ""height""
size: 3
stride: 15, label: ""width""
size: 5
stride: 5]",0,0.0,-0.07534117251634598,0.07194902002811432,0.2795199453830719,0.3901222348213196,1.0,-0.04444844648241997,0.07190271466970444,0.30303797125816345,0.920474648475647,2.0,-0.029564233496785164,0.07371602207422256,0.3445732295513153,1.4434363842010498
1692309395.5018992,"[label: ""height""
size: 3
stride: 15, label: ""width""
size: 5
stride: 5]",0,0.0,-0.07642409950494766,0.07126358896493912,0.2800714671611786,0.374847412109375,1.0,-0.04494858905673027,0.07149720937013626,0.3039029836654663,0.8886117935180664,2.0,-0.029297901317477226,0.07294666767120361,0.3449235260486603,1.4267174005508423
1692309395.5990498,"[label: ""height""
size: 3
stride: 15, label: ""width""
size: 5
stride: 5]",0,0.0,-0.07795761525630951,0.0724172592163086,0.28009089827537537,0.338969886302948,1.0,-0.04537110775709152,0.07185065746307373,0.3002179265022278,0.8851825594902039,2.0,-0.029296737164258957,0.07353878021240234,0.34179607033729553,1.4139460325241089
1692309395.7032025,"[label: ""height""
size: 3
stride: 15, label: ""width""
size: 5
stride: 5]",0,0.0,-0.07863319665193558,0.07064171135425568,0.27616116404533386,0.3656526207923889,1.0,-0.0470198430120945,0.07077323645353317,0.2997891902923584,0.8724483251571655,2.0,-0.03041527047753334,0.07220800966024399,0.33883869647979736,1.4048442840576172
1692309395.804051,"[label: ""height""
size: 3
stride: 15, label: ""width""
size: 5
stride: 5]",0,0.0,-0.08144163340330124,0.07145050913095474,0.27486297488212585,0.3368866443634033,1.0,-0.04928045719861984,0.0711987167596817,0.2965100407600403,0.8643110394477844,2.0,-0.032561514526605606,0.07271765917539597,0.33672070503234863,1.4040902853012085
1692309395.9020855,"[label: ""height""
size: 3
stride: 15, label: ""width""
size: 5
stride: 5]",0,0.0,-0.08442248404026031,0.07096840441226959,0.27403801679611206,0.36202558875083923,1.0,-0.052048586308956146,0.07087481766939163,0.2950584888458252,0.8502545952796936,2.0,-0.03482809290289879,0.0721646174788475,0.33354848623275757,1.3913311958312988
1692309396.0168734,"[label: ""height""
size: 3
stride: 15, label: ""width""
size: 5
stride: 5]",0,1.0,-0.056316111236810684,0.07155139744281769,0.2959096431732178,0.8408120274543762,2.0,-0.03874406963586807,0.07263457775115967,0.3344438672065735,1.383728265762329,0.0,-0.08986876159906387,0.0723416730761528,0.2772074043750763,0.3302503228187561
1692309396.1025538,"[label: ""height""
size: 3
stride: 15, label: ""width""
size: 5
stride: 5]",0,0.0,-0.09135045856237411,0.07072555273771286,0.2699454724788666,0.3405497074127197,1.0,-0.05880159139633179,0.07060571759939194,0.29095885157585144,0.8441165089607239,2.0,-0.042037155479192734,0.07271572202444077,0.33356595039367676,1.3728663921356201
1692309396.2004032,"[label: ""height""
size: 3
stride: 15, label: ""width""
size: 5
stride: 5]",0,0.0,-0.09594012796878815,0.07172233611345291,0.27092471718788147,0.30552056431770325,1.0,-0.06284265965223312,0.07115793228149414,0.28987187147140503,0.8441734313964844,2.0,-0.04506998509168625,0.07249122858047485,0.32886362075805664,1.3801827430725098
1692309396.2981899,"[label: ""height""
size: 3
stride: 15, label: ""width""
size: 5
stride: 5]",0,0.0,-0.0982593297958374,0.07107646018266678,0.2688840925693512,0.3358730971813202,1.0,-0.0658683106303215,0.07160621881484985,0.29115360975265503,0.8161380887031555,2.0,-0.04743499308824539,0.07195296883583069,0.325835645198822,1.3689887523651123
1692309396.3902695,"[label: ""height""
size: 3
stride: 15, label: ""width""
size: 5
stride: 5]",0,0.0,-0.10237377136945724,0.07231387495994568,0.26976093649864197,0.304884135723114,1.0,-0.06836213171482086,0.07143756747245789,0.2862461507320404,0.8210636377334595,2.0,-0.05056663230061531,0.07286235690116882,0.32457223534584045,1.3712507486343384
1692309396.4913864,"[label: ""height""
size: 3
stride: 15, label: ""width""
size: 5
stride: 5]",0,0.0,-0.10393381118774414,0.0710863396525383,0.2662747800350189,0.25695672631263733,1.0,-0.07119826972484589,0.07146573066711426,0.2877408564090729,0.8134528994560242,2.0,-0.05250658839941025,0.07228809595108032,0.324362576007843,1.3542662858963013
1692309396.5919504,"[label: ""height""
size: 3
stride: 15, label: ""width""
size: 5
stride: 5]",0,0.0,-0.10711681097745895,0.07241308689117432,0.2673587501049042,0.2408110499382019,1.0,-0.07316873222589493,0.07191643863916397,0.28492239117622375,0.8045291900634766,2.0,-0.054900988936424255,0.07346528768539429,0.32371655106544495,1.3403035402297974
1692309396.6978242,"[label: ""height""
size: 3
stride: 15, label: ""width""
size: 5
stride: 5]",0,0.0,-0.10981579124927521,0.07160888612270355,0.2680151164531708,0.2252683937549591,1.0,-0.07614602148532867,0.07146544009447098,0.2873207628726959,0.8008705973625183,2.0,-0.05701177194714546,0.07283663749694824,0.3244430124759674,1.3363641500473022
1692309396.7903569,"[label: ""height""
size: 3
stride: 15, label: ""width""
size: 5
stride: 5]",0,0.0,-0.1111944168806076,0.0722237229347229,0.26631543040275574,0.22006197273731232,1.0,-0.07674276828765869,0.07160449773073196,0.28226470947265625,0.8019573092460632,2.0,-0.057813793420791626,0.07317601144313812,0.3201555013656616,1.3301483392715454
1692309396.891436,"[label: ""height""
size: 3
stride: 15, label: ""width""
size: 5
stride: 5]",0,0.0,-0.11396980285644531,0.07216320186853409,0.26846981048583984,0.21830612421035767,1.0,-0.07861112058162689,0.07112841308116913,0.28313541412353516,0.7788508534431458,2.0,-0.05936295539140701,0.07283136993646622,0.3215021789073944,1.318015694618225
1692309396.9926064,"[label: ""height""
size: 3
stride: 15, label: ""width""
size: 5
stride: 5]",0,0.0,-0.1148785948753357,0.07261891663074493,0.2685315012931824,0.21614164113998413,1.0,-0.07973789423704147,0.07222046703100204,0.28422456979751587,0.7640432715415955,2.0,-0.059703659266233444,0.07321711629629135,0.31918489933013916,1.3079980611801147
1692309397.0959606,"[label: ""height""
size: 3
stride: 15, label: ""width""
size: 5
stride: 5]",0,0.0,-0.11459419131278992,0.07201144099235535,0.266960471868515,0.16534189879894257,1.0,-0.08060982823371887,0.07233156263828278,0.28563302755355835,0.7569411993026733,2.0,-0.05904427170753479,0.07261286675930023,0.3171262741088867,1.2934308052062988
1692309397.1884906,"[label: ""height""
size: 3
stride: 15, label: ""width""
size: 5
stride: 5]",0,0.0,-0.1138734295964241,0.07146035879850388,0.2686011493206024,0.1634911149740219,1.0,-0.07902701944112778,0.07148648053407669,0.2853783667087555,0.7355690002441406,2.0,-0.05782844498753548,0.0725674033164978,0.3197494149208069,1.2751202583312988
1692309397.2996554,"[label: ""height""
size: 3
stride: 15, label: ""width""
size: 5
stride: 5]",0,0.0,-0.11232363432645798,0.07220031321048737,0.2697681188583374,0.12018997222185135,1.0,-0.07754772901535034,0.07262114435434341,0.28715479373931885,0.6983636021614075,2.0,-0.05590404197573662,0.07388599216938019,0.3214966654777527,1.2575162649154663
1692309397.3918552,"[label: ""height""
size: 3
stride: 15, label: ""width""
size: 5
stride: 5]",0,0.0,-0.11126912385225296,0.0719885528087616,0.2731526792049408,0.12508143484592438,1.0,-0.07506164908409119,0.07155732810497284,0.28662577271461487,0.6903853416442871,2.0,-0.053336240351200104,0.07334068417549133,0.3242979049682617,1.2342976331710815
1692309397.5011082,"[label: ""height""
size: 3
stride: 15, label: ""width""
size: 5
stride: 5]",0,0.0,-0.10896757245063782,0.07177957892417908,0.27321118116378784,0.10448548197746277,1.0,-0.07369819283485413,0.07215270400047302,0.2895055115222931,0.6877233386039734,2.0,-0.05077328905463219,0.07329588383436203,0.32407906651496887,1.2179754972457886
1692309397.5889726,"[label: ""height""
size: 3
stride: 15, label: ""width""
size: 5
stride: 5]",0,0.0,-0.10815152525901794,0.07281089574098587,0.2758941054344177,0.07665840536355972,1.0,-0.0722125768661499,0.07303456962108612,0.2905932068824768,0.6569704413414001,2.0,-0.04791887477040291,0.07326815277338028,0.3210587799549103,1.198874592781067
1692309397.6906743,"[label: ""height""
size: 3
stride: 15, label: ""width""
size: 5
stride: 5]",0,0.0,-0.10704463720321655,0.07180295139551163,0.27766507863998413,0.0616721585392952,1.0,-0.07033775746822357,0.07151082903146744,0.2901710867881775,0.6340811252593994,2.0,-0.046190045773983,0.07221309840679169,0.32277190685272217,1.1809509992599487
1692309397.7886438,"[label: ""height""
size: 3
stride: 15, label: ""width""
size: 5
stride: 5]",0,0.0,-0.10489565879106522,0.07332294434309006,0.2799043357372284,0.0894969254732132,1.0,-0.06810834258794785,0.07299309968948364,0.2917957603931427,0.6398611068725586,2.0,-0.043582484126091,0.07380361109972,0.32396116852760315,1.1776713132858276
1692309397.896287,"[label: ""height""
size: 3
stride: 15, label: ""width""
size: 5
stride: 5]",0,0.0,-0.10163183510303497,0.07279665768146515,0.2796219289302826,0.04631117358803749,1.0,-0.06619007885456085,0.07339421659708023,0.29591822624206543,0.6252410411834717,2.0,-0.041196733713150024,0.07383950054645538,0.32704973220825195,1.171394944190979
1692309397.9956799,"[label: ""height""
size: 3
stride: 15, label: ""width""
size: 5
stride: 5]",0,0.0,-0.09920356422662735,0.07311808317899704,0.2835608124732971,0.07181821018457413,1.0,-0.0628538429737091,0.0731518417596817,0.29731297492980957,0.6322724223136902,2.0,-0.038502611219882965,0.07455795258283615,0.3313768804073334,1.1713967323303223
1692309398.0982652,"[label: ""height""
size: 3
stride: 15, label: ""width""
size: 5
stride: 5]",0,1.0,-0.060007061809301376,0.07410421967506409,0.2983188033103943,0.6585808396339417,2.0,-0.03541970252990723,0.07516385614871979,0.3316725492477417,1.1697628498077393,0.0,-0.0973464697599411,0.07528326660394669,0.28871598839759827,0.0693453922867775
1692309398.1947856,"[label: ""height""
size: 3
stride: 15, label: ""width""
size: 5
stride: 5]",0,0.0,-0.0937998816370964,0.07375117391347885,0.28922635316848755,0.11136771738529205,1.0,-0.05757983773946762,0.07406632602214813,0.3039860725402832,0.620280921459198,2.0,-0.033007413148880005,0.07551957666873932,0.33870789408683777,1.175657033920288
1692309398.2996151,"[label: ""height""
size: 3
stride: 15, label: ""width""
size: 5
stride: 5]",0,0.0,-0.09029033780097961,0.073824442923069,0.28856927156448364,0.09915786236524582,1.0,-0.05422424525022507,0.07426466047763824,0.3033759593963623,0.6435201168060303,2.0,-0.02989542856812477,0.07542336732149124,0.33643364906311035,1.178924798965454
1692309398.3965592,"[label: ""height""
size: 3
stride: 15, label: ""width""
size: 5
stride: 5]",0,0.0,-0.08778367191553116,0.07331618666648865,0.2884005308151245,0.07445519417524338,1.0,-0.05216919630765915,0.07381825149059296,0.3050963878631592,0.6369323134422302,2.0,-0.027788886800408363,0.07506957650184631,0.3391858637332916,1.1763628721237183
1692309398.5019696,"[label: ""height""
size: 3
stride: 15, label: ""width""
size: 5
stride: 5]",0,0.0,-0.0855138823390007,0.07307501137256622,0.29075363278388977,0.08371718972921371,1.0,-0.04976453259587288,0.07338310778141022,0.3064678907394409,0.6621165871620178,2.0,-0.025294186547398567,0.07449843734502792,0.33911335468292236,1.186599850654602
1692309398.5950453,"[label: ""height""
size: 3
stride: 15, label: ""width""
size: 5
stride: 5]",0,0.0,-0.08347693085670471,0.07493708282709122,0.2963356077671051,0.12199211120605469,1.0,-0.046612050384283066,0.07411833852529526,0.3079506754875183,0.6560314297676086,2.0,-0.022481899708509445,0.07568129897117615,0.34257662296295166,1.1893327236175537
1692309398.6976783,"[label: ""height""
size: 3
stride: 15, label: ""width""
size: 5
stride: 5]",0,0.0,-0.07929236441850662,0.07381546497344971,0.2971406579017639,0.15059618651866913,1.0,-0.0431811697781086,0.07392118871212006,0.31123682856559753,0.6333118081092834,2.0,-0.018823860213160515,0.07534446567296982,0.3474401831626892,1.1714152097702026
1692309398.7968206,"[label: ""height""
size: 3
stride: 15, label: ""width""
size: 5
stride: 5]",0,0.0,-0.07685165852308273,0.07444910705089569,0.29985830187797546,0.12807658314704895,1.0,-0.03989372029900551,0.07358671724796295,0.31046730279922485,0.6410201191902161,2.0,-0.015614827163517475,0.07589267194271088,0.34867334365844727,1.1677294969558716
1692309398.9012663,"[label: ""height""
size: 3
stride: 15, label: ""width""
size: 5
stride: 5]",0,0.0,-0.07334471493959427,0.0741526409983635,0.2999786138534546,0.10311213880777359,1.0,-0.037034180015325546,0.07418744266033173,0.31401199102401733,0.6085401773452759,2.0,-0.011718371883034706,0.07538171112537384,0.3476283848285675,1.1504093408584595
1692309398.9968324,"[label: ""height""
size: 3
stride: 15, label: ""width""
size: 5
stride: 5]",0,0.0,-0.0707777738571167,0.07306107878684998,0.3020974099636078,0.09663759917020798,1.0,-0.03388600796461105,0.07251262664794922,0.31340280175209045,0.6004377603530884,2.0,-0.008027252741158009,0.0740526095032692,0.34802892804145813,1.138321876525879
1692309399.0988708,"[label: ""height""
size: 3
stride: 15, label: ""width""
size: 5
stride: 5]",0,0.0,-0.06824614852666855,0.07412484288215637,0.30463871359825134,0.10594286769628525,1.0,-0.031058015301823616,0.07376264780759811,0.31557223200798035,0.5432121157646179,2.0,-0.004436563700437546,0.0743936076760292,0.3463284373283386,1.120285987854004
1692309399.1959996,"[label: ""height""
size: 3
stride: 15, label: ""width""
size: 5
stride: 5]",0,0.0,-0.06562040746212006,0.07286732643842697,0.30490002036094666,0.04395011067390442,1.0,-0.028127282857894897,0.07248146086931229,0.3160315155982971,0.543788731098175,2.0,-0.0007347821956500411,0.07268264144659042,0.34489649534225464,1.0952192544937134
1692309399.3000014,"[label: ""height""
size: 3
stride: 15, label: ""width""
size: 5
stride: 5]",0,0.0,-0.06296531856060028,0.07326695322990417,0.30713388323783875,0.03547282889485359,1.0,-0.025157129392027855,0.0730682834982872,0.3175228536128998,0.5229239463806152,2.0,0.0025180785451084375,0.07328414916992188,0.3450818359851837,1.0764596462249756
1692309399.3957844,"[label: ""height""
size: 3
stride: 15, label: ""width""
size: 5
stride: 5]",0,0.0,-0.06055404245853424,0.07381781935691833,0.30733639001846313,-0.029243437573313713,1.0,-0.022783523425459862,0.0732097327709198,0.3170148432254791,0.5174004435539246,2.0,0.005500680301338434,0.0737413763999939,0.34588897228240967,1.05668306350708
1692309399.498081,"[label: ""height""
size: 3
stride: 15, label: ""width""
size: 5
stride: 5]",0,0.0,-0.05652502551674843,0.07124301791191101,0.30524805188179016,-0.03911101445555687,1.0,-0.01894216425716877,0.07146964967250824,0.3173484802246094,0.46585237979888916,2.0,0.009876429103314877,0.0719107836484909,0.34520667791366577,1.0364211797714233
1692309399.5959997,"[label: ""height""
size: 3
stride: 15, label: ""width""
size: 5
stride: 5]",0,0.0,-0.05229603126645088,0.07325965166091919,0.3098200559616089,-0.03921778127551079,1.0,-0.01429761853069067,0.07296411693096161,0.3182194232940674,0.479878306388855,2.0,0.015372425317764282,0.07380583882331848,0.3481615483760834,1.016616940498352
1692309399.6979737,"[label: ""height""
size: 3
stride: 15, label: ""width""
size: 5
stride: 5]",0,0.0,-0.04665636271238327,0.07212527096271515,0.30762359499931335,-0.06279279291629791,1.0,-0.009076385758817196,0.07307468354701996,0.3216173052787781,0.4546252191066742,2.0,0.02094728872179985,0.07398565113544464,0.3510340452194214,1.0157159566879272
1692309399.7977974,"[label: ""height""
size: 3
stride: 15, label: ""width""
size: 5
stride: 5]",0,0.0,-0.04230187088251114,0.07206983119249344,0.31058064103126526,-0.09722622483968735,1.0,-0.004156807437539101,0.07179289311170578,0.31927329301834106,0.4719600975513458,2.0,0.0255855955183506,0.07226330041885376,0.34761843085289,1.0082441568374634
1692309399.8995068,"[label: ""height""
size: 3
stride: 15, label: ""width""
size: 5
stride: 5]",0,0.0,-0.03876369819045067,0.07312219589948654,0.3130743205547333,-0.06573860347270966,1.0,-0.0005024892743676901,0.07227970659732819,0.31909772753715515,0.4614979326725006,2.0,0.0298372283577919,0.07336394488811493,0.34740185737609863,0.9968515634536743
1692309399.994982,"[label: ""height""
size: 3
stride: 15, label: ""width""
size: 5
stride: 5]",0,1.0,0.0005580174620263278,0.0705527737736702,0.3149374723434448,0.4836684763431549,2.0,0.03063138760626316,0.07188189029693604,0.3450479805469513,0.9880977272987366,0.0,-0.03848939761519432,0.07299919426441193,0.3169907331466675,-0.08860575407743454
1692309400.102944,"[label: ""height""
size: 3
stride: 15, label: ""width""
size: 5
stride: 5]",0,0.0,-0.038111355155706406,0.07293970882892609,0.31266167759895325,-0.1077452003955841,1.0,0.00026649219216778874,0.07205604761838913,0.3175511956214905,0.4330492615699768,2.0,0.030827805399894714,0.07250922173261642,0.3439818024635315,0.9711474776268005
1692309400.2021477,"[label: ""height""
size: 3
stride: 15, label: ""width""
size: 5
stride: 5]",0,0.0,-0.039124950766563416,0.07240889966487885,0.3125762343406677,-0.10745982825756073,1.0,-0.000793635263107717,0.07222919911146164,0.3200690448284149,0.4210836887359619,2.0,0.030074384063482285,0.07244893163442612,0.34505343437194824,0.9713320136070251
1692309400.293974,"[label: ""height""
size: 3
stride: 15, label: ""width""
size: 5
stride: 5]",0,0.0,-0.04116387292742729,0.07338257133960724,0.3146906793117523,-0.07605460286140442,1.0,-0.002366130007430911,0.0727996900677681,0.32028770446777344,0.42448338866233826,2.0,0.028314530849456787,0.07232125848531723,0.34246790409088135,0.9705088138580322
1692309400.3926501,"[label: ""height""
size: 3
stride: 15, label: ""width""
size: 5
stride: 5]",0,0.0,-0.042176973074674606,0.07289072871208191,0.31243896484375,-0.10503292828798294,1.0,-0.003687327727675438,0.07266068458557129,0.31962189078330994,0.3954034447669983,2.0,0.026998722925782204,0.07244857400655746,0.34172648191452026,0.9666333794593811
1692309400.492216,"[label: ""height""
size: 3
stride: 15, label: ""width""
size: 5
stride: 5]",0,0.0,-0.043515533208847046,0.07256372272968292,0.3101048171520233,-0.10532845556735992,1.0,-0.00518421595916152,0.07212643325328827,0.316705584526062,0.42413556575775146,2.0,0.02584979683160782,0.07302973419427872,0.3451295793056488,0.9642521739006042
1692309400.5914636,"[label: ""height""
size: 3
stride: 15, label: ""width""
size: 5
stride: 5]",0,0.0,-0.045387666672468185,0.072891466319561,0.311597615480423,-0.10986392945051193,1.0,-0.006740553770214319,0.07215365767478943,0.31683549284935,0.4282848536968231,2.0,0.024081336334347725,0.07249586284160614,0.3419716954231262,0.965156614780426
1692309400.6922312,"[label: ""height""
size: 3
stride: 15, label: ""width""
size: 5
stride: 5]",0,0.0,-0.04740981012582779,0.07286453992128372,0.31147316098213196,-0.10873009264469147,1.0,-0.008792267180979252,0.07212427258491516,0.31623533368110657,0.4373762011528015,2.0,0.02194337546825409,0.07173437625169754,0.33902838826179504,0.957118809223175
1692309400.7921617,"[label: ""height""
size: 3
stride: 15, label: ""width""
size: 5
stride: 5]",0,0.0,-0.04803915321826935,0.07172857224941254,0.30776888132095337,-0.16954991221427917,1.0,-0.009860819205641747,0.07128962874412537,0.3135320842266083,0.4432597756385803,2.0,0.021282173693180084,0.07220078259706497,0.3418431878089905,0.9539671540260315
1692309400.8907533,"[label: ""height""
size: 3
stride: 15, label: ""width""
size: 5
stride: 5]",0,0.0,-0.0499359667301178,0.07283187657594681,0.31132230162620544,-0.10732094943523407,1.0,-0.01117570698261261,0.0724557563662529,0.31697431206703186,0.39824268221855164,2.0,0.01978772133588791,0.0722515881061554,0.34018298983573914,0.9608030319213867
1692309400.9890928,"[label: ""height""
size: 3
stride: 15, label: ""width""
size: 5
stride: 5]",0,0.0,-0.050563711673021317,0.07278160005807877,0.31110209226608276,-0.1352194845676422,1.0,-0.011902670376002789,0.07183019071817398,0.3153020739555359,0.3777073621749878,2.0,0.019447654485702515,0.07171916961669922,0.33894801139831543,0.9456753730773926
1692309401.0925567,"[label: ""height""
size: 3
stride: 15, label: ""width""
size: 5
stride: 5]",0,0.0,-0.05127955228090286,0.07323508709669113,0.3108137547969818,-0.13361245393753052,1.0,-0.012440934777259827,0.0721123069524765,0.3133782148361206,0.4174724817276001,2.0,0.0189592894166708,0.07281196117401123,0.340192973613739,0.9444139003753662
1692309401.1931953,"[label: ""height""
size: 3
stride: 15, label: ""width""
size: 5
stride: 5]",0,0.0,-0.05048685148358345,0.0725732296705246,0.30895891785621643,-0.15426909923553467,1.0,-0.011956080794334412,0.07198155671358109,0.31390857696533203,0.40645650029182434,2.0,0.01960175670683384,0.07164670526981354,0.3366679251194,0.9306248426437378
1692309401.2937372,"[label: ""height""
size: 3
stride: 15, label: ""width""
size: 5
stride: 5]",0,0.0,-0.049386367201805115,0.07373000681400299,0.31076034903526306,-0.16110116243362427,1.0,-0.010905646719038486,0.07328227907419205,0.31598764657974243,0.36251023411750793,2.0,0.0212786253541708,0.07345020025968552,0.3392651081085205,0.9115237593650818
1692309401.3911362,"[label: ""height""
size: 3
stride: 15, label: ""width""
size: 5
stride: 5]",0,0.0,-0.0471067950129509,0.07309435307979584,0.3090374767780304,-0.18213073909282684,1.0,-0.008795754984021187,0.07285639643669128,0.31479838490486145,0.3690702021121979,2.0,0.023344503715634346,0.07281020283699036,0.33696791529655457,0.9100779294967651
1692309401.490525,"[label: ""height""
size: 3
stride: 15, label: ""width""
size: 5
stride: 5]",0,0.0,-0.045041054487228394,0.07378662377595901,0.3121800720691681,-0.20015348494052887,1.0,-0.006239030044525862,0.07321209460496902,0.3151906132698059,0.35124701261520386,2.0,0.025981489568948746,0.0731324702501297,0.33714166283607483,0.8921725749969482
1692309401.5920026,"[label: ""height""
size: 3
stride: 15, label: ""width""
size: 5
stride: 5]",0,0.0,-0.04286554828286171,0.07336069643497467,0.3122645914554596,-0.1857500672340393,1.0,-0.004156800918281078,0.07275871187448502,0.31434231996536255,0.357672780752182,2.0,0.028549009934067726,0.07249336689710617,0.3348477780818939,0.8892492055892944
1692309401.6937966,"[label: ""height""
size: 3
stride: 15, label: ""width""
size: 5
stride: 5]",0,0.0,-0.040578246116638184,0.07346493005752563,0.3111552298069,-0.22063083946704865,1.0,-0.002129680709913373,0.07339370250701904,0.3160720765590668,0.3358461558818817,2.0,0.030746132135391235,0.07305295020341873,0.33489885926246643,0.8830253481864929
1692309401.7888396,"[label: ""height""
size: 3
stride: 15, label: ""width""
size: 5
stride: 5]",0,0.0,-0.03926625847816467,0.07373154908418655,0.31394127011299133,-0.22042137384414673,1.0,-0.0005787641857750714,0.07336412370204926,0.3159330189228058,0.3322156071662903,2.0,0.033120788633823395,0.07381618767976761,0.33961737155914307,0.8490658402442932
1692309401.8915257,"[label: ""height""
size: 3
stride: 15, label: ""width""
size: 5
stride: 5]",0,0.0,-0.03702625632286072,0.0746193677186966,0.315618097782135,-0.23029135167598724,1.0,0.0018490010406821966,0.07412776350975037,0.31744152307510376,0.28484880924224854,2.0,0.034846361726522446,0.07357177883386612,0.33474305272102356,0.8531662821769714
1692309401.9919045,"[label: ""height""
size: 3
stride: 15, label: ""width""
size: 5
stride: 5]",0,0.0,-0.035134367644786835,0.07353416085243225,0.3158529996871948,-0.2572554647922516,1.0,0.003920520655810833,0.07370228320360184,0.3194819986820221,0.24747386574745178,2.0,0.037910573184490204,0.07297880947589874,0.33768215775489807,0.8390700817108154
1692309402.0903273,"[label: ""height""
size: 3
stride: 15, label: ""width""
size: 5
stride: 5]",0,0.0,-0.03205745294690132,0.07358575612306595,0.3160894811153412,-0.2621327340602875,1.0,0.006776637863367796,0.07341891527175903,0.3174301087856293,0.2736065685749054,2.0,0.04055093601346016,0.07293569296598434,0.3343021869659424,0.8195372819900513
1692309402.1957293,"[label: ""height""
size: 3
stride: 15, label: ""width""
size: 5
stride: 5]",0,0.0,-0.030347730964422226,0.07244385033845901,0.3155892491340637,-0.2883028984069824,1.0,0.008305640891194344,0.07210105657577515,0.31602978706359863,0.2756146490573883,2.0,0.04300308600068092,0.07238682359457016,0.33748379349708557,0.7969045042991638
1692309402.2967415,"[label: ""height""
size: 3
stride: 15, label: ""width""
size: 5
stride: 5]",0,0.0,-0.028809763491153717,0.0724698007106781,0.31570979952812195,-0.2909853458404541,1.0,0.009975556284189224,0.07235921919345856,0.3164534568786621,0.24353808164596558,2.0,0.044339559972286224,0.07177651673555374,0.33398181200027466,0.8100652694702148
1692309402.3881495,"[label: ""height""
size: 3
stride: 15, label: ""width""
size: 5
stride: 5]",0,0.0,-0.029000915586948395,0.07344629615545273,0.32115066051483154,-0.2479080855846405,1.0,0.010423417203128338,0.07219628244638443,0.31816840171813965,0.251923143863678,2.0,0.04457683861255646,0.07117152959108353,0.3336851894855499,0.7907751202583313
1692309402.4904988,"[label: ""height""
size: 3
stride: 15, label: ""width""
size: 5
stride: 5]",0,0.0,-0.02870159223675728,0.07233723253011703,0.3175179362297058,-0.2775144875049591,1.0,0.010479695163667202,0.07133546471595764,0.3160460889339447,0.24252434074878693,2.0,0.04457683861255646,0.07117152959108353,0.3336851894855499,0.7907751202583313
1692309402.588803,"[label: ""height""
size: 3
stride: 15, label: ""width""
size: 5
stride: 5]",0,0.0,-0.029784733429551125,0.07234326004981995,0.31801682710647583,-0.2742491662502289,1.0,0.009053060784935951,0.0713886022567749,0.31679296493530273,0.2159806489944458,2.0,0.043904319405555725,0.07173208892345428,0.33695900440216064,0.78575599193573
1692309402.6911511,"[label: ""height""
size: 3
stride: 15, label: ""width""
size: 5
stride: 5]",0,0.0,-0.030872175469994545,0.07169496268033981,0.3169468641281128,-0.2969364523887634,1.0,0.008018854074180126,0.07140955328941345,0.3168938457965851,0.21759025752544403,2.0,0.04246937856078148,0.07052970677614212,0.3331982493400574,0.7875756025314331
1692309402.794974,"[label: ""height""
size: 3
stride: 15, label: ""width""
size: 5
stride: 5]",0,0.0,-0.0326506532728672,0.0723516196012497,0.31928783655166626,-0.27750635147094727,1.0,0.006466367747634649,0.07144134491682053,0.31704702973365784,0.22003686428070068,2.0,0.04100639745593071,0.07058808952569962,0.3334963321685791,0.7811100482940674
1692309402.8981552,"[label: ""height""
size: 3
stride: 15, label: ""width""
size: 5
stride: 5]",0,0.0,-0.03327872231602669,0.07155023515224457,0.3162541091442108,-0.313442587852478,1.0,0.00542470021173358,0.07135409861803055,0.31780821084976196,0.20262260735034943,2.0,0.04030012711882591,0.07114449888467789,0.3367759585380554,0.77578204870224
1692309402.9959247,"[label: ""height""
size: 3
stride: 15, label: ""width""
size: 5
stride: 5]",0,0.0,-0.03403853625059128,0.07222342491149902,0.31867122650146484,-0.29658934473991394,1.0,0.005007097963243723,0.07101023197174072,0.31496936082839966,0.21746772527694702,2.0,0.04005296528339386,0.07110428065061569,0.33467838168144226,0.7809811234474182
1692309403.0970867,"[label: ""height""
size: 3
stride: 15, label: ""width""
size: 5
stride: 5]",0,0.0,-0.03430549055337906,0.07153461873531342,0.31618019938468933,-0.311575710773468,1.0,0.00464797904714942,0.07085541635751724,0.3166906535625458,0.22382858395576477,2.0,0.039612799882888794,0.06999088078737259,0.333231657743454,0.7655326128005981
1692309403.193942,"[label: ""height""
size: 3
stride: 15, label: ""width""
size: 5
stride: 5]",0,0.0,-0.0339408703148365,0.07175023853778839,0.3188781440258026,-0.3118818700313568,1.0,0.005267900414764881,0.07089497148990631,0.3169049918651581,0.18869486451148987,2.0,0.03997097536921501,0.06978777050971985,0.3316490352153778,0.767421543598175
1692309403.2957432,"[label: ""height""
size: 3
stride: 15, label: ""width""
size: 5
stride: 5]",0,0.0,-0.032765183597803116,0.07155808806419373,0.31629130244255066,-0.3143816888332367,1.0,0.005941217299550772,0.07098168879747391,0.3168759047985077,0.21798083186149597,2.0,0.04058464989066124,0.06933280825614929,0.3288858234882355,0.7818609476089478
1692309403.3924313,"[label: ""height""
size: 3
stride: 15, label: ""width""
size: 5
stride: 5]",0,0.0,-0.031436871737241745,0.07118768990039825,0.3187130093574524,-0.3023311495780945,1.0,0.007575103547424078,0.06976448744535446,0.3151297867298126,0.1991138905286789,2.0,0.04285942018032074,0.06940607726573944,0.33302855491638184,0.7573289275169373
1692309403.4977531,"[label: ""height""
size: 3
stride: 15, label: ""width""
size: 5
stride: 5]",0,0.0,-0.029313398525118828,0.07123121619224548,0.31524452567100525,-0.33219289779663086,1.0,0.009399022907018661,0.07091490924358368,0.31653353571891785,0.17669513821601868,2.0,0.0452137216925621,0.0710739865899086,0.336407870054245,0.7434932589530945
1692309403.5944295,"[label: ""height""
size: 3
stride: 15, label: ""width""
size: 5
stride: 5]",0,0.0,-0.027442732825875282,0.07073777914047241,0.3173362612724304,-0.35484713315963745,1.0,0.011463157832622528,0.07034377008676529,0.31627729535102844,0.17520427703857422,2.0,0.04704729840159416,0.06927169859409332,0.3317936360836029,0.7284661531448364
1692309403.6958725,"[label: ""height""
size: 3
stride: 15, label: ""width""
size: 5
stride: 5]",0,0.0,-0.025065341964364052,0.0720696970820427,0.3167484998703003,-0.3669159710407257,1.0,0.013529728166759014,0.0713697224855423,0.3162211775779724,0.1709456592798233,2.0,0.049484748393297195,0.0711590126156807,0.333611398935318,0.7187092900276184
1692309403.8116322,"[label: ""height""
size: 3
stride: 15, label: ""width""
size: 5
stride: 5]",0,0.0,-0.022354936227202415,0.07231270521879196,0.31669577956199646,-0.39270615577697754,1.0,0.01610848680138588,0.07185330986976624,0.31605321168899536,0.16721093654632568,2.0,0.05221393704414368,0.07145991921424866,0.33184725046157837,0.6948317885398865
1692309403.8903875,"[label: ""height""
size: 3
stride: 15, label: ""width""
size: 5
stride: 5]",0,0.0,-0.019591758027672768,0.0732705295085907,0.3208327293395996,-0.3548692464828491,1.0,0.019196320325136185,0.0717967227101326,0.3157825767993927,0.16391055285930634,2.0,0.05545566603541374,0.071440190076828,0.33174559473991394,0.6868898868560791
1692309403.988521,"[label: ""height""
size: 3
stride: 15, label: ""width""
size: 5
stride: 5]",0,0.0,-0.01617184653878212,0.07349596172571182,0.3173651397228241,-0.4051174223423004,1.0,0.022542402148246765,0.0738871693611145,0.31869637966156006,0.06597345322370529,2.0,0.058472663164138794,0.07245752960443497,0.32959607243537903,0.6944681406021118
1692309404.0889525,"[label: ""height""
size: 3
stride: 15, label: ""width""
size: 5
stride: 5]",0,2.0,0.06142890825867653,0.07253013551235199,0.33175238966941833,0.6720975041389465,0.0,-0.014101294800639153,0.07401614636182785,0.3206630349159241,-0.4067252278327942,1.0,0.02477973885834217,0.07406176626682281,0.3199128806591034,0.12347736954689026
1692309404.1947684,"[label: ""height""
size: 3
stride: 15, label: ""width""
size: 5
stride: 5]",0,0.0,-0.012810474261641502,0.07461370527744293,0.31770771741867065,-0.41080591082572937,1.0,0.025768375024199486,0.07417163997888565,0.31599533557891846,0.11836469173431396,2.0,0.06260301917791367,0.07411018013954163,0.33149757981300354,0.6596345901489258
1692309404.2925222,"[label: ""height""
size: 3
stride: 15, label: ""width""
size: 5
stride: 5]",0,0.0,-0.012556095607578754,0.07464184612035751,0.31784531474113464,-0.41203102469444275,1.0,0.026082996279001236,0.07459337264299393,0.31553584337234497,0.07968651503324509,2.0,0.062224842607975006,0.07342672348022461,0.3273160755634308,0.6796025633811951
1692309404.3899817,"[label: ""height""
size: 3
stride: 15, label: ""width""
size: 5
stride: 5]",0,1.0,0.025568829849362373,0.07460090517997742,0.31557008624076843,0.07977471500635147,0.0,-0.013288445770740509,0.07550979405641556,0.31986796855926514,-0.41573843359947205,2.0,0.06262124329805374,0.07467412203550339,0.33159559965133667,0.6593768000602722
1692309404.4921157,"[label: ""height""
size: 3
stride: 15, label: ""width""
size: 5
stride: 5]",0,1.0,0.024391094222664833,0.07477271556854248,0.313221275806427,0.12153255939483643,0.0,-0.014207903295755386,0.07525601983070374,0.316649854183197,-0.42912358045578003,2.0,0.06071043387055397,0.07445304840803146,0.3270886540412903,0.6739155650138855
1692309404.5911667,"[label: ""height""
size: 3
stride: 15, label: ""width""
size: 5
stride: 5]",0,1.0,0.02319937013089657,0.07474705576896667,0.3162582218647003,0.1191108450293541,0.0,-0.015391389839351177,0.07532300800085068,0.3201681673526764,-0.4050583243370056,2.0,0.059871606528759,0.07398328185081482,0.32912829518318176,0.661971390247345
1692309404.6932583,"[label: ""height""
size: 3
stride: 15, label: ""width""
size: 5
stride: 5]",0,1.0,0.021993953734636307,0.07440148293972015,0.31151914596557617,0.1523226797580719,0.0,-0.016444465145468712,0.07537338882684708,0.31763970851898193,-0.40370428562164307,2.0,0.05836053937673569,0.07436366379261017,0.3266626298427582,0.6707565188407898
1692309404.7909162,"[label: ""height""
size: 3
stride: 15, label: ""width""
size: 5
stride: 5]",0,1.0,0.020461104810237885,0.0723390057682991,0.3114290237426758,0.15681788325309753,0.0,-0.01810656115412712,0.07389909774065018,0.319690078496933,-0.3878278434276581,2.0,0.056701015681028366,0.07215457409620285,0.32633575797080994,0.6756728291511536
1692309404.8924837,"[label: ""height""
size: 3
stride: 15, label: ""width""
size: 5
stride: 5]",0,1.0,0.019656261429190636,0.07372228056192398,0.31394365429878235,0.08423448354005814,0.0,-0.018966661766171455,0.07426586747169495,0.3184970021247864,-0.4062473773956299,2.0,0.0564611554145813,0.07338788360357285,0.3288615047931671,0.681071937084198
1692309404.9882114,"[label: ""height""
size: 3
stride: 15, label: ""width""
size: 5
stride: 5]",0,0.0,-0.020545339211821556,0.07153777778148651,0.3167281746864319,-0.3984101414680481,1.0,0.017917191609740257,0.07081727683544159,0.3114779591560364,0.16173981130123138,2.0,0.05453086644411087,0.07050815969705582,0.3261284828186035,0.6816354990005493
1692309405.099207,"[label: ""height""
size: 3
stride: 15, label: ""width""
size: 5
stride: 5]",0,1.0,0.01677692122757435,0.07145659625530243,0.31249240040779114,0.11189018934965134,0.0,-0.021898316219449043,0.07240696996450424,0.3195742964744568,-0.3923165202140808,2.0,0.05345282703638077,0.0716186910867691,0.32940325140953064,0.6762669682502747
1692309405.2140217,"[label: ""height""
size: 3
stride: 15, label: ""width""
size: 5
stride: 5]",0,0.0,-0.023992832750082016,0.06991312652826309,0.31421083211898804,-0.4028249680995941,1.0,0.014358720742166042,0.06983567029237747,0.311672568321228,0.16720828413963318,2.0,0.05070587620139122,0.06904911994934082,0.32554882764816284,0.6938390731811523
1692309405.2973917,"[label: ""height""
size: 3
stride: 15, label: ""width""
size: 5
stride: 5]",0,1.0,0.012694654054939747,0.06997404247522354,0.3127533495426178,0.11546041071414948,0.0,-0.025989295914769173,0.07002995163202286,0.31525033712387085,-0.3772565424442291,2.0,0.04926855117082596,0.06980936974287033,0.32843831181526184,0.689216136932373
1692309405.409322,"[label: ""height""
size: 3
stride: 15, label: ""width""
size: 5
stride: 5]",0,1.0,0.010803488083183765,0.06837505102157593,0.30779483914375305,0.19061946868896484,0.0,-0.0279654823243618,0.06940358877182007,0.3142286241054535,-0.37624892592430115,2.0,0.046897042542696,0.06806893646717072,0.3240465521812439,0.6955395340919495
1692309405.4925098,"[label: ""height""
size: 3
stride: 15, label: ""width""
size: 5
stride: 5]",0,1.0,0.009931650012731552,0.06846291571855545,0.30994245409965515,0.13121750950813293,0.0,-0.028597211465239525,0.06801417469978333,0.3112275004386902,-0.3783257305622101,2.0,0.04630842059850693,0.06825373321771622,0.32552775740623474,0.6942384243011475
1692309405.592421,"[label: ""height""
size: 3
stride: 15, label: ""width""
size: 5
stride: 5]",0,1.0,0.009392078965902328,0.06867364048957825,0.30765560269355774,0.17025917768478394,0.0,-0.02916405163705349,0.0687853991985321,0.3103315234184265,-0.3956703245639801,2.0,0.0455288328230381,0.06779390573501587,0.3208933472633362,0.6983915567398071
1692309405.6995654,"[label: ""height""
size: 3
stride: 15, label: ""width""
size: 5
stride: 5]",0,1.0,0.010713394731283188,0.06730068475008011,0.3058639168739319,0.16519536077976227,0.0,-0.027881747111678123,0.06768457591533661,0.3103967607021332,-0.36977142095565796,2.0,0.04751827195286751,0.06774060428142548,0.32376715540885925,0.6856325268745422
1692309405.7979093,"[label: ""height""
size: 3
stride: 15, label: ""width""
size: 5
stride: 5]",0,1.0,0.012536432594060898,0.06871289014816284,0.3054022192955017,0.125410258769989,0.0,-0.025818439200520515,0.06828635931015015,0.306723952293396,-0.3960917890071869,2.0,0.04932912066578865,0.06858387589454651,0.32084742188453674,0.6773096323013306
1692309405.8973002,"[label: ""height""
size: 3
stride: 15, label: ""width""
size: 5
stride: 5]",0,1.0,0.01559556182473898,0.06697966158390045,0.3047989010810852,0.09046437591314316,0.0,-0.022782763466238976,0.06704242527484894,0.30802151560783386,-0.4124409854412079,2.0,0.05250011757016182,0.06707210093736649,0.31936168670654297,0.6731970310211182
1692309405.9968255,"[label: ""height""
size: 3
stride: 15, label: ""width""
size: 5
stride: 5]",0,1.0,0.01857377029955387,0.06824108213186264,0.3026873767375946,0.07158549875020981,0.0,-0.020032187923789024,0.06862661987543106,0.3083524703979492,-0.4168192744255066,2.0,0.055518317967653275,0.06830982863903046,0.3171694278717041,0.65025395154953
1692309406.1002545,"[label: ""height""
size: 3
stride: 15, label: ""width""
size: 5
stride: 5]",0,1.0,0.021094635128974915,0.06758882850408554,0.3007587790489197,-0.00041764540947042406,0.0,-0.017153117805719376,0.0682414099574089,0.30893734097480774,-0.40633732080459595,2.0,0.05790818855166435,0.06718644499778748,0.3132096230983734,0.634158194065094
1692309406.1960518,"[label: ""height""
size: 3
stride: 15, label: ""width""
size: 5
stride: 5]",0,1.0,0.024078987538814545,0.06845319271087646,0.30217573046684265,0.03980483487248421,0.0,-0.014524192549288273,0.06830283254384995,0.3063875138759613,-0.43127861618995667,2.0,0.06118866428732872,0.0680827647447586,0.314273476600647,0.6226518750190735
1692309406.2954626,"[label: ""height""
size: 3
stride: 15, label: ""width""
size: 5
stride: 5]",0,1.0,0.026928838342428207,0.06787308305501938,0.2993603050708771,0.04552498459815979,0.0,-0.011614003218710423,0.0688522681593895,0.3094448745250702,-0.41897475719451904,2.0,0.06397196650505066,0.06719423830509186,0.31026482582092285,0.6267627477645874
1692309406.3941634,"[label: ""height""
size: 3
stride: 15, label: ""width""
size: 5
stride: 5]",0,1.0,0.029452325776219368,0.06827417761087418,0.2993723452091217,-0.0035025402903556824,0.0,-0.008828611113131046,0.06806307286024094,0.30407974123954773,-0.4484071433544159,2.0,0.06675241887569427,0.06743147224187851,0.3084302842617035,0.6139976978302002
1692309406.4965782,"[label: ""height""
size: 3
stride: 15, label: ""width""
size: 5
stride: 5]",0,1.0,0.03164326027035713,0.06732408702373505,0.2954831123352051,0.025475570932030678,0.0,-0.006479606963694096,0.06793637573719025,0.30422544479370117,-0.4701424241065979,2.0,0.06945318728685379,0.0673678070306778,0.30810680985450745,0.5889837741851807
1692309406.595955,"[label: ""height""
size: 3
stride: 15, label: ""width""
size: 5
stride: 5]",0,1.0,0.0335024893283844,0.06808838248252869,0.2938072085380554,0.020491912961006165,0.0,-0.004602011293172836,0.06912938505411148,0.3039281964302063,-0.459246426820755,2.0,0.07057179510593414,0.06774771958589554,0.30418553948402405,0.5959551930427551
1692309406.6971874,"[label: ""height""
size: 3
stride: 15, label: ""width""
size: 5
stride: 5]",0,1.0,0.034598466008901596,0.0675494521856308,0.2951190769672394,0.00021500753064174205,0.0,-0.003703922498971224,0.06730169802904129,0.3003094792366028,-0.4728500247001648,2.0,0.07201334089040756,0.06670618802309036,0.3039647340774536,0.5930221080780029
1692309406.7948904,"[label: ""height""
size: 3
stride: 15, label: ""width""
size: 5
stride: 5]",0,1.0,0.03478492051362991,0.06806151568889618,0.2913799285888672,0.025136495009064674,0.0,-0.003099220572039485,0.06862077116966248,0.3006822466850281,-0.48377835750579834,2.0,0.07256679981946945,0.06814328581094742,0.30368030071258545,0.5828860402107239
1692309406.897632,"[label: ""height""
size: 3
stride: 15, label: ""width""
size: 5
stride: 5]",0,1.0,0.033910151571035385,0.06674322485923767,0.2896732687950134,0.0631423369050026,0.0,-0.004202987998723984,0.06770417094230652,0.3014774024486542,-0.4630035161972046,2.0,0.07206710427999496,0.06715989112854004,0.3042052984237671,0.5740048885345459
1692309406.9912121,"[label: ""height""
size: 3
stride: 15, label: ""width""
size: 5
stride: 5]",0,1.0,0.03239228203892708,0.06834302842617035,0.2912342846393585,0.03611388057470322,0.0,-0.005668349098414183,0.06880109012126923,0.30041763186454773,-0.4658157527446747,2.0,0.06974460184574127,0.06768904626369476,0.30111438035964966,0.596921443939209
1692309407.0997303,"[label: ""height""
size: 3
stride: 15, label: ""width""
size: 5
stride: 5]",0,1.0,0.02973264642059803,0.06722977012395859,0.2897622585296631,0.03113093599677086,0.0,-0.008556965738534927,0.06761830300092697,0.29787901043891907,-0.4710686504840851,2.0,0.06738323718309402,0.06718645244836807,0.30269855260849,0.5981366634368896
1692309407.189799,"[label: ""height""
size: 3
stride: 15, label: ""width""
size: 5
stride: 5]",0,1.0,0.027579542249441147,0.0677957683801651,0.2886880934238434,0.0003147057141177356,0.0,-0.010674595832824707,0.06803391128778458,0.2959888279438019,-0.4479597806930542,2.0,0.06485909968614578,0.0677284523844719,0.30130767822265625,0.6086334586143494
1692309407.2911046,"[label: ""height""
size: 3
stride: 15, label: ""width""
size: 5
stride: 5]",0,1.0,0.02609655261039734,0.06744206696748734,0.28774088621139526,0.02132588066160679,0.0,-0.012121796607971191,0.0680093765258789,0.2958733141422272,-0.44422808289527893,2.0,0.063397116959095,0.0673644170165062,0.30078890919685364,0.623030960559845
1692309407.3980234,"[label: ""height""
size: 3
stride: 15, label: ""width""
size: 5
stride: 5]",0,1.0,0.025391750037670135,0.06781037151813507,0.2887420356273651,0.051779258996248245,0.0,-0.01297754980623722,0.06827324628829956,0.2959292531013489,-0.4523763060569763,2.0,0.0629032552242279,0.06774429976940155,0.3013854920864105,0.6133967041969299
1692309407.4916186,"[label: ""height""
size: 3
stride: 15, label: ""width""
size: 5
stride: 5]",0,1.0,0.025063632056117058,0.06733889877796173,0.28619080781936646,0.06340209394693375,0.0,-0.013047952204942703,0.06826839596033096,0.2948153018951416,-0.44570380449295044,2.0,0.0623696893453598,0.06717079132795334,0.29939180612564087,0.6099069714546204
1692309407.5906165,"[label: ""height""
size: 3
stride: 15, label: ""width""
size: 5
stride: 5]",0,1.0,0.025156455114483833,0.06792272627353668,0.2877821624279022,0.020589999854564667,0.0,-0.013107575476169586,0.06886071711778641,0.2964033782482147,-0.435012549161911,2.0,0.06238693371415138,0.06767906248569489,0.29947608709335327,0.6096376776695251
1692309407.6955557,"[label: ""height""
size: 3
stride: 15, label: ""width""
size: 5
stride: 5]",0,1.0,0.026616796851158142,0.06765179336071014,0.28734445571899414,-0.007588762324303389,0.0,-0.011571116745471954,0.06790474057197571,0.29384201765060425,-0.4571866989135742,2.0,0.06405559182167053,0.06725829094648361,0.29867100715637207,0.6178250908851624
1692309407.7888255,"[label: ""height""
size: 3
stride: 15, label: ""width""
size: 5
stride: 5]",0,1.0,0.027547571808099747,0.06827784329652786,0.28729838132858276,-0.014702094718813896,0.0,-0.010334441438317299,0.06811504065990448,0.292601078748703,-0.4685077965259552,2.0,0.06531933695077896,0.06816323846578598,0.2994422912597656,0.6022476553916931
1692309407.8920665,"[label: ""height""
size: 3
stride: 15, label: ""width""
size: 5
stride: 5]",0,1.0,0.02930133044719696,0.06678631901741028,0.28473612666130066,-0.0005075831431895494,0.0,-0.008693374693393707,0.06745497137308121,0.2939915657043457,-0.46532151103019714,2.0,0.0666477233171463,0.06655668467283249,0.2960498631000519,0.5988007187843323
1692309407.9867685,"[label: ""height""
size: 3
stride: 15, label: ""width""
size: 5
stride: 5]",0,1.0,0.03043687343597412,0.06804142892360687,0.28539586067199707,0.01584518887102604,0.0,-0.007530114147812128,0.06916337460279465,0.29602235555648804,-0.4565499722957611,2.0,0.06806086003780365,0.06771577149629593,0.29694876074790955,0.5929381251335144
1692309408.089888,"[label: ""height""
size: 3
stride: 15, label: ""width""
size: 5
stride: 5]",0,1.0,0.03210073709487915,0.06678679585456848,0.28473830223083496,-0.0005378928035497665,0.0,-0.005710977129638195,0.06781894713640213,0.29497572779655457,-0.4816500246524811,2.0,0.07022713869810104,0.0672123059630394,0.2984400987625122,0.575042724609375
1692309408.1972075,"[label: ""height""
size: 3
stride: 15, label: ""width""
size: 5
stride: 5]",0,1.0,0.033080652356147766,0.06768619269132614,0.28600817918777466,0.0182625912129879,0.0,-0.00488514918833971,0.068486288189888,0.2958475649356842,-0.49530744552612305,2.0,0.07093988358974457,0.06756012886762619,0.2973199784755707,0.575581431388855
1692309408.2983704,"[label: ""height""
size: 3
stride: 15, label: ""width""
size: 5
stride: 5]",0,1.0,0.03490017354488373,0.06725361943244934,0.2847403585910797,-0.0005598047864623368,0.0,-0.0028191632591187954,0.06801528483629227,0.29480797052383423,-0.49462759494781494,2.0,0.07378649711608887,0.06816963106393814,0.30104488134384155,0.5589877963066101
1692309408.3931913,"[label: ""height""
size: 3
stride: 15, label: ""width""
size: 5
stride: 5]",0,1.0,0.03663814440369606,0.06751381605863571,0.2859249413013458,-0.04346071556210518,0.0,-0.0012439240235835314,0.06789825856685638,0.2953629493713379,-0.48186734318733215,2.0,0.07458740472793579,0.06696902215480804,0.2968178987503052,0.5771438479423523
1692309408.499506,"[label: ""height""
size: 3
stride: 15, label: ""width""
size: 5
stride: 5]",0,1.0,0.03851044178009033,0.06833557039499283,0.2886512875556946,-0.05593922361731529,0.0,0.0005784612731076777,0.06906474381685257,0.297797828912735,-0.48578783869743347,2.0,0.07664487510919571,0.06801322102546692,0.2987169623374939,0.5576303601264954
1692309408.5979376,"[label: ""height""
size: 3
stride: 15, label: ""width""
size: 5
stride: 5]",0,1.0,0.03946170210838318,0.06739519536495209,0.2886832356452942,-0.054932016879320145,0.0,0.001403576461598277,0.06758876889944077,0.2961893379688263,-0.5139951705932617,2.0,0.07716042548418045,0.06650354713201523,0.2969180643558502,0.5616034865379333
1692309408.700324,"[label: ""height""
size: 3
stride: 15, label: ""width""
size: 5
stride: 5]",0,1.0,0.03978212922811508,0.06779126822948456,0.28722086548805237,-0.008830252103507519,0.0,0.0019047834211960435,0.06851477921009064,0.29751911759376526,-0.5069851279258728,2.0,0.07811442762613297,0.0680757388472557,0.30015265941619873,0.5597463846206665
1692309408.7982864,"[label: ""height""
size: 3
stride: 15, label: ""width""
size: 5
stride: 5]",0,1.0,0.03990844264626503,0.0672266036272049,0.2882872223854065,-0.029432307928800583,0.0,0.0019108530832454562,0.06803520023822784,0.29801854491233826,-0.50582355260849,2.0,0.077886201441288,0.06704602390527725,0.2987784445285797,0.5730482935905457
1692309408.8984437,"[label: ""height""
size: 3
stride: 15, label: ""width""
size: 5
stride: 5]",0,1.0,0.03939773887395859,0.06730435788631439,0.2886084318161011,0.004001641646027565,0.0,0.0017172935185953975,0.0688367486000061,0.30216139554977417,-0.47774839401245117,2.0,0.07764753699302673,0.06701093167066574,0.2997581362724304,0.5711488723754883
1692309408.9960563,"[label: ""height""
size: 3
stride: 15, label: ""width""
size: 5
stride: 5]",0,1.0,0.039132341742515564,0.06800121068954468,0.2911423146724701,-0.009388504549860954,0.0,0.0010875656735152006,0.06875684857368469,0.3017938733100891,-0.4935416281223297,2.0,0.07766274362802505,0.06804870069026947,0.30321624875068665,0.5530422329902649
1692309409.0969822,"[label: ""height""
size: 3
stride: 15, label: ""width""
size: 5
stride: 5]",0,1.0,0.03655378520488739,0.06603517383337021,0.28858739137649536,-0.0005969671765342355,0.0,-0.0008907496812753379,0.0672803446650505,0.30021539330482483,-0.4974623918533325,2.0,0.07449527829885483,0.06606733798980713,0.3004087805747986,0.5683262348175049
1692309409.1949658,"[label: ""height""
size: 3
stride: 15, label: ""width""
size: 5
stride: 5]",0,1.0,0.03492533788084984,0.0681622251868248,0.29296576976776123,-0.02072262577712536,0.0,-0.003102341201156378,0.0686625987291336,0.30134135484695435,-0.4816327691078186,2.0,0.07308962196111679,0.06818068027496338,0.30431970953941345,0.5712594389915466
1692309409.2910068,"[label: ""height""
size: 3
stride: 15, label: ""width""
size: 5
stride: 5]",0,1.0,0.033147092908620834,0.06774222105741501,0.2952188551425934,-0.012572215870022774,0.0,-0.005196049809455872,0.06753326952457428,0.3006732165813446,-0.4939705431461334,2.0,0.07166168093681335,0.06782440841197968,0.30786195397377014,0.5648325085639954
1692309409.3958943,"[label: ""height""
size: 3
stride: 15, label: ""width""
size: 5
stride: 5]",0,1.0,0.03024482913315296,0.06822923570871353,0.2952345907688141,-0.014146572910249233,0.0,-0.007926065474748611,0.06830757856369019,0.3019993007183075,-0.47763457894325256,2.0,0.0676044151186943,0.06715288758277893,0.3037082552909851,0.5949406623840332
1692309409.4963093,"[label: ""height""
size: 3
stride: 15, label: ""width""
size: 5
stride: 5]",0,1.0,0.027783021330833435,0.068327397108078,0.29564499855041504,0.023293297737836838,0.0,-0.010553824715316296,0.06876721978187561,0.302982360124588,-0.4777255952358246,2.0,0.06568321585655212,0.06839250028133392,0.3081760108470917,0.578361451625824
1692309409.5966694,"[label: ""height""
size: 3
stride: 15, label: ""width""
size: 5
stride: 5]",0,1.0,0.025848649442195892,0.06736699491739273,0.29568660259246826,0.022957582026720047,0.0,-0.012523454613983631,0.06770812720060349,0.3026624321937561,-0.4737084209918976,2.0,0.06371183693408966,0.06757664680480957,0.30962514877319336,0.5998227000236511
1692309409.7023957,"[label: ""height""
size: 3
stride: 15, label: ""width""
size: 5
stride: 5]",0,1.0,0.023423703387379646,0.06817309558391571,0.2953571677207947,0.04484666511416435,0.0,-0.014746644534170628,0.06868810206651688,0.3025974631309509,-0.4665006101131439,2.0,0.06096141040325165,0.06795301288366318,0.3085081875324249,0.6088883280754089
1692309409.814735,"[label: ""height""
size: 3
stride: 15, label: ""width""
size: 5
stride: 5]",0,1.0,0.021975068375468254,0.06721179932355881,0.2953875660896301,0.04574516788125038,0.0,-0.016149459406733513,0.06784647703170776,0.3033255934715271,-0.4728706479072571,2.0,0.059764884412288666,0.06744236499071121,0.3101811408996582,0.6070059537887573
1692309409.8996072,"[label: ""height""
size: 3
stride: 15, label: ""width""
size: 5
stride: 5]",0,1.0,0.02050863951444626,0.06800229847431183,0.2983703315258026,0.0693795382976532,0.0,-0.017825555056333542,0.06891684234142303,0.30692607164382935,-0.4483456015586853,2.0,0.05723819509148598,0.06697680056095123,0.3074667751789093,0.621229350566864
1692309410.0011773,"[label: ""height""
size: 3
stride: 15, label: ""width""
size: 5
stride: 5]",0,1.0,0.019534826278686523,0.06801465153694153,0.29842859506607056,0.06953094899654388,0.0,-0.018825070932507515,0.06890194863080978,0.30685436725616455,-0.4459010064601898,2.0,0.05717559531331062,0.06811759620904922,0.3127184808254242,0.6073206067085266
1692309410.1009388,"[label: ""height""
size: 3
stride: 15, label: ""width""
size: 5
stride: 5]",0,1.0,0.0188186876475811,0.06745658814907074,0.29657530784606934,0.08136620372533798,0.0,-0.01943758875131607,0.06881802529096603,0.3064599931240082,-0.4609943628311157,2.0,0.056241054087877274,0.0680709183216095,0.31248554587364197,0.6204297542572021
1692309410.198445,"[label: ""height""
size: 3
stride: 15, label: ""width""
size: 5
stride: 5]",0,1.0,0.018074268475174904,0.06833639740943909,0.29841262102127075,0.07774366438388824,0.0,-0.02007794752717018,0.06915511935949326,0.3068408966064453,-0.44136756658554077,2.0,0.055466387420892715,0.0681631937623024,0.31171825528144836,0.6144235134124756
1692309410.2998142,"[label: ""height""
size: 3
stride: 15, label: ""width""
size: 5
stride: 5]",0,1.0,0.017898766323924065,0.06821879744529724,0.2982705235481262,0.03263729065656662,0.0,-0.02032351680099964,0.06887971609830856,0.30674734711647034,-0.44226470589637756,2.0,0.05498431622982025,0.06758596748113632,0.30967724323272705,0.6315975785255432
1692309410.4148076,"[label: ""height""
size: 3
stride: 15, label: ""width""
size: 5
stride: 5]",0,1.0,0.017587287351489067,0.0683433786034584,0.29844579100608826,0.07776642590761185,0.0,-0.02085193619132042,0.06886027008295059,0.30504319071769714,-0.4650445282459259,2.0,0.05495993047952652,0.06816725432872772,0.3117386996746063,0.6156672835350037
1692309410.49985,"[label: ""height""
size: 3
stride: 15, label: ""width""
size: 5
stride: 5]",0,1.0,0.017149612307548523,0.06864781677722931,0.2987404465675354,-0.007178122643381357,0.0,-0.02088521234691143,0.06923388689756393,0.30558615922927856,-0.45959043502807617,2.0,0.05454012379050255,0.06831672042608261,0.3107926845550537,0.6198999881744385
1692309410.5958092,"[label: ""height""
size: 3
stride: 15, label: ""width""
size: 5
stride: 5]",0,1.0,0.017877236008644104,0.06869559735059738,0.2994000315666199,0.06704387813806534,0.0,-0.02044028416275978,0.06932255625724792,0.3064712882041931,-0.45804890990257263,2.0,0.05513366311788559,0.0682666227221489,0.3105398416519165,0.6290271282196045
1692309410.7001185,"[label: ""height""
size: 3
stride: 15, label: ""width""
size: 5
stride: 5]",0,1.0,0.018608199432492256,0.06960192322731018,0.3001164197921753,0.017997976392507553,0.0,-0.01989525742828846,0.06976743042469025,0.30574122071266174,-0.46149659156799316,2.0,0.05569164827466011,0.06868906319141388,0.3101077079772949,0.6187779903411865
1692309410.7964802,"[label: ""height""
size: 3
stride: 15, label: ""width""
size: 5
stride: 5]",0,1.0,0.01983042061328888,0.06912160664796829,0.2998337745666504,0.03143715858459473,0.0,-0.018396776169538498,0.06927011162042618,0.3057592511177063,-0.4657152593135834,2.0,0.05767980217933655,0.06927584111690521,0.3133793771266937,0.6143534779548645
1692309410.8938174,"[label: ""height""
size: 3
stride: 15, label: ""width""
size: 5
stride: 5]",0,1.0,0.021599695086479187,0.06927237659692764,0.2994377017021179,-0.01266724243760109,0.0,-0.01651230826973915,0.06966286897659302,0.3057107925415039,-0.4587865471839905,2.0,0.05889120697975159,0.06854187697172165,0.30891984701156616,0.6031005382537842
1692309410.9913793,"[label: ""height""
size: 3
stride: 15, label: ""width""
size: 5
stride: 5]",0,1.0,0.02301781065762043,0.07008262723684311,0.29856768250465393,0.00010865303192986175,0.0,-0.015025433152914047,0.07072603702545166,0.30599573254585266,-0.46141567826271057,2.0,0.06051132455468178,0.06952910870313644,0.3087923228740692,0.6092211008071899
1692309411.090924,"[label: ""height""
size: 3
stride: 15, label: ""width""
size: 5
stride: 5]",0,1.0,0.025024622678756714,0.06943050771951675,0.29937049746513367,-0.01751834526658058,0.0,-0.013240862637758255,0.06937612593173981,0.3050963878631592,-0.4708704650402069,2.0,0.0629548728466034,0.06911740452051163,0.3109138011932373,0.5981017351150513
1692309411.196256,"[label: ""height""
size: 3
stride: 15, label: ""width""
size: 5
stride: 5]",0,1.0,0.026401152834296227,0.070169597864151,0.29672229290008545,-0.0008756187162362039,0.0,-0.01146163884550333,0.07064653187990189,0.3040478229522705,-0.4819160997867584,2.0,0.0636710599064827,0.06947527080774307,0.30573952198028564,0.5904909372329712
1692309411.2924128,"[label: ""height""
size: 3
stride: 15, label: ""width""
size: 5
stride: 5]",0,1.0,0.028059959411621094,0.07017429172992706,0.2974075675010681,0.014148750342428684,0.0,-0.010034426115453243,0.0708128809928894,0.3063986897468567,-0.473917156457901,2.0,0.06573717296123505,0.06996194273233414,0.3084336221218109,0.5775021910667419
1692309411.3882303,"[label: ""height""
size: 3
stride: 15, label: ""width""
size: 5
stride: 5]",0,1.0,0.029234830290079117,0.0697784498333931,0.29563280940055847,0.02306532673537731,0.0,-0.008330660872161388,0.06990832835435867,0.30255088210105896,-0.5153242349624634,2.0,0.06723818928003311,0.06994958966970444,0.30837368965148926,0.5740241408348083
1692309411.4898229,"[label: ""height""
size: 3
stride: 15, label: ""width""
size: 5
stride: 5]",0,1.0,0.030286604538559914,0.07076229155063629,0.29612794518470764,-0.06288262456655502,0.0,-0.00739726098254323,0.07147464901208878,0.3055590093135834,-0.5003000497817993,2.0,0.06870703399181366,0.0710422545671463,0.308757483959198,0.5594396591186523
1692309411.5891361,"[label: ""height""
size: 3
stride: 15, label: ""width""
size: 5
stride: 5]",0,1.0,0.030779462307691574,0.06966208666563034,0.29626572132110596,-0.06821680068969727,0.0,-0.0069852424785494804,0.06983637064695358,0.30379703640937805,-0.49948737025260925,2.0,0.06884673237800598,0.06939747929573059,0.3065260350704193,0.5755017995834351
1692309411.69073,"[label: ""height""
size: 3
stride: 15, label: ""width""
size: 5
stride: 5]",0,1.0,0.03096628002822399,0.07103274762630463,0.2951618432998657,-0.012253232300281525,0.0,-0.006900034844875336,0.072004534304142,0.3056918978691101,-0.5010364055633545,2.0,0.06929594278335571,0.0715048760175705,0.30855315923690796,0.5685643553733826
1692309411.7909024,"[label: ""height""
size: 3
stride: 15, label: ""width""
size: 5
stride: 5]",0,1.0,0.030685506761074066,0.07074207067489624,0.2956082820892334,0.02310023084282875,0.0,-0.007389503065496683,0.07161631435155869,0.3051058053970337,-0.505189061164856,2.0,0.06877649575471878,0.07098479568958282,0.3084864616394043,0.5699976086616516
1692309411.890176,"[label: ""height""
size: 3
stride: 15, label: ""width""
size: 5
stride: 5]",0,1.0,0.02976071462035179,0.07064908742904663,0.29523372650146484,-0.014508338645100594,0.0,-0.007989714853465557,0.07114604860544205,0.30367517471313477,-0.5234113335609436,2.0,0.06716612726449966,0.06981993466615677,0.30341577529907227,0.587363064289093
1692309411.9919534,"[label: ""height""
size: 3
stride: 15, label: ""width""
size: 5
stride: 5]",0,1.0,0.028792669996619225,0.07161678373813629,0.2952328622341156,-0.015015428885817528,0.0,-0.008978262543678284,0.07238860428333282,0.3040817081928253,-0.4914914667606354,2.0,0.06731320917606354,0.07204730808734894,0.3087236285209656,0.5728484988212585
1692309412.0923555,"[label: ""height""
size: 3
stride: 15, label: ""width""
size: 5
stride: 5]",0,1.0,0.02826961688697338,0.07027295231819153,0.2956777513027191,0.022364581003785133,0.0,-0.009875565767288208,0.07105495780706406,0.30482223629951477,-0.49918851256370544,2.0,0.06625592708587646,0.07048175483942032,0.3085005581378937,0.5760483741760254
1692309412.1899066,"[label: ""height""
size: 3
stride: 15, label: ""width""
size: 5
stride: 5]",0,1.0,0.02684313990175724,0.07124320417642593,0.29503244161605835,-0.012717793695628643,0.0,-0.010935520753264427,0.07176680117845535,0.30307653546333313,-0.4892178475856781,2.0,0.06498105078935623,0.07109040021896362,0.3078404366970062,0.570967435836792
1692309412.2945306,"[label: ""height""
size: 3
stride: 15, label: ""width""
size: 5
stride: 5]",0,1.0,0.02564939111471176,0.07165829092264175,0.2968362271785736,-0.03159870579838753,0.0,-0.012466413900256157,0.07310666143894196,0.30768465995788574,-0.4740574061870575,2.0,0.06397179514169693,0.07178554683923721,0.31031495332717896,0.5672199130058289
1692309412.3920324,"[label: ""height""
size: 3
stride: 15, label: ""width""
size: 5
stride: 5]",0,1.0,0.023918790742754936,0.07030480355024338,0.2958216369152069,0.02018820308148861,0.0,-0.0141935208812356,0.07097454369068146,0.30399754643440247,-0.4746333360671997,2.0,0.06118974834680557,0.06949593871831894,0.3058396875858307,0.5964319705963135
1692309412.4926214,"[label: ""height""
size: 3
stride: 15, label: ""width""
size: 5
stride: 5]",0,1.0,0.022394949570298195,0.07068616151809692,0.29428231716156006,0.0650634691119194,0.0,-0.015378409996628761,0.07168936729431152,0.302725225687027,-0.4778881371021271,2.0,0.059968456625938416,0.07071296125650406,0.3072968125343323,0.5962316989898682
1692309412.5905468,"[label: ""height""
size: 3
stride: 15, label: ""width""
size: 5
stride: 5]",0,1.0,0.02003592625260353,0.07080002874135971,0.29701176285743713,0.056823842227458954,0.0,-0.01820344664156437,0.07151293754577637,0.30462226271629333,-0.4613310694694519,2.0,0.057947173714637756,0.07083932310342789,0.31066229939460754,0.6015328168869019
1692309412.6927235,"[label: ""height""
size: 3
stride: 15, label: ""width""
size: 5
stride: 5]",0,1.0,0.01908000372350216,0.07015137374401093,0.29554861783981323,0.04429019242525101,0.0,-0.018956957384943962,0.07069144397974014,0.30269646644592285,-0.45434796810150146,2.0,0.05622243881225586,0.06953740119934082,0.30604085326194763,0.6085335612297058
1692309412.7921352,"[label: ""height""
size: 3
stride: 15, label: ""width""
size: 5
stride: 5]",0,1.0,0.017324600368738174,0.07116635888814926,0.29639413952827454,0.05651114508509636,0.0,-0.020745476707816124,0.07182850688695908,0.30335530638694763,-0.4729849398136139,2.0,0.05475574731826782,0.07075835764408112,0.30911973118782043,0.6038107872009277
1692309412.8920953,"[label: ""height""
size: 3
stride: 15, label: ""width""
size: 5
stride: 5]",0,1.0,0.015706336125731468,0.07077286392450333,0.2984156310558319,0.033533480018377304,0.0,-0.0226918775588274,0.07129628956317902,0.30473005771636963,-0.44550657272338867,2.0,0.05291840061545372,0.07024051249027252,0.31023138761520386,0.6054037809371948
1692309412.992426,"[label: ""height""
size: 3
stride: 15, label: ""width""
size: 5
stride: 5]",0,1.0,0.013989272527396679,0.07037243247032166,0.29654091596603394,-0.006297215819358826,0.0,-0.02439577504992485,0.07177761942148209,0.3057679235935211,-0.44859930872917175,2.0,0.05101719871163368,0.06958676129579544,0.30789801478385925,0.6163615584373474
1692309413.0932953,"[label: ""height""
size: 3
stride: 15, label: ""width""
size: 5
stride: 5]",0,1.0,0.012518461793661118,0.07112102955579758,0.29704707860946655,0.07785205543041229,0.0,-0.025893783196806908,0.07227404415607452,0.305746465921402,-0.44457268714904785,2.0,0.049907393753528595,0.0707944706082344,0.31044885516166687,0.6125836372375488
1692309413.191256,"[label: ""height""
size: 3
stride: 15, label: ""width""
size: 5
stride: 5]",0,1.0,0.011343560181558132,0.07070255279541016,0.29584595561027527,0.04453623667359352,0.0,-0.02665475755929947,0.07121999561786652,0.30284520983695984,-0.459142804145813,2.0,0.048321399837732315,0.07018831372261047,0.3083651065826416,0.6422106623649597
1692309413.2922757,"[label: ""height""
size: 3
stride: 15, label: ""width""
size: 5
stride: 5]",0,1.0,0.010373765602707863,0.07033827900886536,0.29570427536964417,0.04813265800476074,0.0,-0.02789619378745556,0.07148353010416031,0.30442383885383606,-0.4319920837879181,2.0,0.04765666648745537,0.06989028304815292,0.30982455611228943,0.6306096911430359
1692309413.390894,"[label: ""height""
size: 3
stride: 15, label: ""width""
size: 5
stride: 5]",0,1.0,0.010265498422086239,0.07061002403497696,0.2991116940975189,0.0675988644361496,0.0,-0.02826191857457161,0.07127860188484192,0.3057694137096405,-0.4238297939300537,2.0,0.047618135809898376,0.0702907145023346,0.3121207654476166,0.6131588220596313
1692309413.4924824,"[label: ""height""
size: 3
stride: 15, label: ""width""
size: 5
stride: 5]",0,1.0,0.011305076070129871,0.07045216858386993,0.2984379827976227,0.030785607174038887,0.0,-0.026900282129645348,0.0709834098815918,0.3044176995754242,-0.43475601077079773,2.0,0.04863263666629791,0.07028163969516754,0.312076598405838,0.6106250882148743
1692309413.5919113,"[label: ""height""
size: 3
stride: 15, label: ""width""
size: 5
stride: 5]",0,1.0,0.01276179775595665,0.07022461295127869,0.2970225214958191,0.08033713698387146,0.0,-0.025204308331012726,0.0704970508813858,0.30180448293685913,-0.45480209589004517,2.0,0.05036841705441475,0.07037973403930664,0.3125518262386322,0.6150129437446594
1692309413.6918652,"[label: ""height""
size: 3
stride: 15, label: ""width""
size: 5
stride: 5]",0,1.0,0.015209992416203022,0.06993012875318527,0.29828500747680664,0.03151566535234451,0.0,-0.02319374680519104,0.0708247646689415,0.3064441382884979,-0.4494936466217041,2.0,0.05267313867807388,0.06971576809883118,0.31181132793426514,0.6009016633033752
1692309413.789871,"[label: ""height""
size: 3
stride: 15, label: ""width""
size: 5
stride: 5]",0,1.0,0.01736416667699814,0.06918657571077347,0.29665762186050415,-0.038086116313934326,0.0,-0.020805124193429947,0.07026390731334686,0.30617937445640564,-0.47184810042381287,2.0,0.054659176617860794,0.0685688704252243,0.30785465240478516,0.5969427824020386
1692309413.893368,"[label: ""height""
size: 3
stride: 15, label: ""width""
size: 5
stride: 5]",0,1.0,0.01959831640124321,0.07038400322198868,0.29812413454055786,0.03168774023652077,0.0,-0.01836363598704338,0.07141080498695374,0.3073021471500397,-0.4745904207229614,2.0,0.05767183378338814,0.07025932520627975,0.31196361780166626,0.5773098468780518
1692309413.989617,"[label: ""height""
size: 3
stride: 15, label: ""width""
size: 5
stride: 5]",0,1.0,0.022078638896346092,0.06942664086818695,0.2993534505367279,-0.019162192940711975,0.0,-0.016146166250109673,0.07003196328878403,0.30792251229286194,-0.5051518082618713,2.0,0.06017064303159714,0.06917951256036758,0.3116834759712219,0.5718812346458435
1692309414.0920665,"[label: ""height""
size: 3
stride: 15, label: ""width""
size: 5
stride: 5]",0,1.0,0.023551587015390396,0.06991926580667496,0.2993614375591278,-0.018316077068448067,0.0,-0.014350594021379948,0.07043472677469254,0.3074463903903961,-0.485572874546051,2.0,0.06177954748272896,0.06963624805212021,0.3114219903945923,0.5790613889694214
1692309414.190523,"[label: ""height""
size: 3
stride: 15, label: ""width""
size: 5
stride: 5]",0,1.0,0.02470158040523529,0.07021886110305786,0.29841092228889465,-0.01692904904484749,0.0,-0.013156739994883537,0.07097828388214111,0.30876511335372925,-0.5074120163917542,2.0,0.06264819204807281,0.0696936771273613,0.31004124879837036,0.5713473558425903
1692309414.2918904,"[label: ""height""
size: 3
stride: 15, label: ""width""
size: 5
stride: 5]",0,1.0,0.025536909699440002,0.06933794915676117,0.2997743487358093,-0.03196405619382858,0.0,-0.012527134269475937,0.07001815736293793,0.308999627828598,-0.49399593472480774,2.0,0.06336280703544617,0.06863026320934296,0.30981045961380005,0.5701143145561218
1692309414.3897943,"[label: ""height""
size: 3
stride: 15, label: ""width""
size: 5
stride: 5]",0,1.0,0.024988345801830292,0.07005128264427185,0.2999204695224762,0.021764280274510384,0.0,-0.013104398734867573,0.07051559537649155,0.3073604106903076,-0.5150730609893799,2.0,0.06279005855321884,0.06962748616933823,0.3113791346549988,0.576694667339325
1692309414.4927063,"[label: ""height""
size: 3
stride: 15, label: ""width""
size: 5
stride: 5]",0,1.0,0.02403232268989086,0.07003553211688995,0.2991657257080078,-0.013772504404187202,0.0,-0.013660015538334846,0.07097002863883972,0.30872660875320435,-0.5061227083206177,2.0,0.061967022716999054,0.0695318728685379,0.31044548749923706,0.5704168677330017
1692309414.590722,"[label: ""height""
size: 3
stride: 15, label: ""width""
size: 5
stride: 5]",0,1.0,0.023025402799248695,0.06907720118761063,0.29996317625045776,0.021240008994936943,0.0,-0.01504469383507967,0.06997834146022797,0.3088107109069824,-0.48758426308631897,2.0,0.06073680520057678,0.06845753639936447,0.3106456696987152,0.5734409093856812
1692309414.6926563,"[label: ""height""
size: 3
stride: 15, label: ""width""
size: 5
stride: 5]",0,1.0,0.021096285432577133,0.07040520757436752,0.29933983087539673,-0.019621770828962326,0.0,-0.016819674521684647,0.07084811478853226,0.30656278133392334,-0.4811970591545105,2.0,0.05872024968266487,0.06914874166250229,0.3086845874786377,0.5948624014854431
1692309414.793503,"[label: ""height""
size: 3
stride: 15, label: ""width""
size: 5
stride: 5]",0,1.0,0.019586948677897453,0.06980801373720169,0.2965832054615021,-0.0003696058411151171,0.0,-0.018317047506570816,0.0708238035440445,0.3064498007297516,-0.4774751365184784,2.0,0.0569995678961277,0.06901198625564575,0.3075559735298157,0.6018065214157104
1692309414.8984997,"[label: ""height""
size: 3
stride: 15, label: ""width""
size: 5
stride: 5]",0,1.0,0.01810506545007229,0.06930319964885712,0.2954025864601135,0.0457780584692955,0.0,-0.01959620974957943,0.0696944147348404,0.302676260471344,-0.49287524819374084,2.0,0.05579335615038872,0.06887887418270111,0.30856260657310486,0.5911113619804382
1692309414.9903395,"[label: ""height""
size: 3
stride: 15, label: ""width""
size: 5
stride: 5]",0,1.0,0.016664128750562668,0.07065741717815399,0.2956456243991852,0.044230639934539795,0.0,-0.02128663845360279,0.0713856965303421,0.30404865741729736,-0.46972036361694336,2.0,0.0544295608997345,0.07016836106777191,0.3087199032306671,0.5853254795074463
1692309415.0927908,"[label: ""height""
size: 3
stride: 15, label: ""width""
size: 5
stride: 5]",0,1.0,0.015183874405920506,0.06980950385332108,0.2946784198284149,0.06639836728572845,0.0,-0.022750120609998703,0.07053694128990173,0.30198776721954346,-0.4607049524784088,2.0,0.05291134864091873,0.06965835392475128,0.30870139598846436,0.5892717242240906
1692309415.1919131,"[label: ""height""
size: 3
stride: 15, label: ""width""
size: 5
stride: 5]",0,1.0,0.014221482910215855,0.07030956447124481,0.294755756855011,0.0659804493188858,0.0,-0.023941025137901306,0.07125002890825272,0.3029761016368866,-0.4652683138847351,2.0,0.05152502283453941,0.0695187970995903,0.3064156472682953,0.5988712310791016
1692309415.2935715,"[label: ""height""
size: 3
stride: 15, label: ""width""
size: 5
stride: 5]",0,1.0,0.01283534336835146,0.07116008549928665,0.2942844331264496,0.02986086718738079,0.0,-0.025046750903129578,0.07137561589479446,0.29978737235069275,-0.46478068828582764,2.0,0.0502987839281559,0.07006677985191345,0.3050329089164734,0.6069600582122803
1692309415.3940666,"[label: ""height""
size: 3
stride: 15, label: ""width""
size: 5
stride: 5]",0,1.0,0.01190244872123003,0.0700833797454834,0.291617214679718,0.04655323550105095,0.0,-0.026198243722319603,0.07150544971227646,0.30189231038093567,-0.45149534940719604,2.0,0.049548495560884476,0.07005896419286728,0.3065960109233856,0.6035692691802979
1692309415.4936833,"[label: ""height""
size: 3
stride: 15, label: ""width""
size: 5
stride: 5]",0,1.0,0.01142551563680172,0.07056637853384018,0.29164108633995056,0.04650929942727089,0.0,-0.026507778093218803,0.07135073840618134,0.2996755540370941,-0.46127191185951233,2.0,0.04881231114268303,0.07008086144924164,0.30510005354881287,0.6107133030891418
1692309415.5902731,"[label: ""height""
size: 3
stride: 15, label: ""width""
size: 5
stride: 5]",0,1.0,0.010940044187009335,0.07107947021722794,0.29100555181503296,0.06312641501426697,0.0,-0.027329305186867714,0.07230622321367264,0.3006793260574341,-0.45609429478645325,2.0,0.04798173904418945,0.070456363260746,0.3029591739177704,0.6185540556907654
1692309415.6940627,"[label: ""height""
size: 3
stride: 15, label: ""width""
size: 5
stride: 5]",0,1.0,0.010464138351380825,0.07060608267784119,0.29102087020874023,0.0634734109044075,0.0,-0.0278543122112751,0.07215682417154312,0.30107247829437256,-0.4503067135810852,2.0,0.04766897112131119,0.06987600028514862,0.3025630712509155,0.6003672480583191
1692309415.7977514,"[label: ""height""
size: 3
stride: 15, label: ""width""
size: 5
stride: 5]",0,1.0,0.01073150709271431,0.07074055075645447,0.28950029611587524,0.02996438927948475,0.0,-0.027196984738111496,0.0712641030550003,0.2963055670261383,-0.4760169982910156,2.0,0.04807230830192566,0.07015728205442429,0.3027615547180176,0.6102200746536255
1692309415.8943684,"[label: ""height""
size: 3
stride: 15, label: ""width""
size: 5
stride: 5]",0,1.0,0.010943922214210033,0.0714048445224762,0.29103317856788635,0.06666667759418488,0.0,-0.027162134647369385,0.07140584290027618,0.2958955764770508,-0.4802180826663971,2.0,0.04805101081728935,0.06994643062353134,0.30023711919784546,0.6268438100814819
1692309415.991187,"[label: ""height""
size: 3
stride: 15, label: ""width""
size: 5
stride: 5]",0,1.0,0.011679254472255707,0.07073432207107544,0.28947338461875916,0.030099088326096535,0.0,-0.026443487033247948,0.07143877446651459,0.2975116968154907,-0.4612436592578888,2.0,0.048907700926065445,0.06987941265106201,0.3010174036026001,0.6024806499481201
1692309416.0966923,"[label: ""height""
size: 3
stride: 15, label: ""width""
size: 5
stride: 5]",0,1.0,0.01259679440408945,0.07162074744701385,0.291987806558609,0.013396776281297207,0.0,-0.02536049485206604,0.07161468267440796,0.29614508152008057,-0.47040706872940063,2.0,0.04974198713898659,0.06984525173902512,0.2993239760398865,0.6144353747367859
1692309416.1954613,"[label: ""height""
size: 3
stride: 15, label: ""width""
size: 5
stride: 5]",0,1.0,0.014086875133216381,0.07096192985773087,0.2884387671947479,-0.0002843740221578628,0.0,-0.023887185379862785,0.07189635187387466,0.2973838746547699,-0.48161906003952026,2.0,0.0521005280315876,0.07099580764770508,0.30315256118774414,0.597023069858551
1692309416.2951066,"[label: ""height""
size: 3
stride: 15, label: ""width""
size: 5
stride: 5]",0,1.0,0.015732822939753532,0.07059891521930695,0.29064640402793884,-0.006716432049870491,0.0,-0.022425049915909767,0.07091014832258224,0.29733121395111084,-0.4861869215965271,2.0,0.05355899780988693,0.06981606036424637,0.3022799491882324,0.5855944752693176
1692309416.3900216,"[label: ""height""
size: 3
stride: 15, label: ""width""
size: 5
stride: 5]",0,1.0,0.017343128100037575,0.07120580971240997,0.29083701968193054,0.043371330946683884,0.0,-0.02074085921049118,0.07115378975868225,0.29582324624061584,-0.4846114218235016,2.0,0.05459913983941078,0.06979858875274658,0.2991045415401459,0.602077841758728
1692309416.4929469,"[label: ""height""
size: 3
stride: 15, label: ""width""
size: 5
stride: 5]",0,1.0,0.018816698342561722,0.07084567844867706,0.2885805368423462,-0.004243323113769293,0.0,-0.019048064947128296,0.07198245078325272,0.2977650463581085,-0.49374932050704956,2.0,0.05624332278966904,0.06981505453586578,0.2980850636959076,0.5923007130622864
1692309416.5914724,"[label: ""height""
size: 3
stride: 15, label: ""width""
size: 5
stride: 5]",0,1.0,0.019758174195885658,0.07001777738332748,0.28844186663627625,-0.000375083094695583,0.0,-0.017879720777273178,0.06991498172283173,0.29423776268959045,-0.5149168372154236,2.0,0.05785391107201576,0.06934506446123123,0.30081886053085327,0.5696555972099304
1692309416.6923006,"[label: ""height""
size: 3
stride: 15, label: ""width""
size: 5
stride: 5]",0,1.0,0.02118278294801712,0.06990138441324234,0.2885889708995819,-0.002975108567625284,0.0,-0.01691531203687191,0.07027095556259155,0.29665446281433105,-0.4934549033641815,2.0,0.05906761810183525,0.06932690739631653,0.3007326126098633,0.56663578748703
1692309416.7904365,"[label: ""height""
size: 3
stride: 15, label: ""width""
size: 5
stride: 5]",0,1.0,0.022908823564648628,0.07087457925081253,0.2911919951438904,-0.017480896785855293,0.0,-0.014986570924520493,0.0708109587430954,0.2968967854976654,-0.49793216586112976,2.0,0.06102997437119484,0.0699438527226448,0.30131420493125916,0.5700128674507141
1692309416.8951666,"[label: ""height""
size: 3
stride: 15, label: ""width""
size: 5
stride: 5]",0,1.0,0.024027740582823753,0.06996634602546692,0.2892485558986664,-0.04804416373372078,0.0,-0.013700561597943306,0.07055477797985077,0.29792845249176025,-0.5090878009796143,2.0,0.0623750314116478,0.0697275847196579,0.3018627166748047,0.5642489790916443
1692309416.9911149,"[label: ""height""
size: 3
stride: 15, label: ""width""
size: 5
stride: 5]",0,1.0,0.024954991415143013,0.06924766302108765,0.2888132333755493,-0.030987367033958435,0.0,-0.012752841226756573,0.07012249529361725,0.2986302375793457,-0.5099979043006897,2.0,0.0627288892865181,0.06814221292734146,0.2982150614261627,0.56417316198349
1692309417.0932755,"[label: ""height""
size: 3
stride: 15, label: ""width""
size: 5
stride: 5]",0,1.0,0.025931691750884056,0.06951262056827545,0.2893381416797638,-0.04779858514666557,0.0,-0.011739225126802921,0.07055486738681793,0.300981342792511,-0.512162983417511,2.0,0.06399353593587875,0.0687137246131897,0.3001627027988434,0.5658906102180481
1692309417.1951365,"[label: ""height""
size: 3
stride: 15, label: ""width""
size: 5
stride: 5]",0,1.0,0.02672938071191311,0.06992428749799728,0.291210800409317,-0.015582970343530178,0.0,-0.01083968486636877,0.07056231796741486,0.29993173480033875,-0.5083372592926025,2.0,0.06548850238323212,0.06992218643426895,0.3043387532234192,0.5400754809379578
1692309417.2905157,"[label: ""height""
size: 3
stride: 15, label: ""width""
size: 5
stride: 5]",0,1.0,0.02698155678808689,0.06981789320707321,0.2928498387336731,-0.03211379423737526,0.0,-0.010859264992177486,0.0711275264620781,0.30443641543388367,-0.4967438280582428,2.0,0.064786396920681,0.06868080049753189,0.30158936977386475,0.5589851140975952
1692309417.3944235,"[label: ""height""
size: 3
stride: 15, label: ""width""
size: 5
stride: 5]",0,1.0,0.02701183222234249,0.06927349418401718,0.293345183134079,-0.04903954267501831,0.0,-0.010576303116977215,0.07021249085664749,0.30324414372444153,-0.505521833896637,2.0,0.06560182571411133,0.06878884881734848,0.30484747886657715,0.5569640398025513
1692309417.4934394,"[label: ""height""
size: 3
stride: 15, label: ""width""
size: 5
stride: 5]",0,1.0,0.02749469131231308,0.06927838176488876,0.2933673858642578,-0.04889468476176262,0.0,-0.010274856351315975,0.07036077976226807,0.30550119280815125,-0.5071669220924377,2.0,0.06550566852092743,0.06817072629928589,0.30265140533447266,0.554408073425293
1692309417.5903022,"[label: ""height""
size: 3
stride: 15, label: ""width""
size: 5
stride: 5]",0,1.0,0.028309041634202003,0.06968163698911667,0.2952369153499603,-0.015231594443321228,0.0,-0.009369405917823315,0.07037579268217087,0.3040010333061218,-0.5317702293395996,2.0,0.0667797327041626,0.06937837600708008,0.30688172578811646,0.5285053849220276
1692309417.6984367,"[label: ""height""
size: 3
stride: 15, label: ""width""
size: 5
stride: 5]",0,1.0,0.028778253123164177,0.0693146288394928,0.2950526475906372,-0.013151726685464382,0.0,-0.008902085945010185,0.07030478864908218,0.3052525520324707,-0.5265379548072815,2.0,0.0670856162905693,0.06892187148332596,0.30711013078689575,0.5476674437522888
1692309417.798314,"[label: ""height""
size: 3
stride: 15, label: ""width""
size: 5
stride: 5]",0,1.0,0.02930634841322899,0.06932375580072403,0.29659005999565125,-0.0005018892697989941,0.0,-0.00841788575053215,0.06984493136405945,0.3059176504611969,-0.5262861251831055,2.0,0.06732441484928131,0.06840673089027405,0.3070529103279114,0.5474266409873962
1692309417.8991966,"[label: ""height""
size: 3
stride: 15, label: ""width""
size: 5
stride: 5]",0,1.0,0.029095711186528206,0.06915553659200668,0.297357439994812,-0.04274239391088486,0.0,-0.00860794261097908,0.07015052437782288,0.3084833323955536,-0.5247672200202942,2.0,0.06706803292036057,0.06840167194604874,0.307028204202652,0.5479295253753662
1692309417.9976356,"[label: ""height""
size: 3
stride: 15, label: ""width""
size: 5
stride: 5]",0,1.0,0.02912151627242565,0.06891179084777832,0.29779762029647827,-0.0603388287127018,0.0,-0.008156358264386654,0.07050345838069916,0.31102919578552246,-0.51182621717453,2.0,0.06705057621002197,0.06788187474012375,0.30694693326950073,0.5481884479522705
1692309418.1002278,"[label: ""height""
size: 3
stride: 15, label: ""width""
size: 5
stride: 5]",0,1.0,0.029965229332447052,0.06956051290035248,0.3007645308971405,-0.0005143160233274102,0.0,-0.007624936755746603,0.07008753716945648,0.309818297624588,-0.5204225182533264,2.0,0.06824988126754761,0.06898274272680283,0.31191781163215637,0.5415904521942139
1692309418.1913712,"[label: ""height""
size: 3
stride: 15, label: ""width""
size: 5
stride: 5]",0,1.0,0.029965244233608246,0.06906794011592865,0.3007647395133972,-0.0005196607671678066,0.0,-0.007494678255170584,0.06947291642427444,0.3093143403530121,-0.5365839004516602,2.0,0.06796341389417648,0.0679377093911171,0.31058627367019653,0.5458630323410034
1692309418.302837,"[label: ""height""
size: 3
stride: 15, label: ""width""
size: 5
stride: 5]",0,1.0,0.02989330142736435,0.06955689936876297,0.305402547121048,-0.03091750480234623,0.0,-0.008009366691112518,0.07035861164331436,0.3156360387802124,-0.5165234804153442,2.0,0.06833378970623016,0.06858675926923752,0.3146945834159851,0.5330438017845154
1692309418.4013884,"[label: ""height""
size: 3
stride: 15, label: ""width""
size: 5
stride: 5]",0,1.0,0.029645774513483047,0.06877769529819489,0.3045256435871124,-0.06927645951509476,0.0,-0.008025490678846836,0.06990035623311996,0.31642085313796997,-0.5142925381660461,2.0,0.06755221635103226,0.0679192990064621,0.3134381175041199,0.5380357503890991
1692309418.5022697,"[label: ""height""
size: 3
stride: 15, label: ""width""
size: 5
stride: 5]",0,1.0,0.029701106250286102,0.0686292052268982,0.30587321519851685,-0.022243281826376915,0.0,-0.007791729178279638,0.06950654089450836,0.31703129410743713,-0.5397656559944153,2.0,0.0678849145770073,0.0681215226650238,0.31619948148727417,0.5511420965194702
1692309418.5983617,"[label: ""height""
size: 3
stride: 15, label: ""width""
size: 5
stride: 5]",0,1.0,0.0298317763954401,0.06923943758010864,0.3099605143070221,-0.03360813483595848,0.0,-0.00786884967237711,0.07011546194553375,0.32095083594322205,-0.5205074548721313,2.0,0.06772790849208832,0.06811089813709259,0.3179151713848114,0.5458680391311646
1692309418.7009828,"[label: ""height""
size: 3
stride: 15, label: ""width""
size: 5
stride: 5]",0,1.0,0.02960362285375595,0.06873416900634766,0.3104446828365326,-0.054906487464904785,0.0,-0.007927077822387218,0.07010616362094879,0.32394176721572876,-0.5037499666213989,2.0,0.06865151226520538,0.06893851608037949,0.32485201954841614,0.5245038270950317
1692309418.7967029,"[label: ""height""
size: 3
stride: 15, label: ""width""
size: 5
stride: 5]",0,1.0,0.029999863356351852,0.06876924633979797,0.3140226900577545,-0.0005475867656059563,0.0,-0.007687713019549847,0.06970071792602539,0.32456842064857483,-0.530322790145874,2.0,0.06844783574342728,0.06845790147781372,0.3251221179962158,0.5461971759796143
1692309418.8990412,"[label: ""height""
size: 3
stride: 15, label: ""width""
size: 5
stride: 5]",0,1.0,0.029658211395144463,0.06896611303091049,0.31804317235946655,-0.07634188234806061,0.0,-0.00805964507162571,0.06991077214479446,0.329296737909317,-0.5354424715042114,2.0,0.06820451468229294,0.06808363646268845,0.3278310298919678,0.5380939841270447
1692309418.9997995,"[label: ""height""
size: 3
stride: 15, label: ""width""
size: 5
stride: 5]",0,1.0,0.029409483075141907,0.06862446665763855,0.3198704421520233,-0.10642987489700317,0.0,-0.008122101426124573,0.06989843398332596,0.33244428038597107,-0.5187686085700989,2.0,0.06745057553052902,0.06733482331037521,0.3280786871910095,0.5394929051399231
1692309419.0997102,"[label: ""height""
size: 3
stride: 15, label: ""width""
size: 5
stride: 5]",0,1.0,0.029494814574718475,0.0683290883898735,0.32149261236190796,-0.03674178943037987,0.0,-0.008140782825648785,0.06942687928676605,0.33337870240211487,-0.5160115957260132,2.0,0.06785043329000473,0.06802736222743988,0.3327423930168152,0.5250901579856873
1692309419.1983056,"[label: ""height""
size: 3
stride: 15, label: ""width""
size: 5
stride: 5]",0,1.0,0.029317831620573997,0.06820161640644073,0.32352960109710693,-0.0005633012042380869,0.0,-0.00830529909580946,0.06908494979143143,0.33442801237106323,-0.5250371098518372,2.0,0.06709443032741547,0.0675324872136116,0.33301693201065063,0.5487506985664368
1692309419.3028061,"[label: ""height""
size: 3
stride: 15, label: ""width""
size: 5
stride: 5]",0,1.0,0.02950841747224331,0.06864937394857407,0.32903608679771423,-0.04074949026107788,0.0,-0.008506490848958492,0.06897752732038498,0.33723053336143494,-0.5249499678611755,2.0,0.06748131662607193,0.06767137348651886,0.3377504348754883,0.5344958305358887
1692309419.3995912,"[label: ""height""
size: 3
stride: 15, label: ""width""
size: 5
stride: 5]",0,1.0,0.02954508177936077,0.06840066611766815,0.32966524362564087,-0.0631018877029419,0.0,-0.008041751570999622,0.06963806599378586,0.34177136421203613,-0.5047335028648376,2.0,0.06814897805452347,0.06821011751890182,0.3411441147327423,0.5226514935493469
1692309419.499257,"[label: ""height""
size: 3
stride: 15, label: ""width""
size: 5
stride: 5]",0,1.0,0.029587972909212112,0.06861333549022675,0.33218881487846375,0.03350649029016495,0.0,-0.00821197684854269,0.06986581534147263,0.3429585099220276,-0.5136969089508057,2.0,0.06783363968133926,0.06788114458322525,0.3409273028373718,0.5488508939743042
1692309419.597382,"[label: ""height""
size: 3
stride: 15, label: ""width""
size: 5
stride: 5]",0,1.0,0.02904406748712063,0.06806915998458862,0.33219078183174133,0.03374394401907921,0.0,-0.008906546048820019,0.06918898969888687,0.342359721660614,-0.5301861763000488,2.0,0.06736873090267181,0.06784719973802567,0.3443037271499634,0.5398869514465332
1692309419.7003481,"[label: ""height""
size: 3
stride: 15, label: ""width""
size: 5
stride: 5]",0,1.0,0.028740108013153076,0.06825413554906845,0.33719390630722046,-0.020161975175142288,0.0,-0.009572134353220463,0.06926484405994415,0.3468847870826721,-0.507612943649292,2.0,0.06656944006681442,0.06731975078582764,0.3445146083831787,0.564409077167511
1692309419.7989511,"[label: ""height""
size: 3
stride: 15, label: ""width""
size: 5
stride: 5]",0,1.0,0.028083117678761482,0.06768602132797241,0.334635466337204,-0.053629010915756226,0.0,-0.00971726793795824,0.06878297030925751,0.3467354476451874,-0.5213302969932556,2.0,0.06699454039335251,0.0680638924241066,0.3497510850429535,0.5494528412818909
1692309419.9008994,"[label: ""height""
size: 3
stride: 15, label: ""width""
size: 5
stride: 5]",0,1.0,0.027570905163884163,0.06832309067249298,0.3374808728694916,0.034492045640945435,0.0,-0.010270223021507263,0.06895184516906738,0.34616410732269287,-0.5247093439102173,2.0,0.0660790503025055,0.06801610440015793,0.34947970509529114,0.5280084609985352
1692309419.9980216,"[label: ""height""
size: 3
stride: 15, label: ""width""
size: 5
stride: 5]",0,1.0,0.02646845579147339,0.06833260506391525,0.3375318944454193,0.03391982242465019,0.0,-0.011455083265900612,0.06947449594736099,0.3479975163936615,-0.5125623345375061,2.0,0.06471845507621765,0.06807679682970047,0.34982433915138245,0.5542344450950623
1692309420.0985785,"[label: ""height""
size: 3
stride: 15, label: ""width""
size: 5
stride: 5]",0,1.0,0.024881580844521523,0.06783708930015564,0.33891692757606506,-0.0005328682018443942,0.0,-0.013212081976234913,0.06889607012271881,0.34946897625923157,-0.5001646280288696,2.0,0.062453802675008774,0.06676901131868362,0.34673675894737244,0.5668829679489136
1692309420.198803,"[label: ""height""
size: 3
stride: 15, label: ""width""
size: 5
stride: 5]",0,1.0,0.02287427894771099,0.06682360917329788,0.3353804647922516,0.04244307801127434,0.0,-0.015010768547654152,0.06835968047380447,0.3481314182281494,-0.4872698485851288,2.0,0.06127246096730232,0.06691837310791016,0.34975922107696533,0.562047004699707
1692309420.2996802,"[label: ""height""
size: 3
stride: 15, label: ""width""
size: 5
stride: 5]",0,1.0,0.020939908921718597,0.06759731471538544,0.33362361788749695,-0.00046408831258304417,0.0,-0.016767006367444992,0.06889094412326813,0.3458399474620819,-0.509483277797699,2.0,0.05959392711520195,0.06810589879751205,0.3499896824359894,0.5651812553405762
1692309420.4003692,"[label: ""height""
size: 3
stride: 15, label: ""width""
size: 5
stride: 5]",0,1.0,0.01984557695686817,0.06838935613632202,0.33783620595932007,0.029333991929888725,0.0,-0.018391158431768417,0.06872750073671341,0.3443700671195984,-0.5098078846931458,2.0,0.05734042823314667,0.06745187193155289,0.34584009647369385,0.5705037117004395
1692309420.4982162,"[label: ""height""
size: 3
stride: 15, label: ""width""
size: 5
stride: 5]",0,1.0,0.018799882382154465,0.06694941967725754,0.3366430103778839,0.016473479568958282,0.0,-0.019526153802871704,0.06756893545389175,0.34479230642318726,-0.47586533427238464,2.0,0.05642988160252571,0.06563366949558258,0.34456580877304077,0.5873255729675293
1692309420.5963182,"[label: ""height""
size: 3
stride: 15, label: ""width""
size: 5
stride: 5]",0,1.0,0.01817650906741619,0.06706202030181885,0.33263319730758667,0.027471954002976418,0.0,-0.019936366006731987,0.06799377501010895,0.34194907546043396,-0.4871072769165039,2.0,0.055896930396556854,0.06679756939411163,0.34476014971733093,0.5880274772644043
1692309420.700192,"[label: ""height""
size: 3
stride: 15, label: ""width""
size: 5
stride: 5]",0,1.0,0.017675230279564857,0.06744734197854996,0.33186498284339905,-0.027830563485622406,0.0,-0.020223796367645264,0.06857845187187195,0.3420867621898651,-0.48648038506507874,2.0,0.05591119825839996,0.06737872958183289,0.34484991431236267,0.5877430438995361
1692309420.7980974,"[label: ""height""
size: 3
stride: 15, label: ""width""
size: 5
stride: 5]",0,1.0,0.01765773631632328,0.06575101613998413,0.32849419116973877,-0.0004176664224360138,0.0,-0.0203892532736063,0.06690400838851929,0.3400317430496216,-0.4954288601875305,2.0,0.05590181052684784,0.06564371287822723,0.34305813908576965,0.5690186619758606
1692309420.899485,"[label: ""height""
size: 3
stride: 15, label: ""width""
size: 5
stride: 5]",0,1.0,0.018219972029328346,0.06744947284460068,0.3318764567375183,-0.027427595108747482,0.0,-0.020126203075051308,0.06773161143064499,0.3379179537296295,-0.4892726540565491,2.0,0.05613970011472702,0.06622743606567383,0.3410600423812866,0.5750742554664612
1692309420.996828,"[label: ""height""
size: 3
stride: 15, label: ""width""
size: 5
stride: 5]",0,1.0,0.01874566450715065,0.06668779999017715,0.3268139064311981,-0.026169393211603165,0.0,-0.019200459122657776,0.06748058646917343,0.336075097322464,-0.501805305480957,2.0,0.056784145534038544,0.06608985364437103,0.3381994366645813,0.5808038115501404
1692309421.0974953,"[label: ""height""
size: 3
stride: 15, label: ""width""
size: 5
stride: 5]",0,1.0,0.01924576610326767,0.06502094119787216,0.3235229253768921,-0.00044670383795164526,0.0,-0.018578046932816505,0.06548603624105453,0.3321307897567749,-0.5059848427772522,2.0,0.057077039033174515,0.06466791778802872,0.335825115442276,0.5746060013771057
1692309421.1999197,"[label: ""height""
size: 3
stride: 15, label: ""width""
size: 5
stride: 5]",0,1.0,0.02031228505074978,0.06646115332841873,0.32364076375961304,-0.0004414327850099653,0.0,-0.01778101734817028,0.06718418747186661,0.33248889446258545,-0.5070176124572754,2.0,0.05749358981847763,0.06535711884498596,0.331041544675827,0.5773158073425293
1692309421.300501,"[label: ""height""
size: 3
stride: 15, label: ""width""
size: 5
stride: 5]",0,1.0,0.020786432549357414,0.0653565526008606,0.31869953870773315,-0.00046246644342318177,0.0,-0.016925090923905373,0.06707780808210373,0.33191952109336853,-0.4826503396034241,2.0,0.059403661638498306,0.0660291388630867,0.33579447865486145,0.5592843890190125
1692309421.3983371,"[label: ""height""
size: 3
stride: 15, label: ""width""
size: 5
stride: 5]",0,1.0,0.02236109972000122,0.06520631909370422,0.31880709528923035,0.0012337673688307405,0.0,-0.015699131414294243,0.06601627916097641,0.32865527272224426,-0.5032733678817749,2.0,0.059699371457099915,0.06467224657535553,0.32823020219802856,0.5791879296302795
1692309421.5006375,"[label: ""height""
size: 3
stride: 15, label: ""width""
size: 5
stride: 5]",0,1.0,0.023382829502224922,0.06657508760690689,0.31909313797950745,-0.044254954904317856,0.0,-0.014465623535215855,0.06711765378713608,0.32822349667549133,-0.4919871687889099,2.0,0.061540085822343826,0.06571567058563232,0.32804790139198303,0.5531721115112305
1692309421.5999115,"[label: ""height""
size: 3
stride: 15, label: ""width""
size: 5
stride: 5]",0,1.0,0.02433997392654419,0.06516832113265991,0.31401965022087097,-0.0005134379025548697,0.0,-0.01348807755857706,0.06578809022903442,0.32355645298957825,-0.5188426375389099,2.0,0.0630427673459053,0.06520697474479675,0.32820719480514526,0.5378018021583557
1692309421.6980932,"[label: ""height""
size: 3
stride: 15, label: ""width""
size: 5
stride: 5]",0,1.0,0.02532975934445858,0.06540645658969879,0.3130342960357666,-0.08794142305850983,0.0,-0.012310037389397621,0.0664277970790863,0.32412245869636536,-0.5047895312309265,2.0,0.06353308260440826,0.06499309837818146,0.3231208920478821,0.540683925151825
1692309421.7984455,"[label: ""height""
size: 3
stride: 15, label: ""width""
size: 5
stride: 5]",0,1.0,0.026536183431744576,0.06565366685390472,0.31029608845710754,-0.057791225612163544,0.0,-0.011131785809993744,0.06639071553945541,0.3201718032360077,-0.5271979570388794,2.0,0.06512340903282166,0.06552683562040329,0.32314273715019226,0.5369362235069275
1692309421.9004066,"[label: ""height""
size: 3
stride: 15, label: ""width""
size: 5
stride: 5]",0,1.0,0.027682462707161903,0.06490125507116318,0.3060010075569153,-0.04786296933889389,0.0,-0.009796601720154285,0.06629333645105362,0.3196617662906647,-0.5053122043609619,2.0,0.06632178276777267,0.0648743286728859,0.31866973638534546,0.5471387505531311
1692309421.9974504,"[label: ""height""
size: 3
stride: 15, label: ""width""
size: 5
stride: 5]",0,1.0,0.0296468548476696,0.06529417634010315,0.30457791686058044,-0.07316317409276962,0.0,-0.007944462820887566,0.06544077396392822,0.31245750188827515,-0.5324907302856445,2.0,0.06784883141517639,0.06498436629772186,0.31422120332717896,0.5469879508018494
1692309422.1008298,"[label: ""height""
size: 3
stride: 15, label: ""width""
size: 5
stride: 5]",0,1.0,0.031460631638765335,0.06482324004173279,0.3012434244155884,-0.03178231790661812,0.0,-0.006117059849202633,0.06542923301458359,0.3106149137020111,-0.520453155040741,2.0,0.0698590949177742,0.06471270322799683,0.31227415800094604,0.5368005633354187
1692309422.1971319,"[label: ""height""
size: 3
stride: 15, label: ""width""
size: 5
stride: 5]",0,1.0,0.03279411792755127,0.06496329605579376,0.2978441119194031,-0.05059370398521423,0.0,-0.004834002815186977,0.06575322896242142,0.3092503845691681,-0.5329928398132324,2.0,0.07155849039554596,0.06506780534982681,0.30966565012931824,0.5189993977546692
1692309422.2976673,"[label: ""height""
size: 3
stride: 15, label: ""width""
size: 5
stride: 5]",0,1.0,0.03469545394182205,0.06485070288181305,0.2965199649333954,-0.06507695466279984,0.0,-0.0030411886982619762,0.06497380882501602,0.30438491702079773,-0.5629872679710388,2.0,0.07341019809246063,0.06458931416273117,0.3067755401134491,0.5237992405891418
1692309422.3988674,"[label: ""height""
size: 3
stride: 15, label: ""width""
size: 5
stride: 5]",0,1.0,0.035588253289461136,0.06444445252418518,0.29202303290367126,-0.08146502822637558,0.0,-0.0017851970624178648,0.06540152430534363,0.3040251135826111,-0.5424973368644714,2.0,0.07398528605699539,0.06405074894428253,0.30139023065567017,0.5285230278968811
1692309422.5014362,"[label: ""height""
size: 3
stride: 15, label: ""width""
size: 5
stride: 5]",0,1.0,0.036634862422943115,0.06473726779222488,0.2892005443572998,-0.10817559063434601,0.0,-0.0005393431056290865,0.06571213901042938,0.30141177773475647,-0.5327335000038147,2.0,0.07517019659280777,0.06435246020555496,0.29872196912765503,0.5229705572128296
1692309422.6005607,"[label: ""height""
size: 3
stride: 15, label: ""width""
size: 5
stride: 5]",0,1.0,0.03766220808029175,0.0640706717967987,0.28710004687309265,-0.10797546058893204,0.0,0.00031318646506406367,0.06483528017997742,0.2990977168083191,-0.5366753339767456,2.0,0.0762084349989891,0.06385860592126846,0.29703232645988464,0.5259812474250793
1692309422.698474,"[label: ""height""
size: 3
stride: 15, label: ""width""
size: 5
stride: 5]",0,1.0,0.03828749433159828,0.06434952467679977,0.2853911221027374,-0.07660546898841858,0.0,0.0007745780749246478,0.06483639031648636,0.29581716656684875,-0.5558972954750061,2.0,0.07681562006473541,0.06420677900314331,0.2946895956993103,0.5114339590072632
1692309422.798368,"[label: ""height""
size: 3
stride: 15, label: ""width""
size: 5
stride: 5]",0,1.0,0.03869092836976051,0.06500894576311111,0.2847798466682434,-0.05811699107289314,0.0,0.0011365553364157677,0.0656527578830719,0.29507485032081604,-0.5476623773574829,2.0,0.07678333669900894,0.06417802721261978,0.2913321852684021,0.5116616487503052
1692309422.9002707,"[label: ""height""
size: 3
stride: 15, label: ""width""
size: 5
stride: 5]",0,1.0,0.03813374042510986,0.06403611600399017,0.2808147668838501,-0.07466139644384384,0.0,0.0008822386735118926,0.06495483964681625,0.29363659024238586,-0.5561514496803284,2.0,0.07709161937236786,0.06414210796356201,0.2915967106819153,0.5107743144035339
1692309422.996917,"[label: ""height""
size: 3
stride: 15, label: ""width""
size: 5
stride: 5]",0,1.0,0.03795021399855614,0.06438224762678146,0.2810271084308624,-0.057185959070920944,0.0,0.0005325321690179408,0.06530240923166275,0.2941280007362366,-0.5387539267539978,2.0,0.0768144279718399,0.06401833891868591,0.2905338704586029,0.5138996243476868
1692309423.1004794,"[label: ""height""
size: 3
stride: 15, label: ""width""
size: 5
stride: 5]",0,1.0,0.03706522285938263,0.06454922258853912,0.27884677052497864,-0.07293996959924698,0.0,-9.61295299930498e-05,0.06500888615846634,0.2880069315433502,-0.5562816262245178,2.0,0.07585334032773972,0.0641912892460823,0.28868362307548523,0.5033836364746094
1692309423.1984124,"[label: ""height""
size: 3
stride: 15, label: ""width""
size: 5
stride: 5]",0,1.0,0.036780957132577896,0.06453276425600052,0.27740344405174255,-0.05308689549565315,0.0,-0.0005669094971381128,0.06500129401683807,0.28797030448913574,-0.5548786520957947,2.0,0.07587208598852158,0.06467932462692261,0.2887561321258545,0.5031284093856812
1692309423.300577,"[label: ""height""
size: 3
stride: 15, label: ""width""
size: 5
stride: 5]",0,1.0,0.03619612380862236,0.0641239807009697,0.27580511569976807,-0.08486788719892502,0.0,-0.0009128825622610748,0.0650600790977478,0.2882438600063324,-0.5391489267349243,2.0,0.07454713433980942,0.0635969415307045,0.2849774658679962,0.5267928838729858
1692309423.3928375,"[label: ""height""
size: 3
stride: 15, label: ""width""
size: 5
stride: 5]",0,1.0,0.03567734360694885,0.06387585401535034,0.2743171155452728,-0.07160691171884537,0.0,-0.0017309708055108786,0.06438302993774414,0.28420403599739075,-0.5465520620346069,2.0,0.07407849282026291,0.06397116184234619,0.2845224142074585,0.5200021862983704
1692309423.4929557,"[label: ""height""
size: 3
stride: 15, label: ""width""
size: 5
stride: 5]",0,1.0,0.034997355192899704,0.06437741219997406,0.27517756819725037,-0.07301468402147293,0.0,-0.002432539127767086,0.06515749543905258,0.28610095381736755,-0.5350841283798218,2.0,0.07364261895418167,0.06408639252185822,0.28508687019348145,0.5286661982536316
1692309423.5977862,"[label: ""height""
size: 3
stride: 15, label: ""width""
size: 5
stride: 5]",0,1.0,0.033819183707237244,0.06449753046035767,0.2736932635307312,-0.055805325508117676,0.0,-0.0034720315597951412,0.06543221324682236,0.28518375754356384,-0.5235227346420288,2.0,0.07267862558364868,0.06462644785642624,0.28543946146965027,0.5206820964813232
1692309423.6995852,"[label: ""height""
size: 3
stride: 15, label: ""width""
size: 5
stride: 5]",0,1.0,0.03362910449504852,0.06464742869138718,0.27504411339759827,-0.0715143084526062,0.0,-0.004052160307765007,0.06482870131731033,0.28410840034484863,-0.5391335487365723,2.0,0.07201946526765823,0.0641256719827652,0.2841872274875641,0.5351592898368835
1692309423.7973094,"[label: ""height""
size: 3
stride: 15, label: ""width""
size: 5
stride: 5]",0,1.0,0.03304652124643326,0.06432932615280151,0.27285057306289673,-0.05442533269524574,0.0,-0.004294463433325291,0.06506625562906265,0.2852339744567871,-0.5320577621459961,2.0,0.07095219939947128,0.06355972588062286,0.28176015615463257,0.5448194742202759
1692309423.8996563,"[label: ""height""
size: 3
stride: 15, label: ""width""
size: 5
stride: 5]",0,1.0,0.03292015567421913,0.06420792639255524,0.27341943979263306,-0.02854262851178646,0.0,-0.004516048356890678,0.06482106447219849,0.2840719521045685,-0.5377708673477173,2.0,0.07157692313194275,0.0645810216665268,0.28521931171417236,0.5331615209579468
1692309423.9972563,"[label: ""height""
size: 3
stride: 15, label: ""width""
size: 5
stride: 5]",0,1.0,0.032957419753074646,0.06428400427103043,0.2741261422634125,-0.07183637470006943,0.0,-0.004516048356890678,0.06482106447219849,0.2840719521045685,-0.5377708673477173,2.0,0.07109931856393814,0.06413359194993973,0.28422605991363525,0.537322998046875
1692309424.0922258,"[label: ""height""
size: 3
stride: 15, label: ""width""
size: 5
stride: 5]",0,1.0,0.033125828951597214,0.06496190279722214,0.27728071808815,-0.0570920892059803,0.0,-0.004545876290649176,0.06530313938856125,0.287158340215683,-0.5205221176147461,2.0,0.07133390754461288,0.06410524994134903,0.28518009185791016,0.534034252166748
1692309424.1914425,"[label: ""height""
size: 3
stride: 15, label: ""width""
size: 5
stride: 5]",0,1.0,0.03279143199324608,0.06447677314281464,0.2763541340827942,-0.056047745048999786,0.0,-0.004678936675190926,0.06548983603715897,0.28803977370262146,-0.527585506439209,2.0,0.07121242582798004,0.06407997012138367,0.28658872842788696,0.5295267701148987
1692309424.293482,"[label: ""height""
size: 3
stride: 15, label: ""width""
size: 5
stride: 5]",0,1.0,0.03266109153628349,0.06418808549642563,0.27719545364379883,-0.058358676731586456,0.0,-0.0047986507415771484,0.06493327766656876,0.2876425087451935,-0.5424239039421082,2.0,0.07123708724975586,0.06417783349752426,0.2886202037334442,0.5241323113441467
1692309424.3921583,"[label: ""height""
size: 3
stride: 15, label: ""width""
size: 5
stride: 5]",0,1.0,0.032957687973976135,0.06441424787044525,0.2789936661720276,-0.08703629672527313,0.0,-0.004595919977873564,0.06543970108032227,0.29089614748954773,-0.5262621641159058,2.0,0.07141872495412827,0.06420374661684036,0.29032084345817566,0.5368203520774841
1692309424.4928508,"[label: ""height""
size: 3
stride: 15, label: ""width""
size: 5
stride: 5]",0,1.0,0.03332239016890526,0.06434490531682968,0.280853807926178,-0.05973256006836891,0.0,-0.0041369907557964325,0.06506437808275223,0.29138216376304626,-0.5498786568641663,2.0,0.07165203988552094,0.06416827440261841,0.2912856340408325,0.5334985852241516
1692309424.5973701,"[label: ""height""
size: 3
stride: 15, label: ""width""
size: 5
stride: 5]",0,1.0,0.034000884741544724,0.0649707168340683,0.28460201621055603,-0.060743410140275955,0.0,-0.0037997516337782145,0.06565099209547043,0.2950613796710968,-0.5185398459434509,2.0,0.07253532856702805,0.06473781913518906,0.29493099451065063,0.5207483172416687
1692309424.6957395,"[label: ""height""
size: 3
stride: 15, label: ""width""
size: 5
stride: 5]",0,1.0,0.03356941044330597,0.06474343687295914,0.2850394546985626,-0.07727297395467758,0.0,-0.003933202940970659,0.0653347373008728,0.2958744466304779,-0.5265302658081055,2.0,0.07179397344589233,0.06427183002233505,0.2938533127307892,0.525564968585968
1692309424.797744,"[label: ""height""
size: 3
stride: 15, label: ""width""
size: 5
stride: 5]",0,1.0,0.0335843600332737,0.06460045278072357,0.2858356535434723,-0.042836207896471024,0.0,-0.0038345896173268557,0.06571777164936066,0.29813840985298157,-0.5258890390396118,2.0,0.07189442962408066,0.06442758440971375,0.29626229405403137,0.5381647944450378
1692309424.897293,"[label: ""height""
size: 3
stride: 15, label: ""width""
size: 5
stride: 5]",0,1.0,0.03374815732240677,0.06466265022754669,0.28842705488204956,-0.06315049529075623,0.0,-0.0036051608622074127,0.06583012640476227,0.3003427982330322,-0.5160744786262512,2.0,0.07226445525884628,0.06437402218580246,0.2988329529762268,0.5294697284698486
1692309425.0020843,"[label: ""height""
size: 3
stride: 15, label: ""width""
size: 5
stride: 5]",0,1.0,0.034098442643880844,0.06497810781002045,0.2914312779903412,-0.06561507284641266,0.0,-0.0034862691536545753,0.06524381786584854,0.29987454414367676,-0.5321667790412903,2.0,0.07239632308483124,0.06445468962192535,0.3009245693683624,0.532131016254425
1692309425.1002295,"[label: ""height""
size: 3
stride: 15, label: ""width""
size: 5
stride: 5]",0,1.0,0.03491445258259773,0.06465725600719452,0.2919662296772003,-0.033194929361343384,0.0,-0.00278035132214427,0.06575386226177216,0.30449411273002625,-0.534551203250885,2.0,0.0734141618013382,0.06455285102128983,0.3031271994113922,0.5241711139678955
1692309425.1964712,"[label: ""height""
size: 3
stride: 15, label: ""width""
size: 5
stride: 5]",0,1.0,0.035701729357242584,0.06469076126813889,0.29400894045829773,-0.08762300759553909,0.0,-0.0017851970624178648,0.06540152430534363,0.3040251135826111,-0.5424973368644714,2.0,0.07395125925540924,0.06398724764585495,0.3027699291706085,0.5339279770851135
1692309425.293834,"[label: ""height""
size: 3
stride: 15, label: ""width""
size: 5
stride: 5]",0,1.0,0.03642856329679489,0.06415162980556488,0.2930118441581726,-0.08163482695817947,0.0,-0.0007871929556131363,0.06532901525497437,0.3053662180900574,-0.5380284786224365,2.0,0.07541947811841965,0.06422539800405502,0.3057568371295929,0.5228156447410583
1692309425.399955,"[label: ""height""
size: 3
stride: 15, label: ""width""
size: 5
stride: 5]",0,1.0,0.03720816597342491,0.06414321064949036,0.29454824328422546,-0.09687096625566483,0.0,-0.00028828595532104373,0.06481897830963135,0.30531638860702515,-0.5399506092071533,2.0,0.0758257582783699,0.0640062540769577,0.30586931109428406,0.5301442742347717
1692309425.5023036,"[label: ""height""
size: 3
stride: 15, label: ""width""
size: 5
stride: 5]",0,1.0,0.0381644032895565,0.0643322616815567,0.2971789240837097,-0.0834314301609993,0.0,0.0007277864497154951,0.06493287533521652,0.30764585733413696,-0.5314367413520813,2.0,0.07645194977521896,0.06355809420347214,0.3048700988292694,0.5229616761207581
1692309425.5970144,"[label: ""height""
size: 3
stride: 15, label: ""width""
size: 5
stride: 5]",0,1.0,0.039666254073381424,0.06404171139001846,0.29812049865722656,-0.04737077280879021,0.0,0.0021333626937121153,0.0650550127029419,0.31002917885780334,-0.5359361171722412,2.0,0.07854928076267242,0.06397625058889389,0.30925774574279785,0.5044076442718506
1692309425.692584,"[label: ""height""
size: 3
stride: 15, label: ""width""
size: 5
stride: 5]",0,1.0,0.040648236870765686,0.064048171043396,0.2981533706188202,-0.046799082309007645,0.0,0.003540003439411521,0.06503338366746902,0.31120356917381287,-0.5476984977722168,2.0,0.0804331973195076,0.06469552963972092,0.31217947602272034,0.5028902292251587
1692309425.7900665,"[label: ""height""
size: 3
stride: 15, label: ""width""
size: 5
stride: 5]",0,1.0,0.04244726523756981,0.06504872441291809,0.3016507029533386,-0.08400529623031616,0.0,0.005037880036979914,0.06502638757228851,0.3098936676979065,-0.5605214834213257,2.0,0.08044058084487915,0.06402647495269775,0.3077419698238373,0.5252140164375305
1692309425.8929021,"[label: ""height""
size: 3
stride: 15, label: ""width""
size: 5
stride: 5]",0,1.0,0.04376755282282829,0.06535989791154861,0.30360889434814453,-0.1588807851076126,0.0,0.006406588014215231,0.06571102142333984,0.31437990069389343,-0.5693133473396301,2.0,0.08251839131116867,0.06463151425123215,0.3118381202220917,0.5095840692520142
1692309426.000528,"[label: ""height""
size: 3
stride: 15, label: ""width""
size: 5
stride: 5]",0,1.0,0.04532444104552269,0.06508274376392365,0.3039394021034241,-0.14508303999900818,0.0,0.00843381229788065,0.06593196094036102,0.3173485994338989,-0.5469887852668762,2.0,0.0851617306470871,0.06524737179279327,0.3160165548324585,0.4924250841140747
1692309426.1020272,"[label: ""height""
size: 3
stride: 15, label: ""width""
size: 5
stride: 5]",0,1.0,0.04700875282287598,0.06463710218667984,0.30590587854385376,-0.1342063844203949,0.0,0.009882382117211819,0.0661008358001709,0.3219568133354187,-0.5563125610351562,2.0,0.08549181371927261,0.06407079845666885,0.31340333819389343,0.4981604218482971
1692309426.1972215,"[label: ""height""
size: 3
stride: 15, label: ""width""
size: 5
stride: 5]",0,1.0,0.048774316906929016,0.06414104998111725,0.3085508346557617,-0.16626587510108948,0.0,0.01171976886689663,0.06502524018287659,0.3218396008014679,-0.5622032284736633,2.0,0.08825589716434479,0.06403937190771103,0.31833139061927795,0.48926863074302673
1692309426.3006878,"[label: ""height""
size: 3
stride: 15, label: ""width""
size: 5
stride: 5]",0,1.0,0.04986567050218582,0.06358406692743301,0.3087785840034485,-0.12395110726356506,0.0,0.012910732068121433,0.06498288363218307,0.3249270021915436,-0.5475966334342957,2.0,0.08964738994836807,0.06382144242525101,0.32054010033607483,0.48097237944602966
1692309426.3984694,"[label: ""height""
size: 3
stride: 15, label: ""width""
size: 5
stride: 5]",0,1.0,0.052018534392118454,0.06383959949016571,0.31007352471351624,-0.08572795242071152,0.0,0.015497821383178234,0.0654006376862526,0.32626980543136597,-0.5636541247367859,2.0,0.09081690013408661,0.06348978728055954,0.31817731261253357,0.484435498714447
1692309426.5035949,"[label: ""height""
size: 3
stride: 15, label: ""width""
size: 5
stride: 5]",0,1.0,0.05322333052754402,0.06473145633935928,0.31359878182411194,-0.11818339675664902,0.0,0.016325466334819794,0.06553702801465988,0.32700610160827637,-0.5922995805740356,2.0,0.09283038228750229,0.06471453607082367,0.3229852318763733,0.45659685134887695
1692309426.6005702,"[label: ""height""
size: 3
stride: 15, label: ""width""
size: 5
stride: 5]",0,1.0,0.054568711668252945,0.06489258259534836,0.3162529170513153,-0.127730131149292,0.0,0.017364146187901497,0.06516293436288834,0.32648342847824097,-0.6006107330322266,2.0,0.09496575593948364,0.06547243148088455,0.32812467217445374,0.44866710901260376
1692309426.7022884,"[label: ""height""
size: 3
stride: 15, label: ""width""
size: 5
stride: 5]",0,1.0,0.055722612887620926,0.06452035158872604,0.31708788871765137,-0.16265349090099335,0.0,0.01902705617249012,0.06571649760007858,0.331964910030365,-0.6053169965744019,2.0,0.09577906131744385,0.06485304236412048,0.32767221331596375,0.4592382609844208
1692309426.799903,"[label: ""height""
size: 3
stride: 15, label: ""width""
size: 5
stride: 5]",0,1.0,0.05725887417793274,0.06457867473363876,0.32116061449050903,-0.12964895367622375,0.0,0.02018425427377224,0.0653643012046814,0.3350750803947449,-0.5789663791656494,2.0,0.0972120463848114,0.06478524953126907,0.33075645565986633,0.44733884930610657
1692309426.9016864,"[label: ""height""
size: 3
stride: 15, label: ""width""
size: 5
stride: 5]",0,1.0,0.057412464171648026,0.06432045251131058,0.32061946392059326,-0.1463734656572342,0.0,0.020834999158978462,0.06528812646865845,0.3346562683582306,-0.5981994271278381,2.0,0.09711314737796783,0.06435955315828323,0.3299373686313629,0.46228697896003723
1692309426.999908,"[label: ""height""
size: 3
stride: 15, label: ""width""
size: 5
stride: 5]",0,1.0,0.05851568654179573,0.06420551985502243,0.3228723108768463,-0.10711892694234848,0.0,0.021761976182460785,0.06493417918682098,0.3363519608974457,-0.6240970492362976,2.0,0.09861767292022705,0.06439458578824997,0.3336855471134186,0.45974212884902954
1692309427.0929227,"[label: ""height""
size: 3
stride: 15, label: ""width""
size: 5
stride: 5]",0,1.0,0.05943514406681061,0.0642017349600792,0.3239407241344452,-0.18364238739013672,0.0,0.023347890004515648,0.0661681517958641,0.34491443634033203,-0.5686952471733093,2.0,0.0997624322772026,0.06438568979501724,0.335719496011734,0.4513695240020752
1692309427.1926608,"[label: ""height""
size: 3
stride: 15, label: ""width""
size: 5
stride: 5]",0,1.0,0.06068241596221924,0.06420894712209702,0.3269232511520386,-0.1526356041431427,0.0,0.02422161214053631,0.06489987671375275,0.3397863805294037,-0.613556444644928,2.0,0.10070297122001648,0.06400926411151886,0.3351868987083435,0.45250245928764343
1692309427.2944458,"[label: ""height""
size: 3
stride: 15, label: ""width""
size: 5
stride: 5]",0,1.0,0.06190403550863266,0.06390806287527084,0.3263338804244995,-0.16092897951602936,0.0,0.025930728763341904,0.06573127955198288,0.3456454277038574,-0.6053076982498169,2.0,0.10216406732797623,0.06437768787145615,0.33778902888298035,0.430748850107193
1692309427.3918407,"[label: ""height""
size: 3
stride: 15, label: ""width""
size: 5
stride: 5]",0,1.0,0.06262708455324173,0.0640895888209343,0.3293827772140503,-0.15282319486141205,0.0,0.026202958077192307,0.06514351069927216,0.3455151915550232,-0.6062139272689819,2.0,0.10285455733537674,0.06448369473218918,0.34054675698280334,0.4325050115585327
1692309427.4935355,"[label: ""height""
size: 3
stride: 15, label: ""width""
size: 5
stride: 5]",0,1.0,0.06326164305210114,0.06494688242673874,0.3340783417224884,-0.1387670338153839,0.0,0.02664180099964142,0.0664910152554512,0.35113897919654846,-0.6116341948509216,2.0,0.10318668931722641,0.06518656015396118,0.3435378968715668,0.4244768023490906
1692309427.5923052,"[label: ""height""
size: 3
stride: 15, label: ""width""
size: 5
stride: 5]",0,1.0,0.06352212280035019,0.06460324674844742,0.3342674672603607,-0.19369614124298096,0.0,0.027210349217057228,0.06590371578931808,0.3510698080062866,-0.6138325333595276,2.0,0.10347089916467667,0.06454180926084518,0.3430614769458771,0.43680712580680847
1692309427.69375,"[label: ""height""
size: 3
stride: 15, label: ""width""
size: 5
stride: 5]",0,1.0,0.064335398375988,0.06441215425729752,0.33620232343673706,-0.15924762189388275,0.0,0.02818334847688675,0.06576883047819138,0.35418474674224854,-0.6154648065567017,2.0,0.10448453575372696,0.06446913629770279,0.3464559018611908,0.42503365874290466
1692309427.7889438,"[label: ""height""
size: 3
stride: 15, label: ""width""
size: 5
stride: 5]",0,1.0,0.06443268805742264,0.06347109377384186,0.3346650302410126,-0.1810491383075714,0.0,0.028865182772278786,0.06527825444936752,0.355386883020401,-0.6134982109069824,2.0,0.10562353581190109,0.06419380009174347,0.34882113337516785,0.4291076958179474
1692309427.891918,"[label: ""height""
size: 3
stride: 15, label: ""width""
size: 5
stride: 5]",0,1.0,0.06627704203128815,0.06403274834156036,0.3399839699268341,-0.20256197452545166,0.0,0.030025403946638107,0.06469208747148514,0.3553631007671356,-0.6173275709152222,2.0,0.10718385130167007,0.0645783394575119,0.3516400456428528,0.40584850311279297
1692309427.9896672,"[label: ""height""
size: 3
stride: 15, label: ""width""
size: 5
stride: 5]",0,1.0,0.0663212388753891,0.06392913311719894,0.34001755714416504,-0.16187487542629242,0.0,0.030271850526332855,0.06489619612693787,0.35656774044036865,-0.6285176873207092,2.0,0.10757746547460556,0.0646313950419426,0.3519589304924011,0.42839115858078003
1692309428.0943117,"[label: ""height""
size: 3
stride: 15, label: ""width""
size: 5
stride: 5]",0,1.0,0.06700418144464493,0.06495711952447891,0.3448476791381836,-0.13991349935531616,2.0,0.10707183182239532,0.06474778056144714,0.3526593744754791,0.4393187463283539,0.0,0.030740173533558846,0.0661611258983612,0.36183130741119385,-0.6041392087936401
1692309428.1918867,"[label: ""height""
size: 3
stride: 15, label: ""width""
size: 5
stride: 5]",0,1.0,0.06700418144464493,0.06495711952447891,0.3448476791381836,-0.13991349935531616,0.0,0.030834460631012917,0.06606808304786682,0.3612928092479706,-0.623196542263031,2.0,0.10643463581800461,0.06463658064603806,0.3519899845123291,0.4302574098110199
1692309428.2961373,"[label: ""height""
size: 3
stride: 15, label: ""width""
size: 5
stride: 5]",0,1.0,0.06703478842973709,0.06475445628166199,0.34530898928642273,-0.2062622606754303,2.0,0.10807117074728012,0.06535407900810242,0.35745295882225037,0.41255754232406616,0.0,0.03144000843167305,0.06684726476669312,0.36646488308906555,-0.6151891350746155
1692309428.3942237,"[label: ""height""
size: 3
stride: 15, label: ""width""
size: 5
stride: 5]",0,1.0,0.06707097589969635,0.0643763467669487,0.3454068899154663,-0.1882137656211853,0.0,0.03172777593135834,0.06622586399316788,0.3663325011730194,-0.6161113977432251,2.0,0.1081324890255928,0.06488014757633209,0.3581327795982361,0.4229769706726074
1692309428.494317,"[label: ""height""
size: 3
stride: 15, label: ""width""
size: 5
stride: 5]",0,1.0,0.06706657260656357,0.06366369128227234,0.34522056579589844,-0.1533707231283188,0.0,0.031717970967292786,0.06560775637626648,0.36622413992881775,-0.6166692972183228,2.0,0.10811177641153336,0.0642818883061409,0.3580634891986847,0.42318928241729736
1692309428.590201,"[label: ""height""
size: 3
stride: 15, label: ""width""
size: 5
stride: 5]",0,1.0,0.06839797645807266,0.06402093917131424,0.35054776072502136,-0.14560098946094513,0.0,0.03260616213083267,0.06558148562908173,0.37107083201408386,-0.6132771372795105,2.0,0.10782843083143234,0.06361857056617737,0.35758939385414124,0.4369504451751709
1692309428.6948082,"[label: ""height""
size: 3
stride: 15, label: ""width""
size: 5
stride: 5]",0,1.0,0.06961265206336975,0.06398295611143112,0.35458484292030334,-0.14270798861980438,0.0,0.03301548585295677,0.06504257023334503,0.36895647644996643,-0.6251742839813232,2.0,0.1098300963640213,0.06434161216020584,0.3632924556732178,0.4186975061893463
1692309428.7918675,"[label: ""height""
size: 3
stride: 15, label: ""width""
size: 5
stride: 5]",0,1.0,0.06957416981458664,0.06387150287628174,0.35300523042678833,-0.176545649766922,0.0,0.033775005489587784,0.06516963988542557,0.37226513028144836,-0.627727746963501,2.0,0.11038433015346527,0.06440280377864838,0.36366966366767883,0.40406423807144165
1692309428.896197,"[label: ""height""
size: 3
stride: 15, label: ""width""
size: 5
stride: 5]",0,1.0,0.06961265206336975,0.06398295611143112,0.35458484292030334,-0.14270798861980438,2.0,0.1098300963640213,0.06434161216020584,0.3632924556732178,0.4186975061893463,0.0,0.03362056985497475,0.06591979414224625,0.37386763095855713,-0.6219691634178162
1692309428.993246,"[label: ""height""
size: 3
stride: 15, label: ""width""
size: 5
stride: 5]",0,1.0,0.0698249563574791,0.0649409145116806,0.3565954566001892,-0.20143058896064758,0.0,0.03378528356552124,0.06579729169607162,0.3723739981651306,-0.6271867752075195,2.0,0.11053068935871124,0.06507992744445801,0.36663222312927246,0.40919867157936096
1692309429.094574,"[label: ""height""
size: 3
stride: 15, label: ""width""
size: 5
stride: 5]",0,1.0,0.06887194514274597,0.06450390815734863,0.3540858030319214,-0.2310847043991089,0.0,0.03374871984124184,0.06674087047576904,0.3769453167915344,-0.6234036684036255,2.0,0.11067572236061096,0.0656866654753685,0.36913996934890747,0.40104806423187256
1692309429.1926146,"[label: ""height""
size: 3
stride: 15, label: ""width""
size: 5
stride: 5]",0,1.0,0.07039694488048553,0.06542587280273438,0.3601694107055664,-0.1817612648010254,0.0,0.033907901495695114,0.0664791613817215,0.3753557801246643,-0.6312233209609985,2.0,0.10996850579977036,0.06501566618680954,0.36623865365982056,0.4238700568675995
1692309429.2944427,"[label: ""height""
size: 3
stride: 15, label: ""width""
size: 5
stride: 5]",0,1.0,0.0698288306593895,0.06479322910308838,0.3563757836818695,-0.14846743643283844,0.0,0.034321948885917664,0.06682201474905014,0.3781774938106537,-0.6383435130119324,2.0,0.11033513396978378,0.06513131409883499,0.36695215106010437,0.433748334646225
1692309429.3920887,"[label: ""height""
size: 3
stride: 15, label: ""width""
size: 5
stride: 5]",0,1.0,0.0707203671336174,0.06542225182056427,0.3624838590621948,-0.16196011006832123,0.0,0.03438019007444382,0.06662255525588989,0.3787938356399536,-0.6335468292236328,2.0,0.11065685003995895,0.06507156789302826,0.3690764009952545,0.4012388288974762
1692309429.4952686,"[label: ""height""
size: 3
stride: 15, label: ""width""
size: 5
stride: 5]",0,1.0,0.0707203671336174,0.06542225182056427,0.3624838590621948,-0.16196011006832123,2.0,0.11075560003519058,0.06520453095436096,0.36990272998809814,0.41185036301612854,0.0,0.03431157022714615,0.0661846175789833,0.3780673146247864,-0.638873279094696
1692309429.592174,"[label: ""height""
size: 3
stride: 15, label: ""width""
size: 5
stride: 5]",0,1.0,0.06989018619060516,0.0644388496875763,0.3590889275074005,-0.18631620705127716,0.0,0.03471352532505989,0.06677217781543732,0.38232818245887756,-0.6188178658485413,2.0,0.11149581521749496,0.06527695059776306,0.37289318442344666,0.41634151339530945
1692309429.6950462,"[label: ""height""
size: 3
stride: 15, label: ""width""
size: 5
stride: 5]",0,1.0,0.07010899484157562,0.06481468677520752,0.3624001145362854,-0.16343240439891815,2.0,0.10985690355300903,0.06451886892318726,0.3694041967391968,0.4272671341896057,0.0,0.034074652940034866,0.06612255424261093,0.38218259811401367,-0.6176819801330566
1692309429.791608,"[label: ""height""
size: 3
stride: 15, label: ""width""
size: 5
stride: 5]",0,1.0,0.07009232044219971,0.06438183039426804,0.362263560295105,-0.1533687561750412,0.0,0.0341724157333374,0.06602964550256729,0.38160982728004456,-0.6373575329780579,2.0,0.1105819046497345,0.06466647982597351,0.37289899587631226,0.4179862141609192
1692309429.8925052,"[label: ""height""
size: 3
stride: 15, label: ""width""
size: 5
stride: 5]",0,1.0,0.07004955410957336,0.06409862637519836,0.3623546063899994,-0.22485098242759705,0.0,0.0345924086868763,0.06604570895433426,0.38437071442604065,-0.6075244545936584,2.0,0.11101678013801575,0.06443937867879868,0.37333953380584717,0.4143097698688507
1692309429.9923368,"[label: ""height""
size: 3
stride: 15, label: ""width""
size: 5
stride: 5]",0,1.0,0.0700947567820549,0.06379156559705734,0.36228084564208984,-0.1544530689716339,0.0,0.034692782908678055,0.0654846727848053,0.3821083605289459,-0.6199222207069397,2.0,0.11085006594657898,0.0640360414981842,0.372773140668869,0.41768038272857666
1692309430.094327,"[label: ""height""
size: 3
stride: 15, label: ""width""
size: 5
stride: 5]",0,1.0,0.0700947567820549,0.06379156559705734,0.36228084564208984,-0.1544530689716339,0.0,0.03478197380900383,0.0660610944032669,0.386396199464798,-0.5973208546638489,2.0,0.11056217551231384,0.06404491513967514,0.3728318214416504,0.41818904876708984
1692309430.1924124,"[label: ""height""
size: 3
stride: 15, label: ""width""
size: 5
stride: 5]",0,1.0,0.07041090726852417,0.06392071396112442,0.36637285351753235,-0.1793074756860733,0.0,0.03427155315876007,0.06540429592132568,0.3843023180961609,-0.6077960729598999,2.0,0.1103905439376831,0.06381956487894058,0.37328794598579407,0.41544100642204285
1692309430.294647,"[label: ""height""
size: 3
stride: 15, label: ""width""
size: 5
stride: 5]",0,1.0,0.07037154585123062,0.06397687643766403,0.36596912145614624,-0.14189006388187408,0.0,0.034054480493068695,0.06483627110719681,0.3819650411605835,-0.6187711954116821,2.0,0.11098591238260269,0.06402317434549332,0.3753180503845215,0.40958502888679504
1692309430.4024608,"[label: ""height""
size: 3
stride: 15, label: ""width""
size: 5
stride: 5]",0,1.0,0.07009713351726532,0.06320120394229889,0.362297922372818,-0.15555070340633392,2.0,0.11130911111831665,0.0640314519405365,0.3753725588321686,0.40919384360313416,0.0,0.03462107107043266,0.0650099590420723,0.38306906819343567,-0.6322775483131409
1692309430.493917,"[label: ""height""
size: 3
stride: 15, label: ""width""
size: 5
stride: 5]",0,1.0,0.0706607922911644,0.0636516883969307,0.3659312129020691,-0.12936227023601532,2.0,0.11098591238260269,0.06402317434549332,0.3753180503845215,0.40958502888679504,0.0,0.03415220230817795,0.06474519520998001,0.38139215111732483,-0.6384170651435852
1692309430.5918381,"[label: ""height""
size: 3
stride: 15, label: ""width""
size: 5
stride: 5]",0,1.0,0.07086245715618134,0.06408367305994034,0.36772727966308594,-0.13831907510757446,2.0,0.11022458225488663,0.06341709941625595,0.37272095680236816,0.4188176393508911,0.0,0.03415220230817795,0.06474519520998001,0.38139215111732483,-0.6384170651435852
1692309430.6925082,"[label: ""height""
size: 3
stride: 15, label: ""width""
size: 5
stride: 5]",0,1.0,0.07086245715618134,0.06408367305994034,0.36772727966308594,-0.13831907510757446,2.0,0.11022458225488663,0.06341709941625595,0.37272095680236816,0.4188176393508911,0.0,0.03415220230817795,0.06474519520998001,0.38139215111732483,-0.6384170651435852
1692309430.7922926,"[label: ""height""
size: 3
stride: 15, label: ""width""
size: 5
stride: 5]",0,1.0,0.07086245715618134,0.06408367305994034,0.36772727966308594,-0.13831907510757446,2.0,0.11022458225488663,0.06341709941625595,0.37272095680236816,0.4188176393508911,0.0,0.03415220230817795,0.06474519520998001,0.38139215111732483,-0.6384170651435852
1692309430.8939002,"[label: ""height""
size: 3
stride: 15, label: ""width""
size: 5
stride: 5]",0,1.0,0.07086245715618134,0.06408367305994034,0.36772727966308594,-0.13831907510757446,2.0,0.11022458225488663,0.06341709941625595,0.37272095680236816,0.4188176393508911,0.0,0.03415220230817795,0.06474519520998001,0.38139215111732483,-0.6384170651435852
1692309430.9912264,"[label: ""height""
size: 3
stride: 15, label: ""width""
size: 5
stride: 5]",0,1.0,0.07086245715618134,0.06408367305994034,0.36772727966308594,-0.13831907510757446,2.0,0.11098591238260269,0.06402317434549332,0.3753180503845215,0.40958502888679504,0.0,0.03415220230817795,0.06474519520998001,0.38139215111732483,-0.6384170651435852
1692309431.092375,"[label: ""height""
size: 3
stride: 15, label: ""width""
size: 5
stride: 5]",0,1.0,0.07086245715618134,0.06408367305994034,0.36772727966308594,-0.13831907510757446,2.0,0.11098591238260269,0.06402317434549332,0.3753180503845215,0.40958502888679504,0.0,0.03415220230817795,0.06474519520998001,0.38139215111732483,-0.6384170651435852
1692309431.190475,"[label: ""height""
size: 3
stride: 15, label: ""width""
size: 5
stride: 5]",0,1.0,0.07086245715618134,0.06408367305994034,0.36772727966308594,-0.13831907510757446,2.0,0.11022458225488663,0.06341709941625595,0.37272095680236816,0.4188176393508911,0.0,0.03415220230817795,0.06474519520998001,0.38139215111732483,-0.6384170651435852
1692309431.2927213,"[label: ""height""
size: 3
stride: 15, label: ""width""
size: 5
stride: 5]",0,1.0,0.07086245715618134,0.06408367305994034,0.36772727966308594,-0.13831907510757446,0.0,0.03415220230817795,0.06474519520998001,0.38139215111732483,-0.6384170651435852,2.0,0.11098591238260269,0.06402317434549332,0.3753180503845215,0.40958502888679504
1692309431.39094,"[label: ""height""
size: 3
stride: 15, label: ""width""
size: 5
stride: 5]",0,1.0,0.07086245715618134,0.06408367305994034,0.36772727966308594,-0.13831907510757446,2.0,0.11098591238260269,0.06402317434549332,0.3753180503845215,0.40958502888679504,0.0,0.03415220230817795,0.06474519520998001,0.38139215111732483,-0.6384170651435852
1692309431.492889,"[label: ""height""
size: 3
stride: 15, label: ""width""
size: 5
stride: 5]",0,1.0,0.07086245715618134,0.06408367305994034,0.36772727966308594,-0.13831907510757446,0.0,0.03415220230817795,0.06474519520998001,0.38139215111732483,-0.6384170651435852,2.0,0.11098591238260269,0.06402317434549332,0.3753180503845215,0.40958502888679504
1692309431.590536,"[label: ""height""
size: 3
stride: 15, label: ""width""
size: 5
stride: 5]",0,1.0,0.07086245715618134,0.06408367305994034,0.36772727966308594,-0.13831907510757446,0.0,0.03415220230817795,0.06474519520998001,0.38139215111732483,-0.6384170651435852,2.0,0.11098591238260269,0.06402317434549332,0.3753180503845215,0.40958502888679504
1692309431.6922257,"[label: ""height""
size: 3
stride: 15, label: ""width""
size: 5
stride: 5]",0,1.0,0.07086245715618134,0.06408367305994034,0.36772727966308594,-0.13831907510757446,0.0,0.03415220230817795,0.06474519520998001,0.38139215111732483,-0.6384170651435852,2.0,0.11098591238260269,0.06402317434549332,0.3753180503845215,0.40958502888679504
1692309431.7902153,"[label: ""height""
size: 3
stride: 15, label: ""width""
size: 5
stride: 5]",0,1.0,0.07086245715618134,0.06408367305994034,0.36772727966308594,-0.13831907510757446,2.0,0.11022458225488663,0.06341709941625595,0.37272095680236816,0.4188176393508911,0.0,0.03415220230817795,0.06474519520998001,0.38139215111732483,-0.6384170651435852
1692309431.8939214,"[label: ""height""
size: 3
stride: 15, label: ""width""
size: 5
stride: 5]",0,1.0,0.07086245715618134,0.06408367305994034,0.36772727966308594,-0.13831907510757446,2.0,0.11022458225488663,0.06341709941625595,0.37272095680236816,0.4188176393508911,0.0,0.03415220230817795,0.06474519520998001,0.38139215111732483,-0.6384170651435852
1692309431.9913485,"[label: ""height""
size: 3
stride: 15, label: ""width""
size: 5
stride: 5]",0,1.0,0.07086245715618134,0.06408367305994034,0.36772727966308594,-0.13831907510757446,2.0,0.11022458225488663,0.06341709941625595,0.37272095680236816,0.4188176393508911,0.0,0.03415220230817795,0.06474519520998001,0.38139215111732483,-0.6384170651435852
1692309432.0930972,"[label: ""height""
size: 3
stride: 15, label: ""width""
size: 5
stride: 5]",0,1.0,0.07086245715618134,0.06408367305994034,0.36772727966308594,-0.13831907510757446,0.0,0.03415220230817795,0.06474519520998001,0.38139215111732483,-0.6384170651435852,2.0,0.11098591238260269,0.06402317434549332,0.3753180503845215,0.40958502888679504
1692309432.190597,"[label: ""height""
size: 3
stride: 15, label: ""width""
size: 5
stride: 5]",0,1.0,0.06948689371347427,0.06318686902523041,0.3622107207775116,-0.15542753040790558,2.0,0.11107873916625977,0.0641515925526619,0.3761446475982666,0.42043110728263855,0.0,0.034054480493068695,0.06483627110719681,0.3819650411605835,-0.6187711954116821
1692309432.2924464,"[label: ""height""
size: 3
stride: 15, label: ""width""
size: 5
stride: 5]",0,1.0,0.07099144160747528,0.06440339237451553,0.36852753162384033,-0.17035849392414093,2.0,0.11098591238260269,0.06402317434549332,0.3753180503845215,0.40958502888679504,0.0,0.03415220230817795,0.06474519520998001,0.38139215111732483,-0.6384170651435852
1692309432.3899767,"[label: ""height""
size: 3
stride: 15, label: ""width""
size: 5
stride: 5]",0,1.0,0.07015260308980942,0.06344222277402878,0.36268723011016846,-0.18009136617183685,2.0,0.11130911111831665,0.0640314519405365,0.3753725588321686,0.40919384360313416,0.0,0.03462107107043266,0.0650099590420723,0.38306906819343567,-0.6322775483131409
1692309432.4929776,"[label: ""height""
size: 3
stride: 15, label: ""width""
size: 5
stride: 5]",0,1.0,0.07009713351726532,0.06320120394229889,0.362297922372818,-0.15555070340633392,2.0,0.11169020086526871,0.06414936482906342,0.3761301636695862,0.4194897413253784,0.0,0.034682534635066986,0.06484168767929077,0.38199976086616516,-0.6204656362533569
1692309432.591778,"[label: ""height""
size: 3
stride: 15, label: ""width""
size: 5
stride: 5]",0,1.0,0.07015260308980942,0.06344222277402878,0.36268723011016846,-0.18009136617183685,2.0,0.11127416789531708,0.06409776955842972,0.37579581141471863,0.3946519196033478,0.0,0.03436480835080147,0.06483378261327744,0.38194215297698975,-0.619131326675415
1692309432.6943336,"[label: ""height""
size: 3
stride: 15, label: ""width""
size: 5
stride: 5]",0,1.0,0.07099144160747528,0.06440339237451553,0.36852753162384033,-0.17035849392414093,2.0,0.11098591238260269,0.06402317434549332,0.3753180503845215,0.40958502888679504,0.0,0.03415220230817795,0.06474519520998001,0.38139215111732483,-0.6384170651435852
1692309432.7904994,"[label: ""height""
size: 3
stride: 15, label: ""width""
size: 5
stride: 5]",0,1.0,0.06953857839107513,0.06342490017414093,0.36258262395858765,-0.17973540723323822,0.0,0.03427155315876007,0.06540429592132568,0.3843023180961609,-0.6077960729598999,2.0,0.11107873916625977,0.0641515925526619,0.3761446475982666,0.42043110728263855
1692309432.8938324,"[label: ""height""
size: 3
stride: 15, label: ""width""
size: 5
stride: 5]",0,1.0,0.07037154585123062,0.06397687643766403,0.36596912145614624,-0.14189006388187408,0.0,0.034365762025117874,0.06530462950468063,0.38368457555770874,-0.628143846988678,2.0,0.11098591238260269,0.06402317434549332,0.3753180503845215,0.40958502888679504
1692309432.9919114,"[label: ""height""
size: 3
stride: 15, label: ""width""
size: 5
stride: 5]",0,1.0,0.06950850784778595,0.06371020525693893,0.36252361536026,-0.20228564739227295,0.0,0.03427155315876007,0.06540429592132568,0.3843023180961609,-0.6077960729598999,2.0,0.11045567691326141,0.06393207609653473,0.37401798367500305,0.4264015555381775
1692309433.093125,"[label: ""height""
size: 3
stride: 15, label: ""width""
size: 5
stride: 5]",0,1.0,0.07003267109394073,0.0643889531493187,0.3659861385822296,-0.19057214260101318,0.0,0.03393068537116051,0.06596364825963974,0.3857932686805725,-0.6159191727638245,2.0,0.10991259664297104,0.06410828232765198,0.37323832511901855,0.40502193570137024
1692309433.1925879,"[label: ""height""
size: 3
stride: 15, label: ""width""
size: 5
stride: 5]",0,1.0,0.06963174045085907,0.0646645724773407,0.3675937056541443,-0.13883617520332336,0.0,0.032907646149396896,0.06537563353776932,0.38142770528793335,-0.6345309615135193,2.0,0.10930569469928741,0.06411043554544449,0.3732523024082184,0.4059496223926544
1692309433.2925923,"[label: ""height""
size: 3
stride: 15, label: ""width""
size: 5
stride: 5]",0,1.0,0.06912270188331604,0.06495683640241623,0.368221253156662,-0.17008544504642487,0.0,0.03228050842881203,0.0653698593378067,0.3813912570476532,-0.6328570246696472,2.0,0.10917435586452484,0.06465533375740051,0.3754275143146515,0.4121983051300049
1692309433.3905928,"[label: ""height""
size: 3
stride: 15, label: ""width""
size: 5
stride: 5]",0,1.0,0.06765414029359818,0.0643240213394165,0.36191895604133606,-0.15282340347766876,0.0,0.03217991814017296,0.0660804733633995,0.3838145434856415,-0.6193050146102905,2.0,0.10865207761526108,0.06456304341554642,0.37413308024406433,0.42904114723205566
1692309433.4925933,"[label: ""height""
size: 3
stride: 15, label: ""width""
size: 5
stride: 5]",0,1.0,0.06765414029359818,0.0643240213394165,0.36191895604133606,-0.15282340347766876,0.0,0.031662825495004654,0.066006138920784,0.3814629018306732,-0.6306612491607666,2.0,0.1081119254231453,0.06473759561777115,0.3733506202697754,0.40759626030921936
1692309433.5922344,"[label: ""height""
size: 3
stride: 15, label: ""width""
size: 5
stride: 5]",0,1.0,0.06761062145233154,0.06444010138511658,0.36194050312042236,-0.2075604647397995,2.0,0.10844547301530838,0.06466667354106903,0.37289872765541077,0.4212416708469391,0.0,0.031872328370809555,0.0660972073674202,0.38201668858528137,-0.6113072037696838
1692309433.693364,"[label: ""height""
size: 3
stride: 15, label: ""width""
size: 5
stride: 5]",0,1.0,0.06766189634799957,0.06475187093019485,0.3620210289955139,-0.1647445410490036,0.0,0.03156480938196182,0.0659523606300354,0.37847986817359924,-0.6260178685188293,2.0,0.10745588690042496,0.06452859938144684,0.3694654703140259,0.4310675263404846
1692309433.7929718,"[label: ""height""
size: 3
stride: 15, label: ""width""
size: 5
stride: 5]",0,1.0,0.06765218079090118,0.06491399556398392,0.36190372705459595,-0.1517685353755951,0.0,0.03125718608498573,0.06595516949892044,0.37850311398506165,-0.6256775856018066,2.0,0.10752610117197037,0.06464838981628418,0.37022095918655396,0.44171684980392456
1692309433.8998463,"[label: ""height""
size: 3
stride: 15, label: ""width""
size: 5
stride: 5]",0,1.0,0.06675062328577042,0.06451640278100967,0.35960209369659424,-0.1856793761253357,0.0,0.031571317464113235,0.06674351543188095,0.38215023279190063,-0.6104118227958679,2.0,0.1081322655081749,0.06536079198122025,0.3734216094017029,0.4073754549026489
1692309433.999382,"[label: ""height""
size: 3
stride: 15, label: ""width""
size: 5
stride: 5]",0,1.0,0.0670010894536972,0.06501638889312744,0.3618418574333191,-0.20546285808086395,0.0,0.030943211168050766,0.06673775613307953,0.3821144998073578,-0.6087427139282227,2.0,0.10785901546478271,0.06529107689857483,0.37298229336738586,0.42198002338409424
1692309434.0996292,"[label: ""height""
size: 3
stride: 15, label: ""width""
size: 5
stride: 5]",0,1.0,0.06705073267221451,0.06532781571149826,0.36191996932029724,-0.16389204561710358,0.0,0.030644163489341736,0.06658702343702316,0.3785753548145294,-0.6234850287437439,2.0,0.10694486647844315,0.06526901572942734,0.370307594537735,0.4424809217453003
1692309434.19254,"[label: ""height""
size: 3
stride: 15, label: ""width""
size: 5
stride: 5]",0,1.0,0.06614258140325546,0.06508632749319077,0.35949262976646423,-0.18413439393043518,0.0,0.03038172982633114,0.0663643330335617,0.3772231936454773,-0.6115898489952087,2.0,0.10654746741056442,0.06522148102521896,0.3700088560581207,0.41839686036109924
1692309434.3018045,"[label: ""height""
size: 3
stride: 15, label: ""width""
size: 5
stride: 5]",0,1.0,0.06643331795930862,0.0654747411608696,0.3617181181907654,-0.15038911998271942,0.0,0.030329562723636627,0.06657811254262924,0.37851482629776,-0.6221569180488586,2.0,0.10654746741056442,0.06522148102521896,0.3700088560581207,0.41839686036109924
1692309434.3990736,"[label: ""height""
size: 3
stride: 15, label: ""width""
size: 5
stride: 5]",0,1.0,0.06565681844949722,0.06462953984737396,0.3561200499534607,-0.19334635138511658,0.0,0.03068857640028,0.06715837121009827,0.3808678984642029,-0.5958719849586487,2.0,0.10658949613571167,0.06515676528215408,0.36960822343826294,0.43236711621284485
1692309434.5045974,"[label: ""height""
size: 3
stride: 15, label: ""width""
size: 5
stride: 5]",0,1.0,0.06700382381677628,0.06561030447483063,0.36184895038604736,-0.20376986265182495,0.0,0.03068857640028,0.06715837121009827,0.3808678984642029,-0.5958719849586487,2.0,0.10787893086671829,0.06591352820396423,0.37305185198783875,0.4217672646045685
1692309434.5994067,"[label: ""height""
size: 3
stride: 15, label: ""width""
size: 5
stride: 5]",0,1.0,0.06694356352090836,0.06561484932899475,0.36120858788490295,-0.13322094082832336,0.0,0.030558286234736443,0.0670274868607521,0.3793218731880188,-0.6008710861206055,2.0,0.10616006702184677,0.06514780223369598,0.3670550584793091,0.44045016169548035
1692309434.7035117,"[label: ""height""
size: 3
stride: 15, label: ""width""
size: 5
stride: 5]",0,1.0,0.06694356352090836,0.06561484932899475,0.36120858788490295,-0.13322094082832336,0.0,0.030205555260181427,0.06644286215305328,0.37513402104377747,-0.6212206482887268,2.0,0.10616006702184677,0.06514780223369598,0.3670550584793091,0.44045016169548035
1692309434.7977529,"[label: ""height""
size: 3
stride: 15, label: ""width""
size: 5
stride: 5]",0,1.0,0.06568395346403122,0.06493014842271805,0.35616427659988403,-0.17092753946781158,0.0,0.030140023678541183,0.06662751734256744,0.376250684261322,-0.6323142051696777,2.0,0.10651008784770966,0.06563310325145721,0.36881741881370544,0.4217585027217865
1692309434.9006789,"[label: ""height""
size: 3
stride: 15, label: ""width""
size: 5
stride: 5]",0,1.0,0.06568395346403122,0.06493014842271805,0.35616427659988403,-0.17092753946781158,0.0,0.030140023678541183,0.06662751734256744,0.376250684261322,-0.6323142051696777,2.0,0.10689429938793182,0.0657639428973198,0.36961621046066284,0.4316288232803345
1692309435.0010288,"[label: ""height""
size: 3
stride: 15, label: ""width""
size: 5
stride: 5]",0,1.0,0.06634033471345901,0.06560490280389786,0.3611495792865753,-0.13389863073825836,0.0,0.029588907957077026,0.06643678992986679,0.37509697675704956,-0.6195671558380127,2.0,0.10656747221946716,0.0658392533659935,0.37007901072502136,0.41818609833717346
1692309435.1023307,"[label: ""height""
size: 3
stride: 15, label: ""width""
size: 5
stride: 5]",0,1.0,0.06644004583358765,0.06590351462364197,0.3618195652961731,-0.16301916539669037,2.0,0.10656747221946716,0.0658392533659935,0.37007901072502136,0.41818609833717346,0.0,0.029588907957077026,0.06643678992986679,0.37509697675704956,-0.6195671558380127
1692309435.2015738,"[label: ""height""
size: 3
stride: 15, label: ""width""
size: 5
stride: 5]",0,1.0,0.06634033471345901,0.06560490280389786,0.3611495792865753,-0.13389863073825836,2.0,0.10656747221946716,0.0658392533659935,0.37007901072502136,0.41818609833717346,0.0,0.029588907957077026,0.06643678992986679,0.37509697675704956,-0.6195671558380127
1692309435.3026998,"[label: ""height""
size: 3
stride: 15, label: ""width""
size: 5
stride: 5]",0,1.0,0.06508282572031021,0.06491323560476303,0.3560665249824524,-0.17056076228618622,0.0,0.029613258317112923,0.0673041120171547,0.3791508972644806,-0.6001346111297607,2.0,0.10629381984472275,0.06576652079820633,0.3696320950984955,0.432587206363678
1692309435.3926373,"[label: ""height""
size: 3
stride: 15, label: ""width""
size: 5
stride: 5]",0,1.0,0.06500311195850372,0.06480150669813156,0.35577744245529175,-0.19939292967319489,2.0,0.10656747221946716,0.0658392533659935,0.37007901072502136,0.41818609833717346,0.0,0.029613258317112923,0.0673041120171547,0.3791508972644806,-0.6001346111297607
1692309435.4971673,"[label: ""height""
size: 3
stride: 15, label: ""width""
size: 5
stride: 5]",0,1.0,0.06503860652446747,0.0646808072924614,0.3557209074497223,-0.1475541591644287,0.0,0.0288699921220541,0.06652411073446274,0.37562310695648193,-0.5983144640922546,2.0,0.10582468658685684,0.06521525979042053,0.36747634410858154,0.4274108111858368
1692309435.591175,"[label: ""height""
size: 3
stride: 15, label: ""width""
size: 5
stride: 5]",0,1.0,0.06440206617116928,0.06478416174650192,0.3556758165359497,-0.19906286895275116,0.0,0.02827748842537403,0.0657433494925499,0.3720432221889496,-0.612148642539978,2.0,0.10516803711652756,0.06510168313980103,0.3667675852775574,0.41757932305336
1692309435.6928093,"[label: ""height""
size: 3
stride: 15, label: ""width""
size: 5
stride: 5]",0,1.0,0.06384825706481934,0.06507239490747452,0.355647474527359,-0.15951323509216309,0.0,0.02719436213374138,0.06579277664422989,0.3698402941226959,-0.6201915740966797,2.0,0.10363636910915375,0.06496598571538925,0.36346957087516785,0.4283260703086853
1692309435.790534,"[label: ""height""
size: 3
stride: 15, label: ""width""
size: 5
stride: 5]",0,1.0,0.06192585080862045,0.06444156914949417,0.34966593980789185,-0.14330515265464783,0.0,0.025849204510450363,0.06578411161899567,0.3680087625980377,-0.6256470680236816,2.0,0.10311053693294525,0.06508966535329819,0.36423206329345703,0.4398239254951477
1692309435.8940194,"[label: ""height""
size: 3
stride: 15, label: ""width""
size: 5
stride: 5]",0,1.0,0.06075480580329895,0.06482547521591187,0.34958767890930176,-0.15522921085357666,0.0,0.02431504987180233,0.06606218963861465,0.36536869406700134,-0.6149978041648865,2.0,0.10082459449768066,0.06504224240779877,0.3597681522369385,0.44386282563209534
1692309435.9911401,"[label: ""height""
size: 3
stride: 15, label: ""width""
size: 5
stride: 5]",0,1.0,0.05893151834607124,0.06508961319923401,0.34884002804756165,-0.12949202954769135,0.0,0.02227049134671688,0.06619028002023697,0.36371347308158875,-0.6010656952857971,2.0,0.0978146344423294,0.06440068036317825,0.3546919524669647,0.4508318603038788
1692309436.0927677,"[label: ""height""
size: 3
stride: 15, label: ""width""
size: 5
stride: 5]",0,1.0,0.057189490646123886,0.06473121792078018,0.34357771277427673,-0.13760554790496826,0.0,0.020746955648064613,0.06594975292682648,0.360596626996994,-0.5957221984863281,2.0,0.09700840711593628,0.06492947041988373,0.3543781340122223,0.4650993049144745
1692309436.1920116,"[label: ""height""
size: 3
stride: 15, label: ""width""
size: 5
stride: 5]",0,1.0,0.056613489985466,0.06527836620807648,0.34349241852760315,-0.13648022711277008,0.0,0.019885629415512085,0.06672913581132889,0.3609994947910309,-0.5894880294799805,2.0,0.09670091420412064,0.06559283286333084,0.3548675775527954,0.452384889125824
1692309436.2932205,"[label: ""height""
size: 3
stride: 15, label: ""width""
size: 5
stride: 5]",0,1.0,0.05482080578804016,0.06465619057416916,0.33761176466941833,-0.1228058710694313,0.0,0.01858583651483059,0.06657661497592926,0.3561498522758484,-0.5944518446922302,2.0,0.09463052451610565,0.06476020067930222,0.3487924635410309,0.4606199860572815
1692309436.3902996,"[label: ""height""
size: 3
stride: 15, label: ""width""
size: 5
stride: 5]",0,1.0,0.05408976972103119,0.06433593481779099,0.3358728289604187,-0.1616123914718628,0.0,0.017617585137486458,0.06571629643440247,0.3516048491001129,-0.595729410648346,2.0,0.09373496472835541,0.06436867266893387,0.3459714353084564,0.48221516609191895
1692309436.495691,"[label: ""height""
size: 3
stride: 15, label: ""width""
size: 5
stride: 5]",0,1.0,0.05369483679533005,0.06518673896789551,0.3374863862991333,-0.1224917471408844,0.0,0.016552040353417397,0.06577788293361664,0.3503369987010956,-0.5836687088012695,2.0,0.09233817458152771,0.06412757933139801,0.34234076738357544,0.48198750615119934
1692309436.592047,"[label: ""height""
size: 3
stride: 15, label: ""width""
size: 5
stride: 5]",0,1.0,0.052430927753448486,0.06468353420495987,0.33061522245407104,-0.1561977118253708,0.0,0.015834931284189224,0.0655272975564003,0.3444903492927551,-0.5944846272468567,2.0,0.0915897935628891,0.06459186226129532,0.3390336036682129,0.48117128014564514
1692309436.691463,"[label: ""height""
size: 3
stride: 15, label: ""width""
size: 5
stride: 5]",0,1.0,0.05155931040644646,0.06518922746181488,0.3274843394756317,-0.12544609606266022,0.0,0.015168104320764542,0.06677480041980743,0.34514594078063965,-0.5739980936050415,2.0,0.09129989147186279,0.06522619724273682,0.3379471004009247,0.48450416326522827
1692309436.7912242,"[label: ""height""
size: 3
stride: 15, label: ""width""
size: 5
stride: 5]",0,1.0,0.051509007811546326,0.0653270035982132,0.32711371779441833,-0.11466043442487717,0.0,0.014198962599039078,0.06592737138271332,0.3393077552318573,-0.5840795636177063,2.0,0.09148239344358444,0.06516971439123154,0.33762404322624207,0.46230730414390564
1692309436.9008524,"[label: ""height""
size: 3
stride: 15, label: ""width""
size: 5
stride: 5]",0,1.0,0.050467222929000854,0.064078688621521,0.32218536734580994,-0.11311087757349014,0.0,0.013677489943802357,0.06530869752168655,0.33683574199676514,-0.5784870982170105,2.0,0.08963300287723541,0.06395622342824936,0.3307240903377533,0.48574501276016235
1692309436.9993067,"[label: ""height""
size: 3
stride: 15, label: ""width""
size: 5
stride: 5]",0,1.0,0.0497768335044384,0.064956896007061,0.3207443952560425,-0.04863419756293297,0.0,0.012468922883272171,0.06524166464805603,0.3309043347835541,-0.591796875,2.0,0.08859338611364365,0.06435120850801468,0.32787153124809265,0.4729423522949219
1692309437.101157,"[label: ""height""
size: 3
stride: 15, label: ""width""
size: 5
stride: 5]",0,1.0,0.048805005848407745,0.06517057120800018,0.3159104287624359,-0.14254382252693176,0.0,0.012117845006287098,0.06682923436164856,0.332085520029068,-0.5671348571777344,2.0,0.08769004046916962,0.06489495933055878,0.32398322224617004,0.496214359998703
1692309437.1993346,"[label: ""height""
size: 3
stride: 15, label: ""width""
size: 5
stride: 5]",0,1.0,0.048244576901197433,0.0652918741106987,0.31561002135276794,-0.1361888349056244,0.0,0.010905533097684383,0.06554222106933594,0.3250848650932312,-0.5850226879119873,2.0,0.08741147816181183,0.06479805707931519,0.32344698905944824,0.487653911113739
1692309437.3016706,"[label: ""height""
size: 3
stride: 15, label: ""width""
size: 5
stride: 5]",0,1.0,0.046471089124679565,0.06338276714086533,0.30772969126701355,-0.07162875682115555,0.0,0.00972459465265274,0.06505827605724335,0.32534605264663696,-0.5658743381500244,2.0,0.08602172881364822,0.06367328763008118,0.31972333788871765,0.4906748831272125
1692309437.3991172,"[label: ""height""
size: 3
stride: 15, label: ""width""
size: 5
stride: 5]",0,1.0,0.04598003625869751,0.06454751640558243,0.3080376088619232,-0.10347805172204971,0.0,0.008824212476611137,0.0655413493514061,0.32178643345832825,-0.5538825392723083,2.0,0.08471851795911789,0.06401276588439941,0.3162955045700073,0.49116942286491394
1692309437.5020096,"[label: ""height""
size: 3
stride: 15, label: ""width""
size: 5
stride: 5]",0,1.0,0.04457036033272743,0.06485988944768906,0.30359068512916565,-0.10033571720123291,0.0,0.007505319081246853,0.06583604216575623,0.3168526589870453,-0.5606899857521057,2.0,0.08413674682378769,0.06525389105081558,0.3160514831542969,0.4944917559623718
1692309437.5992699,"[label: ""height""
size: 3
stride: 15, label: ""width""
size: 5
stride: 5]",0,1.0,0.04346480593085289,0.06521640717983246,0.30244264006614685,-0.04628884047269821,0.0,0.006037818267941475,0.06631258130073547,0.3148115277290344,-0.5512640476226807,2.0,0.08220895379781723,0.06510816514492035,0.3116540014743805,0.49029916524887085
1692309437.7002084,"[label: ""height""
size: 3
stride: 15, label: ""width""
size: 5
stride: 5]",0,1.0,0.0419735461473465,0.06460341066122055,0.29939115047454834,-0.11626289784908295,0.0,0.0048621888272464275,0.06592058390378952,0.31365224719047546,-0.5405357480049133,2.0,0.08090057969093323,0.06453301757574081,0.3095227777957916,0.5187436938285828
1692309437.7994573,"[label: ""height""
size: 3
stride: 15, label: ""width""
size: 5
stride: 5]",0,1.0,0.040669482201337814,0.06391312181949615,0.29575878381729126,-0.06131267175078392,0.0,0.0035163399297744036,0.06500416249036789,0.30977895855903625,-0.5561752319335938,2.0,0.07986605167388916,0.06397902220487595,0.30748674273490906,0.5071157217025757
1692309437.8934197,"[label: ""height""
size: 3
stride: 15, label: ""width""
size: 5
stride: 5]",0,1.0,0.040072619915008545,0.06488746404647827,0.29670846462249756,-0.05769086629152298,0.0,0.0023225806653499603,0.06511879712343216,0.3051239550113678,-0.5637105107307434,2.0,0.07856601476669312,0.06440676003694534,0.30533817410469055,0.5155203938484192
1692309437.991364,"[label: ""height""
size: 3
stride: 15, label: ""width""
size: 5
stride: 5]",0,1.0,0.03885243460536003,0.06514587998390198,0.2931777238845825,-0.08023133128881454,0.0,0.0011992898071184754,0.06596095114946365,0.3043321669101715,-0.5504281520843506,2.0,0.07699953019618988,0.06449086964130402,0.30111029744148254,0.5320899486541748
1692309438.0943758,"[label: ""height""
size: 3
stride: 15, label: ""width""
size: 5
stride: 5]",0,1.0,0.037835802882909775,0.06566818058490753,0.29258993268013,-0.05883532389998436,0.0,7.259337144205347e-05,0.06606896221637726,0.3020016849040985,-0.547617495059967,2.0,0.07662993669509888,0.06544528901576996,0.3026103973388672,0.5083910226821899
1692309438.202112,"[label: ""height""
size: 3
stride: 15, label: ""width""
size: 5
stride: 5]",0,1.0,0.03708622604608536,0.06501507759094238,0.288627028465271,-0.05791888386011124,0.0,-0.0004012318968307227,0.06670371443033218,0.3030666410923004,-0.5084879994392395,2.0,0.0756727084517479,0.06485310941934586,0.29877740144729614,0.5216475129127502
1692309438.3037212,"[label: ""height""
size: 3
stride: 15, label: ""width""
size: 5
stride: 5]",0,1.0,0.03639940544962883,0.06432155519723892,0.2852565348148346,-0.07710406184196472,0.0,-0.0007867491221986711,0.0652150809764862,0.29692038893699646,-0.5319035649299622,2.0,0.07502172142267227,0.06440950930118561,0.29617035388946533,0.5311625599861145
1692309438.3992326,"[label: ""height""
size: 3
stride: 15, label: ""width""
size: 5
stride: 5]",0,1.0,0.03639863431453705,0.06478702276945114,0.2852472960948944,-0.07673044502735138,0.0,-0.001275877933949232,0.06505745649337769,0.29406049847602844,-0.5435643196105957,2.0,0.07481224089860916,0.06437955796718597,0.29439038038253784,0.5183115005493164
1692309438.5030909,"[label: ""height""
size: 3
stride: 15, label: ""width""
size: 5
stride: 5]",0,1.0,0.036345697939395905,0.06499079614877701,0.2846955358982086,-0.05949131026864052,0.0,-0.001388516859151423,0.06568989902734756,0.2952510416507721,-0.5253924131393433,2.0,0.0745362639427185,0.06438276916742325,0.2928006052970886,0.5322535634040833
1692309438.5997922,"[label: ""height""
size: 3
stride: 15, label: ""width""
size: 5
stride: 5]",0,1.0,0.03592238575220108,0.06469164788722992,0.2824539840221405,-0.07721457630395889,0.0,-0.001505682710558176,0.06498555839061737,0.29099899530410767,-0.5351737141609192,2.0,0.0747029110789299,0.06432991474866867,0.29253309965133667,0.5136289596557617
1692309438.7051384,"[label: ""height""
size: 3
stride: 15, label: ""width""
size: 5
stride: 5]",0,1.0,0.035534560680389404,0.06464532017707825,0.27972912788391113,-0.009789715521037579,0.0,-0.001981256762519479,0.0654723197221756,0.2910470962524414,-0.5332602858543396,2.0,0.07409016042947769,0.06438818573951721,0.2900976538658142,0.5228225588798523
1692309438.79849,"[label: ""height""
size: 3
stride: 15, label: ""width""
size: 5
stride: 5]",0,1.0,0.035557933151721954,0.06527815014123917,0.28017064929008484,-0.0381045900285244,0.0,-0.0019805391784757376,0.06591438502073288,0.2904336750507355,-0.5349307060241699,2.0,0.07383856922388077,0.06474842131137848,0.2890991270542145,0.5257582068443298
1692309438.90461,"[label: ""height""
size: 3
stride: 15, label: ""width""
size: 5
stride: 5]",0,1.0,0.035410381853580475,0.06497888267040253,0.2773609161376953,-0.05457712709903717,0.0,-0.001980682136490941,0.06605326384305954,0.29000934958457947,-0.5395132899284363,2.0,0.0735500380396843,0.06454472243785858,0.2865636944770813,0.5239219069480896
1692309438.997236,"[label: ""height""
size: 3
stride: 15, label: ""width""
size: 5
stride: 5]",0,1.0,0.035399943590164185,0.06511659920215607,0.2772851586341858,-0.05623197555541992,0.0,-0.0022001529578119516,0.06583254784345627,0.28743699193000793,-0.5267422199249268,2.0,0.07432588934898376,0.06523413956165314,0.28915610909461975,0.524427592754364
1692309439.1013346,"[label: ""height""
size: 3
stride: 15, label: ""width""
size: 5
stride: 5]",0,1.0,0.03586693853139877,0.06543637812137604,0.2773723006248474,-0.05401220917701721,0.0,-0.001730471383780241,0.06584078073501587,0.28747591376304626,-0.5281052589416504,2.0,0.07394122332334518,0.06450988352298737,0.2848755121231079,0.5375492572784424
1692309439.2019362,"[label: ""height""
size: 3
stride: 15, label: ""width""
size: 5
stride: 5]",0,1.0,0.03614240512251854,0.06493869423866272,0.27502697706222534,-0.040886323899030685,0.0,-0.001265273429453373,0.06540776789188385,0.2850787937641144,-0.5447491407394409,2.0,0.07495975494384766,0.06501730531454086,0.28657710552215576,0.5204986929893494
1692309439.302022,"[label: ""height""
size: 3
stride: 15, label: ""width""
size: 5
stride: 5]",0,1.0,0.03659508749842644,0.06494169682264328,0.27504077553749084,-0.040683988481760025,0.0,-0.0007993305334821343,0.0654158964753151,0.2851172387599945,-0.5461320877075195,2.0,0.07479695975780487,0.06458232551813126,0.28414228558540344,0.5285014510154724
1692309439.4044771,"[label: ""height""
size: 3
stride: 15, label: ""width""
size: 5
stride: 5]",0,1.0,0.03703632578253746,0.06479015201330185,0.2743873596191406,-0.0705958679318428,0.0,-0.0004419466422405094,0.06549643725156784,0.28549402952194214,-0.532909631729126,2.0,0.07499709725379944,0.06445974111557007,0.2831292152404785,0.5303444862365723
1692309439.5049934,"[label: ""height""
size: 3
stride: 15, label: ""width""
size: 5
stride: 5]",0,1.0,0.03713973984122276,0.06475219875574112,0.27375707030296326,-0.10163061320781708,0.0,-0.0003363927826285362,0.06537482142448425,0.28448978066444397,-0.5496143102645874,2.0,0.07545522600412369,0.06445580720901489,0.2831101417541504,0.5292869210243225
1692309439.602677,"[label: ""height""
size: 3
stride: 15, label: ""width""
size: 5
stride: 5]",0,1.0,0.03748996555805206,0.06479643285274506,0.27441614866256714,-0.07046984136104584,0.0,-9.406271419720724e-05,0.06525973230600357,0.2839448153972626,-0.5281997919082642,2.0,0.07563723623752594,0.06451071053743362,0.2833736836910248,0.5190982222557068
1692309439.7043457,"[label: ""height""
size: 3
stride: 15, label: ""width""
size: 5
stride: 5]",0,1.0,0.03709794208407402,0.06467379629611969,0.2730403244495392,-0.051718227565288544,0.0,-0.00021214180742390454,0.06544040888547897,0.2847910225391388,-0.5353329181671143,2.0,0.07545522600412369,0.06445580720901489,0.2831101417541504,0.5292869210243225
1692309439.8017783,"[label: ""height""
size: 3
stride: 15, label: ""width""
size: 5
stride: 5]",0,1.0,0.03713973984122276,0.06475219875574112,0.27375707030296326,-0.10163061320781708,0.0,-9.406271419720724e-05,0.06525973230600357,0.2839448153972626,-0.5281997919082642,2.0,0.07545522600412369,0.06445580720901489,0.2831101417541504,0.5292869210243225
1692309439.9032764,"[label: ""height""
size: 3
stride: 15, label: ""width""
size: 5
stride: 5]",0,1.0,0.03772030770778656,0.06513559073209763,0.27522578835487366,-0.062089983373880386,0.0,0.0001287000923184678,0.06538264453411102,0.2845268249511719,-0.5510092973709106,2.0,0.07591329514980316,0.06445188820362091,0.28309109807014465,0.5282321572303772
1692309439.993077,"[label: ""height""
size: 3
stride: 15, label: ""width""
size: 5
stride: 5]",0,1.0,0.03748532012104988,0.06492884457111359,0.2746540307998657,-0.10257457941770554,0.0,0.0001287000923184678,0.06538264453411102,0.2845268249511719,-0.5510092973709106,2.0,0.07591329514980316,0.06445188820362091,0.28309109807014465,0.5282321572303772
1692309440.0964005,"[label: ""height""
size: 3
stride: 15, label: ""width""
size: 5
stride: 5]",0,1.0,0.03748532012104988,0.06492884457111359,0.2746540307998657,-0.10257457941770554,0.0,0.0001287000923184678,0.06538264453411102,0.2845268249511719,-0.5510092973709106,2.0,0.07591329514980316,0.06445188820362091,0.28309109807014465,0.5282321572303772
1692309440.1945999,"[label: ""height""
size: 3
stride: 15, label: ""width""
size: 5
stride: 5]",0,1.0,0.037781283259391785,0.06511922925710678,0.2758551836013794,-0.08677405118942261,0.0,0.00013292730727698654,0.06543219834566116,0.2851943075656891,-0.5489093661308289,2.0,0.07591329514980316,0.06445188820362091,0.28309109807014465,0.5282321572303772
1692309440.296258,"[label: ""height""
size: 3
stride: 15, label: ""width""
size: 5
stride: 5]",0,1.0,0.03794367238879204,0.06480266153812408,0.27444466948509216,-0.07033874094486237,0.0,0.0005992426886223257,0.0654403567314148,0.28523290157318115,-0.5503036975860596,2.0,0.07658267766237259,0.06461872905492783,0.28431451320648193,0.5144621729850769
1692309440.3918068,"[label: ""height""
size: 3
stride: 15, label: ""width""
size: 5
stride: 5]",0,1.0,0.03839743882417679,0.06480883061885834,0.2744729518890381,-0.07020261883735657,0.0,0.0010656827362254262,0.06544853001832962,0.285271555185318,-0.5517018437385559,2.0,0.07704268395900726,0.06461482495069504,0.28429555892944336,0.5134209394454956
1692309440.4945347,"[label: ""height""
size: 3
stride: 15, label: ""width""
size: 5
stride: 5]",0,1.0,0.03885126858949661,0.06481494754552841,0.2745009660720825,-0.07006152719259262,0.0,0.0015608178218826652,0.06589864939451218,0.28774988651275635,-0.5377565026283264,2.0,0.07796479016542435,0.06498503684997559,0.2864200472831726,0.5136118531227112
1692309440.5925858,"[label: ""height""
size: 3
stride: 15, label: ""width""
size: 5
stride: 5]",0,1.0,0.03954053670167923,0.06487017124891281,0.27536946535110474,-0.06675703823566437,0.0,0.0021548776421695948,0.06610202044248581,0.2887124717235565,-0.547575056552887,2.0,0.07781431078910828,0.06453461199998856,0.284992516040802,0.5189317464828491
1692309440.694485,"[label: ""height""
size: 3
stride: 15, label: ""width""
size: 5
stride: 5]",0,1.0,0.0399673730134964,0.06514953821897507,0.2774336636066437,-0.05365172028541565,0.0,0.0025182112585753202,0.065813347697258,0.2888636589050293,-0.5339230298995972,2.0,0.07892779260873795,0.06495757400989532,0.2873825430870056,0.5088236927986145
1692309440.7948837,"[label: ""height""
size: 3
stride: 15, label: ""width""
size: 5
stride: 5]",0,1.0,0.04051389545202255,0.06513640284538269,0.27844369411468506,-0.10323602706193924,0.0,0.003204196225851774,0.06555356085300446,0.28835493326187134,-0.5656448006629944,2.0,0.0796821340918541,0.06508439779281616,0.2884245812892914,0.5047239661216736
1692309440.8946857,"[label: ""height""
size: 3
stride: 15, label: ""width""
size: 5
stride: 5]",0,1.0,0.04143073037266731,0.06482744961977005,0.27842992544174194,-0.09836689382791519,0.0,0.004213680978864431,0.06607366353273392,0.29164233803749084,-0.5508761405944824,2.0,0.0803898349404335,0.06469722837209702,0.2888450622558594,0.5110512375831604
1692309440.9927154,"[label: ""height""
size: 3
stride: 15, label: ""width""
size: 5
stride: 5]",0,1.0,0.042236678302288055,0.0649125799536705,0.28024613857269287,-0.13449572026729584,0.0,0.005166489630937576,0.0655931606888771,0.29162976145744324,-0.5543046593666077,2.0,0.08058830350637436,0.06402195245027542,0.28741762042045593,0.523116409778595
1692309441.094659,"[label: ""height""
size: 3
stride: 15, label: ""width""
size: 5
stride: 5]",0,1.0,0.04286714270710945,0.06417396664619446,0.2789748013019562,-0.11384321749210358,0.0,0.005882713943719864,0.06522171944379807,0.2921488583087921,-0.5796968340873718,2.0,0.08220004290342331,0.06452568620443344,0.2906847596168518,0.49178940057754517
1692309441.1917665,"[label: ""height""
size: 3
stride: 15, label: ""width""
size: 5
stride: 5]",0,1.0,0.043640486896038055,0.06403175741434097,0.2804228663444519,-0.13557307422161102,0.0,0.006687234155833721,0.06511272490024567,0.29479748010635376,-0.541455864906311,2.0,0.08295191824436188,0.0641573965549469,0.29166847467422485,0.4878121018409729
1692309441.2955818,"[label: ""height""
size: 3
stride: 15, label: ""width""
size: 5
stride: 5]",0,1.0,0.045082610100507736,0.06390175968408585,0.2828386723995209,-0.1170651912689209,0.0,0.00789913721382618,0.06475847214460373,0.2954349219799042,-0.5688785314559937,2.0,0.08487419784069061,0.06419838964939117,0.29464346170425415,0.48372381925582886
1692309441.3996313,"[label: ""height""
size: 3
stride: 15, label: ""width""
size: 5
stride: 5]",0,1.0,0.04602699354290962,0.06346159428358078,0.2829502522945404,-0.11761496216058731,0.0,0.008864154107868671,0.06427137553691864,0.295419842004776,-0.5723860859870911,2.0,0.08480183035135269,0.06316110491752625,0.2914639413356781,0.4842662513256073
1692309441.501059,"[label: ""height""
size: 3
stride: 15, label: ""width""
size: 5
stride: 5]",0,1.0,0.04683126509189606,0.06378162652254105,0.28445103764533997,-0.1386340707540512,0.0,0.009832648560404778,0.06428670138120651,0.29549652338027954,-0.5753462910652161,2.0,0.0863332748413086,0.06363978981971741,0.2942599356174469,0.49120351672172546
1692309441.601072,"[label: ""height""
size: 3
stride: 15, label: ""width""
size: 5
stride: 5]",0,1.0,0.04744292423129082,0.06349238753318787,0.2830983102321625,-0.11731821298599243,0.0,0.010570165701210499,0.06440507620573044,0.29609009623527527,-0.6005445122718811,2.0,0.08680959045886993,0.06363637000322342,0.29424241185188293,0.4902087450027466
1692309441.7007523,"[label: ""height""
size: 3
stride: 15, label: ""width""
size: 5
stride: 5]",0,1.0,0.04877825081348419,0.06417965143918991,0.2849617898464203,-0.1452825963497162,0.0,0.011928903870284557,0.06532441079616547,0.29909878969192505,-0.562153160572052,2.0,0.08778197318315506,0.0641251727938652,0.29427504539489746,0.48800361156463623
1692309441.7985065,"[label: ""height""
size: 3
stride: 15, label: ""width""
size: 5
stride: 5]",0,1.0,0.04973438009619713,0.0642068088054657,0.28509053587913513,-0.14539691805839539,0.0,0.012942968867719173,0.06537671387195587,0.29984524846076965,-0.5629691481590271,2.0,0.0895003080368042,0.06455555558204651,0.29681089520454407,0.4765811264514923
1692309441.9035747,"[label: ""height""
size: 3
stride: 15, label: ""width""
size: 5
stride: 5]",0,1.0,0.050709787756204605,0.0646296963095665,0.28713634610176086,-0.11803045868873596,0.0,0.014128363691270351,0.0662408396601677,0.30374377965927124,-0.5413476228713989,2.0,0.0904599130153656,0.0647079274058342,0.2975841760635376,0.47234031558036804
1692309441.999754,"[label: ""height""
size: 3
stride: 15, label: ""width""
size: 5
stride: 5]",0,1.0,0.05209564417600632,0.06473744660615921,0.289167195558548,-0.15595610439777374,0.0,0.015136904083192348,0.06498865783214569,0.2998722195625305,-0.5961689949035645,2.0,0.09151751548051834,0.06467200815677643,0.2978556156158447,0.46974125504493713
1692309442.1019924,"[label: ""height""
size: 3
stride: 15, label: ""width""
size: 5
stride: 5]",0,1.0,0.05279704928398132,0.06446339190006256,0.28897884488105774,-0.13234473764896393,0.0,0.016005638986825943,0.06571345776319504,0.30438315868377686,-0.5880109071731567,2.0,0.09235399216413498,0.0645807608962059,0.29858842492103577,0.4757322072982788
1692309442.2006936,"[label: ""height""
size: 3
stride: 15, label: ""width""
size: 5
stride: 5]",0,1.0,0.05350210890173912,0.06407656520605087,0.2889868915081024,-0.13721391558647156,0.0,0.01682080142199993,0.06501413136720657,0.3033711612224579,-0.5825594067573547,2.0,0.0935274139046669,0.06461494415998459,0.3004283010959625,0.4579019546508789
1692309442.3024206,"[label: ""height""
size: 3
stride: 15, label: ""width""
size: 5
stride: 5]",0,1.0,0.05458684638142586,0.0642494484782219,0.2914990484714508,-0.11821229010820389,0.0,0.017588285729289055,0.06462699919939041,0.30393317341804504,-0.6093685030937195,2.0,0.09470639377832413,0.06471928209066391,0.30265069007873535,0.4498850107192993
1692309442.3998554,"[label: ""height""
size: 3
stride: 15, label: ""width""
size: 5
stride: 5]",0,1.0,0.05553925782442093,0.06393157690763474,0.2914923131465912,-0.12062987685203552,2.0,0.0942455604672432,0.06356319785118103,0.29838791489601135,0.4723549485206604,0.0,0.018826227635145187,0.0651668980717659,0.30760255455970764,-0.5935448408126831
1692309442.5026174,"[label: ""height""
size: 3
stride: 15, label: ""width""
size: 5
stride: 5]",0,1.0,0.05559634789824486,0.06382689625024796,0.2918563485145569,-0.1343287229537964,0.0,0.019171936437487602,0.06455576419830322,0.30530062317848206,-0.6069306135177612,2.0,0.09566567838191986,0.06420401483774185,0.3025510907173157,0.4482493996620178
1692309442.5932443,"[label: ""height""
size: 3
stride: 15, label: ""width""
size: 5
stride: 5]",0,1.0,0.05620164796710014,0.06391604244709015,0.29299649596214294,-0.10746769607067108,0.0,0.019512813538312912,0.0648452639579773,0.308540016412735,-0.6049854159355164,2.0,0.09528271853923798,0.06364704668521881,0.30051788687705994,0.47332218289375305
1692309442.7000022,"[label: ""height""
size: 3
stride: 15, label: ""width""
size: 5
stride: 5]",0,1.0,0.05700918659567833,0.06406460702419281,0.2937280833721161,-0.15917924046516418,0.0,0.02033613994717598,0.06466773897409439,0.30762746930122375,-0.5988020896911621,2.0,0.09576915204524994,0.06364384293556213,0.30050116777420044,0.47236916422843933
1692309442.7973337,"[label: ""height""
size: 3
stride: 15, label: ""width""
size: 5
stride: 5]",0,1.0,0.057480014860630035,0.0640137642621994,0.29391932487487793,-0.20619449019432068,0.0,0.0211272444576025,0.06479381024837494,0.30827924609184265,-0.6253323554992676,2.0,0.09741184860467911,0.06378857046365738,0.302972674369812,0.45328161120414734
1692309442.8988729,"[label: ""height""
size: 3
stride: 15, label: ""width""
size: 5
stride: 5]",0,1.0,0.058598682284355164,0.06397145986557007,0.2948561906814575,-0.1210324838757515,2.0,0.09790249168872833,0.06378555297851562,0.302956759929657,0.4523521065711975,0.0,0.02213074266910553,0.06520989537239075,0.3113650679588318,-0.583800733089447
1692309442.9988332,"[label: ""height""
size: 3
stride: 15, label: ""width""
size: 5
stride: 5]",0,1.0,0.05903143435716629,0.06364607065916061,0.29421743750572205,-0.16353142261505127,0.0,0.022864164784550667,0.06475780159235,0.31114205718040466,-0.6144577860832214,2.0,0.09894923120737076,0.06370435655117035,0.30427122116088867,0.4556851387023926
1692309443.10259,"[label: ""height""
size: 3
stride: 15, label: ""width""
size: 5
stride: 5]",0,1.0,0.06019280478358269,0.06358692049980164,0.2958069443702698,-0.16868482530117035,0.0,0.02395949698984623,0.06484026461839676,0.3120967447757721,-0.6147506237030029,2.0,0.10022985190153122,0.06370501965284348,0.3055460751056671,0.4399157464504242
1692309443.1934032,"[label: ""height""
size: 3
stride: 15, label: ""width""
size: 5
stride: 5]",0,1.0,0.061035770922899246,0.06310354918241501,0.2946420907974243,-0.17383761703968048,0.0,0.025233305990695953,0.06475690007209778,0.3134947717189789,-0.5983213186264038,2.0,0.1008986309170723,0.06318151950836182,0.3041429817676544,0.45218560099601746
1692309443.2954276,"[label: ""height""
size: 3
stride: 15, label: ""width""
size: 5
stride: 5]",0,1.0,0.062096789479255676,0.06316389888525009,0.29664677381515503,-0.1396501511335373,0.0,0.026005294173955917,0.06434059143066406,0.3121582865715027,-0.6217542886734009,2.0,0.10173095017671585,0.06313149631023407,0.3051582872867584,0.447971910238266
1692309443.4006975,"[label: ""height""
size: 3
stride: 15, label: ""width""
size: 5
stride: 5]",0,1.0,0.06319592148065567,0.06308503448963165,0.2974858283996582,-0.18921612203121185,0.0,0.0270797461271286,0.06437772512435913,0.3142046630382538,-0.6292751431465149,2.0,0.10311058908700943,0.06332738697528839,0.3066895306110382,0.4317695200443268
1692309443.5038462,"[label: ""height""
size: 3
stride: 15, label: ""width""
size: 5
stride: 5]",0,1.0,0.06416203081607819,0.06331556290388107,0.29908448457717896,-0.17796602845191956,0.0,0.02753768488764763,0.0638328269124031,0.31217795610427856,-0.6272030472755432,2.0,0.10448244959115982,0.06359720975160599,0.30853477120399475,0.42339393496513367
1692309443.6002636,"[label: ""height""
size: 3
stride: 15, label: ""width""
size: 5
stride: 5]",0,1.0,0.0649428442120552,0.06325474381446838,0.2992593050003052,-0.1709914207458496,2.0,0.10574360936880112,0.06385168433189392,0.31039121747016907,0.4262990951538086,0.0,0.02893071435391903,0.06437249481678009,0.316025048494339,-0.610501229763031
1692309443.7062972,"[label: ""height""
size: 3
stride: 15, label: ""width""
size: 5
stride: 5]",0,1.0,0.06586300581693649,0.06303689628839493,0.29890185594558716,-0.1524333953857422,2.0,0.10501513630151749,0.0626303106546402,0.3056472837924957,0.43107956647872925,0.0,0.03035018965601921,0.06490783393383026,0.3198776841163635,-0.5930436849594116
1692309443.8009913,"[label: ""height""
size: 3
stride: 15, label: ""width""
size: 5
stride: 5]",0,1.0,0.06617873907089233,0.06314428895711899,0.299458771944046,-0.20347902178764343,2.0,0.10701533406972885,0.06385261565446854,0.3103969097137451,0.4241727590560913,0.0,0.030287310481071472,0.06451568007469177,0.31678685545921326,-0.6397520899772644
1692309443.9029047,"[label: ""height""
size: 3
stride: 15, label: ""width""
size: 5
stride: 5]",0,1.0,0.06620107591152191,0.06332649290561676,0.29962602257728577,-0.21896985173225403,2.0,0.10657484084367752,0.06370469182729721,0.3091075122356415,0.42800673842430115,0.0,0.030493421480059624,0.06439699232578278,0.31615525484085083,-0.6153832077980042
1692309444.0002084,"[label: ""height""
size: 3
stride: 15, label: ""width""
size: 5
stride: 5]",0,1.0,0.06741701066493988,0.0638289600610733,0.3021966814994812,-0.19277343153953552,2.0,0.10707532614469528,0.06370178610086441,0.3090919554233551,0.42712926864624023,0.0,0.031247667968273163,0.06460559368133545,0.3172600269317627,-0.6266860365867615
1692309444.10048,"[label: ""height""
size: 3
stride: 15, label: ""width""
size: 5
stride: 5]",0,1.0,0.06790827959775925,0.06397002935409546,0.30213165283203125,-0.18329347670078278,2.0,0.10733988881111145,0.06363674253225327,0.3087466061115265,0.43733349442481995,0.0,0.03227658569812775,0.06562826037406921,0.32091230154037476,-0.6239694356918335
1692309444.1924698,"[label: ""height""
size: 3
stride: 15, label: ""width""
size: 5
stride: 5]",0,1.0,0.06839876621961594,0.06431825459003448,0.303856760263443,-0.20590990781784058,2.0,0.10757577419281006,0.0636988952755928,0.3090764284133911,0.42625439167022705,0.0,0.03211916983127594,0.06517940014600754,0.3194252848625183,-0.6323562264442444
1692309444.294516,"[label: ""height""
size: 3
stride: 15, label: ""width""
size: 5
stride: 5]",0,1.0,0.06857874989509583,0.06421420723199844,0.3033192753791809,-0.15390022099018097,2.0,0.10865320265293121,0.06431596726179123,0.31146305799484253,0.4182717502117157,0.0,0.03280581533908844,0.06563657522201538,0.3209562301635742,-0.625615119934082
1692309444.402141,"[label: ""height""
size: 3
stride: 15, label: ""width""
size: 5
stride: 5]",0,1.0,0.06889612972736359,0.0641750693321228,0.3039143979549408,-0.2179601788520813,2.0,0.10783969610929489,0.06363380700349808,0.30873093008995056,0.43644896149635315,0.0,0.03331590071320534,0.065952368080616,0.32453247904777527,-0.6232020854949951
1692309444.5064862,"[label: ""height""
size: 3
stride: 15, label: ""width""
size: 5
stride: 5]",0,1.0,0.06891772896051407,0.06433680653572083,0.30395013093948364,-0.20597998797893524,2.0,0.10951493680477142,0.06430283188819885,0.3132152557373047,0.4112226665019989,0.0,0.03304779529571533,0.06495990604162216,0.3196089565753937,-0.6471546292304993
1692309444.598119,"[label: ""height""
size: 3
stride: 15, label: ""width""
size: 5
stride: 5]",0,1.0,0.06920766830444336,0.06399867683649063,0.30398696660995483,-0.17461514472961426,2.0,0.10951493680477142,0.06430283188819885,0.3132152557373047,0.4112226665019989,0.0,0.033323727548122406,0.06509923189878464,0.32089486718177795,-0.6278772950172424
1692309444.6968126,"[label: ""height""
size: 3
stride: 15, label: ""width""
size: 5
stride: 5]",0,1.0,0.06920766830444336,0.06399867683649063,0.30398696660995483,-0.17461514472961426,2.0,0.10951493680477142,0.06430283188819885,0.3132152557373047,0.4112226665019989,0.0,0.033323727548122406,0.06509923189878464,0.32089486718177795,-0.6278772950172424
1692309444.7932355,"[label: ""height""
size: 3
stride: 15, label: ""width""
size: 5
stride: 5]",0,1.0,0.06998880207538605,0.06406925618648529,0.30434921383857727,-0.22389793395996094,2.0,0.11028342694044113,0.06423112004995346,0.31283462047576904,0.42091262340545654,0.0,0.03417905792593956,0.06523291766643524,0.321608304977417,-0.6558168530464172
1692309444.8938916,"[label: ""height""
size: 3
stride: 15, label: ""width""
size: 5
stride: 5]",0,1.0,0.0702420175075531,0.06403157114982605,0.30415287613868713,-0.17476877570152283,2.0,0.11154494434595108,0.06476191431283951,0.31609082221984863,0.39890211820602417,0.0,0.03505930304527283,0.06573665142059326,0.3247505724430084,-0.6403366923332214
1692309444.992543,"[label: ""height""
size: 3
stride: 15, label: ""width""
size: 5
stride: 5]",0,1.0,0.07017557322978973,0.06416627019643784,0.3066271245479584,-0.18773773312568665,2.0,0.11062989383935928,0.06434797495603561,0.31530430912971497,0.4142819941043854,0.0,0.034627560526132584,0.06579700857400894,0.32564064860343933,-0.6355478167533875
1692309445.1016169,"[label: ""height""
size: 3
stride: 15, label: ""width""
size: 5
stride: 5]",0,1.0,0.0696776732802391,0.06402319669723511,0.30669501423835754,-0.19752147793769836,2.0,0.10924999415874481,0.06371333450078964,0.31280699372291565,0.42283308506011963,0.0,0.03363737091422081,0.06467889249324799,0.3214622437953949,-0.6547356843948364
1692309445.19967,"[label: ""height""
size: 3
stride: 15, label: ""width""
size: 5
stride: 5]",0,1.0,0.06972221285104752,0.06386084109544754,0.30578935146331787,-0.19680632650852203,2.0,0.10924999415874481,0.06371333450078964,0.31280699372291565,0.42283308506011963,0.0,0.033977020531892776,0.06516972929239273,0.3245624601840973,-0.637609601020813
1692309445.3017561,"[label: ""height""
size: 3
stride: 15, label: ""width""
size: 5
stride: 5]",0,1.0,0.07017883658409119,0.06424424052238464,0.3082805871963501,-0.18531015515327454,2.0,0.1102532371878624,0.06417261809110641,0.31570759415626526,0.4124404489994049,0.0,0.033977020531892776,0.06516972929239273,0.3245624601840973,-0.637609601020813
1692309445.4001143,"[label: ""height""
size: 3
stride: 15, label: ""width""
size: 5
stride: 5]",0,1.0,0.06919627636671066,0.06371226906776428,0.3055388331413269,-0.16626928746700287,2.0,0.11020100116729736,0.06432604044675827,0.317055881023407,0.40931621193885803,0.0,0.03344211354851723,0.06516222655773163,0.32452192902565,-0.6359415650367737
1692309445.5043964,"[label: ""height""
size: 3
stride: 15, label: ""width""
size: 5
stride: 5]",0,1.0,0.06917620450258255,0.06383407860994339,0.30672430992126465,-0.20519012212753296,2.0,0.11031367629766464,0.0644548162817955,0.3177495300769806,0.4176332652568817,0.0,0.03354210779070854,0.06522761285305023,0.325447142124176,-0.6328281164169312
1692309445.601796,"[label: ""height""
size: 3
stride: 15, label: ""width""
size: 5
stride: 5]",0,1.0,0.06930658221244812,0.06387251615524292,0.30765438079833984,-0.1586381196975708,0.0,0.03354210779070854,0.06522761285305023,0.325447142124176,-0.6328281164169312,2.0,0.10993875563144684,0.06439769268035889,0.31743961572647095,0.39834877848625183
1692309445.7005813,"[label: ""height""
size: 3
stride: 15, label: ""width""
size: 5
stride: 5]",0,1.0,0.0691341832280159,0.06363321840763092,0.30646851658821106,-0.18854184448719025,2.0,0.10968060791492462,0.06394249200820923,0.31590938568115234,0.4245639741420746,0.0,0.03354210779070854,0.06522761285305023,0.325447142124176,-0.6328281164169312
1692309445.8004131,"[label: ""height""
size: 3
stride: 15, label: ""width""
size: 5
stride: 5]",0,1.0,0.06925293803215027,0.06369157880544662,0.30595386028289795,-0.20431427657604218,2.0,0.10958773642778397,0.06382577121257782,0.31527474522590637,0.41620272397994995,0.0,0.03407885879278183,0.06523570418357849,0.3254907429218292,-0.6344861388206482
1692309445.9043238,"[label: ""height""
size: 3
stride: 15, label: ""width""
size: 5
stride: 5]",0,1.0,0.07012658566236496,0.06382619589567184,0.30823421478271484,-0.2256469577550888,2.0,0.11019245535135269,0.06393978744745255,0.31589454412460327,0.42368966341018677,0.0,0.03425481170415878,0.06527556478977203,0.32709673047065735,-0.6252110004425049
1692309446.0006585,"[label: ""height""
size: 3
stride: 15, label: ""width""
size: 5
stride: 5]",0,1.0,0.07012658566236496,0.06382619589567184,0.30823421478271484,-0.2256469577550888,2.0,0.10932684689760208,0.06330788880586624,0.3133895695209503,0.4312247931957245,0.0,0.03449108824133873,0.065456822514534,0.32808274030685425,-0.6358180046081543
1692309446.1025972,"[label: ""height""
size: 3
stride: 15, label: ""width""
size: 5
stride: 5]",0,1.0,0.07012658566236496,0.06382619589567184,0.30823421478271484,-0.2256469577550888,2.0,0.11032748967409134,0.06376110017299652,0.316285640001297,0.4210205376148224,0.0,0.03449108824133873,0.065456822514534,0.32808274030685425,-0.6358180046081543
1692309446.200944,"[label: ""height""
size: 3
stride: 15, label: ""width""
size: 5
stride: 5]",0,1.0,0.07012658566236496,0.06382619589567184,0.30823421478271484,-0.2256469577550888,2.0,0.11032748967409134,0.06376110017299652,0.316285640001297,0.4210205376148224,0.0,0.03449108824133873,0.065456822514534,0.32808274030685425,-0.6358180046081543
1692309446.3035262,"[label: ""height""
size: 3
stride: 15, label: ""width""
size: 5
stride: 5]",0,1.0,0.07012658566236496,0.06382619589567184,0.30823421478271484,-0.2256469577550888,2.0,0.11032748967409134,0.06376110017299652,0.316285640001297,0.4210205376148224,0.0,0.03449108824133873,0.065456822514534,0.32808274030685425,-0.6358180046081543
1692309446.4009802,"[label: ""height""
size: 3
stride: 15, label: ""width""
size: 5
stride: 5]",0,1.0,0.07012658566236496,0.06382619589567184,0.30823421478271484,-0.2256469577550888,2.0,0.11032748967409134,0.06376110017299652,0.316285640001297,0.4210205376148224,0.0,0.03449108824133873,0.065456822514534,0.32808274030685425,-0.6358180046081543
1692309446.5036163,"[label: ""height""
size: 3
stride: 15, label: ""width""
size: 5
stride: 5]",0,1.0,0.07012658566236496,0.06382619589567184,0.30823421478271484,-0.2256469577550888,2.0,0.11032748967409134,0.06376110017299652,0.316285640001297,0.4210205376148224,0.0,0.03449108824133873,0.065456822514534,0.32808274030685425,-0.6358180046081543
1692309446.602596,"[label: ""height""
size: 3
stride: 15, label: ""width""
size: 5
stride: 5]",0,1.0,0.07012658566236496,0.06382619589567184,0.30823421478271484,-0.2256469577550888,2.0,0.11032748967409134,0.06376110017299652,0.316285640001297,0.4210205376148224,0.0,0.03449108824133873,0.065456822514534,0.32808274030685425,-0.6358180046081543
1692309446.7035325,"[label: ""height""
size: 3
stride: 15, label: ""width""
size: 5
stride: 5]",0,1.0,0.07012658566236496,0.06382619589567184,0.30823421478271484,-0.2256469577550888,2.0,0.10932684689760208,0.06330788880586624,0.3133895695209503,0.4312247931957245,0.0,0.03449108824133873,0.065456822514534,0.32808274030685425,-0.6358180046081543
1692309446.8036542,"[label: ""height""
size: 3
stride: 15, label: ""width""
size: 5
stride: 5]",0,1.0,0.07012658566236496,0.06382619589567184,0.30823421478271484,-0.2256469577550888,2.0,0.11023259162902832,0.06364428251981735,0.3156478703022003,0.4126368761062622,0.0,0.03449108824133873,0.065456822514534,0.32808274030685425,-0.6358180046081543
1692309446.9021015,"[label: ""height""
size: 3
stride: 15, label: ""width""
size: 5
stride: 5]",0,1.0,0.07012658566236496,0.06382619589567184,0.30823421478271484,-0.2256469577550888,2.0,0.10932684689760208,0.06330788880586624,0.3133895695209503,0.4312247931957245,0.0,0.03449108824133873,0.065456822514534,0.32808274030685425,-0.6358180046081543
1692309447.0003927,"[label: ""height""
size: 3
stride: 15, label: ""width""
size: 5
stride: 5]",0,1.0,0.07012658566236496,0.06382619589567184,0.30823421478271484,-0.2256469577550888,2.0,0.11032748967409134,0.06376110017299652,0.316285640001297,0.4210205376148224,0.0,0.03449108824133873,0.065456822514534,0.32808274030685425,-0.6358180046081543
1692309447.103398,"[label: ""height""
size: 3
stride: 15, label: ""width""
size: 5
stride: 5]",0,1.0,0.07018063217401505,0.06374184787273407,0.3082929849624634,-0.18634672462940216,2.0,0.11032748967409134,0.06376110017299652,0.316285640001297,0.4210205376148224,0.0,0.03425481170415878,0.06527556478977203,0.32709673047065735,-0.6252110004425049
1692309447.2013445,"[label: ""height""
size: 3
stride: 15, label: ""width""
size: 5
stride: 5]",0,1.0,0.07012658566236496,0.06382619589567184,0.30823421478271484,-0.2256469577550888,2.0,0.11032748967409134,0.06376110017299652,0.316285640001297,0.4210205376148224,0.0,0.03425481170415878,0.06527556478977203,0.32709673047065735,-0.6252110004425049
1692309447.3033922,"[label: ""height""
size: 3
stride: 15, label: ""width""
size: 5
stride: 5]",0,1.0,0.07012658566236496,0.06382619589567184,0.30823421478271484,-0.2256469577550888,2.0,0.11009842902421951,0.06382299214601517,0.31525954604148865,0.41533949971199036,0.0,0.03449108824133873,0.065456822514534,0.32808274030685425,-0.6358180046081543
1692309447.4008784,"[label: ""height""
size: 3
stride: 15, label: ""width""
size: 5
stride: 5]",0,1.0,0.06972280144691467,0.0633617714047432,0.3057973384857178,-0.19803377985954285,2.0,0.11032748967409134,0.06376110017299652,0.316285640001297,0.4210205376148224,0.0,0.03449108824133873,0.065456822514534,0.32808274030685425,-0.6358180046081543
1692309447.5033844,"[label: ""height""
size: 3
stride: 15, label: ""width""
size: 5
stride: 5]",0,1.0,0.07012658566236496,0.06382619589567184,0.30823421478271484,-0.2256469577550888,2.0,0.11019245535135269,0.06393978744745255,0.31589454412460327,0.42368966341018677,0.0,0.03457583114504814,0.06538277864456177,0.3276819884777069,-0.6525420546531677
1692309447.603656,"[label: ""height""
size: 3
stride: 15, label: ""width""
size: 5
stride: 5]",0,1.0,0.07012658566236496,0.06382619589567184,0.30823421478271484,-0.2256469577550888,2.0,0.11032748967409134,0.06376110017299652,0.316285640001297,0.4210205376148224,0.0,0.03449108824133873,0.065456822514534,0.32808274030685425,-0.6358180046081543
1692309447.7070456,"[label: ""height""
size: 3
stride: 15, label: ""width""
size: 5
stride: 5]",0,1.0,0.07012658566236496,0.06382619589567184,0.30823421478271484,-0.2256469577550888,2.0,0.10932684689760208,0.06330788880586624,0.3133895695209503,0.4312247931957245,0.0,0.03425481170415878,0.06527556478977203,0.32709673047065735,-0.6252110004425049
1692309447.801412,"[label: ""height""
size: 3
stride: 15, label: ""width""
size: 5
stride: 5]",0,1.0,0.07012658566236496,0.06382619589567184,0.30823421478271484,-0.2256469577550888,2.0,0.10932684689760208,0.06330788880586624,0.3133895695209503,0.4312247931957245,0.0,0.03449108824133873,0.065456822514534,0.32808274030685425,-0.6358180046081543
1692309447.9015896,"[label: ""height""
size: 3
stride: 15, label: ""width""
size: 5
stride: 5]",0,1.0,0.07012658566236496,0.06382619589567184,0.30823421478271484,-0.2256469577550888,2.0,0.11032748967409134,0.06376110017299652,0.316285640001297,0.4210205376148224,0.0,0.03425481170415878,0.06527556478977203,0.32709673047065735,-0.6252110004425049
1692309448.0019507,"[label: ""height""
size: 3
stride: 15, label: ""width""
size: 5
stride: 5]",0,1.0,0.07012658566236496,0.06382619589567184,0.30823421478271484,-0.2256469577550888,2.0,0.11032748967409134,0.06376110017299652,0.316285640001297,0.4210205376148224,0.0,0.03449108824133873,0.065456822514534,0.32808274030685425,-0.6358180046081543
1692309448.1062167,"[label: ""height""
size: 3
stride: 15, label: ""width""
size: 5
stride: 5]",0,1.0,0.07012658566236496,0.06382619589567184,0.30823421478271484,-0.2256469577550888,2.0,0.10932684689760208,0.06330788880586624,0.3133895695209503,0.4312247931957245,0.0,0.03425481170415878,0.06527556478977203,0.32709673047065735,-0.6252110004425049
1692309448.1993926,"[label: ""height""
size: 3
stride: 15, label: ""width""
size: 5
stride: 5]",0,1.0,0.07012658566236496,0.06382619589567184,0.30823421478271484,-0.2256469577550888,2.0,0.10932684689760208,0.06330788880586624,0.3133895695209503,0.4312247931957245,0.0,0.03449108824133873,0.065456822514534,0.32808274030685425,-0.6358180046081543
1692309448.3057842,"[label: ""height""
size: 3
stride: 15, label: ""width""
size: 5
stride: 5]",0,1.0,0.07012658566236496,0.06382619589567184,0.30823421478271484,-0.2256469577550888,2.0,0.11032748967409134,0.06376110017299652,0.316285640001297,0.4210205376148224,0.0,0.03425481170415878,0.06527556478977203,0.32709673047065735,-0.6252110004425049
1692309448.4004529,"[label: ""height""
size: 3
stride: 15, label: ""width""
size: 5
stride: 5]",0,1.0,0.07012658566236496,0.06382619589567184,0.30823421478271484,-0.2256469577550888,2.0,0.11032748967409134,0.06376110017299652,0.316285640001297,0.4210205376148224,0.0,0.03449108824133873,0.065456822514534,0.32808274030685425,-0.6358180046081543
1692309448.5035667,"[label: ""height""
size: 3
stride: 15, label: ""width""
size: 5
stride: 5]",0,1.0,0.07012658566236496,0.06382619589567184,0.30823421478271484,-0.2256469577550888,2.0,0.11032748967409134,0.06376110017299652,0.316285640001297,0.4210205376148224,0.0,0.03425481170415878,0.06527556478977203,0.32709673047065735,-0.6252110004425049
1692309448.5997174,"[label: ""height""
size: 3
stride: 15, label: ""width""
size: 5
stride: 5]",0,1.0,0.07012658566236496,0.06382619589567184,0.30823421478271484,-0.2256469577550888,2.0,0.10932684689760208,0.06330788880586624,0.3133895695209503,0.4312247931957245,0.0,0.03425481170415878,0.06527556478977203,0.32709673047065735,-0.6252110004425049
1692309448.7010417,"[label: ""height""
size: 3
stride: 15, label: ""width""
size: 5
stride: 5]",0,1.0,0.07012658566236496,0.06382619589567184,0.30823421478271484,-0.2256469577550888,2.0,0.10922972857952118,0.06318996846675873,0.31274837255477905,0.42301931977272034,0.0,0.03449108824133873,0.065456822514534,0.32808274030685425,-0.6358180046081543
1692309448.8007116,"[label: ""height""
size: 3
stride: 15, label: ""width""
size: 5
stride: 5]",0,1.0,0.06967952102422714,0.06352338939905167,0.30670836567878723,-0.198709636926651,2.0,0.11016019433736801,0.06399387121200562,0.3161885440349579,0.4126747250556946,0.0,0.03391023352742195,0.06478150188922882,0.3239545226097107,-0.6429169774055481
1692309448.9039342,"[label: ""height""
size: 3
stride: 15, label: ""width""
size: 5
stride: 5]",0,1.0,0.06982678920030594,0.063886359333992,0.3077252507209778,-0.1585959643125534,2.0,0.10958773642778397,0.06382577121257782,0.31527474522590637,0.41620272397994995,0.0,0.03407885879278183,0.06523570418357849,0.3254907429218292,-0.6344861388206482
1692309449.0007324,"[label: ""height""
size: 3
stride: 15, label: ""width""
size: 5
stride: 5]",0,1.0,0.06925293803215027,0.06369157880544662,0.30595386028289795,-0.20431427657604218,2.0,0.10958773642778397,0.06382577121257782,0.31527474522590637,0.41620272397994995,0.0,0.03407885879278183,0.06523570418357849,0.3254907429218292,-0.6344861388206482
1692309449.1026466,"[label: ""height""
size: 3
stride: 15, label: ""width""
size: 5
stride: 5]",0,1.0,0.06963139027357101,0.06397849321365356,0.30821263790130615,-0.21230676770210266,2.0,0.10958773642778397,0.06382577121257782,0.31527474522590637,0.41620272397994995,0.0,0.03378884494304657,0.06543365120887756,0.32655104994773865,-0.642723560333252
1692309449.202105,"[label: ""height""
size: 3
stride: 15, label: ""width""
size: 5
stride: 5]",0,1.0,0.06865166872739792,0.06381453573703766,0.3066248297691345,-0.2048647105693817,2.0,0.10979900509119034,0.06445768475532532,0.31776508688926697,0.41850167512893677,0.0,0.0330054946243763,0.06521951407194138,0.32540348172187805,-0.6311739087104797
1692309449.3023276,"[label: ""height""
size: 3
stride: 15, label: ""width""
size: 5
stride: 5]",0,1.0,0.06806448101997375,0.06409749388694763,0.30803969502449036,-0.22733259201049805,0.0,0.03235402703285217,0.0654849037528038,0.3268167972564697,-0.621029257774353,2.0,0.10876955837011337,0.06446343660354614,0.31779634952545166,0.42024633288383484
1692309449.4002573,"[label: ""height""
size: 3
stride: 15, label: ""width""
size: 5
stride: 5]",0,1.0,0.06774087250232697,0.06441114097833633,0.3091000020503998,-0.15190905332565308,2.0,0.10788201540708542,0.06440933048725128,0.3175026476383209,0.40174856781959534,0.0,0.0313037633895874,0.06513213366270065,0.32435932755470276,-0.6293085813522339
1692309449.5044928,"[label: ""height""
size: 3
stride: 15, label: ""width""
size: 5
stride: 5]",0,1.0,0.06725078076124191,0.06419040262699127,0.3075084388256073,-0.16520075500011444,2.0,0.10798220336437225,0.06445961445569992,0.3177747130393982,0.4215015172958374,0.0,0.031571727246046066,0.06579378247261047,0.32700085639953613,-0.616280734539032
1692309449.6016157,"[label: ""height""
size: 3
stride: 15, label: ""width""
size: 5
stride: 5]",0,1.0,0.06725078076124191,0.06419040262699127,0.3075084388256073,-0.16520075500011444,2.0,0.10621042549610138,0.06373084336519241,0.31290149688720703,0.42809605598449707,0.0,0.03125295415520668,0.06529482454061508,0.3238602876663208,-0.6340115666389465
1692309449.7065878,"[label: ""height""
size: 3
stride: 15, label: ""width""
size: 5
stride: 5]",0,1.0,0.06700146943330765,0.06438657641410828,0.3077211380004883,-0.21019521355628967,2.0,0.10705438256263733,0.06436803191900253,0.31541261076927185,0.4203536808490753,0.0,0.031323082745075226,0.0658293217420578,0.3258049786090851,-0.6083526015281677
1692309449.8061552,"[label: ""height""
size: 3
stride: 15, label: ""width""
size: 5
stride: 5]",0,1.0,0.06695298850536346,0.06440038979053497,0.3072928786277771,-0.163997620344162,0.0,0.031323082745075226,0.0658293217420578,0.3258049786090851,-0.6083526015281677,2.0,0.10705438256263733,0.06436803191900253,0.31541261076927185,0.4203536808490753
1692309449.910641,"[label: ""height""
size: 3
stride: 15, label: ""width""
size: 5
stride: 5]",0,1.0,0.06660231947898865,0.06412860751152039,0.3051166534423828,-0.16493937373161316,0.0,0.03099093958735466,0.06555216759443283,0.3237638771533966,-0.6015214920043945,2.0,0.10765320062637329,0.06487143039703369,0.31719422340393066,0.4134400188922882
1692309449.9991438,"[label: ""height""
size: 3
stride: 15, label: ""width""
size: 5
stride: 5]",0,1.0,0.06652848422527313,0.06427817791700363,0.30592405796051025,-0.16515226662158966,0.0,0.030779972672462463,0.06567560136318207,0.324423611164093,-0.6270551085472107,2.0,0.10765320062637329,0.06487143039703369,0.31719422340393066,0.4134400188922882
1692309450.1028972,"[label: ""height""
size: 3
stride: 15, label: ""width""
size: 5
stride: 5]",0,1.0,0.06607649475336075,0.06423364579677582,0.30514398217201233,-0.19549190998077393,0.0,0.030422663316130638,0.06574349105358124,0.3247740864753723,-0.6085328459739685,2.0,0.10713956505060196,0.06487446278333664,0.31721049547195435,0.41430941224098206
1692309450.1995616,"[label: ""height""
size: 3
stride: 15, label: ""width""
size: 5
stride: 5]",0,1.0,0.06549427658319473,0.06437493115663528,0.30592644214630127,-0.1961851269006729,0.0,0.029412616044282913,0.06516491621732712,0.3212448060512543,-0.6409165859222412,2.0,0.1057511568069458,0.0645359605550766,0.3149740993976593,0.4340384006500244
1692309450.3033667,"[label: ""height""
size: 3
stride: 15, label: ""width""
size: 5
stride: 5]",0,1.0,0.06451902538537979,0.06417948007583618,0.3048708736896515,-0.19520936906337738,2.0,0.10618351399898529,0.06506867706775665,0.3182472884654999,0.4130571782588959,0.0,0.02879607304930687,0.06523516029119492,0.32161247730255127,-0.6227992177009583
1692309450.402078,"[label: ""height""
size: 3
stride: 15, label: ""width""
size: 5
stride: 5]",0,1.0,0.06451902538537979,0.06417948007583618,0.3048708736896515,-0.19520936906337738,2.0,0.10420349985361099,0.06426700949668884,0.3130266070365906,0.43145790696144104,0.0,0.028810422867536545,0.06568101048469543,0.32309210300445557,-0.6000879406929016
1692309450.5047193,"[label: ""height""
size: 3
stride: 15, label: ""width""
size: 5
stride: 5]",0,1.0,0.06445210427045822,0.06433781236410141,0.3057374358177185,-0.19598503410816193,2.0,0.10429123789072037,0.0643877163529396,0.31367170810699463,0.43975234031677246,0.0,0.02850356698036194,0.06572291254997253,0.3227613568305969,-0.62852942943573
1692309450.6018853,"[label: ""height""
size: 3
stride: 15, label: ""width""
size: 5
stride: 5]",0,1.0,0.06395220756530762,0.06417106091976166,0.3043351173400879,-0.1494426727294922,2.0,0.103934146463871,0.06433537602424622,0.3133898675441742,0.42078885436058044,0.0,0.028333961963653564,0.06605992466211319,0.32364407181739807,-0.5928012132644653
1692309450.7070327,"[label: ""height""
size: 3
stride: 15, label: ""width""
size: 5
stride: 5]",0,1.0,0.0644916519522667,0.06451322883367538,0.3061178922653198,-0.11178728193044662,2.0,0.1042553037405014,0.06444284319877625,0.3139658272266388,0.4287463426589966,0.0,0.02819538302719593,0.06560918688774109,0.32215386629104614,-0.6015039086341858
1692309450.8000576,"[label: ""height""
size: 3
stride: 15, label: ""width""
size: 5
stride: 5]",0,1.0,0.0639302060008049,0.06429578363895416,0.30419597029685974,-0.14332717657089233,2.0,0.10369661450386047,0.06427005678415298,0.31304293870925903,0.4323536157608032,0.0,0.028021203354001045,0.06553206592798233,0.3217563033103943,-0.6182348132133484
1692309450.9045317,"[label: ""height""
size: 3
stride: 15, label: ""width""
size: 5
stride: 5]",0,1.0,0.0644916519522667,0.06451322883367538,0.3061178922653198,-0.11178728193044662,2.0,0.103934146463871,0.06433537602424622,0.3133898675441742,0.42078885436058044,0.0,0.028021203354001045,0.06553206592798233,0.3217563033103943,-0.6182348132133484
1692309451.0027852,"[label: ""height""
size: 3
stride: 15, label: ""width""
size: 5
stride: 5]",0,1.0,0.06446507573127747,0.06445984542369843,0.3045285940170288,-0.17575699090957642,2.0,0.10444166511297226,0.06433237344026566,0.31337377429008484,0.41990604996681213,0.0,0.02850356698036194,0.06572291254997253,0.3227613568305969,-0.62852942943573
1692309451.10353,"[label: ""height""
size: 3
stride: 15, label: ""width""
size: 5
stride: 5]",0,1.0,0.06493011116981506,0.064646415412426,0.3055538833141327,-0.1786491721868515,2.0,0.10554217547178268,0.06490546464920044,0.31552213430404663,0.4227852523326874,0.0,0.02857593446969986,0.06556995213031769,0.3206044137477875,-0.6125595569610596
1692309451.2056742,"[label: ""height""
size: 3
stride: 15, label: ""width""
size: 5
stride: 5]",0,1.0,0.0642586350440979,0.06416972726583481,0.30310988426208496,-0.20480050146579742,2.0,0.10562802851200104,0.06502506136894226,0.3161611557006836,0.43121665716171265,0.0,0.028536712750792503,0.0657699927687645,0.32164859771728516,-0.6208720803260803
1692309451.3048584,"[label: ""height""
size: 3
stride: 15, label: ""width""
size: 5
stride: 5]",0,1.0,0.06380562484264374,0.06383446604013443,0.3014513850212097,-0.1816464513540268,2.0,0.10476389527320862,0.06443993747234344,0.3139501214027405,0.42785319685935974,0.0,0.028276314958930016,0.06577419489622116,0.32167646288871765,-0.6205736398696899
1692309451.4020343,"[label: ""height""
size: 3
stride: 15, label: ""width""
size: 5
stride: 5]",0,1.0,0.0639752745628357,0.06409094482660294,0.30270129442214966,-0.1539168655872345,2.0,0.10463517159223557,0.0646154135465622,0.3135600984096527,0.4305810332298279,0.0,0.0280478373169899,0.06556160748004913,0.32056036591529846,-0.6109452843666077
1692309451.5020473,"[label: ""height""
size: 3
stride: 15, label: ""width""
size: 5
stride: 5]",0,1.0,0.06441261619329453,0.06463073939085007,0.30547428131103516,-0.17872066795825958,2.0,0.10407663881778717,0.0644426941871643,0.31264129281044006,0.43413805961608887,0.0,0.0280478373169899,0.06556160748004913,0.32056036591529846,-0.6109452843666077
1692309451.6011524,"[label: ""height""
size: 3
stride: 15, label: ""width""
size: 5
stride: 5]",0,1.0,0.06346474587917328,0.06407703459262848,0.30263158679008484,-0.15386055409908295,2.0,0.10335006564855576,0.06393005698919296,0.31081244349479675,0.44981643557548523,0.0,0.02774684876203537,0.06576663255691528,0.3216363489627838,-0.6189436912536621
1692309451.70276,"[label: ""height""
size: 3
stride: 15, label: ""width""
size: 5
stride: 5]",0,1.0,0.06346474587917328,0.06407703459262848,0.30263158679008484,-0.15386055409908295,2.0,0.10331442952156067,0.06398475915193558,0.3111030161380768,0.4390265941619873,0.0,0.02751988358795643,0.06555326282978058,0.32051634788513184,-0.6093350052833557
1692309451.7997577,"[label: ""height""
size: 3
stride: 15, label: ""width""
size: 5
stride: 5]",0,1.0,0.06346474587917328,0.06407703459262848,0.30263158679008484,-0.15386055409908295,2.0,0.10299322754144669,0.06387609243392944,0.31052282452583313,0.43127331137657166,0.0,0.02751988358795643,0.06555326282978058,0.32051634788513184,-0.6093350052833557
1692309451.9031646,"[label: ""height""
size: 3
stride: 15, label: ""width""
size: 5
stride: 5]",0,1.0,0.0638953298330307,0.06461498141288757,0.30539432168006897,-0.17877483367919922,2.0,0.10275839269161224,0.0638115406036377,0.31018146872520447,0.44260090589523315,0.0,0.02751988358795643,0.06555326282978058,0.32051634788513184,-0.6093350052833557
1692309451.999324,"[label: ""height""
size: 3
stride: 15, label: ""width""
size: 5
stride: 5]",0,1.0,0.06322695314884186,0.0641327053308487,0.30292391777038574,-0.2043830305337906,2.0,0.10284662246704102,0.06393299251794815,0.31082820892333984,0.4507359266281128,0.0,0.027217507362365723,0.06575905531644821,0.3215961754322052,-0.6173176765441895
1692309452.100565,"[label: ""height""
size: 3
stride: 15, label: ""width""
size: 5
stride: 5]",0,1.0,0.06318603456020355,0.06395693123340607,0.30280378460884094,-0.21869626641273499,2.0,0.10284662246704102,0.06393299251794815,0.31082820892333984,0.4507359266281128,0.0,0.027076296508312225,0.06529221683740616,0.32002168893814087,-0.6259494423866272
1692309452.2004356,"[label: ""height""
size: 3
stride: 15, label: ""width""
size: 5
stride: 5]",0,1.0,0.06322695314884186,0.0641327053308487,0.30292391777038574,-0.2043830305337906,2.0,0.10275839269161224,0.0638115406036377,0.31018146872520447,0.44260090589523315,0.0,0.027076296508312225,0.06529221683740616,0.32002168893814087,-0.6259494423866272
1692309452.3026674,"[label: ""height""
size: 3
stride: 15, label: ""width""
size: 5
stride: 5]",0,1.0,0.06322695314884186,0.0641327053308487,0.30292391777038574,-0.2043830305337906,2.0,0.10275839269161224,0.0638115406036377,0.31018146872520447,0.44260090589523315,0.0,0.027217507362365723,0.06575905531644821,0.3215961754322052,-0.6173176765441895
1692309452.4008625,"[label: ""height""
size: 3
stride: 15, label: ""width""
size: 5
stride: 5]",0,1.0,0.06322695314884186,0.0641327053308487,0.30292391777038574,-0.2043830305337906,2.0,0.10284662246704102,0.06393299251794815,0.31082820892333984,0.4507359266281128,0.0,0.027076296508312225,0.06529221683740616,0.32002168893814087,-0.6259494423866272
1692309452.5150037,"[label: ""height""
size: 3
stride: 15, label: ""width""
size: 5
stride: 5]",0,1.0,0.06390175223350525,0.06446575373411179,0.3054676949977875,-0.18643736839294434,2.0,0.10275839269161224,0.0638115406036377,0.31018146872520447,0.44260090589523315,0.0,0.02751988358795643,0.06555326282978058,0.32051634788513184,-0.6093350052833557
1692309452.5930133,"[label: ""height""
size: 3
stride: 15, label: ""width""
size: 5
stride: 5]",0,1.0,0.06348606199026108,0.06395211815834045,0.30277761816978455,-0.16209176182746887,2.0,0.10331442952156067,0.06398475915193558,0.3111030161380768,0.4390265941619873,0.0,0.027387401089072227,0.06511148810386658,0.31906363368034363,-0.6176120042800903
1692309452.703389,"[label: ""height""
size: 3
stride: 15, label: ""width""
size: 5
stride: 5]",0,1.0,0.06348606199026108,0.06395211815834045,0.30277761816978455,-0.16209176182746887,2.0,0.10335006564855576,0.06393005698919296,0.31081244349479675,0.44981643557548523,0.0,0.027387401089072227,0.06511148810386658,0.31906363368034363,-0.6176120042800903
1692309452.8036091,"[label: ""height""
size: 3
stride: 15, label: ""width""
size: 5
stride: 5]",0,1.0,0.06330260634422302,0.06368530541658401,0.30146586894989014,-0.19249634444713593,2.0,0.10280712693929672,0.06371951848268509,0.30918607115745544,0.43462011218070984,0.0,0.027387401089072227,0.06511148810386658,0.31906363368034363,-0.6176120042800903
1692309452.9020343,"[label: ""height""
size: 3
stride: 15, label: ""width""
size: 5
stride: 5]",0,1.0,0.06330260634422302,0.06368530541658401,0.30146586894989014,-0.19249634444713593,2.0,0.10291446000337601,0.06377584487199783,0.30949029326438904,0.4535892903804779,0.0,0.027387401089072227,0.06511148810386658,0.31906363368034363,-0.6176120042800903
1692309453.0015852,"[label: ""height""
size: 3
stride: 15, label: ""width""
size: 5
stride: 5]",0,1.0,0.06330260634422302,0.06368530541658401,0.30146586894989014,-0.19249634444713593,2.0,0.10335006564855576,0.06393005698919296,0.31081244349479675,0.44981643557548523,0.0,0.027387401089072227,0.06511148810386658,0.31906363368034363,-0.6176120042800903
