Time,linear.x,linear.y,linear.z,angular.x,angular.y,angular.z
1692309238.955499,0.0003212869427162374,-0.0005559826380460335,-1.877755804147135e-05,-0.0005183164095918947,0.0,0.0
1692309239.042573,0.00033419672396145836,-0.0005401157821839397,-1.826895765986097e-05,-0.0005113694073975892,0.0,0.0
1692309239.1445994,0.0003449505717387367,-0.0005255185516429394,-1.7800213292626507e-05,-0.000504713777094237,0.0,0.0
1692309239.2382708,0.00034968409372287425,-0.000512747950757931,-1.7391008315714884e-05,-0.0005017627790382999,0.0,0.0
1692309239.3381565,0.00035785155527264434,-0.0005006664991339003,-1.699932021975634e-05,-0.0004943385891927067,0.0,0.0
1692309239.4431694,0.0003646550507436121,-0.0004892606222378512,-1.6623990415082568e-05,-0.00048731767637666434,0.0,0.0
1692309239.543538,0.0003703223624709097,-0.000478490034542417,-1.6271870799905173e-05,-0.0004805623853468578,0.0,0.0
1692309239.6416314,0.00037504323313976713,-0.0004683017385438372,-1.59333263399408e-05,-0.0004739817050128084,0.0,0.0
1692309239.7373075,0.0003789757184069254,-0.0004586372321841597,-1.5612772715706988e-05,-0.0004675159772041461,0.0,0.0
1692309239.839156,0.00038225147863445895,-0.0004494381984824786,-1.5307944547626455e-05,-0.00046112637635037097,0.0,0.0
1692309239.9454567,0.00038498018690401293,-0.0004406492913314259,-1.501242474773689e-05,-0.00045478792379763513,0.0,0.0
1692309240.045705,0.00038725320089254213,-0.00043221912950246156,-1.4730869378558103e-05,-0.0004484847808465855,0.0,0.0
1692309240.1375532,0.0003891466215449684,-0.0004241016762017877,-1.4457415047633041e-05,-0.0004422070049409034,0.0,0.0
1692309240.242219,0.00039072384094845805,-0.0004162557198570696,-1.419470681974579e-05,-0.0004359485100716423,0.0,0.0
1692309240.3408613,0.00039203766471155563,-0.0004086450991344778,-1.3941797797516595e-05,-0.0004297056097015419,0.0,0.0
1692309240.4392335,0.0003931320799062252,-0.00040123847698005435,-1.369053057154328e-05,-0.0004234761249773536,0.0,0.0
1692309240.5395916,0.00039826817119218555,-0.00039331383981680654,-1.3418934227947973e-05,-0.0004137314224533033,0.0,0.0
1692309240.641823,0.0004067710022494412,-0.00038446228438103567,-1.3103030859246981e-05,-0.00040152133960332165,0.0,0.0
1692309240.7416246,0.0004138538605201351,-0.0003751686476118959,-1.2782767188298811e-05,-0.0003910800353942027,0.0,0.0
1692309240.837165,0.000419753881459614,-0.0003657358782829812,-1.2449928153094914e-05,-0.00038183068261817693,0.0,0.0
1692309240.9439988,0.0004246685989022184,-0.00035634530574661015,-1.2120410245165886e-05,-0.0003733824638031076,0.0,0.0
1692309241.0423243,0.00042876255853190786,-0.0003470995497931691,-1.1811374579967996e-05,-0.00036547104187165916,0.0,0.0
1692309241.1403747,0.0004321728269034577,-0.0003380519261997945,-1.1505489945072849e-05,-0.00035791804025918437,0.0,0.0
1692309241.2375338,0.00043501358045694015,-0.00032922350129170093,-1.120184704265807e-05,-0.00035060362516948845,0.0,0.0
1692309241.3417149,0.0004373799281669911,-0.00032061577011618714,-1.0907296758540302e-05,-0.0003434475391058823,0.0,0.0
1692309241.4443266,0.0004393510958094728,-0.00031221927613505647,-1.0620693684650913e-05,-0.00033639622505818914,0.0,0.0
1692309241.542782,0.00044099307845566003,-0.0003040185023407842,-1.034255976975419e-05,-0.0003294141623485271,0.0,0.0
1692309241.6439226,0.00044236084999992476,-0.0002959955051463585,-1.0065302219137392e-05,-0.0003224779339084693,0.0,0.0
1692309241.746211,0.00044350020369629724,-0.00028813110879594866,-9.798160082887056e-06,-0.00031557226633420563,0.0,0.0
1692309241.8393683,0.0004444492853253755,-0.00028040702716619154,-9.53979765576379e-06,-0.00030868720697491635,0.0,0.0
1692309241.9392262,0.00044523987032238843,-0.0002728065281925032,-9.278446687773218e-06,-0.0003018163737100286,0.0,0.0
1692309242.0434453,0.0004458984276249188,-0.0002653136356205432,-9.025190548389248e-06,-0.00029495579154023593,0.0,0.0
1692309242.1413772,0.00044644700585793587,-0.0002579146940948173,-8.770733408914917e-06,-0.0002881029190124485,0.0,0.0
1692309242.2432864,0.00044690397152602056,-0.000250597223919589,-8.518853816670848e-06,-0.00028125624409670717,0.0,0.0
1692309242.340611,0.000447284623927535,-0.00024335039073251693,-8.269742325565607e-06,-0.000274414833700456,0.0,0.0
1692309242.4415865,0.00044760170737800583,-0.00023616469423792718,-8.025385995582069e-06,-0.00026757812658517586,0.0,0.0
1692309242.543238,0.00044786583789223876,-0.00022903198624217791,-7.784772279038955e-06,-0.00026074577085969915,0.0,0.0
1692309242.6384706,0.0004480858586105855,-0.00022194547976980828,-7.539445651295906e-06,-0.00025391754811553304,0.0,0.0
1692309242.7428133,0.0004482691358689777,-0.00021489877364916986,-7.298457587128794e-06,-0.00024709335846105244,0.0,0.0
1692309242.842052,0.00044842180582521836,-0.00020788671399099042,-7.058894463509002e-06,-0.00024027306743480405,0.0,0.0
1692309242.946364,0.00044854897989876684,-0.0002009047592166498,-6.821361481657632e-06,-0.00023345657030769985,0.0,0.0
1692309243.039876,0.00044865491590204197,-0.0001939490182357213,-6.585848489744276e-06,-0.00022664375547251138,0.0,0.0
1692309243.1405916,0.0004487431605927609,-0.0001870162412558191,-6.349394511100799e-06,-0.00021983450392461208,0.0,0.0
1692309243.2418768,0.00044881666842012046,-0.000180103483298122,-6.113820258189243e-06,-0.0002130287061461695,0.0,0.0
1692309243.3424904,0.00044887790044032027,-0.00017320826043391347,-5.879081831131297e-06,-0.00020622623014656717,0.0,0.0
1692309243.4427626,0.00044892890671313743,-0.0001663283809800004,-5.646556475411041e-06,-0.00019942693720251899,0.0,0.0
1692309243.545977,0.00044897139493841264,-0.00015946204033735067,-5.4147602225965095e-06,-0.00019263067507056382,0.0,0.0
1692309243.6427488,0.0004490067876300669,-0.00015260770790104862,-5.181504188883366e-06,-0.00018583729926663288,0.0,0.0
1692309243.7384968,0.000449036269742215,-0.0001457639244300159,-4.948864832454343e-06,-0.00017904667777789268,0.0,0.0
1692309243.836561,0.0004490608283415972,-0.00013892944542451803,-4.717976085294454e-06,-0.0001722586644040073,0.0,0.0
1692309243.946002,0.00044908128565490115,-0.00013210330474351927,-4.486361264363681e-06,-0.0001654731087575567,0.0,0.0
1692309244.0407922,0.00044909832659689264,-0.00012528454907981366,-4.255183394362927e-06,-0.0001586898809530365,0.0,0.0
1692309244.1438098,0.0004491125217015715,-0.00011847240146542847,-4.0238284113664935e-06,-0.00015190884718536583,0.0,0.0
1692309244.2392306,0.0004491243462237597,-0.00011166613932803783,-3.7930401376661933e-06,-0.00014512988301975684,0.0,0.0
1692309244.342629,0.00044913419605076103,-0.00010486518466436025,-3.561834635552101e-06,-0.00013835286481108215,0.0,0.0
1692309244.4413776,0.00044914240095662535,-9.806897094740655e-05,-3.3311068133366628e-06,-0.00013157768162134914,0.0,0.0
1692309244.5443335,0.0004491492356432196,-9.127702645706642e-05,-3.1008483005297927e-06,-0.00012480422264847104,0.0,0.0
1692309244.643703,0.0004491549289371619,-8.448896580120238e-05,-2.8701503819252102e-06,-0.00011803238391675482,0.0,0.0
1692309244.7390206,0.00044915967145100653,-7.770442521419404e-05,-2.6389204677635583e-06,-0.0001112620737188655,0.0,0.0
1692309244.8408122,0.0004491636219650391,-7.092303433618506e-05,-2.4085293040236736e-06,-0.00010449320647538656,0.0,0.0
1692309244.9420888,0.0004491669127432282,-6.414453094479486e-05,-2.1782193055915756e-06,-9.772569356310577e-05,0.0,0.0
1692309245.0448565,0.000449169653961469,-5.736865087766623e-05,-1.948245645111929e-06,-9.095945775325897e-05,0.0,0.0
1692309245.1427407,0.0004491719373962543,-5.05951829838127e-05,-1.7181301903379038e-06,-8.419442567804614e-05,0.0,0.0
1692309245.242303,0.00044917383949743975,-4.382390816030849e-05,-1.4883708831029054e-06,-7.743053238674319e-05,0.0,0.0
1692309245.3429701,0.0004491754239477365,-3.705466357432013e-05,-1.2584448111454278e-06,-7.066771447918975e-05,0.0,0.0
1692309245.4415238,0.0004491767437948337,-3.0287278810217077e-05,-1.0286288260767706e-06,-6.390591673999744e-05,0.0,0.0
1692309245.5409818,0.00044917784322745643,-2.352161099626072e-05,-7.988880034002059e-07,-5.714508630474596e-05,0.0,0.0
1692309245.6419494,0.0004491787590548311,-1.67575309340671e-05,-5.692274151306563e-07,-5.038517467261366e-05,0.0,0.0
1692309245.7422967,0.0004491795219390343,-9.994927791418318e-06,-3.3950317173807344e-07,-4.362613713714641e-05,0.0,0.0
1692309245.8438654,0.00044918015742157554,-3.233691116853608e-06,-1.0991239847163035e-07,-3.6867933455467346e-05,0.0,0.0
1692309245.9425128,0.00044918068677852314,3.5262796117240063e-06,1.1933378601515185e-07,-3.0110525335683908e-05,0.0,0.0
1692309246.0447147,0.00044918112773287896,1.028503841767978e-05,3.4912757405247066e-07,-2.3353876328847106e-05,0.0,0.0
1692309246.1399148,0.0004491814950478481,1.7042699257422863e-05,5.783285911051874e-07,-1.6597958640759114e-05,0.0,0.0
1692309246.2400448,0.00044918180102121734,2.3799302386879947e-05,8.077683269921636e-07,-9.842739352298787e-06,0.0,0.0
1692309246.3438303,0.0004491820558970433,3.0554890227096764e-05,1.0380057032601637e-06,-3.0881937497487826e-06,0.0,0.0
1692309246.4451725,0.00044918226820859705,3.730952947852299e-05,1.2686843140682049e-06,3.665697501176663e-06,0.0,0.0
1692309246.541828,0.00044918244506413985,4.4063366117935795e-05,1.4969535107750603e-06,1.0418954643250924e-05,0.0,0.0
1692309246.6379821,0.0004491825923847885,5.0816353458701736e-05,1.7255731060442563e-06,1.7171614018874362e-05,0.0,0.0
1692309246.7394178,0.00044918271510290724,5.7568526892890024e-05,1.9547328992439668e-06,2.3923690545494007e-05,0.0,0.0
1692309246.8414624,0.00044918281732706314,6.431996611602636e-05,2.1831781115803468e-06,3.0675197182515636e-05,0.0,0.0
1692309246.9412954,0.005326629189149848,0.0008729188114624615,2.9793764131751693e-05,0.004110093803350317,0.0,0.0
1692309247.037744,0.009389542016878227,0.0021266184545893083,7.253332410411286e-05,0.006976540379931018,0.0,0.0
1692309247.1412613,0.012773948402375966,0.0035978512516570177,0.00012235487434138665,0.00902658986449528,0.0,0.0
1692309247.24595,0.015593158921495563,0.0051447691251577735,0.00017453727080973954,0.01052920729011233,0.0,0.0
1692309247.3377304,0.017920438577447222,0.006678548191603002,0.00022419166399879109,0.011648776549218576,0.0,0.0
1692309247.4463212,0.019859062530854954,0.008151992632260375,0.0002717163988834305,0.012531056252942485,0.0,0.0
1692309247.5413225,0.02145703781756974,0.009538147376191315,0.00031776008483821024,0.013242869669369625,0.0,0.0
1692309247.6400034,0.02269098680119503,0.010812704783408043,0.0003576738594255001,0.013775604140966397,0.0,0.0
1692309247.7378664,0.023604800254832158,0.011963809526600044,0.00039358373647832383,0.014174087414649062,0.0,0.0
1692309247.84035,0.024175894303896106,0.012977859561479031,0.0004214450328317167,0.014418285896871698,0.0,0.0
1692309247.941472,0.028497625504647524,0.01451644234952322,0.0004614079891338301,0.017926121109773617,0.0,0.0
1692309248.0447679,0.03190357960232986,0.016288546541127658,0.0005017407839132202,0.020352137533393447,0.0,0.0
1692309248.1386445,0.03539744816283304,0.01825388292418764,0.0005392256324264299,0.022756807220220207,0.0,0.0
1692309248.2435966,0.03813459579540145,0.02024620284097361,0.0005703734255411515,0.024472476474637996,0.0,0.0
1692309248.3424993,0.04099033861727945,0.022290690619182665,0.0005980457405907739,0.026348431181489038,0.0,0.0
1692309248.4448438,0.043043900515799385,0.0242539027236866,0.0006156485913366795,0.027597133071408486,0.0,0.0
1692309248.5453906,0.04464606120367041,0.026097036396596125,0.0006227741855383942,0.028599861760560872,0.0,0.0
1692309248.6477332,0.04638898903619091,0.02788837729945403,0.0006054088346363416,0.029868934581835642,0.0,0.0
1692309248.7438865,0.04753667621259048,0.029554056114187276,0.0005831726888129869,0.030734945626261317,0.0,0.0
1692309248.8425605,0.04813767529039866,0.031048048520149217,0.0005593738682295394,0.031281988930381616,0.0,0.0
1692309248.9408078,0.04926590164560559,0.03251232912296799,0.0005292701356935982,0.032428115422050305,0.0,0.0
1692309249.0428457,0.04965202815303443,0.0338385865337688,0.0005023637099664616,0.033007861210095454,0.0,0.0
1692309249.1415389,0.04946660690962482,0.03497628324574477,0.00048061493376636043,0.03323285391932218,0.0,0.0
1692309249.2414272,0.04872042268202733,0.03588934479649895,0.00045382583962843225,0.03313692180845912,0.0,0.0
1692309249.3385122,0.0477311322921063,0.03660197522318162,0.0004304231573495836,0.03299814821927675,0.0,0.0
1692309249.443608,0.04636194123033249,0.037107125673981896,0.00040419722935241837,0.03267348004313247,0.0,0.0
1692309249.5406785,0.044426912991473805,0.03736731618702209,0.0003714821343718165,0.032001676822271945,0.0,0.0
1692309249.6446893,0.045159567991228916,0.03788555535593821,0.00034005355550306173,0.033697024586959674,0.0,0.0
1692309249.7421453,0.04505793148517744,0.03844700686100933,0.0003054434000414735,0.034489064496328055,0.0,0.0
1692309249.8444092,0.04503105655840968,0.039048921361693086,0.00026272453210382903,0.03529665612566518,0.0,0.0
1692309249.9474633,0.04437908451737202,0.03957480856589146,0.00022264350066487354,0.03554108997443461,0.0,0.0
1692309250.0411248,0.04321486633741053,0.03995970037374387,0.00017542538584998084,0.03539736310300746,0.0,0.0
1692309250.1437824,0.04160681406566065,0.040167359752043386,0.00012967875630519663,0.03496226534716109,0.0,0.0
1692309250.2441466,0.040900432227734686,0.040391769557615684,8.479588742580269e-05,0.03537629919989248,0.0,0.0
1692309250.3399403,0.03973716007792592,0.0405480843568203,4.7282481543706046e-05,0.03536744887790079,0.0,0.0
1692309250.4430673,0.038142736676410494,0.04057971308336989,1.6874565637669666e-05,0.03501629045578465,0.0,0.0
1692309250.5437958,0.03617649287960589,0.04045515306363656,-9.178916346493393e-06,0.03440761375784564,0.0,0.0
1692309250.6422877,0.034073655822213715,0.04018945047173733,-2.702751422454589e-05,0.03375324449088819,0.0,0.0
1692309250.742137,0.031590919650260674,0.039752229262920644,-4.54967799456543e-05,0.03283297350353264,0.0,0.0
1692309250.8369772,0.028998668123648916,0.03916508842041045,-5.862653979173613e-05,0.03188682818212347,0.0,0.0
1692309250.942125,0.026154755094440096,0.038418969000668636,-7.344441462726904e-05,0.030774407102802576,0.0,0.0
1692309251.040116,0.023118124237478204,0.03751610886646209,-8.03159298081722e-05,0.029545101136120425,0.0,0.0
1692309251.1397893,0.0195699323590413,0.036404627113879075,-7.84050125915627e-05,0.027925116510095077,0.0,0.0
1692309251.238577,0.015925510749787885,0.03511440823809247,-7.326974238057123e-05,0.026289978563284435,0.0,0.0
1692309251.336007,0.012289703553637078,0.033682873122665366,-6.57071597876394e-05,0.02469890089844145,0.0,0.0
1692309251.443534,0.008660858836156096,0.032135701951767244,-5.9013479599724896e-05,0.023119259713787584,0.0,0.0
1692309251.5426254,0.005042263588399128,0.030491313959374697,-5.435974124063394e-05,0.021532749490796744,0.0,0.0
1692309251.6419857,0.0015672428028092478,0.02878454570529398,-4.890768775033142e-05,0.020036069981238018,0.0,0.0
1692309251.7416508,0.004574287196593539,0.02808298408324687,-4.3070098159163156e-05,0.023897438788262775,0.0,0.0
1692309251.8389869,0.006246680941071845,0.027871846757070714,-3.144432052307358e-05,0.025881699713144093,0.0,0.0
1692309251.9374552,0.007470708832911673,0.027935520223436698,-2.1114370924177923e-05,0.027132535041400584,0.0,0.0
1692309252.0435774,0.00799578219572774,0.028081935303578123,-1.2061758733363723e-05,0.027612908905651382,0.0,0.0
1692309252.1362438,0.008006484260490195,0.02820529651137936,-4.333295664740563e-06,0.027619672842829575,0.0,0.0
1692309252.2426262,0.007711063048755423,0.028264038337762004,2.197677789247673e-06,0.027400405690032135,0.0,0.0
1692309252.339076,0.00675909159168783,0.028170039538188432,1.1378062306326934e-05,0.026687366529770124,0.0,0.0
1692309252.436803,0.005573242971249931,0.027928376273523934,2.2806685481019425e-05,0.025887086862954146,0.0,0.0
1692309252.5412521,0.004272643791162161,0.027560715092137172,3.086534868232975e-05,0.025086013887585544,0.0,0.0
1692309252.636906,0.002504749094396046,0.027023230414684265,3.428754540464221e-05,0.023966585782812376,0.0,0.0
1692309252.7367358,0.0006854895527681662,0.026351500290810414,3.709751139529877e-05,0.022898127704242016,0.0,0.0
1692309252.8370118,-0.001260824451155205,0.025557231585454355,4.0375299866290557e-05,0.02178459842650391,0.0,0.0
1692309252.936505,0.0025676673924548725,0.025618596262709202,4.268397442525683e-05,0.025539591290306494,0.0,0.0
1692309253.0412967,0.0053172076816137654,0.02611357822953836,4.468371800312943e-05,0.027785031245414676,0.0,0.0
1692309253.138266,0.008243059693813741,0.026952369114798466,5.460607612072192e-05,0.029899993205738686,0.0,0.0
1692309253.2370193,0.010380188661170672,0.027915380936777066,6.805872874246972e-05,0.03116215784348809,0.0,0.0
1692309253.3382938,0.011851858019803051,0.0288672724939385,7.809489054652768e-05,0.031837795967826474,0.0,0.0
1692309253.434646,0.01405050594527469,0.029940027234828324,8.556916277298915e-05,0.033183591512431575,0.0,0.0
1692309253.540288,0.016698423458680823,0.03118263144102071,9.349422754047447e-05,0.03487624415821683,0.0,0.0
1692309253.6449537,0.019147294375894165,0.03252452687205917,9.376584243852222e-05,0.03634595462136742,0.0,0.0
1692309253.741916,0.02120044913262858,0.03388348156862156,0.00010045484612443108,0.03748213297674881,0.0,0.0
1692309253.8383403,0.02247590125760167,0.035137731208983454,0.00010805262280849892,0.03802283057025504,0.0,0.0
1692309253.9421525,0.024588139687610457,0.036464513812280046,0.00011985199261453491,0.03939468690385392,0.0,0.0
1692309254.0409474,0.025806930839082223,0.0377057040929379,0.000131073902243172,0.04002614983260157,0.0,0.0
1692309254.1415083,0.026306513197548002,0.03877604197050443,0.0001397100075629032,0.04016931464228906,0.0,0.0
1692309254.239839,0.0262157998998459,0.03963391510501054,0.00014373164690388454,0.03998094232607829,0.0,0.0
1692309254.3411024,0.02815861238744751,0.04067888419934785,0.0001415082758076266,0.04166760852985624,0.0,0.0
1692309254.4395847,0.02998264178423406,0.04184312761053823,0.0001368833155582238,0.04315314128714756,0.0,0.0
1692309254.5381439,0.03088957653072283,0.04294803387932025,0.00012342595155423095,0.04382592903819132,0.0,0.0
1692309254.6394398,0.030989887826867533,0.04388370401606205,0.00010777470845090732,0.04390237498317679,0.0,0.0
1692309254.7368639,0.032169779312060734,0.04488022957729011,8.809376828115225e-05,0.04502545706690104,0.0,0.0
1692309254.8370414,0.03265433806872204,0.04580996185355997,6.917872139011838e-05,0.04554934428540719,0.0,0.0
1692309254.9397593,0.03391145676946751,0.04682265392415527,5.627234305367901e-05,0.046787268346137965,0.0,0.0
1692309255.0346706,0.034210977188884294,0.04774105642643453,4.9197748252362085e-05,0.04719042537601293,0.0,0.0
1692309255.136969,0.033780492737467194,0.04847530489010446,4.8001076421740006e-05,0.04707069684560787,0.0,0.0
1692309255.238396,0.03537070996249097,0.04941194602341675,4.872560894224108e-05,0.04877835326227398,0.0,0.0
1692309255.339478,0.03611263391593144,0.050356307966447834,6.047320349200427e-05,0.04965004160274022,0.0,0.0
1692309255.4349298,0.03635108673453412,0.05122653340045299,5.935076818066343e-05,0.05011460169687059,0.0,0.0
1692309255.5362782,0.0357473050818846,0.051907724177872386,4.954918562239397e-05,0.04994342433322656,0.0,0.0
1692309255.6365025,0.036412012058451265,0.05266330760475466,2.8292542325399672e-05,0.05097042756833653,0.0,0.0
1692309255.7364259,0.0369709760084188,0.05345556087648438,-9.44033264912005e-06,0.051862033027929036,0.0,0.0
1692309255.8377845,0.03738956878350357,0.054252141803992106,-8.390048846211881e-05,0.052618851411230454,0.0,0.0
1692309255.935473,0.03795743747240343,0.05507784461873456,-0.0001740627822296851,0.053506141002399615,0.0,0.0
1692309256.0390036,0.03832561339861456,0.055893138396772846,-0.0002762894388306941,0.05421615540803197,0.0,0.0
1692309256.1354032,0.03772057801746364,0.05654253355802491,-0.0003837890194289945,0.05413072413297023,0.0,0.0
1692309256.237478,0.03894099433698229,0.05737405255335562,-0.0004914327318725443,0.05568913423111694,0.0,0.0
1692309256.334887,0.038445812435198644,0.05805453570054926,-0.0006115543090252819,0.05569385633779154,0.0,0.0
1692309256.4377778,0.03821651189719701,0.058671093809190625,-0.0007521235172985886,0.05603112378206392,0.0,0.0
1692309256.5374823,0.03808691121541278,0.059258337161877866,-0.0008941391918772059,0.05649512867364944,0.0,0.0
1692309256.635913,0.03804475387189151,0.059837581957367436,-0.0010647390495761733,0.05704940189304388,0.0,0.0
1692309256.7360632,0.038219974756043815,0.06044678807499658,-0.0012324281138880208,0.05778622769546826,0.0,0.0
1692309256.8372786,0.03729951296843892,0.060897871390457006,-0.001360127543897843,0.05758453069243746,0.0,0.0
1692309256.9367874,0.03704837755288504,0.0613450384727203,-0.0014467109411333138,0.05804601111400168,0.0,0.0
1692309257.0380993,0.0364120749883201,0.06172545446722105,-0.0014578822665333275,0.05817916926905396,0.0,0.0
1692309257.138556,0.03654212277573895,0.06218172550884775,-0.0014240636134127465,0.058988521651552966,0.0,0.0
1692309257.2358336,0.03595777371637762,0.06257288392448017,-0.0013645097201840284,0.05913915452426898,0.0,0.0
1692309257.33626,0.035226798121410885,0.06289207695463776,-0.0012459920334252838,0.059203524421651124,0.0,0.0
1692309257.4358861,0.035039676069439946,0.06324652763091271,-0.0011034142385759134,0.05975976784327748,0.0,0.0
1692309257.5391638,0.03394744570205658,0.06347495019922504,-0.0009658382509674368,0.05952281555315324,0.0,0.0
1692309257.638487,0.032083578651992406,0.06348349527139659,-0.0008324809457892592,0.058713801773029664,0.0,0.0
1692309257.7363737,0.03067124381125441,0.06340446070925834,-0.0007208621251332109,0.058409761546653394,0.0,0.0
1692309257.8363752,0.02995538296487674,0.06337179294463972,-0.0006213204901329237,0.058715661119166776,0.0,0.0
1692309257.9385483,0.028372058367043203,0.0632243064432795,-0.0005528751133134128,0.05823318930033596,0.0,0.0
1692309258.0410256,0.026222932661366133,0.06289599063687872,-0.0005075425249860793,0.05732555005935005,0.0,0.0
1692309258.1371,0.025734407498851492,0.06270461436446967,-0.0004673313714334959,0.0578904399954753,0.0,0.0
1692309258.2389317,0.024234261892231386,0.062438571840297274,-0.00042947710222755416,0.05747687993316026,0.0,0.0
1692309258.3366187,0.023243500937379178,0.0621968121450298,-0.0004147618055105372,0.05750533913382849,0.0,0.0
1692309258.4400349,0.022724623832393334,0.06204430474312082,-0.00040519540380142406,0.057875943201655115,0.0,0.0
1692309258.5338843,0.021664355961356692,0.061861849566085605,-0.0003759872257365877,0.05770254044500967,0.0,0.0
1692309258.6412933,0.0208116344679272,0.06168751046436703,-0.0003351471348206281,0.05769629970418008,0.0,0.0
1692309258.7349985,0.019933642632838512,0.0615103780830944,-0.0002940606844754173,0.05763685663050147,0.0,0.0
1692309258.8338602,0.01767454176120113,0.06109982678621434,-0.0002583723084139669,0.056400860495002314,0.0,0.0
1692309258.9335592,0.014846227169457568,0.06042298581813208,-0.0002441911798688834,0.05482021648363249,0.0,0.0
1692309259.0419452,0.011442366175073647,0.059453031395391806,-0.00024146611025732077,0.052898995959909656,0.0,0.0
1692309259.1414692,0.010763030717610944,0.058711158541189565,-0.0002461087728203097,0.05339688336674773,0.0,0.0
1692309259.2362707,0.010173270645405894,0.058137810279765084,-0.00026406925082245105,0.053753076120407646,0.0,0.0
1692309259.341239,0.009028212958581165,0.05758666960905466,-0.0002839064233471923,0.05348467125439331,0.0,0.0
1692309259.4342918,0.008116883590368822,0.057083711222674804,-0.00031552218433089565,0.05335946183604804,0.0,0.0
1692309259.535296,0.008098808278468676,0.0567568168106985,-0.00034368252236257403,0.053913564384120774,0.0,0.0
1692309259.6335585,0.007437112536954473,0.0564462021887367,-0.0003574010201185033,0.053782933665863314,0.0,0.0
1692309259.7384245,0.005715187327665015,0.05596974943758584,-0.00035626975896517916,0.05273706055884128,0.0,0.0
1692309259.8362477,0.005522827860474961,0.05562213650902342,-0.0003511495167813807,0.05306079442501704,0.0,0.0
1692309259.9402945,0.00523663603793409,0.05534765901040092,-0.0003398832224981084,0.05319380872599368,0.0,0.0
1692309260.0363817,0.005249267774471945,0.05517202191021948,-0.0003302091058546627,0.053509281759564084,0.0,0.0
1692309260.139634,0.0055501990205995486,0.055112880479005436,-0.0003200327281395904,0.05398601309812581,0.0,0.0
1692309260.237618,0.0051374077627941534,0.055019127796320774,-0.0003112003364315007,0.05378153011716109,0.0,0.0
1692309260.3384347,0.005248077205954964,0.054986239570709625,-0.0003111423100761949,0.0540358620248455,0.0,0.0
1692309260.4408948,0.005730174073017768,0.0550578728434133,-0.0003037008157393819,0.054556296424837454,0.0,0.0
1692309260.5380404,0.005404966840205263,0.05507214278409717,-0.0002873847998227341,0.05433296134224702,0.0,0.0
1692309260.6410434,0.006289158981809934,0.055244846413627084,-0.0002483610414497646,0.05516294811470057,0.0,0.0
1692309260.742549,0.00670836399272682,0.05545558645307941,-0.00016897473428415923,0.055500964195432254,0.0,0.0
1692309260.843896,0.00733363597490703,0.05572938594548219,-8.96166038225433e-05,0.055995880168864476,0.0,0.0
1692309260.9387834,0.008099045374542632,0.05607363248315725,-4.376060857608788e-06,0.0565774176899347,0.0,0.0
1692309261.037602,0.008471873049370925,0.056406687891659105,6.328321746124504e-05,0.05679857827297506,0.0,0.0
1692309261.1383376,0.00890217365616148,0.05674406122189274,0.00011030326265435762,0.05709257905496891,0.0,0.0
1692309261.2399662,0.009352522683078596,0.05709052116640785,0.0001276439530183797,0.05741618307103903,0.0,0.0
1692309261.3420835,0.010097339069834567,0.05749444393113039,0.00012201606287703174,0.05799469364802651,0.0,0.0
1692309261.438781,0.01085618150812621,0.0579445717588179,9.455202543643055e-05,0.05856140788035692,0.0,0.0
1692309261.540693,0.011518290834338533,0.058414976111730174,5.908389229576335e-05,0.059033734919340275,0.0,0.0
1692309261.639335,0.011090896876509071,0.05872389985502401,1.1229598028984213e-05,0.05860161364187919,0.0,0.0
1692309261.7402804,0.011571604806183857,0.05906865882887014,-5.6481734698598404e-05,0.05905386244564349,0.0,0.0
1692309261.838697,0.010940752554756215,0.059258181500171904,-7.927944742087877e-05,0.05856272158296509,0.0,0.0
1692309261.934687,0.011274083319355631,0.0594956884971302,-0.0001220783624722118,0.05899019440032823,0.0,0.0
1692309262.0412426,0.011483584624058022,0.059747782852674514,-0.00014350722428670376,0.05928321171124404,0.0,0.0
1692309262.1479585,0.012177804397335346,0.060090546526194465,-0.00018873452114305715,0.05997497816487812,0.0,0.0
1692309262.2396104,0.012634310373842363,0.06046054332802726,-0.00022426716838001352,0.06041224333104486,0.0,0.0
1692309262.3391173,0.011946812733042336,0.060663546159991616,-0.00025683325010461956,0.05988553233056271,0.0,0.0
1692309262.4376137,0.011965302309129193,0.06086381594187041,-0.0002899354663846727,0.060069644670484486,0.0,0.0
1692309262.538657,0.012090272314898837,0.06107984166412184,-0.000300225362403908,0.06034483644391813,0.0,0.0
1692309262.6366475,0.011146385966642918,0.061131375563595144,-0.0003076763209365914,0.059717438539125145,0.0,0.0
1692309262.7399993,0.011259915197445418,0.06123842637725722,-0.0002631441876699357,0.060083424737856946,0.0,0.0
1692309262.837403,0.011611757930237497,0.061423198892744765,-0.00018395817325068508,0.06060344206923904,0.0,0.0
1692309262.9417243,0.0112035722480436,0.06153831597485621,-0.00010710585868215552,0.06043260115329,0.0,0.0
1692309263.048134,0.011840864141271093,0.06177482592328529,7.942672147737804e-06,0.061181101979849446,0.0,0.0
1692309263.1396816,0.012129145872704871,0.06204070549419457,0.00015113086429689176,0.061553455788750835,0.0,0.0
1692309263.235574,0.012503490059982516,0.06234216375714145,0.00032165840200512196,0.06198108207291132,0.0,0.0
1692309263.3373647,0.012553170965659685,0.06261709667174072,0.00048100705146221555,0.0621182109916865,0.0,0.0
1692309263.4395583,0.013070472967614988,0.06295087472561346,0.0006306873943664885,0.06266987370070351,0.0,0.0
1692309263.540465,0.01259643307900753,0.06316557022463354,0.0007353162291880199,0.06235931312430967,0.0,0.0
1692309263.6384315,0.013106483201535752,0.06345728869988924,0.0008167794054936093,0.06295793733069854,0.0,0.0
1692309263.7434971,0.013830489176248057,0.06383992900417634,0.0008816888820975202,0.06368502437326629,0.0,0.0
1692309263.8387938,0.013343617958659392,0.06408976950615265,0.0009395671146896437,0.06334598141054863,0.0,0.0
1692309263.939477,0.013241134128102666,0.06430888082346861,0.000979422443031893,0.06342625524792886,0.0,0.0
1692309264.040761,0.01346639556941672,0.06455969557110018,0.0010263742061958564,0.0638028778830767,0.0,0.0
1692309264.1371033,0.013382895979702016,0.06478298384946393,0.0010599820612989818,0.06390075066033221,0.0,0.0
1692309264.239325,0.012181731900242004,0.06480274575297937,0.001090244655101895,0.06308592625350741,0.0,0.0
1692309264.336539,0.01183337413442484,0.06481629521871056,0.0010979004533429244,0.06311881959049598,0.0,0.0
1692309264.4384067,0.011141233347034027,0.06476725310540069,0.0010674885304260899,0.06285794363254486,0.0,0.0
1692309264.5396008,0.01110538169616026,0.06477916161098722,0.0010019482199748215,0.06317626803538746,0.0,0.0
1692309264.6421409,0.011053082522339329,0.06482980071249025,0.0009302349604198823,0.06342694558883519,0.0,0.0
1692309264.7379398,0.011281783317074598,0.06495299222067882,0.0008565619303223005,0.06387703095390138,0.0,0.0
1692309264.8385174,0.010012566649426183,0.06488099834468009,0.0007827208500518745,0.06302133692238418,0.0,0.0
1692309264.937181,0.009310952294650312,0.0647610469812279,0.0007035019502040733,0.06276682481491623,0.0,0.0
1692309265.0357847,0.0074990434079780155,0.06442144806569242,0.0006434867666581659,0.061603607987671095,0.0,0.0
1692309265.1362782,0.007096164294343625,0.06415238464378767,0.0006027153188115147,0.06174713471114346,0.0,0.0
1692309265.235792,0.005556611444631384,0.0637426245664457,0.0005843598560980658,0.06086720780253428,0.0,0.0
1692309265.3380218,0.0050852373569936415,0.06340340815024621,0.0005674254861623718,0.060950492729572425,0.0,0.0
1692309265.43794,0.00476565945669391,0.06313524190678887,0.0005527953539936454,0.06108463606550235,0.0,0.0
1692309265.5400896,0.004891006654901463,0.06298731896224322,0.0005733273941435323,0.06151949238191968,0.0,0.0
1692309265.6384642,0.0049442634420352564,0.06291079603980114,0.0006459402753666624,0.06179558473229377,0.0,0.0
1692309265.7411613,0.004964273890493839,0.06287897232047915,0.0007204596869716934,0.06198510211708864,0.0,0.0
1692309265.8364294,0.003413879521043783,0.06261785843581265,0.0008857424008787932,0.06082717922123178,0.0,0.0
1692309265.9376216,0.0028177654068836096,0.06234943284688058,0.0010289125813882833,0.06061274883367006,0.0,0.0
1692309266.0364501,0.0025052086893884947,0.06211951552796348,0.0011559599184559745,0.06062316081946695,0.0,0.0
1692309266.136615,0.002220768045474963,0.06191716100116927,0.0013327229381840202,0.0606149380521214,0.0,0.0
1692309266.2453597,0.0021638003524400264,0.061772952508010986,0.0014497234225104476,0.060762916480933744,0.0,0.0
1692309266.335967,0.002258390167304778,0.06169232032468379,0.0015636533867447546,0.06098843440903694,0.0,0.0
1692309266.4424133,0.002283372672486923,0.06164608837014311,0.001636717388165959,0.061105570665867796,0.0,0.0
1692309266.5388622,0.0023261699974616522,0.06162748822958629,0.0016614002000095288,0.06121165504057651,0.0,0.0
1692309266.638386,0.0025041551692944293,0.06165095151672299,0.00164060167974254,0.061411480115840966,0.0,0.0
1692309266.7394145,0.002414890952347125,0.06165981695853287,0.001623105053234247,0.06136091503832995,0.0,0.0
1692309266.8399966,0.0015698053078952129,0.061534808803194854,0.001578709329214338,0.06069091413648814,0.0,0.0
1692309266.9423497,0.0018723998210231573,0.06150126546624692,0.0015525885422566523,0.06106957941963733,0.0,0.0
1692309267.0374424,0.001449536918000082,0.061412853912042056,0.0015551547933682732,0.06077458190148244,0.0,0.0
1692309267.1427941,0.0016480529119755954,0.061386146405355634,0.0015999764416276495,0.061032859001737244,0.0,0.0
1692309267.2371523,0.0012669078211277965,0.061304744713293224,0.0017523926305714685,0.060760488169491554,0.0,0.0
1692309267.3373144,0.0012331422499781562,0.06124140894174136,0.0019458874526538212,0.060810023042126196,0.0,0.0
1692309267.4404829,0.00022729187884841854,0.0610296715015821,0.0021693686172657104,0.06002927617364042,0.0,0.0
1692309267.5400302,9.703379318939174e-05,0.06085325425725041,0.0024241053772110855,0.060072427748185386,0.0,0.0
1692309267.6391697,-0.0006454163885301561,0.06060391929473993,0.002621011602421998,0.059566299656156674,0.0,0.0
1692309267.740524,-0.0009518756786358627,0.06036911275566041,0.0028233297708019503,0.059464602539111816,0.0,0.0
1692309267.8391886,-0.0014299069419739466,0.06011325421309749,0.0030394342971912813,0.0591954008906805,0.0,0.0
1692309267.9415715,-0.0016337876076131237,0.05988355176077118,0.003283780870567512,0.05915518032731776,0.0,0.0
1692309268.0387654,-0.0019190795511694787,0.059662731391864315,0.0034693590703443467,0.059013828011723175,0.0,0.0
1692309268.1380947,-0.0021713745327101917,0.05945008436547894,0.0036355771240417223,0.058885546451558926,0.0,0.0
1692309268.2390144,-0.0021979776589680284,0.059278914849840394,0.003786041864983885,0.05893067556386245,0.0,0.0
1692309268.340624,-0.0022648618724822075,0.05913321305851134,0.0038755738785351906,0.05890588307741902,0.0,0.0
1692309268.4404109,-0.0022855410067901235,0.059007964925938905,0.00398101493287527,0.05889975677117346,0.0,0.0
1692309268.6220562,-0.0022621750869097662,0.05890528179041798,0.0040796452903993875,0.05891110542995866,0.0,0.0
1692309268.644206,-0.0027293313131708874,0.05873890729153662,0.0041535562994885564,0.05849473324331947,0.0,0.0
1692309268.7437425,-0.0031734755261992355,0.05852900669419191,0.004222390624569793,0.05813907966644467,0.0,0.0
1692309268.8419898,-0.0036415410466387557,0.05828611381492011,0.004244853694958059,0.05778684422799224,0.0,0.0
1692309268.9390643,-0.0038775223458066646,0.058052872310743506,0.004279948179535392,0.05764525486485286,0.0,0.0
1692309269.0403311,-0.0036777213214242957,0.05789983637039589,0.004286428382037864,0.057851135001140114,0.0,0.0
1692309269.145139,-0.004857728087895728,0.05757665581089426,0.004259891222437525,0.05684528353031619,0.0,0.0
1692309269.2436223,-0.004860725700573613,0.05732363046428039,0.004217777587267609,0.056933711524705624,0.0,0.0
1692309269.3441184,-0.004479871935256319,0.05717986380680804,0.004200712799516952,0.05728452800547314,0.0,0.0
1692309269.4466646,-0.004103596806798147,0.05711243903128295,0.0042072607934549,0.05754975632481558,0.0,0.0
1692309269.5430098,-0.005007109017082976,0.05689199057410523,0.0041869096690613115,0.056692831404887775,0.0,0.0
1692309269.6438956,-0.00484640798849353,0.05673265181262675,0.004206283585999744,0.05683008064309639,0.0,0.0
1692309269.742681,-0.005376713742937782,0.05650309453285812,0.0042428731821218275,0.05634116763439972,0.0,0.0
1692309269.844192,-0.0052857543416589955,0.05632728036067976,0.004260616690750678,0.05641347353979536,0.0,0.0
1692309269.9437077,-0.005291561671801543,0.056169391875848775,0.004312014378559312,0.05636367577349542,0.0,0.0
1692309270.0382862,-0.005266073075153328,0.05602764492706761,0.004401215811088596,0.056322377656846265,0.0,0.0
1692309270.1409693,-0.005209002945597078,0.055909595416838515,0.004430960199871693,0.05629132155955897,0.0,0.0
1692309270.2424378,-0.004904576848313164,0.05584119430713267,0.004512467105711891,0.05645325729750154,0.0,0.0
1692309270.3412247,-0.004495289186820135,0.0558332174353629,0.004545098367454172,0.05666599506821486,0.0,0.0
1692309270.4418354,-0.0035510910095861966,0.05595075669772194,0.00462239004375396,0.0572910708512428,0.0,0.0
1692309270.5440357,-0.003776719443046115,0.055970885539845645,0.004682975960639263,0.05685897130409866,0.0,0.0
1692309270.64031,-0.0028741751359012664,0.056111538492730755,0.004702690458996644,0.0574467410221874,0.0,0.0
1692309270.7389257,-0.0036514884314250724,0.05605668497465455,0.004765027313715144,0.0565612644921467,0.0,0.0
1692309270.840361,-0.0034387618531813253,0.056025002914577675,0.004868384915891821,0.056641613356534004,0.0,0.0
1692309270.94262,-0.0027140565266429734,0.056097199862339193,0.00497357216140322,0.05713152752586101,0.0,0.0
1692309271.0409627,-0.002538484487809891,0.056153612058150476,0.005082665382476553,0.057095586396432876,0.0,0.0
1692309271.1394558,-0.0034096450757769036,0.05602948648416005,0.005167259998943952,0.056202969718816255,0.0,0.0
1692309271.237901,-0.0029154895778125503,0.05599874881584157,0.005263690664607052,0.05657744587738936,0.0,0.0
1692309271.3408077,-0.003443111423515542,0.055875799525593434,0.005267845752073605,0.056031471124052365,0.0,0.0
1692309271.4378395,-0.00332535032670192,0.05579029459603256,0.005234077652115662,0.056093859937195095,0.0,0.0
1692309271.5405605,-0.0029005955703733386,0.05577895740847329,0.005206278805752356,0.05638745672325305,0.0,0.0
1692309271.644355,-0.0028451821682632552,0.05576197312200911,0.005161475426446654,0.056322577976262465,0.0,0.0
1692309271.7404754,-0.002760791060257987,0.05574403261846524,0.005130301586820747,0.056290563306236746,0.0,0.0
1692309271.8433244,-0.0026230513319497537,0.05573815162819958,0.005069968573508811,0.056306031537012274,0.0,0.0
1692309271.9434798,-0.002239321292059792,0.05577852836982305,0.005030392432707641,0.056524065527257625,0.0,0.0
1692309272.0424154,-0.0014778122110190761,0.055915072860026935,0.0050081371504779645,0.057029305012758214,0.0,0.0
1692309272.1462715,-0.0024136514090091843,0.05584718423662578,0.004935316375595777,0.05605857850322761,0.0,0.0
1692309272.2443898,-0.0021049530366245048,0.055836478444909604,0.004856300139922117,0.05627700345290305,0.0,0.0
1692309272.339728,-0.0018954325839984428,0.055848809535131584,0.004795008435254427,0.056374574753920305,0.0,0.0
1692309272.4401793,-0.0015918741194567406,0.055891998594717246,0.004767658273297897,0.05653701966895008,0.0,0.0
1692309272.53774,-0.0023025418589507343,0.05579085724299972,0.004761375108807401,0.055833713594178436,0.0,0.0
1692309272.639346,-0.0016532914755970512,0.05580697683474825,0.004813201614621187,0.05636502959945069,0.0,0.0
1692309272.7408464,-0.0021342263236111773,0.055723409135811794,0.004871735857630072,0.05586723743807268,0.0,0.0
1692309272.8379366,-0.0015629972101122817,0.05573584811037779,0.0049990748779301375,0.05631608376437164,0.0,0.0
1692309272.939494,-0.0010097081800983553,0.05581501931120232,0.005161473449842106,0.056677688889796005,0.0,0.0
1692309273.039939,-0.0005909730927958566,0.05592740257809698,0.00528085204259327,0.05688144635274395,0.0,0.0
1692309273.1390696,0.00028382638203417355,0.05612948113926847,0.0054686801483034425,0.057452816940626074,0.0,0.0
1692309273.241761,0.0008521119233565349,0.056363501681521384,0.0055491870636230475,0.05770992750386367,0.0,0.0
1692309273.3437357,0.0017844387562551225,0.05667988956821607,0.0055780532952133515,0.05827070573361258,0.0,0.0
1692309273.4397092,0.002536069700321388,0.05702873692966196,0.00556353087426077,0.05864435954294328,0.0,0.0
1692309273.5435112,0.003505480966572433,0.05744366208074819,0.005475796118233906,0.059200372168372,0.0,0.0
1692309273.6395094,0.00354964649040756,0.057753990147607986,0.005367326726558277,0.058965535921238654,0.0,0.0
1692309273.7439828,0.004037862632291478,0.05806425292211422,0.005265123949234648,0.059195541246819715,0.0,0.0
1692309273.843909,0.004382371570323604,0.05835194635086335,0.005186782665952728,0.05932166814035886,0.0,0.0
1692309273.9396455,0.004545586227486046,0.05859854112646731,0.005093480766730897,0.059325461692961184,0.0,0.0
1692309274.0408711,0.003775337973739413,0.058662967919237835,0.004998961454210661,0.058591534366676544,0.0,0.0
1692309274.1460173,0.002510755213270187,0.05851799591003569,0.004878117517125044,0.05757617622258019,0.0,0.0
1692309274.2404473,0.0004421801294040271,0.058089781789902026,0.004729710144505753,0.056029554034659285,0.0,0.0
1692309274.3417315,0.0005817881360276234,0.0578161882746376,0.004603786723274412,0.05650405228688134,0.0,0.0
1692309274.4423344,0.0008694638268669701,0.05767397633215529,0.004495364288076919,0.0569712999653918,0.0,0.0
1692309274.544099,0.0014437499682575068,0.05767169648980315,0.004389514293535726,0.05757292149729682,0.0,0.0
1692309274.6448555,0.0011952492748999006,0.057632537202861045,0.004297770034645291,0.05738615185425948,0.0,0.0
1692309274.7466211,0.001654013375261245,0.05768255857524576,0.0042274311428532624,0.057813521982136656,0.0,0.0
1692309274.8413832,0.0012886331743548443,0.0576606202136911,0.004173604528704188,0.057490234158120955,0.0,0.0
1692309274.9393616,0.0013370568681020105,0.05765503763625937,0.004136787710131346,0.05756206402246482,0.0,0.0
1692309275.0378563,0.0010587682216953588,0.05760553494573672,0.0041344449809544905,0.05734777381508213,0.0,0.0
1692309275.1410565,0.0018014433913189052,0.05769020652958567,0.004187055928168382,0.05801242579258224,0.0,0.0
1692309275.2404191,0.0017704843876036793,0.05774321247997151,0.00427966397967263,0.0579355033148505,0.0,0.0
1692309275.3439777,0.001911074095735237,0.05780389744862482,0.004379199580919481,0.058024133367648806,0.0,0.0
1692309275.4464095,0.002066891226677206,0.05787726859687796,0.004430590087624631,0.05812148990682478,0.0,0.0
1692309275.5418491,0.002789119884576764,0.05805149601092059,0.00447406756868732,0.05868861694557041,0.0,0.0
1692309275.6385155,0.0032371091052627167,0.05825589971370331,0.004485191590772866,0.05896356430791573,0.0,0.0
1692309275.742731,0.003826111081856277,0.058507851852610954,0.004458888728397814,0.05934716251621751,0.0,0.0
1692309275.8405278,0.0034350480615204207,0.05863457748829696,0.0044002957301157285,0.0588936330047062,0.0,0.0
1692309275.9440289,0.0037955925745272196,0.05879689539030131,0.0043186489446635215,0.059165397412104775,0.0,0.0
1692309276.0440757,0.004620665866828421,0.05906093088421023,0.0042419829118469955,0.059808079291748986,0.0,0.0
1692309276.1433647,0.00439048404919005,0.05922606609326704,0.004162766885345415,0.05950927004910275,0.0,0.0
1692309276.2423685,0.00435892915271814,0.05935634733094972,0.00405321404111526,0.05945473413114209,0.0,0.0
1692309276.3410115,0.004465624319297524,0.059483079746185996,0.0039596323670270505,0.05954676642936921,0.0,0.0
1692309276.442529,0.0035472262020886337,0.059438074065855495,0.0038940051677733424,0.058788819943531544,0.0,0.0
1692309276.5460634,0.0038627179566358308,0.05947459242449741,0.00382133466149852,0.05917752585845605,0.0,0.0
1692309276.6422524,0.004361238134496459,0.0595968430630011,0.0037821034201173066,0.05965917055539245,0.0,0.0
1692309276.742282,0.004404860153939511,0.05970778520994202,0.0037333407367709055,0.05970142104476554,0.0,0.0
1692309276.839928,0.003374789723121284,0.059634904191123723,0.003666625115508658,0.058858839099401455,0.0,0.0
1692309276.9412687,0.0034892169942914077,0.059617888675910266,0.0035949357936062077,0.05909758927203805,0.0,0.0
1692309277.0431073,0.0035975699161164784,0.05963930679976835,0.0035123952894109698,0.05928691028090731,0.0,0.0
1692309277.1421254,0.002812233122021258,0.05954011287094923,0.003431617057848761,0.05870112264598482,0.0,0.0
1692309277.2407928,0.003278946406473096,0.05955942123677502,0.0033595853706621867,0.05923928960000739,0.0,0.0
1692309277.339512,0.0033235370403223263,0.059592210848888785,0.0033169752270179984,0.05933782220686359,0.0,0.0
1692309277.4425688,0.0023960080645368705,0.059475092799064606,0.0032819482375946243,0.058613419701649946,0.0,0.0
1692309277.53879,0.0023684082869248773,0.059398091573597524,0.0032485199084552985,0.05873915858089422,0.0,0.0
1692309277.6385012,0.0030295581777868568,0.059462088849589666,0.003214522303544046,0.05940437138673396,0.0,0.0
1692309277.738037,0.0021370205884003136,0.059371405586249405,0.0031712897712097747,0.05867260982387185,0.0,0.0
1692309277.8393226,0.0019385797762560444,0.05928131925306388,0.0031681389759684237,0.05862557788473153,0.0,0.0
1692309277.9395304,0.002117590157872788,0.05925167509416708,0.003209593507391607,0.0588848264421436,0.0,0.0
1692309278.0447383,0.0014385980596782443,0.0591270569624321,0.0032133442957696426,0.05837887617981103,0.0,0.0
1692309278.1400719,0.002099441801556386,0.0591511341719305,0.0032432384159312416,0.059053315745471784,0.0,0.0
1692309278.2415614,0.0019490868057889265,0.05914786896908282,0.003285314462202989,0.05894242705606849,0.0,0.0
1692309278.3385708,0.002370193603895419,0.0592195474248366,0.0033283098188442322,0.05932679535243278,0.0,0.0
1692309278.439941,0.002046655969737796,0.059223134626159746,0.003360340469699743,0.05903851984263847,0.0,0.0
1692309278.542768,0.0026000020704346717,0.059326034600857266,0.0033223796439802245,0.05953126434860279,0.0,0.0
1692309278.6388402,0.003273411363011615,0.05951808070037244,0.003273658227441927,0.06006088902833942,0.0,0.0
1692309278.7404988,0.0030935950371318564,0.0596346534572028,0.003221115515380853,0.05982474173479879,0.0,0.0
1692309278.8408272,0.0037477706293780975,0.059836532058540115,0.0031494381007525886,0.06034536387341045,0.0,0.0
1692309278.9398503,0.0038546358187470015,0.06001074360180891,0.003063499817222117,0.060358510001392585,0.0,0.0
1692309279.0380998,0.003941305175660881,0.060163108509233516,0.0029715318256443974,0.060383711005605994,0.0,0.0
1692309279.1424668,0.0040913817825994035,0.06031140247139853,0.002876097035912599,0.06048454702138817,0.0,0.0
1692309279.2394629,0.004293243094639729,0.06046621518954032,0.002780662719326841,0.06063778898555616,0.0,0.0
1692309279.3399637,0.004486360488335428,0.06062539061168802,0.002680981763258694,0.060785217175366724,0.0,0.0
1692309279.440391,0.004455347721969043,0.060751143908372135,0.0025965168777827173,0.060748633899874685,0.0,0.0
1692309279.5417297,0.004336097027159852,0.06083964557714304,0.002510322370285173,0.060665981899685126,0.0,0.0
1692309279.642811,0.004400034670341635,0.060929583422807215,0.002490218937572744,0.06076470248644719,0.0,0.0
1692309279.7468226,0.004448799023351271,0.06101809540299914,0.002516031624706492,0.06084915553811778,0.0,0.0
1692309279.8412812,0.004257000223345368,0.06106530701186887,0.0025887956342639283,0.060733274378099125,0.0,0.0
1692309279.9385195,0.004254172525395023,0.06111594883614997,0.002650211044706751,0.060801603226514234,0.0,0.0
1692309280.0386705,0.003542986902680427,0.06105129105596977,0.0027201301611662204,0.0602748211405499,0.0,0.0
1692309280.142506,0.003566500595323787,0.0610253606311886,0.0027711136773459375,0.06043615173782708,0.0,0.0
1692309280.2384636,0.0034905068735656512,0.06100423573712146,0.0029092094411109657,0.060481485396496934,0.0,0.0
1692309280.338679,0.003918148570527373,0.0610741856598918,0.0030074355936848245,0.06093486421264522,0.0,0.0
1692309280.4385705,0.003262046760668208,0.06102860634291381,0.0031095522357874536,0.06041955286988411,0.0,0.0
1692309280.537926,0.003198354598319153,0.06099951978676356,0.003175953711239933,0.06047566095782809,0.0,0.0
1692309280.6435778,0.003096159873192891,0.06097545259488194,0.0032081427178509477,0.060484148243450706,0.0,0.0
1692309280.7397974,0.003126484309383166,0.06097360732542127,0.003259791421993557,0.060596816963257916,0.0,0.0
1692309280.840004,0.0025225011106750923,0.06088131569977542,0.003345170753236396,0.06016015415682734,0.0,0.0
1692309280.9381485,0.0021124735507797167,0.06075621243380401,0.0034359594272304083,0.059940939108447194,0.0,0.0
1692309281.038674,0.0014061913796207365,0.06055814063122647,0.003515886788834155,0.059487706504136456,0.0,0.0
1692309281.1405916,0.0012958731252652566,0.060404240718825324,0.003584578127710834,0.0595713715888158,0.0,0.0
1692309281.2394402,0.00041467690949835857,0.0601551891384335,0.0036107999224732072,0.05896940825988285,0.0,0.0
1692309281.3398595,0.00014190215830467225,0.059937631487373626,0.0035798830072206606,0.058930779317830286,0.0,0.0
1692309281.4420848,-0.0001766908242258484,0.059731082273780406,0.0035369017769840846,0.05882126658858692,0.0,0.0
1692309281.5418203,1.4153853818332752e-05,0.059613921755913096,0.0034945610908671053,0.059118643031284404,0.0,0.0
1692309281.6425252,0.0003728188283378329,0.05958788450787488,0.00343981174368439,0.05948635697676575,0.0,0.0
1692309281.7403636,1.8073744951423913e-05,0.059508395044564615,0.0033932040041915997,0.05919363053806119,0.0,0.0
1692309281.839274,-0.00024030442316878427,0.05940550742244473,0.0033663871762838237,0.0590170005136347,0.0,0.0
1692309281.9393964,-0.00016733471796231899,0.05934093793781184,0.0033334412475716584,0.059128987713994996,0.0,0.0
1692309282.0376174,-0.0002962397122124261,0.059267044111438294,0.0033511236318616248,0.05904322857924767,0.0,0.0
1692309282.1397965,-0.00015596090650196875,0.05922953761411854,0.0034164718978207205,0.05918433731225797,0.0,0.0
1692309282.2449443,-0.0009056143171178733,0.05907213561638104,0.003497359928422654,0.05855323766902879,0.0,0.0
1692309282.3404632,-0.0010825035673831921,0.05892489105688138,0.0035514612052082515,0.0584781437427048,0.0,0.0
1692309282.4394276,-0.0011751033576474217,0.05879317817226601,0.0036512709483152725,0.05846032811155376,0.0,0.0
1692309282.5416758,-0.0010349265885605656,0.05871452779456842,0.003716080349599461,0.05861717062173405,0.0,0.0
1692309282.6417978,-0.001095493610309338,0.058636682528122736,0.0038047317927412862,0.05856733039819805,0.0,0.0
1692309282.744987,-0.0013930963758905656,0.05852168143798371,0.003884734943725609,0.058315141011270305,0.0,0.0
1692309282.8400867,-0.0013537945532716205,0.058433614156713824,0.00397674066044866,0.058366784171184585,0.0,0.0
1692309282.944437,-0.0010380676899043035,0.05841268509334433,0.004039004343632745,0.058626006484172155,0.0,0.0
1692309283.0446894,-0.0009245060012129296,0.058403768327342245,0.004115205646970419,0.05867084310364616,0.0,0.0
1692309283.1521509,-0.0006037874113296665,0.05843977956950094,0.004176236861820354,0.05888096628208016,0.0,0.0
1692309283.244814,-0.0005349647369945615,0.058469077887883636,0.00419830403174092,0.0588535886010651,0.0,0.0
1692309283.3406076,-0.0006175652102944583,0.05846946007910293,0.004189657288499935,0.05871084340889964,0.0,0.0
1692309283.4443896,-0.001520789149639946,0.058315359010232534,0.004143559293209455,0.05790774232899061,0.0,0.0
1692309283.5453312,-0.0013519098249191236,0.05822692740092336,0.004068355922960789,0.058106516796018214,0.0,0.0
1692309283.6459675,-0.002011203391588218,0.058050341601851844,0.003937094394644346,0.057565357851599705,0.0,0.0
1692309283.741376,-0.0021564357803504418,0.057892652566417804,0.0037936187250645105,0.05751245046188878,0.0,0.0
1692309283.843601,-0.0032088849329991054,0.05759774522971824,0.003645048369519048,0.05668314819574382,0.0,0.0
1692309283.9424236,-0.005004101847384921,0.0570814338542285,0.003472979214766095,0.05531935394675681,0.0,0.0
1692309284.0542233,-0.004525339258235326,0.05677462833776606,0.0033438099520602923,0.05598899240614008,0.0,0.0
1692309284.144209,-0.004996136437974332,0.05645856578111284,0.003243591347655073,0.05569999822712066,0.0,0.0
1692309284.2491622,-0.004546955472408583,0.05628509715527473,0.003167962025561353,0.05617209510912165,0.0,0.0
1692309284.3423114,-0.00471688846774274,0.05610847110392525,0.003149307060985045,0.05601949046848689,0.0,0.0
1692309284.44239,-0.004398785905726812,0.05601107611614348,0.003137577319938554,0.0562703924807164,0.0,0.0
1692309284.550334,-0.004804377234792793,0.05584849303444568,0.003173423172698102,0.05586017533791187,0.0,0.0
1692309284.6442761,-0.004629346887169247,0.055737035361879954,0.0032006001802904775,0.05597624130089865,0.0,0.0
1692309284.7453039,-0.004333332836098381,0.05567696175582164,0.003297633388356753,0.05615628420925482,0.0,0.0
1692309284.846251,-0.004130125196306196,0.055642755779152946,0.003378569408067168,0.056220449220312094,0.0,0.0
1692309284.9453244,-0.003727002888970336,0.05565609167975133,0.0035098772606976733,0.056437090435852315,0.0,0.0
1692309285.0416012,-0.00394055996975225,0.05560334785349982,0.003661550497257327,0.056107424194900064,0.0,0.0
1692309285.1450126,-0.004169822580334146,0.05550583456013493,0.0037669186928713625,0.0558121009865445,0.0,0.0
1692309285.2481534,-0.004266304590496734,0.05539218320930839,0.003912319049737654,0.0556610261812939,0.0,0.0
1692309285.346848,-0.004138271328630644,0.055304748206324,0.004069694844710131,0.05570370995087269,0.0,0.0
1692309285.442368,-0.004249103916790571,0.05519847579851584,0.004209802282620482,0.05552568345888765,0.0,0.0
1692309285.5450113,-0.0038929603794902613,0.05515481467507881,0.004344773675608608,0.05574967568146224,0.0,0.0
1692309285.641261,-0.0033459493953636415,0.05518848404808355,0.004464929870251577,0.05608948936777037,0.0,0.0
1692309285.7423124,-0.003059075237434463,0.05523872858516981,0.0045359642651716485,0.056163284852148304,0.0,0.0
1692309285.8421557,-0.0018004061082200979,0.05545998959185827,0.00459949183625942,0.05704696286803152,0.0,0.0
1692309285.9445271,-0.0012739920871707258,0.05568457737426536,0.004662592662354236,0.05721357026791568,0.0,0.0
1692309286.0450237,-0.000546735690531462,0.05595061896928917,0.0046888960796816715,0.05756210676832204,0.0,0.0
1692309286.1423066,-0.0008089719131970706,0.05608542513295059,0.004694722445005885,0.057075421254801625,0.0,0.0
1692309286.2479503,-0.00027459794440488813,0.056260073657193016,0.004684094064022928,0.05735980560468659,0.0,0.0
1692309286.356344,5.942799561489077e-05,0.056431896743553575,0.004663170948040742,0.05746113895418989,0.0,0.0
1692309286.4514592,0.0003740394756136165,0.056599659592301885,0.004644264999097555,0.057560294768691164,0.0,0.0
1692309286.5408971,0.0007315225580279545,0.05677445225870746,0.004613071899724868,0.05770867351771496,0.0,0.0
1692309286.6440496,0.00035798131128109725,0.05683823474004086,0.00453527109444231,0.05725294646865441,0.0,0.0
1692309286.7482307,0.0006473458214953107,0.05693259645234783,0.004426329626512901,0.05743734950144768,0.0,0.0
1692309286.8458874,0.00013138720329209345,0.05691613399861376,0.004305085833662784,0.056934642609542424,0.0,0.0
1692309286.9442723,0.00047011327620292314,0.05696017507331281,0.0041945583835353425,0.057225284101565216,0.0,0.0
1692309287.0429935,0.0010083916188701732,0.057079372063306245,0.004111398148263982,0.05764101533917229,0.0,0.0
1692309287.146505,0.0008360359209961138,0.05713668638613187,0.0040388796184993875,0.057414782320388984,0.0,0.0
1692309287.2438452,0.0011044143596706927,0.0572172640477321,0.004059620930403776,0.057603724019262545,0.0,0.0
1692309287.3457177,0.00041153509191793895,0.057161835449243414,0.00406856222920262,0.05697213561363324,0.0,0.0
1692309287.4467983,0.0007195217352578053,0.057170840161934494,0.004109951021962076,0.057270412814145015,0.0,0.0
1692309287.5471745,0.001198920408973204,0.05725394032942512,0.00417251750380219,0.05766271808517863,0.0,0.0
1692309287.6460855,0.0011854407445676322,0.05730704816249961,0.004274227467055262,0.05759235686324661,0.0,0.0
1692309287.7516322,0.0015906360552890128,0.057413501789725034,0.004336981162026951,0.05789217946023828,0.0,0.0
1692309287.8486614,0.0019139596920943348,0.05754199799042212,0.004411669971504034,0.058092211260577335,0.0,0.0
1692309287.9462001,0.00105887943445712,0.05749322087283039,0.004487475302150245,0.057297475677010073,0.0,0.0
1692309288.0447586,-0.0002909456911014623,0.057241655295716946,0.00449214193849705,0.056212274409915025,0.0,0.0
1692309288.1446726,0.00023435867234508436,0.0571478341869666,0.004501531113572318,0.05682690095472395,0.0,0.0
1692309288.2453523,0.0007269045178610557,0.057158835670994765,0.004527479605891198,0.05729388748706011,0.0,0.0
1692309288.3444982,0.001413870313808829,0.057277469843914026,0.004554949127292613,0.05784703740956808,0.0,0.0
1692309288.4425697,0.0014262343932436355,0.05736208082154662,0.004589586367263862,0.05776610324567671,0.0,0.0
1692309288.542167,0.0012810013708000334,0.05740203200416135,0.0045694174799022925,0.057582248582353356,0.0,0.0
1692309288.6415818,0.0014596014191728015,0.057458918699582806,0.004573853651057263,0.05770634862865832,0.0,0.0
1692309288.7428367,0.0017388573256087278,0.05754973825905411,0.004534024917412695,0.057903715177214835,0.0,0.0
1692309288.8419108,0.002044332847746915,0.057664827001312806,0.004529016464027467,0.058106147577864864,0.0,0.0
1692309288.9404624,0.0016482952019638048,0.05768696821511834,0.004489881623065896,0.05770950462584523,0.0,0.0
1692309289.0408094,0.0005593158691519756,0.05752801479132427,0.004435306263661127,0.05680378717727062,0.0,0.0
1692309289.1437156,0.0008105847587892366,0.057456711015194145,0.004406819919279086,0.05713849767691054,0.0,0.0
1692309289.2423065,0.0018170265134529022,0.05756988599552807,0.004419410809818734,0.05803438686520793,0.0,0.0
1692309289.3439898,0.001692429440481141,0.057634628581396063,0.004385342484942217,0.05785679851230544,0.0,0.0
1692309289.43889,0.0018077754681202873,0.05769620735153453,0.004434585506647868,0.05792071093154518,0.0,0.0
1692309289.539277,0.0012491482617358728,0.057648424489952874,0.004493606706615808,0.05742202425997435,0.0,0.0
1692309289.6408875,0.001403045220998102,0.057636889699219186,0.004590993389853622,0.05759227231483605,0.0,0.0
1692309289.7404778,0.0017019201325193995,0.05767471109643481,0.004713664124270536,0.05785263306806726,0.0,0.0
1692309289.8399827,0.0018743924595582824,0.05772687268325136,0.00485278984606893,0.05797058029824266,0.0,0.0
1692309289.9411032,0.0023640962140673016,0.057848482922826176,0.004932443626537212,0.05834293608577847,0.0,0.0
1692309290.0410194,0.0027985908655343166,0.0580078587596925,0.005007720034369803,0.058628933424343194,0.0,0.0
1692309290.1384869,0.0032265463599649657,0.058191827292471604,0.005107067699217751,0.058890409554194306,0.0,0.0
1692309290.2402148,0.0026619741208833013,0.05824161787023915,0.005105628063019639,0.0583124682562492,0.0,0.0
1692309290.3388484,0.002905956012811484,0.05831834056409837,0.005157196240213153,0.05851431840765047,0.0,0.0
1692309290.4405332,0.0033048873412493624,0.058448777415186684,0.0051508034253056065,0.05882494059350477,0.0,0.0
1692309290.5391438,0.0038209328046040656,0.05863770282068127,0.00510141746765964,0.059204416143873694,0.0,0.0
1692309290.6405365,0.00418161796963957,0.05883977363106434,0.005075190519230819,0.05942435934129914,0.0,0.0
1692309290.7440488,0.0046725138810753165,0.059072426115388744,0.005088245523933238,0.059752077184906716,0.0,0.0
1692309290.842005,0.00496314779356705,0.05929584010950807,0.005125957139084367,0.059899041083767174,0.0,0.0
1692309290.9389005,0.004894729990901016,0.05945636800970028,0.005165265913641609,0.059760916349026985,0.0,0.0
1692309291.0415251,0.004735686173053013,0.05956094083010747,0.0051728026165012014,0.05959770082825805,0.0,0.0
1692309291.1463914,0.004795880988427297,0.05965729675347123,0.005213496189450901,0.05966197202132677,0.0,0.0
1692309291.2490315,0.0051502029418307935,0.059795998625394586,0.005283106415767227,0.059976791924337094,0.0,0.0
1692309291.341967,0.004919764741782227,0.059874070229274094,0.005316158748549174,0.05977426752511951,0.0,0.0
1692309291.4426,0.004833670548701595,0.05993113814155106,0.005341379009352967,0.05973842530214751,0.0,0.0
1692309291.5443053,0.004873781374036752,0.059997176034074784,0.005324141646177613,0.05982249535860866,0.0,0.0
1692309291.6406221,0.005143129920284154,0.06010743058049551,0.005275260442989499,0.06009423092614653,0.0,0.0
1692309291.744977,0.005084807413712511,0.060200693434542714,0.005135863041855232,0.060065469299117324,0.0,0.0
1692309291.8435793,0.004116354156371144,0.06012914662033628,0.0049668704203547015,0.05929691074082956,0.0,0.0
1692309291.9475536,0.004319514234197948,0.06013039955641915,0.0048016130944054155,0.05962010369877393,0.0,0.0
1692309292.041608,0.004397134322350719,0.06016174152897118,0.004647968413128342,0.05978327061561405,0.0,0.0
1692309292.1392756,0.004382123908582018,0.06019684910042681,0.004537915148715306,0.05984628623509468,0.0,0.0
1692309292.2394614,0.003681092031366115,0.06011985318342831,0.004481638259902131,0.05933116511777534,0.0,0.0
1692309292.347818,0.0038938258082657656,0.060113232257070104,0.004451154054121903,0.059649749748117646,0.0,0.0
1692309292.4379416,0.0037871518957874333,0.06009404180261416,0.004558865231066329,0.05964628495842346,0.0,0.0
1692309292.5410776,0.0028295570271894186,0.05992991591914187,0.004691173869279003,0.058928533868941695,0.0,0.0
1692309292.6409545,0.0029975662212932876,0.059849237096796924,0.004805363405073665,0.05923967015568383,0.0,0.0
1692309292.7438536,0.0032023512768931304,0.05982595052092127,0.0049781705301155926,0.0595143720464962,0.0,0.0
1692309292.8437319,0.0024747712843435545,0.05969376409143422,0.005136991710982851,0.05896020529332771,0.0,0.0
1692309292.9407873,0.0027701951176575764,0.05965120831989002,0.005285929635698515,0.059328377041899555,0.0,0.0
1692309293.040521,0.002001353804349143,0.059499335194819675,0.005391062519563095,0.0587386863629504,0.0,0.0
1692309293.1439695,0.0023214747171642442,0.05945035764996201,0.00543817885874379,0.05912902049369958,0.0,0.0
1692309293.244126,0.002767255553070053,0.059491478576529484,0.005477476020325805,0.059550497204041396,0.0,0.0
1692309293.3423312,0.0024288737907242055,0.05947241241541538,0.005458590413474085,0.059254806807699976,0.0,0.0
1692309293.4441767,0.0022157751388578585,0.05942851479620373,0.005424606112138518,0.059109934202400106,0.0,0.0
1692309293.5513735,0.002762372621927524,0.059493438231239384,0.005362347837476896,0.059615865138955705,0.0,0.0
1692309293.63941,0.0020474478849421707,0.05943295888161204,0.005220704205894137,0.05899622908247391,0.0,0.0
1692309293.7401257,0.0006334018155118373,0.05916520371785647,0.00504672912183881,0.057885418739057504,0.0,0.0
1692309293.843271,0.0005546454087555999,0.058966326998377804,0.0048651926890246255,0.058026195542932424,0.0,0.0
1692309293.9413786,0.001023651547344926,0.05890533861734978,0.004672614938809942,0.058565029261349856,0.0,0.0
1692309294.042732,0.001052726292709201,0.05886692836584294,0.004516364184350833,0.05863631030589021,0.0,0.0
1692309294.1401103,0.0011287362711276552,0.05885158821317034,0.004397588480459776,0.05872880517541984,0.0,0.0
1692309294.2386248,0.0004960230791635856,0.05873641085541433,0.004299572075198013,0.05821220023626885,0.0,0.0
1692309294.3406744,-0.0006899062609321283,0.058459983081100925,0.00418698330105327,0.0572996541767629,0.0,0.0
1692309294.442062,-0.0005693543498741837,0.05828244526530253,0.004049079838042269,0.05758061919515871,0.0,0.0
1692309294.5415916,-0.0004945664744255716,0.05816298331345342,0.003950727083954898,0.057745183464422666,0.0,0.0
1692309294.64455,-0.001127348947006081,0.057967421770843956,0.003882441352400589,0.05727100795560551,0.0,0.0
1692309294.7411041,-0.00012220438473469874,0.05798523168769018,0.003849804722662412,0.05820932164738484,0.0,0.0
1692309294.8390546,-0.0005883678257158644,0.05791474735192642,0.003817400296225838,0.05776739476413201,0.0,0.0
1692309294.942526,-0.0016588386711442332,0.057679961972787366,0.0038093828718469393,0.05688325075386564,0.0,0.0
1692309295.044768,-0.0012916550538223585,0.05756518842282626,0.0037888970694531154,0.05730556106921189,0.0,0.0
1692309295.1421356,-0.0009869230968295591,0.05752004107888389,0.0038325062401127026,0.057585848402260435,0.0,0.0
1692309295.2399921,-0.0004565694980917963,0.05756582665203358,0.0038610385855865435,0.0580011804163741,0.0,0.0
1692309295.344632,0.00022813722070010208,0.05770030808570685,0.003913698732861849,0.05848609999094644,0.0,0.0
1692309295.4408605,0.0005601882393769793,0.057846774764843845,0.003908071056171085,0.058621685372032335,0.0,0.0
1692309295.5417957,0.0008951220870820743,0.05800280317721583,0.003878205530956777,0.05876498608280634,0.0,0.0
1692309295.6395204,0.0012040757427296345,0.058163980425484055,0.0038176233376268597,0.058892020431931716,0.0,0.0
1692309295.743956,0.0007912983750853183,0.05821133701599403,0.0037406510202264375,0.05842516864162198,0.0,0.0
1692309295.8426697,0.0016199190365612046,0.05838260286989871,0.0036545102486294752,0.05908160786101101,0.0,0.0
1692309295.9404342,0.0006784149747980459,0.05835410090831247,0.0035266324454105045,0.05818180403936611,0.0,0.0
1692309296.044859,0.0005236059723837989,0.0583119341318583,0.0033807753321331946,0.05808361342980455,0.0,0.0
1692309296.1437707,0.0011325720827911946,0.058383441072419995,0.0032646894707310022,0.05863159670137718,0.0,0.0
1692309296.2427864,0.0011576550402685815,0.05844212721889907,0.0031335773602734845,0.058613523457667856,0.0,0.0
1692309296.3401332,0.001529461271113061,0.058548486331481034,0.0030119061272511328,0.058898520576344426,0.0,0.0
1692309296.4395914,0.0018890089188284306,0.05868726698079469,0.002910835172046628,0.059144909219490935,0.0,0.0
1692309296.5425012,0.0011932495668678354,0.05867718105606163,0.0028131388972165864,0.05849400141216182,0.0,0.0
1692309296.6444378,0.0010325488437593936,0.05864933201037797,0.002707104808771142,0.05839606862883273,0.0,0.0
1692309296.7450166,0.0015674642172214346,0.05872168644979105,0.002627898387909981,0.05888964805927034,0.0,0.0
1692309296.8397808,0.000726487478066601,0.0586398068011805,0.002559955807378311,0.05816475831042209,0.0,0.0
1692309296.9374907,0.00047040332533315434,0.058543450525403516,0.0024989819529247156,0.058033731626130694,0.0,0.0
1692309297.0447712,0.0007094182472698585,0.05851690736853045,0.0024508881659803467,0.05831994642907686,0.0,0.0
1692309297.1380005,0.0002246567310011544,0.05842103902573481,0.0024004640478965666,0.05794898262741688,0.0,0.0
1692309297.238637,-0.0011479426338323686,0.058129232044462714,0.002332449182679932,0.056880922203757366,0.0,0.0
1692309297.338515,-0.00043838318927118367,0.05803727250890659,0.002263400943211405,0.057676302871488144,0.0,0.0
1692309297.4384084,-0.00046604551111108857,0.05796559920508386,0.002190401548219533,0.05770693874726888,0.0,0.0
1692309297.5382257,-0.0006381105080318408,0.05788322990116766,0.002141329691186303,0.05759937061368267,0.0,0.0
1692309297.6438854,-0.00021834211489699828,0.057890237491463124,0.00210320892115825,0.05798952501373362,0.0,0.0
1692309297.7425625,0.0002414949089757382,0.057967587668557544,0.0020790369386455574,0.05835004390090214,0.0,0.0
1692309297.8413656,0.0010706910218776526,0.05815622520394299,0.0020816753640344582,0.05897366660193974,0.0,0.0
1692309297.9423902,0.0012851317130699712,0.05832630306116692,0.002064509282398222,0.05901496483627025,0.0,0.0
1692309298.0395496,0.0015499921094499919,0.05849150828853047,0.002082570230702336,0.05912283472460629,0.0,0.0
1692309298.1413054,0.0015824470271791195,0.05861688186164267,0.002115841018265209,0.059048808169803305,0.0,0.0
1692309298.2397451,0.0016868541924570316,0.05872763036025534,0.0021387819126169713,0.05906982479136457,0.0,0.0
1692309298.3405237,0.0018091343207949952,0.05883061277298603,0.0021847595752896914,0.0591220032272737,0.0,0.0
1692309298.4407763,0.001885444588348445,0.0589215032822169,0.002239857902419334,0.05914527879997534,0.0,0.0
1692309298.5428202,0.002130792945115796,0.05903264549304976,0.002290651389858825,0.05932168887255907,0.0,0.0
1692309298.6409874,0.0024232144310060025,0.059168155149432466,0.002303735520366257,0.059527469879354034,0.0,0.0
1692309298.7379239,0.003039594774652983,0.059373567224808736,0.0023338790667101557,0.05999329629707318,0.0,0.0
1692309298.840411,0.0027770779512586814,0.059487574107101565,0.0023297974765950293,0.05968406932773329,0.0,0.0
1692309298.9401603,0.0033101881041849783,0.05966707569330361,0.002328604867277536,0.06011042791845181,0.0,0.0
1692309299.042054,0.003863908085200901,0.05989903374053418,0.00229907660369235,0.06051436564087343,0.0,0.0
1692309299.1405134,0.003372760634613182,0.05999651102154455,0.0022943586291291266,0.060019430015550546,0.0,0.0
1692309299.2439513,0.0037148894630918096,0.06013432006133888,0.0023415489220691894,0.06031904761687114,0.0,0.0
1692309299.3415985,0.0029908013638437216,0.06012813183574425,0.0023730249051266117,0.05970187671457561,0.0,0.0
1692309299.440489,0.001381140646199659,0.059870966754236185,0.0024352676770507176,0.058445354223326,0.0,0.0
1692309299.540446,0.0021984091834479458,0.059832219091763186,0.0025011497677579608,0.05937627973020236,0.0,0.0
1692309299.6380835,0.0011277766494297665,0.05963522608750224,0.002607018671557515,0.05856718243876538,0.0,0.0
1692309299.7395597,0.0016435835073258982,0.059583818110582165,0.002747036798890848,0.059180819772255325,0.0,0.0
1692309299.8394094,0.002065739029493631,0.05962254007967452,0.0028604847862018002,0.05960387962857826,0.0,0.0
1692309299.9395666,0.002056575165670161,0.059652019705367515,0.002995219619186971,0.05960292410003364,0.0,0.0
1692309300.0408416,0.0020510708573714745,0.059679385451382835,0.0030786751218348334,0.05961024128061749,0.0,0.0
1692309300.1429949,0.002068679945613,0.059703525813056775,0.0032149811314317587,0.05964029183450567,0.0,0.0
1692309300.2427428,0.0020374155917956775,0.05972182087200965,0.0033140386766321696,0.05962856921734602,0.0,0.0
1692309300.342142,0.0010260675395710123,0.05957074191226467,0.0034391167892861376,0.05880341288702557,0.0,0.0
1692309300.4401464,0.0011523688490517347,0.05948187900656289,0.0036181369091320176,0.05903786704929165,0.0,0.0
1692309300.540916,0.0001292774382983333,0.05924901852714547,0.0037968762762406946,0.058257015467122905,0.0,0.0
1692309300.6446111,-0.0010687951831667914,0.058886220853161794,0.003922197409514969,0.05741775234326847,0.0,0.0
1692309300.7430153,-0.00020803455560885434,0.05876538074190546,0.004027142742045023,0.058371579690916664,0.0,0.0
1692309300.8416862,-0.00015033059999315914,0.05868280977768224,0.004121969903859823,0.05847438142374954,0.0,0.0
1692309300.946081,-2.196935331474689e-05,0.058636827556261026,0.004229666016191922,0.058604960403671025,0.0,0.0
1692309301.044467,0.00018687798179712643,0.0586349784472694,0.004282318555477327,0.058773632663328655,0.0,0.0
1692309301.1399877,0.00031411811702112115,0.05864755500118521,0.004343152960206417,0.058846758670359656,0.0,0.0
1692309301.241231,0.0005426891558620198,0.058692017687696565,0.004350661685389544,0.05899559067687084,0.0,0.0
1692309301.3456469,0.0004004805047214743,0.058697859586563594,0.004330373242590738,0.05881901027248917,0.0,0.0
1692309301.445011,0.0004702869750530847,0.058711860841491346,0.004284101863429246,0.05885073852803908,0.0,0.0
1692309301.5432646,0.0005413259944648118,0.05872826596509217,0.004276410609488325,0.05888140217218702,0.0,0.0
1692309301.6409903,0.0005291066866409557,0.05873034594298611,0.004330002545823338,0.05884098404206675,0.0,0.0
1692309301.7480392,-0.0005085717863595157,0.058557039403864405,0.0043749666642836455,0.05795190355484346,0.0,0.0
1692309301.8491066,-0.00030115954772803064,0.05845641369790867,0.004488193764750328,0.05821952808193463,0.0,0.0
1692309301.942617,5.658592738852177e-05,0.058432704951780434,0.0046308471447190315,0.0585501648611778,0.0,0.0
1692309302.046844,0.0004974940982585773,0.05847600559136761,0.004805820449626669,0.05889143491161246,0.0,0.0
1692309302.1420493,0.0013573603819960426,0.058642998083250755,0.0049363326419081316,0.05953422446209823,0.0,0.0
1692309302.2425675,0.0008645538200952333,0.05867523955850577,0.005045692173339673,0.05897144506229926,0.0,0.0
1692309302.3419538,0.0009589994756481306,0.05871224744984049,0.005103298427430993,0.05899917329437934,0.0,0.0
1692309302.440101,0.0011764418253265817,0.05876506766856622,0.005212114293906164,0.05913193825805239,0.0,0.0
1692309302.5433064,0.0002798996824194235,0.058642507321685376,0.005381320491154282,0.058322145773890006,0.0,0.0
1692309302.643683,0.0005258803652119495,0.05859390590422473,0.0054826934441607215,0.058579072098959045,0.0,0.0
1692309302.745343,0.0011595321525262508,0.058648905755680054,0.005654586409802646,0.05910806581198417,0.0,0.0
1692309302.8432484,0.0011875904080591805,0.05869315983356247,0.005733321710726328,0.05905340872609516,0.0,0.0
1692309302.9422824,0.0008565035188215922,0.058668555368076934,0.0057651024621474724,0.058716263251758855,0.0,0.0
1692309303.0451202,-0.0004574579867620848,0.05843236359542392,0.005761563339622797,0.05761025356235503,0.0,0.0
1692309303.1442175,0.00033567184727473573,0.05838631053451322,0.005785196288857696,0.05840506879259506,0.0,0.0
1692309303.2438776,0.0005691532288270472,0.05838420379887819,0.005814493184720713,0.05859185752994148,0.0,0.0
1692309303.3426075,-0.0002727032511738283,0.058237399638616065,0.00583162114701731,0.05784966198513297,0.0,0.0
1692309303.4417202,-0.0019778897176262185,0.05784670159894925,0.00580894852958838,0.05648402135447234,0.0,0.0
1692309303.5402136,-0.0021189026579750943,0.057538718646635775,0.005742985610934583,0.05658141258547214,0.0,0.0
1692309303.6432483,-0.0020649998919144283,0.05731941880975183,0.005642673116138148,0.05676996068387061,0.0,0.0
1692309303.7442322,-0.001531583814225653,0.057231366147916095,0.005620866636306399,0.05728876256735807,0.0,0.0
1692309303.8442392,-0.001586621624967102,0.05714889185082661,0.005554111603012139,0.057215226270325145,0.0,0.0
1692309303.9398844,-0.0017039247393718373,0.05705586552293281,0.005500051860314875,0.057088627930264244,0.0,0.0
1692309304.0425794,-0.0018175482634309318,0.056955377484222455,0.0054592859235688355,0.056970912273645695,0.0,0.0
1692309304.1433935,-0.0019296907736439006,0.05684863367942533,0.00543779783633655,0.05685736899473335,0.0,0.0
1692309304.2452617,-0.001745564050022089,0.05678894780772808,0.0053988180934254355,0.056992294414015265,0.0,0.0
1692309304.341125,-0.002237468471427031,0.056648886461619995,0.005372754505338699,0.05653097314727756,0.0,0.0
1692309304.443477,-0.0018917602923065034,0.056585828395910906,0.005391987652467019,0.05682203200340523,0.0,0.0
1692309304.5438151,-0.001204047241460454,0.05663387926644893,0.005445297907446061,0.057340204231472944,0.0,0.0
1692309304.6451936,-0.0006630750965875131,0.05673917648222693,0.005509432407157254,0.057659802202577354,0.0,0.0
1692309304.743671,-0.0007254198311127852,0.05678695956623925,0.005581929526233373,0.057443016566818786,0.0,0.0
1692309304.847425,-0.00044828609618594625,0.056855391185864565,0.005615830352288291,0.05755577473547062,0.0,0.0
1692309304.9416082,-0.00011773729321663714,0.05694746354771555,0.005631766735935884,0.057707783458389755,0.0,0.0
1692309305.041726,0.0003040525686564775,0.05707142982936248,0.005648468392099934,0.05792821024911571,0.0,0.0
1692309305.1422825,0.0006060393358718366,0.05720294849743425,0.005634477926688808,0.058035042219575284,0.0,0.0
1692309305.2417362,-6.344902782073631e-05,0.05718485859389437,0.005555975026049753,0.057337235960991426,0.0,0.0
1692309305.3435247,-0.001512857646091125,0.05692890929966578,0.005459526444683215,0.05610138920206862,0.0,0.0
1692309305.4396136,-0.0009301243815995901,0.05683279305848496,0.005396844624308626,0.05672176379287852,0.0,0.0
1692309305.5446627,-9.462136567424211e-05,0.05689317935988564,0.005341364586810175,0.05743238237009941,0.0,0.0
1692309305.64036,0.00030164963178859526,0.05699487753988657,0.005275328152807242,0.05766921870591882,0.0,0.0
1692309305.7434297,0.0008330128683518736,0.057153255652895626,0.0051578588498624725,0.05799838765340706,0.0,0.0
1692309305.842342,0.0014405584670934696,0.057365487159048316,0.005013314730289322,0.058365482156474906,0.0,0.0
1692309305.9429984,0.0018119895746176982,0.05757782995107082,0.00487181892105692,0.058513010107823754,0.0,0.0
1692309306.044194,0.0012231053864001922,0.057638169488259824,0.004673254517059896,0.0578726067761339,0.0,0.0
1692309306.1466486,0.001718255230629013,0.05776680235613871,0.004475071017307963,0.0582546545857456,0.0,0.0
1692309306.2418504,0.002357463613572424,0.057965175120125244,0.00434298510639907,0.058716044277132624,0.0,0.0
1692309306.3418658,0.0020261084734600446,0.05805803366619572,0.004212254285114286,0.058325490223653395,0.0,0.0
1692309306.4451432,0.002578079156219954,0.05822153506233477,0.00409221246015171,0.058753641610343216,0.0,0.0
1692309306.5433035,0.0030492028417598766,0.058418888731463406,0.004054554861776785,0.05907162756807982,0.0,0.0
1692309306.6410356,0.0025552423102857685,0.05848582543395579,0.004028743942490668,0.05856557247130381,0.0,0.0
1692309306.7444506,0.00137076741792426,0.05834860746905954,0.003976643399058547,0.057578204423324286,0.0,0.0
1692309306.8431633,0.0016036953785275416,0.05829533137054219,0.003945177774638533,0.057912552657193556,0.0,0.0
1692309306.9410107,0.002064910560328816,0.058339289166754196,0.003917823444086758,0.05837077813859656,0.0,0.0
1692309307.0457704,0.0024678584368659773,0.05844353408812078,0.0038859026339776565,0.05871098313592691,0.0,0.0
1692309307.1415834,0.0029384165221975588,0.058599038513770005,0.003906339759121261,0.059069077997229526,0.0,0.0
1692309307.239037,0.0023606534313703183,0.0586206770161446,0.00394381828227102,0.058519604712490306,0.0,0.0
1692309307.342602,0.0026992095157005085,0.058695290005418815,0.0040280849670757445,0.058829849421461286,0.0,0.0
1692309307.4418373,0.001953172609165696,0.05863191095090859,0.004104987853952611,0.05819528739240701,0.0,0.0
1692309307.545408,0.002570622839794361,0.05869096138463557,0.004216073922342026,0.058792481228384624,0.0,0.0
1692309307.6440535,0.0023666696380951723,0.05870842773221474,0.004266859594677419,0.05861404871652258,0.0,0.0
1692309307.7437756,0.003313474980461262,0.05888470744079584,0.004288864335136489,0.059428624163940014,0.0,0.0
1692309307.8380635,0.004296379692084627,0.0591810718056126,0.00429487576312676,0.06016886789834279,0.0,0.0
1692309307.9454243,0.005478506481019977,0.05959888743691103,0.004282069641137859,0.06100524825817641,0.0,0.0
1692309308.0446112,0.006180371154137064,0.06002757697064506,0.004257650359121752,0.06137626031882324,0.0,0.0
1692309308.1402755,0.007159400064727856,0.06051504498564798,0.004198397494462869,0.06199351403940499,0.0,0.0
1692309308.2458837,0.007834683997449635,0.060995139805025245,0.004166241086752289,0.06234110773654658,0.0,0.0
1692309308.3464952,0.008325274680779647,0.06144482777052567,0.0041303958534107095,0.06256156424681338,0.0,0.0
1692309308.442274,0.009107888878064387,0.06192437864642507,0.004091232880343609,0.0630680928398552,0.0,0.0
1692309308.5394285,0.010264675555553094,0.06249124969059178,0.00403405279124736,0.06388660460174717,0.0,0.0
1692309308.642529,0.01031747493745649,0.0629427271970727,0.003961459079910758,0.06374637020275369,0.0,0.0
1692309308.7436976,0.012008058053153504,0.06358429020048008,0.0038853751948167243,0.06507517054532233,0.0,0.0
1692309308.8460443,0.012457187927621792,0.06416228286444974,0.003788483773311717,0.06525816571569092,0.0,0.0
1692309308.9422925,0.013625115304046843,0.0648173126874728,0.003673109348892388,0.06611127898483546,0.0,0.0
1692309309.0462162,0.014919373518863903,0.06555190135579118,0.003554968831716549,0.06704164693198084,0.0,0.0
1692309309.1407008,0.015294875058615766,0.06619578808058907,0.003461385671941218,0.06717785007570032,0.0,0.0
1692309309.2394545,0.015937517007768215,0.066822702654351,0.003392317085365217,0.06762550684068847,0.0,0.0
1692309309.3431776,0.016914763527742682,0.06749653383817208,0.0033329755873723744,0.0683854584406971,0.0,0.0
1692309309.444779,0.01767757656295084,0.06817288396739538,0.0032679541649757657,0.06895542704669752,0.0,0.0
1692309309.544618,0.01884353321658154,0.0689194690325728,0.0032394990364873455,0.0698829343225947,0.0,0.0
1692309309.6427782,0.01901940005662839,0.06955996192653306,0.0031738688597431506,0.06995750874911172,0.0,0.0
1692309309.7423742,0.019121669399531787,0.07011573677692004,0.003082270494362254,0.07006697144905495,0.0,0.0
1692309309.840993,0.0193495266128155,0.07063269338309999,0.003006691926420659,0.07035606977809236,0.0,0.0
1692309309.9426808,0.019387459127722925,0.0710916548968599,0.002963106370776852,0.07052419711697239,0.0,0.0
1692309310.0415792,0.019673175938428024,0.07155177926007206,0.0029245107682940893,0.07094643255263859,0.0,0.0
1692309310.1413665,0.020501591966854096,0.07210273684985843,0.002898793272613455,0.07182694371791899,0.0,0.0
1692309310.2426145,0.020455018907867013,0.0725766595443706,0.002871439355512726,0.07192223545171102,0.0,0.0
1692309310.3444219,0.020536613245409098,0.0730181940011788,0.0028350713712857667,0.07218688056254229,0.0,0.0
1692309310.4424474,0.020405267907506137,0.07340302815497149,0.002772190006464169,0.07230191268903284,0.0,0.0
1692309310.5477917,0.02068556506815515,0.07381551882535337,0.002685044120973131,0.07280356235680335,0.0,0.0
1692309310.6459897,0.02192932028612994,0.0744075824282683,0.002544177393101984,0.07409332701849068,0.0,0.0
1692309310.7397206,0.021315866963653222,0.07482417627367038,0.0023526588077720932,0.07371747070181163,0.0,0.0
1692309310.8430007,0.021331403363233928,0.07521987610128626,0.002087706548115579,0.07399772744192068,0.0,0.0
1692309310.9407473,0.02141325644004108,0.07561101612197156,0.0018033687260725674,0.07435099938865276,0.0,0.0
1692309311.045734,0.02133163937155916,0.07597191469203327,0.0015322222383947733,0.0745725471906157,0.0,0.0
1692309311.141298,0.021452842168079307,0.07634446365977834,0.001277092047171325,0.07498482063827978,0.0,0.0
1692309311.2455418,0.021233953050894885,0.07666934686629184,0.0010924945541343175,0.07510496744363211,0.0,0.0
1692309311.342324,0.019982497589724077,0.07679005463623068,0.0009378262227210692,0.0743949519969374,0.0,0.0
1692309311.4423196,0.019358419584414113,0.07686611168845495,0.0008252577432814441,0.07434217347284239,0.0,0.0
1692309311.5397642,0.019036484943473448,0.07695720640999724,0.0007684422878170579,0.07455763590505553,0.0,0.0
1692309311.6455572,0.01864545503501198,0.07704501439196251,0.0007664523998869553,0.07468987764551739,0.0,0.0
1692309311.7415757,0.01901305016572635,0.07725224829571986,0.0008457104972115969,0.07544381490535076,0.0,0.0
1692309311.8415842,0.01853898643307494,0.07740461267625616,0.0009846137308320677,0.07540175961109873,0.0,0.0
1692309311.9426515,0.01789326317078155,0.07748938508712794,0.001099580494936187,0.07524620322580822,0.0,0.0
1692309312.0432277,0.016424684478674165,0.07738834258226536,0.0012056011730707055,0.07444019855715936,0.0,0.0
1692309312.1408148,0.015946941705780145,0.07731461411798773,0.0012838077148997753,0.07457301843573273,0.0,0.0
1692309312.2406535,0.015485542242190531,0.07726067942630173,0.0012867653564028738,0.074679820634791,0.0,0.0
1692309312.3441741,0.01569699594485651,0.07732853757938751,0.0012164208114161454,0.07531728903034535,0.0,0.0
1692309312.4431396,0.01453909029764236,0.07725610776481259,0.001054595195079845,0.07471436057584946,0.0,0.0
1692309312.5448341,0.014397862071002372,0.07724746914640782,0.0008465420207962309,0.07504493703717262,0.0,0.0
1692309312.643614,0.01380331186141856,0.07720721728667548,0.000616023244069199,0.07493779343449469,0.0,0.0
1692309312.741571,0.013104758451324448,0.07712505551542331,0.00040684653197259866,0.07475215757839682,0.0,0.0
1692309312.8423028,0.012498457324319473,0.07702547959448022,0.00021545049048645257,0.07465759420346604,0.0,0.0
1692309312.944215,0.011771969664386225,0.07689133204479376,8.215982617863645e-05,0.07445863264941285,0.0,0.0
1692309313.042555,0.010931292422638513,0.07671070481708511,-1.5003332290440354e-05,0.0741716845910249,0.0,0.0
1692309313.1411738,0.010259157315250077,0.07652136198125306,-8.626600609040982e-05,0.07403933265490337,0.0,0.0
1692309313.2407122,0.00932952286562291,0.07628021765320186,-0.0001314256594052716,0.07367880281232288,0.0,0.0
1692309313.3422184,0.008641039103855762,0.07603818338957492,-0.0001622667540905462,0.07353542246221766,0.0,0.0
1692309313.44554,0.008045341884315984,0.07580735672283255,-0.00015642115030878426,0.07344929496785724,0.0,0.0
1692309313.5407453,0.006689364931855515,0.07545578883986737,-3.460741291983899e-05,0.07270098246847699,0.0,0.0
1692309313.641152,0.0057209002721319594,0.07507705255669678,0.00015010876383779418,0.07233761470654353,0.0,0.0
1692309313.7384593,0.004502290222313035,0.07463251752446057,0.00039571869253236087,0.07175795934841353,0.0,0.0
1692309313.8410847,0.0032627942142848428,0.07413364082318198,0.0006271941343346237,0.0711779657833154,0.0,0.0
1692309313.946177,0.0032207642124781255,0.07378862219189125,0.0008132374854267037,0.07160557817013814,0.0,0.0
1692309314.0405078,0.002975182918684545,0.07351659722404713,0.0009471319581329986,0.071731523066317,0.0,0.0
1692309314.144633,0.0026016128058812403,0.07327323770030272,0.001024802965652555,0.07168294982188153,0.0,0.0
1692309314.2421331,0.002129104068363661,0.07303183845703462,0.0010565788846104832,0.07151864437157708,0.0,0.0
1692309314.3460822,0.001451656196823453,0.07275547350948461,0.001085882199122674,0.07116984258659359,0.0,0.0
1692309314.4460375,0.0013605020422434557,0.07254794931876915,0.0011315911554655791,0.07132166133495106,0.0,0.0
1692309314.5431921,-0.00025775553467230396,0.07213626640448714,0.0012012821733011398,0.07013855959051715,0.0,0.0
1692309314.6432285,-0.0005550252376465045,0.07179253269084078,0.001299647251905155,0.07018409923689198,0.0,0.0
1692309314.7491157,-0.00042721023705755915,0.07156428323394468,0.0014141103783173194,0.07051782132555807,0.0,0.0
1692309314.8421504,-0.0007691479578581641,0.0713387503292698,0.001556817979214246,0.07036580006018835,0.0,0.0
1692309314.9400718,-0.001817865189586985,0.0709981516873636,0.001689033670921687,0.06961170130064172,0.0,0.0
1692309315.0449955,-0.0021146872714088694,0.07069743682156075,0.0017911224456020843,0.06955289177019247,0.0,0.0
1692309315.1395402,-0.0027860185309141923,0.07036255491229206,0.0018318585668638263,0.06914019697778563,0.0,0.0
1692309315.241933,-0.003387351929609578,0.07001133041173788,0.0018648580393596237,0.06879767984418422,0.0,0.0
1692309315.3413634,-0.003732871173217131,0.06968771853793529,0.0019044111176891364,0.06866590170271611,0.0,0.0
1692309315.441796,-0.005142521050886204,0.06920711014918918,0.0019291754901867041,0.067612728851998,0.0,0.0
1692309315.5439935,-0.004844396419988077,0.0688904053297613,0.00199691852496739,0.06807781568242537,0.0,0.0
1692309315.644146,-0.005383051253967533,0.06855136215453986,0.0020762905958771416,0.06771335437497003,0.0,0.0
1692309315.7401729,-0.005268630208847966,0.06829966447999239,0.0022163840577766212,0.06789783293283799,0.0,0.0
1692309315.841491,-0.005716306772913094,0.06801449513983715,0.0024294485858734668,0.06754101623645792,0.0,0.0
1692309315.9413106,-0.005273275901332763,0.06785327377857812,0.002635702344273852,0.0679401542927268,0.0,0.0
1692309316.0423586,-0.005916649657239415,0.06759893925916513,0.002870575844453307,0.06734085843542037,0.0,0.0
1692309316.1398792,-0.005520524462119724,0.06745113041049891,0.003075509084289032,0.0676676623317011,0.0,0.0
1692309316.2458384,-0.0053098866264098725,0.0673409156030195,0.003369675557501253,0.0677625615606167,0.0,0.0
1692309316.3422244,-0.0049958924264851805,0.06727188061617193,0.0037448597696894516,0.06791215097559497,0.0,0.0
1692309316.444714,-0.005253749998141624,0.06714106654728848,0.004128872449881995,0.06755079908862173,0.0,0.0
1692309316.5469918,-0.0050638232244166765,0.06703951339724708,0.004514980041587075,0.06760357391717424,0.0,0.0
1692309316.6464663,-0.005039536642140965,0.06693406254666953,0.004868470371728793,0.06749430934514628,0.0,0.0
1692309316.7460294,-0.004144213645565539,0.06697322701153575,0.005159476022099052,0.06811477061747619,0.0,0.0
1692309316.843999,-0.0037851668156646465,0.06703965119901463,0.005278869609614464,0.06819437599179619,0.0,0.0
1692309316.945013,-0.0035336809501518205,0.06710397386960941,0.0053304935577956165,0.0681860320812261,0.0,0.0
1692309317.0460136,-0.003383313706244684,0.06715415426114318,0.005301677917957423,0.06810901318605661,0.0,0.0
1692309317.1494648,-0.002464472935385039,0.06731973337895301,0.005250009110464613,0.06869793716155971,0.0,0.0
1692309317.2476163,-0.0016849144599454858,0.06754723754517969,0.0051801473857822295,0.06910451166319011,0.0,0.0
1692309317.3499613,-0.0015376445076871591,0.06771819629940985,0.005090045867019924,0.06895843950089438,0.0,0.0
1692309317.4485297,-0.0013979696347655253,0.06785030933416525,0.00498151409508731,0.06886272240108034,0.0,0.0
1692309317.5502267,-0.0007226667022025429,0.06804188941846341,0.004907608668419098,0.0692550311516259,0.0,0.0
1692309317.6458595,-0.0007125976043602128,0.0681681045019319,0.004865262427696854,0.06906179697192116,0.0,0.0
1692309317.7486448,-0.0007593926780585776,0.06823771639564293,0.004877541224570735,0.06887644174852028,0.0,0.0
1692309317.8454764,-0.000677142124364947,0.06829105356531842,0.004901486269688139,0.06884228512061184,0.0,0.0
1692309317.9498503,-0.0005742645120172155,0.06833750224349457,0.004924995165658214,0.06884047115224089,0.0,0.0
1692309318.0483258,-0.0010933159654121975,0.06826203188969465,0.00512986824654975,0.0683277480793684,0.0,0.0
1692309318.1484873,-0.0019101800968196986,0.06806482166135958,0.005279272756497735,0.06763764419968482,0.0,0.0
1692309318.249457,-0.001045237846336785,0.0680486733234022,0.005475321966807178,0.06843057325047003,0.0,0.0
1692309318.3415601,-0.0008094851036880985,0.06806280495155026,0.005644223145708032,0.06856280709749653,0.0,0.0
1692309318.4460273,-0.0005919390644726177,0.06809877580039374,0.005759921994698352,0.06866043551532015,0.0,0.0
1692309318.5441682,-6.928528771896469e-05,0.06819887901863493,0.005861625517457704,0.06900318500979899,0.0,0.0
1692309318.6480918,0.00039404992047555585,0.06834155412090245,0.005890981615479818,0.06925754021881567,0.0,0.0
1692309318.7449644,0.0007603202146693908,0.06850046436103742,0.00586171456337062,0.06941439937995267,0.0,0.0
1692309318.8442326,0.0007056512322304026,0.06859939310930299,0.0058360218557663756,0.0692223712619205,0.0,0.0
1692309318.9408703,0.0005700936762975065,0.06864976174790911,0.0057319908477545655,0.06901241832874236,0.0,0.0
1692309319.0435138,0.0004984804640347278,0.06867451836178495,0.005597590999967068,0.06889944628353016,0.0,0.0
1692309319.144355,0.0002944267402296873,0.0686570918134427,0.005475697869065615,0.06869856166909696,0.0,0.0
1692309319.244532,0.000624872177496194,0.06870037209654192,0.005323795130012066,0.06897362400705084,0.0,0.0
1692309319.3456569,0.0007843682146507693,0.06875665113880668,0.005189119156438942,0.06906735218710522,0.0,0.0
1692309319.4478562,0.001234952556322987,0.0688729608090229,0.005033436815098135,0.06939820674961825,0.0,0.0
1692309319.54177,0.0018291102563001674,0.06905341267959639,0.00491968925037957,0.06981440806956671,0.0,0.0
1692309319.645314,0.0021426511195837133,0.06923749001849981,0.004797474032764799,0.06995915814781425,0.0,0.0
1692309319.7453034,0.0025554727082768586,0.06944123706679299,0.004686847399796391,0.07019544640711495,0.0,0.0
1692309319.8445323,0.0031563076934391686,0.06969207218147767,0.004581013591893017,0.07058548396490189,0.0,0.0
1692309319.9455605,0.0033124449030710783,0.06990641506891809,0.004461005542691634,0.07058371168803709,0.0,0.0
1692309320.0455513,0.003274694958803654,0.07006493871987,0.004324285973753377,0.07045800910423314,0.0,0.0
1692309320.1497982,0.003180269214077396,0.07017487879558788,0.004188075463504659,0.07033320263771595,0.0,0.0
1692309320.2499268,0.003358616674574129,0.07029618124695641,0.004043449214046479,0.07047523229092592,0.0,0.0
1692309320.3430352,0.003191144487193492,0.07037066655679566,0.0038612465064066285,0.07032511188585557,0.0,0.0
1692309320.4452949,0.003135991778682795,0.07042881939015677,0.0036910232891354936,0.07030556926513229,0.0,0.0
1692309320.544941,0.003529473427683747,0.07054856759127066,0.0035471320172219874,0.07067269239999685,0.0,0.0
1692309320.6423857,0.0034663239273820534,0.07063642820870664,0.003453388826646504,0.07061741838750897,0.0,0.0
1692309320.7419684,0.003537287262968103,0.07072338720742723,0.0034081510045514364,0.07069768088216369,0.0,0.0
1692309320.8437376,0.002772934159056689,0.0706741023690294,0.0033594192815430777,0.07008124133436562,0.0,0.0
1692309320.9442298,0.0031608378948727134,0.07071561412545713,0.0033267343010820473,0.07051907779364366,0.0,0.0
1692309321.0422766,0.0026577067682430574,0.07067747567773107,0.0032460304655423317,0.07014591425902764,0.0,0.0
1692309321.1423986,0.0021437229962484776,0.07058038216647183,0.0031143630429069915,0.0698175881040948,0.0,0.0
1692309321.2417629,0.0018076039983544816,0.07046917392488723,0.0029377145940375437,0.06967356547161549,0.0,0.0
1692309321.345115,0.002112108706154167,0.0704502645524373,0.002778830854084657,0.07006716144680085,0.0,0.0
1692309321.443688,0.0011472028917799534,0.07028905533588262,0.0025795640948771156,0.06933094866314836,0.0,0.0
1692309321.5436535,0.000862755027985791,0.07013630921926363,0.002352326736674115,0.06925570113474822,0.0,0.0
1692309321.6445498,0.0004960389382258884,0.06997437428949659,0.0020806828426823323,0.06909604025093447,0.0,0.0
1692309321.742595,0.0005626155696511699,0.06987502344537762,0.0017507422736453176,0.06929514616020686,0.0,0.0
1692309321.8420374,-0.0004739154724223553,0.06963688376340621,0.0013743745021247713,0.06852197246143536,0.0,0.0
1692309321.9412773,-0.0005901135702926618,0.06944795950648135,0.0009595708864250103,0.0686031014977166,0.0,0.0
1692309322.041732,-0.00021480001564887436,0.06937389413600248,0.0005981098618829505,0.06904719240273367,0.0,0.0
1692309322.1425753,0.00029869543977547436,0.0694033800518919,0.0002628238986830446,0.0695199349252651,0.0,0.0
1692309322.2449343,0.0008451474099579695,0.06951318864732471,-1.1435110833550116e-05,0.06994772323632611,0.0,0.0
1692309322.3456597,0.0011900201830295104,0.06964894565693917,-0.00019976630402295857,0.07015682755085209,0.0,0.0
1692309322.4451876,0.0018346382297211709,0.06985421926128942,-0.000291115628905591,0.07060686702845377,0.0,0.0
1692309322.54457,0.001652374882611174,0.06997495214580239,-0.00023021888579155423,0.07032935274210096,0.0,0.0
1692309322.6436582,0.0017268048760471384,0.07007789128998092,-9.597573604309757e-05,0.07033466413324993,0.0,0.0
1692309322.7405543,0.0015260565366496386,0.07012351077014659,7.139111985673739e-05,0.07012798981032549,0.0,0.0
1692309322.8478534,0.0019639086598604418,0.07023408647872091,0.00021343997817749422,0.07049705862358396,0.0,0.0
1692309322.9485872,0.0024758009786676896,0.07040384409886759,0.00034434352598711876,0.07088620823700767,0.0,0.0
1692309323.0429387,0.002302835350884176,0.07050558004130267,0.00036438839790774906,0.0706691343668661,0.0,0.0
1692309323.145634,0.0018670566011550307,0.0705158064336814,0.00029976540076122923,0.07028676104482619,0.0,0.0
1692309323.2426126,0.001881459429368449,0.0705332966552782,8.575666198504942e-05,0.07034514272279366,0.0,0.0
1692309323.3453016,0.0006859069830525496,0.07035759263903779,-9.9894132772125e-05,0.06938586448636887,0.0,0.0
1692309323.4476357,0.0011335756270554412,0.07031095808573312,-0.00034501269770897454,0.06992583986310744,0.0,0.0
1692309323.5457582,0.001472591163007985,0.07033878066399951,-0.0005627614627925291,0.07027595789351651,0.0,0.0
1692309323.642112,0.0021416962470408316,0.07047174158907943,-0.0008381109979570917,0.07084806946165084,0.0,0.0
1692309323.7424743,0.0007412646885820641,0.07034074691104952,-0.0011143734797152036,0.0696207084813338,0.0,0.0
1692309323.8428257,0.0007145406297533908,0.07024625936277663,-0.0013827105562732906,0.06972081421199519,0.0,0.0
1692309323.943576,0.0004806971107390287,0.07014407431197994,-0.001598755510270538,0.06961368278356125,0.0,0.0
1692309324.0438995,-0.00011314990108829702,0.06997566454103973,-0.001781475168972172,0.06920503013636936,0.0,0.0
1692309324.1421504,0.00010741160364408675,0.06989368996637699,-0.0019024286378670947,0.06951385329542036,0.0,0.0
1692309324.245708,0.0003773713186237711,0.06988129884981722,-0.0019529585997591012,0.06979769592739883,0.0,0.0
1692309324.3447695,0.0005098782760280873,0.0698971985275145,-0.0018886566014279529,0.06991758818455737,0.0,0.0
1692309324.4452844,0.0006558951664754927,0.06993438282109762,-0.0017774141289442161,0.07003213127368621,0.0,0.0
1692309324.5414805,0.0009160024262936583,0.07000570529835515,-0.0016337387413097634,0.07023003947425319,0.0,0.0
1692309324.6461222,0.0013553386909164696,0.07013107873994007,-0.0014986473596659442,0.07055795090038945,0.0,0.0
1692309324.7455087,0.0013425413877873253,0.07022181026046917,-0.0013699219659874052,0.0704767477452521,0.0,0.0
1692309324.8444526,7.781215201579624e-05,0.07008172251513857,-0.0013282258782554898,0.06938033270921046,0.0,0.0
1692309324.9457338,-0.00043412613237828017,0.06989884780431824,-0.0013685907459211203,0.06906964446619207,0.0,0.0
1692309325.0439343,-0.0004310060818539859,0.06976804861955328,-0.0014632081518731127,0.06920735597235082,0.0,0.0
1692309325.1447802,-0.0005134722135180767,0.06965962261141727,-0.0015651713664234798,0.06922691445396206,0.0,0.0
1692309325.2490616,-0.00028635788107224836,0.06961779005168496,-0.0016459203212436913,0.06948231029603462,0.0,0.0
1692309325.3477588,-9.868742288956356e-06,0.06963078591584042,-0.0017246713247002425,0.0697292490433315,0.0,0.0
1692309325.4418514,0.0001701669067139689,0.06966772418141405,-0.0017842557263311812,0.06985745317638661,0.0,0.0
1692309325.5439072,0.0002947912947743861,0.06971157171974457,-0.0018777013839247835,0.06992533260487754,0.0,0.0
1692309325.6421895,0.000627623252020798,0.06979438443896974,-0.0020107586914018057,0.07016423400121002,0.0,0.0
1692309325.745206,0.0010311727505803935,0.06991678492464004,-0.002181474142244435,0.07043783222988825,0.0,0.0
1692309325.8441293,0.00016404067605837167,0.06986022760201246,-0.0023526783043049887,0.0696273654826442,0.0,0.0
1692309325.9441524,0.00018555734774222717,0.06982073414212986,-0.0025442640212962973,0.06968381846160929,0.0,0.0
1692309326.0452933,-7.246720808147151e-05,0.06974748637321065,-0.002732962917414503,0.06949021206112051,0.0,0.0
1692309326.147333,-0.00010175082651896767,0.06968586133771865,-0.002937653261651294,0.06950658307858266,0.0,0.0
1692309326.2450485,0.000565608598728609,0.06975021204931559,-0.0030862581781260674,0.07009081075571197,0.0,0.0
1692309326.344922,0.000853310566364386,0.06983880630942813,-0.003256599127623164,0.07027257535059798,0.0,0.0
1692309326.4450047,0.000628951129744976,0.06985921028561148,-0.003468476329509743,0.07001284740757979,0.0,0.0
1692309326.5457695,0.0007263468185738049,0.06988403180541633,-0.003704524444965175,0.07006890260957636,0.0,0.0
1692309326.6437426,0.0008536030205451505,0.06991950313451634,-0.0039174752470510716,0.07014505111438234,0.0,0.0
1692309326.746854,-0.00011401740849972602,0.06978536400972167,-0.004066898365977365,0.06930070061509738,0.0,0.0
1692309326.8452127,0.0002524840421966413,0.06975132510376157,-0.004132866631077989,0.06968657915439165,0.0,0.0
1692309326.9467547,0.0006496278514506414,0.06979502198081142,-0.004104051698898388,0.07002745829588848,0.0,0.0
1692309327.045435,0.000786611895779493,0.06985662298014739,-0.003888838542859908,0.0701023591846344,0.0,0.0
1692309327.1450431,0.0009461739242996929,0.06993247196698207,-0.003559394281976414,0.07019498673770262,0.0,0.0
1692309327.2445827,0.0008704428211772476,0.06997921398712252,-0.003139400946164071,0.07008956606282807,0.0,0.0
1692309327.3448944,0.000997654661762734,0.0700374370734282,-0.002689808571443204,0.07017962903145918,0.0,0.0
1692309327.4420595,0.0007991027907253334,0.07004995340056498,-0.002288549831145326,0.06999310737823962,0.0,0.0
1692309327.542444,0.0010122845908469183,0.07009715903913012,-0.0020102481632352787,0.07018353018421172,0.0,0.0
1692309327.648955,0.0019558604670771793,0.07028914735245212,-0.001841331174360927,0.07096041083922743,0.0,0.0
1692309327.7466574,0.002554780169797815,0.0705278438299505,-0.0018127159301450373,0.07135469089517302,0.0,0.0
1692309327.8477483,0.0030334501426335066,0.07077779668330184,-0.0019860393080620583,0.07162593788959168,0.0,0.0
1692309327.9485192,0.0030462093710892793,0.07096513279711354,-0.0021656994226031717,0.07150780340084653,0.0,0.0
1692309328.045928,0.003501059737080597,0.07117936551085927,-0.0024026450674120353,0.07181167200197675,0.0,0.0
1692309328.1496625,0.0026174547452039384,0.07119597812196123,-0.0026285087474084944,0.07098506941877845,0.0,0.0
1692309328.249977,0.003155087492155112,0.07130528425710451,-0.0028457738237913336,0.07148461443865141,0.0,0.0
1692309328.35257,0.002608103038158485,0.07130494798382142,-0.0030063165556717722,0.07101361962216628,0.0,0.0
1692309328.4432502,0.002365530499041512,0.07127860798166379,-0.0030729254330206313,0.07087383458126453,0.0,0.0
1692309328.5433326,0.0008240887965015292,0.07101918089448558,-0.003062839561942231,0.06966658811305236,0.0,0.0
1692309328.644163,0.001447400279149327,0.07094595942372739,-0.0030210538334180604,0.07041963793919456,0.0,0.0
1692309328.7461143,0.0019437512521929459,0.07098360156048757,-0.0029485435729040706,0.07092679546031005,0.0,0.0
1692309328.8451698,0.0010240145401309761,0.07086911837641478,-0.002792142520198773,0.07017325844178823,0.0,0.0
1692309328.945054,0.0015701897940922276,0.07088570229966312,-0.0025709799780658715,0.07074807238434275,0.0,0.0
1692309329.0456479,0.001910332564339348,0.07096051130062785,-0.002346383712727137,0.07105764684164866,0.0,0.0
1692309329.145044,0.0013879660867117756,0.07093525181359456,-0.0021295031991613225,0.07060881245125722,0.0,0.0
1692309329.2435393,0.001057556026221798,0.0708685793825724,-0.0019986310589138255,0.07039022051922522,0.0,0.0
1692309329.3458648,0.001245739184518062,0.07085710607286426,-0.0019132092313453716,0.07062863254245363,0.0,0.0
1692309329.4453278,0.001808039913223892,0.07094564469387231,-0.0018849486048122905,0.07113737096651429,0.0,0.0
1692309329.5477767,0.0018550581625932456,0.07101711982695155,-0.0020237741804115007,0.07114704752458877,0.0,0.0
1692309329.6440642,0.0026778302169231877,0.07120761542448995,-0.002175727123549649,0.07181574904581532,0.0,0.0
1692309329.7480955,0.0015988363323826342,0.07116898815485627,-0.00238567047556305,0.07081945841717134,0.0,0.0
1692309329.8443382,0.0015396301249921609,0.07113634946205846,-0.0025868364490484836,0.07083335244652864,0.0,0.0
1692309329.9413464,0.0013713335465684567,0.0710918340191803,-0.002728676872448917,0.07074734401067007,0.0,0.0
1692309330.0419662,0.0011085358283615561,0.07102286705616317,-0.0028192206593047934,0.07058822117447101,0.0,0.0
1692309330.14738,0.00047343257440167583,0.07087639855162922,-0.002820977702911668,0.07013184915574897,0.0,0.0
1692309330.246071,-6.011924943694606e-05,0.07068691052005302,-0.0028277800784503215,0.06980944511041268,0.0,0.0
1692309330.354273,0.00029901125025016403,0.07061096159636768,-0.0028575854394932887,0.0702515861315453,0.0,0.0
1692309330.441821,0.0004097667356151165,0.07057479502648524,-0.0028897115093050193,0.07039897161486038,0.0,0.0
1692309330.5452087,0.0005421823142153825,0.07057079542847426,-0.0029097945500640007,0.07053369720638492,0.0,0.0
1692309330.6433947,0.0005603697705006243,0.07057072117593206,-0.002926021761907172,0.07055032880847201,0.0,0.0
1692309330.7397926,0.00033580877258425085,0.07053443271077851,-0.0029182229774799276,0.0703619493662602,0.0,0.0
1692309330.845562,0.0003236771653034835,0.07050659442638085,-0.0029039051065939533,0.07037616929446153,0.0,0.0
1692309330.9416018,0.0002382234613641965,0.07047375774051733,-0.002852391604868082,0.0703221221409249,0.0,0.0
1692309331.0529184,3.213806095216738e-05,0.07041718898009032,-0.0027745658607527344,0.07017078872705881,0.0,0.0
1692309331.147176,-8.15289841501342e-05,0.07035876756968702,-0.002666955472691712,0.07011196316366694,0.0,0.0
1692309331.2474618,-0.00015626625145343876,0.07030552766371576,-0.002513671972406173,0.07008524206303135,0.0,0.0
1692309331.3514717,-3.751495355657854e-05,0.07028817485268608,-0.002271695480608646,0.07021531934924138,0.0,0.0
1692309331.4467666,0.0003134085328611632,0.07033388970135385,-0.0019034369529282065,0.07051493656896796,0.0,0.0
1692309331.5482745,0.00035891392437716475,0.07037218164530819,-0.0013962753539412433,0.07051844849750824,0.0,0.0
1692309331.6456451,0.0005493493310813856,0.07042585479680147,-0.000772533046080804,0.07064984975141728,0.0,0.0
1692309331.7472365,0.0010232486910898622,0.07053441816886347,-6.720280658721741e-05,0.07100617772949903,0.0,0.0
1692309331.8460836,0.0013126411862634765,0.07065127884613286,0.0006679834955145989,0.07116907587756226,0.0,0.0
1692309331.9455488,0.0015153671279966125,0.07076145343741931,0.0013796272308552499,0.07125386684306859,0.0,0.0
1692309332.0429301,0.001911183663141353,0.07090551810661717,0.0019697644672280966,0.07150576874441258,0.0,0.0
1692309332.1495483,0.002726283567988083,0.07114606251663685,0.0024317102842073336,0.07209180650834078,0.0,0.0
1692309332.2448094,0.0037375719708929315,0.07148757625575167,0.0028266215687108,0.07278741424970281,0.0,0.0
1692309332.3450203,0.004297948796903083,0.07183068577122485,0.0031516964165038924,0.07305216828827059,0.0,0.0
1692309332.4460216,0.005442917881038099,0.07227649507622139,0.0033849467466303402,0.07382248092254033,0.0,0.0
1692309332.5452604,0.005272068163488945,0.07258333085967547,0.003531540929690785,0.07344551271387223,0.0,0.0
1692309332.6477728,0.004867245229766871,0.07275248089028243,0.0036555078806218104,0.07299010919978575,0.0,0.0
1692309332.748452,0.004330112789414818,0.0728007580032698,0.0037915101286151403,0.07252869169461597,0.0,0.0
1692309332.8445005,0.003447341694878977,0.0727024900546978,0.003978188152769655,0.07186191394120073,0.0,0.0
1692309332.9439237,0.0027036266118806804,0.07252064266906369,0.004194767086736791,0.0714020579163893,0.0,0.0
1692309333.044539,0.0018067604951709508,0.07224992730927118,0.00444258763115819,0.07085563438397754,0.0,0.0
1692309333.1440089,0.0018374899288101673,0.07206945137507824,0.004657179752950466,0.0711237098522916,0.0,0.0
1692309333.248082,0.0018592159629154423,0.0719398048078914,0.004956525337609848,0.071305388502405,0.0,0.0
1692309333.3449214,0.0009922951156198165,0.0717122082708046,0.005145741042661897,0.07069033073985448,0.0,0.0
1692309333.4426649,0.00031192599800392213,0.07144506648752855,0.005227058148062355,0.07029166147187711,0.0,0.0
1692309333.5466561,-0.0002537511000446827,0.0711636428511875,0.0052553705823752935,0.07000638532264652,0.0,0.0
1692309333.6420145,-0.0009708866036864715,0.0708470718098242,0.005206380157288713,0.06959114044066866,0.0,0.0
1692309333.750129,-0.0009202624707594411,0.07062609496428524,0.005142718783929344,0.06982913652458797,0.0,0.0
1692309333.8494456,-0.000712231073038891,0.0705022028221888,0.004992140991281801,0.0701196304426422,0.0,0.0
1692309333.9514523,-0.0008046169819771553,0.07039715943241723,0.004769517010202728,0.07008963487466534,0.0,0.0
1692309334.05089,-0.0007487731914866637,0.07032701160573407,0.004536732149325128,0.07017079818700235,0.0,0.0
1692309334.1572826,-0.0007719514505979433,0.07026834633151174,0.00430082604921832,0.07016121994438662,0.0,0.0
1692309334.250593,-0.0007430194871769608,0.07022160343618429,0.0041679108014271785,0.07018760769694611,0.0,0.0
1692309334.3495767,-0.0013205795079539984,0.0700752145073206,0.004241668578470562,0.06969614727250587,0.0,0.0
1692309334.4473448,-0.0022196205623521963,0.06980260384882515,0.0044445462795562754,0.06899291993919562,0.0,0.0
1692309334.5487802,-0.0031104621916627417,0.06943719401170778,0.004739039413344924,0.06836548274064096,0.0,0.0
1692309334.652885,-0.00379488984361545,0.06903495553849964,0.00509651062895747,0.0679499376033591,0.0,0.0
1692309334.7546735,-0.004233304625675825,0.06864380031117369,0.00548215048466622,0.06773762042585202,0.0,0.0
1692309334.8489769,-0.0045206696322307545,0.06829138488088993,0.005796206264005088,0.0676177754472414,0.0,0.0
1692309334.953346,-0.004559478483448002,0.06800034501894173,0.0060956097039289074,0.0676638729791212,0.0,0.0
1692309335.0457127,-0.004575243837015271,0.06776532181114954,0.006286307042442011,0.06767144850635223,0.0,0.0
1692309335.1486075,-0.004304078940900866,0.06761085647793288,0.006446749707535098,0.06787771703906748,0.0,0.0
1692309335.2464833,-0.004066936358238886,0.06750680296235274,0.00659221526101307,0.06799633791311875,0.0,0.0
1692309335.3521838,-0.003387823367356982,0.06750626234322855,0.006775859866790287,0.06844856250813122,0.0,0.0
1692309335.4486668,-0.003513673912920371,0.06744240550280732,0.007022453987803539,0.06815632997267128,0.0,0.0
1692309335.548267,-0.0034856621272115356,0.0673751599301361,0.007177781263277509,0.06803262313589764,0.0,0.0
1692309335.6446497,-0.0034223777559041083,0.0672981980942263,0.007377345077586729,0.06794946206727766,0.0,0.0
1692309335.7483563,-0.004419383701617656,0.06704405495890833,0.007561049145732484,0.066983329309478,0.0,0.0
1692309335.8545403,-0.003785803546419517,0.06692160736618544,0.007812737905332677,0.06749588119349718,0.0,0.0
1692309335.9480333,-0.004723081243225633,0.06663974440452745,0.008048618297701243,0.06659133985658101,0.0,0.0
1692309336.0493584,-0.0050698579870853185,0.06632765310044147,0.008355712944684759,0.06628174806567574,0.0,0.0
1692309336.1430116,-0.004563461545945374,0.066128812468539,0.008734013713159159,0.0666817382176947,0.0,0.0
1692309336.2546399,-0.004152283095902634,0.06599323780675993,0.009154542225376637,0.06690194766939371,0.0,0.0
1692309336.348392,-0.0035349076676906037,0.06594588739206221,0.009543384875838359,0.0672357301494593,0.0,0.0
1692309336.4481196,-0.0033439208346877727,0.06589957870422034,0.009853135032326108,0.06715203535271745,0.0,0.0
1692309336.550949,-0.0032265301673541393,0.06584434624083078,0.010090552834784423,0.06701513438892254,0.0,0.0
1692309336.6481795,-0.0021983695680863466,0.06594453802950172,0.010217298316688106,0.0676540187667937,0.0,0.0
1692309336.7517242,-0.001755935547540129,0.06607858078891903,0.010138120129908805,0.06771794380208532,0.0,0.0
1692309336.8543997,-0.0022067363137184288,0.06607671677764278,0.010000776872411538,0.0670519683733469,0.0,0.0
1692309336.9538577,-0.002418782383304912,0.06602096914988259,0.00980746087575653,0.06669780691056859,0.0,0.0
1692309337.0497324,-0.0020833155331138158,0.06601880654267377,0.009570158614417875,0.06685114645868809,0.0,0.0
1692309337.1472661,-0.0021449473974326466,0.06599365316997562,0.009271876229911243,0.06664827794128714,0.0,0.0
1692309337.2426136,-0.003093420563412627,0.06580844795978644,0.008908312944322185,0.06573539581931247,0.0,0.0
1692309337.3449476,-0.003216051702754188,0.06564321121917713,0.008514748759104416,0.06563167937599612,0.0,0.0
1692309337.444797,-0.004102886048655573,0.06536161733726178,0.008138359987637414,0.06487817182692876,0.0,0.0
1692309337.5480285,-0.004071498544377748,0.06514241885139199,0.007828121193591879,0.06496697915615253,0.0,0.0
1692309337.6444438,-0.00370539403715318,0.06502243246038193,0.007564206654101947,0.06528199126070956,0.0,0.0
1692309337.7476206,-0.004342832427934718,0.06480322091132246,0.007377327844972498,0.06468639488274998,0.0,0.0
1692309337.8486693,-0.003938862250354601,0.06468589811150476,0.007233019590994245,0.06502156899312962,0.0,0.0
1692309337.9475627,-0.004235276562148672,0.06451879839800059,0.007182460733291742,0.06469656087358905,0.0,0.0
1692309338.0457106,-0.003867162306822983,0.06443162939246613,0.0071420614522020335,0.06495215875938215,0.0,0.0
1692309338.1447566,-0.004009917919292834,0.06431954173240124,0.00708678785134081,0.06472469163071991,0.0,0.0
1692309338.2482216,-0.0036420682912506495,0.0642754835967437,0.0070086842148757945,0.06494311016401538,0.0,0.0
1692309338.3444881,-0.00427918950002462,0.06411696200540801,0.006888949359812635,0.06427991626129878,0.0,0.0
1692309338.4478319,-0.003543205139099817,0.06409953992742062,0.006779419363875477,0.06484686888037156,0.0,0.0
1692309338.5465465,-0.003356180984641612,0.06410067223817904,0.006593370130048211,0.06485959630008986,0.0,0.0
1692309338.6445634,-0.0030909437444103047,0.06412338567919086,0.006415128045540951,0.06493757755423321,0.0,0.0
1692309338.7466686,-0.0038977731030164094,0.06398550034251443,0.006247357438186399,0.06411320794033032,0.0,0.0
1692309338.8440762,-0.003721423841255966,0.06389448653948283,0.006096893549131297,0.0642236023692413,0.0,0.0
1692309338.947193,-0.003660250812474558,0.06381199222924556,0.006028677733650452,0.06420422254195211,0.0,0.0
1692309339.0459776,-0.003033335430523583,0.06382075909422519,0.006103182122057064,0.06464686950220142,0.0,0.0
1692309339.144887,-0.0036142925677374272,0.063700069053154,0.006226697497292839,0.064010163831829,0.0,0.0
1692309339.244984,-0.003290130624334685,0.06362320218963605,0.006492488164344534,0.06421475628244554,0.0,0.0
1692309339.3513954,-0.0026738684259954883,0.06362134835639502,0.006874681157701508,0.0646163947582614,0.0,0.0
1692309339.4524186,-0.0019406140530475145,0.06370823666607489,0.0072159137461934655,0.0650497226178778,0.0,0.0
1692309339.5479863,-0.0006231767907855432,0.06393419776535203,0.007677468951363484,0.06591571549927197,0.0,0.0
1692309339.6457133,0.0002140512656293715,0.06417335615868629,0.008257679696596909,0.06627862584439259,0.0,0.0
1692309339.744956,0.0012093433317097938,0.0644838328882997,0.00871191419863847,0.06675737316884639,0.0,0.0
1692309339.8473516,0.0022924714804499167,0.06484212429349807,0.009193224749839544,0.06728662154568828,0.0,0.0
1692309339.9476793,0.003398620898269168,0.0652667447393939,0.009541220915867144,0.06781207457446406,0.0,0.0
1692309340.0478232,0.0048245686380817224,0.06579508193008007,0.00979384408412693,0.06859380639160852,0.0,0.0
1692309340.1486256,0.0059192418444909065,0.06635305167169525,0.009936834681340118,0.06906381674814131,0.0,0.0
1692309340.2484584,0.006941720010250214,0.06691923466531478,0.010038871483444574,0.06949521703629956,0.0,0.0
1692309340.3446212,0.006998490972156628,0.06735025990355581,0.010012322601013597,0.06914918289829454,0.0,0.0
1692309340.4488227,0.007850056890278841,0.06780210133203707,0.010023905972149659,0.06960009446956567,0.0,0.0
1692309340.5450044,0.007017345620122004,0.06799677489972863,0.010033699935933445,0.06864830820965748,0.0,0.0
1692309340.646389,0.007009838843431133,0.06816135539612489,0.009937218667886136,0.06857589829111897,0.0,0.0
1692309340.746302,0.007304310052652842,0.06834321227110865,0.009852416952077963,0.06879369945412575,0.0,0.0
1692309340.8459795,0.0066137284947006695,0.06837967128817522,0.009740860383763787,0.06818190123357765,0.0,0.0
1692309340.9450839,0.004978288475805628,0.06816247029428948,0.009556418953828286,0.06688600714841833,0.0,0.0
1692309341.0459409,0.005694943461308215,0.06814256460109652,0.009392164984980312,0.0677269598084258,0.0,0.0
1692309341.1467052,0.006157181441966675,0.06822151693422124,0.009232543788717174,0.06820844085915241,0.0,0.0
1692309341.245359,0.005719648423434979,0.06822161165342286,0.009080842705514196,0.06787009870002882,0.0,0.0
1692309341.3477795,0.004267359743925441,0.06800649510410949,0.008855555083277726,0.06673847468379832,0.0,0.0
1692309341.444826,0.004559164766681768,0.0679218475433117,0.008597415833669424,0.06721039977276712,0.0,0.0
1692309341.544794,0.004658203608413149,0.0678990601417793,0.008294676155483335,0.06742535300532622,0.0,0.0
1692309341.6448896,0.003724079957877529,0.06774868682316892,0.007962689433706904,0.06673618791914027,0.0,0.0
1692309341.7456172,0.004212731392212283,0.06773972908794716,0.007621244301703085,0.06732133511256304,0.0,0.0
1692309341.8445315,0.004128536146407918,0.06774159756054964,0.0072105185679081675,0.06732798661792976,0.0,0.0
1692309341.9507039,0.003391013976556888,0.06763981059918668,0.006790942317600617,0.06678763430456591,0.0,0.0
1692309342.0467234,0.0038127382229165042,0.06765456356807242,0.006357742696915402,0.06728615275316294,0.0,0.0
1692309342.144577,0.002734898421440017,0.06750451600503515,0.005923740550305192,0.0664515862351169,0.0,0.0
1692309342.2446668,0.00265870478003895,0.06739759980611326,0.005543320120798105,0.0665648126209079,0.0,0.0
1692309342.3473675,0.002360816621707673,0.0672803373252416,0.005266129535718561,0.06645427389241466,0.0,0.0
1692309342.4434671,0.002211865680990676,0.06717553487521871,0.0051190329407496534,0.0664651043481732,0.0,0.0
1692309342.545024,0.0020091958278942485,0.06707160037884295,0.0050316734645318465,0.06641029342611651,0.0,0.0
1692309342.646301,0.0026542065246757804,0.06709815218440592,0.005103140727773803,0.06705377876948093,0.0,0.0
1692309342.7453442,0.002688304539088869,0.06711435204466482,0.005300368700603178,0.06708512122236311,0.0,0.0
1692309342.8465784,0.0028904648086191583,0.06715791417340242,0.005501648422104169,0.06725499135791091,0.0,0.0
1692309342.9448245,0.002653257037906178,0.06713783388993559,0.005805098645343739,0.06703800475395164,0.0,0.0
1692309343.0459862,0.0027510927694492492,0.06712545300731643,0.006181609944892929,0.0671335981117246,0.0,0.0
1692309343.1443007,0.0029868768459286104,0.06715378726549008,0.006493011673278888,0.06732641697301163,0.0,0.0
1692309343.2450063,0.0034431906290053466,0.06722198682318187,0.006954277910955499,0.06767665245371274,0.0,0.0
1692309343.3484917,0.0043453084386599295,0.06741491355753608,0.00734400394406307,0.06835336896677843,0.0,0.0
1692309343.4473255,0.005447772555317325,0.06771776003110241,0.0077760076031033526,0.0691198658993801,0.0,0.0
1692309343.5493896,0.005729924660010393,0.06795605441521847,0.00828664788183511,0.06912876406658758,0.0,0.0
1692309343.648677,0.005570090918042882,0.06808774155857496,0.008767638011280304,0.06881014745229283,0.0,0.0
1692309343.751396,0.006545110767003273,0.06833603091893456,0.009202020217676837,0.06951546478204201,0.0,0.0
1692309343.8463287,0.006560793454488392,0.06851693073919995,0.009549827968493008,0.06934637658937748,0.0,0.0
1692309343.9465222,0.006346481300170643,0.06860321100831535,0.009887982236659326,0.06904523350712286,0.0,0.0
1692309344.045934,0.0063085899548800594,0.06865383500417298,0.010200146525157947,0.0689559098782209,0.0,0.0
1692309344.147651,0.006958173117369267,0.06880462043809686,0.010423316042512993,0.06946323079720908,0.0,0.0
1692309344.2517428,0.007994370404586193,0.06907140931641169,0.010702895474554304,0.07023481465285814,0.0,0.0
1692309344.3490956,0.008160083153919235,0.0693013668213584,0.010878283250823793,0.07019806382734771,0.0,0.0
1692309344.4474893,0.008294741188412504,0.06948941808739376,0.011049259698382143,0.07018184612446673,0.0,0.0
1692309344.5481064,0.008397638992550732,0.06966340545811527,0.011094481025895183,0.07017425287935938,0.0,0.0
1692309344.6479998,0.008992728298806433,0.06988878079927562,0.011182434227036946,0.07060865683339175,0.0,0.0
1692309344.7475383,0.007957638089658702,0.06991010936550597,0.011115864475216541,0.06964843529164433,0.0,0.0
1692309344.8480685,0.0075717395889416525,0.069887623213559,0.010975385557737624,0.06939213407346603,0.0,0.0
1692309344.9452002,0.007663126604442888,0.06991038274605836,0.010795804241284256,0.06957081541269457,0.0,0.0
1692309345.052126,0.007713083290041945,0.06996380108390761,0.010547157198194497,0.0696872809194348,0.0,0.0
1692309345.142738,0.007682486336148059,0.07002896859252124,0.01022158531395576,0.06972504295327639,0.0,0.0
1692309345.2458131,0.0066592156858641845,0.06993764094331215,0.009844179624573785,0.06893787430002551,0.0,0.0
1692309345.3421252,0.006802623931714889,0.06992077920617386,0.00948369959384144,0.06923791212518196,0.0,0.0
1692309345.448773,0.006875004144564574,0.0699482484650921,0.009104321822998541,0.06942410463382491,0.0,0.0
1692309345.543239,0.006161718433204014,0.06987827544769475,0.008702779136852749,0.06892704642683344,0.0,0.0
1692309345.6452415,0.0058763911750764975,0.06980464601144681,0.00832934365385882,0.06885638787134593,0.0,0.0
1692309345.7467592,0.004740217636674265,0.069587063387012,0.007977341608602194,0.0680726734773002,0.0,0.0
1692309345.8501618,0.004465097850009436,0.06940591696926818,0.007653486490203981,0.06809818620153982,0.0,0.0
1692309345.9458828,0.0038762658592560537,0.0691969866727509,0.007352260230953436,0.06782397855035965,0.0,0.0
1692309346.0426939,0.003270953650707911,0.06896235952502293,0.007082127331849974,0.0675435144973089,0.0,0.0
1692309346.1415918,0.0029466266949809417,0.06875004170129852,0.0068773815611057575,0.06750184169172092,0.0,0.0
1692309346.2443016,0.0017738795881579294,0.06841157125167166,0.00671971581033426,0.06672047532600119,0.0,0.0
1692309346.3434725,0.0009576003835041545,0.06804228384171856,0.006558259750202308,0.0663061280133837,0.0,0.0
1692309346.4480786,0.0010125574215625347,0.06778738963551428,0.006442446270999974,0.06662213758706145,0.0,0.0
1692309346.542942,0.0013219584800825096,0.06765581434056886,0.006337467284305006,0.06705299201098402,0.0,0.0
1692309346.6426506,0.001522852228768162,0.06758436350339087,0.00634056131524343,0.06729932901592171,0.0,0.0
1692309346.7478218,0.0014939649241364089,0.06751579284057031,0.006431742328301543,0.06730174310315072,0.0,0.0
1692309346.8484154,0.0020040394266168746,0.06754440405055682,0.006519784926154872,0.06774329729327214,0.0,0.0
1692309346.944539,0.0013749087597731999,0.06744106516667894,0.006726012214760783,0.06716714192909203,0.0,0.0
1692309347.0480413,0.0008482152146878227,0.06725890571383325,0.007009353079531646,0.06675551776301303,0.0,0.0
1692309347.143943,0.000433200928117127,0.06704944019648293,0.007244472159628733,0.0664741823457022,0.0,0.0
1692309347.2454906,1.2865865690644203e-05,0.06680549497339681,0.007534484135516819,0.06619879470728657,0.0,0.0
1692309347.3475392,0.00031236054738518777,0.06664837500533205,0.007895495312069345,0.06652768949558346,0.0,0.0
1692309347.4434052,0.0005311373191181803,0.06656301549361673,0.008129339997202806,0.06670764668281924,0.0,0.0
1692309347.5509133,0.0015330600286823162,0.06662165478283838,0.008519940720820147,0.06749808492530247,0.0,0.0
1692309347.6461864,0.0016150637820364754,0.06665499140430914,0.008853205822868313,0.06740136107142629,0.0,0.0
1692309347.7486615,0.002063451283152162,0.06671023558395578,0.009273854687499805,0.06763472778330602,0.0,0.0
1692309347.8499925,0.002587745625384593,0.06682399181829918,0.0095716383936983,0.06790429213414974,0.0,0.0
1692309347.9456115,0.0027313233931710343,0.06687263271833621,0.01003640998095864,0.06783322104175192,0.0,0.0
1692309348.0445838,0.0026870432829978136,0.06689652161805333,0.010315066538929248,0.06762714766460026,0.0,0.0
1692309348.147596,0.0026873846069024846,0.06687706867119964,0.010644496748446072,0.06749800395328068,0.0,0.0
1692309348.251573,0.003104233621834101,0.06693679912549122,0.010777309247390869,0.0677353790741226,0.0,0.0
1692309348.3463662,0.0037395862286257716,0.06705963949390331,0.010942964831267816,0.06812723529489226,0.0,0.0
1692309348.4450984,0.003845870421551832,0.06717058012398086,0.010952889856143925,0.0680349752123409,0.0,0.0
1692309348.55116,0.004377979786810331,0.06734853768973155,0.010823426209309438,0.0683343382647064,0.0,0.0
1692309348.647221,0.00473739532263307,0.06753552328116727,0.010672274279985995,0.06847225857336334,0.0,0.0
1692309348.7521374,0.0053297328919618405,0.06777807653213673,0.01044714588102609,0.06881574163837227,0.0,0.0
1692309348.8508282,0.0044969085355903654,0.06783526876599628,0.010096949005473484,0.06795587825692648,0.0,0.0
1692309348.9488997,0.00481871851996816,0.06795136666518298,0.009657899983915337,0.0682133544451812,0.0,0.0
1692309349.0484638,0.004637741096465883,0.06802721008321534,0.009148839120898191,0.06802844114486965,0.0,0.0
1692309349.1468987,0.0043204093719200745,0.06805319384920569,0.008574700755997911,0.06777348947947408,0.0,0.0
1692309349.2459655,0.003899743069791847,0.06802546358391001,0.007960538949144788,0.06747858099654103,0.0,0.0
1692309349.346345,0.002659597144527248,0.06782075072177887,0.007358642304262666,0.06654259897024423,0.0,0.0
1692309349.446005,0.0017242130736810934,0.06753712333502201,0.006781927624356131,0.06597897529508405,0.0,0.0
1692309349.5445848,0.0004147972580382446,0.06713136387754268,0.0062505535477929905,0.06514466084767415,0.0,0.0
1692309349.6477904,-0.0007137208375286556,0.06666406785142776,0.005762617139906694,0.06452630479330793,0.0,0.0
1692309349.7507112,-0.0014827667951961645,0.06620588564297038,0.0053458563801555056,0.06422631344022514,0.0,0.0
1692309349.84903,-0.0023256790772196957,0.06573933945305369,0.0049544031885546905,0.06383205863148993,0.0,0.0
1692309349.9476335,-0.0030022810520904707,0.06528590956369158,0.004671826307567022,0.06355891010830875,0.0,0.0
1692309350.0540426,-0.003131991263623581,0.06492944778247939,0.004442852817827794,0.06370740711734647,0.0,0.0
1692309350.1449206,-0.00388404924965819,0.06453466208447248,0.0042949848906893755,0.06324912309229558,0.0,0.0
1692309350.2519915,-0.0037283453589769576,0.06425526117155803,0.004267158451663159,0.06355627117354096,0.0,0.0
1692309350.3502586,-0.0040055241431435715,0.06398147675662964,0.004362076808361453,0.06340309751193472,0.0,0.0
1692309350.450601,-0.004020643002385242,0.06375813754100948,0.004471627135859764,0.0634478757627563,0.0,0.0
1692309350.5462286,-0.004307175485897165,0.06350889266290086,0.0047632802499613675,0.06322143693907317,0.0,0.0
1692309350.649418,-0.004409530617552684,0.06328381750707254,0.005026044049625544,0.06314471499532856,0.0,0.0
1692309350.7489069,-0.004454472884567194,0.06307822816323258,0.005320662684055678,0.06309132510350803,0.0,0.0
1692309350.8532672,-0.004465176113700343,0.06290459720771861,0.0055074691420723115,0.06304158347962152,0.0,0.0
1692309350.9537027,-0.0033996260814356735,0.06291928221149908,0.005726966488967511,0.06387078589751675,0.0,0.0
1692309351.0505059,-0.002586398349873877,0.06301944167070864,0.006035870728897756,0.06435728554089486,0.0,0.0
1692309351.1501405,-0.001668518666573459,0.06320139897088543,0.0063842035232857496,0.06487168785587846,0.0,0.0
1692309351.2472658,-0.0018746569596420654,0.06327680152877875,0.006603620230781289,0.06439791625945926,0.0,0.0
1692309351.4547088,-0.0011621194853383976,0.06341287445627562,0.00686774115499207,0.06478648102307423,0.0,0.0
1692309351.4624605,-0.0013526498030716457,0.06346561959623712,0.006989783133095248,0.06438300824833634,0.0,0.0
1692309351.5481644,4.3910684984739155e-05,0.06370162583062797,0.007185129430445707,0.06538332429830249,0.0,0.0
1692309351.6491451,0.0013471246876696223,0.06405578961963639,0.007425946184071369,0.0661832584031627,0.0,0.0
1692309351.744311,0.002237634941818236,0.0644328112845716,0.0076701822974601,0.06657079636485233,0.0,0.0
1692309351.8488405,0.0032351486390344146,0.06483643573034308,0.007994875390343686,0.06705229732311736,0.0,0.0
1692309351.956048,0.004066983627756815,0.06525795336077495,0.008211879461129156,0.06738862965749841,0.0,0.0
1692309352.0476654,0.005117331347784416,0.06571213900062124,0.00849421381421595,0.06792750551090888,0.0,0.0
1692309352.15238,0.004868103952199646,0.06599204238430414,0.008719298770252999,0.06737291193242922,0.0,0.0
1692309352.2497153,0.00595890865366548,0.06636524475308941,0.008952671187912932,0.06807893278377031,0.0,0.0
1692309352.344572,0.00656834443649998,0.06673025420747543,0.009173081243965488,0.06833108196701071,0.0,0.0
1692309352.4451025,0.006847466581498197,0.06703639198559143,0.009387803502222642,0.06832941696525766,0.0,0.0
1692309352.5447943,0.007457859552070614,0.06735424436034974,0.009619068590203414,0.06865761804369014,0.0,0.0
1692309352.649662,0.008149937063317843,0.06769570219742245,0.009861789537175219,0.06905415980277009,0.0,0.0
1692309352.7505746,0.007328450485532093,0.06781905891613454,0.010015991033198429,0.06817974683418077,0.0,0.0
1692309352.8474746,0.007671027067947254,0.06797474530086703,0.010145210085639955,0.06844217512494555,0.0,0.0
1692309352.9487982,0.007443820976594802,0.06806385729444137,0.010224406246802252,0.06820994777475584,0.0,0.0
1692309353.0481365,0.007506681534805819,0.06815544835631895,0.010255398395268067,0.06827152286598184,0.0,0.0
1692309353.1492832,0.00736081499245689,0.06821967233525876,0.010213260968539598,0.06816200470253922,0.0,0.0
1692309353.2493837,0.007207493408383304,0.06826959714338077,0.010069934579580896,0.06807318257322943,0.0,0.0
1692309353.351808,0.006985751392576974,0.06829639408342811,0.00986121486345625,0.0679482767763968,0.0,0.0
1692309353.4491522,0.00736769983072675,0.06841071746954765,0.00956815333492789,0.06835048961926023,0.0,0.0
1692309353.5508497,0.007319196435453627,0.06852254531492105,0.009153059909001959,0.06834459181181408,0.0,0.0
1692309353.6469133,0.007464421534074218,0.0686580154997346,0.00871255549947791,0.06851953055814691,0.0,0.0
1692309353.7484846,0.007198603192195445,0.0687433806732278,0.008250602451511478,0.06834452337857885,0.0,0.0
1692309353.8495243,0.006589828444730999,0.06873095222096542,0.00784270109387166,0.06792567296663976,0.0,0.0
1692309353.947921,0.005666499045839986,0.068594574747386,0.007497610830940982,0.06730954759947398,0.0,0.0
1692309354.0498083,0.005477424207708614,0.06848496210532883,0.007249970599024457,0.06738232788041906,0.0,0.0
1692309354.1476853,0.005293474134992818,0.06839039222860768,0.007107965667576692,0.06742549136751408,0.0,0.0
1692309354.250697,0.005244609592778697,0.06832392174623673,0.007074422933010844,0.06755560829565417,0.0,0.0
1692309354.3472674,0.005055361513211841,0.06825136860110917,0.007129268120703857,0.06753358677778516,0.0,0.0
1692309354.451409,0.0041824438319623,0.0680710281864392,0.007143250517909298,0.0669302814950031,0.0,0.0
1692309354.5468245,0.004747398507402628,0.06804600347360115,0.007160669401333039,0.0675946519364502,0.0,0.0
1692309354.648897,0.005051790144719381,0.06807022009756716,0.0073359018549591405,0.06792569247859563,0.0,0.0
1692309354.7502131,0.0050843045088502835,0.0680863018456304,0.0075923384326760076,0.06797873053908697,0.0,0.0
1692309354.8499644,0.005331047915572728,0.0681243936559673,0.007949790405537402,0.06820457146575203,0.0,0.0
1692309354.9494524,0.00578637336159127,0.06821111753689095,0.008375141830624664,0.06857367584864925,0.0,0.0
1692309355.049153,0.006150198789488277,0.06829266876188288,0.008983743357779767,0.06882043872842625,0.0,0.0
1692309355.1490393,0.0064466626272902585,0.06837808803005416,0.009590453655324915,0.0689843746510275,0.0,0.0
1692309355.2508652,0.006915932647266107,0.06852758519036688,0.010005426372588501,0.06928046533598764,0.0,0.0
1692309355.3501818,0.006211877746684278,0.06849440959525938,0.010461736971550261,0.06857429518784494,0.0,0.0
1692309355.4444578,0.007215506539808745,0.0686431225699473,0.010788498858843126,0.0694051323140494,0.0,0.0
1692309355.5427122,0.0076351093280584035,0.06880819493435006,0.011108888286841175,0.0696362617017667,0.0,0.0
1692309355.652538,0.008396698994323784,0.06906527014758644,0.011296723629046022,0.07014387364953974,0.0,0.0
1692309355.7531998,0.008725639022797795,0.06931836740381124,0.011380885928692939,0.0702516794984904,0.0,0.0
1692309355.8465884,0.008885787922321274,0.06955264525740383,0.011324856437493286,0.070245708372961,0.0,0.0
1692309355.946008,0.009452411172401164,0.0698397166942142,0.011185373132815923,0.07062156058349657,0.0,0.0
1692309356.0529065,0.010356141642885335,0.07020920672822595,0.01107918552993237,0.07126701869315065,0.0,0.0
1692309356.1481698,0.009771873699806494,0.07041295835674566,0.010859784861122067,0.07062794083278434,0.0,0.0
1692309356.2467244,0.009601586817496349,0.07055809842589433,0.010637829606054831,0.07047614828797545,0.0,0.0
1692309356.3455286,0.009963623415799355,0.07075720569319807,0.010364525922116207,0.07081822752762239,0.0,0.0
1692309356.445135,0.010730690079094933,0.07105984933780791,0.010080739788222237,0.07147534634281763,0.0,0.0
1692309356.5461254,0.010560005596902521,0.07128350356288497,0.009788202542707082,0.07129261886713839,0.0,0.0
1692309356.650762,0.010838104787005538,0.07152634444061531,0.00949379537954081,0.07155330832073212,0.0,0.0
1692309356.751238,0.011084203251051753,0.07178189807586965,0.0091728920322572,0.07178535200999053,0.0,0.0
1692309356.8446362,0.010536430821410528,0.07192403557599561,0.00875751865401351,0.07135960196573407,0.0,0.0
1692309356.9492064,0.009919121258226499,0.07196824826459162,0.008336458083709718,0.07096977765698412,0.0,0.0
1692309357.050149,0.009665405898559104,0.07199998879575922,0.007938415270160728,0.07095364016226738,0.0,0.0
1692309357.1442163,0.009524598617969449,0.07203974599340413,0.007572025117477093,0.07103740958686022,0.0,0.0
1692309357.2522128,0.009000648381681884,0.07202080606663648,0.00723838581299005,0.07079190821853647,0.0,0.0
1692309357.3536239,0.00885745881502243,0.07202803341147765,0.0068417977647059905,0.07089940078340669,0.0,0.0
1692309357.4475386,0.008330085376487825,0.07198573532887739,0.006453718295782173,0.07066729322893534,0.0,0.0
1692309357.5501397,0.00855530085144465,0.07203163299355222,0.006058031127713068,0.07109261245927065,0.0,0.0
1692309357.6488955,0.008933500095107095,0.07216329916500346,0.005688136842238615,0.07158136777820433,0.0,0.0
1692309357.7582867,0.008722691908211027,0.0722638358721265,0.005241340234821153,0.07151925257793026,0.0,0.0
1692309357.845209,0.007270779678816095,0.07213426375591883,0.004815505814529249,0.07044798462429505,0.0,0.0
1692309357.9452944,0.007520692797631251,0.07211904117060239,0.004392555698416856,0.07095116685214711,0.0,0.0
1692309358.0471973,0.0073622404882034646,0.07211463607110227,0.004044352176765361,0.07102524651057636,0.0,0.0
1692309358.144556,0.007028744150310068,0.07209066113114009,0.0036667348631976085,0.07093884865293903,0.0,0.0
1692309358.2514756,0.006917593217420077,0.07208763339571898,0.003276105917922795,0.07104711910144434,0.0,0.0
1692309358.3527203,0.006947352078297436,0.07212135804568981,0.0028853729420764526,0.07125353898848726,0.0,0.0
1692309358.4529338,0.007426338916878266,0.07225360362092961,0.002568713098970581,0.07180600679886939,0.0,0.0
1692309358.5476043,0.007481979627756691,0.07238712053645123,0.002288680467396791,0.07193625317869633,0.0,0.0
1692309358.649555,0.007204530548755274,0.07246666025062333,0.0020812394772854997,0.07179024172422788,0.0,0.0
1692309358.7477465,0.0067602470046245694,0.07247951610015411,0.0019654758598265324,0.07154288248199085,0.0,0.0
1692309358.8441198,0.006394019848026172,0.07245618994517676,0.0019390406800608886,0.07140330537403529,0.0,0.0
1692309358.9496562,0.005986811104646021,0.07239715369362773,0.002030627835904886,0.07124755252811912,0.0,0.0
1692309359.0518262,0.0056922862082277835,0.07232825538021943,0.002219769889780619,0.07120021298713203,0.0,0.0
1692309359.1502874,0.005541116476455316,0.07227236657985629,0.0024978383136403347,0.07126716355650767,0.0,0.0
1692309359.252301,0.005558751430376999,0.07225123036819463,0.0028347296157937955,0.07145313909914948,0.0,0.0
1692309359.3489738,0.0052350313859695985,0.07219772984774214,0.0031954204270205114,0.07131880443536127,0.0,0.0
1692309359.451047,0.004001939893811144,0.07197784981665914,0.0034492958038830723,0.07043748142281031,0.0,0.0
1692309359.5506332,0.004834908595261264,0.07197222090964395,0.0036973794522508646,0.07138795486935519,0.0,0.0
1692309359.6475363,0.00422280673730104,0.07188489254568935,0.003869806160486983,0.07097226099709462,0.0,0.0
1692309359.7526278,0.0038330639585821866,0.0717748448594931,0.003982573242539578,0.07079583173716886,0.0,0.0
1692309359.8519425,0.0042135014200347575,0.07177574173757474,0.004022109610617921,0.07127209125507067,0.0,0.0
1692309359.9488094,0.0030823522040989214,0.07161168104486348,0.0038994821288394948,0.07040729540975108,0.0,0.0
1692309360.0512073,0.002701755897520297,0.07145116375539855,0.003638830641648939,0.0702839337887212,0.0,0.0
1692309360.1478026,0.002323030105054484,0.07129198219960091,0.0031625610781940176,0.07015391802222286,0.0,0.0
1692309360.2509396,0.002464220145427817,0.07121301517448857,0.0025482156061439193,0.07045137367077284,0.0,0.0
1692309360.350069,0.001982121902933789,0.07108269159201623,0.0017796917582035556,0.07016525174258598,0.0,0.0
1692309360.4467442,0.0018951258780463495,0.07098156213501203,0.0010804637321791578,0.07023395848869014,0.0,0.0
1692309360.5473096,0.0018540650805045139,0.07090352615315354,0.0003531980811617789,0.07031215604457379,0.0,0.0
1692309360.650815,0.002560169006693731,0.07096338581624367,-0.0003676886592409748,0.07098807859178335,0.0,0.0
1692309360.7509224,0.0026667459079512323,0.07102765257570967,-0.0009817422037876396,0.07106275653182974,0.0,0.0
1692309360.8446693,0.00255387132392671,0.07105807178119802,-0.0015306461369368786,0.07095454607729063,0.0,0.0
1692309360.9479365,0.003006442907019295,0.07115852290099789,-0.0020081559518039943,0.0713429521078712,0.0,0.0
1692309361.0432622,0.002224368061039232,0.07110956662629658,-0.002370307184020278,0.07065469543716182,0.0,0.0
1692309361.1444159,0.002105093383224986,0.07106363384189032,-0.0026264559466263335,0.07062626495289356,0.0,0.0
1692309361.2454555,0.0019538668123850627,0.0710117480035476,-0.002841195696954729,0.07056794463801411,0.0,0.0
1692309361.3483756,0.0014273434316518197,0.0708924613415498,-0.003034430704886311,0.07019696822422411,0.0,0.0
1692309361.4454231,0.0014034383900944233,0.07080934206057578,-0.003160877221387694,0.07028626268023205,0.0,0.0
1692309361.5498676,0.0010364735108718002,0.07069427854411946,-0.0032419472124099276,0.07005961020420978,0.0,0.0
1692309361.6456938,0.0006512618468465099,0.0705522297954853,-0.003290210391379023,0.06983519456423885,0.0,0.0
1692309361.7495866,0.0004772184949165999,0.07042466011974241,-0.0033079730529397607,0.0697993628729461,0.0,0.0
1692309361.8478239,-0.0004501955391651144,0.07018120118373895,-0.003323110803285601,0.06911804104267344,0.0,0.0
1692309361.946514,-0.0009444058513962472,0.06992488218530354,-0.0033239117934004605,0.06886863723446066,0.0,0.0
1692309362.0459733,-0.0011478818027283037,0.06970427685501665,-0.003328857444829434,0.06885798984766332,0.0,0.0
1692309362.1460483,-0.0009771378882956695,0.06956874357083057,-0.003339599449646857,0.06912278275062354,0.0,0.0
1692309362.2511957,-0.00010364763271390027,0.06960941616816967,-0.0033378151489266306,0.06990716178892585,0.0,0.0
1692309362.3451602,-0.0008583365492799185,0.06951038241204456,-0.0032818469883549913,0.06921043755342778,0.0,0.0
1692309362.4434242,-0.0014505638340225504,0.06934012881324698,-0.003128291442818972,0.06874921277398013,0.0,0.0
1692309362.5491378,-0.0016539440184744321,0.06918056975065408,-0.0029287590220183645,0.06866010485415157,0.0,0.0
1692309362.6493168,-0.0014771983740418178,0.06909010547819959,-0.0026818666211376944,0.06887576886869148,0.0,0.0
1692309362.7480078,-0.0009235124234872323,0.0691098515875428,-0.0024157276930309684,0.06935542748519292,0.0,0.0
1692309362.8465526,-0.0005416855149708988,0.06917996937810683,-0.0021646322925225193,0.06961695450952297,0.0,0.0
1692309362.947298,-0.00030280894955587946,0.0692636048676447,-0.0019238721591530474,0.06972995234936427,0.0,0.0
1692309363.0474088,-0.00011067840027901402,0.06935026119003035,-0.0017041948028191714,0.0698017592234382,0.0,0.0
1692309363.1487942,-3.733535532083662e-05,0.06942041088285408,-0.0015356387415961703,0.06977937976037044,0.0,0.0
1692309363.247374,-0.0002555503077211167,0.06943207246070048,-0.0013760797554891568,0.06953099531181527,0.0,0.0
1692309363.3459911,-6.0717860948285085e-05,0.06947046058695612,-0.0010940680699367575,0.06967175059240431,0.0,0.0
1692309363.447682,-0.0009105945974411569,0.069355313245752,-0.0007508413881375313,0.0689242604415343,0.0,0.0
1692309363.5514078,-0.0006311017606810865,0.06931360451086219,-0.0003233735404984567,0.06922389493744545,0.0,0.0
1692309363.6487312,-0.0006033235811980349,0.06928082982872613,0.0001625452551893795,0.06925621962322265,0.0,0.0
1692309363.7518625,-0.000496716523036482,0.06926993081540057,0.0005897885508149045,0.06934353265034839,0.0,0.0
1692309363.8499014,-0.0003812809665500069,0.06927169954559437,0.0010629054741855355,0.06942221542637336,0.0,0.0
1692309363.9479334,-1.4890495900205544e-05,0.0693287778548971,0.0014513900477135166,0.06969817188858562,0.0,0.0
1692309364.0517418,-0.0007050928306544111,0.06925354440563544,0.0017376998786933356,0.06905675825738404,0.0,0.0
1692309364.1449459,0.00031455208468651275,0.06936741509120166,0.0018824573979495155,0.06993670335959877,0.0,0.0
1692309364.2499018,4.2082321309688635e-06,0.06939922225351919,0.0018685272361849102,0.06958050722237388,0.0,0.0
1692309364.3442883,0.0006551911091623546,0.06952980552231591,0.0017510112253109186,0.07009254542294024,0.0,0.0
1692309364.448034,0.0011208275675435257,0.06970126642868256,0.0014693709871775287,0.07038842292211266,0.0,0.0
1692309364.5485783,0.001620343836651635,0.06990640780887136,0.0010464683365969307,0.07069457102739699,0.0,0.0
1692309364.6445222,0.001856499525199143,0.07009120195980588,0.0005128459805556738,0.07076699007037322,0.0,0.0
1692309364.7445076,0.0020688175498295106,0.07025620439271471,-0.00010630169604740591,0.070840672139275,0.0,0.0
1692309364.8495622,0.0013459976394849214,0.07026053071414112,-0.0006139603914600104,0.07015059476061143,0.0,0.0
1692309364.9480255,0.0022631675354670903,0.07041523698521929,-0.0011335209013129729,0.07094483820169858,0.0,0.0
1692309365.0439427,0.0017836969775463316,0.07045238731776175,-0.0015643121874727782,0.07046766302374204,0.0,0.0
1692309365.1485083,0.003160175852815379,0.07071581264662936,-0.001832751525828659,0.07162555577919984,0.0,0.0
1692309365.246115,0.0039120559487859224,0.07104119896198338,-0.0019212333206314635,0.07211582330294423,0.0,0.0
1692309365.3477254,0.004798511914849743,0.07143527682712913,-0.0018376903978243417,0.0726949229932069,0.0,0.0
1692309365.4480839,0.005270558683402028,0.07181204839865055,-0.001595740229485869,0.07290183633674686,0.0,0.0
1692309365.5480447,0.005524317442816232,0.07214169266778983,-0.001250483186807055,0.07295882608182046,0.0,0.0
1692309365.6492784,0.005798485748003125,0.07244227013849802,-0.000844731307370699,0.07308118658576536,0.0,0.0
1692309365.7469807,0.005989053469427201,0.07270923397190049,-0.00039520113756902174,0.0731655333545529,0.0,0.0
1692309365.847631,0.006074933673274904,0.07293698004307188,3.720090592384932e-05,0.07319422921516348,0.0,0.0
1692309365.94665,0.006772299535866457,0.07323724852634492,0.0004788025176740998,0.07376724155664732,0.0,0.0
1692309366.0465262,0.00687551914513722,0.07349258636240365,0.0009210046185853507,0.07380024079016184,0.0,0.0
1692309366.1480129,0.006641151452628991,0.07366230284671037,0.0013313325113149894,0.07358921734559457,0.0,0.0
1692309366.249932,0.00661596927636776,0.07380793051897316,0.00166284625181614,0.07361567645369214,0.0,0.0
1692309366.3443165,0.006169202078970526,0.07386562918797335,0.001963643976025618,0.0733089171068246,0.0,0.0
1692309366.4483707,0.005693370659856221,0.0738553615496584,0.0022314411120860508,0.0730362987078398,0.0,0.0
1692309366.5487525,0.005446716569991672,0.07383439732147976,0.0024421090865175696,0.07299551149440817,0.0,0.0
1692309366.6464598,0.005085183349126181,0.0737853644428425,0.0026105416977690414,0.07285892199681526,0.0,0.0
1692309366.7467725,0.00463900406114736,0.07370112399643594,0.0027388545823564966,0.0726629364586042,0.0,0.0
1692309366.847612,0.00384520304359936,0.07353201429522808,0.0028513031142414695,0.07219175556320274,0.0,0.0
1692309366.9499774,0.003492618013021338,0.07337134467859073,0.0029747113978874124,0.07213478521079807,0.0,0.0
1692309367.0518234,0.0033168576973104475,0.07324216844367223,0.003126475754314816,0.07220410104159478,0.0,0.0
1692309367.1458275,0.002605491127360466,0.07304436349160397,0.003307878095782408,0.07178992320567487,0.0,0.0
1692309367.2503424,0.0019147816482275619,0.07279905417680327,0.0034952449119415845,0.07142517937010677,0.0,0.0
1692309367.347438,0.0011733670424159794,0.07251252835507434,0.003619695265179373,0.07103369494799719,0.0,0.0
1692309367.449742,0.0005849596717934719,0.07222004530864434,0.003672899261138602,0.0707828987042087,0.0,0.0
1692309367.5480175,-0.0008037191749157082,0.07178817283631991,0.003677119225856508,0.06985267374180139,0.0,0.0
1692309367.6496108,-0.0007172374492842498,0.07149558058199068,0.0036481397697362113,0.07023128861368912,0.0,0.0
1692309367.7479606,-0.0008854161116573804,0.07125755342055866,0.0035943195087592716,0.07028196675264739,0.0,0.0
1692309367.8442254,-0.0011534984608195377,0.07103884731002133,0.0035461535324545984,0.07019903941804238,0.0,0.0
1692309367.9502845,-0.0015529058348616436,0.07081020931761906,0.0035104003631897013,0.06998232839469554,0.0,0.0
1692309368.0445626,-0.0020766280163738576,0.0705515250952739,0.0034995816940947997,0.069658349827204,0.0,0.0
1692309368.1481597,-0.002082915392752703,0.07035727975464093,0.003452952238508107,0.06977550611713079,0.0,0.0
1692309368.2457998,-0.003316361096828619,0.07000756907193151,0.0033330001812321196,0.06881541263599494,0.0,0.0
1692309368.3485696,-0.0036199210834263734,0.06969932038709531,0.003089872608595739,0.068730599739459,0.0,0.0
1692309368.4462986,-0.003970345474894678,0.06941019228914405,0.0026918261520773915,0.06856723657842605,0.0,0.0
1692309368.5457282,-0.0050186775031193075,0.06901486801236954,0.002343888554116599,0.06779854287123165,0.0,0.0
1692309368.6477537,-0.004595404006425193,0.06878264176420468,0.0018266021789307089,0.06831780156353406,0.0,0.0
1692309368.7454572,-0.004470736425315895,0.0686155241715001,0.001331734331278358,0.06846207825052149,0.0,0.0
1692309368.8484867,-0.00479017085430601,0.06841044406276936,0.0005661344917812008,0.06818448095624426,0.0,0.0
1692309368.947562,-0.004786187678895668,0.06823924393136482,-9.730187913165934e-05,0.06818927239529926,0.0,0.0
1692309369.0485494,-0.004480133775310662,0.06813364075273723,-0.0008047929248007953,0.06841767029303913,0.0,0.0
1692309369.149841,-0.004582104488860864,0.06801176516688522,-0.001446963999875321,0.06825137611846233,0.0,0.0
1692309369.2468138,-0.0039539945798939885,0.06800348201899147,-0.0019552312814477015,0.06870345341527379,0.0,0.0
1692309369.3472364,-0.0038073178505528636,0.0680033482358909,-0.002262964239304346,0.06867975342908839,0.0,0.0
1692309369.44523,-0.004660555602422536,0.0678460428331403,-0.0023876682018732177,0.06782798615602997,0.0,0.0
1692309369.5442657,-0.004917632595376887,0.06767454477972228,-0.00234096472042349,0.06758999665707965,0.0,0.0
1692309369.6459208,-0.00442267319443056,0.0676148395158133,-0.0021476701343639704,0.06799083216843929,0.0,0.0
1692309369.745472,-0.00440442668817392,0.06755476738224377,-0.001690774048276103,0.0679183625378471,0.0,0.0
1692309369.8466392,-0.004650383770690395,0.06744049994169862,-0.0009322792943040935,0.06762884155703432,0.0,0.0
1692309369.946392,-0.004094902321493067,0.06742452526617551,-0.00023117912778977993,0.06803822346776273,0.0,0.0
1692309370.0467153,-0.0035452503175490914,0.06747278637672012,0.0005042392290411722,0.06837373566967837,0.0,0.0
1692309370.1465433,-0.0021561070774193916,0.06771517841502013,0.0010924280245414887,0.06936515404426749,0.0,0.0
1692309370.248275,-0.0013971146247312937,0.06799677881870256,0.0015329789046491468,0.06971116283012171,0.0,0.0
1692309370.359493,-0.0006803741348016832,0.0683042227021852,0.001825656411982584,0.07001705815219701,0.0,0.0
1692309370.4523141,0.0004242152821517715,0.06869747864335399,0.0019965501045982647,0.07065282833665729,0.0,0.0
1692309370.544264,0.0015251681111494273,0.06915461705175742,0.0020895522355283587,0.0712516813116167,0.0,0.0
1692309370.6535892,0.0021839743309640916,0.06958975859090986,0.002098754197012967,0.07146469967056102,0.0,0.0
1692309370.7915652,0.002283307372641666,0.06992286535869076,0.0019643464009041485,0.0712536068708799,0.0,0.0
1692309370.8477077,0.0021519456269455694,0.07014666602319826,0.0017658626750666122,0.07094442020744787,0.0,0.0
1692309370.9464574,0.001978416709549145,0.07028697152563784,0.0015127344980354143,0.07069049688783327,0.0,0.0
1692309371.044211,0.0018084305725973152,0.07036872140815535,0.0012442023054710946,0.0705052912775456,0.0,0.0
1692309371.1497116,0.0014272158159192555,0.07037397251203759,0.0009688815123642926,0.07018724440516765,0.0,0.0
1692309371.2500758,0.0013429239408684693,0.07037314252520767,0.0007346853602367799,0.07016889913265512,0.0,0.0
1692309371.352213,0.0016832462792483933,0.070436936476165,0.0004982659589736346,0.07050593243535541,0.0,0.0
1692309371.4469137,0.0009132182948256447,0.0703641881649905,0.0002746749596192257,0.06986938205539571,0.0,0.0
1692309371.550856,0.0009327001847415576,0.07032303099789683,8.3679085074073e-05,0.06998321793797749,0.0,0.0
1692309371.6509764,0.00017376129073530273,0.0701755384171221,-7.2625012760887e-05,0.06941900771357802,0.0,0.0
1692309371.7484305,0.0004416822886206965,0.07011928809099444,-0.0002084732600274066,0.06977807872218555,0.0,0.0
1692309371.8504107,0.0004898774936065012,0.07009119830594285,-0.0003115749985379688,0.06988247901558668,0.0,0.0
1692309371.9459827,-0.0005851674444310762,0.06989751891876109,-0.0004169589895036001,0.06902566131378662,0.0,0.0
1692309372.0514934,-0.0004322036612859568,0.06978487196334683,-0.000574161346035442,0.06930114167695227,0.0,0.0
1692309372.150799,-0.00026015241122775317,0.06973135165743682,-0.0007717964426193833,0.0695256460702112,0.0,0.0
1692309372.248011,-0.0004621106785802657,0.06965728026257177,-0.0010022070143988382,0.06939052273839902,0.0,0.0
1692309372.3490746,-0.0003859904628195045,0.06961478489496557,-0.001207794346342764,0.06949663772232631,0.0,0.0
1692309372.4469151,-0.000399713837230298,0.06957612652861728,-0.0014846457969972546,0.06950240509739221,0.0,0.0
1692309372.5447495,-0.0007186792730160237,0.06949138112001355,-0.0017524573979304588,0.06924548107618904,0.0,0.0
1692309372.6439943,-0.0010715608367830973,0.06936764548425986,-0.0020022197632726625,0.06898786560423553,0.0,0.0
1692309372.7543721,-0.001402755443193893,0.06921794572406775,-0.0022457841915726915,0.06876905275655547,0.0,0.0
1692309372.8535929,-0.0011421985020455187,0.06914793679050847,-0.002438338365268847,0.0690539632098317,0.0,0.0
1692309372.9498973,-0.001339031116116823,0.06905705926458047,-0.002626795538675012,0.06889727466952326,0.0,0.0
1692309373.048887,-0.0013956430578288778,0.06897310260555534,-0.0028198096675605628,0.06886794586490652,0.0,0.0
1692309373.1506767,-0.0025657136504973884,0.06871199606069911,-0.0029768183229276273,0.0678992283449154,0.0,0.0
1692309373.2501528,-0.0025928400518757683,0.06851100047729193,-0.003100428264395114,0.06799960675328008,0.0,0.0
1692309373.3485014,-0.002553662345855999,0.06836524024089582,-0.003138007914152734,0.06810293333395545,0.0,0.0
1692309373.4475112,-0.0023859425342663107,0.06828115110866599,-0.0030552866197062333,0.06827103983395906,0.0,0.0
1692309373.551918,-0.002525423976493234,0.06818916945517817,-0.0028901187897067047,0.06814068680754785,0.0,0.0
1692309373.6434684,-0.0020154142589937493,0.06819938577110106,-0.002563941570225203,0.06855908828567593,0.0,0.0
1692309373.7435412,-0.0019335678437852884,0.06820999274946593,-0.0020881006752987174,0.06855353242059248,0.0,0.0
1692309373.8441777,-0.001760431519487856,0.06823512624921269,-0.0016173589460863383,0.06862846269117773,0.0,0.0
1692309373.9524286,-0.0016771088591524437,0.0682520426013867,-0.0009885947610723496,0.06862172896458293,0.0,0.0
1692309374.0456414,-0.0011381412018552947,0.06833256653223804,-0.0002172175274757622,0.06900075297290356,0.0,0.0
1692309374.1485138,-0.0006319779513021106,0.06844681728583343,0.0006823109346821073,0.06930480817458769,0.0,0.0
1692309374.2529802,0.0003594493942036239,0.06866162518992931,0.0016601618952043651,0.06998496993800508,0.0,0.0
1692309374.3538303,0.0009958962321190306,0.06890683081497999,0.002493311970480858,0.07029503573424206,0.0,0.0
1692309374.4476194,0.002210192905272278,0.06924638103526035,0.003446359316012214,0.07108090630230224,0.0,0.0
1692309374.5492551,0.0025218305773933494,0.06953871428456947,0.004170395156555644,0.0710438152883506,0.0,0.0
1692309374.6497676,0.003282251776825852,0.06987719593635895,0.004686245693735443,0.0714404486119897,0.0,0.0
1692309374.7528832,0.004151652039529563,0.07027238054567529,0.00500775134621397,0.07192271741887181,0.0,0.0
1692309374.8544154,0.005647848544386058,0.07081844024507515,0.00513002163586685,0.0729186793314981,0.0,0.0
1692309374.9486616,0.005967949478479666,0.07129207804470172,0.004930206844680004,0.07286436256101907,0.0,0.0
1692309375.0540438,0.00641126732815888,0.07172907254911123,0.004600034991222947,0.07300609619181686,0.0,0.0
1692309375.1532485,0.00730134042051888,0.07221607583229937,0.004147994438672175,0.07357406335031584,0.0,0.0
1692309375.253179,0.007422896122642843,0.07261427021573523,0.00358573150845591,0.07349112856814904,0.0,0.0
1692309375.3520565,0.006506468759995356,0.07277891918090229,0.00299585760150697,0.07262424133155027,0.0,0.0
1692309375.4524574,0.005312198286587837,0.07273042770777997,0.0023656461277631333,0.07169589478527355,0.0,0.0
1692309375.5498302,0.0045089713115728175,0.07259197979046608,0.0017620791260048296,0.07123589173995253,0.0,0.0
1692309375.6522639,0.0029742721325508826,0.07226671503362178,0.001228284812076407,0.07021270458236799,0.0,0.0
1692309375.7523475,0.0033186568640833263,0.07211412103579626,0.0008109750074740745,0.07086649161433436,0.0,0.0
1692309375.8491807,0.0014685253875641338,0.07172074921872214,0.00047827222493012375,0.06954832305726096,0.0,0.0
1692309375.9498768,0.0007049152428186255,0.07133048319154242,0.00025452947365163915,0.06928343784720972,0.0,0.0
1692309376.045928,-0.00025990101942376814,0.07090475731464106,0.00012699432939489,0.0688220960807495,0.0,0.0
1692309376.1478198,-0.00091889060990046,0.07049913135610245,4.3291693275785835e-05,0.06861471549262486,0.0,0.0
1692309376.2459726,-0.001912005252096604,0.07004873492243638,4.037351181311969e-05,0.0680889524265614,0.0,0.0
1692309376.3489592,-0.0026125767575899137,0.06960997235270412,6.97970782970073e-05,0.067813648465716,0.0,0.0
1692309376.4513729,-0.0032376498110089757,0.06918789052663482,9.370857364330302e-05,0.06756852183281091,0.0,0.0
1692309376.548095,-0.003502323608180896,0.06883330123777706,9.701480910325833e-05,0.06759004596736112,0.0,0.0
1692309376.645809,-0.003426882350580351,0.06857984247409321,8.626961331245843e-05,0.06782962437148127,0.0,0.0
1692309376.7476692,-0.0031295595006990053,0.06843308823016242,2.8439055230337837e-05,0.06817100780439267,0.0,0.0
1692309376.8532534,-0.0029106747715053945,0.06834893823693042,-1.2470875968425502e-05,0.0683661423756111,0.0,0.0
1692309376.9533029,-0.004037932157543013,0.06808795537520435,-5.29455776513614e-05,0.06739234261433744,0.0,0.0
1692309377.0451167,-0.0034236651168581883,0.06798589442363587,-4.7299081327335676e-05,0.06799036443308788,0.0,0.0
1692309377.1469116,-0.003669279844706478,0.06785534786034501,-5.7468163895452154e-06,0.06775487258370735,0.0,0.0
1692309377.2488658,-0.00355018316594546,0.06776402353359522,6.242121023693411e-05,0.06784222620002048,0.0,0.0
1692309377.34861,-0.0032260267381771864,0.06773372291698913,0.00020038332259220273,0.06807232752217152,0.0,0.0
1692309377.4450576,-0.003522828546305391,0.06764403342104602,0.0004237913557435848,0.06774268651825348,0.0,0.0
1692309377.5461838,-0.0033448707371665468,0.06759139426980845,0.0006271734109207414,0.06785057033450954,0.0,0.0
1692309377.650414,-0.0032154605692515225,0.06755622102564152,0.0008557784982355853,0.06789265404966073,0.0,0.0
1692309377.751175,-0.0031972916561862916,0.0675151773763075,0.0011032818262013042,0.0678306311488539,0.0,0.0
1692309377.8514194,-0.0026560413689720196,0.06755506586885064,0.0013867622716776666,0.06821030026433411,0.0,0.0
1692309377.9559977,-0.0029423245161715383,0.06751733540033221,0.0016838297713209604,0.06784486114530663,0.0,0.0
1692309378.0461473,-0.0031970958954694517,0.06742887865007224,0.0019964574005448097,0.06756152845299476,0.0,0.0
1692309378.1481354,-0.003009493326333032,0.06737374018917443,0.0023611892245639647,0.06768023524133762,0.0,0.0
1692309378.2557218,-0.002641918237317124,0.06736934921815173,0.002783075721849401,0.06792084499883946,0.0,0.0
1692309378.3539758,-0.0020034288108994745,0.06744277226480558,0.0032692488679795058,0.0683481928540036,0.0,0.0
1692309378.4502823,-0.0011999588448320785,0.06760873893287687,0.00368169723268599,0.06885678928368516,0.0,0.0
1692309378.5505867,-0.0005858176834079432,0.06779968498861769,0.00416536606734594,0.06915395821001634,0.0,0.0
1692309378.65027,-0.00022245091068688025,0.06797433338202655,0.004628962016814703,0.06922790155501003,0.0,0.0
1692309378.7467878,0.0003037173300159531,0.06816339324741273,0.005094712792487669,0.06945784892524924,0.0,0.0
1692309378.8507438,0.00035365465125900393,0.06829679807941845,0.005450249874196345,0.06928647828676697,0.0,0.0
1692309378.9477715,0.0013093824288781322,0.0685400753582921,0.0057367636708663275,0.06992425746397687,0.0,0.0
1692309379.0480368,0.0019365530545612055,0.06881465949795196,0.005919356285590728,0.07022537002510268,0.0,0.0
1692309379.145214,0.0026826951436785783,0.06913485736505778,0.006011712306069332,0.07062512071691066,0.0,0.0
1692309379.2499893,0.0031598806867079486,0.06944958498373703,0.005995070485539116,0.07079112360484766,0.0,0.0
1692309379.3482425,0.00294786001337858,0.06965904361736489,0.0057594139262055625,0.0704100895894643,0.0,0.0
1692309379.4482117,0.0027239256049657145,0.0697933580053472,0.005301126197410543,0.07011921381719548,0.0,0.0
1692309379.5502145,0.002633781323142992,0.06989245422000258,0.004692319752798317,0.07001114919406101,0.0,0.0
1692309379.6524403,0.0026463169536555717,0.06998007112452241,0.004012668063814489,0.07002291068714556,0.0,0.0
1692309379.7544258,0.0028217988210339925,0.07008443893003814,0.003405103352997915,0.07018275171380083,0.0,0.0
1692309379.848266,0.002212643546089985,0.07007196560243692,0.0028384662558022427,0.06967785285360344,0.0,0.0
1692309379.9491334,0.0020217499662034495,0.07004411403196797,0.0023978148042642453,0.06960221286522474,0.0,0.0
1692309380.0527835,0.001726197722081759,0.06998663049320934,0.002121034885205978,0.06944490450459664,0.0,0.0
1692309380.152176,0.0017678606121998822,0.06996093838381195,0.002014184313493097,0.069583313524377,0.0,0.0
1692309380.2451327,0.0015119567274337886,0.0699044276245499,0.002111197822603683,0.06944410511368605,0.0,0.0
1692309380.3485138,0.0013807641704248542,0.06984100626706874,0.0023915169335159804,0.06942075664162498,0.0,0.0
1692309380.450807,0.0006034997448568547,0.06965748911904893,0.002863366652951812,0.06884925450540928,0.0,0.0
1692309380.5493662,0.00013541195313505747,0.06942179191790121,0.003575334624032645,0.0685969104179435,0.0,0.0
1692309380.6495457,-0.0003266037093643785,0.06916774398598825,0.004208713850949171,0.06834812704131993,0.0,0.0
1692309380.7486515,-0.0003466802172540229,0.0689592131043441,0.004873932046183959,0.06846331662849221,0.0,0.0
1692309380.8485706,1.7102789611188676e-05,0.068850811931096,0.005489769978752878,0.06884197738231894,0.0,0.0
1692309380.951438,0.0007315543463231163,0.06888525389535903,0.005940436988110132,0.06943108801069024,0.0,0.0
1692309381.0480614,0.0017643798625957526,0.06906857796706765,0.006314578834953984,0.07019487958830474,0.0,0.0
1692309381.1510873,0.002510236943714435,0.06932310433197915,0.006532113217151633,0.07062592230419822,0.0,0.0
1692309381.2580638,0.0038073516409679394,0.0697191666696921,0.006657187236583635,0.07149240304685371,0.0,0.0
1692309381.3489637,0.004712883112050676,0.07014833346670407,0.0067812444835273055,0.07195987010589007,0.0,0.0
1692309381.4512038,0.004637837056582035,0.07044701693504603,0.006864482219320778,0.07160857799644123,0.0,0.0
1692309381.5514288,0.004389813810228037,0.07062053748446262,0.00697866641891289,0.07122499407145433,0.0,0.0
1692309381.651561,0.0040804159144232615,0.07069944400934355,0.0070797608880571496,0.0708843469362795,0.0,0.0
1692309381.748956,0.002680952064928947,0.07053206176815881,0.007158700022703366,0.06970301349418376,0.0,0.0
1692309381.8451784,0.0021945107417685556,0.07033043917694617,0.00728917445323605,0.06944877866259816,0.0,0.0
1692309381.950518,0.001764256407379116,0.07010649879845479,0.007490058572973959,0.0692455298523554,0.0,0.0
1692309382.0564137,0.0005821229587238147,0.06975857055029708,0.0075777877309409925,0.06840638906017468,0.0,0.0
1692309382.1487916,-0.0003947540223708595,0.06932773346517639,0.007785237999837151,0.06781444362916991,0.0,0.0
1692309382.245597,-0.0010120217621960913,0.06891141561836388,0.007927883944797388,0.06754268877513037,0.0,0.0
1692309382.3514552,-0.001146603688615076,0.06857729812495686,0.008054041417075705,0.06764378761684003,0.0,0.0
1692309382.4477258,-0.0011422930416643638,0.06830599882711562,0.008282856262120601,0.06778411113046406,0.0,0.0
1692309382.5472283,-0.0021351841069146512,0.06792257786371823,0.008497765521444666,0.06702041671975514,0.0,0.0
1692309382.648677,-0.002602212884610771,0.06753510133110416,0.008753746996908935,0.06675509841642283,0.0,0.0
1692309382.7547712,-0.0027059682608019065,0.06719972324279741,0.009045553142882176,0.06676884313946224,0.0,0.0
1692309382.8480785,-0.0025920069517768006,0.06695296225141792,0.009244592265408939,0.06690346497354696,0.0,0.0
1692309382.9505923,-0.0025253400359933798,0.06675847969756588,0.009383106931036809,0.06693403343248713,0.0,0.0
1692309383.0498126,-0.002134410890692506,0.06665751772330952,0.009454827853599202,0.0671978659214031,0.0,0.0
1692309383.150532,-0.0018371077568320377,0.06661740000599442,0.009408893489489952,0.06732424153781431,0.0,0.0
1692309383.2504034,-0.0019096606606241826,0.06655745581070344,0.00929415080910166,0.06711647644530219,0.0,0.0
1692309383.3479233,-0.0015126295688107794,0.0665617029574258,0.009131229282941003,0.06732741309909845,0.0,0.0
1692309383.445918,-0.0010037903552416638,0.06664054703059923,0.008854804926358548,0.06759998610041865,0.0,0.0
1692309383.5483568,-0.0011431648365776955,0.06666533817737123,0.00850663591008171,0.06730270804634961,0.0,0.0
1692309383.6493201,-0.0011573613820574896,0.06666944428380081,0.008148342807501135,0.06716622054116142,0.0,0.0
1692309383.7529528,-0.001994679356936078,0.06652402785718099,0.007783869329549525,0.0663677936097021,0.0,0.0
1692309383.8525941,-0.0019737157225365445,0.06641441626479985,0.00740512860932053,0.0663942866007193,0.0,0.0
1692309383.950346,-0.002571643116232952,0.0662278264700007,0.007018956503215717,0.06588115588055965,0.0,0.0
1692309384.0455565,-0.0033214891417854657,0.06595957515434248,0.006640537582501527,0.06529431168779466,0.0,0.0
1692309384.1591039,-0.003379414103911088,0.06574173052468596,0.006323748984341502,0.065335808471483,0.0,0.0
1692309384.253272,-0.003774911739661799,0.06550404678289551,0.006039647544267633,0.06505060753853556,0.0,0.0
1692309384.3471203,-0.004155035089591312,0.06525099477406075,0.00581612773311944,0.06478448512568219,0.0,0.0
1692309384.4567761,-0.004480279090971915,0.06499051477986015,0.005691182403527815,0.06456458813473775,0.0,0.0
1692309384.545482,-0.004747038907315863,0.06472977781446744,0.005670287377275639,0.06438502059695908,0.0,0.0
1692309384.6516497,-0.004922680518894238,0.06447395845941392,0.005803461155465306,0.06426642244251275,0.0,0.0
1692309384.7530031,-0.005849376738151861,0.06409632264039292,0.006023736188071329,0.06349645675333368,0.0,0.0
1692309384.8543744,-0.005160005314716118,0.06389883363353568,0.00627728622759822,0.06413820340203447,0.0,0.0
1692309384.94929,-0.004799679056147068,0.06375567125397029,0.006689361068811501,0.06436515252647955,0.0,0.0
1692309385.0595589,-0.004180856783994513,0.0636860059705616,0.007238967154512701,0.06474714124437045,0.0,0.0
1692309385.1489885,-0.0038832297780999015,0.06358337329627403,0.008036112362341589,0.06478763673717075,0.0,0.0
1692309385.2551243,-0.0033625037308128874,0.06351617647337233,0.008850907550687915,0.064991884906609,0.0,0.0
1692309385.3553028,-0.0026270092110086025,0.06351780228929738,0.009621980163731319,0.0653319558584776,0.0,0.0
1692309385.4531903,-0.0017325247920734503,0.06360727441209436,0.01029412325796714,0.0657510525559256,0.0,0.0
1692309385.5510578,-0.0003772375258346333,0.06386536581998661,0.010754725451152525,0.06650384992598712,0.0,0.0
1692309385.6553805,0.0006785189125225726,0.06418402279945844,0.011117769756639964,0.06693031894031984,0.0,0.0
1692309385.756102,0.0022446553554675676,0.06463780817997532,0.011393034957470438,0.06777171829681812,0.0,0.0
1692309385.852265,0.003556505778837142,0.06516768643752636,0.01150734811350347,0.06834440482062035,0.0,0.0
1692309385.9549549,0.0037353007963432097,0.0655791775078788,0.011435582966199172,0.06797262462598357,0.0,0.0
1692309386.058301,0.00427302686472519,0.06595873522231002,0.011299579879938534,0.06803728626738402,0.0,0.0
1692309386.1586916,0.004775702100730235,0.06631697815001701,0.011096592194258618,0.06813007011747438,0.0,0.0
1692309386.2543297,0.004069419336993296,0.06646332469350479,0.010842477743973882,0.06726167155537952,0.0,0.0
1692309386.351341,0.003963907816027401,0.06655936358306065,0.010558639265471887,0.06706441001048793,0.0,0.0
1692309386.4552066,0.003604907683731984,0.06657015951286331,0.010317240902718194,0.0667036540470397,0.0,0.0
1692309386.5572827,0.002341512704658064,0.0663849386563466,0.00999844011070231,0.06564762265469215,0.0,0.0
1692309386.6526556,0.0022922629163790605,0.06623807825876966,0.009792604529938348,0.0657456149675996,0.0,0.0
1692309386.7565534,0.00262638647282958,0.06617800804264044,0.009687675820036528,0.06611878264068137,0.0,0.0
1692309386.855124,0.0026662415214903225,0.06613015362656713,0.00965499278050369,0.06617168889626907,0.0,0.0
1692309386.9565654,0.0028018685627219085,0.06610412679307526,0.009688337136814301,0.06628596489995472,0.0,0.0
1692309387.0527074,0.002528004028034477,0.06603039425685371,0.009732754529307927,0.06603365383439029,0.0,0.0
1692309387.1560469,0.0020571541061896684,0.06588265345626268,0.009825779965070334,0.06564477797311996,0.0,0.0
1692309387.2577233,0.001997423915933683,0.06574445985237021,0.009978860566373093,0.065636506554198,0.0,0.0
1692309387.3496175,0.0017214075964828845,0.06558542747568542,0.010111457986300507,0.0654234435708976,0.0,0.0
1692309387.4522946,0.001698813117758049,0.06546064739678471,0.010176665090758024,0.06542841685095292,0.0,0.0
1692309387.550285,0.001460418787714029,0.06532009341849339,0.010212139512988041,0.06522976578112433,0.0,0.0
1692309387.6547136,0.0012770547716150216,0.06518190916344818,0.01019099060493514,0.06508491741682865,0.0,0.0
1692309387.74937,0.0016471196847163954,0.06514959807602383,0.01004013587935109,0.06540166985023023,0.0,0.0
1692309387.8496006,0.002093059104434137,0.06520622670767566,0.00978259360736403,0.06572378923259091,0.0,0.0
1692309387.9501996,0.00236606629360409,0.06529743495655908,0.00945211113410327,0.0658589333499055,0.0,0.0
1692309388.0484722,0.002134588606527421,0.06533549333241177,0.009026263637158433,0.06556765687768067,0.0,0.0
1692309388.1533659,0.0018188032966198647,0.06532045999079839,0.008546249157758772,0.06526204027208042,0.0,0.0
1692309388.259475,0.002113653200555036,0.06536483020080468,0.008068166171996906,0.06551489687429647,0.0,0.0
1692309388.355514,0.0012135235393357932,0.06525388865056567,0.007607892984824961,0.06473617921067623,0.0,0.0
1692309388.4526434,-0.000636266484827576,0.0648759482206965,0.007151048496589887,0.06327436585724622,0.0,0.0
1692309388.5503814,-0.0006173569041710849,0.0646094401020693,0.0067439417661751145,0.06354798146286815,0.0,0.0
1692309388.6527624,-0.0006040186197131236,0.06441920653619214,0.006376288218180034,0.06372325750352588,0.0,0.0
1692309388.7542884,-0.0008763453850851987,0.06423297699223014,0.006067284643345253,0.06359709872469518,0.0,0.0
1692309388.856752,-0.0004151403047069298,0.06416670372695873,0.005840326750266888,0.06407179612772496,0.0,0.0
1692309388.994942,-0.0013874512887885077,0.06395032240576289,0.00566137133983386,0.06325971880277087,0.0,0.0
1692309389.0574741,-0.001268759853363739,0.06380474713503352,0.005528033965261778,0.06345610088490003,0.0,0.0
1692309389.1535954,-0.0011669345334864279,0.06369440404359417,0.00556575633859599,0.06358066738241352,0.0,0.0
1692309389.2488132,-0.0008598790664685724,0.06364162687984941,0.00571783601272878,0.06383739657864285,0.0,0.0
1692309389.3561168,-0.0006884086644037674,0.0636144310520704,0.0058747815848732895,0.06393020891900095,0.0,0.0
1692309389.4506462,-0.0003616096543979445,0.06361845387287218,0.006147342243182627,0.06413399230315374,0.0,0.0
1692309389.5510783,8.98639057288317e-05,0.06365854639171098,0.006542705735976121,0.06441022199222776,0.0,0.0
1692309389.655766,0.0008090661357559261,0.06376699191644285,0.007023067104037415,0.06487270533988136,0.0,0.0
1692309389.749278,0.0016069931848899347,0.06393534982459376,0.00756711166123324,0.0653448627042376,0.0,0.0
1692309389.8569055,0.0027389230782641017,0.06420116272248345,0.00815633694966639,0.06604893526940984,0.0,0.0
1692309389.955636,0.003955097446840151,0.06457291787428497,0.00864810518805314,0.0667551717068237,0.0,0.0
1692309390.0502908,0.0052652058410024,0.0650388948259601,0.009066230038527395,0.0674902621064409,0.0,0.0
1692309390.1501377,0.006731812398050669,0.06560746862708945,0.009395734045495976,0.068318309713302,0.0,0.0
1692309390.2522328,0.007994159749885594,0.0662256840206149,0.00962378313458747,0.068940682993975,0.0,0.0
1692309390.3501985,0.009375412823015315,0.06692370592380012,0.009643429819000446,0.06966987001151856,0.0,0.0
1692309390.4516132,0.010641233326071843,0.06765937693130449,0.009546495835441033,0.07030619867173321,0.0,0.0
1692309390.5500972,0.012257304720178176,0.0684857062907446,0.009365048884539467,0.07126006490951602,0.0,0.0
1692309390.6542692,0.012915147436957387,0.06923306653647797,0.009043011034935922,0.07140166465791453,0.0,0.0
1692309390.751819,0.012383594525825303,0.06972766684875195,0.008671018978481182,0.07065820007924352,0.0,0.0
1692309390.8532195,0.012431156961723835,0.0701390382379786,0.008287263470590394,0.07060705967850545,0.0,0.0
1692309390.950841,0.01229629271838585,0.0704626345959597,0.00790458207490152,0.0704812479702512,0.0,0.0
1692309391.0547993,0.012080406723979706,0.07070672825706116,0.007585915547784386,0.07036174235454452,0.0,0.0
1692309391.1525059,0.011502807804658947,0.07083649297620406,0.007298681283731871,0.06999861712758859,0.0,0.0
1692309391.2544706,0.011151673732637252,0.07091202633366923,0.007148920603984131,0.06990291401743991,0.0,0.0
1692309391.355144,0.010400709702018236,0.07089046250276188,0.006997400190252677,0.06949745393169658,0.0,0.0
1692309391.4530394,0.009900893486472367,0.07082947216532418,0.006952120336222519,0.06936014551781945,0.0,0.0
1692309391.5499356,0.008997813177623808,0.0706704591084003,0.006986186227518627,0.06889309759669118,0.0,0.0
1692309391.6505163,0.00799188013197775,0.07042710533062532,0.007016771338213353,0.0683847892859458,0.0,0.0
1692309391.75404,0.007115031090188744,0.07013341075065398,0.007114891306270293,0.0680209668763469,0.0,0.0
1692309391.8545377,0.0068579482938281,0.06989973382594727,0.007276039102698534,0.06817872795365962,0.0,0.0
1692309391.9543645,0.005102693909724451,0.06946295859115721,0.00742694096053143,0.06701427849570063,0.0,0.0
1692309392.052821,0.004559473501340746,0.06907320836602875,0.007597502481754813,0.06697472685910646,0.0,0.0
1692309392.1549692,0.0042031227567987306,0.06875414075595641,0.007690975372749663,0.06702570861592874,0.0,0.0
1692309392.255042,0.0036436604162048414,0.06844958869042812,0.007713879310832528,0.0668401566950022,0.0,0.0
1692309392.354388,0.003299752550248245,0.06818239807238016,0.007731347216254225,0.06681033862014653,0.0,0.0
1692309392.456254,0.003533193761343541,0.06803901515935325,0.0077067215551095015,0.06721964674159647,0.0,0.0
1692309392.5492544,0.002911576254615077,0.06784276538300893,0.007634661757673998,0.06682176185809215,0.0,0.0
1692309392.6510947,0.0028317372346539408,0.06769960206371717,0.007500586169683641,0.06690822458178446,0.0,0.0
1692309392.7536128,0.00286758757894591,0.06761102421367327,0.007332548888924276,0.06705228747634773,0.0,0.0
1692309392.8513405,0.002860469250446449,0.06755162588337393,0.007162338876626951,0.06712194449292534,0.0,0.0
1692309392.9563322,0.0032130325934814764,0.06756856253131678,0.0070315249543033065,0.06747116233161568,0.0,0.0
1692309393.0520616,0.0020367874919990374,0.06738390241434297,0.006969749696565983,0.06649030993679464,0.0,0.0
1692309393.149689,0.0021925674987944704,0.06727107130791282,0.00698662693063302,0.06675307415067597,0.0,0.0
1692309393.2537344,0.0019505511141779276,0.06714859070935188,0.007002275904348122,0.06662072388331323,0.0,0.0
1692309393.3474998,0.001765401551670593,0.06701565266626064,0.007124732530268508,0.06653713743225227,0.0,0.0
1692309393.44826,0.0016029081568716785,0.06687895401308111,0.0073058170267902055,0.06646372113267074,0.0,0.0
1692309393.5565484,0.0014514711917072362,0.0667338413153747,0.007570636437985065,0.0663884505671754,0.0,0.0
1692309393.6558983,0.0015650734367932408,0.06662304742145055,0.007901131085384492,0.06652221718316942,0.0,0.0
1692309393.746383,0.001996500670213695,0.06658869050217411,0.00826740047399432,0.06688055295259802,0.0,0.0
1692309393.846511,0.0034731216271543606,0.06678078595666556,0.00866234590774627,0.0680473465036274,0.0,0.0
1692309393.94839,0.004512196052430931,0.06708421783111025,0.008937055607957135,0.06869096650456495,0.0,0.0
1692309394.0507169,0.005346016456823104,0.06743675418826955,0.00911519029979517,0.06911270444652554,0.0,0.0
1692309394.1477287,0.005997284347999769,0.0677756682207519,0.009370100691038018,0.0693769592391779,0.0,0.0
1692309394.2559023,0.006712180472889991,0.06811198864348626,0.009714005511531612,0.06971243858471028,0.0,0.0
1692309394.3536499,0.007658020181948523,0.06848319009203077,0.010138552278128996,0.07024591716584298,0.0,0.0
1692309394.4534166,0.00813249197035399,0.06882852824729566,0.01046858069817494,0.07036380455985353,0.0,0.0
1692309394.5561302,0.008781014437108907,0.06919451592181441,0.010683410759579607,0.07066916780740638,0.0,0.0
1692309394.6553402,0.008762973054743307,0.06946681163313406,0.01081353462985268,0.07043216270121042,0.0,0.0
1692309394.809683,0.00899171301266351,0.06972431179077773,0.010824338318296076,0.07048838795775993,0.0,0.0
1692309394.8635798,0.00978470069827633,0.07006144968062922,0.010783200690362878,0.07105102912604265,0.0,0.0
1692309394.960786,0.010405571463643293,0.070437406662239,0.010646414212097055,0.07143511410411438,0.0,0.0
1692309395.0578532,0.010084041795609731,0.0706881963590286,0.01043317390359495,0.07103412406084297,0.0,0.0
1692309395.152757,0.010081637339723738,0.0709045832362384,0.010162695970322915,0.07100922853700839,0.0,0.0
1692309395.2554314,0.00914764307437161,0.07095556637629973,0.009742158058378471,0.07024687513179007,0.0,0.0
1692309395.353563,0.0073909674153807645,0.070743377289463,0.009290438423633654,0.06893076062722621,0.0,0.0
1692309395.456228,0.004805096836707804,0.0702035853685241,0.008819770945595348,0.06709984452845201,0.0,0.0
1692309395.6157627,0.00433424748865903,0.06977086626373614,0.008369440844155333,0.0672390164846854,0.0,0.0
1692309395.707186,0.002845446260990684,0.06923969886054662,0.007956657799642304,0.06642406576103972,0.0,0.0
1692309395.7577972,0.00038971154361852525,0.06846954403724481,0.007615802048132183,0.06483970895353869,0.0,0.0
1692309395.851914,-0.0006569365189093378,0.06775055463600628,0.007368622177549904,0.06455545255325605,0.0,0.0
1692309395.963421,-0.0014965869336137057,0.06709306373239263,0.007211832340281171,0.0643610804274508,0.0,0.0
1692309396.0576928,-0.0009103365735667264,0.06670098899856047,0.007195767986104105,0.0652716991223132,0.0,0.0
1692309396.1552377,-0.0012816183985522723,0.066348741879809,0.00716312004734193,0.06516219514879668,0.0,0.0
1692309396.2522671,-0.0015671207670780452,0.06602519111190248,0.007219605412982192,0.06508171389518536,0.0,0.0
1692309396.3513079,-0.0016618393370324664,0.06574738140185742,0.007366542953118752,0.06511856521466691,0.0,0.0
1692309396.453958,-0.001800320915523016,0.06547231788224923,0.0077175301710308685,0.06506584854491193,0.0,0.0
1692309396.5523753,-0.0019242164939754945,0.06520851715316921,0.008129382980346565,0.06498779538598341,0.0,0.0
1692309396.657794,-0.0018972201586586338,0.06499369889126592,0.008463596114144503,0.06500455973168696,0.0,0.0
1692309396.7532618,-0.0015429083545359422,0.064854612618762,0.008814869631602723,0.06525663454633987,0.0,0.0
1692309396.85233,-0.0014234203909476992,0.06472186969879536,0.009217261498092204,0.06524918098998442,0.0,0.0
1692309396.9560134,-0.0009070798926029085,0.06468478281927774,0.00950186950739734,0.06555396800406879,0.0,0.0
1692309397.0564144,0.00015517033914964982,0.0647987493687239,0.009749727313152996,0.06626070698606967,0.0,0.0
1692309397.1523998,0.000578695395341817,0.06492380711868753,0.009920966441281077,0.06634052929518197,0.0,0.0
1692309397.2520106,0.0010369614285920207,0.06507129311681091,0.009994350372120313,0.06646197052225544,0.0,0.0
1692309397.3538682,0.001403501695745548,0.06522071456576321,0.010002995149066886,0.06651609505829377,0.0,0.0
1692309397.4550328,0.001842883902436433,0.06539314596929853,0.009915441492285852,0.0666514218825325,0.0,0.0
1692309397.557475,0.002499469301049164,0.06561781755850093,0.009776291321054257,0.06697871231881708,0.0,0.0
1692309397.6544514,0.0018342950456731602,0.06564568961693135,0.009727869160256992,0.06619003074150273,0.0,0.0
1692309397.7559118,0.0020000832147818127,0.06569225840655916,0.009602107944654659,0.0662326318740885,0.0,0.0
1692309397.8458223,0.0022018195038263247,0.06574211566573589,0.009545125265869567,0.06630718268641515,0.0,0.0
1692309397.9543586,0.002794028828654832,0.06584437457466562,0.009643594089597923,0.06670485293846848,0.0,0.0
1692309398.052355,0.003178670072399497,0.06595392618148417,0.009823091759471337,0.06688182370646678,0.0,0.0
1692309398.1558685,0.0035670493790551927,0.06608867432248991,0.009942710038333448,0.06705253674728998,0.0,0.0
1692309398.2483194,0.004390028440476719,0.06628721574849457,0.010190263121523581,0.06758224721838416,0.0,0.0
1692309398.356127,0.004386247167280527,0.0664025395935082,0.010476271873277519,0.06736927442338198,0.0,0.0
1692309398.473621,0.004715512974650396,0.06651526346989073,0.010782588204652138,0.06749050190538801,0.0,0.0
1692309398.5475214,0.005120222293156678,0.0666366002063625,0.011113386118697546,0.0676744135808453,0.0,0.0
1692309398.6526365,0.005494868182891305,0.06679007952143713,0.011294600821203453,0.0678239141806435,0.0,0.0
1692309398.7518857,0.006467732931620094,0.06706037295555137,0.011404838385715332,0.06847515646617389,0.0,0.0
1692309398.8511932,0.007633996147153416,0.06740386594313444,0.011710258749934116,0.06922762685280634,0.0,0.0
1692309398.9529169,0.008586245245631934,0.06780455261275906,0.011945499769855296,0.06973734161415582,0.0,0.0
1692309399.0536094,0.009300549637870905,0.06820814007347843,0.01213584667722579,0.07003494083825644,0.0,0.0
1692309399.1501892,0.00931168876831545,0.06850997876374491,0.012235803451486144,0.06976744393288663,0.0,0.0
1692309399.2546268,0.009196154533319626,0.06874166241323566,0.012147463346870906,0.06949146675313013,0.0,0.0
1692309399.3513358,0.009223096547402018,0.0689535219439987,0.011883822116221385,0.06942005665781355,0.0,0.0
1692309399.45378,0.009075487023226797,0.06912806799793003,0.011449950318414896,0.0692506090450022,0.0,0.0
1692309399.551774,0.008724662329607401,0.06925207680854861,0.010798658228580813,0.06896866686344344,0.0,0.0
1692309399.650575,0.008704971388379674,0.06937949008789564,0.010115604442426856,0.06902994004871522,0.0,0.0
1692309399.7540174,0.009165414836710977,0.06959008550830213,0.009392497277850685,0.06950226008070802,0.0,0.0
1692309399.849968,0.009248120430011629,0.06979682001600793,0.008656497587308175,0.0696160304475268,0.0,0.0
1692309399.9540377,0.008989435077793213,0.06994136859704349,0.007971777268911564,0.06946071241764352,0.0,0.0
1692309400.048447,0.007882004769377097,0.06989869213477776,0.00738540723104891,0.06864613479653363,0.0,0.0
1692309400.1557572,0.008142216253170497,0.06994321513789432,0.00693078546117419,0.06909874715808004,0.0,0.0
1692309400.2536156,0.008171002981868606,0.07000683090933107,0.006636311732882942,0.06928809659070692,0.0,0.0
1692309400.3538184,0.008212909086500624,0.07008369485630939,0.006481441905269291,0.06946603692804937,0.0,0.0
1692309400.4569235,0.008034488281973694,0.07013019835229391,0.0064579593036187865,0.06944211615609137,0.0,0.0
1692309400.5898457,0.007739763562994877,0.07013381844741877,0.006535184604503915,0.06933142790411514,0.0,0.0
1692309400.651855,0.0074391277797616895,0.07010179792242828,0.006705245054107981,0.06923290414688045,0.0,0.0
1692309400.7539618,0.007109483047682376,0.0700343497527596,0.006964376228528342,0.06911887842427336,0.0,0.0
1692309400.8576446,0.0057765642160712526,0.06979169206733449,0.0071261967670984945,0.06817215865864819,0.0,0.0
1692309400.9961753,0.006014186099165843,0.06967972465010591,0.00722558535674381,0.0686490279991578,0.0,0.0
1692309401.059393,0.00609418564419042,0.06962468223534768,0.007351081149902122,0.06889327779408146,0.0,0.0
1692309401.1567645,0.005979978804515906,0.06958953748169631,0.00738013105174071,0.06892393186702606,0.0,0.0
1692309401.2543073,0.005681663673128218,0.06953330520349192,0.007374116474862328,0.06878889297072452,0.0,0.0
1692309401.3563137,0.005745518854739664,0.06952058432567182,0.007346190036228002,0.06896819810187774,0.0,0.0
1692309401.5045974,0.00434351353950599,0.06930329159748962,0.007229591589986762,0.06789106201484359,0.0,0.0
1692309401.561846,0.004477368390420587,0.06918614676041039,0.00710551076334125,0.06823620523372964,0.0,0.0
1692309401.6592152,0.004083943188454127,0.06905880937441271,0.006898736311203833,0.06806215797652754,0.0,0.0
1692309401.7501373,0.004625614592531916,0.06907465590906439,0.006658340992828748,0.06867500814436894,0.0,0.0
1692309401.8504214,0.0051123723963029,0.0691894639708394,0.0063053851028041135,0.0691431591101412,0.0,0.0
1692309401.9475725,0.004433203077452908,0.06918054136841591,0.005904294405062644,0.0685811732558971,0.0,0.0
1692309402.051444,0.005000286270618869,0.06928610526068779,0.005509359916607584,0.069152282043254,0.0,0.0
1692309402.1505518,0.005575453934552571,0.06947398260393758,0.005148604389962412,0.06965440829859643,0.0,0.0
1692309402.2491477,0.005687402625134485,0.06964454326010845,0.004843670865176909,0.06972045341663828,0.0,0.0
1692309402.3513472,0.0056059866943106796,0.06976958042513676,0.004638284102689059,0.06964507162839056,0.0,0.0
1692309402.4531534,0.005916501482428558,0.06992741189673844,0.004506797513057695,0.06993198232529915,0.0,0.0
1692309402.5569994,0.005334074608873573,0.06996049711350202,0.004462801318181491,0.06945368250168305,0.0,0.0
1692309402.649227,0.005685083161114891,0.07005533775390892,0.004521774408523752,0.06983987609573301,0.0,0.0
1692309402.7495177,0.0048712651501178865,0.0700030067728866,0.004636482218563262,0.06920552106363992,0.0,0.0
1692309402.8507667,0.0052159250217667565,0.07003164300636472,0.004835898142343286,0.06963389906168446,0.0,0.0
1692309402.951598,0.005380757880802967,0.07008867095214502,0.005076000252651809,0.06984510216543657,0.0,0.0
1692309403.0522118,0.006059370766737023,0.07025065040140402,0.005338157663827104,0.0704598022641921,0.0,0.0
1692309403.153082,0.006152054433674945,0.07039663108063912,0.00555621715286845,0.07051161393826053,0.0,0.0
1692309403.2516665,0.006283303747063889,0.0705373291327348,0.005750517047720897,0.07061285711099553,0.0,0.0
1692309403.3465288,0.006167763028752094,0.0706380514181637,0.005883474011638247,0.07051588401625586,0.0,0.0
1692309403.4533174,0.006355732488651241,0.07076579288714911,0.00591200745055856,0.07070582745323511,0.0,0.0
1692309403.5470817,0.006476396288849327,0.07090620394053547,0.0058076866115113835,0.07083005752005658,0.0,0.0
1692309403.646959,0.006416360889669644,0.07102544162114265,0.005610640171811218,0.07080710468812626,0.0,0.0
1692309403.7528014,0.006413119718508575,0.07114292127818739,0.005270308761561685,0.07085586609403491,0.0,0.0
1692309403.8537545,0.006612445634186042,0.07129040350708579,0.004845229007785584,0.07108570832406466,0.0,0.0
1692309403.9461389,0.006609095196535573,0.07142613786476604,0.004331231888926416,0.07113347794463071,0.0,0.0
1692309404.053252,0.006826091614146696,0.07158865802666536,0.003752229083901744,0.07138055575016754,0.0,0.0
1692309404.1540916,0.0066038877086298155,0.07169713835344482,0.0031489660975361545,0.07124779308709185,0.0,0.0
1692309404.2577684,0.006651289340048903,0.07181046063607625,0.002524118684558333,0.07138044779633515,0.0,0.0
1692309404.3555164,0.005801249004339722,0.07178009119243238,0.0020092912388774684,0.07076059906114936,0.0,0.0
1692309404.4555578,0.006578807565290194,0.07191298168896357,0.0015066372699361705,0.07159591899656356,0.0,0.0
1692309404.5519843,0.0055920037374325915,0.07187270734343537,0.0010727334929412945,0.07084132955721201,0.0,0.0
1692309404.6465898,0.005889843399543029,0.07191894176752141,0.000689910008622907,0.07127639124235408,0.0,0.0
1692309404.7488713,0.005304874846475203,0.07188209054685987,0.00041736808953501037,0.07090873348241011,0.0,0.0
1692309404.8464553,0.005170284409182796,0.07185929703925095,0.00030958498198602804,0.07097042222139727,0.0,0.0
1692309404.9556913,0.00514873141771333,0.07186258428943205,0.0003874108779202489,0.07111085592845165,0.0,0.0
1692309405.0508306,0.004718841692324235,0.07181268196399584,0.0006718972245662716,0.07088648106542834,0.0,0.0
1692309405.1492403,0.004733119152500426,0.07178620932111496,0.0012414195292803783,0.07106038490515502,0.0,0.0
1692309405.2522764,0.0045098343458482805,0.07173688303925443,0.0018980152457749003,0.0710012886253066,0.0,0.0
1692309405.3495202,0.004655618711828328,0.07173033493527778,0.0025842742561171914,0.07125055955973887,0.0,0.0
1692309405.4459274,0.00422071652554053,0.07166876805565701,0.0031372093913718787,0.07097165641810582,0.0,0.0
1692309405.546773,0.0037928054733136424,0.07156709123072544,0.003594406081668157,0.0707334460926598,0.0,0.0
1692309405.650675,0.003004093081940585,0.07137494797523274,0.00398371799036165,0.07021480196466703,0.0,0.0
1692309405.7490396,0.002312232544094324,0.07114293298877342,0.004179041023265355,0.06982827478963526,0.0,0.0
1692309405.853657,0.0013108841533408654,0.0708233777337583,0.004298311705902595,0.06920551094361316,0.0,0.0
1692309405.948565,0.0008958005449584554,0.0705378549254452,0.004312629567052882,0.0691181960387102,0.0,0.0
1692309406.0498374,-0.0007115621883386805,0.07008040138176512,0.004186310509571892,0.0679985494983209,0.0,0.0
1692309406.1502705,-0.001378662171451535,0.06965203084083545,0.0039049208403119542,0.06776842727982357,0.0,0.0
1692309406.247807,-0.002721269729809277,0.06912722871509246,0.0035139241613121514,0.06693607127783036,0.0,0.0
1692309406.3487947,-0.00434020638119208,0.06848250113300457,0.00297169723995418,0.06591816183354043,0.0,0.0
1692309406.4495497,-0.005946113006274656,0.0677461072446518,0.002415192045203929,0.06496588894481889,0.0,0.0
1692309406.5506864,-0.007667817732839151,0.06691899402123344,0.0019489130396748112,0.06394463720846484,0.0,0.0
1692309406.6490955,-0.008378527232328783,0.06618628970430404,0.0015273907662661452,0.06379096730212197,0.0,0.0
1692309406.7483733,-0.009466754616745628,0.0654535691278155,0.0012562351093801333,0.06321882955940433,0.0,0.0
1692309406.845717,-0.01077268995331557,0.06467884617125051,0.0011243140150912127,0.062432200581561154,0.0,0.0
1692309406.950029,-0.011113047885880304,0.0640271976657595,0.0010544514329621207,0.06244781661621435,0.0,0.0
1692309407.0466108,-0.012161522848147796,0.06334101389812534,0.001101041828722443,0.06175737671333329,0.0,0.0
1692309407.1468384,-0.013441212562097293,0.0625868884207919,0.0012284384959434698,0.06087099599293068,0.0,0.0
1692309407.2543957,-0.014566640270572986,0.06180385761869944,0.0014173759928772954,0.06013114749913128,0.0,0.0
1692309407.3509817,-0.014990715247785573,0.061112446949041284,0.0015937482795228579,0.059965307515324195,0.0,0.0
1692309407.4513478,-0.015589058395023543,0.06045344483642848,0.001761661071170969,0.05956374474360574,0.0,0.0
1692309407.549936,-0.016780137085618946,0.05971710087254466,0.001905626587408171,0.05862260194089439,0.0,0.0
1692309407.647367,-0.01738648648403741,0.05901912913325558,0.002002233384195896,0.058201129760194675,0.0,0.0
1692309407.7482233,-0.01861492517316118,0.058243119830467135,0.0020477757388558887,0.05721217664288607,0.0,0.0
1692309407.8535666,-0.020723639622973238,0.05726353023252507,0.0020252405809522995,0.05552077679779018,0.0,0.0
1692309407.949847,-0.021167472840060545,0.056406453380871906,0.0019614390638628436,0.0553323450261914,0.0,0.0
1692309408.0473228,-0.02141624804445989,0.05566427740026561,0.0018556988847404003,0.05519169686928854,0.0,0.0
1692309408.1478474,-0.02136563802828766,0.05504941268686162,0.0017332468309267828,0.05519941558177446,0.0,0.0
1692309408.2485187,-0.021481238648887235,0.0544969234236605,0.0015230299796988552,0.05496545489968756,0.0,0.0
1692309408.3520083,-0.021308653380795385,0.054033885630977475,0.0013029477082633024,0.05492094695896004,0.0,0.0
1692309408.450108,-0.022058971218919317,0.053482072955134366,0.0010389482257301987,0.05403922489643674,0.0,0.0
1692309408.5515351,-0.021457942434028484,0.05308704249276828,0.0007226479658961981,0.054342463602611454,0.0,0.0
1692309408.6465368,-0.021846287632787113,0.05264057461319427,0.0003872052724500129,0.0537069246680722,0.0,0.0
1692309408.7513955,-0.021421001617260692,0.052292146184758664,9.898232193313573e-05,0.053785048186874476,0.0,0.0
1692309408.8475137,-0.02102755061346324,0.05200756102701383,-0.00019488549256195374,0.05376942752543923,0.0,0.0
1692309408.9483106,-0.020415842237682332,0.051805393377140865,-0.0004840415744493798,0.0538958658881174,0.0,0.0
1692309409.0577133,-0.019174857833692348,0.051767478528619404,-0.0007587466889655262,0.054498506973087425,0.0,0.0
1692309409.1594768,-0.019691468223241144,0.051564827363924065,-0.0009063513193084667,0.053534397584892035,0.0,0.0
1692309409.254372,-0.018774397339891627,0.05148072344792242,-0.0010023934252360435,0.05389885710471043,0.0,0.0
1692309409.3539147,-0.017727937355680155,0.0515049092277215,-0.001059754832604753,0.05430227953865706,0.0,0.0
1692309409.4532232,-0.01765475709882076,0.051450324193579006,-0.00105568862260595,0.053836739114763346,0.0,0.0
1692309409.599667,-0.01676301456744603,0.05147650157214653,-0.0010196861884747721,0.05412836467975271,0.0,0.0
1692309409.6585944,-0.01561379871914487,0.05160607769397511,-0.0009268147316599687,0.054596532595152354,0.0,0.0
1692309409.7571955,-0.015772449212955644,0.05159790165688616,-0.0007906947324650415,0.05392310782449287,0.0,0.0
1692309409.8521495,-0.015413241555905385,0.051579082703279475,-0.0006533906994660652,0.05379720917247232,0.0,0.0
1692309409.9551797,-0.014919618829488812,0.05157647152368706,-0.0004442547501861254,0.05380486789804925,0.0,0.0
1692309410.0574324,-0.013553249789206344,0.05173015008465294,-0.00017322712047397658,0.0545429200279043,0.0,0.0
1692309410.1537683,-0.013272758024299879,0.05182163459937557,5.366429776526251e-05,0.05428231306121026,0.0,0.0
1692309410.250533,-0.012747041236486152,0.05190953749371922,0.0003369820889297719,0.05428930455842303,0.0,0.0
1692309410.3526118,-0.013136111499182306,0.051847643227306305,0.000620737222277987,0.05354953392186497,0.0,0.0
1692309410.451092,-0.012544812454035348,0.05184287274735343,0.0008634466048786249,0.05374229096366118,0.0,0.0
1692309410.5497906,-0.012053210295578322,0.0518641422079595,0.001069053861145143,0.053820410533415006,0.0,0.0
1692309410.6529295,-0.011486597157505943,0.05191881764745819,0.0012275872144839298,0.053953542041955536,0.0,0.0
1692309410.7567685,-0.01082371166264556,0.05201614180218188,0.0013241550026461485,0.05415620124986358,0.0,0.0
1692309410.8537102,-0.011365271727955085,0.0519488071393357,0.0013463159592385756,0.05333828789517378,0.0,0.0
1692309410.95514,-0.012474480915564362,0.05167105496272808,0.0013241987710403583,0.05217144175327139,0.0,0.0
1692309411.0574942,-0.012039848374206115,0.0514967424924656,0.0012237725098170438,0.052438405004314126,0.0,0.0
1692309411.153098,-0.011548586329241658,0.051404580979877296,0.0010381557759830433,0.05267728885985376,0.0,0.0
1692309411.2520113,-0.011992864262590629,0.05121686187742214,0.0008453074861666469,0.05207957939101679,0.0,0.0
1692309411.3535383,-0.011663193129518109,0.05108716533673992,0.0005837018662075119,0.05219487039266998,0.0,0.0
1692309411.454457,-0.012275008041334814,0.05084470470444616,0.0003575897489801817,0.05148253275201046,0.0,0.0
1692309411.5502572,-0.011708988932652448,0.050713082761037996,8.090304895786585e-05,0.051829755430800664,0.0,0.0
1692309411.6525245,-0.012139838378232098,0.050496931314324714,-0.0001929252453923894,0.05126431632772168,0.0,0.0
1692309411.754593,-0.011898074692538512,0.050330711893858786,-0.0004525296731702031,0.05131715004672577,0.0,0.0
1692309411.8553305,-0.011568297568360364,0.05021152321895434,-0.0007634810769399776,0.05140620581438247,0.0,0.0
1692309411.9521086,-0.012348771988919857,0.04994821461946823,-0.0009910425419715622,0.050533591565354946,0.0,0.0
1692309412.0541887,-0.012215473995830227,0.049731402068768735,-0.0011600464360021494,0.050523474683028834,0.0,0.0
1692309412.1526902,-0.012858786906444758,0.04941992039957916,-0.001267904811967196,0.049829115025554,0.0,0.0
1692309412.2554657,-0.01407990485796059,0.04894521028673037,-0.0013068775866655513,0.04871351876414776,0.0,0.0
1692309412.3523197,-0.012864658996892145,0.04875153732136682,-0.0013134440109491363,0.049734149341109195,0.0,0.0
1692309412.4569702,-0.012949044444288576,0.04854506852582205,-0.001251018923371343,0.04946684396554281,0.0,0.0
1692309412.550305,-0.01378535381851807,0.04820497929021005,-0.001158908501363967,0.048581668523018165,0.0,0.0
1692309412.6542192,-0.013192131795981698,0.048003410138123426,-0.0010377000615855642,0.04897879376477368,0.0,0.0
1692309412.7556825,-0.013465645604124266,0.04775774524182523,-0.0008435518734416979,0.04855237722381914,0.0,0.0
1692309412.8495605,-0.01312595089391697,0.04757936398292093,-0.0005487237161715791,0.04866758706112665,0.0,0.0
1692309412.952249,-0.012593574034654265,0.04747882316398314,-0.00018189909225368626,0.048895250983276614,0.0,0.0
1692309413.0504122,-0.013054535549877934,0.04727132498666864,0.00019300371171457122,0.048240501889419946,0.0,0.0
1692309413.153479,-0.012532345997597274,0.047151358955489206,0.0005154560659598445,0.04848123989871307,0.0,0.0
1692309413.2531075,-0.012875360394783916,0.04695189358345799,0.000795893548464364,0.04794063537513156,0.0,0.0
1692309413.353711,-0.012341740361187759,0.046842245508566305,0.0009935154012635115,0.04818886950629089,0.0,0.0
1692309413.45466,-0.011384047591053116,0.04686633251212128,0.0011463127832973213,0.048732828792967045,0.0,0.0
1692309413.5478432,-0.01072717849381664,0.04694091463949188,0.0011861193424863453,0.048942266691327986,0.0,0.0
1692309413.6524897,-0.010751816874933044,0.04694039827624277,0.0011761184205204746,0.048564104744929004,0.0,0.0
1692309413.75161,-0.010224478341700793,0.046979989304487775,0.001033409873965399,0.04871223802168193,0.0,0.0
1692309413.8495634,-0.010641156550281246,0.04689315856498706,0.0008235178476670212,0.04805675547551466,0.0,0.0
1692309413.9501824,-0.01023106915797759,0.046852520736604196,0.0006055709516293072,0.04818696405507239,0.0,0.0
1692309414.0526502,-0.00969139836333571,0.046866438285235804,0.0003562721335716181,0.048397954144618234,0.0,0.0
1692309414.1474574,-0.00997239721023678,0.04678572842014854,0.00010863622794573266,0.04789268469118478,0.0,0.0
1692309414.2514966,-0.009557548679958706,0.046753534256502347,-9.266985115058434e-05,0.048039488620978184,0.0,0.0
1692309414.351581,-0.00906220026952768,0.04676959005283176,-0.0002787667671720724,0.048224552916134575,0.0,0.0
1692309414.4503798,-0.009473001576434064,0.04667369644306572,-0.00039337151991466633,0.047626405634677425,0.0,0.0
1692309414.5517173,-0.009030814760404652,0.046637848993010045,-0.0004913005474900904,0.04782399331496287,0.0,0.0
1692309414.647494,-0.008700448843823396,0.04662790430013326,-0.0005393543919129855,0.047889881812636204,0.0,0.0
1692309414.7523246,-0.009129332177440644,0.0465125187403303,-0.0005477302465371398,0.047310155061291465,0.0,0.0
1692309414.8529997,-0.010086949813568055,0.04623491106761417,-0.0005337340143009631,0.046365639099808134,0.0,0.0
1692309414.9528105,-0.010122615607307634,0.045991790854589855,-0.0005030291748167377,0.04629886055978005,0.0,0.0
1692309415.0509067,-0.0103135076594949,0.045746513419183135,-0.00038807473372654585,0.04607047552908819,0.0,0.0
1692309415.15225,-0.011154998627730754,0.045391359805029695,-0.00028508003310995185,0.045293694191371955,0.0,0.0
1692309415.2530744,-0.012559990194004614,0.04486263229459025,-0.00014604667642551347,0.04411287408946112,0.0,0.0
1692309415.3503299,-0.01429046339382544,0.04415336066247636,-3.0392023555191695e-05,0.04276274276704526,0.0,0.0
1692309415.4487717,-0.014225427639479222,0.04360390992582602,0.00014702485798190513,0.04301007973546521,0.0,0.0
1692309415.549247,-0.014947284732893619,0.043036789917533486,0.0002863121218569267,0.042462041909455864,0.0,0.0
1692309415.6492946,-0.016294144250154255,0.04234937346314543,0.00044305416955535675,0.04138391511043499,0.0,0.0
1692309415.7528772,-0.017939827990668577,0.04152393098725061,0.0005596714051074172,0.0401149870597084,0.0,0.0
1692309415.8499968,-0.020028703968404837,0.04052201227323218,0.0006276336314519411,0.038541872059780935,0.0,0.0
1692309415.949252,-0.019695182807510172,0.0397841429804959,0.0007165127836970921,0.03907653612727472,0.0,0.0
1692309416.0516713,-0.020065450911434798,0.039114853630043946,0.0007962179578312641,0.038806151622047244,0.0,0.0
1692309416.1496685,-0.021045095512448753,0.03839165654606138,0.0008393785752747714,0.03795708159873897,0.0,0.0
1692309416.2489123,-0.022478135319609925,0.037550775308488056,0.0008846151760233824,0.036746631969542365,0.0,0.0
1692309416.3494883,-0.02425797921705944,0.03656533023298452,0.0008958783889088171,0.0353029196703306,0.0,0.0
1692309416.449876,-0.026165534511339357,0.035449167086383626,0.000905856555220271,0.03382182550660834,0.0,0.0
1692309416.5471902,-0.028520427160798202,0.034160398474711175,0.0008749479990751744,0.03201941901231888,0.0,0.0
1692309416.651059,-0.03089836550584106,0.03273604884490286,0.0008266695464062626,0.030272808170380264,0.0,0.0
1692309416.7464178,-0.028825146645323617,0.03193729541140066,0.0007998602345759244,0.0322848021680972,0.0,0.0
1692309416.848586,-0.027518157525199052,0.03145551525770762,0.000774328026349178,0.033187310823579036,0.0,0.0
1692309416.9465141,-0.027075167627734157,0.031057724438785288,0.0007547758396562467,0.03314223753158656,0.0,0.0
1692309417.0482166,-0.02728197734748121,0.030614339496063604,0.0007309055611730554,0.03250161062523633,0.0,0.0
1692309417.1499536,-0.02794158103799585,0.030064611260639206,0.0007093508833668386,0.03152041834306404,0.0,0.0
1692309417.2442403,-0.029025378982151497,0.02936892342323382,0.0006900085193769693,0.030259422785578888,0.0,0.0
1692309417.3517985,-0.030395961853478877,0.0285204284936465,0.0006613440266030847,0.028853040665409016,0.0,0.0
1692309417.4515185,-0.03187051104448883,0.02754256128289049,0.0006276106425752705,0.02745016716671736,0.0,0.0
1692309417.5452282,-0.03381023032747237,0.026391428520966438,0.000591058951827717,0.025725130178044793,0.0,0.0
1692309417.6484344,-0.0358983904308824,0.02508634650882622,0.0005527355989689554,0.023964843313537196,0.0,0.0
1692309417.7453651,-0.03809282598003133,0.02364687035821555,0.0005052033984442798,0.022182835292723045,0.0,0.0
1692309417.8458958,-0.040419292470452145,0.022081443546178067,0.000455260271448957,0.020337439543644458,0.0,0.0
1692309417.9499576,-0.04276278653766403,0.02041412934458898,0.00040795746992807857,0.01851316696122161,0.0,0.0
1692309418.0486495,-0.045041744035580436,0.01867500404134309,0.000357403057262832,0.01675702068706559,0.0,0.0
1692309418.1479235,-0.04722327844445344,0.01689046928458148,0.00031156929038789454,0.015073089549980413,0.0,0.0
1692309418.245249,-0.04935746814342858,0.01507116103379034,0.0002699777984181269,0.013400354023320125,0.0,0.0
1692309418.3493679,-0.04145689446819861,0.014867603626228292,0.00024282430227267753,0.020071204775772483,0.0,0.0
1692309418.4497273,-0.035298347814271484,0.015534548145973662,0.00022559778587715346,0.024156552697719595,0.0,0.0
1692309418.5531182,-0.03033733210736552,0.016639293427701436,0.00021607393477644026,0.02670103059842691,0.0,0.0
1692309418.6444952,-0.026394397534194845,0.017906948115755834,0.00018681835792781252,0.02818923419674229,0.0,0.0
1692309418.7461452,-0.02109860731814751,0.01953219968304188,0.00015178029107924037,0.030803794088413695,0.0,0.0
1692309418.8464177,-0.01688160212151342,0.02125632093267756,0.0001236425152950639,0.032388524016196706,0.0,0.0
1692309418.9481294,-0.012313198293980893,0.023130182693676213,8.797607892318735e-05,0.03432415429096916,0.0,0.0
1692309419.0462873,-0.008993680683586644,0.02492693673334644,1.6719435091278768e-05,0.035239933624666556,0.0,0.0
1692309419.147492,-0.00523898736329198,0.02676043756735752,-6.4153357536431e-05,0.03669487570591414,0.0,0.0
1692309419.2525682,-0.0025465458533274823,0.02846503928781212,-0.00013018869527130005,0.03735247193721032,0.0,0.0
1692309419.3496706,0.0010647726190143414,0.030246012935615043,-0.0002014765792241881,0.03897380132355115,0.0,0.0
1692309419.4462245,0.0047751450424093145,0.03211410270631779,-0.0003146627587194221,0.04072523563916534,0.0,0.0
1692309419.5476203,0.00785882029095853,0.033958704643603496,-0.0004333246421096026,0.04199297497366737,0.0,0.0
1692309419.649498,0.010026449497310427,0.03565281104616615,-0.0005237909741167041,0.04260986379977729,0.0,0.0
1692309419.750112,0.012728152571891405,0.03734173054198523,-0.0005891449205977374,0.04386602705965622,0.0,0.0
1692309419.8544874,0.015183820865636927,0.03900005984707595,-0.0006241378494595648,0.04500101962427404,0.0,0.0
1692309419.948061,0.017711010100290955,0.04066124950489934,-0.0006067929637535896,0.046293416803825316,0.0,0.0
1692309420.0518954,0.019019783994630033,0.04213584789043076,-0.0005610522708873666,0.046639331940229976,0.0,0.0
1692309420.1498477,0.019440082308630396,0.04334109124116295,-0.0004940158357657487,0.04643711977533914,0.0,0.0
1692309420.2502272,0.0191542792608517,0.044244996056503005,-0.00042201150516493524,0.04588059355050553,0.0,0.0
1692309420.3513682,0.018410275040944626,0.04486237612577197,-0.00032843888728477925,0.04518054093254299,0.0,0.0
1692309420.4515154,0.02003977657549996,0.04566668009373365,-0.0002310684280473194,0.046673253556765194,0.0,0.0
1692309420.5461032,0.020440994266594608,0.04640423908772715,-9.728717732098006e-05,0.04702029556580725,0.0,0.0
1692309420.6531122,0.020206002565764138,0.04699199884983555,6.720251244447166e-06,0.046895624003747985,0.0,0.0
1692309420.7443657,0.020740771405459952,0.04759888851735315,0.00017447269558271215,0.04752505131819402,0.0,0.0
1692309420.848623,0.020329443180605,0.048065917555605284,0.000296474007797243,0.04735417878075032,0.0,0.0
1692309420.945937,0.019244054851232976,0.04832037540868881,0.0004557697104379307,0.04671876943230982,0.0,0.0
1692309421.0464215,0.017561960863629534,0.0483223726932324,0.0006378620965165698,0.04572276517492865,0.0,0.0
1692309421.1482477,0.015294716174103893,0.04804544525135703,0.0007642383470030699,0.044390752091174525,0.0,0.0
1692309421.245622,0.012881381580321115,0.04753645934882528,0.0009120178643199616,0.043095628373635814,0.0,0.0
1692309421.347389,0.010305261158965722,0.0468284170328915,0.001007905378790224,0.04177639574955591,0.0,0.0
1692309421.4497523,0.007437390603628588,0.04591843796788541,0.0011068786759828681,0.04029477532289605,0.0,0.0
1692309421.549124,0.008068530732594474,0.04542966907264372,0.001175394256703356,0.04180815988136682,0.0,0.0
1692309421.6493704,0.007565707487060291,0.04504716207754738,0.0012148353823405633,0.04202743986590241,0.0,0.0
1692309421.7463675,0.006181877738919649,0.04459008218105821,0.0012174174860966748,0.04140075859238363,0.0,0.0
1692309421.8466725,0.004262967229384354,0.04398576248041694,0.001190201807122771,0.0403455227831095,0.0,0.0
1692309421.9478168,0.0019493081786582146,0.04320437095835614,0.0011399896318925458,0.03902443905039407,0.0,0.0
1692309422.0463743,-0.000816083109438202,0.042214491324093856,0.0010359820867705772,0.037402948105716316,0.0,0.0
1692309422.1504152,-0.003865343377958446,0.041018446505755424,0.0009266012546466926,0.035634418446106556,0.0,0.0
1692309422.2472234,-0.007029081025345065,0.03964498028053311,0.0007826528332883085,0.03384852370045587,0.0,0.0
1692309422.349498,-0.010337433310200757,0.03810800396364289,0.0006531016397684352,0.03199214505907326,0.0,0.0
1692309422.4453754,-0.01378398671104853,0.03641733698529659,0.00048302007073669566,0.030054232442775525,0.0,0.0
1692309422.5449421,-0.017315820559533974,0.03458859025315333,0.00034677591842131194,0.02806630543206514,0.0,0.0
1692309422.645739,-0.020932997355290126,0.032630681212899006,0.00018306678828267862,0.026013308517060234,0.0,0.0
1692309422.747107,-0.024460824919992775,0.03058028659472447,5.544130484040719e-05,0.024030288389663125,0.0,0.0
1692309422.8467188,-0.02781713918859082,0.028476082638355084,-3.3899777705272816e-05,0.022159227269537566,0.0,0.0
1692309422.9484243,-0.031138562352748325,0.026321742627452974,-0.0001338647188884409,0.020259464002504914,0.0,0.0
1692309423.0453417,-0.03449996901247252,0.024110497324530786,-0.00019780882115480174,0.018265951699421176,0.0,0.0
1692309423.1479075,-0.03768602715068361,0.021870500748395104,-0.00026014202752246715,0.0163654800315271,0.0,0.0
1692309423.2445884,-0.040718917757720366,0.01962115442170541,-0.0002892046632243829,0.014520409873853885,0.0,0.0
1692309423.344237,-0.04361724726984875,0.017371848979394186,-0.0003022841800877994,0.012705814522599139,0.0,0.0
1692309423.4421134,-0.046527443901585926,0.015107037343453183,-0.00028916355426355156,0.010795781595189902,0.0,0.0
1692309423.5420895,-0.04923312947544214,0.012850974867118841,-0.00025644610343631433,0.008985369651885596,0.0,0.0
1692309423.6427462,-0.051747403648696795,0.010619454675998476,-0.00020858357760031367,0.007249800765622221,0.0,0.0
1692309423.7454052,-0.05408539094204561,0.008422022787176818,-0.00014856054529736705,0.0055695117712313644,0.0,0.0
1692309423.843528,-0.056230304803197365,0.006269049743873177,-7.89159863986528e-05,0.003956459297559534,0.0,0.0
1692309423.9424102,-0.058209309399037935,0.004164666479339011,3.828756330426908e-06,0.002385661549398158,0.0,0.0
1692309424.0420926,-0.05994596586654861,0.0021246566062466093,9.190620125944411e-05,0.0009234256581571584,0.0,0.0
1692309424.1426814,-0.061447164715204304,0.0001604015547702173,0.00018427917706775052,-0.00044183738477279256,0.0,0.0
1692309424.2437294,-0.0627312402399296,-0.0017220572838136218,0.00027874771786992223,-0.0017274004197444302,0.0,0.0
1692309424.343804,-0.0638554368307919,-0.003526734091879993,0.00037463688546939575,-0.0029791898192750837,0.0,0.0
1692309424.4425297,-0.06479608952898659,-0.0052517367642984855,0.00046970830740701775,-0.004168792613362356,0.0,0.0
1692309424.5441995,-0.06557545628857636,-0.006898385770242762,0.0005633172763011045,-0.005310669183268248,0.0,0.0
1692309424.6439884,-0.06620368395317683,-0.008468223934704557,0.0006577805511557733,-0.006407115278831543,0.0,0.0
1692309424.7417786,-0.0666976179393843,-0.009964396337970988,0.0007532860364782104,-0.007466026193229526,0.0,0.0
1692309424.8453443,-0.06700833079534259,-0.011380144122707353,0.0008522612718404035,-0.008439729122606637,0.0,0.0
1692309424.9421065,-0.06716641428333654,-0.012715442874741852,0.0009488973160542897,-0.009353748020535605,0.0,0.0
1692309425.0465355,-0.06707630532239103,-0.013954769048023778,0.001025100378235813,-0.010124082460351002,0.0,0.0
1692309425.1470046,-0.06673236965014731,-0.015082756874962598,0.0011032230543410856,-0.010753072724659864,0.0,0.0
1692309425.2464995,-0.06622316620081566,-0.016103431364304397,0.0011798472109175477,-0.01131858919572028,0.0,0.0
1692309425.3456686,-0.06559726842517882,-0.017026043486453656,0.001261952613355919,-0.011852958147525693,0.0,0.0
1692309425.444232,-0.06487413421701657,-0.017860482440038974,0.0013426151063676726,-0.012360586414828836,0.0,0.0
1692309425.5458062,-0.06401111598867201,-0.01860492867956288,0.001431464188039457,-0.012795170032461984,0.0,0.0
1692309425.6487873,-0.06288615726889532,-0.019241745122812248,0.001480473771471778,-0.01305154052959603,0.0,0.0
1692309425.74635,-0.061679447030826985,-0.019780942636947497,0.0015353672642732412,-0.013291269683151904,0.0,0.0
1692309425.8537755,-0.060303476816071025,-0.020217322490374633,0.0015930729740420435,-0.013427325767348845,0.0,0.0
1692309425.948241,-0.058901345801095004,-0.020574262044682552,0.0015993021241009033,-0.013578857613352278,0.0,0.0
1692309426.0471315,-0.05747167009143159,-0.020860283570827236,0.0016113762373959105,-0.013728815438059217,0.0,0.0
1692309426.146458,-0.05586284416105657,-0.021058610164147357,0.0016373581368593897,-0.013739131575874319,0.0,0.0
1692309426.2447143,-0.05425252093648983,-0.021187567715417827,0.0016637459316651716,-0.013766634212066512,0.0,0.0
1692309426.3435454,-0.05250085713837279,-0.02124049673287543,0.0016330336290734226,-0.013680237070822117,0.0,0.0
1692309426.4454129,-0.05068310253376387,-0.021216960180055665,0.0016078927762317018,-0.013549110865739407,0.0,0.0
1692309426.5467446,-0.048772322502285526,-0.021114623630777093,0.0015958364250216954,-0.013345469288096271,0.0,0.0
1692309426.6451128,-0.04689797361833367,-0.02095396856187138,0.0015857373718822867,-0.013176323746686636,0.0,0.0
1692309426.745974,-0.04505518246196689,-0.020751658929942216,0.0015260074069944325,-0.013022415176921718,0.0,0.0
1692309426.846492,-0.04325116445170708,-0.020513969999254603,0.0014792666869980567,-0.012880825099754932,0.0,0.0
1692309426.9480817,-0.04140798129564704,-0.020235844632104982,0.0014418889912595685,-0.01267911608669991,0.0,0.0
1692309427.047441,-0.03927989500672653,-0.019873648958470845,0.001404031560324799,-0.012215845360537339,0.0,0.0
1692309427.147354,-0.03739368262643193,-0.019482135412263415,0.0013674217925039,-0.011960199448299619,0.0,0.0
1692309427.2466254,-0.035289054451866156,-0.0190267629519232,0.0012976923775716693,-0.011488899354305523,0.0,0.0
1692309427.3468738,-0.03329680948656583,-0.018533297806595017,0.0012341311318663012,-0.011103504322201958,0.0,0.0
1692309427.4516206,-0.031226142706105818,-0.01799030552759128,0.0011783401757458145,-0.010624407868292555,0.0,0.0
1692309427.5489657,-0.029318026128658255,-0.017430544600429608,0.001108262719448298,-0.010260388780460325,0.0,0.0
1692309427.648358,-0.02729638364586133,-0.016829928542881956,0.0010475792809395857,-0.009759623332486402,0.0,0.0
1692309427.749446,-0.025356374019416567,-0.016204572207893106,0.0009919878921709193,-0.00930132697928401,0.0,0.0
1692309427.846962,-0.023446528043120172,-0.015557645227150836,0.0009376603564613234,-0.008831787734728562,0.0,0.0
1692309427.9468145,-0.021607944457786625,-0.014898025761606757,0.0008874184550908568,-0.008384091134858064,0.0,0.0
1692309428.052706,-0.019793667234991433,-0.0142251486037742,0.0008316465008522386,-0.007913853334800169,0.0,0.0
1692309428.1482491,-0.01805228482629912,-0.013546041116168101,0.0007783680233186402,-0.0074637192234031004,0.0,0.0
1692309428.2484815,-0.016405035885498326,-0.012869716563110447,0.0007287123078900744,-0.007047613519831283,0.0,0.0
1692309428.3477087,-0.014735693908440609,-0.01218385963979844,0.0006820607890632971,-0.00656394902249423,0.0,0.0
1692309428.4461937,-0.013190237468313007,-0.011503891361762093,0.000638912747127202,-0.006144714518208843,0.0,0.0
1692309428.546922,-0.011651669657863186,-0.010821947441939237,0.0005979090522726058,-0.00568306435423165,0.0,0.0
1692309428.6482537,-0.010173216745711321,-0.010141481385445678,0.0005572640941183789,-0.005230625467158482,0.0,0.0
1692309428.7485173,-0.008757367303715471,-0.00946551459068505,0.0005178362064078379,-0.004788628575336291,0.0,0.0
1692309428.847211,-0.007452285188496781,-0.008804449637190669,0.00047952934908907066,-0.004396748336720769,0.0,0.0
1692309428.948741,-0.006164034861847085,-0.008150560172646829,0.0004428659468919521,-0.0039712466731493465,0.0,0.0
1692309429.0458431,-0.0049508025114604216,-0.007508246404511344,0.0004073926047690935,-0.003567914178737021,0.0,0.0
1692309429.1495857,-0.0038103254680718623,-0.006880576496550026,0.0003727382355686985,-0.0031835187366540366,0.0,0.0
1692309429.2488568,-0.00275138450474773,-0.006271462782127687,0.0003393939925258032,-0.002825110257415998,0.0,0.0
1692309429.347197,-0.0017603449437293976,-0.0056818451561607575,0.00030667658818184375,-0.0024805196178731724,0.0,0.0
1692309429.4470572,-0.0008006956579986465,-0.005106675043274752,0.0002749046485459913,-0.002120635084880941,0.0,0.0
1692309429.551509,9.090719523699041e-05,-0.004548667546867491,0.00024431655570030837,-0.0017813311647247817,0.0,0.0
1692309429.647509,0.0009006830731127769,-0.004012312181212875,0.00021509811333217702,-0.0014738589676457792,0.0,0.0
1692309429.7504694,0.0016339163273914495,-0.00350025576282842,0.00018736980045018056,-0.0011924646889988626,0.0,0.0
1692309429.8512888,0.0022950100006827443,-0.0030139959101455616,0.00016110838989910855,-0.0009335416607522101,0.0,0.0
1692309429.9489734,0.0029127893085762156,-0.0025501885445184894,0.00013621636951345319,-0.0006739314304298859,0.0,0.0
1692309430.0500095,0.0034693324745885988,-0.0021096847235212487,0.00011272158766868485,-0.0004327269107644018,0.0,0.0
1692309430.15108,0.003987442925223114,-0.0016896301184392904,9.037730103801054e-05,-0.00019195690271617413,0.0,0.0
1692309430.2496932,0.004444187789503602,-0.001291995168368542,6.932902926079611e-05,2.5708306686062036e-05,0.0,0.0
1692309430.346915,0.004854010744404872,-0.0009160611310630563,4.958907144899846e-05,0.00023224970463909538,0.0,0.0
1692309430.4490383,0.005207974617880512,-0.0005630302991435195,3.104225462885076e-05,0.00041827586770213016,0.0,0.0
1692309430.548586,0.00550282652448573,-0.00023452238709548438,1.3828628358055374e-05,0.0005805055091931405,0.0,0.0
1692309430.648542,0.0057484381626878665,6.968215675434659e-05,-2.0788936942011194e-06,0.0007268834369479159,0.0,0.0
1692309430.7499003,0.005953032657310247,0.0003508562108275459,-1.6750516154822266e-05,0.0008627091237301419,0.0,0.0
1692309430.8481617,0.00612345987133068,0.0006108173082649425,-3.0297871695224505e-05,0.0009914997254938708,0.0,0.0
1692309430.950303,0.00626542574060971,0.0008516099752807865,-4.2825825349116644e-05,0.0011155755960520948,0.0,0.0
1692309431.0488434,0.00638368330971917,0.0010753092770282636,-5.445073137422136e-05,0.0012364571451775686,0.0,0.0
1692309431.149346,0.006482191864787332,0.0012839079458957174,-6.527694579866424e-05,0.001355132736846828,0.0,0.0
1692309431.2496202,0.006564249491159129,0.0014792546054249929,-7.540218914550063e-05,0.0014722392904999795,0.0,0.0
1692309431.3514764,0.006632603493926789,0.0016630254896581294,-8.491900399864556e-05,0.0015881834077669742,0.0,0.0
1692309431.4481184,0.006689542378232269,0.0018367178369852867,-9.389413343924508e-05,0.0017032222482317358,0.0,0.0
1692309431.5521035,0.006736972468858734,0.0020016519977393813,-0.00010241610171913813,0.0018175174193815172,0.0,0.0
1692309431.647942,0.00677648173435056,0.0021589855818396975,-0.0001105389526834505,0.0019311700850769052,0.0,0.0
1692309431.7473676,0.006809392952505253,0.0023097266252981702,-0.00011831072909969278,0.0020442443700314896,0.0,0.0
1692309431.8479445,0.006832614154892596,0.002454061674670286,-0.0001257135714547829,0.00215328039293264,0.0,0.0
1692309431.9493172,0.006843569906773904,0.002591679802566576,-0.00013264492616148332,0.0022558490191785987,0.0,0.0
1692309432.0483012,0.006835922393287576,0.002721257042306206,-0.00013961954497236165,0.002346716398416566,0.0,0.0
1692309432.1507347,0.006825358933457898,0.0028444156919000757,-0.00014652250154480396,0.0024396605178479405,0.0,0.0
1692309432.2498455,0.006803980449499607,0.0029609972610038704,-0.00015299897786875987,0.0025267550360313184,0.0,0.0
1692309432.3496742,0.006773593232881705,0.003071156945413816,-0.0001588075376524091,0.0026094633683294796,0.0,0.0
1692309432.4464626,0.006735701407933474,0.003175205074602172,-0.0001641653691269046,0.002688773074543761,0.0,0.0
1692309432.5491805,0.00667897836580907,0.0032714845858727607,-0.00016897969875895297,0.002754842979542757,0.0,0.0
1692309432.6500936,0.006598183229631592,0.003357898863006684,-0.0001734002641041703,0.0028042456079766993,0.0,0.0
1692309432.748384,0.006480565390357859,0.003430824226551402,-0.00017689851468305647,0.002827466601197799,0.0,0.0
1692309432.8497152,0.0063154992027549105,0.0034858520728935473,-0.00017870382251447076,0.002817689527436779,0.0,0.0
1692309432.9489698,0.006119285617950623,0.0035223692192647045,-0.00017864817282026288,0.0027909165167584447,0.0,0.0
1692309433.047011,0.005901314339917284,0.0035413076893028844,-0.00017741268793912215,0.0027546069060513183,0.0,0.0
1692309433.1497357,0.0056568277147848525,0.0035424298601558946,-0.00017536713787810347,0.0027033453019373373,0.0,0.0
1692309433.247513,0.005386061879808428,0.0035254743478425306,-0.00017297394084427492,0.002636756818569496,0.0,0.0
1692309433.3468463,0.0051059932284870276,0.003492948087921115,-0.0001701750629168561,0.0025684686459025675,0.0,0.0
1692309433.4488518,0.00481398478147237,0.00344611478390753,-0.00016685236255351422,0.0024939244623397973,0.0,0.0
1692309433.5485594,0.004499448016482666,0.0033840706499438846,-0.00016260061560514465,0.002402925253687813,0.0,0.0
1692309433.6463282,0.004187112063217539,0.0033101408836111344,-0.00015760084064823324,0.00231630076262035,0.0,0.0
1692309433.7478673,0.0038766067223024634,0.0032265793986165276,-0.00015214503144916325,0.002231057749924705,0.0,0.0
1692309433.8461864,0.003563431981119939,0.0031342284291640474,-0.00014643464609167804,0.002141665361656105,0.0,0.0
1692309433.9470792,0.003260617432581711,0.00303581553505126,-0.00014068932511069557,0.0020583017494692005,0.0,0.0
1692309434.049516,0.002958047067737275,0.0029316333483519275,-0.00013497710456514627,0.001970612454896438,0.0,0.0
1692309434.1455402,0.002643103053875325,0.0028198320578501374,-0.00012920202492664438,0.001867925792103021,0.0,0.0
1692309434.246597,0.0023262432923528134,0.002700811183908151,-0.00012324356518639233,0.0017602701456769325,0.0,0.0
1692309434.3484843,0.0020394874471057188,0.0025801091710857937,-0.00011732852525026652,0.0016740702369442868,0.0,0.0
1692309434.4463296,0.0017628699901477863,0.002458440351116892,-0.0001114417642602333,0.00158894122056957,0.0,0.0
1692309434.5465724,0.0014946977330553472,0.0023360909077026195,-0.00010552003868649345,0.0015032761237704782,0.0,0.0
1692309434.649148,0.010843051616568972,0.003792125699070076,-0.0001722431355866209,0.009439935594480527,0.0,0.0
1692309434.7475522,0.018609258093331187,0.006126721931382844,-0.00027719326193459154,0.01499838304921282,0.0,0.0
1692309434.8487322,0.025036562666221358,0.008889486075520085,-0.0004016015792584923,0.01893776708723058,0.0,0.0
1692309434.9492514,0.030348563169015096,0.011799727465048397,-0.0005310747874203227,0.02179009965301366,0.0,0.0
1692309435.0506961,0.034689572638179116,0.014681332974440246,-0.0006593217418142091,0.023880439002995905,0.0,0.0
1692309435.1507201,0.03812529717228187,0.017418230941887665,-0.000779486635960901,0.025381730832968193,0.0,0.0
1692309435.2495441,0.04083209406612254,0.019954168635541086,-0.0008863308424169528,0.026509549249259825,0.0,0.0
1692309435.3471591,0.04289396006342239,0.022259823554316795,-0.0009768802158979307,0.027356601696568793,0.0,0.0
1692309435.4488845,0.0442341302445804,0.02429864788470385,-0.0010453159419008904,0.027861114897072367,0.0,0.0
1692309435.5525231,0.04506538356822688,0.026076244724327093,-0.0010878069412037419,0.028207297541662547,0.0,0.0
1692309435.6489046,0.04538883748370412,0.02759370020239976,-0.0010993072859690248,0.028373497907182542,0.0,0.0
1692309435.7500734,0.04498898384001833,0.0288125136419685,-0.0011023972574911519,0.02816153735442237,0.0,0.0
1692309435.848296,0.04435717577612274,0.029783638687741715,-0.0010936520786186425,0.027989973956305127,0.0,0.0
1692309435.9466577,0.04346905125011236,0.030536669157320513,-0.0010761803993834475,0.027786704741194615,0.0,0.0
1692309436.046521,0.04222290217636763,0.031072124438788554,-0.0011060524433371066,0.02743288540951517,0.0,0.0
1692309436.1466174,0.0407182097502473,0.031408513102170924,-0.0011095572534914916,0.026997886233457807,0.0,0.0
1692309436.24618,0.03895195155859772,0.03155484671870032,-0.0010917968150537,0.026457552494862,0.0,0.0
1692309436.3466928,0.03702851361338297,0.03153034475582689,-0.001136652406075119,0.025883299165305573,0.0,0.0
1692309436.4466558,0.03508949228151163,0.03137584040942713,-0.0011640637213524672,0.025369376081415283,0.0,0.0
1692309436.5477893,0.03265349667909357,0.031038434796336705,-0.001169131236962829,0.024481711876733998,0.0,0.0
1692309436.647579,0.0301060501617721,0.03053911271590487,-0.001225192565650225,0.023572913411109453,0.0,0.0
1692309436.7482858,0.02748183198150271,0.029903314671057127,-0.001258878670106984,0.02264771981963084,0.0,0.0
1692309436.846474,0.0248907563035685,0.02916372507811877,-0.0012768476771125219,0.021777644116025948,0.0,0.0
1692309436.9445915,0.022126307658591124,0.028306203203199435,-0.0013331552152814627,0.02076406320449106,0.0,0.0
1692309437.0446057,0.019334241379015096,0.027347252084023443,-0.00140584369198712,0.019733036993234768,0.0,0.0
1692309437.1466696,0.016578823597354374,0.026311965954333563,-0.0014448353240816738,0.01872455315918439,0.0,0.0
1692309437.2450616,0.013904539643651816,0.02522240567634869,-0.0014567618403716167,0.017759979200394,0.0,0.0
1692309437.3446176,0.011065898700598448,0.024052607441950966,-0.001463112469395933,0.01661896326297172,0.0,0.0
1692309437.4465575,0.008260085914316845,0.02281958544934837,-0.0014398518852232131,0.01548271415949024,0.0,0.0
1692309437.5478373,0.005511147444069843,0.021537526957473255,-0.001393992734021998,0.01436068397062055,0.0,0.0
1692309437.646786,0.002805922822608624,0.02021378944106432,-0.0013402102227316026,0.013232212149232743,0.0,0.0
1692309437.7479036,0.0002839159982771979,0.018877993999535363,-0.0012739908516968843,0.012208825604982964,0.0,0.0
1692309437.8452892,-0.002286785626414123,0.01751325738547609,-0.001194514751057979,0.011078642258080409,0.0,0.0
1692309437.9446802,-0.004763713109297844,0.01613074927568423,-0.001109076466306232,0.009974538683734793,0.0,0.0
1692309438.0444736,-0.007107938322341807,0.014745360814952242,-0.0010208696416616214,0.008922705047093606,0.0,0.0
1692309438.1450613,-0.00945351241749984,0.013346397323778347,-0.0009276714804027439,0.007803154726230287,0.0,0.0
1692309438.2444947,-0.011672152666109395,0.01194734518667179,-0.0008333782596235695,0.0067329074239543514,0.0,0.0
1692309438.3459787,-0.013738803483382356,0.010562523554571508,-0.0007389698165748168,0.005725637139585828,0.0,0.0
1692309438.4462812,-0.015756948466825876,0.00918592003532705,-0.0006410176711672981,0.004687934425969549,0.0,0.0
1692309438.5450544,-0.017598070741302704,0.007834298205601819,-0.0005460780891644041,0.003734491129403526,0.0,0.0
1692309438.6457942,-0.019291726406088616,0.00651565256783109,-0.00045420320463923413,0.0028318415317494746,0.0,0.0
1692309438.7456932,-0.020753068086744028,0.005250242277762176,-0.00036664209848513875,0.002048992879922428,0.0,0.0
1692309438.8434145,-0.022151407784592084,0.004025570706288262,-0.0002818385582278791,0.0012348132174595215,0.0,0.0
1692309438.9466188,-0.0233962076135132,0.002848260106801629,-0.00019969501198805465,0.00047795264792205826,0.0,0.0
1692309439.0445082,-0.02451730674659076,0.00171881785766894,-0.00011988724575107848,-0.0002471431612966998,0.0,0.0
1692309439.144607,-0.025468016867992084,0.0006458628611514105,-4.36827768772547e-05,-0.0008978697489187546,0.0,0.0
1692309439.2454894,-0.026310458727472147,-0.0003738753243382572,2.9691658161389698e-05,-0.0015281029179220226,0.0,0.0
1692309439.3451848,-0.027054294294686573,-0.0013437170852433286,0.00010009398370412021,-0.002139617042112477,0.0,0.0
1692309439.4447763,-0.02769494976294805,-0.0022647103170782812,0.00016708690791852443,-0.0027226961130461832,0.0,0.0
1692309439.546212,-0.02822440744817541,-0.0031357218490728625,0.00023046931058814848,-0.003266632582215304,0.0,0.0
1692309439.6477008,-0.028657029035535315,-0.003957741231138008,0.000290593240847894,-0.0037810460447481684,0.0,0.0
1692309439.7444978,-0.02901319509367348,-0.004734352865362031,0.00034740978824320337,-0.004279213399671047,0.0,0.0
1692309439.8439186,-0.02930988142010258,-0.0054704340549576,0.00040127711199138585,-0.004770058727526647,0.0,0.0
1692309439.9443543,-0.02952335655904707,-0.006165177791215634,0.00045226503065423044,-0.005227959263157726,0.0,0.0
1692309440.0451188,-0.029650687622193344,-0.006817034358536739,0.0005020172269914827,-0.005648815918904362,0.0,0.0
1692309440.1458032,-0.029638951013729518,-0.0074157814273231835,0.0005517621666367475,-0.005987212086380379,0.0,0.0
1692309440.248269,-0.029507181516206772,-0.007957028519370819,0.0005994485855858949,-0.006263548092447303,0.0,0.0
1692309440.3446882,-0.029262817033570764,-0.008438403877874808,0.0006434065256766725,-0.00648436701808453,0.0,0.0
1692309440.444993,-0.028941492910831097,-0.00886347271187899,0.0006841115755343262,-0.006678271333276762,0.0,0.0
1692309440.5439868,-0.028518224763587546,-0.009230086522336985,0.000723370635032345,-0.006819166931968226,0.0,0.0
1692309440.6454144,-0.0280268877303319,-0.009541927350339572,0.0007615124154786772,-0.006934102815697926,0.0,0.0
1692309440.74797,-0.027367089930976217,-0.009783790394055459,0.0008079553566279942,-0.006934206953764652,0.0,0.0
1692309440.8481085,-0.026670555032327337,-0.00996791973024008,0.0008487209928482716,-0.006936495603670668,0.0,0.0
1692309440.9451773,-0.025981203330879693,-0.010109122119054539,0.0008828555953838985,-0.006967423092187599,0.0,0.0
1692309441.0483472,-0.02528524578755843,-0.010215089713077087,0.0009133606513818906,-0.0070035798579740835,0.0,0.0
1692309441.1451454,-0.024432719164559552,-0.010266403553550532,0.0009419040556461881,-0.006913167751668064,0.0,0.0
1692309441.245387,-0.023437808738636528,-0.01025161989145559,0.0009658031640048062,-0.006719877796358875,0.0,0.0
1692309441.3480377,-0.022458158377738218,-0.010188171710892634,0.0009837611433949063,-0.006561146672012899,0.0,0.0
1692309441.4441376,-0.021466070306073323,-0.01008330495034214,0.0009980529472907048,-0.006399935126460892,0.0,0.0
1692309441.5445318,-0.020455240148664202,-0.009941331815411049,0.0010070138772380443,-0.006224585362226989,0.0,0.0
1692309441.6452944,-0.019445563428004967,-0.009768306887827542,0.0010112251886470103,-0.006048044597758007,0.0,0.0
1692309441.7449262,-0.018424280196455534,-0.009566210847637759,0.0010124745676432058,-0.005854925761204965,0.0,0.0
1692309441.845553,-0.017410096787078607,-0.009339985717080097,0.0010080315857654205,-0.005659024193352548,0.0,0.0
1692309441.9474642,-0.01645631205616983,-0.00910161413740851,0.0009991905141821895,-0.005501597830414644,0.0,0.0
1692309442.0481212,-0.016454834282052005,-0.009005393575929927,0.001004628651567868,-0.006119422788531301,0.0,0.0
1692309442.1471212,-0.016258570624693512,-0.008975712666601328,0.0010134161311348337,-0.006451963431369197,0.0,0.0
1692309442.2465334,-0.015952275003599806,-0.008972841656653902,0.0010240458053865189,-0.00663019434656693,0.0,0.0
1692309442.3472369,-0.015566919503781012,-0.008974057472986068,0.001034883049137773,-0.00671086613201113,0.0,0.0
1692309442.4478545,-0.015086301232573703,-0.008960606963937578,0.0010447799552700929,-0.0066976225079361205,0.0,0.0
1692309442.546459,-0.014517929970876496,-0.008920367090767552,0.0010523454355454505,-0.006609833995666338,0.0,0.0
1692309442.647728,-0.013884861903736823,-0.008848223927470884,0.0010574014710739163,-0.006474403958990302,0.0,0.0
1692309442.7477229,-0.013244108347303796,-0.008749895638353126,0.0010586619329692407,-0.0063411883785312465,0.0,0.0
1692309442.8487253,-0.012613757578191736,-0.00863205583685998,0.0010570379789035665,-0.006220304650268301,0.0,0.0
1692309442.9466767,-0.011760950429096938,-0.008460939587260921,0.0010515406268156366,-0.005911889750649855,0.0,0.0
1692309443.0469084,-0.010853180764270054,-0.008240154080788464,0.001039243702815867,-0.00557756072140856,0.0,0.0
1692309443.14525,-0.010000425284808616,-0.007989743264658266,0.001021206846649479,-0.005304646455474208,0.0,0.0
1692309443.2465916,-0.009172504610760145,-0.007718683307932231,0.0009992191306379251,-0.005052597120707653,0.0,0.0
1692309443.349327,-0.008339823053349507,-0.007429209954383252,0.000968721736549892,-0.004789785647096111,0.0,0.0
1692309443.448596,-0.007511461637204899,-0.007123144649354644,0.0009356379313805063,-0.0045225706291319,0.0,0.0
1692309443.548439,-0.006703543993865785,-0.0068051360791995365,0.0008992064760458406,-0.004262458582406588,0.0,0.0
1692309443.649101,-0.005929498486069087,-0.006480404407109061,0.0008614900552632618,-0.004017629973916261,0.0,0.0
1692309443.7588265,-0.005158407477775571,-0.0061478206607829666,0.0008224663446772919,-0.003758814317110406,0.0,0.0
1692309443.8493314,-0.00445714670567584,-0.005817686534462252,0.0007826106983908313,-0.0035430572875352327,0.0,0.0
1692309443.9494264,-0.0037845831353310734,-0.00549065189535862,0.000742410406119725,-0.0033295650407859146,0.0,0.0
1692309444.0497983,-0.00310224532125788,-0.005161123281464034,0.0007009914998478245,-0.0030866647175019843,0.0,0.0
1692309444.1503775,-0.002448677138356201,-0.004832206651762615,0.0006533508797468588,-0.0028512219591868945,0.0,0.0
1692309444.246602,-0.0018114363962145363,-0.0045027409045052995,0.00060660437011305,-0.0026119243602462715,0.0,0.0
1692309444.3454514,-0.001246861909482462,-0.0041819402508893305,0.000561444120968411,-0.0024165455281158193,0.0,0.0
1692309444.4476757,-0.0007301616637840721,-0.0038724585477852612,0.0005182191659967282,-0.0022388114220050683,0.0,0.0
1692309444.5472229,-0.00020693450741489714,-0.003567384070032202,0.00047702347024529933,-0.002032568184310067,0.0,0.0
1692309444.6473606,0.0002837572124189533,-0.003268567603426181,0.0004366303270215367,-0.0018361092384670933,0.0,0.0
1692309444.7460802,0.0007810971104394368,-0.0029709707247608024,0.0003961102343664426,-0.001616319684148262,0.0,0.0
1692309444.8475473,0.0012460090427186563,-0.0026773870334536143,0.00035619539355341703,-0.0014100169188257905,0.0,0.0
1692309444.9461186,0.0016712493800373428,-0.0023910926902903106,0.00031755791578731355,-0.001221793975576248,0.0,0.0
1692309445.0462003,0.002059225389800104,-0.0021141963930825427,0.00028034176360904555,-0.0010480075135926063,0.0,0.0
1692309445.1528416,0.0024119442049386165,-0.001848016591485489,0.00024462727332510834,-0.0008863272363933121,0.0,0.0
1692309445.2505457,0.002709976949470022,-0.0015967872722830628,0.00021110044653541447,-0.0007529345658332011,0.0,0.0
1692309445.3503487,0.0029666741712274444,-0.0013615481920887923,0.0001798560502041985,-0.0006346965519530967,0.0,0.0
1692309445.4514906,0.0031973790864879056,-0.001140724149496319,0.00015066005285996646,-0.0005191763668532236,0.0,0.0
1692309445.5564885,0.0034233082278680767,-0.0009298988785269779,0.00012289351693535257,-0.00039079702770683885,0.0,0.0
1692309445.6476777,0.0036410420982448395,-0.0007265995404028905,9.619352136361364e-05,-0.00025632418578821234,0.0,0.0
1692309445.7505643,0.003835070456622709,-0.000531676143208561,7.066680520318422e-05,-0.0001310258294997766,0.0,0.0
1692309445.8488579,0.004000915570639657,-0.0003465561368895105,4.6477019029521024e-05,-1.8559945814637638e-05,0.0,0.0
1692309445.9492972,0.004139064550615775,-0.00017227659162944532,2.374489089534031e-05,8.191502694476427e-05,0.0,0.0
1692309446.0484352,0.0042541426509358805,-8.927715903290064e-06,2.4769387084167514e-06,0.0001743720533659652,0.0,0.0
1692309446.1497457,0.00435000270850252,0.00014394910419015126,-1.7405129088362704e-05,0.0002614671978509954,0.0,0.0
1692309446.2504973,0.0044298541364555305,0.0002871099036916414,-3.600198184714063e-05,0.0003449674135423252,0.0,0.0
1692309446.3507972,0.004496370375940397,0.00042144480970219146,-5.3428819458088494e-05,0.00042604187021153407,0.0,0.0
1692309446.4527118,0.004551778403431282,0.0005478766766798691,-6.981505357953597e-05,0.0005054592977517068,0.0,0.0
1692309446.5491078,0.004597933290331189,0.0006673040584910766,-8.528001212369652e-05,0.0005837212330939698,0.0,0.0
1692309446.650617,0.004636380311118821,0.0007805666507214903,-9.99423975179695e-05,0.0006611522768190598,0.0,0.0
1692309446.7498631,0.004668406679434899,0.0008884337340108511,-0.00011388342009219589,0.0007379604846684296,0.0,0.0
1692309446.8499782,0.004695084644242202,0.0009915905204201131,-0.0001272098286126937,0.0008142785890910088,0.0,0.0
1692309446.950068,0.004717307388926686,0.0010906457817407348,-0.00013999984211850977,0.0008901900658190153,0.0,0.0
1692309447.0525658,0.00473581893524886,0.00118613371746601,-0.00015232289859671907,0.0009657474875670645,0.0,0.0
1692309447.1488297,0.0047512390533352225,0.0012785199316610435,-0.0001642418996860404,0.0010409841934980084,0.0,0.0
1692309447.250152,0.004764084011701171,0.0013682090744142408,-0.00017580830806944263,0.0011159218180259965,0.0,0.0
1692309447.35036,0.004774783862020007,0.0014555520891160448,-0.00018706106402414588,0.001190575227960314,0.0,0.0
1692309447.4540858,0.004779477345847433,0.0015401596842675367,-0.00019797638014015255,0.0012614324079058695,0.0,0.0
1692309447.5509987,0.0047876065093638434,0.001623292159161693,-0.0002086796485624981,0.0013365989480564836,0.0,0.0
1692309447.6560295,0.004794378102573013,0.0017050598053840256,-0.00021921456721667274,0.001411167417087254,0.0,0.0
1692309447.7535772,0.004800018839716251,0.0017855853092227808,-0.00022957688549093443,0.0014852557613412214,0.0,0.0
1692309447.8525026,0.004800498082268404,0.0018642928225735328,-0.00023974030025956063,0.0015554242091870192,0.0,0.0
1692309447.9466364,0.004800897291314348,0.0019416083831284717,-0.0002497028753583167,0.0016263049438855638,0.0,0.0
1692309448.0489829,0.004801229832449609,0.002017829765282233,-0.000259518505561555,0.0016975991629870105,0.0,0.0
1692309448.150458,0.004801506839215282,0.0020931726454224446,-0.000269223851011663,0.001769106656911562,0.0,0.0
1692309448.2489166,0.004801737585851106,0.0021677966253941913,-0.0002788331860154246,0.0018406944909548548,0.0,0.0
1692309448.348709,0.004801929797798729,0.0022418181009457305,-0.0002883748809634767,0.0019122757913169735,0.0,0.0
1692309448.4503736,0.004793650930323905,0.0023139542533119582,-0.000297646269067205,0.0019767479335662443,0.0,0.0
1692309448.5517695,0.004769878800611008,0.0023821379299473013,-0.00030634619800027463,0.0020291326221924975,0.0,0.0
1692309448.6511362,0.004745857131873127,0.002447350700848704,-0.0003146089706009554,0.0020834939479763186,0.0,0.0
1692309448.7501042,0.004721627598113283,0.0025102710668640765,-0.00032259500373909596,0.0021390361977969997,0.0,0.0
1692309448.8513098,0.004693004814431359,0.0025707082494232226,-0.0003301686227189595,0.0021916920161716685,0.0,0.0
1692309448.9503722,0.004639628280743517,0.002625278747315077,-0.000336116922942774,0.0022245312800974536,0.0,0.0
1692309449.0497673,0.004561412210011167,0.002671460697411585,-0.0003399798971903532,0.0022397586781179903,0.0,0.0
1692309449.1497838,0.00446250193349318,0.0027079811970642438,-0.0003422051648546073,0.002242285764065148,0.0,0.0
1692309449.2523305,0.0043252562563502964,0.00273093239286619,-0.0003431187411236546,0.0022177872899617704,0.0,0.0
1692309449.3506484,0.004164515111643484,0.0027399338228723414,-0.00034247377562587243,0.002180744427386586,0.0,0.0
1692309449.4517186,0.004001081291225415,0.0027379648919261864,-0.00034077462765627186,0.002148144825227691,0.0,0.0
1692309449.5518239,0.0038438432586482413,0.0027285321661995134,-0.0003384507972626555,0.0021247528459772632,0.0,0.0
1692309449.6524296,0.0036748879276843165,0.002711172002974838,-0.0003354089355870874,0.0020928104087114437,0.0,0.0
1692309449.754536,0.0034961712216866198,0.0026858440411287794,-0.0003315054705963797,0.0020540321365702494,0.0,0.0
1692309449.852664,0.003305103431586795,0.00265210183506256,-0.000326194352131344,0.002006045554947747,0.0,0.0
1692309449.9480217,0.0031121846214386085,0.0026112652947538504,-0.0003195565195384049,0.0019577244439564984,0.0,0.0
1692309450.049707,0.0028924058066659548,0.0025601386043073975,-0.00031133848011433683,0.001887055712514317,0.0,0.0
1692309450.1488223,0.0026713509940773294,0.002500498198914479,-0.00030242644981477723,0.0018173607023306475,0.0,0.0
1692309450.2482443,0.0024576723971731747,0.002435073453717702,-0.0002928256634548768,0.0017542598649336657,0.0,0.0
1692309450.3476806,0.0022670191193464137,0.002368304308389589,-0.00028324630602621784,0.001708780800210107,0.0,0.0
1692309450.4473095,0.002099764592433273,0.0023034444310643487,-0.0002742029040386909,0.0016781671490179958,0.0,0.0
1692309450.5521467,0.0019435608870975439,0.002240867762289977,-0.00026570981869321537,0.0016500883088360204,0.0,0.0
1692309450.6487012,0.0017374838656346483,0.0021709349255901672,-0.0002567242317372643,0.0015737660871772373,0.0,0.0
1692309450.7493482,0.001515182038586287,0.0020922357451340834,-0.0002471863654529902,0.0014840861095162597,0.0,0.0
1692309450.8524616,0.0013248889138404256,0.002011284919369098,-0.0002404640827350127,0.0014220314299065256,0.0,0.0
1692309450.9464388,0.0011326853242644922,0.0019278682288863863,-0.00023279416083202335,0.0013543460679249907,0.0,0.0
1692309451.0476012,0.0009262560960640055,0.0018395129829431203,-0.00022388822683324286,0.001271322176843784,0.0,0.0
1692309451.148217,0.0007121864142581925,0.0017455050602626085,-0.00021381009471612162,0.0011801960067743488,0.0,0.0
1692309451.2497776,0.0005085971386911915,0.001648282271341947,-0.00020292113960870326,0.0010964963759575242,0.0,0.0
1692309451.3474722,0.0003305856266519662,0.001552045690467682,-0.00019182918449848113,0.0010310831094731683,0.0,0.0
1692309451.449478,0.00016545815784704061,0.0014577515539969418,-0.00018079265169169308,0.0009705655645318178,0.0,0.0
1692309451.549794,2.6389941572694576e-06,0.0013644152953574626,-0.00016972753461707687,0.0009057237374486839,0.0,0.0
1692309451.6524987,-0.0001456225188527743,0.0012733815733703131,-0.00015878301112199822,0.0008477450516582185,0.0,0.0
1692309451.749883,-0.0002775468582716749,0.0011859400391423004,-0.00014818372043157583,0.0007974456328741106,0.0,0.0
1692309451.8461678,-0.00039586232246522864,0.0011026264896773167,-0.00013802808891844523,0.0007519690074519519,0.0,0.0
1692309451.947931,-0.0004986303452559523,0.0010242031452883647,-0.00012842413834844536,0.0007129205708766721,0.0,0.0
1692309452.0492594,-0.0005842361082406066,0.0009515434880777363,-0.00011949082880211247,0.0006814970354909477,0.0,0.0
1692309452.1479206,-0.0006723906491793621,0.0008821278302008907,-0.00011089383318035298,0.0006410381132154015,0.0,0.0
1692309452.2501173,-0.0007626685920466126,0.0008142654703935622,-0.00010248858589414673,0.0005940058978149695,0.0,0.0
1692309452.3481362,-0.0008589261912932942,0.0007461579173617826,-9.402037177091409e-05,0.0005385599453972638,0.0,0.0
1692309452.449544,-0.0009433199787739657,0.000679440590917904,-8.569554471993748e-05,0.0004909538129327307,0.0,0.0
1692309452.5504112,-0.0010136200037453745,0.0006156635361992466,-7.771593566233431e-05,0.0004519908415408932,0.0,0.0
1692309452.6564794,-0.0010721799245465486,0.0005555830302833078,-7.01824062484777e-05,0.00041879580264824465,0.0,0.0
1692309452.7511396,-0.0011209603385739452,0.0004994601516418178,-6.313273172379335e-05,0.000389436518973176,0.0,0.0
1692309452.8487036,-0.0011615944234587387,0.0004472574991941142,-5.6566371383742796e-05,0.00036261975819720045,0.0,0.0
1692309452.947911,-0.0011954426161677625,0.0003987676077500124,-5.045884110051144e-05,0.000337484113838221,0.0,0.0
