Time,layout.dim,layout.data_offset,data_0,data_1,data_2,data_3,data_4,data_5,data_6,data_7,data_8,data_9,data_10,data_11,data_12,data_13,data_14
1692309238.9544237,"[label: ""height""
size: 3
stride: 15, label: ""width""
size: 5
stride: 5]",0,4.0,0.027942420914769173,0.06300579011440277,0.30577364563941956,-0.018051447346806526,3.0,-0.009777024388313293,0.06258158385753632,0.3141464293003082,-0.5202152132987976,5.0,0.06566313654184341,0.06307688355445862,0.3154803216457367,0.5373362302780151
1692309239.0463045,"[label: ""height""
size: 3
stride: 15, label: ""width""
size: 5
stride: 5]",0,4.0,0.027942420914769173,0.06300579011440277,0.30577364563941956,-0.018051447346806526,3.0,-0.009777024388313293,0.06258158385753632,0.3141464293003082,-0.5202152132987976,5.0,0.06566313654184341,0.06307688355445862,0.3154803216457367,0.5373362302780151
1692309239.1349,"[label: ""height""
size: 3
stride: 15, label: ""width""
size: 5
stride: 5]",0,4.0,0.027942420914769173,0.06300579011440277,0.30577364563941956,-0.018051447346806526,3.0,-0.009842433966696262,0.06320612132549286,0.31664785742759705,-0.5083042979240417,5.0,0.06566313654184341,0.06307688355445862,0.3154803216457367,0.5373362302780151
1692309239.2436035,"[label: ""height""
size: 3
stride: 15, label: ""width""
size: 5
stride: 5]",0,4.0,0.027942420914769173,0.06300579011440277,0.30577364563941956,-0.018051447346806526,3.0,-0.009813585318624973,0.06300737708806992,0.315565288066864,-0.5119471549987793,5.0,0.06540139764547348,0.06296069920063019,0.31484541296958923,0.5292878746986389
1692309239.3446517,"[label: ""height""
size: 3
stride: 15, label: ""width""
size: 5
stride: 5]",0,4.0,0.027944320812821388,0.06317537277936935,0.3061421811580658,-0.049323778599500656,5.0,0.06513964384794235,0.06295716762542725,0.3148246109485626,0.5296859741210938,3.0,-0.01006101630628109,0.06268183887004852,0.31469598412513733,-0.5439555048942566
1692309239.509861,"[label: ""height""
size: 3
stride: 15, label: ""width""
size: 5
stride: 5]",0,4.0,0.027930527925491333,0.06277024000883102,0.3045892119407654,-0.04670017957687378,3.0,-0.00988001935184002,0.06364291161298752,0.3181111514568329,-0.4996843934059143,5.0,0.06566313654184341,0.06307688355445862,0.3154803216457367,0.5373362302780151
1692309239.566947,"[label: ""height""
size: 3
stride: 15, label: ""width""
size: 5
stride: 5]",0,4.0,0.028079841285943985,0.06274561583995819,0.3033950626850128,-0.03544510528445244,5.0,0.06565061956644058,0.06295354664325714,0.31480470299720764,0.5285499095916748,3.0,-0.009650863707065582,0.06376831233501434,0.31879112124443054,-0.525485098361969
1692309239.6398797,"[label: ""height""
size: 3
stride: 15, label: ""width""
size: 5
stride: 5]",0,4.0,0.028197355568408966,0.06311987340450287,0.3058759272098541,-0.022775661200284958,5.0,0.06565061956644058,0.06295354664325714,0.31480470299720764,0.5285499095916748,3.0,-0.009745401330292225,0.06356106698513031,0.31767502427101135,-0.5162443518638611
1692309239.74386,"[label: ""height""
size: 3
stride: 15, label: ""width""
size: 5
stride: 5]",0,4.0,0.028185615316033363,0.06326454877853394,0.3061298131942749,-0.056935954838991165,5.0,0.06565061956644058,0.06295354664325714,0.31480470299720764,0.5285499095916748,3.0,-0.00988001935184002,0.06364291161298752,0.3181111514568329,-0.4996843934059143
1692309239.8517573,"[label: ""height""
size: 3
stride: 15, label: ""width""
size: 5
stride: 5]",0,4.0,0.028197355568408966,0.06311987340450287,0.3058759272098541,-0.022775661200284958,5.0,0.06565061956644058,0.06295354664325714,0.31480470299720764,0.5285499095916748,3.0,-0.009745401330292225,0.06356106698513031,0.31767502427101135,-0.5162443518638611
1692309239.9527104,"[label: ""height""
size: 3
stride: 15, label: ""width""
size: 5
stride: 5]",0,4.0,0.028185615316033363,0.06326454877853394,0.3061298131942749,-0.056935954838991165,5.0,0.06565061956644058,0.06295354664325714,0.31480470299720764,0.5285499095916748,3.0,-0.009745401330292225,0.06356106698513031,0.31767502427101135,-0.5162443518638611
1692309240.039802,"[label: ""height""
size: 3
stride: 15, label: ""width""
size: 5
stride: 5]",0,4.0,0.028197355568408966,0.06311987340450287,0.3058759272098541,-0.022775661200284958,5.0,0.06565061956644058,0.06295354664325714,0.31480470299720764,0.5285499095916748,3.0,-0.009745401330292225,0.06356106698513031,0.31767502427101135,-0.5162443518638611
1692309240.1537232,"[label: ""height""
size: 3
stride: 15, label: ""width""
size: 5
stride: 5]",0,4.0,0.028197355568408966,0.06311987340450287,0.3058759272098541,-0.022775661200284958,5.0,0.06565061956644058,0.06295354664325714,0.31480470299720764,0.5285499095916748,3.0,-0.009745401330292225,0.06356106698513031,0.31767502427101135,-0.5162443518638611
1692309240.2530987,"[label: ""height""
size: 3
stride: 15, label: ""width""
size: 5
stride: 5]",0,4.0,0.028197355568408966,0.06311987340450287,0.3058759272098541,-0.022775661200284958,5.0,0.06565061956644058,0.06295354664325714,0.31480470299720764,0.5285499095916748,3.0,-0.009745401330292225,0.06356106698513031,0.31767502427101135,-0.5162443518638611
1692309240.3965414,"[label: ""height""
size: 3
stride: 15, label: ""width""
size: 5
stride: 5]",0,4.0,0.028197355568408966,0.06311987340450287,0.3058759272098541,-0.022775661200284958,5.0,0.06565061956644058,0.06295354664325714,0.31480470299720764,0.5285499095916748,3.0,-0.009745401330292225,0.06356106698513031,0.31767502427101135,-0.5162443518638611
1692309240.4976487,"[label: ""height""
size: 3
stride: 15, label: ""width""
size: 5
stride: 5]",0,4.0,0.028197355568408966,0.06311987340450287,0.3058759272098541,-0.022775661200284958,5.0,0.06566313654184341,0.06307688355445862,0.3154803216457367,0.5373362302780151,3.0,-0.009745401330292225,0.06356106698513031,0.31767502427101135,-0.5162443518638611
1692309240.5812128,"[label: ""height""
size: 3
stride: 15, label: ""width""
size: 5
stride: 5]",0,4.0,0.028185615316033363,0.06326454877853394,0.3061298131942749,-0.056935954838991165,5.0,0.06565061956644058,0.06295354664325714,0.31480470299720764,0.5285499095916748,3.0,-0.009745401330292225,0.06356106698513031,0.31767502427101135,-0.5162443518638611
1692309240.6859233,"[label: ""height""
size: 3
stride: 15, label: ""width""
size: 5
stride: 5]",0,4.0,0.028185615316033363,0.06326454877853394,0.3061298131942749,-0.056935954838991165,5.0,0.06565061956644058,0.06295354664325714,0.31480470299720764,0.5285499095916748,3.0,-0.009708601050078869,0.06312832236289978,0.3162280321121216,-0.5244487524032593
1692309240.8311577,"[label: ""height""
size: 3
stride: 15, label: ""width""
size: 5
stride: 5]",0,4.0,0.027930527925491333,0.06277024000883102,0.3045892119407654,-0.04670017957687378,5.0,0.06565061956644058,0.06295354664325714,0.31480470299720764,0.5285499095916748,3.0,-0.00988001935184002,0.06364291161298752,0.3181111514568329,-0.4996843934059143
1692309240.9009027,"[label: ""height""
size: 3
stride: 15, label: ""width""
size: 5
stride: 5]",0,4.0,0.028185615316033363,0.06326454877853394,0.3061298131942749,-0.056935954838991165,5.0,0.06565061956644058,0.06295354664325714,0.31480470299720764,0.5285499095916748,3.0,-0.009745401330292225,0.06356106698513031,0.31767502427101135,-0.5162443518638611
1692309240.9662242,"[label: ""height""
size: 3
stride: 15, label: ""width""
size: 5
stride: 5]",0,4.0,0.028185615316033363,0.06326454877853394,0.3061298131942749,-0.056935954838991165,5.0,0.06565061956644058,0.06295354664325714,0.31480470299720764,0.5285499095916748,3.0,-0.009745401330292225,0.06356106698513031,0.31767502427101135,-0.5162443518638611
1692309241.074047,"[label: ""height""
size: 3
stride: 15, label: ""width""
size: 5
stride: 5]",0,4.0,0.028185615316033363,0.06326454877853394,0.3061298131942749,-0.056935954838991165,5.0,0.06565061956644058,0.06295354664325714,0.31480470299720764,0.5285499095916748,3.0,-0.009745401330292225,0.06356106698513031,0.31767502427101135,-0.5162443518638611
1692309241.1582115,"[label: ""height""
size: 3
stride: 15, label: ""width""
size: 5
stride: 5]",0,4.0,0.028185615316033363,0.06326454877853394,0.3061298131942749,-0.056935954838991165,5.0,0.06565061956644058,0.06295354664325714,0.31480470299720764,0.5285499095916748,3.0,-0.009745401330292225,0.06356106698513031,0.31767502427101135,-0.5162443518638611
1692309241.322186,"[label: ""height""
size: 3
stride: 15, label: ""width""
size: 5
stride: 5]",0,4.0,0.028185615316033363,0.06326454877853394,0.3061298131942749,-0.056935954838991165,5.0,0.06565061956644058,0.06295354664325714,0.31480470299720764,0.5285499095916748,3.0,-0.009745401330292225,0.06356106698513031,0.31767502427101135,-0.5162443518638611
1692309241.368816,"[label: ""height""
size: 3
stride: 15, label: ""width""
size: 5
stride: 5]",0,4.0,0.028185615316033363,0.06326454877853394,0.3061298131942749,-0.056935954838991165,5.0,0.06565061956644058,0.06295354664325714,0.31480470299720764,0.5285499095916748,3.0,-0.009745401330292225,0.06356106698513031,0.31767502427101135,-0.5162443518638611
1692309241.4790375,"[label: ""height""
size: 3
stride: 15, label: ""width""
size: 5
stride: 5]",0,4.0,0.028185615316033363,0.06326454877853394,0.3061298131942749,-0.056935954838991165,5.0,0.06565061956644058,0.06295354664325714,0.31480470299720764,0.5285499095916748,3.0,-0.009745401330292225,0.06356106698513031,0.31767502427101135,-0.5162443518638611
1692309241.5587056,"[label: ""height""
size: 3
stride: 15, label: ""width""
size: 5
stride: 5]",0,4.0,0.028185615316033363,0.06326454877853394,0.3061298131942749,-0.056935954838991165,5.0,0.06565061956644058,0.06295354664325714,0.31480470299720764,0.5285499095916748,3.0,-0.009745401330292225,0.06356106698513031,0.31767502427101135,-0.5162443518638611
1692309241.696958,"[label: ""height""
size: 3
stride: 15, label: ""width""
size: 5
stride: 5]",0,4.0,0.028185615316033363,0.06326454877853394,0.3061298131942749,-0.056935954838991165,5.0,0.06565061956644058,0.06295354664325714,0.31480470299720764,0.5285499095916748,3.0,-0.009745401330292225,0.06356106698513031,0.31767502427101135,-0.5162443518638611
1692309241.8221307,"[label: ""height""
size: 3
stride: 15, label: ""width""
size: 5
stride: 5]",0,4.0,0.028185615316033363,0.06326454877853394,0.3061298131942749,-0.056935954838991165,5.0,0.06565061956644058,0.06295354664325714,0.31480470299720764,0.5285499095916748,3.0,-0.009745401330292225,0.06356106698513031,0.31767502427101135,-0.5162443518638611
1692309241.9018414,"[label: ""height""
size: 3
stride: 15, label: ""width""
size: 5
stride: 5]",0,4.0,0.028185615316033363,0.06326454877853394,0.3061298131942749,-0.056935954838991165,5.0,0.06565061956644058,0.06295354664325714,0.31480470299720764,0.5285499095916748,3.0,-0.009745401330292225,0.06356106698513031,0.31767502427101135,-0.5162443518638611
1692309241.987563,"[label: ""height""
size: 3
stride: 15, label: ""width""
size: 5
stride: 5]",0,4.0,0.028185615316033363,0.06326454877853394,0.3061298131942749,-0.056935954838991165,5.0,0.06565061956644058,0.06295354664325714,0.31480470299720764,0.5285499095916748,3.0,-0.009745401330292225,0.06356106698513031,0.31767502427101135,-0.5162443518638611
1692309242.0541723,"[label: ""height""
size: 3
stride: 15, label: ""width""
size: 5
stride: 5]",0,4.0,0.028185615316033363,0.06326454877853394,0.3061298131942749,-0.056935954838991165,5.0,0.06565061956644058,0.06295354664325714,0.31480470299720764,0.5285499095916748,3.0,-0.009745401330292225,0.06356106698513031,0.31767502427101135,-0.5162443518638611
1692309242.1525762,"[label: ""height""
size: 3
stride: 15, label: ""width""
size: 5
stride: 5]",0,4.0,0.028185615316033363,0.06326454877853394,0.3061298131942749,-0.056935954838991165,5.0,0.06565061956644058,0.06295354664325714,0.31480470299720764,0.5285499095916748,3.0,-0.009745401330292225,0.06356106698513031,0.31767502427101135,-0.5162443518638611
1692309242.2482193,"[label: ""height""
size: 3
stride: 15, label: ""width""
size: 5
stride: 5]",0,4.0,0.028185615316033363,0.06326454877853394,0.3061298131942749,-0.056935954838991165,5.0,0.06565061956644058,0.06295354664325714,0.31480470299720764,0.5285499095916748,3.0,-0.009745401330292225,0.06356106698513031,0.31767502427101135,-0.5162443518638611
1692309242.3383346,"[label: ""height""
size: 3
stride: 15, label: ""width""
size: 5
stride: 5]",0,4.0,0.028185615316033363,0.06326454877853394,0.3061298131942749,-0.056935954838991165,5.0,0.06565061956644058,0.06295354664325714,0.31480470299720764,0.5285499095916748,3.0,-0.009745401330292225,0.06356106698513031,0.31767502427101135,-0.5162443518638611
1692309242.467879,"[label: ""height""
size: 3
stride: 15, label: ""width""
size: 5
stride: 5]",0,4.0,0.028185615316033363,0.06326454877853394,0.3061298131942749,-0.056935954838991165,5.0,0.06565061956644058,0.06295354664325714,0.31480470299720764,0.5285499095916748,3.0,-0.009745401330292225,0.06356106698513031,0.31767502427101135,-0.5162443518638611
1692309242.558466,"[label: ""height""
size: 3
stride: 15, label: ""width""
size: 5
stride: 5]",0,4.0,0.028185615316033363,0.06326454877853394,0.3061298131942749,-0.056935954838991165,5.0,0.06565061956644058,0.06295354664325714,0.31480470299720764,0.5285499095916748,3.0,-0.009745401330292225,0.06356106698513031,0.31767502427101135,-0.5162443518638611
1692309242.661863,"[label: ""height""
size: 3
stride: 15, label: ""width""
size: 5
stride: 5]",0,4.0,0.028185615316033363,0.06326454877853394,0.3061298131942749,-0.056935954838991165,5.0,0.06565061956644058,0.06295354664325714,0.31480470299720764,0.5285499095916748,3.0,-0.009745401330292225,0.06356106698513031,0.31767502427101135,-0.5162443518638611
1692309242.768483,"[label: ""height""
size: 3
stride: 15, label: ""width""
size: 5
stride: 5]",0,4.0,0.028185615316033363,0.06326454877853394,0.3061298131942749,-0.056935954838991165,5.0,0.06565061956644058,0.06295354664325714,0.31480470299720764,0.5285499095916748,3.0,-0.009745401330292225,0.06356106698513031,0.31767502427101135,-0.5162443518638611
1692309242.8818114,"[label: ""height""
size: 3
stride: 15, label: ""width""
size: 5
stride: 5]",0,4.0,0.028185615316033363,0.06326454877853394,0.3061298131942749,-0.056935954838991165,5.0,0.06565061956644058,0.06295354664325714,0.31480470299720764,0.5285499095916748,3.0,-0.009745401330292225,0.06356106698513031,0.31767502427101135,-0.5162443518638611
1692309242.9819427,"[label: ""height""
size: 3
stride: 15, label: ""width""
size: 5
stride: 5]",0,4.0,0.028185615316033363,0.06326454877853394,0.3061298131942749,-0.056935954838991165,5.0,0.06565061956644058,0.06295354664325714,0.31480470299720764,0.5285499095916748,3.0,-0.009745401330292225,0.06356106698513031,0.31767502427101135,-0.5162443518638611
1692309243.0632493,"[label: ""height""
size: 3
stride: 15, label: ""width""
size: 5
stride: 5]",0,4.0,0.028185615316033363,0.06326454877853394,0.3061298131942749,-0.056935954838991165,5.0,0.06565061956644058,0.06295354664325714,0.31480470299720764,0.5285499095916748,3.0,-0.009745401330292225,0.06356106698513031,0.31767502427101135,-0.5162443518638611
1692309243.161263,"[label: ""height""
size: 3
stride: 15, label: ""width""
size: 5
stride: 5]",0,4.0,0.028185615316033363,0.06326454877853394,0.3061298131942749,-0.056935954838991165,5.0,0.06565061956644058,0.06295354664325714,0.31480470299720764,0.5285499095916748,3.0,-0.009745401330292225,0.06356106698513031,0.31767502427101135,-0.5162443518638611
1692309243.2729948,"[label: ""height""
size: 3
stride: 15, label: ""width""
size: 5
stride: 5]",0,4.0,0.028185615316033363,0.06326454877853394,0.3061298131942749,-0.056935954838991165,5.0,0.06565061956644058,0.06295354664325714,0.31480470299720764,0.5285499095916748,3.0,-0.009745401330292225,0.06356106698513031,0.31767502427101135,-0.5162443518638611
1692309243.3600752,"[label: ""height""
size: 3
stride: 15, label: ""width""
size: 5
stride: 5]",0,4.0,0.028185615316033363,0.06326454877853394,0.3061298131942749,-0.056935954838991165,5.0,0.06565061956644058,0.06295354664325714,0.31480470299720764,0.5285499095916748,3.0,-0.009745401330292225,0.06356106698513031,0.31767502427101135,-0.5162443518638611
1692309243.4618192,"[label: ""height""
size: 3
stride: 15, label: ""width""
size: 5
stride: 5]",0,4.0,0.028185615316033363,0.06326454877853394,0.3061298131942749,-0.056935954838991165,5.0,0.06565061956644058,0.06295354664325714,0.31480470299720764,0.5285499095916748,3.0,-0.009745401330292225,0.06356106698513031,0.31767502427101135,-0.5162443518638611
1692309243.5538821,"[label: ""height""
size: 3
stride: 15, label: ""width""
size: 5
stride: 5]",0,4.0,0.028185615316033363,0.06326454877853394,0.3061298131942749,-0.056935954838991165,5.0,0.06565061956644058,0.06295354664325714,0.31480470299720764,0.5285499095916748,3.0,-0.009745401330292225,0.06356106698513031,0.31767502427101135,-0.5162443518638611
1692309243.6645892,"[label: ""height""
size: 3
stride: 15, label: ""width""
size: 5
stride: 5]",0,4.0,0.028185615316033363,0.06326454877853394,0.3061298131942749,-0.056935954838991165,5.0,0.06565061956644058,0.06295354664325714,0.31480470299720764,0.5285499095916748,3.0,-0.009745401330292225,0.06356106698513031,0.31767502427101135,-0.5162443518638611
1692309243.7581458,"[label: ""height""
size: 3
stride: 15, label: ""width""
size: 5
stride: 5]",0,4.0,0.028185615316033363,0.06326454877853394,0.3061298131942749,-0.056935954838991165,5.0,0.06565061956644058,0.06295354664325714,0.31480470299720764,0.5285499095916748,3.0,-0.009745401330292225,0.06356106698513031,0.31767502427101135,-0.5162443518638611
1692309243.8816216,"[label: ""height""
size: 3
stride: 15, label: ""width""
size: 5
stride: 5]",0,4.0,0.028185615316033363,0.06326454877853394,0.3061298131942749,-0.056935954838991165,5.0,0.06565061956644058,0.06295354664325714,0.31480470299720764,0.5285499095916748,3.0,-0.009745401330292225,0.06356106698513031,0.31767502427101135,-0.5162443518638611
1692309243.958151,"[label: ""height""
size: 3
stride: 15, label: ""width""
size: 5
stride: 5]",0,4.0,0.028185615316033363,0.06326454877853394,0.3061298131942749,-0.056935954838991165,5.0,0.06565061956644058,0.06295354664325714,0.31480470299720764,0.5285499095916748,3.0,-0.009745401330292225,0.06356106698513031,0.31767502427101135,-0.5162443518638611
1692309244.107675,"[label: ""height""
size: 3
stride: 15, label: ""width""
size: 5
stride: 5]",0,4.0,0.028185615316033363,0.06326454877853394,0.3061298131942749,-0.056935954838991165,5.0,0.06565061956644058,0.06295354664325714,0.31480470299720764,0.5285499095916748,3.0,-0.009745401330292225,0.06356106698513031,0.31767502427101135,-0.5162443518638611
1692309244.1559594,"[label: ""height""
size: 3
stride: 15, label: ""width""
size: 5
stride: 5]",0,4.0,0.028185615316033363,0.06326454877853394,0.3061298131942749,-0.056935954838991165,5.0,0.06565061956644058,0.06295354664325714,0.31480470299720764,0.5285499095916748,3.0,-0.009745401330292225,0.06356106698513031,0.31767502427101135,-0.5162443518638611
1692309244.2633955,"[label: ""height""
size: 3
stride: 15, label: ""width""
size: 5
stride: 5]",0,4.0,0.028185615316033363,0.06326454877853394,0.3061298131942749,-0.056935954838991165,5.0,0.06566313654184341,0.06307688355445862,0.3154803216457367,0.5373362302780151,3.0,-0.009745401330292225,0.06356106698513031,0.31767502427101135,-0.5162443518638611
1692309244.3624618,"[label: ""height""
size: 3
stride: 15, label: ""width""
size: 5
stride: 5]",0,4.0,0.028185615316033363,0.06326454877853394,0.3061298131942749,-0.056935954838991165,5.0,0.06565061956644058,0.06295354664325714,0.31480470299720764,0.5285499095916748,3.0,-0.009745401330292225,0.06356106698513031,0.31767502427101135,-0.5162443518638611
1692309244.4535136,"[label: ""height""
size: 3
stride: 15, label: ""width""
size: 5
stride: 5]",0,4.0,0.028185615316033363,0.06326454877853394,0.3061298131942749,-0.056935954838991165,5.0,0.06565061956644058,0.06295354664325714,0.31480470299720764,0.5285499095916748,3.0,-0.009745401330292225,0.06356106698513031,0.31767502427101135,-0.5162443518638611
1692309244.5644028,"[label: ""height""
size: 3
stride: 15, label: ""width""
size: 5
stride: 5]",0,4.0,0.028185615316033363,0.06326454877853394,0.3061298131942749,-0.056935954838991165,5.0,0.06565061956644058,0.06295354664325714,0.31480470299720764,0.5285499095916748,3.0,-0.009745401330292225,0.06356106698513031,0.31767502427101135,-0.5162443518638611
1692309244.6652613,"[label: ""height""
size: 3
stride: 15, label: ""width""
size: 5
stride: 5]",0,4.0,0.028185615316033363,0.06326454877853394,0.3061298131942749,-0.056935954838991165,5.0,0.06565061956644058,0.06295354664325714,0.31480470299720764,0.5285499095916748,3.0,-0.009745401330292225,0.06356106698513031,0.31767502427101135,-0.5162443518638611
1692309244.7629113,"[label: ""height""
size: 3
stride: 15, label: ""width""
size: 5
stride: 5]",0,4.0,0.028185615316033363,0.06326454877853394,0.3061298131942749,-0.056935954838991165,5.0,0.06565061956644058,0.06295354664325714,0.31480470299720764,0.5285499095916748,3.0,-0.009745401330292225,0.06356106698513031,0.31767502427101135,-0.5162443518638611
1692309244.8740509,"[label: ""height""
size: 3
stride: 15, label: ""width""
size: 5
stride: 5]",0,4.0,0.028185615316033363,0.06326454877853394,0.3061298131942749,-0.056935954838991165,5.0,0.06565061956644058,0.06295354664325714,0.31480470299720764,0.5285499095916748,3.0,-0.009745401330292225,0.06356106698513031,0.31767502427101135,-0.5162443518638611
1692309244.9603388,"[label: ""height""
size: 3
stride: 15, label: ""width""
size: 5
stride: 5]",0,4.0,0.028185615316033363,0.06326454877853394,0.3061298131942749,-0.056935954838991165,5.0,0.06565061956644058,0.06295354664325714,0.31480470299720764,0.5285499095916748,3.0,-0.009745401330292225,0.06356106698513031,0.31767502427101135,-0.5162443518638611
1692309245.061302,"[label: ""height""
size: 3
stride: 15, label: ""width""
size: 5
stride: 5]",0,4.0,0.028185615316033363,0.06326454877853394,0.3061298131942749,-0.056935954838991165,5.0,0.06565061956644058,0.06295354664325714,0.31480470299720764,0.5285499095916748,3.0,-0.009745401330292225,0.06356106698513031,0.31767502427101135,-0.5162443518638611
1692309245.1483634,"[label: ""height""
size: 3
stride: 15, label: ""width""
size: 5
stride: 5]",0,4.0,0.028185615316033363,0.06326454877853394,0.3061298131942749,-0.056935954838991165,5.0,0.06565061956644058,0.06295354664325714,0.31480470299720764,0.5285499095916748,3.0,-0.009745401330292225,0.06356106698513031,0.31767502427101135,-0.5162443518638611
1692309245.2446318,"[label: ""height""
size: 3
stride: 15, label: ""width""
size: 5
stride: 5]",0,4.0,0.028185615316033363,0.06326454877853394,0.3061298131942749,-0.056935954838991165,5.0,0.06565061956644058,0.06295354664325714,0.31480470299720764,0.5285499095916748,3.0,-0.009745401330292225,0.06356106698513031,0.31767502427101135,-0.5162443518638611
1692309245.3544493,"[label: ""height""
size: 3
stride: 15, label: ""width""
size: 5
stride: 5]",0,4.0,0.028185615316033363,0.06326454877853394,0.3061298131942749,-0.056935954838991165,5.0,0.06565061956644058,0.06295354664325714,0.31480470299720764,0.5285499095916748,3.0,-0.009745401330292225,0.06356106698513031,0.31767502427101135,-0.5162443518638611
1692309245.46231,"[label: ""height""
size: 3
stride: 15, label: ""width""
size: 5
stride: 5]",0,4.0,0.028185615316033363,0.06326454877853394,0.3061298131942749,-0.056935954838991165,5.0,0.06565061956644058,0.06295354664325714,0.31480470299720764,0.5285499095916748,3.0,-0.009745401330292225,0.06356106698513031,0.31767502427101135,-0.5162443518638611
1692309245.550743,"[label: ""height""
size: 3
stride: 15, label: ""width""
size: 5
stride: 5]",0,4.0,0.028185615316033363,0.06326454877853394,0.3061298131942749,-0.056935954838991165,5.0,0.06565061956644058,0.06295354664325714,0.31480470299720764,0.5285499095916748,3.0,-0.009745401330292225,0.06356106698513031,0.31767502427101135,-0.5162443518638611
1692309245.6550705,"[label: ""height""
size: 3
stride: 15, label: ""width""
size: 5
stride: 5]",0,4.0,0.028185615316033363,0.06326454877853394,0.3061298131942749,-0.056935954838991165,5.0,0.06565061956644058,0.06295354664325714,0.31480470299720764,0.5285499095916748,3.0,-0.009745401330292225,0.06356106698513031,0.31767502427101135,-0.5162443518638611
1692309245.7522595,"[label: ""height""
size: 3
stride: 15, label: ""width""
size: 5
stride: 5]",0,4.0,0.028185615316033363,0.06326454877853394,0.3061298131942749,-0.056935954838991165,5.0,0.06565061956644058,0.06295354664325714,0.31480470299720764,0.5285499095916748,3.0,-0.009745401330292225,0.06356106698513031,0.31767502427101135,-0.5162443518638611
1692309245.8549488,"[label: ""height""
size: 3
stride: 15, label: ""width""
size: 5
stride: 5]",0,4.0,0.028185615316033363,0.06326454877853394,0.3061298131942749,-0.056935954838991165,5.0,0.06565061956644058,0.06295354664325714,0.31480470299720764,0.5285499095916748,3.0,-0.009745401330292225,0.06356106698513031,0.31767502427101135,-0.5162443518638611
1692309245.9615335,"[label: ""height""
size: 3
stride: 15, label: ""width""
size: 5
stride: 5]",0,4.0,0.028185615316033363,0.06326454877853394,0.3061298131942749,-0.056935954838991165,5.0,0.06565061956644058,0.06295354664325714,0.31480470299720764,0.5285499095916748,3.0,-0.009745401330292225,0.06356106698513031,0.31767502427101135,-0.5162443518638611
1692309246.0505936,"[label: ""height""
size: 3
stride: 15, label: ""width""
size: 5
stride: 5]",0,4.0,0.028185615316033363,0.06326454877853394,0.3061298131942749,-0.056935954838991165,5.0,0.06565061956644058,0.06295354664325714,0.31480470299720764,0.5285499095916748,3.0,-0.009745401330292225,0.06356106698513031,0.31767502427101135,-0.5162443518638611
1692309246.1472213,"[label: ""height""
size: 3
stride: 15, label: ""width""
size: 5
stride: 5]",0,4.0,0.028185615316033363,0.06326454877853394,0.3061298131942749,-0.056935954838991165,5.0,0.06565061956644058,0.06295354664325714,0.31480470299720764,0.5285499095916748,3.0,-0.009745401330292225,0.06356106698513031,0.31767502427101135,-0.5162443518638611
1692309246.2536676,"[label: ""height""
size: 3
stride: 15, label: ""width""
size: 5
stride: 5]",0,4.0,0.028185615316033363,0.06326454877853394,0.3061298131942749,-0.056935954838991165,5.0,0.06565061956644058,0.06295354664325714,0.31480470299720764,0.5285499095916748,3.0,-0.009745401330292225,0.06356106698513031,0.31767502427101135,-0.5162443518638611
1692309246.3496318,"[label: ""height""
size: 3
stride: 15, label: ""width""
size: 5
stride: 5]",0,4.0,0.028185615316033363,0.06326454877853394,0.3061298131942749,-0.056935954838991165,5.0,0.06565061956644058,0.06295354664325714,0.31480470299720764,0.5285499095916748,3.0,-0.009745401330292225,0.06356106698513031,0.31767502427101135,-0.5162443518638611
1692309246.4684613,"[label: ""height""
size: 3
stride: 15, label: ""width""
size: 5
stride: 5]",0,4.0,0.028185615316033363,0.06326454877853394,0.3061298131942749,-0.056935954838991165,5.0,0.06565061956644058,0.06295354664325714,0.31480470299720764,0.5285499095916748,3.0,-0.009745401330292225,0.06356106698513031,0.31767502427101135,-0.5162443518638611
1692309246.5571158,"[label: ""height""
size: 3
stride: 15, label: ""width""
size: 5
stride: 5]",0,4.0,0.028185615316033363,0.06326454877853394,0.3061298131942749,-0.056935954838991165,5.0,0.06565061956644058,0.06295354664325714,0.31480470299720764,0.5285499095916748,3.0,-0.009745401330292225,0.06356106698513031,0.31767502427101135,-0.5162443518638611
1692309246.6556118,"[label: ""height""
size: 3
stride: 15, label: ""width""
size: 5
stride: 5]",0,4.0,0.028185615316033363,0.06326454877853394,0.3061298131942749,-0.056935954838991165,5.0,0.06565061956644058,0.06295354664325714,0.31480470299720764,0.5285499095916748,3.0,-0.009745401330292225,0.06356106698513031,0.31767502427101135,-0.5162443518638611
1692309246.7544467,"[label: ""height""
size: 3
stride: 15, label: ""width""
size: 5
stride: 5]",0,4.0,0.028185615316033363,0.06326454877853394,0.3061298131942749,-0.056935954838991165,5.0,0.06565061956644058,0.06295354664325714,0.31480470299720764,0.5285499095916748,3.0,-0.009745401330292225,0.06356106698513031,0.31767502427101135,-0.5162443518638611
1692309246.8565915,"[label: ""height""
size: 3
stride: 15, label: ""width""
size: 5
stride: 5]",0,4.0,0.028185615316033363,0.06326454877853394,0.3061298131942749,-0.056935954838991165,5.0,0.06565061956644058,0.06295354664325714,0.31480470299720764,0.5285499095916748,3.0,-0.009745401330292225,0.06356106698513031,0.31767502427101135,-0.5162443518638611
1692309246.937578,"[label: ""height""
size: 3
stride: 15, label: ""width""
size: 5
stride: 5]",0,4.0,0.028185615316033363,0.06326454877853394,0.3061298131942749,-0.056935954838991165,5.0,0.06565061956644058,0.06295354664325714,0.31480470299720764,0.5285499095916748,3.0,-0.009745401330292225,0.06356106698513031,0.31767502427101135,-0.5162443518638611
1692309247.0766144,"[label: ""height""
size: 3
stride: 15, label: ""width""
size: 5
stride: 5]",0,4.0,0.028185615316033363,0.06326454877853394,0.3061298131942749,-0.056935954838991165,5.0,0.06565061956644058,0.06295354664325714,0.31480470299720764,0.5285499095916748,3.0,-0.009745401330292225,0.06356106698513031,0.31767502427101135,-0.5162443518638611
1692309247.1386852,"[label: ""height""
size: 3
stride: 15, label: ""width""
size: 5
stride: 5]",0,4.0,0.028185615316033363,0.06326454877853394,0.3061298131942749,-0.056935954838991165,5.0,0.06565061956644058,0.06295354664325714,0.31480470299720764,0.5285499095916748,3.0,-0.009745401330292225,0.06356106698513031,0.31767502427101135,-0.5162443518638611
1692309247.2529056,"[label: ""height""
size: 3
stride: 15, label: ""width""
size: 5
stride: 5]",0,4.0,0.028185615316033363,0.06326454877853394,0.3061298131942749,-0.056935954838991165,5.0,0.06565061956644058,0.06295354664325714,0.31480470299720764,0.5285499095916748,3.0,-0.009745401330292225,0.06356106698513031,0.31767502427101135,-0.5162443518638611
1692309247.3502965,"[label: ""height""
size: 3
stride: 15, label: ""width""
size: 5
stride: 5]",0,4.0,0.028185615316033363,0.06326454877853394,0.3061298131942749,-0.056935954838991165,5.0,0.06565061956644058,0.06295354664325714,0.31480470299720764,0.5285499095916748,3.0,-0.009745401330292225,0.06356106698513031,0.31767502427101135,-0.5162443518638611
1692309247.4549646,"[label: ""height""
size: 3
stride: 15, label: ""width""
size: 5
stride: 5]",0,4.0,0.028185615316033363,0.06326454877853394,0.3061298131942749,-0.056935954838991165,5.0,0.06565061956644058,0.06295354664325714,0.31480470299720764,0.5285499095916748,3.0,-0.009745401330292225,0.06356106698513031,0.31767502427101135,-0.5162443518638611
1692309247.5470164,"[label: ""height""
size: 3
stride: 15, label: ""width""
size: 5
stride: 5]",0,4.0,0.028185615316033363,0.06326454877853394,0.3061298131942749,-0.056935954838991165,5.0,0.06565061956644058,0.06295354664325714,0.31480470299720764,0.5285499095916748,3.0,-0.009745401330292225,0.06356106698513031,0.31767502427101135,-0.5162443518638611
1692309247.6566231,"[label: ""height""
size: 3
stride: 15, label: ""width""
size: 5
stride: 5]",0,4.0,0.02840244024991989,0.06307827681303024,0.3051527142524719,-0.0005628718645311892,5.0,0.06600242853164673,0.06343604624271393,0.3165198862552643,0.5217128992080688,3.0,-0.009650863707065582,0.06376831233501434,0.31879112124443054,-0.525485098361969
1692309247.7597947,"[label: ""height""
size: 3
stride: 15, label: ""width""
size: 5
stride: 5]",0,4.0,0.02840244024991989,0.06307827681303024,0.3051527142524719,-0.0005628718645311892,5.0,0.06600242853164673,0.06343604624271393,0.3165198862552643,0.5217128992080688,3.0,-0.009650863707065582,0.06376831233501434,0.31879112124443054,-0.525485098361969
1692309247.8739762,"[label: ""height""
size: 3
stride: 15, label: ""width""
size: 5
stride: 5]",0,4.0,0.028535539284348488,0.06362850964069366,0.30811607837677,-0.015807384625077248,3.0,-0.009745401330292225,0.06356106698513031,0.31767502427101135,-0.5162443518638611,5.0,0.06600242853164673,0.06343604624271393,0.3165198862552643,0.5217128992080688
1692309247.961549,"[label: ""height""
size: 3
stride: 15, label: ""width""
size: 5
stride: 5]",0,4.0,0.02844790369272232,0.06317966431379318,0.30616429448127747,-0.049397602677345276,3.0,-0.009611336514353752,0.0633123442530632,0.3172290623188019,-0.5340105891227722,5.0,0.06565061956644058,0.06295354664325714,0.31480470299720764,0.5285499095916748
1692309248.058906,"[label: ""height""
size: 3
stride: 15, label: ""width""
size: 5
stride: 5]",0,4.0,0.02857370115816593,0.06356892734766006,0.30873316526412964,-0.036459002643823624,3.0,-0.00946345366537571,0.062977634370327,0.3167743980884552,-0.5209931135177612,5.0,0.06654050201177597,0.06367971003055573,0.3197650909423828,0.5225136876106262
1692309248.1563177,"[label: ""height""
size: 3
stride: 15, label: ""width""
size: 5
stride: 5]",0,4.0,0.028574269264936447,0.06306483596563339,0.3087417483329773,-0.036685213446617126,3.0,-0.009358789771795273,0.0631132572889328,0.31806427240371704,-0.5014868974685669,5.0,0.06601274758577347,0.06303928792476654,0.3171868920326233,0.530680239200592
1692309248.2604606,"[label: ""height""
size: 3
stride: 15, label: ""width""
size: 5
stride: 5]",0,4.0,0.028851062059402466,0.06342344731092453,0.31059208512306213,-0.05843571946024895,3.0,-0.009200923144817352,0.06371204555034637,0.3218066990375519,-0.5104629993438721,5.0,0.06632562726736069,0.06307782977819443,0.3193369209766388,0.5350673794746399
1692309248.3548307,"[label: ""height""
size: 3
stride: 15, label: ""width""
size: 5
stride: 5]",0,4.0,0.029067665338516235,0.0627247542142868,0.30957505106925964,-0.0005847558495588601,3.0,-0.008830775506794453,0.06361216306686401,0.32323625683784485,-0.48991015553474426,5.0,0.06694560497999191,0.06354360282421112,0.3223704397678375,0.5239555239677429
1692309248.459416,"[label: ""height""
size: 3
stride: 15, label: ""width""
size: 5
stride: 5]",0,4.0,0.029752416536211967,0.06338974088430405,0.3141269087791443,-0.00059369090013206,3.0,-0.008694597519934177,0.0632423684000969,0.32270002365112305,-0.5088804960250854,5.0,0.06700849533081055,0.0630640983581543,0.3226477801799774,0.5451391339302063
1692309248.5509262,"[label: ""height""
size: 3
stride: 15, label: ""width""
size: 5
stride: 5]",0,4.0,0.02976667881011963,0.06271407753229141,0.3133082389831543,-0.038010966032743454,5.0,0.06755995005369186,0.0633271113038063,0.32468119263648987,0.5495713353157043,3.0,-0.008146511390805244,0.0626392811536789,0.3217039108276367,-0.5141369104385376
1692309248.6453426,"[label: ""height""
size: 3
stride: 15, label: ""width""
size: 5
stride: 5]",0,4.0,0.030240928754210472,0.06267789751291275,0.3136093020439148,0.023299505934119225,3.0,-0.007991119287908077,0.06330501288175583,0.32648754119873047,-0.5199300646781921,5.0,0.06727556884288788,0.06266619265079498,0.32395344972610474,0.5415339469909668
1692309248.7335525,"[label: ""height""
size: 3
stride: 15, label: ""width""
size: 5
stride: 5]",0,4.0,0.030344916507601738,0.06293801963329315,0.3172925114631653,0.03417780250310898,3.0,-0.00774646969512105,0.06329082697629929,0.3284555673599243,-0.4812961220741272,5.0,0.0679444819688797,0.06340525299310684,0.32918497920036316,0.53597092628479
1692309248.8372614,"[label: ""height""
size: 3
stride: 15, label: ""width""
size: 5
stride: 5]",0,4.0,0.030430356040596962,0.06282930821180344,0.3182804584503174,0.023724213242530823,3.0,-0.007532523944973946,0.06331629306077957,0.3306693732738495,-0.5003306865692139,5.0,0.06772319227457047,0.06278795003890991,0.3287429213523865,0.5486894845962524
1692309248.9389465,"[label: ""height""
size: 3
stride: 15, label: ""width""
size: 5
stride: 5]",0,4.0,0.03050936944782734,0.062441471964120865,0.31955069303512573,-0.020739637315273285,3.0,-0.007581310346722603,0.06342274695634842,0.3333766460418701,-0.487299382686615,5.0,0.0689363032579422,0.06349170207977295,0.33538275957107544,0.5388626456260681
1692309249.0481248,"[label: ""height""
size: 3
stride: 15, label: ""width""
size: 5
stride: 5]",0,4.0,0.03097718209028244,0.06305515021085739,0.32580605149269104,-0.015914475545287132,3.0,-0.007227745372802019,0.06328357756137848,0.3362480103969574,-0.48816952109336853,5.0,0.06858392059803009,0.06340530514717102,0.3370295464992523,0.5456302165985107
1692309249.1379805,"[label: ""height""
size: 3
stride: 15, label: ""width""
size: 5
stride: 5]",0,4.0,0.031394682824611664,0.06281638890504837,0.32862362265586853,-0.0006514622364193201,3.0,-0.006839378271251917,0.06291364878416061,0.33729130029678345,-0.4992837905883789,5.0,0.068575419485569,0.06296098977327347,0.33766263723373413,0.5553731322288513
1692309249.2345617,"[label: ""height""
size: 3
stride: 15, label: ""width""
size: 5
stride: 5]",0,4.0,0.031558454036712646,0.06302714347839355,0.33194980025291443,-0.019666697829961777,3.0,-0.006838042754679918,0.06234654784202576,0.3372054994106293,-0.4997570216655731,5.0,0.06899914145469666,0.06304419785737991,0.34257885813713074,0.5410645604133606
1692309249.3545892,"[label: ""height""
size: 3
stride: 15, label: ""width""
size: 5
stride: 5]",0,4.0,0.03161169961094856,0.06297765672206879,0.333757221698761,-0.000662271399050951,3.0,-0.006924750283360481,0.0629863515496254,0.34279629588127136,-0.4722234606742859,5.0,0.06887156516313553,0.06302803009748459,0.3447479009628296,0.5594319105148315
1692309249.4562314,"[label: ""height""
size: 3
stride: 15, label: ""width""
size: 5
stride: 5]",0,4.0,0.03129005432128906,0.0629662573337555,0.3380820155143738,-0.04362912103533745,3.0,-0.006866903509944677,0.06297705322504044,0.3466522693634033,-0.5010643601417542,5.0,0.06890560686588287,0.06312274187803268,0.3492741286754608,0.5466103553771973
1692309249.5340354,"[label: ""height""
size: 3
stride: 15, label: ""width""
size: 5
stride: 5]",0,4.0,0.031263891607522964,0.062171414494514465,0.33884313702583313,0.0021031848154962063,3.0,-0.006937752477824688,0.06297128647565842,0.3512967824935913,-0.47774338722229004,5.0,0.069212906062603,0.06309009343385696,0.3537975549697876,0.5577710270881653
1692309249.6446846,"[label: ""height""
size: 3
stride: 15, label: ""width""
size: 5
stride: 5]",0,4.0,0.03150221332907677,0.06275146454572678,0.34452083706855774,-0.0006859166314825416,3.0,-0.0071089379489421844,0.06259910762310028,0.3525186777114868,-0.48745593428611755,5.0,0.06862324476242065,0.062501460313797,0.3537418842315674,0.5591893792152405
1692309249.7538388,"[label: ""height""
size: 3
stride: 15, label: ""width""
size: 5
stride: 5]",0,4.0,0.03157677501440048,0.06276553869247437,0.34802091121673584,0.045494627207517624,3.0,-0.006951020564883947,0.06334607303142548,0.3601405620574951,-0.48360276222229004,5.0,0.06802807748317719,0.06202816963195801,0.35440731048583984,0.5706927180290222
1692309249.8521135,"[label: ""height""
size: 3
stride: 15, label: ""width""
size: 5
stride: 5]",0,4.0,0.031157897785305977,0.06234601512551308,0.35016709566116333,-0.0006988454842939973,3.0,-0.006970643065869808,0.06284786015748978,0.3614237904548645,-0.479051798582077,5.0,0.0692574605345726,0.06341002136468887,0.36564093828201294,0.5385801196098328
1692309249.9514832,"[label: ""height""
size: 3
stride: 15, label: ""width""
size: 5
stride: 5]",0,4.0,0.03138542175292969,0.0625101774930954,0.35600173473358154,-0.0007112914463505149,3.0,-0.007027619518339634,0.0627678781747818,0.36527496576309204,-0.45768919587135315,5.0,0.06896060705184937,0.06276782602071762,0.36723780632019043,0.560139536857605
1692309250.0548136,"[label: ""height""
size: 3
stride: 15, label: ""width""
size: 5
stride: 5]",0,4.0,0.031104538589715958,0.06213114410638809,0.35731229186058044,0.04971661418676376,3.0,-0.007077689748257399,0.06235682591795921,0.36647894978523254,-0.5212884545326233,5.0,0.06888944655656815,0.0629546269774437,0.37177765369415283,0.5485515594482422
1692309250.1410086,"[label: ""height""
size: 3
stride: 15, label: ""width""
size: 5
stride: 5]",0,4.0,0.031009089201688766,0.06222948804497719,0.36177024245262146,0.0032927521970123053,3.0,-0.007163512986153364,0.0624004565179348,0.37203726172447205,-0.4960264265537262,5.0,0.06907811015844345,0.06291638314723969,0.3761438727378845,0.5621182322502136
1692309250.2386582,"[label: ""height""
size: 3
stride: 15, label: ""width""
size: 5
stride: 5]",0,4.0,0.031226295977830887,0.06177348643541336,0.3671132028102875,-0.09431426972150803,3.0,-0.006941710598766804,0.06239618360996246,0.3766767680644989,-0.5085903406143188,5.0,0.06957857310771942,0.06302385032176971,0.38235700130462646,0.5453414916992188
1692309250.3364859,"[label: ""height""
size: 3
stride: 15, label: ""width""
size: 5
stride: 5]",0,4.0,0.03168931230902672,0.06261587888002396,0.37201327085494995,-0.05149995908141136,3.0,-0.0067085144110023975,0.06307663768529892,0.3834059238433838,-0.44181329011917114,5.0,0.0691351369023323,0.0627208948135376,0.3824869692325592,0.5604034066200256
1692309250.4467402,"[label: ""height""
size: 3
stride: 15, label: ""width""
size: 5
stride: 5]",0,4.0,0.03150185942649841,0.062423378229141235,0.37473320960998535,-0.0007524620741605759,3.0,-0.006893815007060766,0.06247527524828911,0.38358771800994873,-0.49693483114242554,5.0,0.06901811063289642,0.06255044043064117,0.386242151260376,0.5636152029037476
1692309250.541201,"[label: ""height""
size: 3
stride: 15, label: ""width""
size: 5
stride: 5]",0,4.0,0.031751763075590134,0.06260062009096146,0.38142290711402893,-0.0007668232428841293,3.0,-0.006825063843280077,0.06259720772504807,0.3893504738807678,-0.48815035820007324,5.0,0.06908439099788666,0.0625297799706459,0.39113980531692505,0.5639797449111938
1692309250.6607397,"[label: ""height""
size: 3
stride: 15, label: ""width""
size: 5
stride: 5]",0,4.0,0.03112678974866867,0.06197585538029671,0.38142260909080505,-0.0007680375128984451,3.0,-0.007558930199593306,0.06329527497291565,0.395633727312088,-0.45715466141700745,5.0,0.06841927021741867,0.062482841312885284,0.39377400279045105,0.571824312210083
1692309250.7615702,"[label: ""height""
size: 3
stride: 15, label: ""width""
size: 5
stride: 5]",0,4.0,0.02992393635213375,0.0618574321269989,0.38225674629211426,-0.024910667911171913,3.0,-0.008204180747270584,0.06262997537851334,0.3955153822898865,-0.45619869232177734,5.0,0.06786184757947922,0.06283252686262131,0.40006688237190247,0.5588728785514832
1692309250.8767173,"[label: ""height""
size: 3
stride: 15, label: ""width""
size: 5
stride: 5]",0,4.0,0.02962210401892662,0.06274224817752838,0.392995685338974,-0.039139360189437866,3.0,-0.009283240884542465,0.06285546720027924,0.400130033493042,-0.472703218460083,5.0,0.06702465564012527,0.06294198334217072,0.4039331376552582,0.564217746257782
1692309250.9859428,"[label: ""height""
size: 3
stride: 15, label: ""width""
size: 5
stride: 5]",0,4.0,0.02890762872993946,0.062450140714645386,0.3933242857456207,0.040428731590509415,3.0,-0.009735547937452793,0.06350817531347275,0.4054223895072937,-0.4849391579627991,5.0,0.06635312736034393,0.062271229922771454,0.4038694500923157,0.5656785368919373
1692309251.0612788,"[label: ""height""
size: 3
stride: 15, label: ""width""
size: 5
stride: 5]",0,4.0,0.028390508145093918,0.06297411769628525,0.3955407738685608,-0.0007345295744016767,3.0,-0.010198754258453846,0.06333640217781067,0.40422987937927246,-0.47005465626716614,5.0,0.06608021259307861,0.06311819702386856,0.40833476185798645,0.5842820405960083
1692309251.1528375,"[label: ""height""
size: 3
stride: 15, label: ""width""
size: 5
stride: 5]",0,4.0,0.02758757211267948,0.06220629811286926,0.39254581928253174,0.06979937851428986,3.0,-0.010354413650929928,0.06288552284240723,0.4034262001514435,-0.49319276213645935,5.0,0.0658876895904541,0.06358961015939713,0.4124279320240021,0.5600192546844482
1692309251.2515712,"[label: ""height""
size: 3
stride: 15, label: ""width""
size: 5
stride: 5]",0,4.0,0.027712620794773102,0.06207618489861488,0.39471787214279175,0.03450697660446167,3.0,-0.010460494086146355,0.06279051303863525,0.4081976115703583,-0.47051939368247986,5.0,0.065534308552742,0.06290005892515182,0.4123266935348511,0.5607802271842957
1692309251.3430173,"[label: ""height""
size: 3
stride: 15, label: ""width""
size: 5
stride: 5]",0,4.0,0.027935504913330078,0.06317164748907089,0.40300050377845764,-0.0007372414111159742,3.0,-0.010620445013046265,0.06269510090351105,0.4075370728969574,-0.4928843379020691,5.0,0.0654832124710083,0.06300094723701477,0.41306164860725403,0.5735472440719604
1692309251.4435313,"[label: ""height""
size: 3
stride: 15, label: ""width""
size: 5
stride: 5]",0,4.0,0.027809988707304,0.06264010071754456,0.4007231593132019,0.04198507219552994,3.0,-0.011099220253527164,0.06365322321653366,0.41368770599365234,-0.4674896001815796,5.0,0.06526771187782288,0.06314060091972351,0.4149570167064667,0.5555102825164795
1692309251.56464,"[label: ""height""
size: 3
stride: 15, label: ""width""
size: 5
stride: 5]",0,4.0,0.026403440162539482,0.061950333416461945,0.39900121092796326,-0.13478702306747437,3.0,-0.011775324121117592,0.06364866346120834,0.41365575790405273,-0.4660945534706116,5.0,0.06455505639314651,0.06326141953468323,0.41582852602005005,0.5694636106491089
1692309251.6656933,"[label: ""height""
size: 3
stride: 15, label: ""width""
size: 5
stride: 5]",0,4.0,0.026461921632289886,0.06215488538146019,0.39972424507141113,0.08317120373249054,3.0,-0.012058121152222157,0.06313186138868332,0.4115082919597626,-0.47378116846084595,5.0,0.0640082135796547,0.06307188421487808,0.4144722521305084,0.5738062262535095
1692309251.7525914,"[label: ""height""
size: 3
stride: 15, label: ""width""
size: 5
stride: 5]",0,4.0,0.026614835485816002,0.06251142174005508,0.4029994308948517,-0.0007239968399517238,3.0,-0.012269406579434872,0.06298374384641647,0.4128299653530121,-0.48665717244148254,5.0,0.06344833225011826,0.06231825053691864,0.4130195677280426,0.5776196122169495
1692309251.8513029,"[label: ""height""
size: 3
stride: 15, label: ""width""
size: 5
stride: 5]",0,4.0,0.0264604352414608,0.06149603798985481,0.39969584345817566,0.0836799144744873,3.0,-0.012215152382850647,0.06235546991229057,0.4107877314090729,-0.49626320600509644,5.0,0.06395655870437622,0.062322624027729034,0.41637006402015686,0.5677803754806519
1692309251.9556746,"[label: ""height""
size: 3
stride: 15, label: ""width""
size: 5
stride: 5]",0,4.0,0.025178397074341774,0.061523061245679855,0.3962273597717285,-0.022103186696767807,3.0,-0.012944241985678673,0.06298033893108368,0.41280534863471985,-0.4852342903614044,5.0,0.06277435272932053,0.062320150434970856,0.41303372383117676,0.5789051651954651
1692309252.0635815,"[label: ""height""
size: 3
stride: 15, label: ""width""
size: 5
stride: 5]",0,4.0,0.025807641446590424,0.06149987876415253,0.3997231721878052,0.08413280546665192,3.0,-0.012803882360458374,0.0617254339158535,0.40782731771469116,-0.5076515674591064,5.0,0.06306824833154678,0.06178345903754234,0.41164129972457886,0.5689566135406494
1692309252.153476,"[label: ""height""
size: 3
stride: 15, label: ""width""
size: 5
stride: 5]",0,4.0,0.02579808421432972,0.06103033199906349,0.3955391049385071,-0.0007194554200395942,3.0,-0.012459526769816875,0.062097761780023575,0.40802493691444397,-0.4667283892631531,5.0,0.06348680704832077,0.061708755791187286,0.41109180450439453,0.5531493425369263
1692309252.26161,"[label: ""height""
size: 3
stride: 15, label: ""width""
size: 5
stride: 5]",0,4.0,0.026578860357403755,0.06213769316673279,0.39969927072525024,0.024104615673422813,3.0,-0.012441099621355534,0.06232249364256859,0.40731897950172424,-0.47273489832878113,5.0,0.0636737123131752,0.061725832521915436,0.4079360365867615,0.5617351531982422
1692309252.3451114,"[label: ""height""
size: 3
stride: 15, label: ""width""
size: 5
stride: 5]",0,4.0,0.026977963745594025,0.06116924062371254,0.3933769464492798,0.04054490476846695,3.0,-0.011341290548443794,0.06154322624206543,0.40328699350357056,-0.4922618567943573,5.0,0.06500446796417236,0.061721738427877426,0.40790578722953796,0.5592036843299866
1692309252.4468627,"[label: ""height""
size: 3
stride: 15, label: ""width""
size: 5
stride: 5]",0,4.0,0.027556343004107475,0.060875508934259415,0.3883519470691681,-0.000741453084629029,3.0,-0.010587298311293125,0.06151219829916954,0.39989998936653137,-0.4707498550415039,5.0,0.06517395377159119,0.060945089906454086,0.4006440043449402,0.5766823887825012
1692309252.5498545,"[label: ""height""
size: 3
stride: 15, label: ""width""
size: 5
stride: 5]",0,4.0,0.028784213587641716,0.06032281741499901,0.38648176193237305,-0.07228865474462509,3.0,-0.009200770407915115,0.060750026255846024,0.39596763253211975,-0.49044597148895264,5.0,0.0663410946726799,0.060672860592603683,0.3978112041950226,0.5529195666313171
1692309252.6465545,"[label: ""height""
size: 3
stride: 15, label: ""width""
size: 5
stride: 5]",0,4.0,0.029233742505311966,0.06025146320462227,0.38111627101898193,0.0046795387752354145,3.0,-0.009005866944789886,0.06121404469013214,0.39468899369239807,-0.47820839285850525,5.0,0.06708651036024094,0.0607980377972126,0.3964243233203888,0.5550850033760071
1692309252.755481,"[label: ""height""
size: 3
stride: 15, label: ""width""
size: 5
stride: 5]",0,4.0,0.030316386371850967,0.05976170673966408,0.3783443868160248,0.07521339505910873,3.0,-0.007862181402742863,0.06081661209464073,0.3933582901954651,-0.5057256817817688,5.0,0.06821929663419724,0.06070272997021675,0.39264267683029175,0.5492095947265625
1692309252.844418,"[label: ""height""
size: 3
stride: 15, label: ""width""
size: 5
stride: 5]",0,4.0,0.031071174889802933,0.06055009365081787,0.37910521030426025,-0.023458195850253105,3.0,-0.007458869367837906,0.06129217892885208,0.38914617896080017,-0.4875953495502472,5.0,0.06793197244405746,0.060037728399038315,0.38637685775756836,0.5523033738136292
1692309252.955856,"[label: ""height""
size: 3
stride: 15, label: ""width""
size: 5
stride: 5]",0,4.0,0.030848735943436623,0.060090694576501846,0.3733629584312439,-0.08777827024459839,3.0,-0.0073613738641142845,0.0606122687458992,0.3829030692577362,-0.5153073668479919,5.0,0.06892183423042297,0.06057947874069214,0.38573136925697327,0.5386515259742737
1692309253.0541186,"[label: ""height""
size: 3
stride: 15, label: ""width""
size: 5
stride: 5]",0,4.0,0.03048914484679699,0.06033875793218613,0.3656313717365265,0.06108826771378517,3.0,-0.007583203259855509,0.06127209961414337,0.3782041668891907,-0.50203937292099,5.0,0.06806442141532898,0.06076915189623833,0.3791112005710602,0.5572840571403503
1692309253.146953,"[label: ""height""
size: 3
stride: 15, label: ""width""
size: 5
stride: 5]",0,4.0,0.029684530571103096,0.05962202697992325,0.3595026433467865,0.06019093468785286,3.0,-0.008451296016573906,0.06104210764169693,0.37586385011672974,-0.47303062677383423,5.0,0.0677122101187706,0.06046989932656288,0.37626978754997253,0.5516053438186646
1692309253.2661538,"[label: ""height""
size: 3
stride: 15, label: ""width""
size: 5
stride: 5]",0,4.0,0.028626924380660057,0.0607660710811615,0.360075980424881,-0.021486643701791763,3.0,-0.009593340568244457,0.06175984442234039,0.3718321919441223,-0.49080243706703186,5.0,0.06594332307577133,0.06061883643269539,0.36971673369407654,0.5734643936157227
1692309253.3703654,"[label: ""height""
size: 3
stride: 15, label: ""width""
size: 5
stride: 5]",0,4.0,0.02832779660820961,0.060468222945928574,0.35350653529167175,0.067509725689888,3.0,-0.010299193672835827,0.060888562351465225,0.3639877140522003,-0.48905056715011597,5.0,0.06525422632694244,0.060298461467027664,0.3641354441642761,0.5629127621650696
1692309253.442706,"[label: ""height""
size: 3
stride: 15, label: ""width""
size: 5
stride: 5]",0,4.0,0.02714664675295353,0.06169963628053665,0.351544588804245,0.0488322451710701,3.0,-0.011389337480068207,0.06219523400068283,0.3603268563747406,-0.5046988129615784,5.0,0.06406543403863907,0.06152653694152832,0.35992106795310974,0.5648235082626343
1692309253.548663,"[label: ""height""
size: 3
stride: 15, label: ""width""
size: 5
stride: 5]",0,4.0,0.026311002671718597,0.0613580159842968,0.34232908487319946,0.06405369192361832,3.0,-0.011950469575822353,0.06245733052492142,0.3551512360572815,-0.4768870770931244,5.0,0.06331353634595871,0.06151306629180908,0.35482388734817505,0.5678941011428833
1692309253.6465268,"[label: ""height""
size: 3
stride: 15, label: ""width""
size: 5
stride: 5]",0,4.0,0.025466790422797203,0.062258489429950714,0.34097427129745483,0.0160725899040699,3.0,-0.012826471589505672,0.06304381787776947,0.35103699564933777,-0.4777873754501343,5.0,0.06270689517259598,0.06220957264304161,0.35137319564819336,0.5790244340896606
1692309253.7380056,"[label: ""height""
size: 3
stride: 15, label: ""width""
size: 5
stride: 5]",0,4.0,0.0256794486194849,0.06240478530526161,0.3364277780056,0.016344711184501648,3.0,-0.012865466065704823,0.06350813806056976,0.3480665683746338,-0.4761943817138672,5.0,0.06258281320333481,0.062081802636384964,0.34586650133132935,0.5704406499862671
1692309253.8461504,"[label: ""height""
size: 3
stride: 15, label: ""width""
size: 5
stride: 5]",0,4.0,0.025761708617210388,0.062497373670339584,0.3304256200790405,0.015092380344867706,3.0,-0.012395813129842281,0.06337155401706696,0.34272056818008423,-0.4713468849658966,5.0,0.06289303302764893,0.0623798705637455,0.3413380980491638,0.5803837180137634
1692309253.9711173,"[label: ""height""
size: 3
stride: 15, label: ""width""
size: 5
stride: 5]",0,4.0,0.025964736938476562,0.06263771653175354,0.3261633813381195,0.0153294513002038,3.0,-0.012439562007784843,0.064101442694664,0.33993101119995117,-0.47133535146713257,5.0,0.06306913495063782,0.06242489814758301,0.33776646852493286,0.5675287842750549
1692309254.0600748,"[label: ""height""
size: 3
stride: 15, label: ""width""
size: 5
stride: 5]",0,4.0,0.02633524313569069,0.06280386447906494,0.32240667939186096,0.025585081428289413,3.0,-0.011901170015335083,0.06329760700464249,0.3320579528808594,-0.48030221462249756,5.0,0.06377748399972916,0.06312908232212067,0.3349277377128601,0.5630946755409241
1692309254.1639562,"[label: ""height""
size: 3
stride: 15, label: ""width""
size: 5
stride: 5]",0,4.0,0.026450365781784058,0.06269054114818573,0.317373126745224,0.03273387625813484,3.0,-0.011644062586128712,0.06364794075489044,0.3283440172672272,-0.4838279187679291,5.0,0.06389120221138,0.06309395283460617,0.3305027186870575,0.5637753009796143
1692309254.2439103,"[label: ""height""
size: 3
stride: 15, label: ""width""
size: 5
stride: 5]",0,4.0,0.026680918410420418,0.06284485757350922,0.31540244817733765,0.03894710913300514,3.0,-0.011343355290591717,0.06315366178750992,0.3230610489845276,-0.4972335398197174,5.0,0.0638417899608612,0.06291398406028748,0.325359970331192,0.5672256946563721
1692309254.3356698,"[label: ""height""
size: 3
stride: 15, label: ""width""
size: 5
stride: 5]",0,4.0,0.026835715398192406,0.06409116089344025,0.3127901554107666,0.030279597267508507,3.0,-0.011709240265190601,0.06460590660572052,0.32233157753944397,-0.48542261123657227,5.0,0.06354007869958878,0.06327183544635773,0.32041677832603455,0.5707738995552063
1692309254.453379,"[label: ""height""
size: 3
stride: 15, label: ""width""
size: 5
stride: 5]",0,4.0,0.02714410424232483,0.06280896812677383,0.30505841970443726,-0.0005663957563228905,3.0,-0.010771447792649269,0.06394162029027939,0.3177337944507599,-0.4825194776058197,5.0,0.06453238427639008,0.06321846693754196,0.318178653717041,0.5632705688476562
1692309254.5329714,"[label: ""height""
size: 3
stride: 15, label: ""width""
size: 5
stride: 5]",0,4.0,0.027055108919739723,0.06359244138002396,0.3034985363483429,0.049450479447841644,3.0,-0.010754122398793697,0.0642591193318367,0.3129321038722992,-0.49289485812187195,5.0,0.06412084400653839,0.06331608444452286,0.3135499954223633,0.5783308148384094
1692309254.6357374,"[label: ""height""
size: 3
stride: 15, label: ""width""
size: 5
stride: 5]",0,4.0,0.0280369333922863,0.06348221749067307,0.30337807536125183,0.04980120062828064,3.0,-0.0102672865614295,0.06327725201845169,0.3094724714756012,-0.49867141246795654,5.0,0.06506140530109406,0.06310980767011642,0.31190839409828186,0.5594267845153809
1692309254.745519,"[label: ""height""
size: 3
stride: 15, label: ""width""
size: 5
stride: 5]",0,4.0,0.027349725365638733,0.06361021101474762,0.29640746116638184,0.002388040767982602,3.0,-0.010683620348572731,0.0649968832731247,0.3110005557537079,-0.47616320848464966,5.0,0.0648772343993187,0.06420972943305969,0.3110097646713257,0.5623864531517029
1692309254.8429363,"[label: ""height""
size: 3
stride: 15, label: ""width""
size: 5
stride: 5]",0,4.0,0.027362581342458725,0.06349458545446396,0.2965910732746124,-0.0005443795234896243,3.0,-0.0108040077611804,0.06322694569826126,0.3025718331336975,-0.5073516964912415,5.0,0.0645131841301918,0.06345950812101364,0.30741173028945923,0.5632723569869995
1692309254.956945,"[label: ""height""
size: 3
stride: 15, label: ""width""
size: 5
stride: 5]",0,4.0,0.026325773447752,0.06395205855369568,0.29557496309280396,0.025467919185757637,3.0,-0.011998903006315231,0.06456220895051956,0.30523836612701416,-0.4751819670200348,5.0,0.06350509077310562,0.06408923864364624,0.30679550766944885,0.5575414896011353
1692309255.05588,"[label: ""height""
size: 3
stride: 15, label: ""width""
size: 5
stride: 5]",0,4.0,0.025717325508594513,0.0631520226597786,0.2911587655544281,0.046224240213632584,3.0,-0.012449568137526512,0.06357640027999878,0.30058276653289795,-0.4866262674331665,5.0,0.06252098083496094,0.06344901025295258,0.30255794525146484,0.5818663239479065
1692309255.1505387,"[label: ""height""
size: 3
stride: 15, label: ""width""
size: 5
stride: 5]",0,4.0,0.02546878159046173,0.06297297775745392,0.28984546661376953,0.03286444768309593,3.0,-0.012895140796899796,0.06366736441850662,0.29934605956077576,-0.4927438795566559,5.0,0.06270129978656769,0.06350477039813995,0.3028480112552643,0.5708348751068115
1692309255.2658877,"[label: ""height""
size: 3
stride: 15, label: ""width""
size: 5
stride: 5]",0,4.0,0.02579820342361927,0.06368174403905869,0.29260802268981934,0.0019126336555927992,3.0,-0.012484127655625343,0.0634697750210762,0.29834020137786865,-0.4855336546897888,5.0,0.0629582405090332,0.0640099048614502,0.302892804145813,0.5698991417884827
1692309255.35167,"[label: ""height""
size: 3
stride: 15, label: ""width""
size: 5
stride: 5]",0,4.0,0.025470823049545288,0.06374818831682205,0.28978824615478516,0.04034073278307915,3.0,-0.012749467976391315,0.06417085975408554,0.2989281713962555,-0.47967973351478577,5.0,0.06241169571876526,0.0635686069726944,0.30021947622299194,0.5794356465339661
1692309255.4556663,"[label: ""height""
size: 3
stride: 15, label: ""width""
size: 5
stride: 5]",0,4.0,0.02499615214765072,0.063928984105587,0.28987598419189453,0.03252994269132614,3.0,-0.013186793774366379,0.06414404511451721,0.2975885570049286,-0.4865086078643799,5.0,0.06266675144433975,0.06447002291679382,0.30270254611968994,0.5511642694473267
1692309255.545786,"[label: ""height""
size: 3
stride: 15, label: ""width""
size: 5
stride: 5]",0,4.0,0.025677835568785667,0.06319759041070938,0.2885798215866089,-0.0005100753623992205,3.0,-0.012456913478672504,0.06341851502656937,0.29759112000465393,-0.48803117871284485,5.0,0.06262092292308807,0.06327653676271439,0.2994574010372162,0.5705311894416809
1692309255.6770384,"[label: ""height""
size: 3
stride: 15, label: ""width""
size: 5
stride: 5]",0,4.0,0.025677835568785667,0.06319759041070938,0.2885798215866089,-0.0005100753623992205,3.0,-0.012425136752426624,0.06403239816427231,0.2999063730239868,-0.4886948764324188,5.0,0.06363316625356674,0.06395161896944046,0.30258652567863464,0.5491276383399963
1692309255.7628167,"[label: ""height""
size: 3
stride: 15, label: ""width""
size: 5
stride: 5]",0,4.0,0.02570844069123268,0.06359340250492096,0.2890877425670624,-0.015504096634685993,3.0,-0.012425136752426624,0.06403239816427231,0.2999063730239868,-0.4886948764324188,5.0,0.062660351395607,0.06345801055431366,0.2996470332145691,0.5707799792289734
1692309255.8609653,"[label: ""height""
size: 3
stride: 15, label: ""width""
size: 5
stride: 5]",0,4.0,0.02648933418095112,0.06332363933324814,0.29085707664489746,0.012311005033552647,3.0,-0.011840058490633965,0.0636507049202919,0.3009532690048218,-0.47191640734672546,5.0,0.06368528306484222,0.06338639557361603,0.3022270202636719,0.560177743434906
1692309255.9528267,"[label: ""height""
size: 3
stride: 15, label: ""width""
size: 5
stride: 5]",0,4.0,0.026269013062119484,0.06334402412176132,0.2925304174423218,-0.0005237999721430242,3.0,-0.01195946428924799,0.06358332931995392,0.3006182610988617,-0.4879262149333954,5.0,0.06399719417095184,0.06396595388650894,0.30614909529685974,0.5479452013969421
1692309256.0499275,"[label: ""height""
size: 3
stride: 15, label: ""width""
size: 5
stride: 5]",0,4.0,0.026057640090584755,0.06359447538852692,0.29381057620048523,0.03351965546607971,3.0,-0.012051520869135857,0.06403490155935287,0.3033457398414612,-0.4709025025367737,5.0,0.06374849379062653,0.06408227235078812,0.30675816535949707,0.5568586587905884
1692309256.1454666,"[label: ""height""
size: 3
stride: 15, label: ""width""
size: 5
stride: 5]",0,4.0,0.02661321684718132,0.06347296386957169,0.2948704957962036,0.0125953434035182,3.0,-0.011743907816708088,0.06377176940441132,0.30505624413490295,-0.4776346981525421,5.0,0.06380177289247513,0.06350983679294586,0.306392639875412,0.5679851174354553
1692309256.2525594,"[label: ""height""
size: 3
stride: 15, label: ""width""
size: 5
stride: 5]",0,3.0,-0.011832576245069504,0.06371275335550308,0.30778825283050537,-0.4603700041770935,5.0,0.06328929215669632,0.06299734860658646,0.3063373267650604,0.5694003105163574,4.0,0.026685407385230064,0.0637042447924614,0.2993493378162384,0.048109252005815506
1692309256.3528569,"[label: ""height""
size: 3
stride: 15, label: ""width""
size: 5
stride: 5]",0,4.0,0.025688331574201584,0.06277114897966385,0.29789790511131287,0.03480713814496994,3.0,-0.0124534135684371,0.06311754137277603,0.3073182702064514,-0.4763626456260681,5.0,0.06308399140834808,0.06306292861700058,0.31032323837280273,0.5584948062896729
1692309256.4494088,"[label: ""height""
size: 3
stride: 15, label: ""width""
size: 5
stride: 5]",0,4.0,0.02530912682414055,0.06371511518955231,0.3020084500312805,0.045208897441625595,3.0,-0.013213288970291615,0.06391455978155136,0.31066563725471497,-0.470633864402771,5.0,0.06236998364329338,0.06363344192504883,0.312492311000824,0.5649431943893433
1692309256.551755,"[label: ""height""
size: 3
stride: 15, label: ""width""
size: 5
stride: 5]",0,4.0,0.0245649591088295,0.06263778358697891,0.3023625910282135,0.013010364025831223,3.0,-0.013858870603144169,0.06338057667016983,0.31424662470817566,-0.4489010274410248,5.0,0.06132245063781738,0.0627046748995781,0.31301432847976685,0.5764689445495605
1692309256.652578,"[label: ""height""
size: 3
stride: 15, label: ""width""
size: 5
stride: 5]",0,4.0,0.024495206773281097,0.06363053619861603,0.30813074111938477,-0.018610207363963127,3.0,-0.014158103615045547,0.06350127607584,0.3148981034755707,-0.474357008934021,5.0,0.06136728823184967,0.06315792351961136,0.3159300982952118,0.567438006401062
1692309256.7512207,"[label: ""height""
size: 3
stride: 15, label: ""width""
size: 5
stride: 5]",0,4.0,0.023418104276061058,0.06267967820167542,0.30799901485443115,0.04914289340376854,3.0,-0.014960382133722305,0.06253497302532196,0.3152601718902588,-0.4988521635532379,5.0,0.06013983488082886,0.06260482966899872,0.31766554713249207,0.5647532939910889
1692309256.858466,"[label: ""height""
size: 3
stride: 15, label: ""width""
size: 5
stride: 5]",0,4.0,0.02253996580839157,0.06342720985412598,0.31249547004699707,-0.018222570419311523,3.0,-0.015650268644094467,0.06307326257228851,0.3192293643951416,-0.47678589820861816,5.0,0.06019020080566406,0.06379684060811996,0.3243379294872284,0.5566950440406799
1692309256.9540155,"[label: ""height""
size: 3
stride: 15, label: ""width""
size: 5
stride: 5]",0,4.0,0.02202657237648964,0.06268477439880371,0.31364500522613525,0.02800687402486801,3.0,-0.016154320910573006,0.06302507221698761,0.3243362605571747,-0.4763372540473938,5.0,0.0591002032160759,0.06283406913280487,0.32490530610084534,0.5687776207923889
1692309257.0553746,"[label: ""height""
size: 3
stride: 15, label: ""width""
size: 5
stride: 5]",0,4.0,0.021525030955672264,0.06283283233642578,0.3172402083873749,0.056158941239118576,3.0,-0.01662994921207428,0.06331578642129898,0.3285955488681793,-0.4860929846763611,5.0,0.05914466083049774,0.06323005259037018,0.3296796977519989,0.5547719597816467
1692309257.167645,"[label: ""height""
size: 3
stride: 15, label: ""width""
size: 5
stride: 5]",0,4.0,0.020593764260411263,0.06289638578891754,0.32156386971473694,0.01646202988922596,3.0,-0.017630407586693764,0.06334394961595535,0.33232393860816956,-0.49356594681739807,5.0,0.05830179899930954,0.06283461302518845,0.3326180577278137,0.547349214553833
1692309257.2722979,"[label: ""height""
size: 3
stride: 15, label: ""width""
size: 5
stride: 5]",0,4.0,0.019517559558153152,0.06265817582607269,0.32363536953926086,-0.0004564107221085578,3.0,-0.018696457147598267,0.06305757910013199,0.33441728353500366,-0.4974971413612366,5.0,0.056683991104364395,0.06276305019855499,0.33434152603149414,0.5466805100440979
1692309257.3546557,"[label: ""height""
size: 3
stride: 15, label: ""width""
size: 5
stride: 5]",0,4.0,0.018439829349517822,0.06262877583503723,0.3270356357097626,0.060824114829301834,3.0,-0.019809216260910034,0.06289166212081909,0.3371630609035492,-0.49495649337768555,5.0,0.056169696152210236,0.06334692984819412,0.34043678641319275,0.5395345687866211
1692309257.455827,"[label: ""height""
size: 3
stride: 15, label: ""width""
size: 5
stride: 5]",0,4.0,0.017939968034625053,0.06352216005325317,0.3337450325489044,-0.00043073936831206083,3.0,-0.020280733704566956,0.06307734549045563,0.3404618799686432,-0.5091732144355774,5.0,0.05497485026717186,0.06297267973423004,0.33992746472358704,0.5454151034355164
1692309257.558823,"[label: ""height""
size: 3
stride: 15, label: ""width""
size: 5
stride: 5]",0,4.0,0.01685890182852745,0.06373308598995209,0.3371369540691376,-0.022422725334763527,3.0,-0.021437667310237885,0.06378521770238876,0.3457958400249481,-0.5125429034233093,5.0,0.05444382131099701,0.06344533711671829,0.3454911410808563,0.5279919505119324
1692309257.648849,"[label: ""height""
size: 3
stride: 15, label: ""width""
size: 5
stride: 5]",0,4.0,0.015699980780482292,0.06314118206501007,0.3379054367542267,0.031345877796411514,3.0,-0.022329654544591904,0.06362512707710266,0.3487752676010132,-0.5111865401268005,5.0,0.053456228226423264,0.06369110941886902,0.34924784302711487,0.5316862463951111
1692309257.7532642,"[label: ""height""
size: 3
stride: 15, label: ""width""
size: 5
stride: 5]",0,4.0,0.014251197688281536,0.06350328028202057,0.3410714268684387,-0.034482721239328384,3.0,-0.023806694895029068,0.0637301430106163,0.3517090082168579,-0.5092637538909912,5.0,0.05173841491341591,0.06311479955911636,0.34922412037849426,0.5356756448745728
1692309257.8669262,"[label: ""height""
size: 3
stride: 15, label: ""width""
size: 5
stride: 5]",0,4.0,0.014064435847103596,0.06298697739839554,0.33939334750175476,-0.010895060375332832,3.0,-0.023829294368624687,0.06403927505016327,0.35422948002815247,-0.5154783129692078,5.0,0.05204901844263077,0.06428363174200058,0.3563598096370697,0.5242112874984741
1692309257.9480803,"[label: ""height""
size: 3
stride: 15, label: ""width""
size: 5
stride: 5]",0,4.0,0.01343830768018961,0.06387732923030853,0.3445051312446594,-0.00034610703005455434,3.0,-0.024441875517368317,0.06466829776763916,0.35688310861587524,-0.5186600685119629,5.0,0.05066967010498047,0.06366560608148575,0.353771448135376,0.549577534198761
1692309258.0521913,"[label: ""height""
size: 3
stride: 15, label: ""width""
size: 5
stride: 5]",0,4.0,0.013371696695685387,0.0640638992190361,0.3501511514186859,-0.00034895807038992643,3.0,-0.024569498375058174,0.06401202082633972,0.35885441303253174,-0.5097407698631287,5.0,0.050810061395168304,0.06389755010604858,0.3599955141544342,0.5432735085487366
1692309258.1316466,"[label: ""height""
size: 3
stride: 15, label: ""width""
size: 5
stride: 5]",0,4.0,0.012432421557605267,0.06406427174806595,0.35243210196495056,-0.019069526344537735,3.0,-0.025714071467518806,0.06422337889671326,0.36259546875953674,-0.5231099724769592,5.0,0.0503961481153965,0.06461097300052643,0.3656595051288605,0.5264855623245239
1692309258.255411,"[label: ""height""
size: 3
stride: 15, label: ""width""
size: 5
stride: 5]",0,4.0,0.012719590216875076,0.06483966112136841,0.35598480701446533,-0.000333750358549878,3.0,-0.025384780019521713,0.06538055092096329,0.36661019921302795,-0.506696343421936,5.0,0.05019620060920715,0.06514257937669754,0.36525416374206543,0.5416504740715027
1692309258.3517077,"[label: ""height""
size: 3
stride: 15, label: ""width""
size: 5
stride: 5]",0,4.0,0.01271788775920868,0.06531979143619537,0.35955604910850525,0.02144087292253971,3.0,-0.025574518367648125,0.06600390374660492,0.371717244386673,-0.5014297366142273,5.0,0.049817439168691635,0.06480289250612259,0.3668476343154907,0.5643503069877625
1692309258.4693587,"[label: ""height""
size: 3
stride: 15, label: ""width""
size: 5
stride: 5]",0,4.0,0.012708659283816814,0.06485237926244736,0.35915321111679077,0.025901073589920998,3.0,-0.0256452988833189,0.06673530489206314,0.3775302469730377,-0.478474885225296,5.0,0.05060344934463501,0.06554897129535675,0.37275430560112,0.5450877547264099
1692309258.5522606,"[label: ""height""
size: 3
stride: 15, label: ""width""
size: 5
stride: 5]",0,4.0,0.013247293420135975,0.06543700397014618,0.3615051209926605,0.039642419666051865,3.0,-0.02508310042321682,0.0668468028306961,0.37820327281951904,-0.5091868042945862,5.0,0.05060344934463501,0.06554897129535675,0.37275430560112,0.5450877547264099
1692309258.6616638,"[label: ""height""
size: 3
stride: 15, label: ""width""
size: 5
stride: 5]",0,4.0,0.014364832080900669,0.06647168844938278,0.3682570159435272,-0.0003688141005113721,3.0,-0.023849010467529297,0.06685642898082733,0.3782620131969452,-0.5118545889854431,5.0,0.05211245268583298,0.06673230230808258,0.3794323801994324,0.5195818543434143
1692309258.758565,"[label: ""height""
size: 3
stride: 15, label: ""width""
size: 5
stride: 5]",0,4.0,0.014364832080900669,0.06647168844938278,0.3682570159435272,-0.0003688141005113721,3.0,-0.02377067320048809,0.06705036014318466,0.37944403290748596,-0.5237756371498108,5.0,0.051761992275714874,0.06610916554927826,0.3768295347690582,0.529344916343689
1692309258.8598258,"[label: ""height""
size: 3
stride: 15, label: ""width""
size: 5
stride: 5]",0,4.0,0.01497495174407959,0.06629618257284164,0.36863189935684204,-0.011834967881441116,3.0,-0.02307908795773983,0.06751133501529694,0.3836638629436493,-0.5093652606010437,5.0,0.0521635077893734,0.06603162735700607,0.3763487637042999,0.543781578540802
1692309258.9569929,"[label: ""height""
size: 3
stride: 15, label: ""width""
size: 5
stride: 5]",0,4.0,0.016174986958503723,0.0664718896150589,0.36825817823410034,-0.00040763759170658886,3.0,-0.0216506514698267,0.06756642460823059,0.38324493169784546,-0.5290483236312866,5.0,0.05384790897369385,0.0669342428445816,0.3806939125061035,0.5421498417854309
1692309259.0565825,"[label: ""height""
size: 3
stride: 15, label: ""width""
size: 5
stride: 5]",0,4.0,0.017617888748645782,0.06766253709793091,0.3712662160396576,-0.07211554050445557,3.0,-0.020180193707346916,0.06839949637651443,0.3852185904979706,-0.5261913537979126,5.0,0.05549657717347145,0.06822767853736877,0.38352516293525696,0.5296313166618347
1692309259.150008,"[label: ""height""
size: 3
stride: 15, label: ""width""
size: 5
stride: 5]",0,4.0,0.019835539162158966,0.06794490665197372,0.3747190535068512,-0.0004742439487017691,3.0,-0.018193935975432396,0.06861123442649841,0.38650059700012207,-0.5425400733947754,5.0,0.05737071856856346,0.06821782886981964,0.3834645450115204,0.5259149074554443
1692309259.2543316,"[label: ""height""
size: 3
stride: 15, label: ""width""
size: 5
stride: 5]",0,4.0,0.021677479147911072,0.06917256861925125,0.3747200667858124,-0.0004950020811520517,3.0,-0.016307486221194267,0.06992397457361221,0.38677674531936646,-0.5458998680114746,5.0,0.059826333075761795,0.0696776956319809,0.3872365951538086,0.5105651617050171
1692309259.3504927,"[label: ""height""
size: 3
stride: 15, label: ""width""
size: 5
stride: 5]",0,4.0,0.023483455181121826,0.068736232817173,0.3751065731048584,-0.07286365330219269,5.0,0.06113085150718689,0.0688406378030777,0.3834300637245178,0.5182979106903076,3.0,-0.01440843753516674,0.06928785890340805,0.38676270842552185,-0.5505604147911072
1692309259.4499035,"[label: ""height""
size: 3
stride: 15, label: ""width""
size: 5
stride: 5]",0,4.0,0.024354243651032448,0.06924615800380707,0.37162190675735474,-0.04546676203608513,3.0,-0.01326645165681839,0.07039854675531387,0.3858417868614197,-0.5401726961135864,5.0,0.06239329278469086,0.06947669386863708,0.3834761083126068,0.5156022310256958
1692309259.5601,"[label: ""height""
size: 3
stride: 15, label: ""width""
size: 5
stride: 5]",0,4.0,0.02531888335943222,0.06934618949890137,0.37294942140579224,-0.09385018050670624,3.0,-0.012389079667627811,0.07037632167339325,0.3882683515548706,-0.5329607129096985,5.0,0.06395091861486435,0.07015891373157501,0.3863216042518616,0.4907074570655823
1692309259.6519842,"[label: ""height""
size: 3
stride: 15, label: ""width""
size: 5
stride: 5]",0,4.0,0.024729283526539803,0.06978540122509003,0.3730948865413666,-0.06745176017284393,3.0,-0.013269496150314808,0.07104739546775818,0.38593924045562744,-0.5397340655326843,5.0,0.06263595074415207,0.07020031660795212,0.3840409815311432,0.49925684928894043
1692309259.7793047,"[label: ""height""
size: 3
stride: 15, label: ""width""
size: 5
stride: 5]",0,4.0,0.024747423827648163,0.07040043920278549,0.3747221529483795,-0.0005337101174518466,3.0,-0.013322432525455952,0.07031030207872391,0.38280126452445984,-0.5351135730743408,5.0,0.06242138147354126,0.07076344639062881,0.3836517632007599,0.515031099319458
1692309259.8824906,"[label: ""height""
size: 3
stride: 15, label: ""width""
size: 5
stride: 5]",0,4.0,0.023714659735560417,0.07058568298816681,0.37097346782684326,-0.03054620884358883,3.0,-0.014267456717789173,0.0712863951921463,0.38297605514526367,-0.5308371782302856,5.0,0.06135007366538048,0.0702226534485817,0.37990042567253113,0.5150441527366638
1692309259.944224,"[label: ""height""
size: 3
stride: 15, label: ""width""
size: 5
stride: 5]",0,4.0,0.023418864235281944,0.06951602548360825,0.3690776526927948,-0.05974675714969635,3.0,-0.014366809278726578,0.0700821653008461,0.38148167729377747,-0.5216677784919739,5.0,0.06103270500898361,0.06921863555908203,0.3769570589065552,0.5094912648200989
1692309260.0622969,"[label: ""height""
size: 3
stride: 15, label: ""width""
size: 5
stride: 5]",0,4.0,0.02281232550740242,0.07009153813123703,0.3682618737220764,-0.0004957492928951979,3.0,-0.015113906934857368,0.07094606012105942,0.3804020285606384,-0.5405135154724121,5.0,0.06043277680873871,0.06985480338335037,0.3770650029182434,0.5103949904441833
1692309260.1505632,"[label: ""height""
size: 3
stride: 15, label: ""width""
size: 5
stride: 5]",0,4.0,0.023037435486912727,0.06835512816905975,0.3652292490005493,-0.04421839490532875,3.0,-0.014764434657990932,0.06957549601793289,0.37966951727867126,-0.511686384677887,5.0,0.06036616116762161,0.06799505650997162,0.3727693557739258,0.524146318435669
1692309260.2541163,"[label: ""height""
size: 3
stride: 15, label: ""width""
size: 5
stride: 5]",0,4.0,0.024020077660679817,0.06917335093021393,0.3665364682674408,-0.044677071273326874,3.0,-0.014025374315679073,0.0694025382399559,0.37618935108184814,-0.5269971489906311,5.0,0.06157740205526352,0.06875202804803848,0.37363401055336,0.5327159762382507
1692309260.3465495,"[label: ""height""
size: 3
stride: 15, label: ""width""
size: 5
stride: 5]",0,4.0,0.024798216298222542,0.06713585555553436,0.3627457618713379,-0.06049024313688278,3.0,-0.013039185665547848,0.06783147156238556,0.3742029070854187,-0.5375930070877075,5.0,0.06277915090322495,0.06735697388648987,0.3726048469543457,0.5195941925048828
1692309260.4542742,"[label: ""height""
size: 3
stride: 15, label: ""width""
size: 5
stride: 5]",0,4.0,0.025690529495477676,0.06692381203174591,0.3605692982673645,-0.05230240151286125,3.0,-0.01210569404065609,0.06754616647958755,0.3736571669578552,-0.542609691619873,5.0,0.06367158889770508,0.0670040100812912,0.3697984218597412,0.5115134119987488
1692309260.53931,"[label: ""height""
size: 3
stride: 15, label: ""width""
size: 5
stride: 5]",0,4.0,0.025827590376138687,0.06612949818372726,0.356699675321579,-0.07850084453821182,3.0,-0.011917093768715858,0.06737065315246582,0.3726135194301605,-0.5316150784492493,5.0,0.06380696594715118,0.06589959561824799,0.3662005662918091,0.5094484686851501
1692309260.6567068,"[label: ""height""
size: 3
stride: 15, label: ""width""
size: 5
stride: 5]",0,4.0,0.027146706357598305,0.06400851905345917,0.3537929058074951,-0.14439421892166138,3.0,-0.01071963645517826,0.06516020745038986,0.36777186393737793,-0.5378400683403015,5.0,0.06556692719459534,0.06466478854417801,0.3659853935241699,0.5064243078231812
1692309260.746509,"[label: ""height""
size: 3
stride: 15, label: ""width""
size: 5
stride: 5]",0,4.0,0.028042759746313095,0.06466700881719589,0.3509756922721863,-0.029162710532546043,3.0,-0.009587849490344524,0.06532721221446991,0.3645356297492981,-0.5401759147644043,5.0,0.06597073376178741,0.06448472291231155,0.35997116565704346,0.49721813201904297
1692309260.8680363,"[label: ""height""
size: 3
stride: 15, label: ""width""
size: 5
stride: 5]",0,4.0,0.029406452551484108,0.0639362707734108,0.3483338952064514,-0.019784405827522278,3.0,-0.008367598988115788,0.06520817428827286,0.36311617493629456,-0.5477043986320496,5.0,0.06691282242536545,0.06324799358844757,0.3547586500644684,0.49822744727134705
1692309260.9578228,"[label: ""height""
size: 3
stride: 15, label: ""width""
size: 5
stride: 5]",0,4.0,0.03011815994977951,0.06236552074551582,0.3455926179885864,-0.0749509409070015,3.0,-0.007557136472314596,0.06294301152229309,0.3595186471939087,-0.5507183074951172,5.0,0.06831836700439453,0.06204727292060852,0.3545167148113251,0.4957902431488037
1692309261.054744,"[label: ""height""
size: 3
stride: 15, label: ""width""
size: 5
stride: 5]",0,4.0,0.030502941459417343,0.0631730780005455,0.3404584228992462,-0.07987481355667114,3.0,-0.007073088549077511,0.0644422173500061,0.35722851753234863,-0.5443637371063232,5.0,0.06922651827335358,0.06370246410369873,0.35398218035697937,0.48279255628585815
1692309261.1516209,"[label: ""height""
size: 3
stride: 15, label: ""width""
size: 5
stride: 5]",0,3.0,-0.006191805936396122,0.06271696090698242,0.34685808420181274,-0.579403281211853,4.0,0.031555984169244766,0.06324590742588043,0.34025219082832336,-0.12727487087249756,5.0,0.06990690529346466,0.06301753222942352,0.34862759709358215,0.49775269627571106
1692309261.2555134,"[label: ""height""
size: 3
stride: 15, label: ""width""
size: 5
stride: 5]",0,4.0,0.031237633898854256,0.060588009655475616,0.33154839277267456,-0.033749666064977646,3.0,-0.0060559725388884544,0.0614415779709816,0.3476808965206146,-0.5595951676368713,5.0,0.06933921575546265,0.06063345819711685,0.34154799580574036,0.4954695701599121
1692309261.3580332,"[label: ""height""
size: 3
stride: 15, label: ""width""
size: 5
stride: 5]",0,4.0,0.03174089267849922,0.06234085559844971,0.33015286922454834,-0.07768255472183228,3.0,-0.005898440722376108,0.06359612941741943,0.34696269035339355,-0.5484501719474792,5.0,0.06972862780094147,0.06232414394617081,0.3393715023994446,0.47795504331588745
1692309261.4722555,"[label: ""height""
size: 3
stride: 15, label: ""width""
size: 5
stride: 5]",0,4.0,0.03302166983485222,0.06229512766003609,0.32825201749801636,-0.09084007889032364,3.0,-0.004419655539095402,0.0627480298280716,0.3402126431465149,-0.5831406116485596,5.0,0.07048951089382172,0.062064021825790405,0.3350028097629547,0.48849454522132874
1692309261.5563304,"[label: ""height""
size: 3
stride: 15, label: ""width""
size: 5
stride: 5]",0,4.0,0.03441262245178223,0.06027361378073692,0.3233264088630676,-0.05673789978027344,3.0,-0.002880307612940669,0.061852168291807175,0.34207719564437866,-0.5342327356338501,5.0,0.07270988076925278,0.06050093099474907,0.3338949680328369,0.4648364782333374
1692309261.6632872,"[label: ""height""
size: 3
stride: 15, label: ""width""
size: 5
stride: 5]",0,4.0,0.037042517215013504,0.06201392784714699,0.32304638624191284,-0.041322436183691025,5.0,0.07550637423992157,0.06262418627738953,0.3329245150089264,0.48506131768226624,3.0,-0.0005042014527134597,0.06317708641290665,0.3394577205181122,-0.5393467545509338
1692309261.7535822,"[label: ""height""
size: 3
stride: 15, label: ""width""
size: 5
stride: 5]",0,3.0,0.0012437795521691442,0.06259327381849289,0.3318686783313751,-0.5689330101013184,4.0,0.0387333519756794,0.06268633902072906,0.32088908553123474,-0.07656177133321762,5.0,0.07742040604352951,0.0627531111240387,0.33003079891204834,0.47887110710144043
1692309261.8734622,"[label: ""height""
size: 3
stride: 15, label: ""width""
size: 5
stride: 5]",0,4.0,0.0401984304189682,0.060371894389390945,0.31220686435699463,-0.11841478943824768,5.0,0.07916145026683807,0.06152196228504181,0.3249501883983612,0.4678947925567627,3.0,0.003359363880008459,0.061334431171417236,0.3280961513519287,-0.5908551216125488
1692309261.9568632,"[label: ""height""
size: 3
stride: 15, label: ""width""
size: 5
stride: 5]",0,4.0,0.04120573028922081,0.06258359551429749,0.3120478689670563,-0.1111135333776474,5.0,0.07985170185565948,0.06311027705669403,0.3228943645954132,0.4607626795768738,3.0,0.0038854710292071104,0.06335693597793579,0.3267854154109955,-0.5682590007781982
1692309262.0655897,"[label: ""height""
size: 3
stride: 15, label: ""width""
size: 5
stride: 5]",0,4.0,0.04084547236561775,0.06282960623502731,0.30748823285102844,0.007503530941903591,5.0,0.07934816181659698,0.06339027732610703,0.31763073801994324,0.4780829846858978,3.0,0.0036892248317599297,0.06357457488775253,0.3225645124912262,-0.576437771320343
1692309262.157141,"[label: ""height""
size: 3
stride: 15, label: ""width""
size: 5
stride: 5]",0,4.0,0.04086978733539581,0.06194327026605606,0.3076024055480957,-0.1088520959019661,5.0,0.07872305810451508,0.0617946982383728,0.31354838609695435,0.4808589816093445,3.0,0.0035065324045717716,0.06222867593169212,0.3189499080181122,-0.5786033272743225
1692309262.2619731,"[label: ""height""
size: 3
stride: 15, label: ""width""
size: 5
stride: 5]",0,4.0,0.040058866143226624,0.06350025534629822,0.3034781515598297,-0.12084212154150009,5.0,0.07861567288637161,0.06402339786291122,0.31314706802368164,0.4625246524810791,3.0,0.0031116704922169447,0.06419222801923752,0.31828296184539795,-0.5670306086540222
1692309262.3571627,"[label: ""height""
size: 3
stride: 15, label: ""width""
size: 5
stride: 5]",0,4.0,0.03961953520774841,0.06333278864622116,0.3004422187805176,-0.03554768115282059,3.0,0.0024035396054387093,0.06368975341320038,0.31326112151145935,-0.5768989324569702,5.0,0.07775503396987915,0.06371275335550308,0.3096669912338257,0.47424614429473877
1692309262.4766552,"[label: ""height""
size: 3
stride: 15, label: ""width""
size: 5
stride: 5]",0,4.0,0.03892911598086357,0.06216375529766083,0.2974609434604645,-0.08812360465526581,5.0,0.07795161008834839,0.06326206773519516,0.30996620655059814,0.4623013138771057,3.0,0.001874206238426268,0.06272383779287338,0.3117029368877411,-0.5836175680160522
1692309262.5525894,"[label: ""height""
size: 3
stride: 15, label: ""width""
size: 5
stride: 5]",0,4.0,0.03857989236712456,0.06382262706756592,0.2967129349708557,-0.09498443454504013,5.0,0.07701285183429718,0.06423314660787582,0.3061780631542206,0.47638627886772156,3.0,0.0014804790262132883,0.06427064538002014,0.3099586069583893,-0.5764129161834717
1692309262.6621573,"[label: ""height""
size: 3
stride: 15, label: ""width""
size: 5
stride: 5]",0,4.0,0.03795939311385155,0.06298274546861649,0.2947748303413391,-0.098701611161232,3.0,0.0005664928467012942,0.06303761154413223,0.3051997125148773,-0.5842406749725342,5.0,0.07650008797645569,0.06372223049402237,0.3061298429965973,0.4776607155799866
1692309262.737938,"[label: ""height""
size: 3
stride: 15, label: ""width""
size: 5
stride: 5]",0,4.0,0.03747079521417618,0.06441905349493027,0.2947152256965637,-0.09682779014110565,5.0,0.0762038305401802,0.0651894360780716,0.3054525852203369,0.4690389633178711,3.0,0.00022255422663874924,0.06518574059009552,0.3094407320022583,-0.5478705167770386
1692309262.8418605,"[label: ""height""
size: 3
stride: 15, label: ""width""
size: 5
stride: 5]",0,4.0,0.03742754086852074,0.0636938288807869,0.2942555546760559,-0.08125730603933334,3.0,-6.246555130928755e-05,0.06345293670892715,0.30300667881965637,-0.5804595947265625,5.0,0.07571282982826233,0.0635938048362732,0.3019603192806244,0.4717724323272705
1692309262.941715,"[label: ""height""
size: 3
stride: 15, label: ""width""
size: 5
stride: 5]",0,5.0,0.07529370486736298,0.06403189897537231,0.298287034034729,0.48437631130218506,3.0,8.500005060341209e-05,0.06501371413469315,0.30630066990852356,-0.5491616725921631,4.0,0.03764118626713753,0.0645529106259346,0.2930508553981781,-0.07544796168804169
1692309263.0571012,"[label: ""height""
size: 3
stride: 15, label: ""width""
size: 5
stride: 5]",0,4.0,0.037328269332647324,0.06448043882846832,0.2886846959590912,-0.061286572366952896,5.0,0.07556147873401642,0.06502898782491684,0.29838237166404724,0.48321205377578735,3.0,7.045664096949622e-05,0.06558166444301605,0.30371353030204773,-0.5638676881790161
1692309263.1482127,"[label: ""height""
size: 3
stride: 15, label: ""width""
size: 5
stride: 5]",0,4.0,0.03836703300476074,0.06413406133651733,0.2869716286659241,-0.09168858081102371,3.0,0.0009253653115592897,0.06465762108564377,0.29988643527030945,-0.5466965436935425,5.0,0.0762469694018364,0.06401413679122925,0.29534873366355896,0.47214868664741516
1692309263.2838736,"[label: ""height""
size: 3
stride: 15, label: ""width""
size: 5
stride: 5]",0,4.0,0.0383661687374115,0.0655398741364479,0.2869512736797333,-0.08995551615953445,5.0,0.07658008486032486,0.06563304364681244,0.29616862535476685,0.4786940813064575,3.0,0.0009166754316538572,0.06578150391578674,0.2989364266395569,-0.5524016618728638
1692309263.3503246,"[label: ""height""
size: 3
stride: 15, label: ""width""
size: 5
stride: 5]",0,4.0,0.03842126950621605,0.06418882310390472,0.28497231006622314,-0.11784922331571579,5.0,0.07665359228849411,0.06409304589033127,0.294111430644989,0.4743908941745758,3.0,0.0011533154174685478,0.0648876205086708,0.299365371465683,-0.5769419074058533
1692309263.439525,"[label: ""height""
size: 3
stride: 15, label: ""width""
size: 5
stride: 5]",0,4.0,0.039229005575180054,0.06575997918844223,0.2854263484477997,-0.0752490907907486,5.0,0.07719414681196213,0.06587580591440201,0.2934104800224304,0.475475013256073,3.0,0.0017672680551186204,0.06632085889577866,0.29803138971328735,-0.5478969812393188
1692309263.531365,"[label: ""height""
size: 3
stride: 15, label: ""width""
size: 5
stride: 5]",0,4.0,0.039629846811294556,0.06455060094594955,0.28481942415237427,-0.05789957568049431,3.0,0.001969137229025364,0.06459517776966095,0.2946382761001587,-0.5662881135940552,5.0,0.07790280133485794,0.0645148903131485,0.2938130795955658,0.48231831192970276
1692309263.655912,"[label: ""height""
size: 3
stride: 15, label: ""width""
size: 5
stride: 5]",0,4.0,0.039423298090696335,0.06528537720441818,0.28237804770469666,-0.0416463203728199,3.0,0.002211185172200203,0.06582321226596832,0.29477086663246155,-0.5669888257980347,5.0,0.07800441235303879,0.06594100594520569,0.293728232383728,0.49227645993232727
1692309263.747561,"[label: ""height""
size: 3
stride: 15, label: ""width""
size: 5
stride: 5]",0,4.0,0.039424046874046326,0.06436159461736679,0.28238555788993835,-0.04191160947084427,3.0,0.0021068397909402847,0.06502167880535126,0.2954905927181244,-0.5464510321617126,5.0,0.0772382915019989,0.06407677382230759,0.2912695109844208,0.4922778606414795
1692309263.8491488,"[label: ""height""
size: 3
stride: 15, label: ""width""
size: 5
stride: 5]",0,4.0,0.039487630128860474,0.06523919105529785,0.28297027945518494,-0.059778355062007904,3.0,0.002007928676903248,0.06614650785923004,0.29671239852905273,-0.5275816917419434,5.0,0.07712777704000473,0.06512624770402908,0.29173555970191956,0.510300874710083
1692309263.9504976,"[label: ""height""
size: 3
stride: 15, label: ""width""
size: 5
stride: 5]",0,4.0,0.039410993456840515,0.06402652710676193,0.28228604793548584,-0.04192357510328293,3.0,0.0020996984094381332,0.06466550379991531,0.2949742078781128,-0.5515676736831665,5.0,0.07803165167570114,0.06470184028148651,0.2952033281326294,0.49794793128967285
1692309264.059002,"[label: ""height""
size: 3
stride: 15, label: ""width""
size: 5
stride: 5]",0,4.0,0.039702292531728745,0.06530118733644485,0.2854684889316559,-0.07545729726552963,3.0,0.002000776818022132,0.06578841805458069,0.2961990237236023,-0.5329114198684692,5.0,0.07706408947706223,0.06503123790025711,0.29285725951194763,0.5160608887672424
1692309264.1634352,"[label: ""height""
size: 3
stride: 15, label: ""width""
size: 5
stride: 5]",0,4.0,0.03970438241958618,0.06436987966299057,0.2854890823364258,-0.07616577297449112,3.0,0.0020326711237430573,0.06523696333169937,0.29866015911102295,-0.5173308849334717,5.0,0.07763295620679855,0.06427755951881409,0.2955052852630615,0.5175033211708069
1692309264.2757268,"[label: ""height""
size: 3
stride: 15, label: ""width""
size: 5
stride: 5]",0,4.0,0.04018836468458176,0.06499151140451431,0.2861776053905487,-0.0426044799387455,3.0,0.0022475591395050287,0.06512881070375443,0.2964823246002197,-0.5288244485855103,5.0,0.07745394110679626,0.06471369415521622,0.295269250869751,0.5279934406280518
1692309264.3686054,"[label: ""height""
size: 3
stride: 15, label: ""width""
size: 5
stride: 5]",0,4.0,0.0403757318854332,0.06527437269687653,0.28903570771217346,-0.021690962836146355,3.0,0.0021501900628209114,0.06551758944988251,0.29879602789878845,-0.5279862880706787,5.0,0.07836226373910904,0.06534793972969055,0.2992645800113678,0.5047727227210999
1692309264.4610522,"[label: ""height""
size: 3
stride: 15, label: ""width""
size: 5
stride: 5]",0,4.0,0.04049714654684067,0.06421219557523727,0.2900703549385071,-0.04398462548851967,3.0,0.002441387390717864,0.06488144397735596,0.3021911382675171,-0.5100307464599609,5.0,0.07826931029558182,0.06424093246459961,0.2998310923576355,0.5215519666671753
1692309264.5585237,"[label: ""height""
size: 3
stride: 15, label: ""width""
size: 5
stride: 5]",0,4.0,0.03960367664694786,0.06510043889284134,0.290624737739563,-0.06285315752029419,3.0,0.0018224007217213511,0.06587759405374527,0.30271631479263306,-0.5213431119918823,5.0,0.07790178060531616,0.06537256389856339,0.30224451422691345,0.5163756608963013
1692309264.6646733,"[label: ""height""
size: 3
stride: 15, label: ""width""
size: 5
stride: 5]",0,4.0,0.039379317313432693,0.06395561993122101,0.2911921739578247,-0.00830878596752882,3.0,0.0015714239561930299,0.06432057172060013,0.30235719680786133,-0.5216931700706482,5.0,0.07689516246318817,0.06417518854141235,0.30119118094444275,0.5216330289840698
1692309264.755198,"[label: ""height""
size: 3
stride: 15, label: ""width""
size: 5
stride: 5]",0,4.0,0.03839242085814476,0.06483832746744156,0.29397863149642944,-0.04632040485739708,3.0,0.0003560056793503463,0.0652923583984375,0.3051759898662567,-0.5007635354995728,5.0,0.07584518194198608,0.06486911326646805,0.30391058325767517,0.5367488861083984
1692309264.8584876,"[label: ""height""
size: 3
stride: 15, label: ""width""
size: 5
stride: 5]",0,4.0,0.037162285298109055,0.06494512408971786,0.2949443757534027,0.04306146875023842,3.0,-0.0007709326455369592,0.06548023223876953,0.30611634254455566,-0.5056986212730408,5.0,0.07459685951471329,0.06542817503213882,0.30593517422676086,0.5531314611434937
1692309264.9669814,"[label: ""height""
size: 3
stride: 15, label: ""width""
size: 5
stride: 5]",0,4.0,0.035232916474342346,0.06462754309177399,0.29500052332878113,0.03961203619837761,3.0,-0.0027792800683528185,0.06555365771055222,0.3082275092601776,-0.48814645409584045,5.0,0.07257254421710968,0.0651286393404007,0.3074636459350586,0.5445359349250793
1692309265.0690145,"[label: ""height""
size: 3
stride: 15, label: ""width""
size: 5
stride: 5]",0,4.0,0.034994397312402725,0.06513074785470963,0.29912886023521423,0.04479643329977989,3.0,-0.003284190082922578,0.065396748483181,0.3086645305156708,-0.4812507927417755,5.0,0.07169410586357117,0.06498841941356659,0.30799904465675354,0.5650356411933899
1692309265.1613476,"[label: ""height""
size: 3
stride: 15, label: ""width""
size: 5
stride: 5]",0,4.0,0.03418228402733803,0.06525954604148865,0.30023661255836487,-0.034528519958257675,3.0,-0.00392586225643754,0.06536319106817245,0.3090151250362396,-0.49440205097198486,5.0,0.0716133713722229,0.0656043142080307,0.31209596991539,0.5543692708015442
1692309265.2768116,"[label: ""height""
size: 3
stride: 15, label: ""width""
size: 5
stride: 5]",0,4.0,0.03332296386361122,0.06576105207204819,0.3031843900680542,0.011583383195102215,3.0,-0.004970903508365154,0.06585368514060974,0.312471866607666,-0.47127923369407654,5.0,0.07101073116064072,0.06622020155191422,0.31569960713386536,0.5554658770561218
1692309265.353581,"[label: ""height""
size: 3
stride: 15, label: ""width""
size: 5
stride: 5]",0,4.0,0.030554957687854767,0.066153384745121,0.3081057071685791,-0.014791043475270271,3.0,-0.007996897213160992,0.06624093651771545,0.31572622060775757,-0.48773643374443054,5.0,0.06741003692150116,0.06583163887262344,0.31637701392173767,0.5724278092384338
1692309265.4663565,"[label: ""height""
size: 3
stride: 15, label: ""width""
size: 5
stride: 5]",0,4.0,0.02890237607061863,0.06557714194059372,0.30515193939208984,-0.0005384237738326192,3.0,-0.009058799594640732,0.06614135205745697,0.3170226216316223,-0.47658973932266235,5.0,0.06567743420600891,0.06578218191862106,0.3161201775074005,0.5873250961303711
1692309265.5585005,"[label: ""height""
size: 3
stride: 15, label: ""width""
size: 5
stride: 5]",0,4.0,0.026229148730635643,0.0661221593618393,0.3100566864013672,0.03734211251139641,3.0,-0.01202038861811161,0.06635118275880814,0.3199608623981476,-0.4831100404262543,5.0,0.06333812326192856,0.06608062982559204,0.3213929831981659,0.5790303945541382
1692309265.6802356,"[label: ""height""
size: 3
stride: 15, label: ""width""
size: 5
stride: 5]",0,4.0,0.024929136037826538,0.06469312310218811,0.3079797625541687,0.047781649976968765,3.0,-0.013196888379752636,0.0653410330414772,0.3201644718647003,-0.4641052484512329,5.0,0.06242900714278221,0.06603153795003891,0.32492464780807495,0.5717830657958984
1692309265.769639,"[label: ""height""
size: 3
stride: 15, label: ""width""
size: 5
stride: 5]",0,4.0,0.022995194420218468,0.06642060726881027,0.3125554323196411,0.049424197524785995,3.0,-0.015150552615523338,0.06631208956241608,0.31975623965263367,-0.47525739669799805,5.0,0.060128044337034225,0.06665348261594772,0.32540372014045715,0.5973348617553711
1692309265.8458807,"[label: ""height""
size: 3
stride: 15, label: ""width""
size: 5
stride: 5]",0,4.0,0.02205350622534752,0.06667295843362808,0.31778034567832947,0.026737920939922333,3.0,-0.016635095700621605,0.0663682296872139,0.3232637941837311,-0.4810146689414978,5.0,0.058730028569698334,0.06679002195596695,0.3280479311943054,0.5940083861351013
1692309265.9699516,"[label: ""height""
size: 3
stride: 15, label: ""width""
size: 5
stride: 5]",0,4.0,0.019964618608355522,0.06508288532495499,0.31726738810539246,0.05266705900430679,3.0,-0.018202923238277435,0.06471492350101471,0.3229145407676697,-0.4785655438899994,5.0,0.056429751217365265,0.06501114368438721,0.3271414041519165,0.6008955836296082
1692309266.0870318,"[label: ""height""
size: 3
stride: 15, label: ""width""
size: 5
stride: 5]",0,4.0,0.01892809011042118,0.0661318302154541,0.317318320274353,0.05279834195971489,3.0,-0.01949840411543846,0.06694355607032776,0.3272992670536041,-0.45274975895881653,5.0,0.055919285863637924,0.06725532561540604,0.3329549729824066,0.5972727537155151
1692309266.1563706,"[label: ""height""
size: 3
stride: 15, label: ""width""
size: 5
stride: 5]",0,4.0,0.018368367105722427,0.0662669688463211,0.320707768201828,0.08266524225473404,3.0,-0.020748259499669075,0.06720880419015884,0.332608163356781,-0.4379424452781677,5.0,0.0553123876452446,0.06699713319540024,0.3350788652896881,0.6047878861427307
1692309266.2632732,"[label: ""height""
size: 3
stride: 15, label: ""width""
size: 5
stride: 5]",0,4.0,0.01722315326333046,0.06619639694690704,0.3231233060359955,0.12807677686214447,3.0,-0.021337848156690598,0.06641009449958801,0.33124101161956787,-0.4272093176841736,5.0,0.05374680086970329,0.06637780368328094,0.33470022678375244,0.620720386505127
1692309266.3445292,"[label: ""height""
size: 3
stride: 15, label: ""width""
size: 5
stride: 5]",0,4.0,0.01707884669303894,0.06659184396266937,0.32394319772720337,0.06688351929187775,3.0,-0.021768683567643166,0.06712812185287476,0.33360904455184937,-0.44466444849967957,5.0,0.05320240929722786,0.06638161092996597,0.33472123742103577,0.6219914555549622
1692309266.4565508,"[label: ""height""
size: 3
stride: 15, label: ""width""
size: 5
stride: 5]",0,4.0,0.017313411459326744,0.06486678123474121,0.3255422115325928,0.08695326745510101,3.0,-0.02127094380557537,0.06496409326791763,0.33224761486053467,-0.4385746717453003,5.0,0.05416835844516754,0.06548113375902176,0.3400041460990906,0.6168622970581055
1692309266.5542698,"[label: ""height""
size: 3
stride: 15, label: ""width""
size: 5
stride: 5]",0,4.0,0.017306918278336525,0.06574642658233643,0.3251042068004608,0.10457483679056168,3.0,-0.021318381652235985,0.06651247292757034,0.33523836731910706,-0.43668052554130554,5.0,0.05391562730073929,0.06651352345943451,0.34105250239372253,0.6257319450378418
1692309266.6533575,"[label: ""height""
size: 3
stride: 15, label: ""width""
size: 5
stride: 5]",0,4.0,0.017900360748171806,0.06547827273607254,0.32703325152397156,0.056374382227659225,3.0,-0.020929411053657532,0.0666465312242508,0.33802759647369385,-0.4240480065345764,5.0,0.05467896908521652,0.06669024378061295,0.3441532850265503,0.6155409216880798
1692309266.750509,"[label: ""height""
size: 3
stride: 15, label: ""width""
size: 5
stride: 5]",0,4.0,0.019000573083758354,0.06478157639503479,0.3296813666820526,0.06846950948238373,3.0,-0.019665852189064026,0.06483868509531021,0.3350920081138611,-0.4418521821498871,5.0,0.05498374253511429,0.06449238210916519,0.34073251485824585,0.6463006734848022
1692309266.8498604,"[label: ""height""
size: 3
stride: 15, label: ""width""
size: 5
stride: 5]",0,4.0,0.019451672211289406,0.06570849567651749,0.3297671973705292,0.11442319303750992,3.0,-0.019271789118647575,0.0660952776670456,0.3380421996116638,-0.42827609181404114,5.0,0.05554967001080513,0.06615067273378372,0.34429609775543213,0.6355843544006348
1692309266.9598103,"[label: ""height""
size: 3
stride: 15, label: ""width""
size: 5
stride: 5]",0,4.0,0.020802335813641548,0.06523642688989639,0.33210626244544983,0.1026807352900505,3.0,-0.01816527731716633,0.06553809344768524,0.33802375197410583,-0.4312904477119446,5.0,0.05744430422782898,0.06572194397449493,0.347265362739563,0.6465957760810852
1692309267.0609365,"[label: ""height""
size: 3
stride: 15, label: ""width""
size: 5
stride: 5]",0,4.0,0.02116088569164276,0.06511044502258301,0.33197683095932007,0.05622616037726402,3.0,-0.0175710991024971,0.06585896760225296,0.34033524990081787,-0.4012603461742401,5.0,0.05777716264128685,0.06562512367963791,0.3467021584510803,0.6361604332923889
1692309267.1366508,"[label: ""height""
size: 3
stride: 15, label: ""width""
size: 5
stride: 5]",0,4.0,0.02204553224146366,0.06650388240814209,0.3371725380420685,0.06014246493577957,3.0,-0.017019717022776604,0.06643745303153992,0.3404512405395508,-0.40195634961128235,5.0,0.05782505124807358,0.06579866260290146,0.3461235761642456,0.6486057043075562
1692309267.2386105,"[label: ""height""
size: 3
stride: 15, label: ""width""
size: 5
stride: 5]",0,4.0,0.022201867774128914,0.06424306333065033,0.3327076733112335,0.10289651900529861,3.0,-0.016576960682868958,0.0641985759139061,0.3367014527320862,-0.4254136085510254,5.0,0.05854655057191849,0.06454861909151077,0.3470580279827118,0.6445440649986267
1692309267.339317,"[label: ""height""
size: 3
stride: 15, label: ""width""
size: 5
stride: 5]",0,4.0,0.021987995132803917,0.06610871106386185,0.3343982398509979,0.04406021907925606,3.0,-0.016888931393623352,0.06652028858661652,0.3409002721309662,-0.3806491792201996,5.0,0.05782505124807358,0.06579866260290146,0.3461235761642456,0.6486057043075562
1692309267.4491808,"[label: ""height""
size: 3
stride: 15, label: ""width""
size: 5
stride: 5]",0,4.0,0.022201867774128914,0.06424306333065033,0.3327076733112335,0.10289651900529861,3.0,-0.01665325090289116,0.06492984294891357,0.3413902223110199,-0.4147680401802063,5.0,0.05854655057191849,0.06454861909151077,0.3470580279827118,0.6445440649986267
1692309267.5516214,"[label: ""height""
size: 3
stride: 15, label: ""width""
size: 5
stride: 5]",0,4.0,0.02149474062025547,0.06650818884372711,0.33719602227211,0.06033211201429367,3.0,-0.017488202080130577,0.06657412648200989,0.3417985141277313,-0.3759661018848419,5.0,0.05783156305551529,0.06632259488105774,0.3496387004852295,0.6397153735160828
1692309267.6640103,"[label: ""height""
size: 3
stride: 15, label: ""width""
size: 5
stride: 5]",0,4.0,0.021116770803928375,0.06425555050373077,0.3327789306640625,0.1036667674779892,3.0,-0.017563777044415474,0.06471605598926544,0.34017664194107056,-0.40228915214538574,5.0,0.05722466856241226,0.06450139731168747,0.34677979350090027,0.6591673493385315
1692309267.7543943,"[label: ""height""
size: 3
stride: 15, label: ""width""
size: 5
stride: 5]",0,4.0,0.020576389506459236,0.06611254811286926,0.33504006266593933,0.10645445436239243,3.0,-0.018335571512579918,0.06663583964109421,0.3415449857711792,-0.4094301462173462,5.0,0.05669281631708145,0.06632868945598602,0.3496742248535156,0.6422951221466064
1692309267.871883,"[label: ""height""
size: 3
stride: 15, label: ""width""
size: 5
stride: 5]",0,4.0,0.02062132954597473,0.06555701047182083,0.33808591961860657,0.10559109598398209,3.0,-0.018595093861222267,0.06541437655687332,0.34157323837280273,-0.37460047006607056,5.0,0.05695757269859314,0.06580819934606552,0.35222628712654114,0.6473339796066284
1692309267.960612,"[label: ""height""
size: 3
stride: 15, label: ""width""
size: 5
stride: 5]",0,3.0,-0.019671153277158737,0.06706097722053528,0.34080207347869873,-0.37416598200798035,5.0,0.055322010070085526,0.06696616858243942,0.3500463664531708,0.666832447052002,4.0,0.01952276937663555,0.06725174188613892,0.33826443552970886,0.10460640490055084
1692309268.0541713,"[label: ""height""
size: 3
stride: 15, label: ""width""
size: 5
stride: 5]",0,4.0,0.02007143944501877,0.06612391769886017,0.3381577730178833,0.10540138185024261,3.0,-0.019107623025774956,0.06592216342687607,0.3406784236431122,-0.3764161169528961,5.0,0.055864106863737106,0.06578512489795685,0.34985023736953735,0.666029155254364
1692309268.184435,"[label: ""height""
size: 3
stride: 15, label: ""width""
size: 5
stride: 5]",0,4.0,0.02047591470181942,0.06685665994882584,0.3350747227668762,0.14852169156074524,3.0,-0.018563957884907722,0.06764736026525497,0.3409546911716461,-0.3759767711162567,5.0,0.05638608708977699,0.06715385615825653,0.3495348393917084,0.6665850877761841
1692309268.2564986,"[label: ""height""
size: 3
stride: 15, label: ""width""
size: 5
stride: 5]",0,4.0,0.021030614152550697,0.06620942056179047,0.3350817561149597,0.15379847586154938,3.0,-0.01834121160209179,0.06625992804765701,0.33947035670280457,-0.3678117096424103,5.0,0.05676945298910141,0.06640705466270447,0.3501339852809906,0.684978723526001
1692309268.3539405,"[label: ""height""
size: 3
stride: 15, label: ""width""
size: 5
stride: 5]",0,4.0,0.021549813449382782,0.06696423143148422,0.33264362812042236,0.1402726173400879,3.0,-0.017506662756204605,0.06694964319467545,0.3366653323173523,-0.3700959086418152,5.0,0.05699615180492401,0.06710771471261978,0.3471162021160126,0.6808387637138367
1692309268.4954324,"[label: ""height""
size: 3
stride: 15, label: ""width""
size: 5
stride: 5]",0,4.0,0.0224619060754776,0.06537937372922897,0.32945218682289124,0.18314695358276367,3.0,-0.016549933701753616,0.06692929565906525,0.3400786221027374,-0.3478904068470001,5.0,0.05879781395196915,0.06720250844955444,0.3520096242427826,0.6768708825111389
1692309268.5649574,"[label: ""height""
size: 3
stride: 15, label: ""width""
size: 5
stride: 5]",0,4.0,0.023037491366267204,0.06688196957111359,0.33020466566085815,0.16405843198299408,3.0,-0.015825707465410233,0.06747935712337494,0.3359752595424652,-0.376325398683548,5.0,0.058605533093214035,0.0675731971859932,0.34654054045677185,0.6993340253829956
1692309268.6697052,"[label: ""height""
size: 3
stride: 15, label: ""width""
size: 5
stride: 5]",0,4.0,0.023537853732705116,0.0659143328666687,0.3294261693954468,0.1811095029115677,3.0,-0.015695247799158096,0.0659923180937767,0.3333718776702881,-0.3579690456390381,5.0,0.05880524218082428,0.06649815291166306,0.3468879759311676,0.7085617184638977
1692309268.7437387,"[label: ""height""
size: 3
stride: 15, label: ""width""
size: 5
stride: 5]",0,4.0,0.023941848427057266,0.06729692965745926,0.32909348607063293,0.2096673846244812,3.0,-0.015283937565982342,0.06759508699178696,0.33367660641670227,-0.335615873336792,5.0,0.05872420221567154,0.06747312843799591,0.34388062357902527,0.7244117259979248
1692309268.8550258,"[label: ""height""
size: 3
stride: 15, label: ""width""
size: 5
stride: 5]",0,4.0,0.02445553056895733,0.06636860221624374,0.32699650526046753,0.20147401094436646,3.0,-0.014479566365480423,0.06659121811389923,0.3307260572910309,-0.3399809002876282,5.0,0.059773270040750504,0.06760790944099426,0.34673747420310974,0.7167660593986511
1692309268.9515655,"[label: ""height""
size: 3
stride: 15, label: ""width""
size: 5
stride: 5]",0,3.0,-0.014794792979955673,0.06740274280309677,0.3287530541419983,-0.3316595256328583,5.0,0.059246890246868134,0.06814511865377426,0.34447720646858215,0.7321570515632629,4.0,0.024622995406389236,0.06809636950492859,0.32954686880111694,0.17738164961338043
1692309269.0626593,"[label: ""height""
size: 4
stride: 20, label: ""width""
size: 5
stride: 5]",0,4.0,0.02523070015013218,0.06725138425827026,0.3273986876010895,0.13300828635692596,3.0,-0.01400639396160841,0.066414013504982,0.32588228583335876,-0.3361342251300812,5.0,0.06008246913552284,0.06769617646932602,0.34360772371292114,0.7426285147666931,0.0,-0.15208302438259125,0.07301733642816544,0.752658486366272,0.3689606487751007
1692309269.1627266,"[label: ""height""
size: 4
stride: 20, label: ""width""
size: 5
stride: 5]",0,4.0,0.025530381128191948,0.06799086183309555,0.327075332403183,0.1983310878276825,3.0,-0.014122018590569496,0.06802497059106827,0.3291753828525543,-0.30778491497039795,5.0,0.06068834289908409,0.06893511116504669,0.34628891944885254,0.7258737683296204,0.0,-0.1544276922941208,0.07469366490840912,0.7475136518478394,0.31848448514938354
1692309269.2601936,"[label: ""height""
size: 4
stride: 20, label: ""width""
size: 5
stride: 5]",0,4.0,0.024892017245292664,0.06724800169467926,0.3222384452819824,0.19579823315143585,3.0,-0.014126085676252842,0.06759776920080185,0.32595354318618774,-0.3125663101673126,5.0,0.05961008369922638,0.068133145570755,0.34087303280830383,0.7483178973197937,0.0,-0.16370102763175964,0.07531622052192688,0.764496386051178,0.01190231740474701
1692309269.353395,"[label: ""height""
size: 4
stride: 20, label: ""width""
size: 5
stride: 5]",0,4.0,0.024175196886062622,0.06676865369081497,0.31931328773498535,0.2302933633327484,3.0,-0.014731448143720627,0.06685633212327957,0.3216424882411957,-0.30601438879966736,5.0,0.0590551383793354,0.06813633441925049,0.3408905863761902,0.7496549487113953,0.0,-0.16617931425571442,0.07572066783905029,0.7551028728485107,0.38814684748649597
1692309269.4739954,"[label: ""height""
size: 4
stride: 20, label: ""width""
size: 5
stride: 5]",0,4.0,0.024318182840943336,0.06798163056373596,0.3214859962463379,0.20841768383979797,3.0,-0.015235833823680878,0.06738962233066559,0.3211522102355957,-0.3054393529891968,5.0,0.0581619031727314,0.06806698441505432,0.33648714423179626,0.7692631483078003,0.0,-0.16943734884262085,0.07551855593919754,0.750443696975708,0.43938159942626953
1692309269.5555894,"[label: ""height""
size: 4
stride: 20, label: ""width""
size: 5
stride: 5]",0,4.0,0.023783113807439804,0.06689782440662384,0.31731483340263367,0.2502133250236511,3.0,-0.015283796004951,0.06706762313842773,0.3194872736930847,-0.296714723110199,5.0,0.057743605226278305,0.06735941022634506,0.33564403653144836,0.7717975974082947,0.0,-0.16802123188972473,0.07254684716463089,0.7294046878814697,0.28559476137161255
1692309269.6722825,"[label: ""height""
size: 4
stride: 20, label: ""width""
size: 5
stride: 5]",0,4.0,0.02372126281261444,0.06708894670009613,0.31469714641571045,0.25249382853507996,3.0,-0.015324124135077,0.06758945435285568,0.3176664113998413,-0.28930550813674927,5.0,0.0577743798494339,0.06849353015422821,0.3358251452445984,0.7713480591773987,0.0,-0.17706049978733063,0.07696501910686493,0.7551891803741455,0.29061099886894226
1692309269.7461767,"[label: ""height""
size: 4
stride: 20, label: ""width""
size: 5
stride: 5]",0,4.0,0.0239570289850235,0.06684037297964096,0.31605106592178345,0.26043951511383057,3.0,-0.015060056932270527,0.0673925057053566,0.31849387288093567,-0.23812320828437805,5.0,0.05786962807178497,0.06742222607135773,0.3339863419532776,0.7838181853294373,0.0,-0.17964108288288116,0.07577244937419891,0.7556423544883728,0.2954869866371155
1692309269.8441803,"[label: ""height""
size: 4
stride: 20, label: ""width""
size: 5
stride: 5]",0,4.0,0.025426305830478668,0.06717777252197266,0.31337663531303406,0.25970739126205444,3.0,-0.013577939011156559,0.06680119782686234,0.31323519349098206,-0.288971871137619,5.0,0.05934317409992218,0.06805457919836044,0.3330397605895996,0.7820996046066284,0.0,-0.17277337610721588,0.07302697002887726,0.7195756435394287,0.42548152804374695
1692309269.971729,"[label: ""height""
size: 4
stride: 20, label: ""width""
size: 5
stride: 5]",0,4.0,0.02613937109708786,0.06707681715488434,0.3146255612373352,0.2225419133901596,3.0,-0.0129346689209342,0.06663589179515839,0.31368404626846313,-0.2648681700229645,5.0,0.06008525565266609,0.06757380813360214,0.333389550447464,0.7889513969421387,0.0,-0.17461857199668884,0.07159870862960815,0.7182863354682922,0.19205068051815033
1692309270.0851002,"[label: ""height""
size: 4
stride: 20, label: ""width""
size: 5
stride: 5]",0,4.0,0.02767384611070156,0.0670543685555458,0.31451234221458435,0.22016124427318573,3.0,-0.011565069667994976,0.06629513204097748,0.3119737505912781,-0.23671099543571472,5.0,0.061713848263025284,0.06756523251533508,0.333342581987381,0.7849056720733643,0.0,-0.18176227807998657,0.07492534071207047,0.7442805171012878,0.4349291920661926
1692309270.1853168,"[label: ""height""
size: 4
stride: 20, label: ""width""
size: 5
stride: 5]",0,3.0,-0.011294154450297356,0.06636352092027664,0.3113585114479065,-0.243162602186203,4.0,0.027928277850151062,0.06660068780183792,0.311288058757782,0.24901963770389557,5.0,0.06175559386610985,0.06700499355792999,0.32989612221717834,0.7998577356338501,0.0,-0.18221308290958405,0.0736098363995552,0.7335939407348633,0.2749828100204468
1692309270.279129,"[label: ""height""
size: 4
stride: 20, label: ""width""
size: 5
stride: 5]",0,3.0,-0.011106876656413078,0.06604348868131638,0.3097536861896515,-0.23806777596473694,4.0,0.0282390546053648,0.06597154587507248,0.3089139759540558,0.2659534513950348,5.0,0.06085185706615448,0.06558050215244293,0.32358938455581665,0.8110389113426208,0.0,-0.18579833209514618,0.07401930540800095,0.7333479523658752,0.17586269974708557
1692309270.3703222,"[label: ""height""
size: 4
stride: 20, label: ""width""
size: 5
stride: 5]",0,3.0,-0.011091308668255806,0.06580697000026703,0.3050999045372009,-0.2605498135089874,4.0,0.028010254725813866,0.06600771099328995,0.3061424195766449,0.2912156581878662,5.0,0.06125454604625702,0.06668996065855026,0.3257504105567932,0.8065445423126221,0.0,-0.18905140459537506,0.07278898358345032,0.7197309732437134,0.3549283742904663
1692309270.4724257,"[label: ""height""
size: 4
stride: 20, label: ""width""
size: 5
stride: 5]",0,3.0,-0.011687759310007095,0.06606912612915039,0.3047473728656769,-0.2428901642560959,4.0,0.027428150177001953,0.06614167988300323,0.305132120847702,0.30257293581962585,5.0,0.06058734655380249,0.06695033609867096,0.32576262950897217,0.8179119825363159,0.0,-0.19186806678771973,0.0733567401766777,0.7136626839637756,0.28389352560043335
1692309270.5440094,"[label: ""height""
size: 4
stride: 20, label: ""width""
size: 5
stride: 5]",0,3.0,-0.011732020415365696,0.06627552211284637,0.3028075098991394,-0.23282788693904877,4.0,0.027579518035054207,0.06674043089151382,0.30563709139823914,0.2802812159061432,5.0,0.06012563407421112,0.0668305903673172,0.32325276732444763,0.8225233554840088,0.0,-0.1999346911907196,0.07571914792060852,0.7228476405143738,0.36006274819374084
1692309270.656562,"[label: ""height""
size: 4
stride: 20, label: ""width""
size: 5
stride: 5]",0,3.0,-0.012268892489373684,0.06640009582042694,0.300606906414032,-0.23711997270584106,4.0,0.02672140672802925,0.06669388711452484,0.3025350868701935,0.32558026909828186,5.0,0.059522997587919235,0.06728613376617432,0.32287371158599854,0.842069685459137,0.0,-0.19391794502735138,0.072866290807724,0.6899362206459045,0.37990331649780273
1692309270.7658832,"[label: ""height""
size: 4
stride: 20, label: ""width""
size: 5
stride: 5]",0,3.0,-0.012868699617683887,0.06691499054431915,0.3010990023612976,-0.19711202383041382,4.0,0.026091566309332848,0.06645572185516357,0.300871342420578,0.33324912190437317,5.0,0.058678146451711655,0.06737440824508667,0.32333409786224365,0.8523119688034058,0.0,-0.20449984073638916,0.07588526606559753,0.7130110859870911,0.38849401473999023
1692309270.9111493,"[label: ""height""
size: 5
stride: 25, label: ""width""
size: 5
stride: 5]",0,3.0,-0.013620023615658283,0.0670698806643486,0.2985992431640625,-0.19546739757061005,4.0,0.025353306904435158,0.06687811762094498,0.29939377307891846,0.33353638648986816,5.0,0.05693785101175308,0.06719648838043213,0.3187464773654938,0.8715216517448425,0.0,-0.20489820837974548,0.07541531324386597,0.6926788091659546,0.3932373523712158,1.0,-0.17522229254245758,0.07652217894792557,0.7251846790313721,0.9957559704780579
1692309270.9610074,"[label: ""height""
size: 5
stride: 25, label: ""width""
size: 5
stride: 5]",0,3.0,-0.014011228457093239,0.06738083064556122,0.2973478138446808,-0.15312257409095764,4.0,0.024871855974197388,0.06739062070846558,0.2994992136955261,0.33405229449272156,5.0,0.05685833841562271,0.06786051392555237,0.32127276062965393,0.8684828281402588,0.0,-0.21261613070964813,0.07706637680530548,0.702259361743927,0.4225163161754608,1.0,-0.18667179346084595,0.07972424477338791,0.7496443390846252,0.9153854250907898
1692309271.0841026,"[label: ""height""
size: 5
stride: 25, label: ""width""
size: 5
stride: 5]",0,3.0,-0.015270653180778027,0.06736381351947784,0.2945578694343567,-0.2170005440711975,4.0,0.02346920035779476,0.06753011047840118,0.29855936765670776,0.35839757323265076,5.0,0.05492408201098442,0.06806360185146332,0.3192199170589447,0.8937456011772156,0.0,-0.21723251044750214,0.07795704901218414,0.69635409116745,0.11461429297924042,1.0,-0.1865302473306656,0.07890890538692474,0.725287675857544,0.9652039408683777
1692309271.175391,"[label: ""height""
size: 5
stride: 25, label: ""width""
size: 5
stride: 5]",0,3.0,-0.015942884609103203,0.06762386113405228,0.29464244842529297,-0.15772399306297302,4.0,0.02279895730316639,0.06705836206674576,0.2959340214729309,0.3796641230583191,5.0,0.05440380796790123,0.06806624680757523,0.3192337453365326,0.8951514363288879,0.0,-0.22330640256404877,0.07815548777580261,0.6970332860946655,0.42180168628692627,1.0,-0.19236919283866882,0.07898425310850143,0.7260286808013916,0.9480795860290527
1692309271.2723908,"[label: ""height""
size: 5
stride: 25, label: ""width""
size: 5
stride: 5]",0,3.0,-0.016336843371391296,0.06798359751701355,0.2948017418384552,-0.1820049285888672,4.0,0.022503314539790154,0.0680508092045784,0.29870861768722534,0.36001792550086975,5.0,0.05397023633122444,0.06844078749418259,0.31976282596588135,0.8950096964836121,0.0,-0.2260701060295105,0.07858604937791824,0.6905227899551392,0.31371235847473145,1.0,-0.19660106301307678,0.08008766174316406,0.7251942753791809,0.9309700727462769
1692309271.357547,"[label: ""height""
size: 5
stride: 25, label: ""width""
size: 5
stride: 5]",0,3.0,-0.015847565606236458,0.06680281460285187,0.2922407388687134,-0.1903950721025467,4.0,0.022901801392436028,0.06712925434112549,0.2974115014076233,0.3694058060646057,5.0,0.05423086881637573,0.06792205572128296,0.31979426741600037,0.9110012054443359,0.0,-0.22616447508335114,0.07609882950782776,0.6872283816337585,0.20566213130950928,1.0,-0.2013508677482605,0.07940849661827087,0.738217830657959,0.9102106690406799
1692309271.4538054,"[label: ""height""
size: 5
stride: 25, label: ""width""
size: 5
stride: 5]",0,3.0,-0.015875015407800674,0.06808678060770035,0.2930033802986145,-0.17724761366844177,4.0,0.022809501737356186,0.06806036829948425,0.2960851192474365,0.37863612174987793,5.0,0.054263416677713394,0.06900899112224579,0.3199884593486786,0.9105544090270996,0.0,-0.22678889334201813,0.07871747761964798,0.6817159652709961,0.3705666959285736,1.0,-0.20022223889827728,0.08129766583442688,0.7254031300544739,0.9367460608482361
1692309271.5618758,"[label: ""height""
size: 5
stride: 25, label: ""width""
size: 5
stride: 5]",0,3.0,-0.01603476144373417,0.06715312600135803,0.2924381494522095,-0.1271331012248993,4.0,0.02279895730316639,0.06705836206674576,0.2959340214729309,0.3796641230583191,5.0,0.05380323529243469,0.06788451224565506,0.3196031451225281,0.9206812977790833,0.0,-0.22740523517131805,0.07662311941385269,0.6802672743797302,0.4064078629016876,1.0,-0.20563578605651855,0.08033023029565811,0.7359327673912048,-0.3313828706741333
1692309271.6650224,"[label: ""height""
size: 5
stride: 25, label: ""width""
size: 5
stride: 5]",0,3.0,-0.015507224015891552,0.0678190365433693,0.29133811593055725,-0.1355067640542984,4.0,0.023168426007032394,0.0678546205163002,0.2958819270133972,0.39611148834228516,5.0,0.054099854081869125,0.06854143738746643,0.319012314081192,0.9127606749534607,0.0,-0.2259681224822998,0.0774153620004654,0.6702343821525574,0.4078870117664337,1.0,-0.20380063354969025,0.08130285143852234,0.7254527807235718,0.9428242444992065
1692309271.7518325,"[label: ""height""
size: 5
stride: 25, label: ""width""
size: 5
stride: 5]",0,3.0,-0.014809498563408852,0.0675499364733696,0.2912999391555786,-0.156183123588562,4.0,0.024080222472548485,0.06768922507762909,0.296627938747406,0.4019606411457062,5.0,0.05455297976732254,0.06799712032079697,0.3171180784702301,0.9301440119743347,0.0,-0.23022614419460297,0.07787611335515976,0.6784552931785583,0.2022348940372467,1.0,-0.19840675592422485,0.07811891287565231,0.7022178173065186,0.9842467904090881
1692309271.8646502,"[label: ""height""
size: 5
stride: 25, label: ""width""
size: 5
stride: 5]",0,3.0,-0.01433041226118803,0.06766209751367569,0.29143044352531433,-0.1474541425704956,4.0,0.02436278574168682,0.0672045350074768,0.29396745562553406,0.4186452627182007,5.0,0.05542609468102455,0.06919993460178375,0.3214840590953827,0.9310289025306702,0.0,-0.23143282532691956,0.07790914922952652,0.6787349581718445,0.20299796760082245,1.0,-0.20305749773979187,0.07977563142776489,0.7145032286643982,0.9655030369758606
1692309271.9649546,"[label: ""height""
size: 5
stride: 25, label: ""width""
size: 5
stride: 5]",0,3.0,-0.013608358800411224,0.06834303587675095,0.29155197739601135,-0.1360926777124405,4.0,0.025324631482362747,0.06768853962421417,0.29397791624069214,0.4158514738082886,5.0,0.05586591362953186,0.06915868818759918,0.3194723427295685,0.9319854974746704,0.0,-0.2287934422492981,0.07761792838573456,0.666989266872406,0.190845787525177,1.0,-0.2007569968700409,0.07928766310214996,0.7023918628692627,0.9879460334777832
1692309272.0857258,"[label: ""height""
size: 6
stride: 30, label: ""width""
size: 5
stride: 5]",0,3.0,-0.013218171894550323,0.06702478975057602,0.291058212518692,-0.12667451798915863,4.0,0.02552049420773983,0.06716539710760117,0.2964472472667694,0.39905011653900146,5.0,0.05652891471982002,0.06867484748363495,0.323291152715683,0.9262513518333435,0.0,-0.23173734545707703,0.07544150203466415,0.6692104935646057,0.2160700410604477,1.0,-0.20476923882961273,0.07757575809955597,0.7103073596954346,0.9270372986793518,2.0,-0.19320282340049744,0.07954984903335571,0.7628278136253357,1.4655307531356812
1692309272.1722949,"[label: ""height""
size: 6
stride: 30, label: ""width""
size: 5
stride: 5]",0,3.0,-0.013406919315457344,0.06774020195007324,0.2895289957523346,-0.14552372694015503,4.0,0.02539096027612686,0.06844310462474823,0.2978956401348114,0.390371710062027,5.0,0.05612825229763985,0.06925995647907257,0.32176509499549866,0.9372086524963379,0.0,-0.23277647793293,0.0773610845208168,0.6653465032577515,0.3793770670890808,1.0,-0.2126215696334839,0.08127066493034363,0.7251447439193726,0.9047666192054749,2.0,-0.19577264785766602,0.08207676559686661,0.7631009817123413,1.4688185453414917
1692309272.2896435,"[label: ""height""
size: 6
stride: 30, label: ""width""
size: 5
stride: 5]",0,3.0,-0.014166293665766716,0.06652356684207916,0.29094311594963074,-0.12658841907978058,4.0,0.024633528664708138,0.06630053371191025,0.29582130908966064,0.4191831350326538,5.0,0.054530803114175797,0.06642825156450272,0.31707608699798584,0.9627236723899841,0.0,-0.23764337599277496,0.07448334246873856,0.6704068779945374,0.2175655961036682,1.0,-0.21057216823101044,0.07640740275382996,0.7102605104446411,0.9375518560409546,2.0,-0.19991610944271088,0.0790039598941803,0.7636165618896484,-0.9292705059051514
1692309272.376697,"[label: ""height""
size: 5
stride: 25, label: ""width""
size: 5
stride: 5]",0,3.0,-0.015121466480195522,0.0676204189658165,0.2889539301395416,-0.11149872094392776,4.0,0.02348904311656952,0.06761496514081955,0.2951675057411194,0.41251736879348755,5.0,0.05376449227333069,0.06874886155128479,0.3218533396720886,0.960062563419342,0.0,-0.2447361946105957,0.07826294004917145,0.6817240118980408,0.20970194041728973,1.0,-0.218589186668396,0.08128083497285843,0.7252417802810669,0.9152266383171082
1692309272.456033,"[label: ""height""
size: 5
stride: 25, label: ""width""
size: 5
stride: 5]",0,3.0,-0.015904683619737625,0.06685694307088852,0.2887425720691681,-0.07855547964572906,4.0,0.022633347660303116,0.0669136643409729,0.2948795557022095,0.4319353401660919,5.0,0.05269872397184372,0.06820700317621231,0.32178065180778503,0.9631476998329163,0.0,-0.24358335137367249,0.07641688734292984,0.6665958762168884,0.3911491930484772,1.0,-0.2233131229877472,0.08008347451686859,0.7251531481742859,0.9239391684532166
1692309272.5614948,"[label: ""height""
size: 5
stride: 25, label: ""width""
size: 5
stride: 5]",0,3.0,-0.01747499406337738,0.06710074841976166,0.28873980045318604,-0.11077678203582764,4.0,0.020904719829559326,0.06729990988969803,0.2959705889225006,0.4437652826309204,5.0,0.05096225067973137,0.06818109005689621,0.32165080308914185,0.9762660264968872,0.0,-0.25106367468833923,0.07684993743896484,0.6705385446548462,0.4027593731880188,1.0,-0.22472131252288818,0.07879690080881119,0.7108585238456726,0.9617215394973755
1692309272.6557577,"[label: ""height""
size: 5
stride: 25, label: ""width""
size: 5
stride: 5]",0,3.0,-0.019429886713624,0.06766436249017715,0.29026609659194946,-0.07264997065067291,4.0,0.018977664411067963,0.0673290491104126,0.2961095869541168,0.44864192605018616,5.0,0.048732686787843704,0.06843050569295883,0.323449969291687,0.9730730652809143,0.0,-0.2618400752544403,0.07885546237230301,0.6820558309555054,0.32498979568481445,1.0,-0.23574043810367584,0.08125720918178558,0.725016176700592,0.8897965550422668
1692309272.759157,"[label: ""height""
size: 5
stride: 25, label: ""width""
size: 5
stride: 5]",0,3.0,-0.020922360941767693,0.06570111960172653,0.29003456234931946,-0.03796682879328728,4.0,0.017375336959958076,0.06488516181707382,0.29326650500297546,0.47085800766944885,5.0,0.046612244099378586,0.06607075780630112,0.32164713740348816,0.996874213218689,0.0,-0.26533767580986023,0.07519213855266571,0.6755470633506775,0.5369998812675476,1.0,-0.23669232428073883,0.07639086246490479,0.7100996375083923,0.9320662021636963
1692309272.862283,"[label: ""height""
size: 5
stride: 25, label: ""width""
size: 5
stride: 5]",0,3.0,-0.022740788757801056,0.067137710750103,0.29002809524536133,-0.07306412607431412,4.0,0.01559727918356657,0.0668773502111435,0.29627126455307007,0.45783907175064087,5.0,0.044768497347831726,0.06792201101779938,0.3235684037208557,1.0005903244018555,0.0,-0.26288893818855286,0.07539617270231247,0.6575400233268738,0.3976379632949829,1.0,-0.241496741771698,0.07876419275999069,0.7105470895767212,0.9399706125259399
1692309272.9637835,"[label: ""height""
size: 6
stride: 30, label: ""width""
size: 5
stride: 5]",0,3.0,-0.02437019720673561,0.06579168885946274,0.28817564249038696,-0.07642782479524612,4.0,0.013970756903290749,0.06607155501842499,0.297544002532959,0.4846521317958832,5.0,0.043021928519010544,0.06732245534658432,0.3264242112636566,1.0021599531173706,0.0,-0.27463990449905396,0.07647997885942459,0.6772385835647583,0.4418075978755951,1.0,-0.24612635374069214,0.07759267091751099,0.7104741334915161,0.9488010406494141,2.0,-0.2322269231081009,0.07868493348360062,0.7516013383865356,1.524627685546875
1692309273.0775778,"[label: ""height""
size: 5
stride: 25, label: ""width""
size: 5
stride: 5]",0,3.0,-0.026130180805921555,0.06613162904977798,0.2898142337799072,-0.03832606226205826,4.0,0.012156554497778416,0.06617391854524612,0.2980448007583618,0.4738807678222656,5.0,0.040415674448013306,0.06606410443782806,0.3216160237789154,1.0226787328720093,0.0,-0.2705702781677246,0.07371103018522263,0.6583268642425537,0.21711662411689758,1.0,-0.2495827078819275,0.07641886174678802,0.7103761434555054,0.9554972052574158
1692309273.1598704,"[label: ""height""
size: 5
stride: 25, label: ""width""
size: 5
stride: 5]",0,3.0,-0.027165092527866364,0.06684612482786179,0.29132378101348877,0.014470580965280533,4.0,0.011059198528528214,0.06611351668834686,0.297749787569046,0.4925437271595001,5.0,0.03982333466410637,0.06733539700508118,0.32649457454681396,1.0111055374145508,0.0,-0.2739841341972351,0.0746934786438942,0.6609258651733398,0.40982499718666077,1.0,-0.24963413178920746,0.07698176056146622,0.702350914478302,1.02656090259552
1692309273.2649934,"[label: ""height""
size: 5
stride: 25, label: ""width""
size: 5
stride: 5]",0,3.0,-0.02778145857155323,0.06509524583816528,0.2897672653198242,-0.03245513513684273,4.0,0.010356156155467033,0.06484110653400421,0.29871228337287903,0.4892312288284302,5.0,0.03899234160780907,0.06569754332304001,0.3263225257396698,1.0303950309753418,0.0,-0.27644622325897217,0.07260572910308838,0.6616423726081848,0.4171043932437897,1.0,-0.2553819417953491,0.07525013387203217,0.7103258967399597,0.9664568305015564
1692309273.3753808,"[label: ""height""
size: 5
stride: 25, label: ""width""
size: 5
stride: 5]",0,3.0,-0.02825464867055416,0.06509198993444443,0.2897513806819916,-0.032423876225948334,4.0,0.00978020764887333,0.06520188599824905,0.29971131682395935,0.4975799024105072,5.0,0.03817644342780113,0.06627775728702545,0.32851845026016235,1.0304951667785645,0.0,-0.2785438299179077,0.07273071259260178,0.6584572196006775,0.600704550743103,1.0,-0.25896069407463074,0.07535526901483536,0.7113655805587769,0.9431023001670837
1692309273.4747908,"[label: ""height""
size: 6
stride: 30, label: ""width""
size: 5
stride: 5]",0,3.0,-0.029100928455591202,0.06536132097244263,0.29261085391044617,-0.002267563948407769,4.0,0.009064942598342896,0.06476687639951706,0.3004862368106842,0.49734681844711304,5.0,0.03743816912174225,0.0662120059132576,0.33154115080833435,1.0290318727493286,0.0,-0.28208068013191223,0.0726323202252388,0.6597214341163635,0.5253756046295166,1.0,-0.2580869793891907,0.07463458180427551,0.7018827795982361,0.993204653263092,2.0,-0.24815265834331512,0.07619854807853699,0.7513490915298462,1.5454888343811035
1692309273.5772305,"[label: ""height""
size: 6
stride: 30, label: ""width""
size: 5
stride: 5]",0,3.0,-0.02899423986673355,0.06356696784496307,0.28965944051742554,0.04460643231868744,4.0,0.008640406653285027,0.06425773352384567,0.3028223514556885,0.5106279253959656,5.0,0.036926500499248505,0.06468312442302704,0.330639123916626,1.040421962738037,0.0,-0.29042643308639526,0.07158932089805603,0.6706293225288391,0.2960487902164459,1.0,-0.26143917441368103,0.07231015712022781,0.7016242146492004,1.0002007484436035,2.0,-0.2511352598667145,0.07371488958597183,0.7511072754859924,1.517087459564209
1692309273.6831884,"[label: ""height""
size: 6
stride: 30, label: ""width""
size: 5
stride: 5]",0,3.0,-0.02928665280342102,0.06402415037155151,0.2907843589782715,-0.012149481102824211,4.0,0.008630620315670967,0.06440693885087967,0.3023700416088104,0.5155736207962036,5.0,0.03628754988312721,0.06531064212322235,0.3311207592487335,1.066711187362671,0.0,-0.2902376651763916,0.07197447866201401,0.6659383177757263,0.43261975049972534,1.0,-0.2661779224872589,0.07401931285858154,0.7096436023712158,0.9334954023361206,2.0,-0.252665638923645,0.0740569457411766,0.7483516335487366,1.5172184705734253
1692309273.7876332,"[label: ""height""
size: 5
stride: 25, label: ""width""
size: 5
stride: 5]",0,3.0,-0.029954664409160614,0.0640396773815155,0.2957131266593933,0.05706853047013283,4.0,0.007928142324090004,0.06355796754360199,0.3036128282546997,0.539197564125061,5.0,0.03517451882362366,0.06363485753536224,0.3308488726615906,1.0702849626541138,0.0,-0.2937299907207489,0.07158590853214264,0.6706316471099854,0.28323134779930115,1.0,-0.26490160822868347,0.07231388986110687,0.7016637921333313,1.0065816640853882
1692309273.901759,"[label: ""height""
size: 5
stride: 25, label: ""width""
size: 5
stride: 5]",0,3.0,-0.03060135617852211,0.06310486048460007,0.293742835521698,0.05093728378415108,4.0,0.007110314443707466,0.06345386058092117,0.3060920238494873,0.5417969226837158,5.0,0.03376982733607292,0.06367466598749161,0.33315005898475647,1.08872652053833,0.0,-0.2931002974510193,0.06900142133235931,0.6623920798301697,0.2878445088863373,1.0,-0.2631365656852722,0.06894270330667496,0.6880621910095215,1.038582444190979
1692309273.9836762,"[label: ""height""
size: 6
stride: 30, label: ""width""
size: 5
stride: 5]",0,3.0,-0.03140345960855484,0.06338788568973541,0.2952329218387604,0.0117504196241498,4.0,0.006110462360084057,0.06346545368432999,0.30615347623825073,0.5446342825889587,5.0,0.03298743814229965,0.06414718180894852,0.3363322913646698,1.087469220161438,0.0,-0.29654237627983093,0.0699891522526741,0.6678619384765625,0.44499900937080383,1.0,-0.26946184039115906,0.07115542143583298,0.7015684843063354,1.0153839588165283,2.0,-0.2569248080253601,0.07096607983112335,0.73851078748703,1.5374400615692139
1692309274.0815852,"[label: ""height""
size: 5
stride: 25, label: ""width""
size: 5
stride: 5]",0,3.0,-0.03341144695878029,0.06338679790496826,0.29609227180480957,0.033858753740787506,4.0,0.0038807422388345003,0.06313998252153397,0.3076115548610687,0.5718313455581665,5.0,0.0309128575026989,0.06445027142763138,0.34084397554397583,1.0898815393447876,0.0,-0.29698246717453003,0.06881632655858994,0.6584583520889282,0.36147990822792053,1.0,-0.27840059995651245,0.07102834433317184,0.7093783020973206,-0.27546828985214233
1692309274.173324,"[label: ""height""
size: 5
stride: 25, label: ""width""
size: 5
stride: 5]",0,3.0,-0.03416745364665985,0.06267186999320984,0.29659801721572876,0.06374865770339966,4.0,0.0033709085546433926,0.062024716287851334,0.3065066635608673,0.5778274536132812,5.0,0.02970508299767971,0.06326580047607422,0.33824291825294495,1.104189395904541,0.0,-0.30543532967567444,0.06806892901659012,0.6705835461616516,0.46165046095848083,1.0,-0.2774255871772766,0.06883848458528519,0.7013670802116394,1.0308305025100708
1692309274.2863264,"[label: ""height""
size: 6
stride: 30, label: ""width""
size: 5
stride: 5]",0,3.0,-0.03619308024644852,0.06316839903593063,0.298666387796402,0.11046697199344635,4.0,0.0013658583629876375,0.06248914822936058,0.30812469124794006,0.5752624273300171,5.0,0.027681557461619377,0.06312037259340286,0.3389705419540405,1.1173028945922852,0.0,-0.309333860874176,0.06929723918437958,0.6718916893005371,0.46239426732063293,1.0,-0.28094378113746643,0.0700039267539978,0.701546311378479,1.0369255542755127,2.0,-0.27286505699157715,0.07122407853603363,0.7507732510566711,1.5617674589157104
1692309274.3794034,"[label: ""height""
size: 6
stride: 30, label: ""width""
size: 5
stride: 5]",0,3.0,-0.037427812814712524,0.06226930022239685,0.2948472201824188,0.10069233924150467,4.0,-0.0006392770446836948,0.06206592544913292,0.30673232674598694,0.5896974205970764,5.0,0.02566905878484249,0.06378527730703354,0.34178727865219116,1.1202118396759033,0.0,-0.315804123878479,0.06950224190950394,0.6739591360092163,0.47039222717285156,1.0,-0.29027825593948364,0.07059420645236969,0.7103112936019897,1.0315889120101929,2.0,-0.2693716883659363,0.06824101507663727,0.7256170511245728,1.537939190864563
1692309274.474403,"[label: ""height""
size: 5
stride: 25, label: ""width""
size: 5
stride: 5]",0,3.0,-0.0393838956952095,0.06182103976607323,0.29502615332603455,0.1009717509150505,4.0,-0.002658313838765025,0.06164952740073204,0.3077325224876404,0.5923861861228943,5.0,0.02342546358704567,0.06321374326944351,0.3417207598686218,1.1266685724258423,0.0,-0.3126276731491089,0.06610950827598572,0.6568841338157654,0.48438870906829834,1.0,-0.2912103235721588,0.06768926978111267,0.7013659477233887,1.056573748588562
1692309274.5521145,"[label: ""height""
size: 6
stride: 30, label: ""width""
size: 5
stride: 5]",0,3.0,-0.04208557307720184,0.06250833719968796,0.2986082434654236,0.08298487961292267,4.0,-0.004924706183373928,0.06175156682729721,0.30829623341560364,0.6228201985359192,5.0,0.02057291939854622,0.06276605278253555,0.3408021628856659,1.1362910270690918,0.0,-0.32114195823669434,0.06727181375026703,0.6665081977844238,0.26673611998558044,1.0,-0.29588329792022705,0.06885482370853424,0.7015501856803894,1.0647822618484497,2.0,-0.2885463237762451,0.06999257951974869,0.7507470846176147,1.5374729633331299
1692309274.6525888,"[label: ""height""
size: 6
stride: 30, label: ""width""
size: 5
stride: 5]",0,3.0,-0.04284500703215599,0.06209877133369446,0.29568031430244446,0.11777085810899734,4.0,-0.006109525449573994,0.062264274805784225,0.3101859390735626,0.6033077836036682,5.0,0.019495952874422073,0.06320544332265854,0.34391769766807556,1.1272859573364258,0.0,-0.3234451115131378,0.0672980397939682,0.666751503944397,0.26465991139411926,1.0,-0.30192527174949646,0.06943333894014359,0.7103415131568909,1.0531413555145264,2.0,-0.285318523645401,0.06771991401910782,0.7360802292823792,1.5264596939086914
1692309274.7680378,"[label: ""height""
size: 6
stride: 30, label: ""width""
size: 5
stride: 5]",0,3.0,-0.04426628351211548,0.061716895550489426,0.29575955867767334,0.16054856777191162,4.0,-0.007739178836345673,0.06161464378237724,0.309411883354187,0.5996591448783875,5.0,0.017268309369683266,0.06265075504779816,0.3417063355445862,1.144199013710022,0.0,-0.33246874809265137,0.06774299591779709,0.6787106394767761,0.5157456994056702,1.0,-0.30159109830856323,0.06769774109125137,0.7014628648757935,1.075634241104126,2.0,-0.29465198516845703,0.06875316053628922,0.7506331205368042,1.5296099185943604
1692309274.9088268,"[label: ""height""
size: 6
stride: 30, label: ""width""
size: 5
stride: 5]",0,3.0,-0.04663397744297981,0.0628603994846344,0.29963138699531555,0.09737467765808105,4.0,-0.009505102410912514,0.06188247352838516,0.3095502257347107,0.6330346465110779,5.0,0.015403896570205688,0.06319259852170944,0.3438456058502197,1.1475801467895508,0.0,-0.3296605348587036,0.06731966137886047,0.6629834175109863,0.4710126519203186,1.0,-0.30626556277275085,0.06886304914951324,0.7016426920890808,1.08382248878479,2.0,-0.29430416226387024,0.06839088350534439,0.7368139624595642,-0.8420941829681396
1692309274.9840746,"[label: ""height""
size: 6
stride: 30, label: ""width""
size: 5
stride: 5]",0,3.0,-0.04857230558991432,0.06223004311323166,0.298965722322464,0.135406956076622,4.0,-0.011592831462621689,0.061814699321985245,0.3110646903514862,0.6315658688545227,5.0,0.013116246089339256,0.06332248449325562,0.34688112139701843,1.1594926118850708,0.0,-0.33617913722991943,0.06644348800182343,0.665140688419342,0.47956013679504395,1.0,-0.31197163462638855,0.06770556420087814,0.7015524506568909,1.0946428775787354,2.0,-0.3050945997238159,0.06875377148389816,0.7506403923034668,1.550403356552124
1692309275.0758934,"[label: ""height""
size: 4
stride: 20, label: ""width""
size: 5
stride: 5]",0,3.0,-0.05072639510035515,0.0618915818631649,0.2966741621494293,0.1573268473148346,4.0,-0.014143426902592182,0.06184340640902519,0.31122347712516785,0.6395040154457092,5.0,0.010062623769044876,0.06268201768398285,0.34416916966438293,1.1625328063964844,1.0,-0.3170558214187622,0.06768960505723953,0.7013692259788513,1.0554277896881104
1692309275.174712,"[label: ""height""
size: 5
stride: 25, label: ""width""
size: 5
stride: 5]",0,3.0,-0.052235983312129974,0.062300100922584534,0.296720027923584,0.11545871943235397,4.0,-0.01584315486252308,0.06285157054662704,0.31436988711357117,0.6289011240005493,5.0,0.00841801892966032,0.0634734034538269,0.3461710214614868,1.1654993295669556,1.0,-0.32058385014533997,0.0688546672463417,0.7015478014945984,1.061669945716858,2.0,-0.30945757031440735,0.06852837651968002,0.7382975816726685,1.510249137878418
1692309275.2742043,"[label: ""height""
size: 4
stride: 20, label: ""width""
size: 5
stride: 5]",0,3.0,-0.05374030023813248,0.06165661662817001,0.29716312885284424,0.148623526096344,4.0,-0.017865832895040512,0.06197192147374153,0.3138355314731598,0.6405289173126221,5.0,0.006731733679771423,0.06277002394199371,0.3469838500022888,1.1688954830169678,1.0,-0.32276037335395813,0.066533163189888,0.7012841701507568,1.0665987730026245
1692309275.3608825,"[label: ""height""
size: 4
stride: 20, label: ""width""
size: 5
stride: 5]",0,3.0,-0.05527845770120621,0.06190531700849533,0.2976688742637634,0.16467507183551788,4.0,-0.019167933613061905,0.06176261976361275,0.3121252954006195,0.6392595767974854,5.0,0.005207657814025879,0.06334682554006577,0.34934571385383606,1.162039875984192,1.0,-0.3177524209022522,0.06555359065532684,0.6879782676696777,1.0942416191101074
1692309275.4533277,"[label: ""height""
size: 4
stride: 20, label: ""width""
size: 5
stride: 5]",0,3.0,-0.05712234973907471,0.06291519850492477,0.30042457580566406,0.1895080953836441,4.0,-0.020378097891807556,0.062446560710668564,0.31307488679885864,0.6521888375282288,5.0,0.003778256941586733,0.0639377161860466,0.3494552969932556,1.165916085243225,1.0,-0.32513412833213806,0.06769657135009766,0.7014488577842712,1.0706628561019897
1692309275.5607176,"[label: ""height""
size: 4
stride: 20, label: ""width""
size: 5
stride: 5]",0,3.0,-0.05728795751929283,0.06147705018520355,0.29797831177711487,0.16574999690055847,4.0,-0.021181030198931694,0.06138642877340317,0.3134360909461975,0.6270822286605835,5.0,0.003199071856215596,0.062369320541620255,0.34867241978645325,1.1689571142196655,1.0,-0.31988248229026794,0.06327709555625916,0.6877128481864929,1.0989168882369995
1692309275.664317,"[label: ""height""
size: 4
stride: 20, label: ""width""
size: 5
stride: 5]",0,3.0,-0.057761020958423615,0.06315802782773972,0.3016274571418762,0.15249763429164886,4.0,-0.021005256101489067,0.06290990114212036,0.3146907091140747,0.6451361775398254,5.0,0.0031779364217072725,0.06345094740390778,0.3460356593132019,1.1719554662704468,1.0,-0.3300006687641144,0.06835649907588959,0.7112979888916016,1.077773094177246
1692309275.7670794,"[label: ""height""
size: 4
stride: 20, label: ""width""
size: 5
stride: 5]",0,3.0,-0.057778600603342056,0.06333412975072861,0.30169838666915894,0.148107647895813,4.0,-0.021072009578347206,0.06297925859689713,0.31562474370002747,0.6413701176643372,5.0,0.0032213942613452673,0.06414982676506042,0.3513830900192261,1.1656858921051025,1.0,-0.32511115074157715,0.06774520128965378,0.702014148235321,1.0937409400939941
1692309275.8660946,"[label: ""height""
size: 5
stride: 25, label: ""width""
size: 5
stride: 5]",0,3.0,-0.0567694716155529,0.062327511608600616,0.30160489678382874,0.1508914828300476,4.0,-0.020308157429099083,0.062240008264780045,0.3157713711261749,0.638362467288971,5.0,0.004083616659045219,0.06355695426464081,0.35128074884414673,1.1633625030517578,1.0,-0.3263604938983917,0.06599924713373184,0.7109825015068054,1.0716711282730103,2.0,-0.3208252489566803,0.0669623613357544,0.7617021799087524,1.53618323802948
1692309275.9619508,"[label: ""height""
size: 4
stride: 20, label: ""width""
size: 5
stride: 5]",0,3.0,-0.05630515143275261,0.06351567804813385,0.30184608697891235,0.16572147607803345,4.0,-0.02014458179473877,0.06353072077035904,0.317154198884964,0.6306784152984619,5.0,0.004201778210699558,0.06450346857309341,0.34941673278808594,1.1735002994537354,1.0,-0.3188917636871338,0.06771042943000793,0.7016083002090454,1.1072804927825928
1692309276.0629942,"[label: ""height""
size: 4
stride: 20, label: ""width""
size: 5
stride: 5]",0,3.0,-0.05681445449590683,0.06303767114877701,0.30192995071411133,0.16680558025836945,4.0,-0.02065826766192913,0.06299860030412674,0.31708604097366333,0.6327934265136719,5.0,0.0036552934907376766,0.06401242315769196,0.3522045612335205,1.1718860864639282,1.0,-0.3234844505786896,0.06783304363489151,0.712065577507019,-0.22359760105609894
1692309276.15516,"[label: ""height""
size: 5
stride: 25, label: ""width""
size: 5
stride: 5]",0,3.0,-0.056183405220508575,0.06301116943359375,0.3030102252960205,0.13417653739452362,4.0,-0.019718753173947334,0.06292302906513214,0.3166734576225281,0.6449567675590515,5.0,0.004221446346491575,0.06412293016910553,0.3512250483036041,1.1718993186950684,0.0,-0.3466178774833679,0.06566184759140015,0.6803510785102844,0.5902130603790283,1.0,-0.3214346766471863,0.06682093441486359,0.7136003971099854,1.128724217414856
1692309276.2627757,"[label: ""height""
size: 5
stride: 25, label: ""width""
size: 5
stride: 5]",0,3.0,-0.05680566281080246,0.06394228339195251,0.305772066116333,0.1518566608428955,4.0,-0.02000749483704567,0.06353545933961868,0.31910502910614014,0.6464716196060181,5.0,0.004233165178447962,0.06460506469011307,0.35229673981666565,1.1700756549835205,0.0,-0.34682703018188477,0.06767559051513672,0.6811347007751465,0.41513487696647644,1.0,-0.3258506655693054,0.06935227662324905,0.7247136235237122,1.0589832067489624
1692309276.3517332,"[label: ""height""
size: 4
stride: 20, label: ""width""
size: 5
stride: 5]",0,3.0,-0.057180989533662796,0.06420271098613739,0.3045988380908966,0.18114855885505676,4.0,-0.02089628577232361,0.06450840085744858,0.3206295371055603,0.6431301832199097,5.0,0.0036754438187927008,0.06542446464300156,0.3543805480003357,1.1698594093322754,1.0,-0.31658506393432617,0.06770883500576019,0.7015900611877441,1.1030713319778442
1692309276.4761338,"[label: ""height""
size: 4
stride: 20, label: ""width""
size: 5
stride: 5]",0,3.0,-0.05719875171780586,0.06303355097770691,0.30312579870224,0.13365572690963745,4.0,-0.02123849093914032,0.06341926753520966,0.319845974445343,0.6337301135063171,5.0,0.0030710676219314337,0.06412602216005325,0.3512440621852875,1.1751363277435303,1.0,-0.3275398910045624,0.0682046040892601,0.7251703143119812,1.0343058109283447
1692309276.5662827,"[label: ""height""
size: 4
stride: 20, label: ""width""
size: 5
stride: 5]",0,3.0,-0.058343902230262756,0.06447776407003403,0.30594727396965027,0.15012525022029877,4.0,-0.021918805316090584,0.06393333524465561,0.3184318542480469,0.6425477862358093,5.0,0.002362720901146531,0.0651446282863617,0.35210520029067993,1.1668643951416016,1.0,-0.31773841381073,0.06770963221788406,0.7015992403030396,1.105176329612732
1692309276.6789107,"[label: ""height""
size: 4
stride: 20, label: ""width""
size: 5
stride: 5]",0,3.0,-0.058715734630823135,0.06411345303058624,0.30460670590400696,0.14524143934249878,4.0,-0.022476833313703537,0.06452818214893341,0.3207366168498993,0.6480069160461426,5.0,0.0019374407129362226,0.06583093851804733,0.3550107777118683,1.1736252307891846,1.0,-0.32874178886413574,0.07052493840456009,0.7245498299598694,1.010966420173645
1692309276.766871,"[label: ""height""
size: 4
stride: 20, label: ""width""
size: 5
stride: 5]",0,3.0,-0.05988434702157974,0.06451377272605896,0.30613014101982117,0.1494031399488449,4.0,-0.02323147840797901,0.06395973265171051,0.3185774087905884,0.6470211744308472,5.0,0.0009195354068651795,0.06474844366312027,0.3515196144580841,1.1720318794250488,1.0,-0.319351464509964,0.06774333119392395,0.7019913196563721,1.0829966068267822
1692309276.8758035,"[label: ""height""
size: 4
stride: 20, label: ""width""
size: 5
stride: 5]",0,3.0,-0.06071172654628754,0.06536325067281723,0.3066253066062927,0.17271091043949127,4.0,-0.024028807878494263,0.06504187732934952,0.31877851486206055,0.6481648683547974,5.0,0.00019441112817730755,0.06591346859931946,0.3515986204147339,1.1828012466430664,1.0,-0.32308268547058105,0.07064061611890793,0.7108128070831299,1.0911403894424438
1692309276.9666488,"[label: ""height""
size: 4
stride: 20, label: ""width""
size: 5
stride: 5]",0,3.0,-0.06118595227599144,0.06411907076835632,0.3066985309123993,0.2153579443693161,4.0,-0.024740636348724365,0.06407322734594345,0.32111215591430664,0.639713704586029,5.0,-0.0002372990275034681,0.06485985219478607,0.3544757664203644,1.1718392372131348,1.0,-0.32290056347846985,0.06722421199083328,0.7116929292678833,1.0882863998413086
1692309277.0782075,"[label: ""height""
size: 5
stride: 25, label: ""width""
size: 5
stride: 5]",0,3.0,-0.060851965099573135,0.06535205245018005,0.3057692050933838,0.11306671798229218,4.0,-0.02450636401772499,0.06571678817272186,0.3214607536792755,0.6377609968185425,5.0,-8.401787636103109e-05,0.06638678908348083,0.35258421301841736,1.1638567447662354,0.0,-0.34698566794395447,0.07018202543258667,0.6810652613639832,0.5815468430519104,1.0,-0.3259868323802948,0.07175444811582565,0.7250159978866577,1.0584168434143066
1692309277.161463,"[label: ""height""
size: 4
stride: 20, label: ""width""
size: 5
stride: 5]",0,3.0,-0.06305723637342453,0.06484199315309525,0.30701181292533875,0.16748909652233124,4.0,-0.026513248682022095,0.06489536911249161,0.32181477546691895,0.6270999908447266,5.0,-0.001843396108597517,0.06604516506195068,0.35693106055259705,1.1643216609954834,1.0,-0.3294975459575653,0.07055643200874329,0.7249020934104919,1.0652083158493042
1692309277.276381,"[label: ""height""
size: 4
stride: 20, label: ""width""
size: 5
stride: 5]",0,3.0,-0.06553494930267334,0.06513398140668869,0.30672723054885864,0.14413776993751526,4.0,-0.028700774535536766,0.0644649937748909,0.3184875249862671,0.638917088508606,5.0,-0.0047033848240971565,0.06580327451229095,0.3525528907775879,1.1770473718643188,1.0,-0.32886791229248047,0.06946906447410583,0.7107347846031189,1.101945161819458
1692309277.365852,"[label: ""height""
size: 4
stride: 20, label: ""width""
size: 5
stride: 5]",0,3.0,-0.06605563312768936,0.0650150328874588,0.30532944202423096,0.1972837597131729,4.0,-0.029734665527939796,0.06511981040239334,0.3210810124874115,0.62883460521698,5.0,-0.00549725815653801,0.06668663769960403,0.35726019740104675,1.1650397777557373,1.0,-0.33666449785232544,0.07181072235107422,0.7256360650062561,1.050233244895935
1692309277.4492204,"[label: ""height""
size: 4
stride: 20, label: ""width""
size: 5
stride: 5]",0,3.0,-0.06648644059896469,0.06449231505393982,0.3060808777809143,0.1818416565656662,4.0,-0.029995223507285118,0.06458969414234161,0.3210628628730774,0.6305997967720032,5.0,-0.005598738323897123,0.06581874191761017,0.3549365997314453,1.1588714122772217,1.0,-0.3359066843986511,0.07053358107805252,0.7246461510658264,1.0244873762130737
1692309277.5471573,"[label: ""height""
size: 4
stride: 20, label: ""width""
size: 5
stride: 5]",0,3.0,-0.0676175057888031,0.06507034599781036,0.30560538172721863,0.1974855214357376,4.0,-0.03123355843126774,0.06521142274141312,0.3215680718421936,0.6169929504394531,5.0,-0.006763897370547056,0.06642172485589981,0.355061411857605,1.161949872970581,1.0,-0.326421856880188,0.07002216577529907,0.7017467617988586,1.0722445249557495
1692309277.6494977,"[label: ""height""
size: 4
stride: 20, label: ""width""
size: 5
stride: 5]",0,3.0,-0.06851278990507126,0.06522851437330246,0.30600544810295105,0.14525406062602997,4.0,-0.03169994428753853,0.06459596008062363,0.3173006772994995,0.6572081446647644,5.0,-0.007645093370229006,0.06648653745651245,0.35544097423553467,1.1639388799667358,1.0,-0.33124473690986633,0.07075739651918411,0.7120879888534546,1.102797508239746
1692309277.748344,"[label: ""height""
size: 4
stride: 20, label: ""width""
size: 5
stride: 5]",0,3.0,-0.0680440291762352,0.06455782055854797,0.3050512969493866,0.14864592254161835,4.0,-0.0314311720430851,0.06418102234601974,0.31841155886650085,0.6366272568702698,5.0,-0.006905272137373686,0.06584939360618591,0.3551160991191864,1.153221845626831,1.0,-0.3266630470752716,0.06955120712518692,0.7116311192512512,1.1196337938308716
1692309277.8599017,"[label: ""height""
size: 3
stride: 15, label: ""width""
size: 5
stride: 5]",0,3.0,-0.06801760941743851,0.06548729538917542,0.3064432144165039,0.11129581928253174,4.0,-0.03136936575174332,0.06550365686416626,0.32033711671829224,0.6246045231819153,5.0,-0.006567758973687887,0.06641234457492828,0.3527308404445648,1.155103087425232
1692309277.9536736,"[label: ""height""
size: 3
stride: 15, label: ""width""
size: 5
stride: 5]",0,3.0,-0.06824687123298645,0.064630888402462,0.30769383907318115,0.15956120193004608,4.0,-0.031752049922943115,0.0646718442440033,0.3214998245239258,0.6192395091056824,5.0,-0.006640961393713951,0.06605139374732971,0.3569613993167877,1.1318325996398926
1692309278.0899675,"[label: ""height""
size: 3
stride: 15, label: ""width""
size: 5
stride: 5]",0,3.0,-0.0690501481294632,0.0660708099603653,0.3094305396080017,0.12461836636066437,4.0,-0.03177405893802643,0.06576526910066605,0.32171139121055603,0.6181304454803467,5.0,-0.006761754862964153,0.06707169115543365,0.35545268654823303,1.1430895328521729
1692309278.1510496,"[label: ""height""
size: 3
stride: 15, label: ""width""
size: 5
stride: 5]",0,3.0,-0.06949850916862488,0.06559840589761734,0.30954769253730774,0.08344756066799164,4.0,-0.031701184809207916,0.0644485279917717,0.31838861107826233,0.6056506633758545,5.0,-0.006957035046070814,0.06655370444059372,0.35810384154319763,1.1306761503219604
1692309278.2706475,"[label: ""height""
size: 3
stride: 15, label: ""width""
size: 5
stride: 5]",0,3.0,-0.06956087052822113,0.06528084725141525,0.3079458177089691,0.16326628625392914,4.0,-0.03250293433666229,0.06511090695858002,0.3210277557373047,0.5940414071083069,5.0,-0.007397906389087439,0.06590956449508667,0.3515673279762268,1.1416804790496826
1692309278.3679755,"[label: ""height""
size: 3
stride: 15, label: ""width""
size: 5
stride: 5]",0,3.0,-0.07085699588060379,0.06555891782045364,0.30809223651885986,0.1624458134174347,4.0,-0.033797863870859146,0.06531492620706558,0.32212400436401367,0.6080930233001709,5.0,-0.008575267158448696,0.06580733507871628,0.3525710105895996,1.1430113315582275
1692309278.477874,"[label: ""height""
size: 3
stride: 15, label: ""width""
size: 5
stride: 5]",0,3.0,-0.07167623192071915,0.06428799778223038,0.30575641989707947,0.1803848147392273,4.0,-0.035137321799993515,0.06460273265838623,0.32112497091293335,0.6031267642974854,5.0,-0.01002080924808979,0.06649184972047806,0.35777485370635986,1.1304545402526855
1692309278.5676446,"[label: ""height""
size: 3
stride: 15, label: ""width""
size: 5
stride: 5]",0,3.0,-0.07209157198667526,0.06476247310638428,0.30360928177833557,0.13107435405254364,4.0,-0.035219501703977585,0.06460168212652206,0.31732362508773804,0.6264620423316956,5.0,-0.010531289502978325,0.06646587699651718,0.35531550645828247,1.1355994939804077
1692309278.6736522,"[label: ""height""
size: 3
stride: 15, label: ""width""
size: 5
stride: 5]",0,3.0,-0.07311958074569702,0.06429257243871689,0.30374762415885925,0.131364643573761,4.0,-0.036619704216718674,0.06456249952316284,0.3203538656234741,0.612143874168396,5.0,-0.011692062020301819,0.06586852669715881,0.35522738099098206,1.1390843391418457
1692309278.7439625,"[label: ""height""
size: 3
stride: 15, label: ""width""
size: 5
stride: 5]",0,3.0,-0.07368090003728867,0.06502985209226608,0.3070686459541321,0.12236540764570236,4.0,-0.03642790764570236,0.06451636552810669,0.31875377893447876,0.6209819912910461,5.0,-0.011570977978408337,0.06535159051418304,0.3516762852668762,1.1444112062454224
1692309278.8728755,"[label: ""height""
size: 3
stride: 15, label: ""width""
size: 5
stride: 5]",0,3.0,-0.0731145441532135,0.06478530168533325,0.3037239611148834,0.13070327043533325,4.0,-0.03644498437643051,0.06432905793190002,0.3177594244480133,0.6123583316802979,5.0,-0.01167537271976471,0.06606409698724747,0.3547224998474121,1.1401885747909546
1692309278.9498134,"[label: ""height""
size: 3
stride: 15, label: ""width""
size: 5
stride: 5]",0,3.0,-0.07268191874027252,0.06445546448230743,0.3041073977947235,0.15729103982448578,4.0,-0.035634469240903854,0.06332936882972717,0.31416627764701843,0.6157099604606628,5.0,-0.0110264727845788,0.0652395635843277,0.35263386368751526,1.1408936977386475
1692309279.0518472,"[label: ""height""
size: 3
stride: 15, label: ""width""
size: 5
stride: 5]",0,3.0,-0.07308192551136017,0.06550364941358566,0.30482539534568787,0.17858488857746124,4.0,-0.03595932200551033,0.06504126638174057,0.3168942928314209,0.6013268232345581,5.0,-0.0109203876927495,0.06591694802045822,0.34936392307281494,1.145836353302002
1692309279.1606834,"[label: ""height""
size: 3
stride: 15, label: ""width""
size: 5
stride: 5]",0,3.0,-0.07418882846832275,0.06396246701478958,0.3015722930431366,0.1413102000951767,4.0,-0.03718940168619156,0.0633513480424881,0.3142855763435364,0.6208903789520264,5.0,-0.012519629672169685,0.064053013920784,0.3462426960468292,1.155295491218567
1692309279.2989693,"[label: ""height""
size: 3
stride: 15, label: ""width""
size: 5
stride: 5]",0,3.0,-0.07359098643064499,0.06548382341861725,0.3022434413433075,0.1614757627248764,4.0,-0.03694150224328041,0.0656668096780777,0.31745362281799316,0.5859184265136719,5.0,-0.011626649647951126,0.06647151708602905,0.34925660490989685,1.138904333114624
1692309279.3976383,"[label: ""height""
size: 3
stride: 15, label: ""width""
size: 5
stride: 5]",0,3.0,-0.07234259694814682,0.06421902030706406,0.30244940519332886,0.10114890336990356,4.0,-0.03513607010245323,0.06395981460809708,0.31533196568489075,0.5923786163330078,5.0,-0.010192071087658405,0.06594331562519073,0.354045033454895,1.1181056499481201
1692309279.5103257,"[label: ""height""
size: 4
stride: 20, label: ""width""
size: 5
stride: 5]",0,4.0,-0.03256195783615112,0.06488735228776932,0.31423747539520264,0.603743314743042,5.0,-0.007125860545784235,0.06578023731708527,0.3463802933692932,1.1212087869644165,3.0,-0.07084136456251144,0.06620326638221741,0.3074898421764374,0.04103335738182068,0.0,-0.3518349826335907,0.07233987003564835,0.701919436454773,0.7118018865585327
1692309279.5927925,"[label: ""height""
size: 4
stride: 20, label: ""width""
size: 5
stride: 5]",0,3.0,-0.06774616241455078,0.0654035285115242,0.30508777499198914,0.08225859701633453,4.0,-0.029957519844174385,0.06519251316785812,0.3162623941898346,0.5475286245346069,5.0,-0.0037217172794044018,0.06577076017856598,0.3463238775730133,1.1114081144332886,0.0,-0.34081730246543884,0.07116743177175522,0.701702892780304,0.6761943697929382
1692309279.6706243,"[label: ""height""
size: 4
stride: 20, label: ""width""
size: 5
stride: 5]",0,3.0,-0.06465751677751541,0.06421470642089844,0.30459508299827576,0.06681684404611588,4.0,-0.027165228500962257,0.0638456866145134,0.3154938817024231,0.5598447918891907,5.0,-0.0006023861933499575,0.06507714837789536,0.3494073748588562,1.0791287422180176,0.0,-0.3313162922859192,0.06881038844585419,0.7010384202003479,0.6461904048919678
1692309279.760397,"[label: ""height""
size: 4
stride: 20, label: ""width""
size: 5
stride: 5]",0,3.0,-0.06248092278838158,0.0658373013138771,0.30729371309280396,0.049547210335731506,4.0,-0.024441182613372803,0.06574591994285583,0.3182883858680725,0.5150058269500732,5.0,0.002808137098327279,0.06573373824357986,0.3461037278175354,1.074692726135254,0.0,-0.3243233859539032,0.07131373882293701,0.7080391049385071,0.31446322798728943
1692309279.8502796,"[label: ""height""
size: 4
stride: 20, label: ""width""
size: 5
stride: 5]",0,3.0,-0.059098631143569946,0.06408311426639557,0.3051794767379761,0.000737759459298104,4.0,-0.021103203296661377,0.06350799649953842,0.3136803209781647,0.5494718551635742,5.0,0.006204295437783003,0.0645541325211525,0.3458365201950073,1.0653772354125977,0.0,-0.3160316050052643,0.06966216117143631,0.7124312520027161,0.5346522331237793
1692309279.9598753,"[label: ""height""
size: 4
stride: 20, label: ""width""
size: 5
stride: 5]",0,3.0,-0.056598056107759476,0.06458248198032379,0.3051770329475403,0.000725656165741384,4.0,-0.01883317530155182,0.06478434056043625,0.31631818413734436,0.541301965713501,5.0,0.00903952307999134,0.06571387499570847,0.34598585963249207,1.0570452213287354,0.0,-0.3056409955024719,0.06987832486629486,0.7086331248283386,0.5234236121177673
1692309280.0765378,"[label: ""height""
size: 4
stride: 20, label: ""width""
size: 5
stride: 5]",0,3.0,-0.055597856640815735,0.06458231806755066,0.3051761984825134,0.0007226972375065088,4.0,-0.01775321736931801,0.06432616710662842,0.3152959942817688,0.5112555623054504,5.0,0.010255805216729641,0.06487228721380234,0.3437654972076416,1.04731023311615,0.0,-0.2914588153362274,0.06742024421691895,0.6862176060676575,0.5311274528503418
1692309280.1410577,"[label: ""height""
size: 4
stride: 20, label: ""width""
size: 5
stride: 5]",0,3.0,-0.05441431328654289,0.06455991417169571,0.30767953395843506,0.00222785328514874,4.0,-0.015816064551472664,0.06347198039293289,0.31294015049934387,0.518609344959259,5.0,0.01233753189444542,0.06441843509674072,0.342814564704895,1.0342289209365845,0.0,-0.2967858612537384,0.06811056286096573,0.7082439661026001,0.4859545826911926
1692309280.2610826,"[label: ""height""
size: 4
stride: 20, label: ""width""
size: 5
stride: 5]",0,3.0,-0.053886931389570236,0.0651976615190506,0.30705028772354126,0.041075583547353745,4.0,-0.01550526823848486,0.06461495906114578,0.31408438086509705,0.49407312273979187,5.0,0.012674221768975258,0.06492212414741516,0.34033524990081787,1.0276858806610107,0.0,-0.29244518280029297,0.0697498470544815,0.7012063264846802,0.3696616291999817
1692309280.391559,"[label: ""height""
size: 4
stride: 20, label: ""width""
size: 5
stride: 5]",0,3.0,-0.053442396223545074,0.06386969983577728,0.30535459518432617,-0.0633862242102623,4.0,-0.015055345371365547,0.06333000212907791,0.31272223591804504,0.48546311259269714,5.0,0.013309592381119728,0.06434447318315506,0.34241342544555664,1.0223891735076904,0.0,-0.295495867729187,0.06808159500360489,0.7079311013221741,0.4832175672054291
1692309280.4748087,"[label: ""height""
size: 4
stride: 20, label: ""width""
size: 5
stride: 5]",0,3.0,-0.05382043123245239,0.0645943209528923,0.3034782409667969,-0.022759566083550453,4.0,-0.016046451404690742,0.06497396528720856,0.31458353996276855,0.4942869544029236,5.0,0.012526607140898705,0.0648609921336174,0.3399854302406311,1.0195711851119995,0.0,-0.2950732707977295,0.06982558965682983,0.7019922137260437,0.3704139292240143
1692309280.5765426,"[label: ""height""
size: 4
stride: 20, label: ""width""
size: 5
stride: 5]",0,3.0,-0.05453919246792793,0.06384088099002838,0.3047875761985779,-0.009569363668560982,4.0,-0.016049543395638466,0.06334073096513748,0.31223225593566895,0.49090543389320374,5.0,0.012519648298621178,0.06371300667524338,0.33978843688964844,1.0199133157730103,0.0,-0.29642385244369507,0.06757137179374695,0.7024737000465393,0.3770298659801483
1692309280.6683981,"[label: ""height""
size: 4
stride: 20, label: ""width""
size: 5
stride: 5]",0,3.0,-0.055518075823783875,0.06477931886911392,0.30270394682884216,0.0022792478557676077,4.0,-0.017252180725336075,0.06464828550815582,0.3110629916191101,0.5035227537155151,5.0,0.01100990641862154,0.06547797471284866,0.3403206765651703,1.014268398284912,0.0,-0.29055333137512207,0.06813900172710419,0.6820459961891174,0.45207247138023376
1692309280.7696621,"[label: ""height""
size: 4
stride: 20, label: ""width""
size: 5
stride: 5]",0,3.0,-0.05670313537120819,0.06371810287237167,0.3028520345687866,-0.0392555370926857,4.0,-0.018420545384287834,0.06291431933641434,0.30952081084251404,0.5193751454353333,5.0,0.010032067075371742,0.06381241977214813,0.3403675854206085,1.0261722803115845,0.0,-0.3017115294933319,0.06771949678659439,0.7040688991546631,0.37804192304611206
1692309280.8744943,"[label: ""height""
size: 4
stride: 20, label: ""width""
size: 5
stride: 5]",0,3.0,-0.05703359469771385,0.06441238522529602,0.30088010430336,0.000718845461960882,4.0,-0.019167624413967133,0.0643872320652008,0.311081200838089,0.4972383975982666,5.0,0.009250830858945847,0.06441502273082733,0.3369554281234741,1.025086522102356,0.0,-0.29123327136039734,0.06685992330312729,0.6762021780014038,0.191441610455513
1692309280.984276,"[label: ""height""
size: 4
stride: 20, label: ""width""
size: 5
stride: 5]",0,3.0,-0.05745565518736839,0.063179150223732,0.3004506230354309,-0.009741712361574173,4.0,-0.019146155565977097,0.06277260184288025,0.3087618947029114,0.4938831627368927,5.0,0.008982857689261436,0.06309240311384201,0.3372419774532318,1.0247712135314941,0.0,-0.30200842022895813,0.06707806140184402,0.7034355401992798,0.3929295539855957
1692309281.0803626,"[label: ""height""
size: 4
stride: 20, label: ""width""
size: 5
stride: 5]",0,3.0,-0.057526715099811554,0.06391973048448563,0.30088087916374207,0.0007259035483002663,4.0,-0.01930130273103714,0.06351473927497864,0.30736881494522095,0.5046539306640625,5.0,0.008844592608511448,0.06416835635900497,0.33707502484321594,1.0163980722427368,0.0,-0.3000262975692749,0.06782621145248413,0.6973349452018738,0.25419750809669495
1692309281.15633,"[label: ""height""
size: 4
stride: 20, label: ""width""
size: 5
stride: 5]",0,3.0,-0.057946618646383286,0.06317780166864395,0.3004435896873474,-0.009783441200852394,4.0,-0.019653787836432457,0.06278108805418015,0.30880725383758545,0.4954144358634949,5.0,0.008497120812535286,0.06376519054174423,0.34009164571762085,1.0218812227249146,0.0,-0.2917025089263916,0.06480510532855988,0.6770302653312683,0.5508551001548767
1692309281.2571678,"[label: ""height""
size: 4
stride: 20, label: ""width""
size: 5
stride: 5]",0,3.0,-0.05771246924996376,0.06294477730989456,0.30050793290138245,-0.009881807491183281,4.0,-0.019441695883870125,0.06252193450927734,0.3074304759502411,0.4866437017917633,5.0,0.008827712386846542,0.06321761757135391,0.3364156484603882,1.0180881023406982,0.0,-0.2942790985107422,0.06486962735652924,0.6829242706298828,0.4647362232208252
1692309281.3521113,"[label: ""height""
size: 4
stride: 20, label: ""width""
size: 5
stride: 5]",0,3.0,-0.057609230279922485,0.06379946321249008,0.3028061091899872,0.03764379769563675,4.0,-0.018783673644065857,0.06246495991945267,0.3071407377719879,0.5043355226516724,5.0,0.0094044404104352,0.06244414299726486,0.3323552906513214,1.0314244031906128,0.0,-0.29458868503570557,0.06580787152051926,0.6853671669960022,0.26416632533073425
1692309281.4516044,"[label: ""height""
size: 4
stride: 20, label: ""width""
size: 5
stride: 5]",0,3.0,-0.05600273236632347,0.06228834390640259,0.300582617521286,-0.010134504176676273,4.0,-0.01772894151508808,0.062299035489559174,0.31025853753089905,0.4781292974948883,5.0,0.011041262187063694,0.06245248392224312,0.3367258310317993,1.0105113983154297,0.0,-0.29165685176849365,0.06366986036300659,0.6820254325866699,0.46382343769073486
1692309281.5547187,"[label: ""height""
size: 4
stride: 20, label: ""width""
size: 5
stride: 5]",0,3.0,-0.05470558628439903,0.0626736730337143,0.30077746510505676,-0.031246351078152657,4.0,-0.016199033707380295,0.06207100674510002,0.30588605999946594,0.5053309798240662,5.0,0.012293197214603424,0.06307929754257202,0.33716341853141785,1.0152482986450195,0.0,-0.29296210408210754,0.0656166598200798,0.6909613013267517,0.404155969619751
1692309281.6490905,"[label: ""height""
size: 4
stride: 20, label: ""width""
size: 5
stride: 5]",0,3.0,-0.05373101308941841,0.06223389878869057,0.30287283658981323,-0.0407232828438282,4.0,-0.015080548822879791,0.06166207417845726,0.3082236051559448,0.4829862117767334,5.0,0.013902951031923294,0.0625351071357727,0.33940139412879944,0.9982377886772156,0.0,-0.2910183072090149,0.0641816109418869,0.6904188990592957,0.44481751322746277
1692309281.7576277,"[label: ""height""
size: 4
stride: 20, label: ""width""
size: 5
stride: 5]",0,3.0,-0.05195242166519165,0.06223192811012268,0.3010607659816742,-0.06303492933511734,4.0,-0.013656692579388618,0.06223791092634201,0.30992481112480164,0.466067910194397,5.0,0.015171008184552193,0.06246231123805046,0.3367849886417389,1.0165590047836304,0.0,-0.29138296842575073,0.06493543088436127,0.696082592010498,0.5231369733810425
1692309281.8597562,"[label: ""height""
size: 4
stride: 20, label: ""width""
size: 5
stride: 5]",0,3.0,-0.05061846971511841,0.06179262697696686,0.3013768196105957,-0.03244474530220032,4.0,-0.012225455604493618,0.06161904335021973,0.3093147575855255,0.48190897703170776,5.0,0.016543138772249222,0.06186142936348915,0.3364882469177246,0.9949027299880981,0.0,-0.28143349289894104,0.06338771432638168,0.6789178252220154,0.45034414529800415
1692309281.9559588,"[label: ""height""
size: 4
stride: 20, label: ""width""
size: 5
stride: 5]",0,3.0,-0.049599651247262955,0.061157215386629105,0.3011259138584137,-0.042710866779088974,4.0,-0.01120735239237547,0.06108161807060242,0.3091449439525604,0.4795336425304413,5.0,0.017760053277015686,0.06124832108616829,0.33612295985221863,1.0010615587234497,0.0,-0.2826298773288727,0.06147504225373268,0.6877729892730713,0.33494725823402405
1692309282.0674982,"[label: ""height""
size: 4
stride: 20, label: ""width""
size: 5
stride: 5]",0,3.0,-0.04864976555109024,0.06130567938089371,0.3014136552810669,-0.03298257663846016,4.0,-0.01045213919132948,0.06109357997775078,0.3092200756072998,0.4777873754501343,5.0,0.01852564327418804,0.06179317459464073,0.3376472294330597,1.0056300163269043,0.0,-0.28114840388298035,0.06350202113389969,0.6902381777763367,0.22935478389263153
1692309282.1535914,"[label: ""height""
size: 4
stride: 20, label: ""width""
size: 5
stride: 5]",0,3.0,-0.04855428263545036,0.061629269272089005,0.3031257688999176,-0.03403383493423462,4.0,-0.009989750571548939,0.061453428119421005,0.3103041648864746,0.46698153018951416,5.0,0.018899118527770042,0.06133250892162323,0.3343908190727234,1.0097240209579468,0.0,-0.2737948000431061,0.06206278130412102,0.6765289902687073,0.4427640736103058
1692309282.282778,"[label: ""height""
size: 4
stride: 20, label: ""width""
size: 5
stride: 5]",0,3.0,-0.04753207415342331,0.06126577407121658,0.30116692185401917,-0.06543787568807602,4.0,-0.00922168605029583,0.06141354888677597,0.3100777864456177,0.46431005001068115,5.0,0.019684115424752235,0.06122560054063797,0.3337620198726654,1.008390188217163,0.0,-0.2701209783554077,0.06218039616942406,0.6723546385765076,0.5861268639564514
1692309282.3702664,"[label: ""height""
size: 4
stride: 20, label: ""width""
size: 5
stride: 5]",0,3.0,-0.04766708239912987,0.06180526316165924,0.3014449179172516,-0.033069051802158356,4.0,-0.009206177666783333,0.06194232404232025,0.30963635444641113,0.46584370732307434,5.0,0.019570885226130486,0.061831068247556686,0.3341014087200165,0.9992566704750061,0.0,-0.27567869424819946,0.0640457272529602,0.6834269165992737,0.6474437713623047
1692309282.4857488,"[label: ""height""
size: 4
stride: 20, label: ""width""
size: 5
stride: 5]",0,3.0,-0.04759511351585388,0.06104400008916855,0.30091142654418945,-0.04509657248854637,4.0,-0.00927435141056776,0.060839615762233734,0.30782389640808105,0.4659864902496338,5.0,0.019565586000680923,0.06126817688345909,0.33400869369506836,0.9994090795516968,0.0,-0.27245545387268066,0.06220938637852669,0.6726841926574707,0.5921563506126404
1692309282.579798,"[label: ""height""
size: 4
stride: 20, label: ""width""
size: 5
stride: 5]",0,3.0,-0.04831381514668465,0.06219743937253952,0.3008604645729065,-0.03272296115756035,4.0,-0.009656030684709549,0.06144610792398453,0.30467697978019714,0.4888807237148285,5.0,0.019029850140213966,0.0623968280851841,0.3342093825340271,1.000653862953186,0.0,-0.28049522638320923,0.06590211391448975,0.6855073571205139,0.5167926549911499
1692309282.6741772,"[label: ""height""
size: 4
stride: 20, label: ""width""
size: 5
stride: 5]",0,3.0,-0.04837169498205185,0.06099093705415726,0.3005966246128082,-0.009908197447657585,4.0,-0.010093643330037594,0.06113879382610321,0.30946117639541626,0.4569911062717438,5.0,0.01907777227461338,0.06179105490446091,0.3376341760158539,1.00407075881958,0.0,-0.277003675699234,0.06277966499328613,0.6723068952560425,0.5373315811157227
1692309282.7661037,"[label: ""height""
size: 4
stride: 20, label: ""width""
size: 5
stride: 5]",0,3.0,-0.0481613427400589,0.06279376894235611,0.30144932866096497,-0.032722607254981995,4.0,-0.00956445187330246,0.06215300410985947,0.3057834804058075,0.49651098251342773,5.0,0.019307207316160202,0.06295626610517502,0.33427736163139343,0.9998131990432739,0.0,-0.28366944193840027,0.06768962740898132,0.6863496899604797,0.46781861782073975
1692309282.8784046,"[label: ""height""
size: 4
stride: 20, label: ""width""
size: 5
stride: 5]",0,3.0,-0.04906867817044258,0.06153194233775139,0.30088144540786743,-0.044452909380197525,4.0,-0.0107041010633111,0.061596356332302094,0.30919042229652405,0.47748690843582153,5.0,0.018621327355504036,0.06254260241985321,0.3394467532634735,1.0029610395431519,0.0,-0.2884938418865204,0.06638301908969879,0.6897850036621094,0.43723994493484497
1692309282.967253,"[label: ""height""
size: 4
stride: 20, label: ""width""
size: 5
stride: 5]",0,3.0,-0.05083523318171501,0.06296372413635254,0.30060669779777527,-0.009172222577035427,4.0,-0.012210816144943237,0.06236672401428223,0.30607306957244873,0.4867342412471771,5.0,0.01617790199816227,0.06303603202104568,0.3347403109073639,1.0170596837997437,0.0,-0.28911271691322327,0.06790996342897415,0.6807515621185303,0.5911765098571777
1692309283.0693645,"[label: ""height""
size: 4
stride: 20, label: ""width""
size: 5
stride: 5]",0,3.0,-0.05210322514176369,0.06293336302042007,0.30087706446647644,0.0007209583418443799,4.0,-0.013668562285602093,0.06260707229375839,0.3078823387622833,0.49650487303733826,5.0,0.01486191712319851,0.06465855240821838,0.342556893825531,1.0080119371414185,0.0,-0.29621827602386475,0.06910719722509384,0.6894071698188782,0.4949989318847656
1692309283.1612434,"[label: ""height""
size: 4
stride: 20, label: ""width""
size: 5
stride: 5]",0,3.0,-0.05245034396648407,0.06298168748617172,0.29940399527549744,0.011489239521324635,4.0,-0.01429472491145134,0.06297405064105988,0.30801674723625183,0.5162816643714905,5.0,0.013858604244887829,0.06257623434066772,0.3315945267677307,1.0288978815078735,0.0,-0.2966947853565216,0.06983689963817596,0.6879331469535828,0.5359074473381042
1692309283.2841647,"[label: ""height""
size: 4
stride: 20, label: ""width""
size: 5
stride: 5]",0,3.0,-0.051469121128320694,0.0634719729423523,0.29940375685691833,0.011538395658135414,4.0,-0.013288980349898338,0.0634821206331253,0.30803415179252625,0.5126425623893738,5.0,0.014906521886587143,0.06419630348682404,0.33723875880241394,1.0346425771713257,0.0,-0.29520851373672485,0.07139231264591217,0.68967205286026,0.48000845313072205
1692309283.3536036,"[label: ""height""
size: 4
stride: 20, label: ""width""
size: 5
stride: 5]",0,3.0,-0.05140966549515724,0.06284943222999573,0.3012385070323944,0.016156431287527084,4.0,-0.012992934323847294,0.061632122844457626,0.3043797016143799,0.517515242099762,5.0,0.01529847364872694,0.06370159983634949,0.3397204279899597,1.0120419263839722,0.0,-0.2853524684906006,0.06732802838087082,0.6687121391296387,0.6096822619438171
1692309283.4633548,"[label: ""height""
size: 4
stride: 20, label: ""width""
size: 5
stride: 5]",0,3.0,-0.051293205469846725,0.06369484215974808,0.2988324761390686,-0.03185258433222771,4.0,-0.013145447708666325,0.06363778561353683,0.30746614933013916,0.4961332082748413,5.0,0.015091320499777794,0.06417159736156464,0.3349609076976776,1.019843578338623,0.0,-0.2912121117115021,0.0713297575712204,0.6794966459274292,0.29013320803642273
1692309283.5547645,"[label: ""height""
size: 4
stride: 20, label: ""width""
size: 5
stride: 5]",0,3.0,-0.05267920345067978,0.06341184675693512,0.3008432984352112,0.03436840698122978,4.0,-0.01440362073481083,0.06263837218284607,0.3075169026851654,0.5014987587928772,5.0,0.013711082749068737,0.06306955963373184,0.33494019508361816,1.0416922569274902,0.0,-0.29098406434059143,0.0694427490234375,0.6693829894065857,0.29761141538619995
1692309283.6564798,"[label: ""height""
size: 4
stride: 20, label: ""width""
size: 5
stride: 5]",0,3.0,-0.053152069449424744,0.06419884413480759,0.30067741870880127,0.02567993849515915,4.0,-0.014874610118567944,0.06390862911939621,0.3094154894351959,0.507465124130249,5.0,0.013003133237361908,0.06375431269407272,0.334227591753006,1.0359121561050415,0.0,-0.29396504163742065,0.07186563313007355,0.6701799035072327,0.5378298163414001
1692309283.752024,"[label: ""height""
size: 4
stride: 20, label: ""width""
size: 5
stride: 5]",0,3.0,-0.052596163004636765,0.06391891837120056,0.30087676644325256,0.0007105188560672104,4.0,-0.014210578985512257,0.06291599571704865,0.3064214587211609,0.5259688496589661,5.0,0.01358429528772831,0.06419713795185089,0.3387562930583954,1.0360382795333862,0.0,-0.29396504163742065,0.07186563313007355,0.6701799035072327,0.5378298163414001
1692309283.8681884,"[label: ""height""
size: 4
stride: 20, label: ""width""
size: 5
stride: 5]",0,3.0,-0.051117073744535446,0.0634259283542633,0.30087584257125854,0.000710746506229043,4.0,-0.012835483066737652,0.06282950937747955,0.30906572937965393,0.5025805234909058,5.0,0.015101436525583267,0.06314662098884583,0.33538708090782166,1.0369975566864014,0.0,-0.30027464032173157,0.07264892011880875,0.6909378170967102,0.49032026529312134
1692309283.970466,"[label: ""height""
size: 4
stride: 20, label: ""width""
size: 5
stride: 5]",0,3.0,-0.049875080585479736,0.06401049345731735,0.3013611137866974,-0.03219730779528618,4.0,-0.01182577759027481,0.06333727389574051,0.309073269367218,0.4990307688713074,5.0,0.016481492668390274,0.06415751576423645,0.33852532505989075,1.0369954109191895,0.0,-0.2919344902038574,0.07314814627170563,0.6795462965965271,0.6011849641799927
1692309284.0700467,"[label: ""height""
size: 4
stride: 20, label: ""width""
size: 5
stride: 5]",0,3.0,-0.0501309297978878,0.06391849368810654,0.30087465047836304,0.0007001901976764202,4.0,-0.012095394544303417,0.06347976624965668,0.3098312020301819,0.5267437100410461,5.0,0.016056446358561516,0.06410607695579529,0.3382284641265869,1.0297082662582397,0.0,-0.2921091318130493,0.07311736792325974,0.6792444586753845,0.5327144265174866
1692309284.1727943,"[label: ""height""
size: 4
stride: 20, label: ""width""
size: 5
stride: 5]",0,3.0,-0.05187894031405449,0.06352575123310089,0.3026805520057678,0.041173454374074936,4.0,-0.013440925627946854,0.0627642422914505,0.3087204694747925,0.5223326683044434,5.0,0.01434686966240406,0.06306012719869614,0.3370577096939087,1.0365115404129028,0.0,-0.29916200041770935,0.07346456497907639,0.6887107491493225,0.19080455601215363
1692309284.2729042,"[label: ""height""
size: 4
stride: 20, label: ""width""
size: 5
stride: 5]",0,3.0,-0.05210311710834503,0.0639188289642334,0.30087634921073914,0.0007086019031703472,4.0,-0.013854427263140678,0.06336858868598938,0.30923959612846375,0.5050210952758789,5.0,0.01400788500905037,0.0637168288230896,0.33550673723220825,1.03997802734375,0.0,-0.2916044592857361,0.07292262464761734,0.6697947382926941,0.5298595428466797
1692309284.3599417,"[label: ""height""
size: 4
stride: 20, label: ""width""
size: 5
stride: 5]",0,3.0,-0.05164790898561478,0.06259109079837799,0.30118438601493835,0.015914712101221085,4.0,-0.013159045949578285,0.06132056564092636,0.30539605021476746,0.5274893045425415,5.0,0.014674105681478977,0.061968863010406494,0.3349187672138214,1.0300654172897339,0.0,-0.29187241196632385,0.07144155353307724,0.6768472194671631,0.6305517554283142
1692309284.4704938,"[label: ""height""
size: 4
stride: 20, label: ""width""
size: 5
stride: 5]",0,3.0,-0.05226730555295944,0.06368904560804367,0.29880291223526,-0.031869661062955856,4.0,-0.014299671165645123,0.06349640339612961,0.3081102669239044,0.5156954526901245,5.0,0.013863199390470982,0.06366664171218872,0.3352140486240387,1.0319700241088867,0.0,-0.29487404227256775,0.07389666140079498,0.6792119741439819,0.5403046011924744
1692309284.5541162,"[label: ""height""
size: 4
stride: 20, label: ""width""
size: 5
stride: 5]",0,3.0,-0.052543021738529205,0.06269806623458862,0.300510048866272,-0.009491216391324997,4.0,-0.014352263882756233,0.062329232692718506,0.30909860134124756,0.5076688528060913,5.0,0.013855498284101486,0.06253508478403091,0.3350202143192291,1.032318115234375,0.0,-0.2959286868572235,0.07277163863182068,0.6790853142738342,0.5473067164421082
1692309284.6625493,"[label: ""height""
size: 4
stride: 20, label: ""width""
size: 5
stride: 5]",0,3.0,-0.051610067486763,0.06391874700784683,0.3008759319782257,0.0007066117250360548,4.0,-0.013314338400959969,0.06333335489034653,0.3085246980190277,0.5064029693603516,5.0,0.015234663151204586,0.06366346776485443,0.3351963758468628,1.0279878377914429,0.0,-0.2937157154083252,0.07388582080602646,0.6791025400161743,0.5356081128120422
1692309284.7663481,"[label: ""height""
size: 4
stride: 20, label: ""width""
size: 5
stride: 5]",0,3.0,-0.04967741668224335,0.06353255361318588,0.3023059368133545,-0.04896007105708122,4.0,-0.011215444654226303,0.06288062036037445,0.30933812260627747,0.4791219234466553,5.0,0.017737479880452156,0.06359246373176575,0.33846062421798706,1.0065979957580566,0.0,-0.28904294967651367,0.07383204251527786,0.6785638928413391,0.5172362923622131
1692309284.8656533,"[label: ""height""
size: 4
stride: 20, label: ""width""
size: 5
stride: 5]",0,3.0,-0.047319184988737106,0.06337624043226242,0.30317145586013794,-0.03295272961258888,4.0,-0.009034361690282822,0.06328295916318893,0.3119121491909027,0.4504638612270355,5.0,0.02050498127937317,0.0635828897356987,0.33840301632881165,0.9988017678260803,0.0,-0.2887861132621765,0.0737973153591156,0.6915169358253479,0.15568320453166962
1692309284.9887776,"[label: ""height""
size: 4
stride: 20, label: ""width""
size: 5
stride: 5]",0,3.0,-0.043843574821949005,0.06251342594623566,0.3012446165084839,-0.06646030396223068,4.0,-0.005716020241379738,0.06273498386144638,0.3117212951183319,0.4421509802341461,5.0,0.023594405502080917,0.06253185123205185,0.33499419689178467,0.995349645614624,0.0,-0.28014418482780457,0.0737202987074852,0.6905564069747925,0.23393630981445312
1692309285.0804336,"[label: ""height""
size: 4
stride: 20, label: ""width""
size: 5
stride: 5]",0,3.0,-0.041079144924879074,0.06345298141241074,0.30359604954719543,-0.06901294738054276,4.0,-0.002801146125420928,0.06326465308666229,0.3118146061897278,0.41279473900794983,5.0,0.026754086837172508,0.06289838999509811,0.3333248198032379,0.9883298277854919,0.0,-0.278729110956192,0.07597783207893372,0.7070112228393555,0.20443245768547058
1692309285.180088,"[label: ""height""
size: 4
stride: 20, label: ""width""
size: 5
stride: 5]",0,3.0,-0.03810323029756546,0.06186741217970848,0.3035842478275299,-0.08005771040916443,4.0,0.0005389942671172321,0.06190800666809082,0.31090492010116577,0.4457976818084717,5.0,0.030352668836712837,0.0617896243929863,0.3353937864303589,0.966570258140564,0.0,-0.26851600408554077,0.07219770550727844,0.7004184722900391,0.568016767501831
1692309285.2857244,"[label: ""height""
size: 5
stride: 25, label: ""width""
size: 5
stride: 5]",0,3.0,-0.035507697612047195,0.06284289062023163,0.3034527003765106,-0.11226200312376022,4.0,0.003087992314249277,0.06339652836322784,0.3138706088066101,0.4159678816795349,5.0,0.03315950557589531,0.06300865113735199,0.33610400557518005,0.9755120873451233,0.0,-0.25788265466690063,0.07311466336250305,0.690436601638794,0.6133464574813843,1.0,-0.23646314442157745,0.07444019615650177,0.7370390892028809,-0.48166897892951965
1692309285.373448,"[label: ""height""
size: 5
stride: 25, label: ""width""
size: 5
stride: 5]",0,3.0,-0.03439096733927727,0.06316293030977249,0.3082805871963501,-0.0730384960770607,4.0,0.004717270843684673,0.06202683970332146,0.3106357753276825,0.41454657912254333,5.0,0.035020146518945694,0.062421537935733795,0.3380820155143738,0.9496273994445801,0.0,-0.25034987926483154,0.0709657222032547,0.6799664497375488,0.5869964957237244,1.0,-0.23586487770080566,0.07393034547567368,0.7469592094421387,1.0759831666946411
1692309285.474514,"[label: ""height""
size: 5
stride: 25, label: ""width""
size: 5
stride: 5]",0,3.0,-0.032044634222984314,0.06187315657734871,0.30358216166496277,-0.1159643679857254,4.0,0.006345934234559536,0.06102935969829559,0.30831199884414673,0.4429752826690674,5.0,0.03695368394255638,0.062415361404418945,0.3380460739135742,0.9443448185920715,0.0,-0.25165078043937683,0.06999688595533371,0.6895473003387451,0.5140273571014404,1.0,-0.22996832430362701,0.07123758643865585,0.7349683046340942,1.1134315729141235
1692309285.5603793,"[label: ""height""
size: 5
stride: 25, label: ""width""
size: 5
stride: 5]",0,3.0,-0.03074883110821247,0.061540696769952774,0.3018404245376587,-0.1162397488951683,4.0,0.007643070537596941,0.061301033943891525,0.31035831570625305,0.427170068025589,5.0,0.037967659533023834,0.061625149101018906,0.3359987139701843,0.95294588804245,0.0,-0.24951614439487457,0.07067043334245682,0.6883537173271179,0.5366467237472534,1.0,-0.2291407585144043,0.07200149446725845,0.7367866635322571,-0.48830845952033997
1692309285.6661358,"[label: ""height""
size: 5
stride: 25, label: ""width""
size: 5
stride: 5]",0,3.0,-0.029762767255306244,0.06226235628128052,0.30611661076545715,-0.07455608248710632,4.0,0.009036985225975513,0.06121261045336723,0.30986225605010986,0.44182664155960083,5.0,0.03926496207714081,0.06180712580680847,0.33771705627441406,0.9474807977676392,0.0,-0.2550010085105896,0.07137663662433624,0.7003457546234131,0.584539532661438,1.0,-0.22973261773586273,0.07134301215410233,0.7361399531364441,1.1109367609024048
1692309285.7706966,"[label: ""height""
size: 5
stride: 25, label: ""width""
size: 5
stride: 5]",0,3.0,-0.029385259374976158,0.061346326023340225,0.30339816212654114,-0.08476727455854416,4.0,0.00916081853210926,0.060760971158742905,0.3101806342601776,0.42368945479393005,5.0,0.0391046367585659,0.060646649450063705,0.3351529836654663,0.9597952961921692,0.0,-0.24869343638420105,0.0679866150021553,0.6764002442359924,0.1045382022857666,1.0,-0.23207221925258636,0.0708165243268013,0.7368781566619873,1.0895702838897705
1692309285.8697984,"[label: ""height""
size: 5
stride: 25, label: ""width""
size: 5
stride: 5]",0,3.0,-0.02938690409064293,0.06184724345803261,0.3034192621707916,-0.08436370640993118,4.0,0.009162639267742634,0.061283551156520844,0.3102603852748871,0.42319032549858093,5.0,0.03915857896208763,0.06185833737254143,0.33802828192710876,0.9563252329826355,0.0,-0.2575661540031433,0.0711694210767746,0.6914127469062805,0.20660750567913055,1.0,-0.23574241995811462,0.07199055701494217,0.7366921901702881,-0.4370559751987457
1692309285.9600477,"[label: ""height""
size: 5
stride: 25, label: ""width""
size: 5
stride: 5]",0,3.0,-0.029386483132839203,0.060466207563877106,0.3035140037536621,-0.07375746965408325,4.0,0.00906001590192318,0.060037851333618164,0.3108975291252136,0.4331766664981842,5.0,0.038966257125139236,0.06012498959898949,0.33758485317230225,0.9663170576095581,0.0,-0.2537093162536621,0.06640316545963287,0.6704860925674438,0.6127645969390869,1.0,-0.23567000031471252,0.06816989928483963,0.724772036075592,1.0962564945220947
1692309286.109088,"[label: ""height""
size: 5
stride: 25, label: ""width""
size: 5
stride: 5]",0,3.0,-0.030384788289666176,0.06244954466819763,0.30669838190078735,-0.010514866560697556,4.0,0.008258151821792126,0.0607343390583992,0.3081219494342804,0.4836113452911377,5.0,0.037230413407087326,0.06069723516702652,0.3332340121269226,1.0026118755340576,0.0,-0.26808080077171326,0.07135088741779327,0.6917986869812012,0.4529738426208496,1.0,-0.24041616916656494,0.07095710933208466,0.7229819893836975,1.1061841249465942
1692309286.179992,"[label: ""height""
size: 5
stride: 25, label: ""width""
size: 5
stride: 5]",0,3.0,-0.03173191472887993,0.06093200668692589,0.3038402497768402,-0.02346009388566017,4.0,0.006553563289344311,0.06021755188703537,0.3119252920150757,0.4675334393978119,5.0,0.035937655717134476,0.06015370786190033,0.3377687931060791,0.99214768409729,0.0,-0.27470314502716064,0.06925804913043976,0.6936014890670776,0.5672280192375183,1.0,-0.2478085607290268,0.06942373514175415,0.7255660891532898,1.0682820081710815
1692309286.2780604,"[label: ""height""
size: 5
stride: 25, label: ""width""
size: 5
stride: 5]",0,3.0,-0.03367769345641136,0.06204893812537193,0.30320969223976135,-0.04788016155362129,4.0,0.004743069410324097,0.060822486877441406,0.3091582953929901,0.48968827724456787,5.0,0.033474165946245193,0.06131650507450104,0.3381137549877167,1.0161374807357788,0.0,-0.2751626968383789,0.07044973224401474,0.6780544519424438,0.6830019354820251,1.0,-0.2552880346775055,0.07181622833013535,0.7257041931152344,1.1040832996368408
1692309286.368181,"[label: ""height""
size: 5
stride: 25, label: ""width""
size: 5
stride: 5]",0,3.0,-0.035542745143175125,0.06150117516517639,0.3003283739089966,-0.01922588236629963,4.0,0.0023352140560746193,0.060921117663383484,0.30970829725265503,0.4792502224445343,5.0,0.031143158674240112,0.06134853884577751,0.33831241726875305,1.0136216878890991,0.0,-0.28335800766944885,0.07060371339321136,0.6796973943710327,0.6442405581474304,1.0,-0.25838273763656616,0.0702170878648758,0.7125611901283264,-0.4464711844921112
1692309286.4848413,"[label: ""height""
size: 5
stride: 25, label: ""width""
size: 5
stride: 5]",0,3.0,-0.038206763565540314,0.061482466757297516,0.29928675293922424,0.014053736813366413,4.0,-0.00031237059738487005,0.06088222190737724,0.30949217081069946,0.5039183497428894,5.0,0.02753550559282303,0.06014009565114975,0.33316946029663086,1.0387531518936157,0.0,-0.2924126386642456,0.07204733043909073,0.6852458119392395,0.6362991333007812,1.0,-0.2683897614479065,0.07210320979356766,0.7225773334503174,1.131090760231018
1692309286.5824087,"[label: ""height""
size: 5
stride: 25, label: ""width""
size: 5
stride: 5]",0,3.0,-0.04041130468249321,0.062039442360401154,0.29921144247055054,0.006838281638920307,4.0,-0.002431386150419712,0.061154186725616455,0.3077733516693115,0.5368273258209229,5.0,0.02513621188700199,0.061306219547986984,0.33584052324295044,1.0508559942245483,0.0,-0.297427237033844,0.07145151495933533,0.6776957511901855,0.19432596862316132,1.0,-0.27304014563560486,0.07194539904594421,0.7123264074325562,1.1827716827392578
1692309286.6807332,"[label: ""height""
size: 5
stride: 25, label: ""width""
size: 5
stride: 5]",0,3.0,-0.04230542480945587,0.06161680445075035,0.29789644479751587,0.12787526845932007,4.0,-0.004727112594991922,0.060960520058870316,0.30857977271080017,0.508427083492279,5.0,0.02293260395526886,0.060746364295482635,0.33578377962112427,1.0572395324707031,0.0,-0.30369529128074646,0.07253102213144302,0.6766966581344604,0.7278466820716858,1.0,-0.2844180166721344,0.07336844503879547,0.7234434485435486,1.1785367727279663
1692309286.7602975,"[label: ""height""
size: 5
stride: 25, label: ""width""
size: 5
stride: 5]",0,3.0,-0.044597458094358444,0.06268896162509918,0.29698359966278076,0.020122697576880455,4.0,-0.0069276802241802216,0.06169760972261429,0.3066725730895996,0.5574005842208862,5.0,0.020169051364064217,0.06210806220769882,0.33798009157180786,1.0714077949523926,0.0,-0.30352583527565,0.07222165912389755,0.6588990092277527,0.6924452781677246,1.0,-0.28460559248924255,0.07356351613998413,0.7027309536933899,1.1994987726211548
1692309286.8589056,"[label: ""height""
size: 5
stride: 25, label: ""width""
size: 5
stride: 5]",0,3.0,-0.04598427563905716,0.06191845238208771,0.296394020318985,0.0035088297445327044,4.0,-0.008479999378323555,0.06121949478983879,0.3081386089324951,0.5550439953804016,5.0,0.018262922763824463,0.061338379979133606,0.3360428214073181,1.0876787900924683,0.0,-0.32094886898994446,0.07400226593017578,0.6803154349327087,0.6452333331108093,1.0,-0.2864314615726471,0.07136319577693939,0.6898293495178223,1.2090801000595093
1692309286.9585133,"[label: ""height""
size: 5
stride: 25, label: ""width""
size: 5
stride: 5]",0,3.0,-0.04729071259498596,0.06312786787748337,0.2964712381362915,0.04444395378232002,4.0,-0.009844345971941948,0.062399763613939285,0.3077515661716461,0.5751150250434875,5.0,0.01659463718533516,0.062096644192934036,0.33569660782814026,1.0933494567871094,0.0,-0.316200315952301,0.07448244094848633,0.6599925756454468,0.6705020070075989,1.0,-0.2955128848552704,0.07506471872329712,0.7006291151046753,1.20144784450531
1692309287.0668051,"[label: ""height""
size: 5
stride: 25, label: ""width""
size: 5
stride: 5]",0,3.0,-0.047363221645355225,0.0625990480184555,0.29957181215286255,0.0959555059671402,4.0,-0.009541797451674938,0.06165757775306702,0.30963554978370667,0.5485029220581055,5.0,0.017000937834382057,0.06099218130111694,0.3356774151325226,1.1008121967315674,0.0,-0.3214849531650543,0.07322947680950165,0.6660857200622559,0.2696104049682617,1.0,-0.28843796253204346,0.07103621959686279,0.6786149144172668,1.235331654548645
1692309287.1577187,"[label: ""height""
size: 4
stride: 20, label: ""width""
size: 5
stride: 5]",0,3.0,-0.046849191188812256,0.06289183348417282,0.29685792326927185,0.05892495438456535,4.0,-0.009336870163679123,0.06187272444367409,0.3076271414756775,0.5740079283714294,0.0,-0.31944605708122253,0.0744832381606102,0.6600058078765869,0.6826890110969543,1.0,-0.2983461618423462,0.07505863904953003,0.7005630135536194,1.1635682582855225
1692309287.2609751,"[label: ""height""
size: 4
stride: 20, label: ""width""
size: 5
stride: 5]",0,3.0,-0.04636107012629509,0.06289012730121613,0.29684969782829285,0.059356726706027985,4.0,-0.008980541490018368,0.06201017647981644,0.3083863854408264,0.5828121304512024,0.0,-0.3147035241127014,0.07445555925369263,0.6546657681465149,0.7050135135650635,1.0,-0.3029811382293701,0.07728346437215805,0.7131710648536682,-0.326262891292572
1692309287.3571556,"[label: ""height""
size: 5
stride: 25, label: ""width""
size: 5
stride: 5]",0,3.0,-0.045323874801397324,0.06202920153737068,0.2962062954902649,0.02680009976029396,4.0,-0.007933958433568478,0.060869134962558746,0.30713406205177307,0.5850175619125366,5.0,0.018502306193113327,0.060359422117471695,0.33294764161109924,1.099448561668396,1.0,-0.293771892786026,0.07322414964437485,0.6995669603347778,-0.34686458110809326,0.0,-0.3185628056526184,0.07343877851963043,0.6678579449653625,0.1670757681131363
1692309287.4768357,"[label: ""height""
size: 5
stride: 25, label: ""width""
size: 5
stride: 5]",0,3.0,-0.046016622334718704,0.06366116553544998,0.2986854314804077,0.07833783328533173,4.0,-0.00853353925049305,0.06269382685422897,0.3097517788410187,0.5444799065589905,5.0,0.018390143290162086,0.062109798192977905,0.3357766568660736,1.079431176185608,0.0,-0.31550994515419006,0.07593818753957748,0.6653331518173218,0.6224696040153503,1.0,-0.2922399938106537,0.07618649303913116,0.7003595232963562,1.1752302646636963
1692309287.5579438,"[label: ""height""
size: 5
stride: 25, label: ""width""
size: 5
stride: 5]",0,3.0,-0.04678201675415039,0.0625172033905983,0.2962176501750946,0.0264170803129673,4.0,-0.009247183799743652,0.06177905574440956,0.30843520164489746,0.5526201725006104,0.0,-0.31009772419929504,0.07331157475709915,0.6539926528930664,0.6936120390892029,1.0,-0.29330044984817505,0.07439561933279037,0.6997901201248169,-0.38914796710014343,5.0,0.017695613205432892,0.06091025471687317,0.33297595381736755,1.0847159624099731
1692309287.6589634,"[label: ""height""
size: 5
stride: 25, label: ""width""
size: 5
stride: 5]",0,3.0,-0.04627575725317001,0.06338232010602951,0.2968125641345978,0.018776249140501022,4.0,-0.008728493005037308,0.0624491348862648,0.30802014470100403,0.5559055805206299,5.0,0.01842092163860798,0.06248965486884117,0.3363412022590637,1.0781729221343994,0.0,-0.3200269639492035,0.07738567143678665,0.6807187795639038,0.6381444931030273,1.0,-0.2868012487888336,0.07423614710569382,0.6903340816497803,-0.42656901478767395
1692309287.7597482,"[label: ""height""
size: 5
stride: 25, label: ""width""
size: 5
stride: 5]",0,3.0,-0.04595932736992836,0.06378154456615448,0.29807886481285095,0.043371137231588364,4.0,-0.008194652386009693,0.06236647069454193,0.30705738067626953,0.5586394667625427,5.0,0.018843235448002815,0.06250333040952682,0.33642980456352234,1.0681746006011963,0.0,-0.3081744313240051,0.07553497701883316,0.6596134305000305,0.7029021978378296,1.0,-0.2886723577976227,0.07622379809617996,0.7007400989532471,1.1895897388458252
1692309287.862302,"[label: ""height""
size: 5
stride: 25, label: ""width""
size: 5
stride: 5]",0,3.0,-0.046379148960113525,0.06423842161893845,0.2995809316635132,0.0982629656791687,4.0,-0.008680421859025955,0.06327123939990997,0.31012141704559326,0.5274014472961426,5.0,0.01843280717730522,0.06245013326406479,0.3339253067970276,1.0724899768829346,0.0,-0.3108193874359131,0.07552578300237656,0.659500241279602,0.7113343477249146,1.0,-0.29116091132164,0.0762004405260086,0.7005036473274231,1.2152224779129028
1692309287.9646087,"[label: ""height""
size: 5
stride: 25, label: ""width""
size: 5
stride: 5]",0,3.0,-0.04795825853943825,0.06420981138944626,0.29783138632774353,0.07883486151695251,4.0,-0.01024599839001894,0.06298813223838806,0.30820512771606445,0.560111939907074,5.0,0.016879357397556305,0.06264858692884445,0.3357035219669342,1.0752280950546265,0.0,-0.3152894973754883,0.07663986831903458,0.6598191261291504,0.724113404750824,1.0,-0.29582083225250244,0.0773649513721466,0.7006685733795166,1.2228279113769531
1692309288.0463078,"[label: ""height""
size: 4
stride: 20, label: ""width""
size: 5
stride: 5]",0,3.0,-0.05034257844090462,0.06557895243167877,0.2997387647628784,0.08992034941911697,4.0,-0.012475524097681046,0.06384889036417007,0.30741727352142334,0.5724935531616211,5.0,0.014235192909836769,0.06437176465988159,0.3382563292980194,1.0794216394424438,0.0,-0.3325905501842499,0.08043385297060013,0.67796790599823,0.707459568977356
1692309288.1727514,"[label: ""height""
size: 5
stride: 25, label: ""width""
size: 5
stride: 5]",0,3.0,-0.051471784710884094,0.06444118171930313,0.296506404876709,0.11327424645423889,4.0,-0.014129546470940113,0.06339763104915619,0.30769234895706177,0.5618260502815247,5.0,0.01243472471833229,0.06383932381868362,0.3383903205394745,1.0932203531265259,0.0,-0.3339950144290924,0.07835204899311066,0.6674600839614868,0.6792542934417725,1.0,-0.310775488615036,0.0785231813788414,0.700762927532196,1.2064672708511353
1692309288.27807,"[label: ""height""
size: 4
stride: 20, label: ""width""
size: 5
stride: 5]",0,3.0,-0.05431404337286949,0.06622854620218277,0.3001285791397095,0.11817791312932968,4.0,-0.016516996547579765,0.06442373245954514,0.3077896237373352,0.5846230387687683,5.0,0.009732061997056007,0.0642840787768364,0.33565080165863037,1.0957592725753784,1.0,-0.3229016363620758,0.08224360644817352,0.7107315063476562,-0.3101091980934143
1692309288.3834305,"[label: ""height""
size: 4
stride: 20, label: ""width""
size: 5
stride: 5]",0,3.0,-0.05529757961630821,0.06516700983047485,0.29603829979896545,0.08791092038154602,4.0,-0.0182189978659153,0.06492244452238083,0.3107914626598358,0.5721792578697205,5.0,0.007742912508547306,0.06483608484268188,0.3392506241798401,1.105230450630188,1.0,-0.31569525599479675,0.07777722924947739,0.679267168045044,1.2617290019989014
1692309288.5053923,"[label: ""height""
size: 4
stride: 20, label: ""width""
size: 5
stride: 5]",0,3.0,-0.0579368881881237,0.06617064774036407,0.2974104881286621,0.14040707051753998,4.0,-0.020395703613758087,0.06437341123819351,0.3057732582092285,0.6086190342903137,5.0,0.005196031648665667,0.06433037668466568,0.33592334389686584,1.1174614429473877,1.0,-0.3220469653606415,0.07999308407306671,0.6791790127754211,1.2532477378845215
1692309288.588291,"[label: ""height""
size: 4
stride: 20, label: ""width""
size: 5
stride: 5]",0,3.0,-0.05868713930249214,0.06643563508987427,0.2959318459033966,0.07456689327955246,4.0,-0.021770667284727097,0.06569486856460571,0.309145987033844,0.6101219058036804,5.0,0.0037058291491121054,0.06613367795944214,0.33881717920303345,1.126747727394104,1.0,-0.3275546133518219,0.0811586081981659,0.679650068283081,1.2418607473373413
1692309288.6722317,"[label: ""height""
size: 4
stride: 20, label: ""width""
size: 5
stride: 5]",0,3.0,-0.05966271460056305,0.06643997877836227,0.2959537208080292,0.07323980331420898,4.0,-0.022377127781510353,0.06507102400064468,0.3055538237094879,0.6194400787353516,5.0,0.0028601798694580793,0.06535554677248001,0.336967796087265,1.1312167644500732,1.0,-0.3304065465927124,0.08111151307821274,0.6792285442352295,1.2276277542114258
1692309288.7560313,"[label: ""height""
size: 4
stride: 20, label: ""width""
size: 5
stride: 5]",0,3.0,-0.060420576483011246,0.06816228479146957,0.29760685563087463,0.13349215686321259,4.0,-0.023003771901130676,0.06655100733041763,0.3071385622024536,0.6112924218177795,5.0,0.0023198691196739674,0.06728659570217133,0.33905258774757385,1.1304277181625366,1.0,-0.33266693353652954,0.08341186493635178,0.6798760890960693,1.2094444036483765
1692309288.8541534,"[label: ""height""
size: 4
stride: 20, label: ""width""
size: 5
stride: 5]",0,3.0,-0.05992579832673073,0.0671815350651741,0.2975829839706421,0.1357550024986267,4.0,-0.022609839215874672,0.06607735902070999,0.3085068464279175,0.6024658679962158,5.0,0.00273070577532053,0.0661659836769104,0.33900681138038635,1.1380516290664673,1.0,-0.33715125918388367,0.08305840939283371,0.6884595155715942,1.1744892597198486
1692309288.9539337,"[label: ""height""
size: 4
stride: 20, label: ""width""
size: 5
stride: 5]",0,3.0,-0.05917524918913841,0.06789445132017136,0.29594501852989197,0.07393942773342133,4.0,-0.022192558273673058,0.06724251061677933,0.30807384848594666,0.6173105835914612,5.0,0.0031534337904304266,0.06785888969898224,0.33914026618003845,1.1277918815612793,1.0,-0.3327392637729645,0.08454291522502899,0.680023729801178,1.2091853618621826
1692309289.056797,"[label: ""height""
size: 4
stride: 20, label: ""width""
size: 5
stride: 5]",0,3.0,-0.058102767914533615,0.06873262673616409,0.29878661036491394,0.12075799703598022,4.0,-0.020885488018393517,0.06772857904434204,0.3108745813369751,0.5957526564598083,5.0,0.004541756119579077,0.06785570085048676,0.3391242027282715,1.1237781047821045,1.0,-0.329947829246521,0.08454107493162155,0.6800101399421692,1.2041898965835571
1692309289.1526027,"[label: ""height""
size: 5
stride: 25, label: ""width""
size: 5
stride: 5]",0,3.0,-0.05680760368704796,0.06801041215658188,0.29968002438545227,0.11963015049695969,4.0,-0.019346347078680992,0.06665580719709396,0.30887678265571594,0.6166419982910156,5.0,0.0060645476914942265,0.06730768084526062,0.3391720652580261,1.1279958486557007,1.0,-0.32735684514045715,0.08229218423366547,0.679841935634613,1.17869234085083,2.0,-0.3147423565387726,0.08169861137866974,0.7034351229667664,1.4204108715057373
1692309289.269272,"[label: ""height""
size: 5
stride: 25, label: ""width""
size: 5
stride: 5]",0,3.0,-0.0553186871111393,0.06876371800899506,0.3000834584236145,0.08735588937997818,4.0,-0.01807810738682747,0.06828026473522186,0.3127869665622711,0.5905539393424988,5.0,0.007732681930065155,0.06787900626659393,0.3392549157142639,1.1229828596115112,1.0,-0.32326945662498474,0.08447558432817459,0.6794442534446716,1.1721611022949219,2.0,-0.3152676820755005,0.08438647538423538,0.7139130234718323,-0.8646574020385742
1692309289.3567572,"[label: ""height""
size: 4
stride: 20, label: ""width""
size: 5
stride: 5]",0,3.0,-0.05362448841333389,0.06864333152770996,0.29869207739830017,0.05850168690085411,4.0,-0.016909735277295113,0.06813105940818787,0.31034591794013977,0.5986534953117371,5.0,0.009114506654441357,0.06917226314544678,0.34425997734069824,1.1039179563522339,1.0,-0.31668826937675476,0.08324354141950607,0.667361319065094,1.169458270072937
1692309289.4601681,"[label: ""height""
size: 4
stride: 20, label: ""width""
size: 5
stride: 5]",0,3.0,-0.05243511125445366,0.06853420287370682,0.30060750246047974,0.11140312254428864,4.0,-0.015584944747388363,0.06892552226781845,0.3163866400718689,0.5749065279960632,5.0,0.01050951611250639,0.06787216663360596,0.3392159044742584,1.114974021911621,1.0,-0.3187180161476135,0.08333797007799149,0.6792322397232056,1.164319634437561
1692309289.5485508,"[label: ""height""
size: 5
stride: 25, label: ""width""
size: 5
stride: 5]",0,3.0,-0.05107387900352478,0.06946102529764175,0.30224066972732544,0.029933549463748932,4.0,-0.013760481029748917,0.06870941072702408,0.31359055638313293,0.5972728729248047,5.0,0.012178909033536911,0.06844357401132584,0.33929798007011414,1.109995722770691,1.0,-0.32046234607696533,0.08623363822698593,0.6913754343986511,1.1365264654159546,2.0,-0.3010334074497223,0.08403536677360535,0.7037202715873718,1.437686562538147
1692309289.6657214,"[label: ""height""
size: 5
stride: 25, label: ""width""
size: 5
stride: 5]",0,3.0,-0.04963928833603859,0.07008489966392517,0.30209943652153015,0.076754629611969,4.0,-0.012445672415196896,0.06926638633012772,0.31259316205978394,0.5721872448921204,5.0,0.013760756701231003,0.07030021399259567,0.34425297379493713,1.0994399785995483,1.0,-0.3110440671443939,0.0855933204293251,0.6794813871383667,1.1494752168655396,2.0,-0.30760347843170166,0.08746497333049774,0.7274281978607178,1.4518383741378784
1692309289.7621782,"[label: ""height""
size: 5
stride: 25, label: ""width""
size: 5
stride: 5]",0,3.0,-0.04893425479531288,0.06898505985736847,0.3035089075565338,0.022697532549500465,4.0,-0.011635739356279373,0.0676758885383606,0.31183308362960815,0.6005242466926575,5.0,0.014395909383893013,0.06786226481199265,0.3391594886779785,1.1038191318511963,1.0,-0.3128676414489746,0.08449573069810867,0.6911323666572571,-0.304305762052536,2.0,-0.3039243519306183,0.08505432307720184,0.7271807789802551,1.4571027755737305
1692309289.8643742,"[label: ""height""
size: 5
stride: 25, label: ""width""
size: 5
stride: 5]",0,3.0,-0.047626398503780365,0.07017038017511368,0.3024522364139557,0.04254027083516121,4.0,-0.010316546075046062,0.06979095935821533,0.3138456344604492,0.5696668028831482,5.0,0.016077814623713493,0.07010316848754883,0.34263861179351807,1.1029407978057861,0.0,-0.33498311042785645,0.08655201643705368,0.6613209247589111,0.6667700409889221,1.0,-0.30960437655448914,0.08679619431495667,0.6914305090904236,-0.3056138753890991
1692309289.9453547,"[label: ""height""
size: 5
stride: 25, label: ""width""
size: 5
stride: 5]",0,3.0,-0.04744013398885727,0.06988102197647095,0.3054947555065155,0.08455870300531387,4.0,-0.009740055538713932,0.06933233141899109,0.31583309173583984,0.5730871558189392,5.0,0.01676337793469429,0.06965672224760056,0.34527334570884705,1.0979186296463013,0.0,-0.3308078944683075,0.08491425216197968,0.6567710041999817,0.6198298335075378,1.0,-0.31174978613853455,0.08666647970676422,0.7016797661781311,1.1630151271820068
1692309290.0630097,"[label: ""height""
size: 5
stride: 25, label: ""width""
size: 5
stride: 5]",0,3.0,-0.0468338318169117,0.07024532556533813,0.3051275312900543,0.009032919071614742,4.0,-0.009120247326791286,0.06879933923482895,0.3128178119659424,0.5879080295562744,5.0,0.017057422548532486,0.06955170631408691,0.3426985740661621,1.108851432800293,0.0,-0.3323529362678528,0.08433521538972855,0.6611344814300537,0.28414979577064514,1.0,-0.30669182538986206,0.08505827933549881,0.6909562349319458,1.1571227312088013
1692309290.15951,"[label: ""height""
size: 5
stride: 25, label: ""width""
size: 5
stride: 5]",0,3.0,-0.0458347462117672,0.06974673271179199,0.30513620376586914,0.0095595084130764,4.0,-0.008214781060814857,0.06938791275024414,0.31660720705986023,0.5647919178009033,5.0,0.018023444339632988,0.0696297213435173,0.34512412548065186,1.1032884120941162,0.0,-0.32962626218795776,0.08488782495260239,0.656558096408844,0.6164010167121887,1.0,-0.30683332681655884,0.08569837361574173,0.6915627717971802,-0.3071145713329315
1692309290.271076,"[label: ""height""
size: 5
stride: 25, label: ""width""
size: 5
stride: 5]",0,3.0,-0.04533630236983299,0.06974953413009644,0.3051494061946869,0.010015249252319336,4.0,-0.007961338385939598,0.06950193643569946,0.31717199087142944,0.5893591642379761,5.0,0.01826859638094902,0.06919846683740616,0.3444049060344696,1.1041606664657593,0.0,-0.3363926112651825,0.08502432703971863,0.6681373119354248,0.34354346990585327,1.0,-0.3124914765357971,0.08637568354606628,0.7040014863014221,1.134918212890625
1692309290.372019,"[label: ""height""
size: 6
stride: 30, label: ""width""
size: 5
stride: 5]",0,3.0,-0.04426044598221779,0.06882017850875854,0.3035341203212738,0.09629383683204651,4.0,-0.007148159667849541,0.06822269409894943,0.3154590129852295,0.5664500594139099,5.0,0.018855394795536995,0.06912975758314133,0.3475733697414398,1.1074438095092773,0.0,-0.32913675904273987,0.08225636929273605,0.6510096192359924,0.26121532917022705,1.0,-0.3077574074268341,0.08390931785106659,0.6908077597618103,1.1594589948654175,2.0,-0.30403855443000793,0.08547456562519073,0.738488495349884,-0.8603371381759644
1692309290.478314,"[label: ""height""
size: 6
stride: 30, label: ""width""
size: 5
stride: 5]",0,3.0,-0.044252410531044006,0.06964528560638428,0.30349090695381165,0.09908422827720642,4.0,-0.00744184385985136,0.06949504464864731,0.31713777780532837,0.587826669216156,5.0,0.018966132774949074,0.07054804265499115,0.3496590256690979,1.1052722930908203,0.0,-0.3341841995716095,0.08387534320354462,0.6570727229118347,0.6331556439399719,1.0,-0.30993056297302246,0.08509036153554916,0.6912441253662109,1.1401489973068237,2.0,-0.30050384998321533,0.08501247316598892,0.7268146276473999,1.4453473091125488
1692309290.5696774,"[label: ""height""
size: 6
stride: 30, label: ""width""
size: 5
stride: 5]",0,3.0,-0.04400307685136795,0.06879352033138275,0.306644082069397,0.05942823365330696,4.0,-0.006736487150192261,0.06848981976509094,0.3203529715538025,0.5962834358215332,5.0,0.019248543307185173,0.0681724026799202,0.3470601439476013,1.1161597967147827,0.0,-0.3357731103897095,0.08150187879800797,0.6601678729057312,0.6018630862236023,1.0,-0.31433120369911194,0.08314734697341919,0.7010436654090881,1.1238090991973877,2.0,-0.3002496063709259,0.08264584839344025,0.7269381284713745,1.4623569250106812
1692309290.674407,"[label: ""height""
size: 5
stride: 25, label: ""width""
size: 5
stride: 5]",0,3.0,-0.0430043525993824,0.0698845311999321,0.3062620460987091,0.1222023293375969,4.0,-0.005859693046659231,0.06884334981441498,0.31597837805747986,0.5875869989395142,5.0,0.020128654316067696,0.06969115883111954,0.34752577543258667,1.1126608848571777,0.0,-0.33442655205726624,0.08343662321567535,0.6577256321907043,0.24938704073429108,1.0,-0.3137628436088562,0.08537184447050095,0.7004225850105286,1.1008621454238892
1692309290.772225,"[label: ""height""
size: 4
stride: 20, label: ""width""
size: 5
stride: 5]",0,3.0,-0.04412156343460083,0.06937275826931,0.3077913522720337,0.10335657000541687,4.0,-0.006631835829466581,0.06786099076271057,0.31625476479530334,0.6156680583953857,5.0,0.01910184696316719,0.06874273717403412,0.34706586599349976,1.1252598762512207,1.0,-0.31270527839660645,0.08274362981319427,0.6905038356781006,1.1246789693832397
1692309290.8691316,"[label: ""height""
size: 4
stride: 20, label: ""width""
size: 5
stride: 5]",0,3.0,-0.04526057839393616,0.06916571408510208,0.30357664823532104,0.09833431988954544,4.0,-0.008188859559595585,0.06841691583395004,0.3164445757865906,0.6198720335960388,5.0,0.016827058047056198,0.06859087944030762,0.34417036175727844,1.1432803869247437,1.0,-0.31894806027412415,0.08332668989896774,0.6908391714096069,-0.257504940032959
1692309290.9798982,"[label: ""height""
size: 5
stride: 25, label: ""width""
size: 5
stride: 5]",0,3.0,-0.04648890346288681,0.07000501453876495,0.30651503801345825,0.18985258042812347,4.0,-0.009264050051569939,0.0690779760479927,0.317653626203537,0.6185057759284973,5.0,0.015829822048544884,0.06931789219379425,0.3470993936061859,1.1430120468139648,1.0,-0.32763320207595825,0.0854695588350296,0.7012609243392944,1.1005034446716309,2.0,-0.30777254700660706,0.08338132500648499,0.715393602848053,1.4653785228729248
1692309291.0740485,"[label: ""height""
size: 5
stride: 25, label: ""width""
size: 5
stride: 5]",0,3.0,-0.047181472182273865,0.06874344497919083,0.30281588435173035,0.170588880777359,4.0,-0.010723122395575047,0.06787778437137604,0.3150918185710907,0.6343500018119812,5.0,0.014140788465738297,0.0685461089015007,0.3474996089935303,1.1470776796340942,1.0,-0.3312927484512329,0.08301811665296555,0.6998991966247559,1.086631178855896,2.0,-0.3221253454685211,0.08424476534128189,0.7383139729499817,-0.7795089483261108
1692309291.167299,"[label: ""height""
size: 4
stride: 20, label: ""width""
size: 5
stride: 5]",0,3.0,-0.048690617084503174,0.06993406265974045,0.3029978573322296,0.17858661711215973,4.0,-0.012392956763505936,0.06965761631727219,0.31794703006744385,0.6274717450141907,5.0,0.012441637925803661,0.06972958147525787,0.3477405607700348,1.151463270187378,1.0,-0.3258543014526367,0.08331672102212906,0.6790465116500854,1.1338835954666138
1692309291.2644053,"[label: ""height""
size: 5
stride: 25, label: ""width""
size: 5
stride: 5]",0,3.0,-0.050758350640535355,0.06907151639461517,0.3031862676143646,0.12984365224838257,4.0,-0.014266644604504108,0.0689651146531105,0.31885072588920593,0.6002061367034912,5.0,0.010484995320439339,0.06805781275033951,0.34434774518013,1.1698055267333984,1.0,-0.3311646580696106,0.0811600312590599,0.6796714067459106,1.1422468423843384,2.0,-0.325398713350296,0.08261089771986008,0.726626455783844,1.4773266315460205
1692309291.3500555,"[label: ""height""
size: 5
stride: 25, label: ""width""
size: 5
stride: 5]",0,3.0,-0.05231659114360809,0.07039635628461838,0.30428797006607056,0.12914177775382996,4.0,-0.015521916560828686,0.06969516724348068,0.3181346654891968,0.637042224407196,5.0,0.009013066068291664,0.06992524862289429,0.3473101258277893,1.1619250774383545,1.0,-0.32939934730529785,0.08190750330686569,0.6698773503303528,1.1432498693466187,2.0,-0.328929603099823,0.08505745977163315,0.7272105813026428,1.4879252910614014
1692309291.4639983,"[label: ""height""
size: 4
stride: 20, label: ""width""
size: 5
stride: 5]",0,3.0,-0.05295564606785774,0.06933940947055817,0.3009156286716461,0.1370823085308075,4.0,-0.016939179971814156,0.06902845948934555,0.3156788647174835,0.652612566947937,5.0,0.007623393088579178,0.06952019035816193,0.3488430678844452,1.1647042036056519,1.0,-0.3432330787181854,0.08387511968612671,0.6905038356781006,1.0878913402557373
1692309291.5570292,"[label: ""height""
size: 4
stride: 20, label: ""width""
size: 5
stride: 5]",0,3.0,-0.05465566739439964,0.06923815608024597,0.3011738359928131,0.20880168676376343,4.0,-0.01849343068897724,0.0690472275018692,0.31577280163764954,0.657486617565155,5.0,0.005636849440634251,0.06998496502637863,0.3497217297554016,1.1691710948944092,1.0,-0.34741607308387756,0.0827881395816803,0.6909487247467041,1.0947840213775635
1692309291.6768253,"[label: ""height""
size: 5
stride: 25, label: ""width""
size: 5
stride: 5]",0,3.0,-0.05636022612452507,0.0705123171210289,0.3041146397590637,0.16422097384929657,4.0,-0.019601957872509956,0.06969651579856873,0.31692081689834595,0.6564458608627319,5.0,0.0044291019439697266,0.06920912116765976,0.3444691002368927,1.1783175468444824,1.0,-0.34876587986946106,0.08413955569267273,0.6880422830581665,1.055410623550415,2.0,-0.33322563767433167,0.08323610574007034,0.7141221761703491,-0.7404415607452393
1692309291.7572258,"[label: ""height""
size: 5
stride: 25, label: ""width""
size: 5
stride: 5]",0,3.0,-0.05727572739124298,0.06971653550863266,0.3019651472568512,0.20631270110607147,4.0,-0.020928962156176567,0.06954000890254974,0.3173743784427643,0.6592175960540771,5.0,0.0031984499655663967,0.07002424448728561,0.34993913769721985,1.1846083402633667,1.0,-0.3424758315086365,0.08079182356595993,0.6697119474411011,1.1241134405136108,2.0,-0.3415151536464691,0.08381453156471252,0.7267505526542664,1.4877545833587646
1692309291.8612356,"[label: ""height""
size: 4
stride: 20, label: ""width""
size: 5
stride: 5]",0,3.0,-0.05830441787838936,0.07025440782308578,0.3021628260612488,0.20547057688236237,4.0,-0.022205134853720665,0.06973040103912354,0.31708863377571106,0.6646403074264526,5.0,0.0016278134426102042,0.07058942317962646,0.34989142417907715,1.1802988052368164,2.0,-0.3333260118961334,0.08167484402656555,0.7032359838485718,1.5004932880401611
1692309291.9719086,"[label: ""height""
size: 4
stride: 20, label: ""width""
size: 5
stride: 5]",0,3.0,-0.05970543622970581,0.07029950618743896,0.30196234583854675,0.2499331682920456,4.0,-0.02376829832792282,0.0697505846619606,0.31718868017196655,0.6696013808250427,5.0,-0.00023996284289751202,0.07057257741689682,0.34980300068855286,1.1944937705993652,2.0,-0.3427601456642151,0.08327551931142807,0.7144896388053894,1.5077334642410278
1692309292.0856726,"[label: ""height""
size: 4
stride: 20, label: ""width""
size: 5
stride: 5]",0,3.0,-0.06032739207148552,0.06900767236948013,0.29872608184814453,0.20559048652648926,4.0,-0.0249665305018425,0.06899209320545197,0.31601792573928833,0.6795993447303772,5.0,-0.0015290657756850123,0.06950412690639496,0.34875810146331787,1.2085081338882446,2.0,-0.3509746491909027,0.08261212706565857,0.7266427874565125,1.5070053339004517
1692309292.1718075,"[label: ""height""
size: 4
stride: 20, label: ""width""
size: 5
stride: 5]",0,3.0,-0.06142958998680115,0.06962678581476212,0.30117660760879517,0.21977302432060242,4.0,-0.025561301037669182,0.06922953575849533,0.3154546320438385,0.698525607585907,5.0,-0.002398096490651369,0.07024022191762924,0.35171210765838623,1.190142035484314,2.0,-0.3469395041465759,0.08219629526138306,0.7152765989303589,1.5024089813232422
1692309292.2722447,"[label: ""height""
size: 4
stride: 20, label: ""width""
size: 5
stride: 5]",0,3.0,-0.061852145940065384,0.06890556961297989,0.2989283502101898,0.19196617603302002,4.0,-0.026795100420713425,0.0695483535528183,0.31916847825050354,0.6696489453315735,5.0,-0.0035823595244437456,0.07069230824708939,0.35468098521232605,1.1894543170928955,2.0,-0.34792360663414,0.08091504871845245,0.7143049836158752,1.5329458713531494
1692309292.3656042,"[label: ""height""
size: 4
stride: 20, label: ""width""
size: 5
stride: 5]",0,3.0,-0.06352338194847107,0.06912993639707565,0.30157139897346497,0.18332062661647797,4.0,-0.02783535048365593,0.06901796162128448,0.3191322088241577,0.6734713315963745,5.0,-0.0043985964730381966,0.06883715838193893,0.34972134232521057,1.2153984308242798,2.0,-0.34903568029403687,0.07973247021436691,0.7141858339309692,1.5318472385406494
1692309292.4850705,"[label: ""height""
size: 4
stride: 20, label: ""width""
size: 5
stride: 5]",0,3.0,-0.06446439772844315,0.06981305032968521,0.3031207025051117,0.1913742572069168,4.0,-0.028086889535188675,0.06903630495071411,0.31623733043670654,0.6895644068717957,5.0,-0.005286467727273703,0.07005822658538818,0.3522431254386902,1.1974118947982788,2.0,-0.3489009141921997,0.08022011816501617,0.7133277058601379,1.5457971096038818
1692309292.568015,"[label: ""height""
size: 4
stride: 20, label: ""width""
size: 5
stride: 5]",0,3.0,-0.06603867560625076,0.0685792863368988,0.3035995662212372,0.2112172544002533,4.0,-0.029524052515625954,0.06750620156526566,0.31635594367980957,0.6810382604598999,5.0,-0.006366583984345198,0.06772846728563309,0.34841683506965637,1.2052980661392212,2.0,-0.34499040246009827,0.07589107006788254,0.7029834985733032,1.5313230752944946
1692309292.67472,"[label: ""height""
size: 4
stride: 20, label: ""width""
size: 5
stride: 5]",0,3.0,-0.0665314793586731,0.0694955587387085,0.3016795217990875,0.16461843252182007,4.0,-0.03038126416504383,0.06895674020051956,0.31584328413009644,0.6732162237167358,5.0,-0.0072832265868783,0.07023736089468002,0.3516960144042969,1.1863247156143188,2.0,-0.35134974122047424,0.07966134697198868,0.7134830355644226,-0.6457197666168213
1692309292.775689,"[label: ""height""
size: 4
stride: 20, label: ""width""
size: 5
stride: 5]",0,3.0,-0.06606420874595642,0.06846317648887634,0.30219393968582153,0.12930911779403687,4.0,-0.02999539114534855,0.06793626397848129,0.3171561062335968,0.6652615666389465,5.0,-0.006236427929252386,0.0682017058134079,0.3493708372116089,1.1948256492614746,2.0,-0.35262998938560486,0.07902012765407562,0.7264338135719299,1.5455917119979858
1692309292.864117,"[label: ""height""
size: 3
stride: 15, label: ""width""
size: 5
stride: 5]",0,3.0,-0.06496633589267731,0.06903659552335739,0.3029744625091553,0.1557522714138031,4.0,-0.028807206079363823,0.06868071854114532,0.3182820975780487,0.6550606489181519,5.0,-0.004983809776604176,0.06944449245929718,0.3520398437976837,1.178965449333191
1692309292.9620953,"[label: ""height""
size: 4
stride: 20, label: ""width""
size: 5
stride: 5]",0,3.0,-0.06497035175561905,0.06815648078918457,0.30119508504867554,0.13902710378170013,4.0,-0.028951629996299744,0.06792223453521729,0.31708475947380066,0.6618968844413757,5.0,-0.005062400363385677,0.06797300279140472,0.34748631715774536,1.193176507949829,2.0,-0.337265282869339,0.07666108757257462,0.7128052115440369,1.5467346906661987
1692309293.0777173,"[label: ""height""
size: 4
stride: 20, label: ""width""
size: 5
stride: 5]",0,3.0,-0.06636103242635727,0.06786281615495682,0.30215129256248474,0.19152478873729706,4.0,-0.03042530082166195,0.06765209138393402,0.3175179362297058,0.6494075059890747,5.0,-0.0066390009596943855,0.06771355122327805,0.3483307361602783,1.1885535717010498,2.0,-0.3451945185661316,0.07663804292678833,0.7263962030410767,1.5318849086761475
1692309293.1553466,"[label: ""height""
size: 4
stride: 20, label: ""width""
size: 5
stride: 5]",0,3.0,-0.0683840662240982,0.06785495579242706,0.3025570809841156,0.2397422194480896,4.0,-0.03220420703291893,0.06718508154153824,0.31599247455596924,0.6793476939201355,5.0,-0.008809375576674938,0.06761498004198074,0.34929102659225464,1.2023811340332031,2.0,-0.3477480411529541,0.07660956680774689,0.7261210680007935,1.5134596824645996
1692309293.2660327,"[label: ""height""
size: 4
stride: 20, label: ""width""
size: 5
stride: 5]",0,3.0,-0.07077324390411377,0.06774255633354187,0.30195462703704834,0.18673904240131378,4.0,-0.034496650099754333,0.06686034798622131,0.3157110810279846,0.6887484192848206,5.0,-0.0117918336763978,0.06815838813781738,0.3528338372707367,1.206036925315857,2.0,-0.3477056920528412,0.07456625998020172,0.7150267958641052,-0.7360683679580688
1692309293.3548396,"[label: ""height""
size: 4
stride: 20, label: ""width""
size: 5
stride: 5]",0,3.0,-0.07156050950288773,0.06681647896766663,0.30064475536346436,0.19920167326927185,4.0,-0.03604527562856674,0.0663435086607933,0.31571412086486816,0.6943893432617188,5.0,-0.013098886236548424,0.0670362263917923,0.3492584526538849,1.214876413345337,2.0,-0.35596123337745667,0.07420844584703445,0.7258867025375366,1.5037124156951904
1692309293.47421,"[label: ""height""
size: 4
stride: 20, label: ""width""
size: 5
stride: 5]",0,3.0,-0.07216518372297287,0.06719546765089035,0.30251067876815796,0.1669781655073166,4.0,-0.03604527562856674,0.0663435086607933,0.31571412086486816,0.6943893432617188,5.0,-0.013624811545014381,0.0676778182387352,0.3518413305282593,1.204065203666687,2.0,-0.3436732888221741,0.07239841669797897,0.7025858759880066,1.4758886098861694
1692309293.5585659,"[label: ""height""
size: 4
stride: 20, label: ""width""
size: 5
stride: 5]",0,3.0,-0.07045638561248779,0.0654604434967041,0.3029731810092926,0.24747204780578613,4.0,-0.03440633416175842,0.06483593583106995,0.3172588050365448,0.7072752118110657,5.0,-0.011644955724477768,0.06580391526222229,0.3525948226451874,1.2150640487670898,2.0,-0.34987470507621765,0.07061532884836197,0.7255971431732178,1.5123921632766724
1692309293.659221,"[label: ""height""
size: 4
stride: 20, label: ""width""
size: 5
stride: 5]",0,3.0,-0.06816338002681732,0.06585191190242767,0.3024582862854004,0.19100160896778107,4.0,-0.03232969716191292,0.06535258144140244,0.317240446805954,0.6999002695083618,5.0,-0.009390372782945633,0.06661844253540039,0.3546109199523926,1.2064323425292969,2.0,-0.343501478433609,0.07183702290058136,0.7259474396705627,1.5207072496414185
1692309293.7557404,"[label: ""height""
size: 4
stride: 20, label: ""width""
size: 5
stride: 5]",0,3.0,-0.06527960300445557,0.06498697400093079,0.303533136844635,0.20931114256381989,4.0,-0.029570510610938072,0.06480889767408371,0.320889949798584,0.6716181039810181,5.0,-0.006042471155524254,0.06543119251728058,0.35446402430534363,1.1881017684936523,1.0,-0.3523612320423126,0.07118698209524155,0.7019088268280029,1.071136713027954
1692309293.8604593,"[label: ""height""
size: 4
stride: 20, label: ""width""
size: 5
stride: 5]",0,3.0,-0.06284791976213455,0.0642121434211731,0.3054955303668976,0.18942378461360931,4.0,-0.02685808390378952,0.06437940895557404,0.32140904664993286,0.6727564930915833,5.0,-0.0032639254350215197,0.06453965604305267,0.35194259881973267,1.1919702291488647,1.0,-0.3438628613948822,0.0689038410782814,0.7021601796150208,1.0536891222000122
1692309293.9663236,"[label: ""height""
size: 4
stride: 20, label: ""width""
size: 5
stride: 5]",0,3.0,-0.06246689707040787,0.06390148401260376,0.3030359745025635,0.18427571654319763,4.0,-0.026913970708847046,0.06368839740753174,0.3205112814903259,0.6641119718551636,5.0,-0.0034478534944355488,0.06468269973993301,0.35510486364364624,1.1976982355117798,1.0,-0.34125691652297974,0.06890510022640228,0.7021204233169556,1.0744836330413818
1692309294.064402,"[label: ""height""
size: 5
stride: 25, label: ""width""
size: 5
stride: 5]",0,3.0,-0.06193272024393082,0.06314417719841003,0.30298343300819397,0.21101883053779602,4.0,-0.026292167603969574,0.06306280195713043,0.3193854093551636,0.666833221912384,5.0,-0.003161574248224497,0.06448520720005035,0.35561448335647583,1.195998191833496,1.0,-0.3433151841163635,0.06834181398153305,0.7111316919326782,1.0520532131195068,2.0,-0.3324251174926758,0.068747878074646,0.7505778670310974,1.5318841934204102
1692309294.1570094,"[label: ""height""
size: 4
stride: 20, label: ""width""
size: 5
stride: 5]",0,3.0,-0.06038525700569153,0.06259207427501678,0.3026942014694214,0.211255744099617,4.0,-0.024790285155177116,0.06257761269807816,0.32017287611961365,0.6583109498023987,5.0,-0.0013955940958112478,0.06279347836971283,0.35184404253959656,1.1956731081008911,1.0,-0.33248865604400635,0.06542820483446121,0.7018106579780579,1.1081064939498901
1692309294.295713,"[label: ""height""
size: 4
stride: 20, label: ""width""
size: 5
stride: 5]",0,3.0,-0.05897929519414902,0.06300622969865799,0.30488747358322144,0.18573112785816193,4.0,-0.023226657882332802,0.06367731094360352,0.3238065838813782,0.6615003347396851,5.0,0.0007597818039357662,0.06348691880702972,0.3525269627571106,1.197405219078064,1.0,-0.3299349546432495,0.06717900931835175,0.7111565470695496,1.0779715776443481
1692309294.3741944,"[label: ""height""
size: 4
stride: 20, label: ""width""
size: 5
stride: 5]",0,3.0,-0.05692648887634277,0.06132984906435013,0.3044074475765228,0.1497935652732849,4.0,-0.02078273892402649,0.06092195585370064,0.31911322474479675,0.6755284667015076,5.0,0.0032362849451601505,0.061681777238845825,0.3545248806476593,1.1797105073928833,1.0,-0.3238304555416107,0.062469907104969025,0.7105423212051392,1.0678682327270508
1692309294.486932,"[label: ""height""
size: 5
stride: 25, label: ""width""
size: 5
stride: 5]",0,3.0,-0.05526931956410408,0.06240864470601082,0.30561038851737976,0.1558682769536972,4.0,-0.018854407593607903,0.06203657388687134,0.31949594616889954,0.6537125110626221,5.0,0.0051326872780919075,0.06289052218198776,0.3548141121864319,1.165094256401062,0.0,-0.34066182374954224,0.0626889243721962,0.6694453954696655,0.25437694787979126,1.0,-0.32503843307495117,0.06580564379692078,0.7248899340629578,1.0303150415420532
1692309294.5627673,"[label: ""height""
size: 5
stride: 25, label: ""width""
size: 5
stride: 5]",0,3.0,-0.05423155054450035,0.06202863156795502,0.307295024394989,0.11792908608913422,4.0,-0.01742277853190899,0.061411645263433456,0.3195067048072815,0.6361792683601379,5.0,0.006818421650677919,0.06161068007349968,0.3516521453857422,1.163717269897461,0.0,-0.3334558606147766,0.06090274080634117,0.6640715003013611,0.49357908964157104,1.0,-0.3145090341567993,0.06305412948131561,0.7109106779098511,-0.20501326024532318
1692309294.6733153,"[label: ""height""
size: 5
stride: 25, label: ""width""
size: 5
stride: 5]",0,3.0,-0.051644500344991684,0.06151387840509415,0.30670440196990967,0.0860714241862297,4.0,-0.015026997774839401,0.06086704879999161,0.3187950849533081,0.6575186848640442,5.0,0.009478547610342503,0.06099836155772209,0.3489765524864197,1.168047547340393,0.0,-0.33139610290527344,0.060500115156173706,0.673220157623291,0.6058651804924011,1.0,-0.3127341866493225,0.062110818922519684,0.7232091426849365,0.9837048649787903
1692309294.773161,"[label: ""height""
size: 5
stride: 25, label: ""width""
size: 5
stride: 5]",0,3.0,-0.050086863338947296,0.06174200400710106,0.3042224943637848,0.10266777127981186,4.0,-0.01371033862233162,0.061308883130550385,0.3183341920375824,0.6287964582443237,5.0,0.011050834320485592,0.06154415383934975,0.3488119840621948,1.154987096786499,0.0,-0.32345980405807495,0.06048144772648811,0.6695609092712402,0.21908338367938995,1.0,-0.30644702911376953,0.06333856284618378,0.7237436175346375,1.025488257408142
1692309294.868101,"[label: ""height""
size: 5
stride: 25, label: ""width""
size: 5
stride: 5]",0,3.0,-0.048126719892024994,0.060617391020059586,0.30453959107398987,0.11842567473649979,4.0,-0.011722944676876068,0.060834504663944244,0.320630818605423,0.6121297478675842,5.0,0.013280610553920269,0.06098358705639839,0.3513260781764984,1.1547398567199707,0.0,-0.3292039930820465,0.06119857728481293,0.6951963305473328,0.42515498399734497,1.0,-0.3044574558734894,0.06158404052257538,0.7346529364585876,0.991069495677948
1692309294.946532,"[label: ""height""
size: 5
stride: 25, label: ""width""
size: 5
stride: 5]",0,3.0,-0.04846851900219917,0.06245673447847366,0.30857977271080017,0.16660071909427643,4.0,-0.011204908601939678,0.06191268190741539,0.3207869231700897,0.6097149848937988,5.0,0.01372992992401123,0.062187597155570984,0.35165324807167053,1.1442965269088745,0.0,-0.3178446590900421,0.06003459170460701,0.6796339154243469,0.6395912766456604,1.0,-0.29639557003974915,0.06221511960029602,0.7245239019393921,1.0313149690628052
1692309295.0598028,"[label: ""height""
size: 5
stride: 25, label: ""width""
size: 5
stride: 5]",0,3.0,-0.04711049422621727,0.06109253317117691,0.30441468954086304,0.11730752885341644,4.0,-0.010559326969087124,0.06090728938579559,0.3175870180130005,0.623885989189148,5.0,0.014728715643286705,0.06155567243695259,0.3513000011444092,1.1329889297485352,0.0,-0.31450754404067993,0.059704482555389404,0.6812613606452942,0.421805202960968,1.0,-0.291598916053772,0.06096115708351135,0.7236620783805847,1.0505088567733765
1692309295.1464655,"[label: ""height""
size: 5
stride: 25, label: ""width""
size: 5
stride: 5]",0,3.0,-0.046842459589242935,0.061697594821453094,0.3068252503871918,0.1331377625465393,4.0,-0.009628264233469963,0.06189624220132828,0.3206932544708252,0.605006992816925,5.0,0.015467759221792221,0.06106681749224663,0.34531041979789734,1.146393060684204,0.0,-0.3134309649467468,0.0590079091489315,0.6881560683250427,0.5173206925392151,1.0,-0.28797221183776855,0.059762392193078995,0.7234845757484436,1.044368028640747
1692309295.2545161,"[label: ""height""
size: 5
stride: 25, label: ""width""
size: 5
stride: 5]",0,3.0,-0.046086378395557404,0.06161286681890488,0.30679336190223694,0.13041554391384125,4.0,-0.008812529034912586,0.06066365912556648,0.3156207799911499,0.6132470965385437,5.0,0.016492409631609917,0.060893263667821884,0.3459344208240509,1.133724570274353,0.0,-0.3079853355884552,0.0590883307158947,0.6873067617416382,0.4880051016807556,1.0,-0.2832823693752289,0.05982910469174385,0.724364697933197,1.059023141860962
1692309295.362435,"[label: ""height""
size: 5
stride: 25, label: ""width""
size: 5
stride: 5]",0,3.0,-0.04508243873715401,0.06104985252022743,0.30418744683265686,0.11647289991378784,4.0,-0.008228175342082977,0.06114982068538666,0.3174287974834442,0.5875924825668335,5.0,0.01762058585882187,0.06151079759001732,0.34859803318977356,1.1191318035125732,0.0,-0.31167876720428467,0.05893947184085846,0.6994480490684509,0.5833126306533813,1.0,-0.2815108001232147,0.05858713388442993,0.723618745803833,1.0822213888168335
1692309295.4688084,"[label: ""height""
size: 5
stride: 25, label: ""width""
size: 5
stride: 5]",0,3.0,-0.04546066373586655,0.061448175460100174,0.30271056294441223,0.1386355459690094,4.0,-0.008703243918716908,0.06126263737678528,0.3160777688026428,0.5974177122116089,5.0,0.01688583567738533,0.06104620546102524,0.3451785147190094,1.1251006126403809,0.0,-0.3055921196937561,0.058671917766332626,0.6870033144950867,0.5046675205230713,1.0,-0.2807403802871704,0.05967738851904869,0.7224062085151672,1.0591081380844116
1692309295.5609422,"[label: ""height""
size: 5
stride: 25, label: ""width""
size: 5
stride: 5]",0,3.0,-0.04655066877603531,0.06218462809920311,0.30392706394195557,0.10422761738300323,4.0,-0.009297287091612816,0.06158309802412987,0.3144166171550751,0.5935283303260803,5.0,0.016195785254240036,0.06154525279998779,0.3424726724624634,1.1297376155853271,0.0,-0.3095271587371826,0.05939606949687004,0.6880996227264404,0.35580503940582275,1.0,-0.28841134905815125,0.06115242838859558,0.7366883754730225,1.0128852128982544
1692309295.6677587,"[label: ""height""
size: 5
stride: 25, label: ""width""
size: 5
stride: 5]",0,3.0,-0.047991905361413956,0.062004052102565765,0.30302903056144714,0.13792073726654053,5.0,0.015019157901406288,0.0621882863342762,0.34759095311164856,1.1097434759140015,4.0,-0.010879245586693287,0.061664026230573654,0.3154345154762268,0.594559907913208,0.0,-0.30411314964294434,0.057647936046123505,0.670095682144165,0.4660274386405945,1.0,-0.2913263142108917,0.06095276027917862,0.7346529364585876,-0.2808851897716522
1692309295.7616644,"[label: ""height""
size: 4
stride: 20, label: ""width""
size: 5
stride: 5]",0,3.0,-0.04992826655507088,0.06246563792228699,0.30238303542137146,0.08181349188089371,4.0,-0.012671464122831821,0.06193957477807999,0.3122040331363678,0.6020593643188477,5.0,0.012876567430794239,0.06330377608537674,0.3474959433078766,1.1238179206848145,0.0,-0.31214210391044617,0.05983270704746246,0.679800808429718,0.469788134098053
1692309295.8729343,"[label: ""height""
size: 4
stride: 20, label: ""width""
size: 5
stride: 5]",0,3.0,-0.05107681825757027,0.061475079506635666,0.2992880940437317,0.13476616144180298,4.0,-0.014203491620719433,0.06143175810575485,0.3122239112854004,0.6071735620498657,5.0,0.011150618083775043,0.061560019850730896,0.3425653278827667,1.1441184282302856,0.0,-0.31131941080093384,0.05757114663720131,0.6713023781776428,0.3390512466430664
1692309295.9707298,"[label: ""height""
size: 4
stride: 20, label: ""width""
size: 5
stride: 5]",0,3.0,-0.05310990288853645,0.06285077333450317,0.29973411560058594,0.1419474482536316,4.0,-0.01619136519730091,0.06263015419244766,0.3112887442111969,0.6201525330543518,5.0,0.009274899028241634,0.06337753683328629,0.34559157490730286,1.1287046670913696,0.0,-0.3140106797218323,0.06054830178618431,0.6725138425827026,0.501616895198822
1692309296.0758,"[label: ""height""
size: 4
stride: 20, label: ""width""
size: 5
stride: 5]",0,3.0,-0.05548708140850067,0.062374528497457504,0.3013850748538971,0.15698516368865967,4.0,-0.01822347566485405,0.06160081923007965,0.3112375736236572,0.627468466758728,5.0,0.006987922824919224,0.06231426075100899,0.34439218044281006,1.1365303993225098,0.0,-0.32689449191093445,0.05957465618848801,0.6907258033752441,0.23316392302513123
1692309296.1615136,"[label: ""height""
size: 4
stride: 20, label: ""width""
size: 5
stride: 5]",0,4.0,-0.021024471148848534,0.063111312687397,0.3111342787742615,0.6104439496994019,5.0,0.003843063721433282,0.06321606040000916,0.3401728570461273,1.1508773565292358,0.0,-0.3270590305328369,0.06231427937746048,0.6802933216094971,0.6690751314163208,3.0,-0.05898287147283554,0.06418797373771667,0.30318522453308105,0.10110966861248016
1692309296.2659967,"[label: ""height""
size: 4
stride: 20, label: ""width""
size: 5
stride: 5]",0,3.0,-0.060959842056035995,0.06237240508198738,0.29790636897087097,0.14159885048866272,4.0,-0.023946626111865044,0.06204532831907272,0.30956941843032837,0.6292470693588257,5.0,0.000782096351031214,0.06272797286510468,0.34283900260925293,1.1564425230026245,0.0,-0.33037352561950684,0.059798844158649445,0.6767237782478333,0.5444250106811523
1692309296.3724473,"[label: ""height""
size: 4
stride: 20, label: ""width""
size: 5
stride: 5]",0,3.0,-0.062466513365507126,0.06273017823696136,0.29474350810050964,0.15675866603851318,4.0,-0.02588566578924656,0.06272099167108536,0.30862024426460266,0.6427667737007141,5.0,-0.0015987221850082278,0.0638427585363388,0.34279102087020874,1.154707908630371,0.0,-0.329580157995224,0.060668621212244034,0.6658879518508911,0.24827353656291962
1692309296.4640112,"[label: ""height""
size: 4
stride: 20, label: ""width""
size: 5
stride: 5]",0,3.0,-0.06495494395494461,0.06279472261667252,0.29507118463516235,0.1553422063589096,4.0,-0.027891043573617935,0.06202651187777519,0.3057738244533539,0.637653648853302,5.0,-0.003690434852614999,0.06312653422355652,0.34123435616493225,1.171248435974121,0.0,-0.3328392207622528,0.0603206604719162,0.6673926115036011,0.781140148639679
1692309296.553702,"[label: ""height""
size: 4
stride: 20, label: ""width""
size: 5
stride: 5]",0,3.0,-0.06549898535013199,0.06278496235609055,0.2925702631473541,0.13726714253425598,4.0,-0.028908366337418556,0.06256119906902313,0.30595341324806213,0.6404572129249573,5.0,-0.004790943581610918,0.06361222267150879,0.3408091068267822,1.1575956344604492,0.0,-0.33369386196136475,0.06127610430121422,0.6657810211181641,0.6928379535675049
1692309296.663219,"[label: ""height""
size: 4
stride: 20, label: ""width""
size: 5
stride: 5]",0,3.0,-0.06693960726261139,0.06363767385482788,0.29525768756866455,0.14764946699142456,4.0,-0.029927030205726624,0.06309680640697479,0.3061346709728241,0.6432634592056274,5.0,-0.005461716093122959,0.06392530351877213,0.33952152729034424,1.153190016746521,0.0,-0.34174439311027527,0.0634622797369957,0.6807181239128113,0.7181421518325806
1692309296.7568996,"[label: ""height""
size: 4
stride: 20, label: ""width""
size: 5
stride: 5]",0,3.0,-0.06699751317501068,0.06266559660434723,0.2940273880958557,0.16941554844379425,4.0,-0.029832415282726288,0.06202736869454384,0.3039626181125641,0.639960527420044,5.0,-0.0054869456216692924,0.06364800035953522,0.34101295471191406,1.1506024599075317,0.0,-0.3416752815246582,0.06233643740415573,0.6805812120437622,0.7189762592315674
1692309296.859629,"[label: ""height""
size: 4
stride: 20, label: ""width""
size: 5
stride: 5]",0,3.0,-0.06701023876667023,0.0637221708893776,0.29442575573921204,0.1296946406364441,4.0,-0.03009903058409691,0.06367704272270203,0.306535005569458,0.6271927952766418,5.0,-0.005321981851011515,0.06452839076519012,0.3397839367389679,1.1436657905578613,0.0,-0.34065741300582886,0.06448093801736832,0.6795589923858643,0.5650197863578796
1692309296.9462519,"[label: ""height""
size: 4
stride: 20, label: ""width""
size: 5
stride: 5]",0,3.0,-0.06694730371236801,0.06284406781196594,0.2953220307826996,0.15390728414058685,4.0,-0.029769646003842354,0.06250552833080292,0.3069281280040741,0.6099123358726501,5.0,-0.004762259311974049,0.06337842345237732,0.33957022428512573,1.1422902345657349,0.0,-0.3307046592235565,0.06142229214310646,0.6674933433532715,0.7741069197654724
1692309297.0671532,"[label: ""height""
size: 4
stride: 20, label: ""width""
size: 5
stride: 5]",0,3.0,-0.06521819531917572,0.06327782571315765,0.2938440144062042,0.10530909150838852,4.0,-0.028489507734775543,0.06319990754127502,0.30666080117225647,0.6063806414604187,5.0,-0.003206747816875577,0.06370850652456284,0.33763471245765686,1.1314945220947266,0.0,-0.32888081669807434,0.0634322240948677,0.6751003861427307,0.2672503590583801
1692309297.1572618,"[label: ""height""
size: 4
stride: 20, label: ""width""
size: 5
stride: 5]",0,3.0,-0.06488357484340668,0.0635807141661644,0.2965855896472931,0.08038245886564255,4.0,-0.027527926489710808,0.0634360983967781,0.3083268702030182,0.5757700800895691,5.0,-0.0017140964046120644,0.06441367417573929,0.3428336977958679,1.110624074935913,0.0,-0.32133838534355164,0.06333572417497635,0.6730162501335144,0.7047619223594666
1692309297.2712324,"[label: ""height""
size: 4
stride: 20, label: ""width""
size: 5
stride: 5]",0,3.0,-0.06390414386987686,0.06275578588247299,0.2978091835975647,0.10674505680799484,4.0,-0.02633436769247055,0.062315814197063446,0.3077494204044342,0.5906472206115723,5.0,-0.00029726297361776233,0.06269019842147827,0.33658379316329956,1.11605703830719,0.0,-0.32343149185180664,0.06314108520746231,0.6868518590927124,0.1100621297955513
1692309297.375837,"[label: ""height""
size: 4
stride: 20, label: ""width""
size: 5
stride: 5]",0,3.0,-0.06413426250219345,0.0629797875881195,0.2947910726070404,0.0739775151014328,4.0,-0.026906972751021385,0.06303906440734863,0.3070802390575409,0.582931637763977,5.0,-0.0008491804474033415,0.06389397382736206,0.3393253684043884,1.0956432819366455,0.0,-0.3289693295955658,0.0660468265414238,0.7021433115005493,0.6285673379898071
1692309297.4621513,"[label: ""height""
size: 4
stride: 20, label: ""width""
size: 5
stride: 5]",0,3.0,-0.06540071964263916,0.06264520436525345,0.29477229714393616,0.12808650732040405,4.0,-0.028290309011936188,0.06294362992048264,0.30839866399765015,0.5792992115020752,5.0,-0.002086290391162038,0.06330233812332153,0.33693060278892517,1.1120579242706299,0.0,-0.32373929023742676,0.06405316293239594,0.6846906542778015,0.26814892888069153
1692309297.5603676,"[label: ""height""
size: 4
stride: 20, label: ""width""
size: 5
stride: 5]",0,3.0,-0.06651946902275085,0.06261305510997772,0.2962200343608856,0.06379681825637817,4.0,-0.028717946261167526,0.06176137179136276,0.303812712430954,0.5947925448417664,5.0,-0.0024713275488466024,0.06210955232381821,0.33423295617103577,1.1083171367645264,0.0,-0.3323959410190582,0.06489317119121552,0.7021023035049438,0.642345130443573
1692309297.6620543,"[label: ""height""
size: 4
stride: 20, label: ""width""
size: 5
stride: 5]",0,3.0,-0.06638342142105103,0.06327569484710693,0.29797375202178955,0.10406354814767838,4.0,-0.028504932299256325,0.06271902471780777,0.3066706657409668,0.5743101835250854,5.0,-0.0019476170418784022,0.06314574927091599,0.3375703692436218,1.10141122341156,0.0,-0.3215774595737457,0.06455792486667633,0.6804686784744263,0.6466078162193298
1692309297.748313,"[label: ""height""
size: 4
stride: 20, label: ""width""
size: 5
stride: 5]",0,3.0,-0.06563372164964676,0.06190076470375061,0.29668477177619934,0.0806964635848999,4.0,-0.027591446414589882,0.06085153669118881,0.30244147777557373,0.6004267930984497,5.0,-0.0012492879759520292,0.06195072829723358,0.3370437026023865,1.0912352800369263,0.0,-0.314424604177475,0.06079670414328575,0.6672020554542542,0.1610020101070404
1692309297.8679898,"[label: ""height""
size: 4
stride: 20, label: ""width""
size: 5
stride: 5]",0,3.0,-0.06534500420093536,0.06281574815511703,0.2980768084526062,0.06847810000181198,4.0,-0.027358591556549072,0.06240751966834068,0.30639874935150146,0.5594733953475952,5.0,-0.0005492808995768428,0.06255684047937393,0.33516034483909607,1.0834203958511353,0.0,-0.31866151094436646,0.06454211473464966,0.6801841855049133,0.632865309715271
1692309297.9740317,"[label: ""height""
size: 4
stride: 20, label: ""width""
size: 5
stride: 5]",0,3.0,-0.06356505304574966,0.06202244758605957,0.29479214549064636,0.04141131788492203,4.0,-0.026130229234695435,0.06221272423863411,0.30663710832595825,0.5490528345108032,5.0,0.00069202552549541,0.06296848505735397,0.33806681632995605,1.065739393234253,0.0,-0.31316378712654114,0.06324648857116699,0.6720228791236877,0.6840124726295471
1692309298.0993395,"[label: ""height""
size: 4
stride: 20, label: ""width""
size: 5
stride: 5]",0,3.0,-0.06337659806013107,0.0618278868496418,0.2980169355869293,0.07048362493515015,4.0,-0.025346681475639343,0.06154187396168709,0.30758941173553467,0.5255334377288818,5.0,0.0016531813889741898,0.061971861869096756,0.3371615707874298,1.0735337734222412,0.0,-0.3094962239265442,0.06134030222892761,0.6665247082710266,0.7143312096595764
1692309298.1817148,"[label: ""height""
size: 4
stride: 20, label: ""width""
size: 5
stride: 5]",0,3.0,-0.0625331699848175,0.06185675039887428,0.29442083835601807,0.028589243069291115,4.0,-0.025070518255233765,0.06183139979839325,0.30599290132522583,0.5522940158843994,5.0,0.0017966233426705003,0.06257113069295883,0.33743321895599365,1.0637298822402954,0.0,-0.31294718384742737,0.06385856866836548,0.6725831031799316,0.48763757944107056
1692309298.2769182,"[label: ""height""
size: 4
stride: 20, label: ""width""
size: 5
stride: 5]",0,3.0,-0.06283008307218552,0.06250131875276566,0.30073216557502747,0.08630000799894333,4.0,-0.024561651051044464,0.061765044927597046,0.308794766664505,0.5312306880950928,5.0,0.0029216452967375517,0.06295350193977356,0.34019413590431213,1.0556812286376953,0.0,-0.30959129333496094,0.06244964525103569,0.6667284369468689,0.713291347026825
1692309298.377155,"[label: ""height""
size: 4
stride: 20, label: ""width""
size: 5
stride: 5]",0,3.0,-0.06233717501163483,0.06193283945322037,0.29683399200439453,0.009671919047832489,4.0,-0.02442069910466671,0.06135811656713486,0.3056015372276306,0.5357973575592041,5.0,0.0026254234835505486,0.06256983429193497,0.3374267816543579,1.0612437725067139,0.0,-0.31544801592826843,0.06440898030996323,0.6787102818489075,0.6986318230628967
1692309298.5324166,"[label: ""height""
size: 4
stride: 20, label: ""width""
size: 5
stride: 5]",0,3.0,-0.062320683151483536,0.062132589519023895,0.2988416254520416,0.07776287198066711,4.0,-0.024305207654833794,0.06226206198334694,0.30873996019363403,0.5293160080909729,5.0,0.0030414729844778776,0.06251168996095657,0.3370830714702606,1.0515764951705933,0.0,-0.31080570816993713,0.06356488913297653,0.666991651058197,0.7154412865638733
1692309298.6153681,"[label: ""height""
size: 4
stride: 20, label: ""width""
size: 5
stride: 5]",0,3.0,-0.062003880739212036,0.061013031750917435,0.29716989398002625,0.046644940972328186,4.0,-0.024040937423706055,0.060578737407922745,0.30408433079719543,0.5449484586715698,5.0,0.00358663871884346,0.061561815440654755,0.3364090621471405,1.051567792892456,0.0,-0.3145551383495331,0.06235777586698532,0.6736466884613037,0.4676857888698578
1692309298.6862876,"[label: ""height""
size: 4
stride: 20, label: ""width""
size: 5
stride: 5]",0,3.0,-0.0614682100713253,0.06184104457497597,0.29686394333839417,0.032522737979888916,4.0,-0.023610802367329597,0.06193729117512703,0.3078691363334656,0.5186053514480591,5.0,0.004120789933949709,0.06195320934057236,0.334831178188324,1.0522956848144531,0.0,-0.3065752387046814,0.06302580237388611,0.6585026979446411,0.7032216191291809
1692309298.7754145,"[label: ""height""
size: 4
stride: 20, label: ""width""
size: 5
stride: 5]",0,3.0,-0.06292927265167236,0.0612005740404129,0.2986060380935669,0.03331992030143738,4.0,-0.024787403643131256,0.061020564287900925,0.30693578720092773,0.5265231132507324,5.0,0.0030237515456974506,0.06139254570007324,0.3347596824169159,1.0556800365447998,0.0,-0.318011611700058,0.06288202852010727,0.6739854216575623,0.500698983669281
1692309298.876849,"[label: ""height""
size: 4
stride: 20, label: ""width""
size: 5
stride: 5]",0,3.0,-0.06390976160764694,0.06218070164322853,0.2986130118370056,0.03285122290253639,4.0,-0.02536953240633011,0.06132027134299278,0.30357956886291504,0.5396215319633484,5.0,0.002226813230663538,0.06297272443771362,0.3380824029445648,1.0340131521224976,0.0,-0.3156595528125763,0.0644313171505928,0.6645098924636841,0.6326839923858643
1692309298.9684033,"[label: ""height""
size: 4
stride: 20, label: ""width""
size: 5
stride: 5]",0,3.0,-0.06340952962636948,0.061379868537187576,0.2960868775844574,-0.006540879141539335,4.0,-0.025241712108254433,0.06095504015684128,0.3034262955188751,0.5218852758407593,5.0,0.002213231287896633,0.062316808849573135,0.33530157804489136,1.0386407375335693,0.0,-0.3172943890094757,0.06387756019830704,0.6653074026107788,0.26363444328308105
1692309299.0946865,"[label: ""height""
size: 4
stride: 20, label: ""width""
size: 5
stride: 5]",0,3.0,-0.06329329311847687,0.06187806278467178,0.29793110489845276,0.01595447026193142,4.0,-0.024923522025346756,0.06136550381779671,0.3056420087814331,0.5374158024787903,5.0,0.0027258042246103287,0.061309318989515305,0.3299141526222229,1.0467642545700073,0.0,-0.32074204087257385,0.06519024074077606,0.675079345703125,0.49685636162757874
1692309299.1694021,"[label: ""height""
size: 4
stride: 20, label: ""width""
size: 5
stride: 5]",0,3.0,-0.06383143365383148,0.06209000572562218,0.2964875102043152,0.020998403429985046,4.0,-0.025750229135155678,0.061478231102228165,0.30356669425964355,0.5228270888328552,5.0,0.0020609672646969557,0.062293004244565964,0.3329923450946808,1.0520045757293701,0.0,-0.3141232132911682,0.06491812318563461,0.6556842923164368,0.6969897150993347
1692309299.2672896,"[label: ""height""
size: 4
stride: 20, label: ""width""
size: 5
stride: 5]",0,3.0,-0.06379599124193192,0.06097198650240898,0.2943732440471649,-0.035713810473680496,4.0,-0.02613145112991333,0.06124845892190933,0.3050025701522827,0.5134455561637878,5.0,0.0016542261000722647,0.061948224902153015,0.33261850476264954,1.0454999208450317,0.0,-0.3214501142501831,0.06449809670448303,0.6652409434318542,0.6498351693153381
1692309299.3603573,"[label: ""height""
size: 4
stride: 20, label: ""width""
size: 5
stride: 5]",0,3.0,-0.06376881152391434,0.06262905150651932,0.2983635365962982,-0.0005965956952422857,4.0,-0.025225525721907616,0.062196433544158936,0.3047301471233368,0.5281318426132202,5.0,0.0023527408484369516,0.06309989839792252,0.335112065076828,1.0300259590148926,0.0,-0.3163982629776001,0.0664355605840683,0.6604041457176208,0.6654906868934631
1692309299.476083,"[label: ""height""
size: 4
stride: 20, label: ""width""
size: 5
stride: 5]",0,3.0,-0.06274635344743729,0.06297580897808075,0.29936832189559937,0.00989434402436018,4.0,-0.024422820657491684,0.06277744472026825,0.30696699023246765,0.5106348395347595,5.0,0.003719884902238846,0.06356346607208252,0.33462461829185486,1.0268092155456543,0.0,-0.31534942984580994,0.0671970546245575,0.6658118963241577,0.27159059047698975
1692309299.567212,"[label: ""height""
size: 4
stride: 20, label: ""width""
size: 5
stride: 5]",0,3.0,-0.061894308775663376,0.06305523216724396,0.30278924107551575,-0.032934755086898804,4.0,-0.02315492555499077,0.06230463832616806,0.3084281086921692,0.5094789862632751,5.0,0.00551413232460618,0.06295857578516006,0.33581507205963135,1.02812659740448,0.0,-0.3217402994632721,0.06834917515516281,0.6925827860832214,0.3941268026828766
1692309299.668431,"[label: ""height""
size: 4
stride: 20, label: ""width""
size: 5
stride: 5]",0,3.0,-0.059337545186281204,0.06387148797512054,0.3032042682170868,0.0005616695270873606,4.0,-0.02060057781636715,0.06368597596883774,0.30952563881874084,0.47550562024116516,5.0,0.008189263753592968,0.06469827145338058,0.33844029903411865,1.0066959857940674,0.0,-0.3043370246887207,0.06822340190410614,0.6734586954116821,0.3023006021976471
1692309299.7784646,"[label: ""height""
size: 4
stride: 20, label: ""width""
size: 5
stride: 5]",0,3.0,-0.0569588728249073,0.06308111548423767,0.30292457342147827,-0.03317442908883095,4.0,-0.018391286954283714,0.06281378120183945,0.30846700072288513,0.46020621061325073,5.0,0.010710333473980427,0.06357260048389435,0.33466777205467224,0.997022807598114,0.0,-0.3031216263771057,0.06916213035583496,0.6852379441261292,0.5107734203338623
1692309299.8885868,"[label: ""height""
size: 4
stride: 20, label: ""width""
size: 5
stride: 5]",0,3.0,-0.054175179451704025,0.0630214735865593,0.30311447381973267,-0.07009086012840271,4.0,-0.015678323805332184,0.0635313168168068,0.3118320107460022,0.4376932382583618,5.0,0.014111393131315708,0.06475502252578735,0.34088799357414246,0.9670788645744324,0.0,-0.2975628972053528,0.06884130090475082,0.6876175999641418,0.18540266156196594
1692309299.9543371,"[label: ""height""
size: 5
stride: 25, label: ""width""
size: 5
stride: 5]",0,3.0,-0.05170908570289612,0.06353606283664703,0.3032083511352539,-0.07123133540153503,4.0,-0.013242317363619804,0.06386071443557739,0.3117718994617462,0.45104601979255676,5.0,0.016234057024121284,0.06402706354856491,0.3356209993362427,0.979050874710083,0.0,-0.28809091448783875,0.06962167471647263,0.6776474714279175,0.5325729846954346,1.0,-0.27129068970680237,0.0724695473909378,0.7352536916732788,1.0120761394500732
1692309300.0661666,"[label: ""height""
size: 5
stride: 25, label: ""width""
size: 5
stride: 5]",0,3.0,-0.049275726079940796,0.06285464763641357,0.30485063791275024,-0.10698656737804413,4.0,-0.010733944363892078,0.06317787617444992,0.31268277764320374,0.4335215389728546,5.0,0.01909632422029972,0.06401768326759338,0.33770617842674255,0.967374861240387,0.0,-0.283454954624176,0.06772677600383759,0.676914632320404,0.28035610914230347,1.0,-0.26297318935394287,0.07054668664932251,0.7247933745384216,1.0474610328674316
1692309300.1999846,"[label: ""height""
size: 5
stride: 25, label: ""width""
size: 5
stride: 5]",0,3.0,-0.04828990623354912,0.06336960941553116,0.3049318492412567,-0.10730922967195511,4.0,-0.009903672151267529,0.06338320672512054,0.31105729937553406,0.44317319989204407,5.0,0.020074844360351562,0.06401067227125168,0.33552470803260803,0.9682121276855469,0.0,-0.2863529324531555,0.07003959268331528,0.6873873472213745,0.4638027846813202,1.0,-0.2606022357940674,0.07180912047624588,0.7256216406822205,1.0659852027893066
1692309300.2876427,"[label: ""height""
size: 5
stride: 25, label: ""width""
size: 5
stride: 5]",0,3.0,-0.04714682698249817,0.0633840560913086,0.30499348044395447,-0.07771655917167664,4.0,-0.008726473897695541,0.06404365599155426,0.3136802613735199,0.41685405373573303,5.0,0.02131023444235325,0.06457789242267609,0.3377441167831421,0.9610069394111633,0.0,-0.2799889147281647,0.06955713033676147,0.6794310808181763,0.4277571141719818,1.0,-0.2582210302352905,0.07180812954902649,0.7256102561950684,1.0619137287139893
1692309300.386954,"[label: ""height""
size: 5
stride: 25, label: ""width""
size: 5
stride: 5]",0,3.0,-0.046631328761577606,0.06262443959712982,0.30628833174705505,-0.11734054982662201,4.0,-0.007825524546205997,0.062455613166093826,0.3096897006034851,0.44781193137168884,5.0,0.021918701007962227,0.06391279399394989,0.3386254608631134,0.9574909210205078,0.0,-0.279847115278244,0.0679168701171875,0.680621862411499,0.6261666417121887,1.0,-0.25765955448150635,0.06936512887477875,0.7248612642288208,1.0864887237548828
1692309300.4884355,"[label: ""height""
size: 5
stride: 25, label: ""width""
size: 5
stride: 5]",0,3.0,-0.04700246453285217,0.0637984499335289,0.30760422348976135,-0.03385651484131813,4.0,-0.008277107030153275,0.06358839571475983,0.3121374547481537,0.446755588054657,5.0,0.02164977602660656,0.06450952589511871,0.33886978030204773,0.9761310815811157,0.0,-0.2830251455307007,0.07040701061487198,0.6855912208557129,0.603338897228241,1.0,-0.25894981622695923,0.07176636904478073,0.7251488566398621,1.0880619287490845
1692309300.583803,"[label: ""height""
size: 5
stride: 25, label: ""width""
size: 5
stride: 5]",0,3.0,-0.047526706010103226,0.06306826323270798,0.3091074526309967,-0.07680720835924149,4.0,-0.00853156391531229,0.06256440281867981,0.3121412992477417,0.44912558794021606,5.0,0.02108406461775303,0.06336816400289536,0.3386898934841156,0.9781235456466675,0.0,-0.2825445234775543,0.06764185428619385,0.6776233315467834,0.49565285444259644,1.0,-0.26646479964256287,0.07068334519863129,0.7357584238052368,-0.3435670733451843
1692309300.68014,"[label: ""height""
size: 5
stride: 25, label: ""width""
size: 5
stride: 5]",0,3.0,-0.04800525680184364,0.06379203498363495,0.30757051706314087,-0.03390658646821976,4.0,-0.009503989480435848,0.06383772194385529,0.31391605734825134,0.4181083142757416,5.0,0.020645491778850555,0.06471473723649979,0.3406584560871124,0.9768475294113159,0.0,-0.29450738430023193,0.07153698056936264,0.6994093060493469,0.49637389183044434,1.0,-0.2647719979286194,0.0718117207288742,0.7256482243537903,1.0731006860733032
1692309300.7764964,"[label: ""height""
size: 5
stride: 25, label: ""width""
size: 5
stride: 5]",0,3.0,-0.04821564629673958,0.06264752894639969,0.30550476908683777,-0.06629408150911331,4.0,-0.009990339167416096,0.06294051557779312,0.3132941424846649,0.42858070135116577,5.0,0.019924571737647057,0.06407369673252106,0.34017959237098694,0.9704778790473938,0.0,-0.28977447748184204,0.06902536749839783,0.6787315607070923,0.2848115861415863,1.0,-0.2730666697025299,0.0719708800315857,0.7365123629570007,-0.3132783770561218
1692309300.8639085,"[label: ""height""
size: 5
stride: 25, label: ""width""
size: 5
stride: 5]",0,3.0,-0.04950643703341484,0.06327508389949799,0.3075021803379059,-0.03424888849258423,4.0,-0.010582194663584232,0.06312333792448044,0.31239768862724304,0.45423024892807007,5.0,0.01899724081158638,0.06388786435127258,0.33848676085472107,0.9751284718513489,0.0,-0.2901269495487213,0.0680931806564331,0.6708804965019226,0.6094515323638916,1.0,-0.27241212129592896,0.07060395926237106,0.7254311442375183,1.0375367403030396
1692309300.9584177,"[label: ""height""
size: 5
stride: 25, label: ""width""
size: 5
stride: 5]",0,3.0,-0.05000487342476845,0.06276459246873856,0.30746716260910034,-0.03454599529504776,4.0,-0.011340861208736897,0.06258109211921692,0.31222131848335266,0.45658376812934875,5.0,0.017992213368415833,0.0628470778465271,0.3351561725139618,0.9839451313018799,0.0,-0.2907792031764984,0.06778758764266968,0.664734423160553,0.4821849763393402,1.0,-0.27005210518836975,0.06953217089176178,0.7114151120185852,1.066386342048645
1692309301.0506873,"[label: ""height""
size: 5
stride: 25, label: ""width""
size: 5
stride: 5]",0,3.0,-0.05034525319933891,0.06234852224588394,0.30801430344581604,-0.03405490145087242,4.0,-0.011423331685364246,0.06183380261063576,0.31094297766685486,0.4492441713809967,5.0,0.017998719587922096,0.06332197785377502,0.3406248688697815,0.974585235118866,0.0,-0.2947116196155548,0.06636364012956619,0.6700822710990906,0.6332650780677795,1.0,-0.2771255373954773,0.06940647214651108,0.7253279685974121,1.0461301803588867
1692309301.1667366,"[label: ""height""
size: 5
stride: 25, label: ""width""
size: 5
stride: 5]",0,3.0,-0.050091929733753204,0.06192721426486969,0.3056969940662384,-0.03342780843377113,4.0,-0.01157108973711729,0.06170745939016342,0.3117080330848694,0.4661523401737213,5.0,0.01770223304629326,0.06234120950102806,0.33761316537857056,0.989884078502655,0.0,-0.2947789132595062,0.06741400808095932,0.6695477366447449,0.5510644316673279,1.0,-0.2728394865989685,0.06840292364358902,0.7118394374847412,1.0940574407577515
1692309301.2590644,"[label: ""height""
size: 5
stride: 25, label: ""width""
size: 5
stride: 5]",0,3.0,-0.05021493136882782,0.06168298050761223,0.3048677146434784,-0.042875293642282486,4.0,-0.01200645137578249,0.06251367181539536,0.31566321849823,0.4331764578819275,5.0,0.01715013198554516,0.062343448400497437,0.33762675523757935,0.9914436340332031,0.0,-0.30475375056266785,0.06766998022794724,0.6862342357635498,0.3513973355293274,1.0,-0.28447580337524414,0.07011356949806213,0.7358658313751221,1.0593045949935913
1692309301.3635423,"[label: ""height""
size: 5
stride: 25, label: ""width""
size: 5
stride: 5]",0,3.0,-0.051001954823732376,0.06114181876182556,0.3050738573074341,-0.04566540941596031,4.0,-0.012615240179002285,0.06104336306452751,0.3122144043445587,0.4625292420387268,5.0,0.016360653564333916,0.06169396638870239,0.33864060044288635,1.0099225044250488,0.0,-0.30573031306266785,0.0671449601650238,0.6820699572563171,0.28111836314201355,1.0,-0.2775842249393463,0.06712512671947479,0.7105559706687927,1.1052031517028809
1692309301.467358,"[label: ""height""
size: 5
stride: 25, label: ""width""
size: 5
stride: 5]",0,3.0,-0.05158097296953201,0.061967477202415466,0.30780479311943054,-0.0429135225713253,4.0,-0.012743468396365643,0.06149742379784584,0.31246083974838257,0.4797183573246002,5.0,0.015891149640083313,0.06245899200439453,0.34052783250808716,1.0089484453201294,0.0,-0.30410823225975037,0.06639572232961655,0.6717138290405273,0.2886483073234558,1.0,-0.28608596324920654,0.06868159770965576,0.7239529490470886,1.0661052465438843
1692309301.560361,"[label: ""height""
size: 5
stride: 25, label: ""width""
size: 5
stride: 5]",0,3.0,-0.05058584362268448,0.059916239231824875,0.30565276741981506,-0.03378670662641525,4.0,-0.01216516550630331,0.0595405139029026,0.31099462509155273,0.48935678601264954,5.0,0.0164349265396595,0.06073732301592827,0.3402327597141266,1.007939100265503,0.0,-0.3044520318508148,0.06315650790929794,0.6687942743301392,0.2413485199213028,1.0,-0.28769057989120483,0.06581524759531021,0.7250072360038757,1.0655626058578491
1692309301.65163,"[label: ""height""
size: 5
stride: 25, label: ""width""
size: 5
stride: 5]",0,3.0,-0.05008946731686592,0.06092265993356705,0.305680513381958,-0.0336659699678421,4.0,-0.011890910565853119,0.061192963272333145,0.3136132061481476,0.4864736497402191,5.0,0.017085617408156395,0.062066297978162766,0.3421717584133148,1.0034980773925781,0.0,-0.3057054877281189,0.06538330763578415,0.6691405177116394,0.24245978891849518,1.0,-0.2889801859855652,0.06821247935295105,0.7252628803253174,1.0672580003738403
1692309301.7538767,"[label: ""height""
size: 5
stride: 25, label: ""width""
size: 5
stride: 5]",0,3.0,-0.04858913645148277,0.059422027319669724,0.30569005012512207,-0.03437162935733795,4.0,-0.01044093444943428,0.05951297655701637,0.31281793117523193,0.5025783181190491,5.0,0.01855171099305153,0.06062822416424751,0.3435550332069397,1.0148688554763794,0.0,-0.31350210309028625,0.06458409130573273,0.6899100542068481,0.2508276700973511,1.0,-0.2819960117340088,0.06370354443788528,0.7114075422286987,1.1107699871063232
1692309301.8985622,"[label: ""height""
size: 5
stride: 25, label: ""width""
size: 5
stride: 5]",0,3.0,-0.04685427248477936,0.06050649657845497,0.30524545907974243,0.004638797137886286,4.0,-0.008703283965587616,0.0608089379966259,0.31433847546577454,0.4868353605270386,5.0,0.02005660906434059,0.0613187700510025,0.3403807580471039,1.0155296325683594,0.0,-0.3000892400741577,0.06425692141056061,0.6688480377197266,0.24916481971740723,1.0,-0.27914175391197205,0.06549227982759476,0.7119593024253845,-0.3439200520515442
1692309301.975014,"[label: ""height""
size: 5
stride: 25, label: ""width""
size: 5
stride: 5]",0,3.0,-0.045243147760629654,0.06008937582373619,0.3076094388961792,-0.038294799625873566,4.0,-0.006639718543738127,0.059724025428295135,0.3140205144882202,0.48198866844177246,5.0,0.022421201691031456,0.06072462722659111,0.3424876928329468,1.005715012550354,0.0,-0.3047238886356354,0.06486103683710098,0.6905590891838074,0.28994306921958923,1.0,-0.2791745960712433,0.0658315047621727,0.7252442836761475,1.0746567249298096
1692309302.0702126,"[label: ""height""
size: 5
stride: 25, label: ""width""
size: 5
stride: 5]",0,3.0,-0.04396256431937218,0.06014159694314003,0.3074074387550354,-0.046321041882038116,4.0,-0.005651726853102446,0.06026299297809601,0.3155999183654785,0.46867039799690247,5.0,0.023455915972590446,0.061156515032052994,0.34334316849708557,1.0104776620864868,0.0,-0.29720038175582886,0.06297298520803452,0.674881637096405,0.3893453776836395,1.0,-0.2781756818294525,0.06462298333644867,0.7249575257301331,1.0975956916809082
1692309302.178883,"[label: ""height""
size: 5
stride: 25, label: ""width""
size: 5
stride: 5]",0,3.0,-0.04219963774085045,0.059888917952775955,0.30740129947662354,-0.04707604646682739,4.0,-0.003840750316157937,0.05985838919878006,0.3152731657028198,0.46338197588920593,5.0,0.025051554664969444,0.06015687808394432,0.34008803963661194,1.0019172430038452,0.0,-0.29104533791542053,0.06288249045610428,0.6662513017654419,0.17525680363178253,1.0,-0.27525144815444946,0.06582055240869522,0.7250745296478271,1.0923699140548706
1692309302.2684495,"[label: ""height""
size: 5
stride: 25, label: ""width""
size: 5
stride: 5]",0,3.0,-0.03966633602976799,0.0604514479637146,0.3096189796924591,0.0007156459032557905,4.0,-0.0013955155154690146,0.060579415410757065,0.3164367079734802,0.465268611907959,5.0,0.028020313009619713,0.06177138537168503,0.3459945023059845,1.0033305883407593,0.0,-0.3014131486415863,0.0658186748623848,0.6995149254798889,0.5341063141822815,1.0,-0.2711038589477539,0.06575731188058853,0.7243140339851379,1.062703013420105
1692309302.3661187,"[label: ""height""
size: 5
stride: 25, label: ""width""
size: 5
stride: 5]",0,3.0,-0.03669159859418869,0.059604037553071976,0.3077111840248108,-0.04281479865312576,4.0,0.0015703648095950484,0.059653390198946,0.31505703926086426,0.44913050532341003,5.0,0.030627461150288582,0.06060849502682686,0.3434288799762726,0.9996084570884705,0.0,-0.290085107088089,0.06425333023071289,0.6822529435157776,0.4511304199695587,1.0,-0.2672484517097473,0.06463367491960526,0.7251179814338684,1.0541044473648071
1692309302.4798481,"[label: ""height""
size: 5
stride: 25, label: ""width""
size: 5
stride: 5]",0,3.0,-0.03510013222694397,0.06095770001411438,0.3096142113208771,0.0006646000547334552,4.0,0.003401508554816246,0.0612366758286953,0.3172168433666229,0.4611872136592865,5.0,0.03277415782213211,0.06180711090564728,0.3438766896724701,1.0020731687545776,0.0,-0.2868387699127197,0.06567402184009552,0.6806414723396301,0.5826970338821411,1.0,-0.26400986313819885,0.06694959849119186,0.7243810892105103,1.0501798391342163
1692309302.5689886,"[label: ""height""
size: 5
stride: 25, label: ""width""
size: 5
stride: 5]",0,3.0,-0.03211982920765877,0.059264179319143295,0.3081706464290619,-0.08782566338777542,4.0,0.006250979378819466,0.059911925345659256,0.3170267343521118,0.4538024961948395,5.0,0.03540216013789177,0.06061268225312233,0.34345608949661255,1.0044121742248535,0.0,-0.27953094244003296,0.06298455595970154,0.6751347780227661,0.5993748307228088,1.0,-0.2591423988342285,0.06461574882268906,0.7248645424842834,1.0650428533554077
1692309302.710784,"[label: ""height""
size: 5
stride: 25, label: ""width""
size: 5
stride: 5]",0,3.0,-0.029845107346773148,0.06109030172228813,0.30837494134902954,-0.06461064517498016,4.0,0.00842185690999031,0.06120646744966507,0.3150789439678192,0.47533494234085083,5.0,0.03767635300755501,0.06233859807252884,0.34368300437927246,0.9978481531143188,0.0,-0.2790202796459198,0.06626003980636597,0.6843960881233215,0.2860354483127594,1.0,-0.25857529044151306,0.0688382089138031,0.7350460886955261,1.0416209697723389
1692309302.78799,"[label: ""height""
size: 5
stride: 25, label: ""width""
size: 5
stride: 5]",0,3.0,-0.02760269306600094,0.06032365933060646,0.3084513247013092,-0.0900358036160469,4.0,0.010558992624282837,0.06110217794775963,0.3178860545158386,0.4514079988002777,5.0,0.03991149365901947,0.06175290420651436,0.3435438275337219,0.992006242275238,0.0,-0.2753131687641144,0.0661739930510521,0.6835456490516663,0.28677886724472046,1.0,-0.2514995038509369,0.0670091062784195,0.7250795960426331,1.0515044927597046
1692309302.8664033,"[label: ""height""
size: 5
stride: 25, label: ""width""
size: 5
stride: 5]",0,3.0,-0.025102512910962105,0.06107057258486748,0.30886247754096985,-0.08341817557811737,4.0,0.013418009504675865,0.06162391975522041,0.317899614572525,0.44393038749694824,5.0,0.04262208566069603,0.06237339228391647,0.3438918888568878,0.9931575059890747,0.0,-0.2765081226825714,0.06764192879199982,0.6944693326950073,0.4663205146789551,1.0,-0.2513267993927002,0.06883207708597183,0.7349746227264404,1.0293502807617188
1692309302.9688447,"[label: ""height""
size: 5
stride: 25, label: ""width""
size: 5
stride: 5]",0,3.0,-0.022307995706796646,0.061153899878263474,0.3084818422794342,-0.10107837617397308,4.0,0.016187332570552826,0.06174992397427559,0.3186136484146118,0.44717657566070557,5.0,0.0452614463865757,0.062333185225725174,0.34364980459213257,0.9951633214950562,0.0,-0.2624015212059021,0.06714601069688797,0.6712788939476013,0.2686426639556885,1.0,-0.24325478076934814,0.0694027915596962,0.7252848148345947,1.036886215209961
1692309303.0695224,"[label: ""height""
size: 5
stride: 25, label: ""width""
size: 5
stride: 5]",0,3.0,-0.019127700477838516,0.06173982843756676,0.31116339564323425,-0.03910492733120918,4.0,0.01924903132021427,0.06263519823551178,0.31967154145240784,0.446449875831604,5.0,0.04853958263993263,0.06295213848352432,0.3439837098121643,0.9948245882987976,0.0,-0.263203501701355,0.06838231533765793,0.6832512021064758,0.19444596767425537,1.0,-0.2386060208082199,0.06935029476881027,0.7246914505958557,1.0544852018356323
1692309303.175113,"[label: ""height""
size: 6
stride: 30, label: ""width""
size: 5
stride: 5]",0,3.0,-0.01701178215444088,0.061781078577041626,0.3113289773464203,-0.0820094421505928,4.0,0.021255694329738617,0.06155030429363251,0.3160702586174011,0.47622448205947876,5.0,0.05025807395577431,0.062323834747076035,0.3413170874118805,1.0013262033462524,0.0,-0.26624998450279236,0.07056374102830887,0.7010566592216492,0.3779943287372589,1.0,-0.23992745578289032,0.0715528130531311,0.7384607791900635,-0.38999542593955994,2.0,-0.22368362545967102,0.07032688707113266,0.7643853425979614,1.5493175983428955
1692309303.2684999,"[label: ""height""
size: 5
stride: 25, label: ""width""
size: 5
stride: 5]",0,3.0,-0.015269939787685871,0.06245031580328941,0.30995097756385803,-0.06535688042640686,4.0,0.02310548536479473,0.06277190148830414,0.3184865415096283,0.47286999225616455,5.0,0.052843160927295685,0.06477145105600357,0.349221795797348,0.9871146082878113,0.0,-0.2561977207660675,0.07053610682487488,0.682486355304718,0.1979628950357437,1.0,-0.23633696138858795,0.07319430261850357,0.7366912961006165,-0.3881428837776184
1692309303.3604305,"[label: ""height""
size: 5
stride: 25, label: ""width""
size: 5
stride: 5]",0,3.0,-0.014510455541312695,0.061181072145700455,0.30947092175483704,-0.09044528007507324,4.0,0.02340584248304367,0.06124505773186684,0.31529900431632996,0.4888135492801666,5.0,0.05207207798957825,0.06188574805855751,0.34043657779693604,1.0150102376937866,0.0,-0.26369956135749817,0.0705719068646431,0.7013186812400818,0.5446792840957642,1.0,-0.2362905889749527,0.07056939601898193,0.734673798084259,-0.39119985699653625
1692309303.4658353,"[label: ""height""
size: 5
stride: 25, label: ""width""
size: 5
stride: 5]",0,3.0,-0.013480783440172672,0.06341304630041122,0.31287992000579834,-0.05515849590301514,4.0,0.024857569485902786,0.06332270801067352,0.3191969394683838,0.48039931058883667,5.0,0.05485893785953522,0.06603171676397324,0.3521154820919037,0.9883632063865662,0.0,-0.2546045482158661,0.0722476989030838,0.6816062331199646,0.5304884314537048,1.0,-0.23092186450958252,0.07419710606336594,0.7257272601127625,1.014697551727295
1692309303.56228,"[label: ""height""
size: 5
stride: 25, label: ""width""
size: 5
stride: 5]",0,3.0,-0.012943599373102188,0.06234506145119667,0.31162241101264954,-0.08248366415500641,4.0,0.025295084342360497,0.06268050521612167,0.31992650032043457,0.45859402418136597,5.0,0.05472363159060478,0.06359133869409561,0.3466838598251343,1.00221586227417,0.0,-0.2589968740940094,0.07176321744918823,0.6902129650115967,0.4258977174758911,1.0,-0.23159676790237427,0.07294484972953796,0.7250447273254395,1.0418503284454346
1692309303.673402,"[label: ""height""
size: 6
stride: 30, label: ""width""
size: 5
stride: 5]",0,3.0,-0.013212611898779869,0.06369436532258987,0.3134011924266815,-0.02013765461742878,4.0,0.025052623823285103,0.06377501785755157,0.3201853632926941,0.4586637020111084,5.0,0.054085034877061844,0.06481082737445831,0.34717369079589844,1.0119856595993042,0.0,-0.2616236209869385,0.07412378489971161,0.6911741495132446,0.4238247275352478,1.0,-0.23771095275878906,0.07612408697605133,0.7356808185577393,1.0047472715377808,2.0,-0.22256608307361603,0.0753779336810112,0.764848530292511,1.5434255599975586
1692309303.7606895,"[label: ""height""
size: 5
stride: 25, label: ""width""
size: 5
stride: 5]",0,3.0,-0.01354258507490158,0.06286370754241943,0.3094695210456848,-0.008593741804361343,4.0,0.024689635261893272,0.06355797499418259,0.32049044966697693,0.4746245741844177,5.0,0.05389153212308884,0.06484312564134598,0.3496212065219879,1.0107327699661255,0.0,-0.25654739141464233,0.07253685593605042,0.670359194278717,0.2743018865585327,1.0,-0.23695529997348785,0.07532591372728348,0.7250990867614746,1.0013303756713867
1692309303.8673067,"[label: ""height""
size: 6
stride: 30, label: ""width""
size: 5
stride: 5]",0,3.0,-0.013234684243798256,0.06315663456916809,0.3104706108570099,-0.03848923370242119,4.0,0.024621514603495598,0.06339497864246368,0.31766054034233093,0.5011089444160461,5.0,0.05408861115574837,0.06548088043928146,0.35000354051589966,1.01860511302948,0.0,-0.25859174132347107,0.07217080146074295,0.6701991558074951,0.47499987483024597,1.0,-0.239339679479599,0.0753285363316536,0.7251263856887817,1.005427598953247,2.0,-0.23089468479156494,0.07701129466295242,0.7781765460968018,1.538657546043396
1692309303.9761941,"[label: ""height""
size: 5
stride: 25, label: ""width""
size: 5
stride: 5]",0,3.0,-0.013530711643397808,0.06383245438337326,0.3114500641822815,-0.03780356049537659,4.0,0.024814488366246223,0.06457474082708359,0.32222306728363037,0.46459460258483887,5.0,0.05270707234740257,0.0647611990571022,0.3446803092956543,1.0262964963912964,0.0,-0.2644086480140686,0.0756797045469284,0.6799983382225037,0.29259899258613586,1.0,-0.24112877249717712,0.07779569178819656,0.7260439991950989,0.9805710315704346
1692309304.0717387,"[label: ""height""
size: 6
stride: 30, label: ""width""
size: 5
stride: 5]",0,3.0,-0.013743008486926556,0.06417408585548401,0.3104732930660248,-0.037991076707839966,4.0,0.02448514848947525,0.06472206115722656,0.32111144065856934,0.5000746846199036,5.0,0.053071461617946625,0.06604330241680145,0.3499391973018646,1.0299450159072876,0.0,-0.26530981063842773,0.07504371553659439,0.673095703125,0.2856219708919525,1.0,-0.24468913674354553,0.07770659774541855,0.7251458764076233,0.9624577760696411,2.0,-0.23607170581817627,0.07958511263132095,0.778430163860321,1.5437222719192505
1692309304.1740234,"[label: ""height""
size: 5
stride: 25, label: ""width""
size: 5
stride: 5]",0,3.0,-0.014029552228748798,0.06480482220649719,0.3125703036785126,0.025655483826994896,4.0,0.023867113515734673,0.06473065167665482,0.31978049874305725,0.5078457593917847,5.0,0.052499935030937195,0.06604509055614471,0.34994980692863464,1.0314265489578247,0.0,-0.26910045742988586,0.07628603279590607,0.6743090748786926,0.290723979473114,1.0,-0.24773576855659485,0.07900474220514297,0.7262381911277771,0.9917981624603271
1692309304.272182,"[label: ""height""
size: 5
stride: 25, label: ""width""
size: 5
stride: 5]",0,3.0,-0.015008095651865005,0.06547897309064865,0.31333252787590027,-0.02082390896975994,4.0,0.023200171068310738,0.06520139425992966,0.31949907541275024,0.5240642428398132,5.0,0.05076855048537254,0.06594604253768921,0.3449997901916504,1.0481162071228027,0.0,-0.2729075849056244,0.07753374427556992,0.675533652305603,0.29578787088394165,1.0,-0.2507666349411011,0.08012401312589645,0.7255472540855408,0.9723820686340332
1692309304.3727515,"[label: ""height""
size: 5
stride: 25, label: ""width""
size: 5
stride: 5]",0,3.0,-0.015055456198751926,0.06480852514505386,0.31259018182754517,0.024966398254036903,4.0,0.02282494120299816,0.06474089622497559,0.31983599066734314,0.5104711651802063,5.0,0.05089815706014633,0.06578568369150162,0.3478304445743561,1.0450924634933472,0.0,-0.27588725090026855,0.07651655375957489,0.677579402923584,0.4445008933544159,1.0,-0.2536304295063019,0.07899018377065659,0.7260901927947998,0.9488533735275269
1692309304.5008914,"[label: ""height""
size: 6
stride: 30, label: ""width""
size: 5
stride: 5]",0,3.0,-0.016081122681498528,0.0658360943198204,0.31260108947753906,0.02416600100696087,4.0,0.021989520639181137,0.06633488088846207,0.32315999269485474,0.496371865272522,5.0,0.04996052756905556,0.06725253164768219,0.3502974212169647,1.0549949407577515,0.0,-0.276135116815567,0.07751043140888214,0.6681299805641174,0.45665982365608215,1.0,-0.2564195394515991,0.0803537517786026,0.7222318053245544,0.9631595015525818,2.0,-0.2396559864282608,0.07992873340845108,0.7517275214195251,1.5328893661499023
1692309304.5814645,"[label: ""height""
size: 6
stride: 30, label: ""width""
size: 5
stride: 5]",0,3.0,-0.016581563279032707,0.06475091725587845,0.30956465005874634,0.00032310266396962106,4.0,0.021266326308250427,0.06529659032821655,0.3200052082538605,0.5140371322631836,5.0,0.04925934970378876,0.0666925385594368,0.3503791391849518,1.048202633857727,0.0,-0.28324025869369507,0.07775043696165085,0.6787015199661255,0.5807974934577942,1.0,-0.26031726598739624,0.0801364853978157,0.7256689071655273,0.9892897605895996,2.0,-0.24207809567451477,0.0786847323179245,0.7515995502471924,1.5366257429122925
1692309304.6900558,"[label: ""height""
size: 5
stride: 25, label: ""width""
size: 5
stride: 5]",0,3.0,-0.017077993601560593,0.06576912105083466,0.3114595413208008,-0.011006494052708149,4.0,0.020865710452198982,0.0657760351896286,0.3197733759880066,0.5299031138420105,5.0,0.04834359139204025,0.06674059480428696,0.3469054102897644,1.0623410940170288,0.0,-0.28595131635665894,0.07904519140720367,0.6804119944572449,0.4647051692008972,1.0,-0.25808531045913696,0.07954156398773193,0.7126439213752747,-0.2815243601799011
1692309304.78966,"[label: ""height""
size: 5
stride: 25, label: ""width""
size: 5
stride: 5]",0,3.0,-0.018628671765327454,0.06580109149217606,0.30803462862968445,0.016425713896751404,4.0,0.018981115892529488,0.06621362268924713,0.3187931478023529,0.5378890037536621,5.0,0.046120140701532364,0.06710025668144226,0.3451334238052368,1.068738341331482,0.0,-0.2908318340778351,0.08026605099439621,0.6814169883728027,0.4834164083003998,1.0,-0.2615589201450348,0.08117366582155228,0.7113029360771179,0.9756150841712952
1692309304.8878171,"[label: ""height""
size: 6
stride: 30, label: ""width""
size: 5
stride: 5]",0,3.0,-0.02013213373720646,0.06525836884975433,0.30956679582595825,0.0003818002005573362,4.0,0.017378972843289375,0.06460513174533844,0.31536784768104553,0.5713810920715332,5.0,0.045040640980005264,0.06718643754720688,0.3499518632888794,1.0685597658157349,0.0,-0.28829145431518555,0.07684396952390671,0.6634934544563293,0.5876660346984863,1.0,-0.27132993936538696,0.08047188073396683,0.7233490347862244,0.9600192904472351,2.0,-0.2538066506385803,0.07992890477180481,0.7517290711402893,1.5177687406539917
1692309304.9871006,"[label: ""height""
size: 6
stride: 30, label: ""width""
size: 5
stride: 5]",0,3.0,-0.020660310983657837,0.06655088067054749,0.30847471952438354,0.03317134827375412,4.0,0.016760287806391716,0.06627844274044037,0.31599998474121094,0.5575622320175171,5.0,0.04384610429406166,0.06817811727523804,0.34846124053001404,1.0799392461776733,0.0,-0.2928270995616913,0.07971371710300446,0.6668452024459839,0.41361919045448303,1.0,-0.26983901858329773,0.08237490803003311,0.7116321325302124,0.9902555346488953,2.0,-0.25635871291160583,0.08241859823465347,0.7519890666007996,1.5194541215896606
1692309305.0807607,"[label: ""height""
size: 6
stride: 30, label: ""width""
size: 5
stride: 5]",0,3.0,-0.020110150799155235,0.06541416794061661,0.30989155173301697,0.04435083642601967,4.0,0.017908308655023575,0.06541368365287781,0.3206357955932617,0.5474222898483276,5.0,0.04453176259994507,0.06621017307043076,0.34712904691696167,1.0809937715530396,0.0,-0.2906566262245178,0.07689332962036133,0.663934588432312,0.5933493375778198,1.0,-0.26972565054893494,0.07953488081693649,0.7125952839851379,-0.22228913009166718,2.0,-0.25886720418930054,0.0808173269033432,0.7630077004432678,1.5168458223342896
1692309305.1527085,"[label: ""height""
size: 6
stride: 30, label: ""width""
size: 5
stride: 5]",0,3.0,-0.01882026717066765,0.06698455661535263,0.30968260765075684,0.05188731476664543,4.0,0.01897384040057659,0.06757546961307526,0.32094454765319824,0.5430312752723694,5.0,0.045997992157936096,0.06906218081712723,0.350785493850708,1.082055926322937,0.0,-0.29156067967414856,0.07966732233762741,0.6664473414421082,0.41277313232421875,1.0,-0.267831414937973,0.08229963481426239,0.710944652557373,0.933225691318512,2.0,-0.25420618057250977,0.08273468166589737,0.7492778301239014,1.522400975227356
1692309305.267919,"[label: ""height""
size: 6
stride: 30, label: ""width""
size: 5
stride: 5]",0,3.0,-0.01807534322142601,0.0664185956120491,0.3098362684249878,0.04493357241153717,4.0,0.01934642903506756,0.06636082381010056,0.3182466924190521,0.5526147484779358,5.0,0.04620828479528427,0.06732168048620224,0.34698307514190674,1.0934735536575317,0.0,-0.2902955412864685,0.07853057235479355,0.6660524606704712,0.41483691334724426,1.0,-0.26414886116981506,0.08047301322221756,0.7027161121368408,1.0021685361862183,2.0,-0.25584039092063904,0.08232546597719193,0.7596314549446106,1.4731292724609375
1692309305.392969,"[label: ""height""
size: 6
stride: 30, label: ""width""
size: 5
stride: 5]",0,3.0,-0.01711237244307995,0.06665597856044769,0.3080998659133911,0.022666390985250473,4.0,0.020142242312431335,0.066322922706604,0.31623345613479614,0.572025716304779,5.0,0.04712690785527229,0.06797932088375092,0.3474781811237335,1.09060537815094,0.0,-0.2890963852405548,0.07776911556720734,0.6631905436515808,0.31069183349609375,1.0,-0.26658669114112854,0.0811118632555008,0.710730791091919,0.9313920140266418,2.0,-0.24415963888168335,0.07904888689517975,0.726698637008667,1.5256743431091309
1692309305.477679,"[label: ""height""
size: 6
stride: 30, label: ""width""
size: 5
stride: 5]",0,3.0,-0.01660686731338501,0.06665459275245667,0.30809286236763,0.02298489771783352,4.0,0.020839432254433632,0.06763502955436707,0.3212554454803467,0.5623419880867004,5.0,0.04798725247383118,0.06932242959737778,0.3528284728527069,1.0934772491455078,0.0,-0.2902959883213043,0.07962103188037872,0.666050374507904,0.41191595792770386,1.0,-0.2708646357059479,0.0838017389178276,0.7213162779808044,0.8751823902130127,2.0,-0.2523346543312073,0.08272972702980042,0.7492300271987915,1.4846241474151611
1692309305.5776072,"[label: ""height""
size: 6
stride: 30, label: ""width""
size: 5
stride: 5]",0,3.0,-0.01761787198483944,0.06665727496147156,0.30810636281967163,0.02234647236764431,4.0,0.019872834905982018,0.06749206781387329,0.3205150067806244,0.5551329255104065,5.0,0.04683408886194229,0.06932593137025833,0.3528483510017395,1.0964994430541992,0.0,-0.2940962612628937,0.07866817712783813,0.6672495603561401,0.4175105392932892,1.0,-0.26692837476730347,0.08044619858264923,0.7024610042572021,0.9551247954368591,2.0,-0.2557293176651001,0.08241885155439377,0.751990795135498,1.484598994255066
1692309305.6916878,"[label: ""height""
size: 6
stride: 30, label: ""width""
size: 5
stride: 5]",0,3.0,-0.01761787198483944,0.06665727496147156,0.30810636281967163,0.02234647236764431,5.0,0.046155426651239395,0.06859585642814636,0.34987133741378784,1.1004348993301392,4.0,0.01964372955262661,0.06697581708431244,0.31873422861099243,0.5751176476478577,0.0,-0.29536667466163635,0.07871425151824951,0.6676506400108337,0.41838139295578003,1.0,-0.2680847644805908,0.08044784516096115,0.7024765610694885,0.957327663898468,2.0,-0.256961464881897,0.08241885900497437,0.7519909143447876,1.4862279891967773
1692309305.784442,"[label: ""height""
size: 6
stride: 30, label: ""width""
size: 5
stride: 5]",0,3.0,-0.01856173761188984,0.06672744452953339,0.3080838620662689,0.08734574913978577,4.0,0.018604084849357605,0.06698601692914963,0.31878745555877686,0.5778783559799194,5.0,0.04501190781593323,0.0685994103550911,0.3498915433883667,1.1034741401672363,0.0,-0.2991883158683777,0.07885301113128662,0.6688593029975891,0.420926034450531,1.0,-0.2748100459575653,0.08113286644220352,0.7109254598617554,0.9468690156936646,2.0,-0.2545519769191742,0.079872265458107,0.7370189428329468,1.4836149215698242
1692309305.8868387,"[label: ""height""
size: 6
stride: 30, label: ""width""
size: 5
stride: 5]",0,3.0,-0.019575433805584908,0.06623416393995285,0.3081513047218323,0.087516650557518,4.0,0.017618386074900627,0.06657641381025314,0.31990060210227966,0.5771120190620422,5.0,0.04409375414252281,0.06818331778049469,0.3529317080974579,1.1124827861785889,0.0,-0.29999539256095886,0.07619258761405945,0.6647023558616638,0.5479850172996521,1.0,-0.27416741847991943,0.07808110862970352,0.7018468379974365,0.9143984317779541,2.0,-0.2623979449272156,0.07992823421955109,0.7517210841178894,1.4587644338607788
1692309305.9604945,"[label: ""height""
size: 6
stride: 30, label: ""width""
size: 5
stride: 5]",0,3.0,-0.020580049604177475,0.06595141440629959,0.3057781755924225,0.057547952979803085,4.0,0.01657470129430294,0.06658699363470078,0.3199562132358551,0.5798976421356201,5.0,0.04257901385426521,0.06746408343315125,0.34995973110198975,1.1186226606369019,0.0,-0.29962289333343506,0.07571899145841599,0.6571167707443237,0.32910826802253723,1.0,-0.28152018785476685,0.07940604537725449,0.711529552936554,-0.09945975989103317,2.0,-0.2652744650840759,0.0798688605427742,0.751148521900177,1.4633077383041382
1692309306.0683262,"[label: ""height""
size: 6
stride: 30, label: ""width""
size: 5
stride: 5]",0,3.0,-0.02207273617386818,0.0651516243815422,0.3043200671672821,0.08646384626626968,4.0,0.014813796617090702,0.06587447971105576,0.3184398114681244,0.6025276780128479,5.0,0.04086343199014664,0.06752612441778183,0.35248491168022156,1.121450662612915,0.0,-0.31204649806022644,0.0760173499584198,0.6729716658592224,0.44064489006996155,1.0,-0.2811880111694336,0.07674004882574081,0.7000107169151306,0.9045848250389099,2.0,-0.2699689567089081,0.07866375893354416,0.7513877153396606,1.4515066146850586
1692309306.1770434,"[label: ""height""
size: 6
stride: 30, label: ""width""
size: 5
stride: 5]",0,3.0,-0.024536171928048134,0.06553858518600464,0.305779367685318,0.10989788919687271,4.0,0.01251643430441618,0.06602233648300171,0.31975117325782776,0.6053614616394043,5.0,0.037827618420124054,0.06686188280582428,0.34979957342147827,1.14016592502594,0.0,-0.31519824266433716,0.0761537104845047,0.6678214073181152,0.2906849682331085,1.0,-0.28706949949264526,0.07792513072490692,0.7003751397132874,0.9156374335289001,2.0,-0.26666393876075745,0.07664380967617035,0.7264528870582581,1.4921393394470215
1692309306.278875,"[label: ""height""
size: 6
stride: 30, label: ""width""
size: 5
stride: 5]",0,3.0,-0.0265946164727211,0.0657295361161232,0.3047175407409668,0.08703036606311798,4.0,0.010120613500475883,0.06608341634273529,0.31822118163108826,0.619027316570282,5.0,0.03484846279025078,0.0668015331029892,0.3472687900066376,1.1579166650772095,0.0,-0.32281628251075745,0.07633542269468307,0.6689843535423279,0.42492231726646423,1.0,-0.29403382539749146,0.0779457688331604,0.7005714774131775,0.9294886589050293,2.0,-0.2738052010536194,0.07664372771978378,0.7264522910118103,1.5018258094787598
1692309306.3862264,"[label: ""height""
size: 6
stride: 30, label: ""width""
size: 5
stride: 5]",0,3.0,-0.029691418632864952,0.06563010066747665,0.30369099974632263,0.13362883031368256,4.0,0.0067712427116930485,0.06662335991859436,0.3201552927494049,0.6208904385566711,5.0,0.03192521259188652,0.06756772100925446,0.3527279198169708,1.1624971628189087,1.0,-0.2964418828487396,0.07684827595949173,0.6882109045982361,0.9471777677536011,2.0,-0.2846302390098572,0.07864322513341904,0.7368031740188599,1.4543660879135132,0.0,-0.3356475234031677,0.0783841460943222,0.6798447370529175,0.26766499876976013
1692309306.4743023,"[label: ""height""
size: 4
stride: 20, label: ""width""
size: 5
stride: 5]",0,3.0,-0.03383082151412964,0.06543323397636414,0.30241769552230835,0.2055758833885193,4.0,0.002438633469864726,0.06544700264930725,0.3157823085784912,0.6636896729469299,5.0,0.026731405407190323,0.06758163124322891,0.3528091311454773,1.1765480041503906,1.0,-0.30782994627952576,0.07687579095363617,0.6884732842445374,0.9702221751213074
1692309306.583716,"[label: ""height""
size: 5
stride: 25, label: ""width""
size: 5
stride: 5]",0,3.0,-0.037730202078819275,0.06548633426427841,0.2993040978908539,0.2440570741891861,4.0,-0.001942295697517693,0.06594151258468628,0.3143817186355591,0.6594350337982178,5.0,0.02193490043282509,0.06746968626976013,0.35000282526016235,1.1920433044433594,1.0,-0.3148545026779175,0.07743283361196518,0.6811232566833496,0.9807253479957581,2.0,-0.29318496584892273,0.07589754462242126,0.7030465006828308,1.5198302268981934
1692309306.69003,"[label: ""height""
size: 5
stride: 25, label: ""width""
size: 5
stride: 5]",0,3.0,-0.04199618101119995,0.06485635042190552,0.29783061146736145,0.18092527985572815,4.0,-0.00612556142732501,0.0645042434334755,0.31181684136390686,0.6722550988197327,5.0,0.01731748878955841,0.06649076193571091,0.34937772154808044,1.2058221101760864,1.0,-0.3288012146949768,0.07754162698984146,0.689721405506134,-0.02159292809665203,2.0,-0.3113599717617035,0.07696555554866791,0.7238954901695251,1.4904158115386963
1692309306.7814937,"[label: ""height""
size: 4
stride: 20, label: ""width""
size: 5
stride: 5]",0,3.0,-0.045936860144138336,0.0653420090675354,0.2969328761100769,0.24688945710659027,4.0,-0.010185697115957737,0.0660368874669075,0.314877450466156,0.6841809749603271,5.0,0.012784738093614578,0.06693343073129654,0.34649837017059326,1.2125252485275269,1.0,-0.33798280358314514,0.07870588451623917,0.6900103092193604,-0.02021404355764389
1692309306.900165,"[label: ""height""
size: 4
stride: 20, label: ""width""
size: 5
stride: 5]",0,3.0,-0.050596609711647034,0.06501562893390656,0.29535192251205444,0.17974691092967987,4.0,-0.015305931679904461,0.06564301252365112,0.31422293186187744,0.6817463636398315,5.0,0.007532546296715736,0.06639870256185532,0.3466871976852417,1.2358406782150269,1.0,-0.3486258387565613,0.07860809564590454,0.6892361044883728,-0.05049018934369087
1692309306.9820902,"[label: ""height""
size: 4
stride: 20, label: ""width""
size: 5
stride: 5]",0,3.0,-0.05465364083647728,0.06482227891683578,0.2923363447189331,0.2685730457305908,4.0,-0.019529547542333603,0.06557469815015793,0.31207871437072754,0.7045271992683411,5.0,0.002864618320018053,0.06694605946540833,0.34657084941864014,1.2236857414245605,2.0,-0.33641374111175537,0.07730856537818909,0.7134068608283997,-0.6087331771850586
1692309307.0807588,"[label: ""height""
size: 4
stride: 20, label: ""width""
size: 5
stride: 5]",0,3.0,-0.05802995339035988,0.06553588807582855,0.29279279708862305,0.21771565079689026,4.0,-0.022840382531285286,0.0660569965839386,0.3119286596775055,0.6920896172523499,5.0,-0.0005401694215834141,0.0671088695526123,0.3459746837615967,1.2346755266189575,2.0,-0.33594173192977905,0.07739641517400742,0.7009872198104858,1.5245593786239624
1692309307.1672366,"[label: ""height""
size: 4
stride: 20, label: ""width""
size: 5
stride: 5]",0,3.0,-0.060945864766836166,0.06447473913431168,0.29305046796798706,0.23347583413124084,4.0,-0.025309721007943153,0.06348998844623566,0.30516868829727173,0.7331912517547607,5.0,-0.0037666414864361286,0.0657026544213295,0.3437972664833069,1.2374414205551147,2.0,-0.34095966815948486,0.07507169246673584,0.7007067799568176,1.4983094930648804
1692309307.2676907,"[label: ""height""
size: 4
stride: 20, label: ""width""
size: 5
stride: 5]",0,3.0,-0.062142983078956604,0.06554106622934341,0.29120758175849915,0.20127052068710327,4.0,-0.02693810500204563,0.06572902202606201,0.3093351125717163,0.7188252210617065,5.0,-0.004940585698932409,0.0675768330693245,0.3469208776950836,1.2370734214782715,2.0,-0.34745627641677856,0.07899807393550873,0.7128483057022095,1.4888705015182495
1692309307.3607388,"[label: ""height""
size: 4
stride: 20, label: ""width""
size: 5
stride: 5]",0,3.0,-0.06263729929924011,0.06460575014352798,0.29129883646965027,0.20366065204143524,4.0,-0.02730722911655903,0.0646744817495346,0.3078702986240387,0.7269653081893921,5.0,-0.00530417961999774,0.06591387093067169,0.34344682097435,1.2340511083602905,2.0,-0.33923912048339844,0.07621791213750839,0.7007099986076355,1.4959309101104736
1692309307.4556267,"[label: ""height""
size: 4
stride: 20, label: ""width""
size: 5
stride: 5]",0,4.0,-0.026735033839941025,0.06521758437156677,0.3098176121711731,0.6917551159858704,5.0,-0.004347626585513353,0.06653879582881927,0.34595635533332825,1.2199503183364868,2.0,-0.3363422453403473,0.07589805871248245,0.7030519247055054,1.4843058586120605,3.0,-0.06250683963298798,0.06537685543298721,0.29360997676849365,0.23229660093784332
1692309307.5645363,"[label: ""height""
size: 4
stride: 20, label: ""width""
size: 5
stride: 5]",0,3.0,-0.06114928424358368,0.06502684950828552,0.29102829098701477,0.20277556777000427,4.0,-0.02551325596868992,0.06509524583816528,0.30743563175201416,0.6980801224708557,5.0,-0.003171908436343074,0.06629030406475067,0.34179288148880005,1.220421314239502,2.0,-0.3355635702610016,0.07785151153802872,0.7130298018455505,1.453891634941101
1692309307.6723306,"[label: ""height""
size: 4
stride: 20, label: ""width""
size: 5
stride: 5]",0,3.0,-0.0604909211397171,0.0647677630186081,0.2920379638671875,0.23559440672397614,4.0,-0.024872425943613052,0.06411857157945633,0.305824875831604,0.7045794725418091,5.0,-0.002064269036054611,0.06592541188001633,0.3435119390487671,1.2160167694091797,2.0,-0.3310767710208893,0.07612068951129913,0.7132363319396973,-0.579062283039093
1692309307.7894714,"[label: ""height""
size: 4
stride: 20, label: ""width""
size: 5
stride: 5]",0,3.0,-0.06163737550377846,0.06520253419876099,0.2911607623100281,0.21839553117752075,4.0,-0.026079194620251656,0.06495146453380585,0.30670446157455444,0.6915793418884277,5.0,-0.003304077312350273,0.06626160442829132,0.34162697196006775,1.2124950885772705,2.0,-0.3360537886619568,0.07817848771810532,0.7241471409797668,1.4368494749069214
1692309307.8646798,"[label: ""height""
size: 4
stride: 20, label: ""width""
size: 5
stride: 5]",0,3.0,-0.06259914487600327,0.06617821753025055,0.2947026193141937,0.2532683312892914,4.0,-0.026453789323568344,0.0656488835811615,0.3094233572483063,0.6669734716415405,5.0,-0.003486429573968053,0.06710944324731827,0.34597381949424744,1.2000787258148193,1.0,-0.3466436266899109,0.07768672704696655,0.6783856749534607,0.9118086099624634
1692309307.9598048,"[label: ""height""
size: 4
stride: 20, label: ""width""
size: 5
stride: 5]",0,3.0,-0.060686562210321426,0.06422749906778336,0.29105234146118164,0.19396941363811493,4.0,-0.02520739659667015,0.06395243108272552,0.3067266047000885,0.6751859188079834,5.0,-0.0023369169794023037,0.06572631746530533,0.3439272344112396,1.1988569498062134,1.0,-0.3430987298488617,0.07542075961828232,0.6779667139053345,0.9047645330429077
1692309308.072077,"[label: ""height""
size: 4
stride: 20, label: ""width""
size: 5
stride: 5]",0,3.0,-0.0596148781478405,0.0658145323395729,0.29365625977516174,0.1327543705701828,4.0,-0.023611467331647873,0.06562072038650513,0.3087725043296814,0.6848812103271484,5.0,-0.00037726626032963395,0.0668986588716507,0.3441818058490753,1.209976315498352,1.0,-0.3440033793449402,0.07874323427677155,0.6902734637260437,0.08258894085884094
1692309308.155968,"[label: ""height""
size: 4
stride: 20, label: ""width""
size: 5
stride: 5]",0,3.0,-0.05837087705731392,0.06552916765213013,0.29345935583114624,0.13516131043434143,4.0,-0.02253171056509018,0.06573813408613205,0.31113240122795105,0.668247401714325,5.0,0.0007501204963773489,0.06631358712911606,0.3440623879432678,1.2068954706192017,1.0,-0.33765909075737,0.07805337756872177,0.6889274716377258,0.8792064189910889
1692309308.2716393,"[label: ""height""
size: 4
stride: 20, label: ""width""
size: 5
stride: 5]",0,3.0,-0.05683903023600578,0.06517533212900162,0.2926408350467682,0.1808280348777771,4.0,-0.021068891510367393,0.0650654137134552,0.3085162043571472,0.6770902872085571,5.0,0.0023146108724176884,0.06648668646812439,0.345655620098114,1.192361831665039,1.0,-0.3396892547607422,0.07814046740531921,0.7024129629135132,0.8204724192619324
1692309308.3852153,"[label: ""height""
size: 4
stride: 20, label: ""width""
size: 5
stride: 5]",0,3.0,-0.05671917274594307,0.06578316539525986,0.2939356565475464,0.19246889650821686,4.0,-0.020463908091187477,0.06503141671419144,0.30710580945014954,0.6815536618232727,5.0,0.0027338406071066856,0.06687893718481064,0.344066858291626,1.183895230293274,1.0,-0.3362935483455658,0.07930316776037216,0.7025257349014282,0.8110721707344055
1692309308.4777656,"[label: ""height""
size: 4
stride: 20, label: ""width""
size: 5
stride: 5]",0,3.0,-0.05624100938439369,0.0659903809428215,0.2937658131122589,0.15815654397010803,4.0,-0.020318223163485527,0.06609373539686203,0.31034037470817566,0.6511349678039551,5.0,0.0031310117337852716,0.06682639569044113,0.34165263175964355,1.193674921989441,1.0,-0.33197885751724243,0.07904431968927383,0.700086772441864,0.768683910369873
1692309308.5746217,"[label: ""height""
size: 4
stride: 20, label: ""width""
size: 5
stride: 5]",0,3.0,-0.05672069266438484,0.06626489013433456,0.29393595457077026,0.19106975197792053,4.0,-0.02040672115981579,0.06547627598047256,0.30630338191986084,0.6845346093177795,5.0,0.0029865114483982325,0.06685655564069748,0.3418237268924713,1.20238196849823,1.0,-0.33165064454078674,0.07929404824972153,0.7024362087249756,0.7993118762969971
1692309308.6808746,"[label: ""height""
size: 4
stride: 20, label: ""width""
size: 5
stride: 5]",0,3.0,-0.05735351890325546,0.06631328165531158,0.2930171489715576,0.1049121543765068,4.0,-0.021345414221286774,0.06663598865270615,0.31051120162010193,0.6539350152015686,5.0,0.002734540728852153,0.06746181100606918,0.34417232871055603,1.1837224960327148,1.0,-0.3347247242927551,0.0805702731013298,0.711509644985199,0.1817130595445633
1692309308.773742,"[label: ""height""
size: 4
stride: 20, label: ""width""
size: 5
stride: 5]",0,3.0,-0.059034839272499084,0.06701885908842087,0.2929985821247101,0.21405285596847534,4.0,-0.022915175184607506,0.06670073419809341,0.30790042877197266,0.6740928292274475,5.0,0.0006241470109671354,0.06797782331705093,0.3418237268924713,1.1835016012191772,1.0,-0.3317359685897827,0.0804639607667923,0.702616274356842,0.7986471056938171
1692309308.8628383,"[label: ""height""
size: 4
stride: 20, label: ""width""
size: 5
stride: 5]",0,3.0,-0.060695793479681015,0.06724915653467178,0.2911361753940582,0.20151761174201965,4.0,-0.02491064742207527,0.06714564561843872,0.30760011076927185,0.6563860177993774,5.0,-0.0011976668611168861,0.06810995191335678,0.34110113978385925,1.1989574432373047,1.0,-0.3281657099723816,0.07986996322870255,0.6902697682380676,0.08722087740898132
1692309308.9669125,"[label: ""height""
size: 4
stride: 20, label: ""width""
size: 5
stride: 5]",0,3.0,-0.0629955381155014,0.06709598004817963,0.2924463450908661,0.21267208456993103,4.0,-0.027030302211642265,0.06685604900121689,0.3073686361312866,0.650375485420227,5.0,-0.003427367890253663,0.06794976443052292,0.34167006611824036,1.1868922710418701,1.0,-0.34040361642837524,0.0804513618350029,0.7105312347412109,0.12164352089166641
1692309309.0590713,"[label: ""height""
size: 4
stride: 20, label: ""width""
size: 5
stride: 5]",0,3.0,-0.0641322061419487,0.06799857318401337,0.29153987765312195,0.19437909126281738,4.0,-0.02795163169503212,0.06709151715040207,0.30399805307388306,0.699394941329956,5.0,-0.004819152411073446,0.06868434697389603,0.3411828577518463,1.1922938823699951,1.0,-0.3269873559474945,0.07957254350185394,0.6802358031272888,0.8552560806274414
1692309309.1764038,"[label: ""height""
size: 3
stride: 15, label: ""width""
size: 5
stride: 5]",0,3.0,-0.06661920994520187,0.06761334836483002,0.29196882247924805,0.19406062364578247,4.0,-0.030151786282658577,0.06651052087545395,0.3035854697227478,0.6845218539237976,5.0,-0.007014130707830191,0.0678931325674057,0.33933743834495544,1.2005380392074585
1692309309.2843516,"[label: ""height""
size: 3
stride: 15, label: ""width""
size: 5
stride: 5]",0,3.0,-0.06860926747322083,0.0686371847987175,0.2922758162021637,0.19010521471500397,4.0,-0.032264988869428635,0.06764344871044159,0.30474355816841125,0.6870874762535095,5.0,-0.009143677540123463,0.06923992931842804,0.34116408228874207,1.1963948011398315
1692309309.3608239,"[label: ""height""
size: 3
stride: 15, label: ""width""
size: 5
stride: 5]",0,3.0,-0.07060252130031586,0.0687052458524704,0.29258790612220764,0.18810099363327026,4.0,-0.03429561108350754,0.06805559247732162,0.3071269690990448,0.6538820862770081,5.0,-0.011110267601907253,0.06929705291986465,0.34147506952285767,1.2018016576766968
1692309309.4584913,"[label: ""height""
size: 3
stride: 15, label: ""width""
size: 5
stride: 5]",0,3.0,-0.07210054993629456,0.06827737390995026,0.2928270101547241,0.18740537762641907,4.0,-0.03581647947430611,0.06808099150657654,0.3072511851787567,0.6589855551719666,5.0,-0.012392237782478333,0.06917723268270493,0.3422520160675049,1.194939136505127
1692309309.5715415,"[label: ""height""
size: 3
stride: 15, label: ""width""
size: 5
stride: 5]",0,3.0,-0.07501626759767532,0.06882641464471817,0.29032057523727417,0.21514514088630676,4.0,-0.03900762274861336,0.06815935671329498,0.3048238754272461,0.6862825155258179,5.0,-0.015983935445547104,0.06984507292509079,0.3414071798324585,1.1902470588684082
1692309309.6641467,"[label: ""height""
size: 3
stride: 15, label: ""width""
size: 5
stride: 5]",0,3.0,-0.07796823233366013,0.0683838501572609,0.2907366454601288,0.22883713245391846,4.0,-0.0416872613132,0.0675598606467247,0.30433687567710876,0.6725231409072876,5.0,-0.01889834739267826,0.06923457980155945,0.3411332070827484,1.1906698942184448
1692309309.753677,"[label: ""height""
size: 3
stride: 15, label: ""width""
size: 5
stride: 5]",0,3.0,-0.07942511141300201,0.06876703351736069,0.2907024323940277,0.19389715790748596,4.0,-0.0432794950902462,0.0679597556591034,0.3050168454647064,0.6725831627845764,5.0,-0.0204544086009264,0.0692765936255455,0.3413618206977844,1.2037062644958496
1692309309.8777812,"[label: ""height""
size: 3
stride: 15, label: ""width""
size: 5
stride: 5]",0,3.0,-0.08072921633720398,0.06972606480121613,0.2933149039745331,0.2075592428445816,4.0,-0.044590216130018234,0.06940469890832901,0.30876651406288147,0.6556629538536072,5.0,-0.02161991409957409,0.07121176272630692,0.34667253494262695,1.181331992149353
1692309309.962661,"[label: ""height""
size: 3
stride: 15, label: ""width""
size: 5
stride: 5]",0,3.0,-0.0804583802819252,0.06860179454088211,0.2921541929244995,0.16124027967453003,4.0,-0.044127557426691055,0.06783802807331085,0.3056846857070923,0.6739565134048462,5.0,-0.02130291238427162,0.0699179545044899,0.3438214659690857,1.193780541419983
1692309310.063501,"[label: ""height""
size: 3
stride: 15, label: ""width""
size: 5
stride: 5]",0,3.0,-0.08126088231801987,0.06996726244688034,0.29475829005241394,0.19625131785869598,4.0,-0.04466616362333298,0.0691610649228096,0.3076021075248718,0.6633979082107544,5.0,-0.02161991409957409,0.07121176272630692,0.34667253494262695,1.181331992149353
1692309310.161975,"[label: ""height""
size: 3
stride: 15, label: ""width""
size: 5
stride: 5]",0,3.0,-0.08235938847064972,0.06869791448116302,0.29554471373558044,0.1650896668434143,4.0,-0.04617716372013092,0.06813429296016693,0.31088146567344666,0.6484428644180298,5.0,-0.02257212996482849,0.06940755993127823,0.3461332321166992,1.1761611700057983
1692309310.2664635,"[label: ""height""
size: 3
stride: 15, label: ""width""
size: 5
stride: 5]",0,3.0,-0.08228345960378647,0.06904708594083786,0.2949660122394562,0.1976439356803894,4.0,-0.046286169439554214,0.06897372007369995,0.31080105900764465,0.6658689379692078,5.0,-0.022588903084397316,0.06999147683382034,0.3441762328147888,1.187978982925415
1692309310.3559916,"[label: ""height""
size: 3
stride: 15, label: ""width""
size: 5
stride: 5]",0,3.0,-0.08235938847064972,0.06869791448116302,0.29554471373558044,0.1650896668434143,4.0,-0.0461103729903698,0.06820647418498993,0.31123000383377075,0.6310487389564514,5.0,-0.02243359014391899,0.06943097710609436,0.34625789523124695,1.1665384769439697
1692309310.4597247,"[label: ""height""
size: 3
stride: 15, label: ""width""
size: 5
stride: 5]",0,3.0,-0.08145982027053833,0.06841906905174255,0.29806989431381226,0.1832919865846634,4.0,-0.04451827332377434,0.06754563003778458,0.30997663736343384,0.6466195583343506,5.0,-0.020932817831635475,0.06932187080383301,0.3471253514289856,1.1691069602966309
1692309310.5644767,"[label: ""height""
size: 3
stride: 15, label: ""width""
size: 5
stride: 5]",0,3.0,-0.08092571794986725,0.0686352476477623,0.2991107404232025,0.14836448431015015,4.0,-0.04403892531991005,0.06782906502485275,0.31188228726387024,0.6331934928894043,5.0,-0.01958911307156086,0.06883489340543747,0.346100389957428,1.1583906412124634
1692309310.682308,"[label: ""height""
size: 3
stride: 15, label: ""width""
size: 5
stride: 5]",0,3.0,-0.08246952295303345,0.06839238107204437,0.30066269636154175,0.13473516702651978,4.0,-0.0450986810028553,0.06745965033769608,0.3112649917602539,0.6262075304985046,5.0,-0.021058442071080208,0.06934233009815216,0.34933698177337646,1.1479384899139404
1692309310.765423,"[label: ""height""
size: 3
stride: 15, label: ""width""
size: 5
stride: 5]",0,3.0,-0.08370300382375717,0.06814206391572952,0.30066338181495667,0.13352924585342407,4.0,-0.04677412658929825,0.06763441860675812,0.31386739015579224,0.6134516000747681,5.0,-0.022118709981441498,0.06823775172233582,0.34593379497528076,1.1480318307876587
1692309310.8694992,"[label: ""height""
size: 3
stride: 15, label: ""width""
size: 5
stride: 5]",0,3.0,-0.08376774936914444,0.06887475401163101,0.30218783020973206,0.12327854335308075,4.0,-0.0464182011783123,0.0676964521408081,0.31244248151779175,0.6395880579948425,5.0,-0.02167835831642151,0.06877514719963074,0.3457702398300171,1.1378681659698486
1692309310.9809427,"[label: ""height""
size: 3
stride: 15, label: ""width""
size: 5
stride: 5]",0,3.0,-0.08370496332645416,0.06723057478666306,0.30259981751441956,0.0559350848197937,4.0,-0.04655309021472931,0.06645318865776062,0.31488028168678284,0.5910812020301819,5.0,-0.02159409411251545,0.06755030155181885,0.34891751408576965,1.131850242614746
1692309311.1131456,"[label: ""height""
size: 3
stride: 15, label: ""width""
size: 5
stride: 5]",0,3.0,-0.08474936336278915,0.06929869204759598,0.3066570460796356,0.13188305497169495,4.0,-0.04714500159025192,0.0680987760424614,0.31714239716529846,0.609192430973053,5.0,-0.022042114287614822,0.06876196712255478,0.349290668964386,1.1231814622879028
1692309311.1842365,"[label: ""height""
size: 3
stride: 15, label: ""width""
size: 5
stride: 5]",0,3.0,-0.08462880551815033,0.06795524805784225,0.30746421217918396,0.09996795654296875,4.0,-0.04704635962843895,0.06709009408950806,0.3172902762889862,0.5913567543029785,5.0,-0.0215695109218359,0.06778694689273834,0.35086971521377563,1.119204044342041
1692309311.2691472,"[label: ""height""
size: 3
stride: 15, label: ""width""
size: 5
stride: 5]",0,3.0,-0.08416997641324997,0.06831057369709015,0.3079651892185211,0.06734630465507507,4.0,-0.04691219702363014,0.06775113940238953,0.31980210542678833,0.5743808746337891,5.0,-0.021068831905722618,0.06830460578203201,0.3520716428756714,1.1155071258544922
1692309311.3624256,"[label: ""height""
size: 3
stride: 15, label: ""width""
size: 5
stride: 5]",0,3.0,-0.08428934961557388,0.06869287043809891,0.30979305505752563,0.06785193085670471,4.0,-0.04702925309538841,0.06796974688768387,0.32134997844696045,0.5423944592475891,5.0,-0.02091328427195549,0.0689130499958992,0.35442396998405457,1.0915992259979248
1692309311.5023978,"[label: ""height""
size: 3
stride: 15, label: ""width""
size: 5
stride: 5]",0,3.0,-0.08460543304681778,0.06755339354276657,0.31136757135391235,0.05286526307463646,4.0,-0.046995773911476135,0.06687449663877487,0.32113155722618103,0.5439180731773376,5.0,-0.020731400698423386,0.06765661388635635,0.353885680437088,1.0823779106140137
1692309311.5759094,"[label: ""height""
size: 3
stride: 15, label: ""width""
size: 5
stride: 5]",0,3.0,-0.08559617400169373,0.06927764415740967,0.31398001313209534,0.02993270941078663,4.0,-0.04702925309538841,0.06796974688768387,0.32134997844696045,0.5423944592475891,5.0,-0.020606225356459618,0.06888867169618607,0.35428422689437866,1.0715864896774292
1692309311.6566353,"[label: ""height""
size: 3
stride: 15, label: ""width""
size: 5
stride: 5]",0,4.0,-0.049118999391794205,0.06734830141067505,0.32460007071495056,0.5241152048110962,5.0,-0.021873198449611664,0.06763281673192978,0.353746235370636,1.0665825605392456,3.0,-0.08817622810602188,0.06889787316322327,0.3186390995979309,0.025284426286816597
1692309311.7504478,"[label: ""height""
size: 3
stride: 15, label: ""width""
size: 5
stride: 5]",0,3.0,-0.09126659482717514,0.06985395401716232,0.3181152939796448,0.04999416694045067,4.0,-0.05236608535051346,0.06860081106424332,0.3249891996383667,0.5330117344856262,5.0,-0.02546033449470997,0.06934532523155212,0.3573293685913086,1.0596985816955566
1692309311.8618784,"[label: ""height""
size: 3
stride: 15, label: ""width""
size: 5
stride: 5]",0,3.0,-0.09416837990283966,0.06909998506307602,0.31915056705474854,0.05919185280799866,4.0,-0.05503660812973976,0.06755433231592178,0.32508382201194763,0.5435085296630859,5.0,-0.028240319341421127,0.06818530708551407,0.35738807916641235,1.0577278137207031
1692309311.9528966,"[label: ""height""
size: 3
stride: 15, label: ""width""
size: 5
stride: 5]",0,3.0,-0.09554491937160492,0.0694584995508194,0.3174113631248474,-0.011887243017554283,4.0,-0.05724950134754181,0.06871545314788818,0.32557108998298645,0.5489059090614319,5.0,-0.02968457341194153,0.06880893558263779,0.35383811593055725,1.0497859716415405
1692309312.0562382,"[label: ""height""
size: 3
stride: 15, label: ""width""
size: 5
stride: 5]",0,3.0,-0.09761824458837509,0.06945788860321045,0.32091963291168213,0.023396503180265427,4.0,-0.058735206723213196,0.06838256865739822,0.328485906124115,0.5109925866127014,5.0,-0.03119160234928131,0.06902363896369934,0.3594527840614319,1.0314357280731201
1692309312.1464221,"[label: ""height""
size: 3
stride: 15, label: ""width""
size: 5
stride: 5]",0,3.0,-0.09753613919019699,0.06930620968341827,0.3188626170158386,0.0007046288228593767,4.0,-0.059390243142843246,0.06861317902803421,0.3269146680831909,0.5048090219497681,5.0,-0.03157031163573265,0.06900756061077118,0.3571203649044037,1.0382893085479736
1692309312.2528296,"[label: ""height""
size: 3
stride: 15, label: ""width""
size: 5
stride: 5]",0,3.0,-0.09728273004293442,0.06868966668844223,0.31838104128837585,-0.02499634213745594,4.0,-0.05936882272362709,0.06805571913719177,0.32680198550224304,0.5057923793792725,5.0,-0.031246108934283257,0.06837362796068192,0.356840580701828,1.0173875093460083
1692309312.3425908,"[label: ""height""
size: 3
stride: 15, label: ""width""
size: 5
stride: 5]",0,3.0,-0.09797924011945724,0.0694810152053833,0.3241555094718933,-0.019042741507291794,4.0,-0.05821811407804489,0.06754295527935028,0.32634708285331726,0.5026656985282898,5.0,-0.03020637482404709,0.06833095103502274,0.3566025495529175,1.025149941444397
1692309312.449162,"[label: ""height""
size: 3
stride: 15, label: ""width""
size: 5
stride: 5]",0,3.0,-0.09699911624193192,0.06996072828769684,0.32390615344047546,-0.044755809009075165,4.0,-0.05829371139407158,0.06937510520219803,0.331257700920105,0.5024316906929016,5.0,-0.029515551403164864,0.06951078027486801,0.35888224840164185,0.9964092969894409
1692309312.5448296,"[label: ""height""
size: 3
stride: 15, label: ""width""
size: 5
stride: 5]",0,3.0,-0.09456834197044373,0.06814560294151306,0.3250943720340729,-0.05705324187874794,4.0,-0.05604073777794838,0.06803150475025177,0.3338192105293274,0.4669940173625946,5.0,-0.027091849595308304,0.06844240427017212,0.361746609210968,0.9830255508422852
1692309312.6383302,"[label: ""height""
size: 3
stride: 15, label: ""width""
size: 5
stride: 5]",0,4.0,-0.05272454395890236,0.0690712258219719,0.3335435092449188,0.4551745057106018,5.0,-0.023825103417038918,0.0702834352850914,0.36594995856285095,0.9849618077278137,3.0,-0.09365605562925339,0.07163970917463303,0.3360508382320404,-0.09470827132463455
1692309312.7533503,"[label: ""height""
size: 3
stride: 15, label: ""width""
size: 5
stride: 5]",0,4.0,-0.04859394580125809,0.06826692819595337,0.33704274892807007,0.4564797580242157,5.0,-0.01901288516819477,0.0690218061208725,0.365590900182724,0.9720277190208435,3.0,-0.0889153704047203,0.07004158943891525,0.3368663787841797,-0.09520149230957031
1692309312.868833,"[label: ""height""
size: 3
stride: 15, label: ""width""
size: 5
stride: 5]",0,4.0,-0.04379613697528839,0.06914430111646652,0.34219828248023987,0.38319119811058044,5.0,-0.01316759642213583,0.06958259642124176,0.3693382740020752,0.946992039680481,3.0,-0.08297478407621384,0.06965945661067963,0.3377557694911957,-0.15642277896404266
1692309312.956772,"[label: ""height""
size: 3
stride: 15, label: ""width""
size: 5
stride: 5]",0,4.0,-0.03695596754550934,0.06935204565525055,0.3437734842300415,0.39024457335472107,5.0,-0.005908152554184198,0.06954695284366608,0.36913037300109863,0.9273719787597656,3.0,-0.07708960026502609,0.07085484266281128,0.3435775637626648,-0.16558398306369781
1692309313.0600073,"[label: ""height""
size: 3
stride: 15, label: ""width""
size: 5
stride: 5]",0,3.0,-0.06899448484182358,0.06838631629943848,0.33834290504455566,-0.1707693189382553,4.0,-0.03045821189880371,0.06845507025718689,0.34501734375953674,0.38238656520843506,5.0,0.00134520314168185,0.06882747262716293,0.370138555765152,0.9054743647575378
1692309313.1477678,"[label: ""height""
size: 3
stride: 15, label: ""width""
size: 5
stride: 5]",0,5.0,0.008163386955857277,0.06825068593025208,0.37031373381614685,0.8978222608566284,3.0,-0.06381288915872574,0.06958240270614624,0.3469214141368866,-0.22361330687999725,4.0,-0.023908400908112526,0.0686725527048111,0.34829744696617126,0.38208258152008057
1692309313.240698,"[label: ""height""
size: 3
stride: 15, label: ""width""
size: 5
stride: 5]",0,3.0,-0.05741617828607559,0.0686424970626831,0.34796142578125,-0.1813480257987976,4.0,-0.01747751794755459,0.06771580874919891,0.3467344045639038,0.28617799282073975,5.0,0.015501718036830425,0.06895315647125244,0.37569767236709595,0.8568499088287354
1692309313.3439198,"[label: ""height""
size: 3
stride: 15, label: ""width""
size: 5
stride: 5]",0,3.0,-0.051602136343717575,0.06892834603786469,0.34798452258110046,-0.2153763324022293,4.0,-0.012132830917835236,0.068742536008358,0.3485822379589081,0.3076746165752411,5.0,0.02099851705133915,0.06869582086801529,0.3693581521511078,0.8332347869873047
1692309313.4407103,"[label: ""height""
size: 3
stride: 15, label: ""width""
size: 5
stride: 5]",0,3.0,-0.04572908952832222,0.0677136704325676,0.3475664556026459,-0.24939583241939545,4.0,-0.006558029912412167,0.06705239415168762,0.34717288613319397,0.2796316146850586,5.0,0.027192343026399612,0.06747563928365707,0.3692927360534668,0.8064427375793457
1692309313.5423357,"[label: ""height""
size: 3
stride: 15, label: ""width""
size: 5
stride: 5]",0,3.0,-0.04251198098063469,0.06752975285053253,0.3503364324569702,-0.2619031071662903,4.0,-0.0029971948824822903,0.06682746112346649,0.34745439887046814,0.2912566661834717,5.0,0.030880320817232132,0.06678657978773117,0.36634695529937744,0.7813921570777893
1692309313.6433504,"[label: ""height""
size: 3
stride: 15, label: ""width""
size: 5
stride: 5]",0,3.0,-0.03936682641506195,0.06725797057151794,0.35041049122810364,-0.26636219024658203,4.0,-6.319564272416756e-05,0.06694888323545456,0.3503640592098236,0.22640734910964966,5.0,0.033991023898124695,0.06671829521656036,0.36594101786613464,0.7856180667877197
1692309313.7384477,"[label: ""height""
size: 3
stride: 15, label: ""width""
size: 5
stride: 5]",0,3.0,-0.03780500590801239,0.0677696019411087,0.3516751825809479,-0.30404147505760193,4.0,0.0016556192422285676,0.06750534474849701,0.3502659797668457,0.22280727326869965,5.0,0.03593197837471962,0.0670139268040657,0.365867018699646,0.7688069939613342
1692309313.854747,"[label: ""height""
size: 3
stride: 15, label: ""width""
size: 5
stride: 5]",0,3.0,-0.037654947489500046,0.06532164663076401,0.3502158522605896,-0.3106462359428406,4.0,0.0017811782890930772,0.06482493877410889,0.3473637104034424,0.21433983743190765,5.0,0.036139216274023056,0.06461712718009949,0.36338257789611816,0.7627407908439636
1692309313.9496078,"[label: ""height""
size: 3
stride: 15, label: ""width""
size: 5
stride: 5]",0,3.0,-0.03890004754066467,0.06745614111423492,0.3499223589897156,-0.2916673421859741,4.0,0.00032696619746275246,0.06702866405248642,0.350178599357605,0.17711761593818665,5.0,0.03531970828771591,0.0671229213476181,0.3689135015010834,0.7415768504142761
1692309314.054356,"[label: ""height""
size: 3
stride: 15, label: ""width""
size: 5
stride: 5]",0,4.0,-0.0013201384572312236,0.06531412899494171,0.34219205379486084,0.21703819930553436,5.0,0.03346503898501396,0.06581167876720428,0.36340194940567017,0.7468621730804443,3.0,-0.04119269177317619,0.06739682704210281,0.3534501791000366,-0.3278203308582306
1692309314.1465495,"[label: ""height""
size: 3
stride: 15, label: ""width""
size: 5
stride: 5]",0,3.0,-0.042781900614500046,0.06570181250572205,0.34751996397972107,-0.31960323452949524,4.0,-0.0035116695798933506,0.06541988998651505,0.3474867641925812,0.18048636615276337,5.0,0.03142184019088745,0.06547126173973083,0.3656395971775055,0.7359409332275391
1692309314.263468,"[label: ""height""
size: 3
stride: 15, label: ""width""
size: 5
stride: 5]",0,3.0,-0.04428352043032646,0.06715667992830276,0.3471168875694275,-0.29933488368988037,4.0,-0.004680711310356855,0.06631822884082794,0.3424927890300751,0.22718669474124908,5.0,0.02972259931266308,0.06694870442152023,0.3630872964859009,0.7456032633781433
1692309314.3403316,"[label: ""height""
size: 3
stride: 15, label: ""width""
size: 5
stride: 5]",0,4.0,-0.006296404637396336,0.06574137508869171,0.340249240398407,0.25578203797340393,5.0,0.028204822912812233,0.06656838953495026,0.36266380548477173,0.7503844499588013,3.0,-0.04637617990374565,0.06768690049648285,0.35121238231658936,-0.2896833121776581
1692309314.444195,"[label: ""height""
size: 3
stride: 15, label: ""width""
size: 5
stride: 5]",0,3.0,-0.04655087739229202,0.0661374032497406,0.34610578417778015,-0.27718549966812134,4.0,-0.006850426085293293,0.06461557000875473,0.34018459916114807,0.2582567036151886,5.0,0.027598539367318153,0.06535139679908752,0.36249178647994995,0.7522920966148376
1692309314.547558,"[label: ""height""
size: 3
stride: 15, label: ""width""
size: 5
stride: 5]",0,3.0,-0.044919200241565704,0.0671505481004715,0.34334203600883484,-0.28013041615486145,4.0,-0.0056209685280919075,0.06664910912513733,0.3401181399822235,0.22802305221557617,5.0,0.02950780838727951,0.06772377341985703,0.36413583159446716,0.7436919808387756
1692309314.653651,"[label: ""height""
size: 3
stride: 15, label: ""width""
size: 5
stride: 5]",0,3.0,-0.042267005890607834,0.06606549024581909,0.33991003036499023,-0.30895814299583435,4.0,-0.0030154231935739517,0.06611311435699463,0.3396323323249817,0.17356562614440918,5.0,0.03166462853550911,0.06629824638366699,0.3580494225025177,0.7295993566513062
1692309314.749135,"[label: ""height""
size: 3
stride: 15, label: ""width""
size: 5
stride: 5]",0,3.0,-0.03818553686141968,0.06546478718519211,0.33814242482185364,-0.32920292019844055,4.0,0.0008758544572629035,0.06548178941011429,0.3392077088356018,0.16976872086524963,5.0,0.03539853170514107,0.06502607464790344,0.35280656814575195,0.7433910965919495
1692309314.852556,"[label: ""height""
size: 3
stride: 15, label: ""width""
size: 5
stride: 5]",0,3.0,-0.034894272685050964,0.06603412330150604,0.33973246812820435,-0.3433912396430969,4.0,0.004307830240577459,0.06548595428466797,0.33610963821411133,0.16273774206638336,5.0,0.03924297168850899,0.0655224621295929,0.35231611132621765,0.7237827777862549
1692309314.957741,"[label: ""height""
size: 3
stride: 15, label: ""width""
size: 5
stride: 5]",0,4.0,0.009301356039941311,0.06414689868688583,0.33126792311668396,0.1995464712381363,3.0,-0.03008732758462429,0.06562012434005737,0.3405362367630005,-0.33164286613464355,5.0,0.045255377888679504,0.06596364080905914,0.3554309010505676,0.7122218012809753
1692309315.0593252,"[label: ""height""
size: 3
stride: 15, label: ""width""
size: 5
stride: 5]",0,4.0,0.014213372953236103,0.06565523892641068,0.33295944333076477,0.14983543753623962,3.0,-0.02487342804670334,0.06628688424825668,0.33755263686180115,-0.3644203543663025,5.0,0.049934837967157364,0.06598562747240067,0.34941670298576355,0.6923820972442627
1692309315.155716,"[label: ""height""
size: 3
stride: 15, label: ""width""
size: 5
stride: 5]",0,4.0,0.019087618216872215,0.06455206871032715,0.32784152030944824,0.1323176920413971,3.0,-0.019534409046173096,0.064509816467762,0.3306291699409485,-0.41661420464515686,5.0,0.05431423708796501,0.06407511979341507,0.34000155329704285,0.6922300457954407
1692309315.258146,"[label: ""height""
size: 3
stride: 15, label: ""width""
size: 5
stride: 5]",0,4.0,0.024005815386772156,0.0638430044054985,0.3293793797492981,0.10425204783678055,3.0,-0.014946640469133854,0.06436314433813095,0.33454906940460205,-0.39026668667793274,5.0,0.06021655723452568,0.06404376029968262,0.34357529878616333,0.6493293642997742
1692309315.3608835,"[label: ""height""
size: 3
stride: 15, label: ""width""
size: 5
stride: 5]",0,4.0,0.028005460277199745,0.06400898844003677,0.3273027539253235,0.09632379561662674,3.0,-0.01101396232843399,0.0638892650604248,0.3307732939720154,-0.42364606261253357,5.0,0.06459174305200577,0.0640493854880333,0.34141305088996887,0.6433936357498169
1692309315.461969,"[label: ""height""
size: 3
stride: 15, label: ""width""
size: 5
stride: 5]",0,4.0,0.031833358108997345,0.06306344270706177,0.3239455223083496,0.09698263555765152,3.0,-0.00715905986726284,0.06300359964370728,0.32772746682167053,-0.418048232793808,5.0,0.067786805331707,0.06271319091320038,0.33572447299957275,0.6380770206451416
1692309315.5529563,"[label: ""height""
size: 3
stride: 15, label: ""width""
size: 5
stride: 5]",0,4.0,0.034940317273139954,0.0634922981262207,0.3210320770740509,0.06529850512742996,3.0,-0.004084262531250715,0.0644257590174675,0.3307309150695801,-0.38769009709358215,5.0,0.07164420187473297,0.06382326781749725,0.33577850461006165,0.6290062665939331
1692309315.670701,"[label: ""height""
size: 3
stride: 15, label: ""width""
size: 5
stride: 5]",0,4.0,0.037551362067461014,0.06454238295555115,0.3209439218044281,0.05922721326351166,3.0,-0.001514625851996243,0.06448942422866821,0.32503706216812134,-0.4144693613052368,5.0,0.07361462712287903,0.06426259130239487,0.3309958279132843,0.634577214717865
1692309315.7695801,"[label: ""height""
size: 3
stride: 15, label: ""width""
size: 5
stride: 5]",0,4.0,0.038625333458185196,0.06233962997794151,0.31213510036468506,0.115989550948143,3.0,-7.094963802956045e-05,0.0626876950263977,0.32046717405319214,-0.4329589605331421,5.0,0.07495365291833878,0.062417082488536835,0.32557904720306396,0.6329991817474365
1692309315.8963146,"[label: ""height""
size: 3
stride: 15, label: ""width""
size: 5
stride: 5]",0,4.0,0.03908079117536545,0.06090981513261795,0.30989718437194824,0.08292020857334137,3.0,0.00046333877253346145,0.06146081164479256,0.3188975155353546,-0.4087572395801544,5.0,0.07597669214010239,0.06131855398416519,0.3253944516181946,0.6310235261917114
1692309315.9634008,"[label: ""height""
size: 3
stride: 15, label: ""width""
size: 5
stride: 5]",0,4.0,0.04059934988617897,0.06244191527366638,0.312181293964386,0.03545300289988518,5.0,0.07715503871440887,0.06280285865068436,0.3247426152229309,0.6296234130859375,3.0,0.0017055439529940486,0.06355179846286774,0.32340049743652344,-0.3599048852920532
1692309316.052333,"[label: ""height""
size: 3
stride: 15, label: ""width""
size: 5
stride: 5]",0,4.0,0.040333397686481476,0.06269745528697968,0.3076174855232239,0.11157605051994324,3.0,0.0014454262563958764,0.062491655349731445,0.31167301535606384,-0.4271504878997803,5.0,0.07586798071861267,0.06242186203598976,0.3181631863117218,0.6466199159622192
1692309316.1644757,"[label: ""height""
size: 3
stride: 15, label: ""width""
size: 5
stride: 5]",0,4.0,0.041269078850746155,0.0617840476334095,0.30543529987335205,0.07902700453996658,3.0,0.00240599294193089,0.0625000149011612,0.31552737951278687,-0.38406217098236084,5.0,0.07847430557012558,0.062488898634910583,0.32249870896339417,0.6317360401153564
1692309316.2861106,"[label: ""height""
size: 3
stride: 15, label: ""width""
size: 5
stride: 5]",0,4.0,0.042119890451431274,0.06209024786949158,0.3034619987010956,0.07743459194898605,3.0,0.0031111191492527723,0.0625656396150589,0.31021830439567566,-0.3908778131008148,5.0,0.07786336541175842,0.06222809478640556,0.3151443302631378,0.6381102800369263
1692309316.383225,"[label: ""height""
size: 3
stride: 15, label: ""width""
size: 5
stride: 5]",0,4.0,0.04342638701200485,0.06377242505550385,0.3013816177845001,0.06624266505241394,3.0,0.004326936788856983,0.06350263208150864,0.30670687556266785,-0.38707780838012695,5.0,0.07950819283723831,0.06390972435474396,0.3139919340610504,0.6461005210876465
1692309316.4880977,"[label: ""height""
size: 3
stride: 15, label: ""width""
size: 5
stride: 5]",0,4.0,0.044588085263967514,0.06423774361610413,0.3008279502391815,0.07636602222919464,3.0,0.00535736046731472,0.06436832249164581,0.307754248380661,-0.37994077801704407,5.0,0.08079268783330917,0.06396950036287308,0.3129851818084717,0.6451262831687927
1692309316.5883982,"[label: ""height""
size: 4
stride: 20, label: ""width""
size: 5
stride: 5]",0,4.0,0.04518011212348938,0.06358300149440765,0.2966226041316986,0.07452388852834702,3.0,0.0061363643035292625,0.06301535665988922,0.2989371418952942,-0.41675543785095215,5.0,0.08190792798995972,0.06391828507184982,0.310879647731781,0.6556476354598999,0.0,-0.10754822939634323,0.07074660062789917,0.7522669434547424,-0.20306286215782166
1692309316.7054865,"[label: ""height""
size: 4
stride: 20, label: ""width""
size: 5
stride: 5]",0,4.0,0.046845562756061554,0.06499452143907547,0.29474520683288574,0.093156598508358,3.0,0.00763219827786088,0.06485225260257721,0.2991020977497101,-0.38496431708335876,5.0,0.0829523429274559,0.06525665521621704,0.307647705078125,0.6494171619415283,0.0,-0.10826569050550461,0.07616075128316879,0.7662283182144165,-0.14585091173648834
1692309316.784325,"[label: ""height""
size: 4
stride: 20, label: ""width""
size: 5
stride: 5]",0,4.0,0.049191445112228394,0.06546466052532196,0.29000648856163025,0.1013508290052414,3.0,0.010071887634694576,0.06506068259477615,0.2933318614959717,-0.4416757822036743,5.0,0.08570197969675064,0.06638238579034805,0.30531740188598633,0.6389711499214172,0.0,-0.10718885809183121,0.0786164179444313,0.7746789455413818,-0.019040875136852264
1692309316.8709688,"[label: ""height""
size: 4
stride: 20, label: ""width""
size: 5
stride: 5]",0,4.0,0.05292262136936188,0.06655628234148026,0.2918930649757385,0.04933827742934227,3.0,0.01359367836266756,0.06581921875476837,0.29347050189971924,-0.3964148163795471,0.0,-0.10077419877052307,0.0784505307674408,0.7642802596092224,-0.10087792575359344,5.0,0.08948425948619843,0.06682020425796509,0.3050062954425812,0.6391630172729492
1692309316.974589,"[label: ""height""
size: 4
stride: 20, label: ""width""
size: 5
stride: 5]",0,4.0,0.05621618032455444,0.06617863476276398,0.2858826518058777,0.09403270483016968,3.0,0.017042990773916245,0.06584979593753815,0.2894131541252136,-0.4299831986427307,5.0,0.09349409490823746,0.06733367592096329,0.3034287989139557,0.6322371959686279,0.0,-0.09485532343387604,0.08062766492366791,0.7671409845352173,-0.07146833091974258
1692309317.0572565,"[label: ""height""
size: 4
stride: 20, label: ""width""
size: 5
stride: 5]",0,0.0,-0.08685964345932007,0.081135094165802,0.7744837403297424,-0.02242957428097725,4.0,0.06179630011320114,0.06681274622678757,0.28665825724601746,0.12148988246917725,3.0,0.02282547764480114,0.06748006492853165,0.29495736956596375,-0.42078137397766113,5.0,0.09884601831436157,0.06761842966079712,0.30194249749183655,0.6465449929237366
1692309317.1706576,"[label: ""height""
size: 4
stride: 20, label: ""width""
size: 5
stride: 5]",0,0.0,-0.07856571674346924,0.08184465020895004,0.7524731159210205,-0.09824829548597336,4.0,0.06644447147846222,0.0684557855129242,0.2855832874774933,0.08698605000972748,3.0,0.02693803980946541,0.06801240146160126,0.2891403138637543,-0.47010478377342224,5.0,0.10420098155736923,0.06936986744403839,0.3020710051059723,0.6430460810661316
1692309317.2883914,"[label: ""height""
size: 4
stride: 20, label: ""width""
size: 5
stride: 5]",0,0.0,-0.07087523490190506,0.07961200922727585,0.7630203366279602,0.001528437715023756,4.0,0.0716669037938118,0.06703891605138779,0.28263264894485474,0.09038546681404114,3.0,0.031962089240550995,0.06656639277935028,0.28647440671920776,-0.4651607573032379,5.0,0.10784436017274857,0.06700006872415543,0.2954184412956238,0.6515438556671143
1692309317.3580105,"[label: ""height""
size: 4
stride: 20, label: ""width""
size: 5
stride: 5]",0,3.0,0.035018473863601685,0.06683144718408585,0.2836499512195587,-0.44678276777267456,0.0,-0.06517055630683899,0.07950307428836823,0.7330575585365295,-0.20356996357440948,4.0,0.07500583678483963,0.0676746815443039,0.2817228138446808,0.08111297339200974,5.0,0.11168194562196732,0.06788334250450134,0.2950136363506317,0.6356882452964783
1692309317.4785316,"[label: ""height""
size: 4
stride: 20, label: ""width""
size: 5
stride: 5]",0,4.0,0.07536118477582932,0.06730327755212784,0.2765580713748932,0.10930685698986053,3.0,0.0362318716943264,0.06707552075386047,0.2812214195728302,-0.4170283377170563,5.0,0.1108691468834877,0.06733734905719757,0.28908681869506836,0.6604644060134888,0.0,-0.0671943798661232,0.08187924325466156,0.7524988055229187,-0.17743994295597076
1692309317.5612266,"[label: ""height""
size: 4
stride: 20, label: ""width""
size: 5
stride: 5]",0,4.0,0.07681180536746979,0.06646686792373657,0.2761995494365692,0.07349114865064621,3.0,0.037141989916563034,0.0657113566994667,0.2777980864048004,-0.42175745964050293,5.0,0.11311350017786026,0.06693082302808762,0.2909163236618042,0.6602594256401062,0.0,-0.06712833046913147,0.07911699265241623,0.7411506772041321,-0.2756612300872803
1692309317.6540256,"[label: ""height""
size: 4
stride: 20, label: ""width""
size: 5
stride: 5]",0,3.0,0.03706711530685425,0.06661854684352875,0.27637365460395813,-0.41279178857803345,0.0,-0.06908652186393738,0.0808381736278534,0.7353200912475586,0.3016457259654999,4.0,0.07737903296947479,0.06808368116617203,0.27733540534973145,0.09793505072593689,5.0,0.11401715874671936,0.06847873330116272,0.2929467260837555,0.6635529398918152
1692309317.7463791,"[label: ""height""
size: 4
stride: 20, label: ""width""
size: 5
stride: 5]",0,3.0,0.03747250512242317,0.0663260892033577,0.2766815721988678,-0.3854154944419861,0.0,-0.07462606579065323,0.08211177587509155,0.7630229592323303,0.0014926920412108302,4.0,0.07678182423114777,0.06647989153862,0.27391499280929565,0.11486214399337769,5.0,0.11316872388124466,0.0673723891377449,0.29075372219085693,0.6676933169364929
1692309317.8494232,"[label: ""height""
size: 4
stride: 20, label: ""width""
size: 5
stride: 5]",0,4.0,0.07524199038743973,0.06626244634389877,0.2722329795360565,0.1608186513185501,3.0,0.036215346306562424,0.06640743464231491,0.2764400243759155,-0.3635796010494232,5.0,0.11252517998218536,0.06758519262075424,0.2921866178512573,0.6827225685119629,0.0,-0.07806723564863205,0.08156011998653412,0.7412831783294678,-0.2643808126449585
1692309317.9436133,"[label: ""height""
size: 4
stride: 20, label: ""width""
size: 5
stride: 5]",0,3.0,0.032769303768873215,0.06728306412696838,0.2758742868900299,-0.34302443265914917,0.0,-0.08877836167812347,0.08435293287038803,0.7526179552078247,-0.16065074503421783,4.0,0.07229697704315186,0.06739639490842819,0.27366748452186584,0.18491001427173615,5.0,0.10725744068622589,0.06752929836511612,0.2889375388622284,0.7130168080329895
1692309318.041946,"[label: ""height""
size: 4
stride: 20, label: ""width""
size: 5
stride: 5]",0,3.0,0.02932947315275669,0.06561791151762009,0.27351486682891846,-0.36298948526382446,0.0,-0.0990854874253273,0.08320099860429764,0.7535191178321838,-0.2049245536327362,4.0,0.06910523772239685,0.06635516881942749,0.27435997128486633,0.1811307668685913,5.0,0.10529828816652298,0.06720009446144104,0.29372984170913696,0.7200219035148621
1692309318.1429474,"[label: ""height""
size: 4
stride: 20, label: ""width""
size: 5
stride: 5]",0,4.0,0.06487182527780533,0.06781918555498123,0.27449655532836914,0.18665355443954468,3.0,0.02592976577579975,0.06852468103170395,0.2783317267894745,-0.29846620559692383,0.0,-0.10972105711698532,0.08680951595306396,0.7525144219398499,-0.14622512459754944,5.0,0.10065937787294388,0.06859836727380753,0.29351893067359924,0.7313727736473083
1692309318.2626994,"[label: ""height""
size: 4
stride: 20, label: ""width""
size: 5
stride: 5]",0,4.0,0.060475319623947144,0.06714154779911041,0.2758670151233673,0.21569442749023438,3.0,0.021468739956617355,0.06803328543901443,0.28021663427352905,-0.353281170129776,5.0,0.09603055566549301,0.06789592653512955,0.29518359899520874,0.7491704225540161,0.0,-0.12173175066709518,0.08396188169717789,0.7410021424293518,-0.22737975418567657
1692309318.3718688,"[label: ""height""
size: 4
stride: 20, label: ""width""
size: 5
stride: 5]",0,3.0,0.015344318002462387,0.06792572140693665,0.2763666808605194,-0.2847232222557068,4.0,0.05472423881292343,0.06780264526605606,0.27580690383911133,0.24086911976337433,5.0,0.08952228724956512,0.06856122612953186,0.29603949189186096,0.764663577079773,0.0,-0.1372678428888321,0.08581560850143433,0.741425096988678,-0.16437599062919617
1692309318.472356,"[label: ""height""
size: 4
stride: 20, label: ""width""
size: 5
stride: 5]",0,0.0,-0.14637069404125214,0.08509625494480133,0.7277335524559021,0.6017073392868042,3.0,0.011091725900769234,0.06839361786842346,0.27775436639785767,-0.29601407051086426,4.0,0.05019397661089897,0.0677417516708374,0.27554067969322205,0.28151917457580566,5.0,0.08475498110055923,0.06862162053585052,0.29633158445358276,0.7917605638504028
1692309318.551269,"[label: ""height""
size: 4
stride: 20, label: ""width""
size: 5
stride: 5]",0,0.0,-0.1611192226409912,0.08339893817901611,0.7283763289451599,-0.19645065069198608,3.0,0.005739073734730482,0.06753098964691162,0.2776137590408325,-0.298936128616333,4.0,0.04492577165365219,0.06677308678627014,0.2762879729270935,0.3163783848285675,5.0,0.07895979285240173,0.06763222068548203,0.2978162169456482,0.8130747079849243
1692309318.6726317,"[label: ""height""
size: 4
stride: 20, label: ""width""
size: 5
stride: 5]",0,3.0,0.0015205146046355367,0.06839288771152496,0.27635085582733154,-0.1873631626367569,0.0,-0.17200008034706116,0.08470755070447922,0.7166056036949158,-0.13787204027175903,4.0,0.0405355729162693,0.06785773485898972,0.2764454185962677,0.3144228160381317,5.0,0.07399781793355942,0.0688604861497879,0.29945051670074463,0.8250697255134583
1692309318.7685912,"[label: ""height""
size: 4
stride: 20, label: ""width""
size: 5
stride: 5]",0,3.0,-0.0017813644371926785,0.06662904471158981,0.27620387077331543,-0.2065323442220688,4.0,0.037309031933546066,0.0663311779499054,0.27773961424827576,0.3132625222206116,5.0,0.06963670253753662,0.06635352969169617,0.29758286476135254,0.8547072410583496,0.0,-0.17984940111637115,0.08092015981674194,0.7140339612960815,-0.0980922058224678
1692309318.8728278,"[label: ""height""
size: 4
stride: 20, label: ""width""
size: 5
stride: 5]",0,3.0,-0.0037709232419729233,0.06768836081027985,0.27395159006118774,-0.18881361186504364,4.0,0.0354066863656044,0.06791869550943375,0.2787310779094696,0.34035179018974304,5.0,0.06721489876508713,0.06845328956842422,0.2998613715171814,0.8740594387054443,0.0,-0.18683943152427673,0.08418328315019608,0.7118515372276306,0.0010517793707549572
1692309318.9709785,"[label: ""height""
size: 4
stride: 20, label: ""width""
size: 5
stride: 5]",0,3.0,-0.004572439007461071,0.06660640239715576,0.2754455804824829,-0.18226781487464905,4.0,0.03432741016149521,0.06618975102901459,0.2781713008880615,0.36122754216194153,5.0,0.06657775491476059,0.06708909571170807,0.3020167350769043,0.8814556002616882,0.0,-0.1925964653491974,0.08231887221336365,0.7244032621383667,0.5197878479957581
1692309319.0654235,"[label: ""height""
size: 4
stride: 20, label: ""width""
size: 5
stride: 5]",0,3.0,-0.005092881619930267,0.06832348555326462,0.2760293781757355,-0.1312023550271988,4.0,0.03377470001578331,0.06796775013208389,0.279319703578949,0.3525141179561615,5.0,0.0654948502779007,0.06860585510730743,0.302168071269989,0.8918339014053345,0.0,-0.1915052980184555,0.084183469414711,0.7118532061576843,0.0010355835547670722
1692309319.1610332,"[label: ""height""
size: 4
stride: 20, label: ""width""
size: 5
stride: 5]",0,3.0,-0.004652760922908783,0.066776804625988,0.27557626366615295,-0.14995034039020538,4.0,0.03444017469882965,0.06733950227499008,0.2820451855659485,0.3492180109024048,5.0,0.065828837454319,0.06759846210479736,0.3037176728248596,0.8894346356391907,0.0,-0.19749855995178223,0.0840679183602333,0.7363734245300293,0.0010500889038667083
1692309319.2606816,"[label: ""height""
size: 4
stride: 20, label: ""width""
size: 5
stride: 5]",0,3.0,-0.004105996806174517,0.06831265985965729,0.2773205637931824,-0.14327454566955566,4.0,0.03477068990468979,0.06821522861719131,0.2818198502063751,0.3636051118373871,5.0,0.06613823771476746,0.06865856051445007,0.30403101444244385,0.9035868048667908,0.0,-0.19037187099456787,0.08325745165348053,0.7140143513679504,-0.09421829134225845
1692309319.373647,"[label: ""height""
size: 4
stride: 20, label: ""width""
size: 5
stride: 5]",0,3.0,-0.004029523115605116,0.06818553060293198,0.27917104959487915,-0.15553024411201477,4.0,0.034851107746362686,0.0672052800655365,0.281432569026947,0.3800301253795624,5.0,0.06603087484836578,0.06768090277910233,0.30412814021110535,0.9115437865257263,0.0,-0.18998275697231293,0.08228907734155655,0.7159425020217896,-0.03733515366911888
1692309319.46177,"[label: ""height""
size: 4
stride: 20, label: ""width""
size: 5
stride: 5]",0,3.0,-0.004559719935059547,0.06737919896841049,0.27721112966537476,-0.14431364834308624,4.0,0.03427945822477341,0.06771824508905411,0.2845019996166229,0.36250317096710205,5.0,0.0654875710606575,0.0683121457695961,0.3080573081970215,0.917152464389801,0.0,-0.19629192352294922,0.08406787365674973,0.7363730072975159,0.0010542997624725103
1692309319.5542784,"[label: ""height""
size: 4
stride: 20, label: ""width""
size: 5
stride: 5]",0,3.0,-0.004473304376006126,0.06828401982784271,0.28063496947288513,-0.1209903284907341,4.0,0.034220024943351746,0.06763841211795807,0.2838168144226074,0.3955654799938202,5.0,0.06516848504543304,0.06837260723114014,0.30835863947868347,0.9255152344703674,0.0,-0.19049149751663208,0.08235543966293335,0.7166824340820312,-0.08448350429534912
1692309319.6528463,"[label: ""height""
size: 4
stride: 20, label: ""width""
size: 5
stride: 5]",0,3.0,-0.005767701659351587,0.06685430556535721,0.2803707718849182,-0.154352605342865,4.0,0.03291082754731178,0.06615867465734482,0.28342676162719727,0.4149138629436493,5.0,0.0636029914021492,0.06680642068386078,0.30810973048210144,0.930238664150238,0.0,-0.1944144070148468,0.08035936206579208,0.7279204726219177,0.561192512512207
1692309319.7413018,"[label: ""height""
size: 4
stride: 20, label: ""width""
size: 5
stride: 5]",0,3.0,-0.006683527957648039,0.06777112931013107,0.2803601622581482,-0.1518581509590149,4.0,0.03173249959945679,0.06759092956781387,0.28647851943969727,0.4137226343154907,5.0,0.061975620687007904,0.06783214956521988,0.30818837881088257,0.9424026608467102,0.0,-0.19447089731693268,0.08198083192110062,0.7215278148651123,0.5917156338691711
1692309319.8590674,"[label: ""height""
size: 4
stride: 20, label: ""width""
size: 5
stride: 5]",0,3.0,-0.00846555270254612,0.06734611093997955,0.28439950942993164,-0.097373828291893,4.0,0.029849158599972725,0.06615983694791794,0.28637319803237915,0.4195684492588043,5.0,0.06063894182443619,0.0669727474451065,0.3124030530452728,0.9503250122070312,0.0,-0.19679446518421173,0.08035777509212494,0.727908194065094,0.5668174624443054
1692309319.9597228,"[label: ""height""
size: 4
stride: 20, label: ""width""
size: 5
stride: 5]",0,3.0,-0.01032944768667221,0.06741249561309814,0.28368526697158813,-0.12177789211273193,4.0,0.02832552045583725,0.06707695126533508,0.28881147503852844,0.42250046133995056,5.0,0.05852140486240387,0.06740082055330276,0.31197425723075867,0.9408852458000183,0.0,-0.20230895280838013,0.08186657726764679,0.7383740544319153,-0.09632516652345657
1692309320.0570304,"[label: ""height""
size: 4
stride: 20, label: ""width""
size: 5
stride: 5]",0,3.0,-0.01285221055150032,0.06764181703329086,0.28550535440444946,-0.12475896626710892,4.0,0.02597092092037201,0.06782504916191101,0.29308831691741943,0.4177018404006958,5.0,0.05640551820397377,0.0681496411561966,0.3166455626487732,0.950227677822113,0.0,-0.19881683588027954,0.07994329929351807,0.7159420847892761,-0.12767750024795532
1692309320.1437075,"[label: ""height""
size: 4
stride: 20, label: ""width""
size: 5
stride: 5]",0,3.0,-0.015904683619737625,0.06685694307088852,0.2887425720691681,-0.07855547964572906,4.0,0.022658616304397583,0.06617939472198486,0.2921021282672882,0.41848358511924744,5.0,0.05281979218125343,0.06691556423902512,0.31690725684165955,0.9595977067947388,0.0,-0.21072131395339966,0.07942778617143631,0.7381800413131714,-0.09417163580656052
1692309320.246219,"[label: ""height""
size: 3
stride: 15, label: ""width""
size: 5
stride: 5]",0,3.0,-0.01967308297753334,0.06775864958763123,0.288535475730896,-0.07643932104110718,4.0,0.018692621961236,0.06715390831232071,0.2937198877334595,0.4196210503578186,5.0,0.0492757223546505,0.06819949299097061,0.32174059748649597,0.9562864303588867
1692309320.3523827,"[label: ""height""
size: 3
stride: 15, label: ""width""
size: 5
stride: 5]",0,3.0,-0.023864183574914932,0.06659261882305145,0.29013580083847046,-0.11805848032236099,4.0,0.015023094601929188,0.0664823055267334,0.2971629798412323,0.4406139552593231,5.0,0.044796355068683624,0.0671519935131073,0.32364827394485474,0.9668105840682983
1692309320.4697068,"[label: ""height""
size: 3
stride: 15, label: ""width""
size: 5
stride: 5]",0,3.0,-0.028763240203261375,0.06751774996519089,0.29221081733703613,-0.06066456064581871,4.0,0.009937398135662079,0.06658423691987991,0.2976643443107605,0.45424965023994446,5.0,0.039512816816568375,0.06717623025178909,0.3237787187099457,0.9816121459007263
1692309320.5449219,"[label: ""height""
size: 3
stride: 15, label: ""width""
size: 5
stride: 5]",0,3.0,-0.03267166018486023,0.06701987236738205,0.2921781539916992,-0.024552255868911743,4.0,0.005701601505279541,0.06691020727157593,0.3000905215740204,0.43622827529907227,5.0,0.035242959856987,0.06789456307888031,0.3285173773765564,0.9879979491233826
1692309320.6667738,"[label: ""height""
size: 3
stride: 15, label: ""width""
size: 5
stride: 5]",0,3.0,-0.03694988042116165,0.06553138047456741,0.2919211685657501,-0.02669520676136017,5.0,0.02980433776974678,0.06499235332012177,0.3234538435935974,1.0185353755950928,4.0,0.0012930288212373853,0.06485168635845184,0.2979710102081299,0.46293094754219055
1692309320.759676,"[label: ""height""
size: 3
stride: 15, label: ""width""
size: 5
stride: 5]",0,3.0,-0.041244570165872574,0.06714877486228943,0.29537877440452576,-0.012716257013380527,4.0,-0.0029015399049967527,0.06658792495727539,0.3025629222393036,0.4779411256313324,5.0,0.025831913575530052,0.06684202700853348,0.3286571502685547,1.0319737195968628
1692309320.8704548,"[label: ""height""
size: 3
stride: 15, label: ""width""
size: 5
stride: 5]",0,3.0,-0.0453692190349102,0.06561072915792465,0.29468923807144165,-0.00963442400097847,4.0,-0.007354808505624533,0.06512505561113358,0.3026845157146454,0.4922775328159332,5.0,0.021264206618070602,0.06580299139022827,0.33083754777908325,1.0339516401290894
1692309320.957907,"[label: ""height""
size: 3
stride: 15, label: ""width""
size: 5
stride: 5]",0,3.0,-0.04974789172410965,0.06575601547956467,0.2949647009372711,0.003909168299287558,4.0,-0.011569811031222343,0.06517410278320312,0.302925169467926,0.5041868090629578,5.0,0.016490362584590912,0.0653751939535141,0.33005163073539734,1.0406572818756104
1692309321.0571256,"[label: ""height""
size: 3
stride: 15, label: ""width""
size: 5
stride: 5]",0,3.0,-0.053521882742643356,0.06548161059617996,0.29639503359794617,-0.00793685857206583,4.0,-0.015301613137125969,0.06474626064300537,0.30327945947647095,0.516412079334259,5.0,0.012861195020377636,0.0657871812582016,0.33421197533607483,1.0444600582122803
1692309321.1575491,"[label: ""height""
size: 3
stride: 15, label: ""width""
size: 5
stride: 5]",0,3.0,-0.05594092980027199,0.06507950276136398,0.29638466238975525,-0.0004922941443510354,4.0,-0.01782248541712761,0.0642806813120842,0.30395254492759705,0.5223291516304016,5.0,0.0101644117385149,0.06532588601112366,0.33528000116348267,1.033645510673523
1692309321.2703028,"[label: ""height""
size: 3
stride: 15, label: ""width""
size: 5
stride: 5]",0,3.0,-0.057096775621175766,0.06501446664333344,0.2965066432952881,-0.03959584981203079,4.0,-0.019334634765982628,0.06520354002714157,0.3078480064868927,0.5025694370269775,5.0,0.008780027739703655,0.06550011038780212,0.3347989618778229,1.0385907888412476
1692309321.3584816,"[label: ""height""
size: 3
stride: 15, label: ""width""
size: 5
stride: 5]",0,3.0,-0.05768242105841637,0.06438858062028885,0.30035021901130676,-0.009207820519804955,4.0,-0.019598882645368576,0.06449256837368011,0.3116101324558258,0.47207266092300415,5.0,0.008853367529809475,0.06428728997707367,0.3377573788166046,1.0334404706954956
1692309321.4560187,"[label: ""height""
size: 3
stride: 15, label: ""width""
size: 5
stride: 5]",0,3.0,-0.05697236210107803,0.06515932083129883,0.3005029857158661,-0.00882203970104456,4.0,-0.018707962706685066,0.06399204581975937,0.30628272891044617,0.5417177081108093,5.0,0.0093513373285532,0.06484813988208771,0.33568528294563293,1.0354201793670654
1692309321.5551121,"[label: ""height""
size: 3
stride: 15, label: ""width""
size: 5
stride: 5]",0,3.0,-0.056531377136707306,0.06481656432151794,0.3033513128757477,-0.022528909146785736,4.0,-0.01846306212246418,0.0647008866071701,0.31401607394218445,0.48668307065963745,5.0,0.010320314206182957,0.06493974477052689,0.3404311537742615,1.0068665742874146
1692309321.6587865,"[label: ""height""
size: 3
stride: 15, label: ""width""
size: 5
stride: 5]",0,3.0,-0.05621536448597908,0.06432286649942398,0.3029308021068573,-0.032559800893068314,4.0,-0.018073763698339462,0.06405235826969147,0.31199708580970764,0.5031088590621948,5.0,0.01062297448515892,0.06486154347658157,0.34151491522789,1.0222722291946411
1692309321.7512648,"[label: ""height""
size: 3
stride: 15, label: ""width""
size: 5
stride: 5]",0,3.0,-0.056499239057302475,0.06522415578365326,0.3071722090244293,-0.03311633691191673,4.0,-0.018187500536441803,0.06522181630134583,0.3177216351032257,0.4583706259727478,5.0,0.010877333581447601,0.06493766605854034,0.34041887521743774,1.0052826404571533
1692309321.858965,"[label: ""height""
size: 3
stride: 15, label: ""width""
size: 5
stride: 5]",0,3.0,-0.05677046999335289,0.06499501317739487,0.30727991461753845,-0.03327556699514389,4.0,-0.018502069637179375,0.06497319042682648,0.3164013922214508,0.44973182678222656,5.0,0.010551849380135536,0.06538344919681549,0.3434549570083618,0.9914788603782654
1692309321.9660294,"[label: ""height""
size: 3
stride: 15, label: ""width""
size: 5
stride: 5]",0,3.0,-0.05739854648709297,0.06544335931539536,0.3100452423095703,-0.023528290912508965,4.0,-0.018693311139941216,0.06461497396230698,0.3154125511646271,0.4619790315628052,5.0,0.010416874662041664,0.06544055789709091,0.3437843322753906,1.000698447227478
1692309322.0609908,"[label: ""height""
size: 3
stride: 15, label: ""width""
size: 5
stride: 5]",0,3.0,-0.05921740084886551,0.06583437323570251,0.3107953369617462,-0.049164313822984695,4.0,-0.02042379043996334,0.06495978683233261,0.3163415491580963,0.4770377278327942,5.0,0.008936180733144283,0.06608904153108597,0.3464181423187256,0.9911941885948181
1692309322.15459,"[label: ""height""
size: 3
stride: 15, label: ""width""
size: 5
stride: 5]",0,3.0,-0.06091425567865372,0.06538645923137665,0.3111725449562073,-0.016696082428097725,4.0,-0.022180801257491112,0.0642576515674591,0.3153657019138336,0.45301198959350586,5.0,0.0067627280950546265,0.06485103815793991,0.3436310589313507,0.9926262497901917
1692309322.2584383,"[label: ""height""
size: 3
stride: 15, label: ""width""
size: 5
stride: 5]",0,3.0,-0.06361814588308334,0.06624079495668411,0.31201303005218506,-1.840056575019844e-05,4.0,-0.02462507039308548,0.06479393690824509,0.3154810070991516,0.4814628064632416,5.0,0.0042270091362297535,0.06534498184919357,0.3432374596595764,1.0006041526794434
1692309322.3597958,"[label: ""height""
size: 3
stride: 15, label: ""width""
size: 5
stride: 5]",0,3.0,-0.06778021901845932,0.06598794460296631,0.31334882974624634,-0.04029771313071251,4.0,-0.02837337739765644,0.06452948600053787,0.31549516320228577,0.4793311655521393,5.0,0.00043617349001578987,0.06559322774410248,0.3452812731266022,0.9987440705299377
1692309322.4619806,"[label: ""height""
size: 3
stride: 15, label: ""width""
size: 5
stride: 5]",0,5.0,-0.004555290564894676,0.06665530800819397,0.34859758615493774,0.9968248605728149,3.0,-0.07315941900014877,0.06697720289230347,0.3149259388446808,-0.04769636318087578,4.0,-0.0332634337246418,0.06543701142072678,0.316682904958725,0.5047679543495178
1692309322.5536847,"[label: ""height""
size: 3
stride: 15, label: ""width""
size: 5
stride: 5]",0,3.0,-0.0777946412563324,0.06673545390367508,0.3114596903324127,-0.0003698896034620702,4.0,-0.03798365220427513,0.06491715461015701,0.31299883127212524,0.5171800851821899,5.0,-0.009542633779346943,0.06595940887928009,0.34353598952293396,1.0212419033050537
1692309322.6547127,"[label: ""height""
size: 3
stride: 15, label: ""width""
size: 5
stride: 5]",0,5.0,-0.015024843625724316,0.06599488109350204,0.34373414516448975,1.0081532001495361,3.0,-0.08340444415807724,0.0669453889131546,0.3112504184246063,-0.05403522029519081,4.0,-0.043359264731407166,0.06474342942237854,0.3121025860309601,0.5270057320594788
1692309322.7506351,"[label: ""height""
size: 3
stride: 15, label: ""width""
size: 5
stride: 5]",0,4.0,-0.04876287281513214,0.0656791403889656,0.3098863363265991,0.5098261833190918,5.0,-0.020578915253281593,0.06659819185733795,0.34035220742225647,1.0229889154434204,3.0,-0.08948921412229538,0.06794356554746628,0.3111356496810913,-0.05208883434534073
1692309322.847767,"[label: ""height""
size: 3
stride: 15, label: ""width""
size: 5
stride: 5]",0,5.0,-0.02627751976251602,0.06597834825515747,0.34213343262672424,0.9966211915016174,3.0,-0.09437087178230286,0.06654861569404602,0.3074958026409149,-0.06010005995631218,4.0,-0.05485333874821663,0.06538078933954239,0.3127504289150238,0.5123369693756104
1692309322.9545684,"[label: ""height""
size: 3
stride: 15, label: ""width""
size: 5
stride: 5]",0,3.0,-0.09932862967252731,0.06773929297924042,0.30431169271469116,-0.009819400496780872,5.0,-0.03154453635215759,0.06767098605632782,0.340121328830719,1.0082054138183594,4.0,-0.05976720154285431,0.06640157103538513,0.3084441125392914,0.5105944275856018
1692309323.067751,"[label: ""height""
size: 3
stride: 15, label: ""width""
size: 5
stride: 5]",0,4.0,-0.06381463259458542,0.06475739926099777,0.3048093914985657,0.47988203167915344,5.0,-0.035456664860248566,0.06534211337566376,0.3339189291000366,1.0071985721588135,3.0,-0.10488633066415787,0.06691525131464005,0.30516448616981506,-0.03942914307117462
1692309323.1559002,"[label: ""height""
size: 3
stride: 15, label: ""width""
size: 5
stride: 5]",0,3.0,-0.10700643807649612,0.06760561466217041,0.3020094335079193,-0.026902249082922935,4.0,-0.06691955029964447,0.06621108949184418,0.30534791946411133,0.49307528138160706,5.0,-0.03862128034234047,0.06698258966207504,0.3353179395198822,0.9933851957321167
1692309323.259184,"[label: ""height""
size: 3
stride: 15, label: ""width""
size: 5
stride: 5]",0,4.0,-0.06849928200244904,0.06547471880912781,0.3019567131996155,0.5118010640144348,5.0,-0.04008542746305466,0.06580068171024323,0.32942068576812744,1.015047311782837,3.0,-0.10997939854860306,0.06811744719743729,0.3037189841270447,-0.03070657327771187
1692309323.3528554,"[label: ""height""
size: 3
stride: 15, label: ""width""
size: 5
stride: 5]",0,3.0,-0.1099836528301239,0.06761312484741211,0.29927533864974976,-0.04985415190458298,4.0,-0.06996255367994308,0.06594312936067581,0.30234387516975403,0.49492132663726807,5.0,-0.04161229729652405,0.06640912592411041,0.32978636026382446,1.0092113018035889
1692309323.4554253,"[label: ""height""
size: 3
stride: 15, label: ""width""
size: 5
stride: 5]",0,3.0,-0.11048069596290588,0.0685977041721344,0.2992944121360779,-0.04950149357318878,4.0,-0.07058044523000717,0.06714202463626862,0.30284401774406433,0.4884836673736572,5.0,-0.04253832623362541,0.06822943687438965,0.33275073766708374,1.0038423538208008
1692309323.5576217,"[label: ""height""
size: 3
stride: 15, label: ""width""
size: 5
stride: 5]",0,3.0,-0.11026326566934586,0.06857874244451523,0.3003537058830261,-0.05625160411000252,4.0,-0.06980450451374054,0.0665537491440773,0.300523966550827,0.4654899537563324,5.0,-0.041450101882219315,0.06745389103889465,0.32959648966789246,0.9992522597312927
1692309323.6572824,"[label: ""height""
size: 3
stride: 15, label: ""width""
size: 5
stride: 5]",0,3.0,-0.10785728693008423,0.06810623407363892,0.2977253794670105,-0.07847436517477036,4.0,-0.0697479173541069,0.06822563707828522,0.30654996633529663,0.4266185760498047,5.0,-0.03986513614654541,0.06800182163715363,0.33098459243774414,0.9795576930046082
1692309323.7647316,"[label: ""height""
size: 3
stride: 15, label: ""width""
size: 5
stride: 5]",0,4.0,-0.06641291081905365,0.06804303079843521,0.30404239892959595,0.45074307918548584,5.0,-0.03771783411502838,0.06983937323093414,0.3358774483203888,0.9580122828483582,3.0,-0.10716759413480759,0.06992830336093903,0.30403459072113037,-0.09660550206899643
1692309323.8473685,"[label: ""height""
size: 3
stride: 15, label: ""width""
size: 5
stride: 5]",0,3.0,-0.10322560369968414,0.0688680037856102,0.3037380874156952,-0.11762567609548569,4.0,-0.06435635685920715,0.06842705607414246,0.30992963910102844,0.3716822564601898,5.0,-0.033833324909210205,0.06867203861474991,0.3355233073234558,0.9466574788093567
1692309323.953098,"[label: ""height""
size: 3
stride: 15, label: ""width""
size: 5
stride: 5]",0,4.0,-0.06019936501979828,0.06812752038240433,0.30816343426704407,0.3698447644710541,5.0,-0.029563477262854576,0.06862558424472809,0.33390024304389954,0.9169188141822815,3.0,-0.10124627500772476,0.06986822187900543,0.30980774760246277,-0.14438606798648834
1692309324.069609,"[label: ""height""
size: 3
stride: 15, label: ""width""
size: 5
stride: 5]",0,5.0,-0.02414892055094242,0.06910809129476547,0.3382703959941864,0.8859116435050964,3.0,-0.0952441543340683,0.06897086650133133,0.30915987491607666,-0.18525950610637665,4.0,-0.056016698479652405,0.0686507374048233,0.3144330382347107,0.3904089033603668
1692309324.1596816,"[label: ""height""
size: 3
stride: 15, label: ""width""
size: 5
stride: 5]",0,3.0,-0.09034030139446259,0.06916116178035736,0.3084202706813812,-0.181060329079628,4.0,-0.05034572631120682,0.06754817813634872,0.3073005676269531,0.3641342222690582,5.0,-0.018748877570033073,0.06840422004461288,0.3335287272930145,0.8724158406257629
1692309324.2762187,"[label: ""height""
size: 3
stride: 15, label: ""width""
size: 5
stride: 5]",0,3.0,-0.08638550341129303,0.0666537657380104,0.30680423974990845,-0.22466816008090973,4.0,-0.04762041196227074,0.06640665233135223,0.3103589117527008,0.28468650579452515,5.0,-0.014927450567483902,0.0667649656534195,0.33353176712989807,0.8388984203338623
1692309324.3708797,"[label: ""height""
size: 3
stride: 15, label: ""width""
size: 5
stride: 5]",0,4.0,-0.0438966378569603,0.06711623072624207,0.3119056522846222,0.2903212010860443,5.0,-0.010680770501494408,0.0672260969877243,0.3330592215061188,0.8162447810173035,3.0,-0.0838022530078888,0.06804019957780838,0.31254133582115173,-0.2697524130344391
1692309324.466778,"[label: ""height""
size: 3
stride: 15, label: ""width""
size: 5
stride: 5]",0,3.0,-0.07955678552389145,0.06680420786142349,0.3109878897666931,-0.2547265887260437,4.0,-0.04001038148999214,0.06602863222360611,0.31022313237190247,0.2476184070110321,5.0,-0.006582330446690321,0.06658967584371567,0.3325585424900055,0.782920241355896
1692309324.5670617,"[label: ""height""
size: 3
stride: 15, label: ""width""
size: 5
stride: 5]",0,3.0,-0.07611861824989319,0.06693041324615479,0.31035760045051575,-0.29251930117607117,4.0,-0.03698772192001343,0.06612963229417801,0.31021609902381897,0.21890409290790558,5.0,-0.0031554242596030235,0.06630650907754898,0.33044949173927307,0.7673037648200989
1692309324.6675537,"[label: ""height""
size: 3
stride: 15, label: ""width""
size: 5
stride: 5]",0,3.0,-0.07394695281982422,0.06446651369333267,0.3107660710811615,-0.3213813304901123,4.0,-0.03489556908607483,0.06400123983621597,0.3097168505191803,0.2212466448545456,5.0,-0.00044035850442014635,0.06366374343633652,0.32730451226234436,0.7471925020217896
1692309324.7535205,"[label: ""height""
size: 3
stride: 15, label: ""width""
size: 5
stride: 5]",0,3.0,-0.07319995760917664,0.06561548262834549,0.31193891167640686,-0.31890538334846497,4.0,-0.033765364438295364,0.06459454447031021,0.30759111046791077,0.22720196843147278,5.0,0.0007640435360372066,0.0646623969078064,0.3268907964229584,0.7334791421890259
1692309324.8408353,"[label: ""height""
size: 3
stride: 15, label: ""width""
size: 5
stride: 5]",0,3.0,-0.07233608514070511,0.06463955342769623,0.31038549542427063,-0.32843196392059326,4.0,-0.0330854170024395,0.06350541114807129,0.30620303750038147,0.25364023447036743,5.0,0.001562778721563518,0.06404639035463333,0.32643845677375793,0.7094467878341675
1692309324.938413,"[label: ""height""
size: 3
stride: 15, label: ""width""
size: 5
stride: 5]",0,3.0,-0.07201696187257767,0.06414233893156052,0.31174829602241516,-0.3338949978351593,4.0,-0.03291374817490578,0.06362035870552063,0.30986469984054565,0.18851375579833984,5.0,0.0024977426510304213,0.06335262954235077,0.3269825875759125,0.6933181881904602
1692309325.0640926,"[label: ""height""
size: 3
stride: 15, label: ""width""
size: 5
stride: 5]",0,3.0,-0.07140275835990906,0.06472402811050415,0.3090290427207947,-0.3488222658634186,4.0,-0.03225160762667656,0.06386975198984146,0.30543050169944763,0.25088727474212646,5.0,0.002609513932839036,0.06342864036560059,0.321987509727478,0.7218142151832581
1692309325.1692553,"[label: ""height""
size: 3
stride: 15, label: ""width""
size: 5
stride: 5]",0,3.0,-0.07118259370326996,0.06423600763082504,0.3109063506126404,-0.3267303705215454,4.0,-0.03178485110402107,0.06341744214296341,0.30615752935409546,0.16475997865200043,5.0,0.003401940455660224,0.0632312148809433,0.32229429483413696,0.7184731364250183
1692309325.2659657,"[label: ""height""
size: 3
stride: 15, label: ""width""
size: 5
stride: 5]",0,3.0,-0.07093838602304459,0.06501176208257675,0.3109535276889801,-0.3260553181171417,4.0,-0.03180310130119324,0.06423921883106232,0.30784156918525696,0.19920943677425385,5.0,0.003548587439581752,0.0637909546494484,0.32444408535957336,0.6984124183654785
1692309325.3696132,"[label: ""height""
size: 3
stride: 15, label: ""width""
size: 5
stride: 5]",0,3.0,-0.06929606944322586,0.06404198706150055,0.30810752511024475,-0.34404852986335754,4.0,-0.030282674357295036,0.06375059485435486,0.30611684918403625,0.15898898243904114,5.0,0.005117673426866531,0.0638190433382988,0.3226206302642822,0.7008338570594788
1692309325.470736,"[label: ""height""
size: 3
stride: 15, label: ""width""
size: 5
stride: 5]",0,3.0,-0.06936275213956833,0.06533470749855042,0.3095618486404419,-0.33714574575424194,4.0,-0.029592249542474747,0.06372961401939392,0.3016905188560486,0.1587517261505127,5.0,0.005567323882132769,0.06324505060911179,0.3170892000198364,0.7184996008872986
1692309325.567028,"[label: ""height""
size: 3
stride: 15, label: ""width""
size: 5
stride: 5]",0,3.0,-0.06763820350170135,0.06464025378227234,0.3068108856678009,-0.36484116315841675,4.0,-0.028590084984898567,0.06401485949754715,0.3031737506389618,0.1919267326593399,5.0,0.006853843107819557,0.0631747618317604,0.3166993260383606,0.6935163140296936
1692309325.6707025,"[label: ""height""
size: 3
stride: 15, label: ""width""
size: 5
stride: 5]",0,3.0,-0.06543110311031342,0.06520426273345947,0.3076241910457611,-0.38014277815818787,4.0,-0.026118364185094833,0.0645078644156456,0.3014245331287384,0.1502525806427002,5.0,0.009274300187826157,0.06504416465759277,0.32024577260017395,0.6743004322052002
1692309325.7676308,"[label: ""height""
size: 3
stride: 15, label: ""width""
size: 5
stride: 5]",0,4.0,-0.0231887586414814,0.06457894295454025,0.30130714178085327,0.10850261151790619,3.0,-0.061960116028785706,0.06495683640241623,0.3059367835521698,-0.4086334705352783,5.0,0.012735455296933651,0.06477442383766174,0.3182554841041565,0.658944308757782
1692309325.855135,"[label: ""height""
size: 3
stride: 15, label: ""width""
size: 5
stride: 5]",0,4.0,-0.02068549208343029,0.06503019481897354,0.30497950315475464,0.14832450449466705,3.0,-0.059343207627534866,0.06501797586679459,0.3092648386955261,-0.4235617220401764,5.0,0.015714427456259727,0.06404252350330353,0.31523364782333374,0.6368448138237
1692309325.9506195,"[label: ""height""
size: 3
stride: 15, label: ""width""
size: 5
stride: 5]",0,4.0,-0.016339967027306557,0.06513760983943939,0.3012881278991699,0.044068120419979095,3.0,-0.05504455789923668,0.06622404605150223,0.31073451042175293,-0.4286437928676605,5.0,0.020332572981715202,0.06559186428785324,0.31705614924430847,0.6057985424995422
1692309326.0510194,"[label: ""height""
size: 3
stride: 15, label: ""width""
size: 5
stride: 5]",0,4.0,-0.011684445664286613,0.06635995209217072,0.30910471081733704,0.06393784284591675,3.0,-0.05039669945836067,0.06644824147224426,0.31415221095085144,-0.48735132813453674,5.0,0.02565852738916874,0.06565771996974945,0.318732351064682,0.6309983730316162
1692309326.151109,"[label: ""height""
size: 3
stride: 15, label: ""width""
size: 5
stride: 5]",0,5.0,0.03232821077108383,0.0650644600391388,0.3164859414100647,0.5614480376243591,4.0,-0.005502594169229269,0.06574846804141998,0.307797908782959,0.016435420140624046,3.0,-0.043923068791627884,0.06594707816839218,0.31371191143989563,-0.5271440148353577
1692309326.251353,"[label: ""height""
size: 3
stride: 15, label: ""width""
size: 5
stride: 5]",0,4.0,0.0006550130201503634,0.06565059721469879,0.30524682998657227,-0.0006369957118295133,3.0,-0.03853321820497513,0.06760658323764801,0.3214877247810364,-0.499522864818573,5.0,0.039057932794094086,0.06670166552066803,0.32189294695854187,0.5598423480987549
1692309326.3626375,"[label: ""height""
size: 3
stride: 15, label: ""width""
size: 5
stride: 5]",0,4.0,0.0052140215411782265,0.06561408191919327,0.3032507002353668,-0.029852118343114853,3.0,-0.03277282044291496,0.06598411500453949,0.3126210868358612,-0.5376632809638977,5.0,0.04307855665683746,0.06566856801509857,0.3137023448944092,0.5191435813903809
1692309326.4710238,"[label: ""height""
size: 3
stride: 15, label: ""width""
size: 5
stride: 5]",0,4.0,0.008762155659496784,0.0640043094754219,0.298871248960495,-0.07966456562280655,3.0,-0.028437934815883636,0.0645056739449501,0.3098262548446655,-0.5617446899414062,5.0,0.04664364457130432,0.06397528946399689,0.30924901366233826,0.4912043809890747
1692309326.5749583,"[label: ""height""
size: 3
stride: 15, label: ""width""
size: 5
stride: 5]",0,4.0,0.010725460946559906,0.06452323496341705,0.29901832342147827,-0.08035645633935928,3.0,-0.02660473994910717,0.06568891555070877,0.31374219059944153,-0.5623310804367065,5.0,0.04852179437875748,0.06432515382766724,0.30666008591651917,0.4975389838218689
1692309326.6658132,"[label: ""height""
size: 3
stride: 15, label: ""width""
size: 5
stride: 5]",0,4.0,0.011190901510417461,0.06472539901733398,0.3007653057575226,-0.04682224616408348,3.0,-0.02640695497393608,0.06524636596441269,0.3128286600112915,-0.5797303318977356,5.0,0.0491698682308197,0.0643298551440239,0.30844712257385254,0.47589483857154846
1692309326.783432,"[label: ""height""
size: 3
stride: 15, label: ""width""
size: 5
stride: 5]",0,4.0,0.011183539405465126,0.06423371285200119,0.29881176352500916,-0.10421974211931229,3.0,-0.025706546381115913,0.06462158262729645,0.31043264269828796,-0.5903214812278748,5.0,0.04959915205836296,0.06425179541110992,0.30803918838500977,0.45254895091056824
1692309326.862866,"[label: ""height""
size: 3
stride: 15, label: ""width""
size: 5
stride: 5]",0,4.0,0.010691467672586441,0.06440627574920654,0.30084824562072754,-0.05729088559746742,3.0,-0.026531457901000977,0.06519567966461182,0.31437867879867554,-0.5731637477874756,5.0,0.04883778095245361,0.06424539536237717,0.3080028295516968,0.454050749540329
1692309326.9685562,"[label: ""height""
size: 3
stride: 15, label: ""width""
size: 5
stride: 5]",0,4.0,0.010203571058809757,0.06471776217222214,0.30072760581970215,-0.04728606343269348,3.0,-0.027010478079319,0.06468618661165237,0.31077179312705994,-0.6080421805381775,5.0,0.04851461574435234,0.06432226300239563,0.3084035813808441,0.44077154994010925
1692309327.0641696,"[label: ""height""
size: 3
stride: 15, label: ""width""
size: 5
stride: 5]",0,4.0,0.0076027545146644115,0.06459643691778183,0.2993854284286499,-0.02857021801173687,3.0,-0.029913723468780518,0.06577985733747482,0.31473785638809204,-0.585807204246521,5.0,0.0453900545835495,0.06419109553098679,0.30595818161964417,0.460382878780365
1692309327.149362,"[label: ""height""
size: 3
stride: 15, label: ""width""
size: 5
stride: 5]",0,4.0,0.005143876187503338,0.06423140317201614,0.29913339018821716,-0.029082072898745537,3.0,-0.032017581164836884,0.06478019058704376,0.31125861406326294,-0.6036040186882019,5.0,0.04350316524505615,0.06419968605041504,0.30776265263557434,0.4429195523262024
1692309327.2584076,"[label: ""height""
size: 3
stride: 15, label: ""width""
size: 5
stride: 5]",0,4.0,0.002781381830573082,0.06487317383289337,0.29982101917266846,-0.06904183328151703,3.0,-0.034395258873701096,0.06521110981702805,0.31085410714149475,-0.6091547608375549,5.0,0.04078630357980728,0.06420116871595383,0.3042627274990082,0.4662149250507355
1692309327.3448713,"[label: ""height""
size: 3
stride: 15, label: ""width""
size: 5
stride: 5]",0,4.0,0.0010322650196030736,0.06300213932991028,0.2958003282546997,-0.08487273007631302,5.0,0.03924911096692085,0.06320109218358994,0.306024432182312,0.4375470280647278,3.0,-0.036347053945064545,0.06473477929830551,0.31466546654701233,-0.5913452506065369
1692309327.4543426,"[label: ""height""
size: 3
stride: 15, label: ""width""
size: 5
stride: 5]",0,4.0,6.449298234656453e-05,0.06396164745092392,0.29575616121292114,-0.08334691822528839,3.0,-0.036706484854221344,0.06473199278116226,0.311013787984848,-0.6237803101539612,5.0,0.038673680275678635,0.06429669260978699,0.3065040111541748,0.42293643951416016
1692309327.535526,"[label: ""height""
size: 3
stride: 15, label: ""width""
size: 5
stride: 5]",0,4.0,0.0010968830902129412,0.06311782449483871,0.29542556405067444,-0.13752616941928864,5.0,0.039632976055145264,0.06362002342939377,0.3050954341888428,0.43987467885017395,3.0,-0.03581913188099861,0.06434597820043564,0.3121854364871979,-0.6236856579780579
1692309327.6567922,"[label: ""height""
size: 3
stride: 15, label: ""width""
size: 5
stride: 5]",0,4.0,0.0038069181609898806,0.06332547962665558,0.2974523901939392,-0.11830031871795654,5.0,0.04287392646074295,0.06365861743688583,0.3070610463619232,0.3934393525123596,3.0,-0.03263764828443527,0.06425589323043823,0.31356149911880493,-0.6283853054046631
1692309327.7511456,"[label: ""height""
size: 3
stride: 15, label: ""width""
size: 5
stride: 5]",0,5.0,0.04819084703922272,0.0623684860765934,0.3002139925956726,0.37611526250839233,4.0,0.009749386459589005,0.06353160738945007,0.2997451722621918,-0.22495390474796295,3.0,-0.026857472956180573,0.06399625539779663,0.3149123191833496,-0.6824653744697571
1692309327.8705328,"[label: ""height""
size: 3
stride: 15, label: ""width""
size: 5
stride: 5]",0,4.0,0.0171071607619524,0.06450200080871582,0.2989022731781006,-0.18358413875102997,5.0,0.056363943964242935,0.06432698667049408,0.304465115070343,0.41569676995277405,3.0,-0.01935548335313797,0.06492014229297638,0.3143675923347473,-0.7057225108146667
1692309327.9423735,"[label: ""height""
size: 3
stride: 15, label: ""width""
size: 5
stride: 5]",0,4.0,0.02555214799940586,0.06265541166067123,0.29730913043022156,-0.2946808636188507,5.0,0.06538990139961243,0.06302996724843979,0.3041354715824127,0.40702930092811584,3.0,-0.010243074968457222,0.0633813664317131,0.3149675130844116,-0.7214888334274292
1692309328.0378838,"[label: ""height""
size: 3
stride: 15, label: ""width""
size: 5
stride: 5]",0,4.0,0.03475091978907585,0.06425749510526657,0.2984517216682434,-0.23776529729366302,5.0,0.07474059611558914,0.06454984098672867,0.3042587637901306,0.3747715651988983,3.0,-0.0012288202997297049,0.06518712639808655,0.31817662715911865,-0.7389939427375793
1692309328.136034,"[label: ""height""
size: 3
stride: 15, label: ""width""
size: 5
stride: 5]",0,4.0,0.042646702378988266,0.06467902660369873,0.2976347804069519,-0.2915010452270508,5.0,0.08257655799388885,0.06475629657506943,0.3010598123073578,0.3497631251811981,3.0,0.007188608404248953,0.06524846702814102,0.3166338801383972,-0.7595157623291016
1692309328.238427,"[label: ""height""
size: 3
stride: 15, label: ""width""
size: 5
stride: 5]",0,4.0,0.05159810557961464,0.06384874880313873,0.2955377399921417,-0.35872822999954224,5.0,0.0925215408205986,0.06424853950738907,0.3009880781173706,0.3206547200679779,3.0,0.01689939573407173,0.06472676992416382,0.3166269361972809,-0.7800341844558716
1692309328.3367658,"[label: ""height""
size: 3
stride: 15, label: ""width""
size: 5
stride: 5]",0,5.0,0.09921904653310776,0.06421085447072983,0.29498666524887085,0.2534984350204468,3.0,0.024964891374111176,0.0648110881447792,0.31389376521110535,-0.7511441707611084,4.0,0.05971835181117058,0.06418704241514206,0.29314321279525757,-0.3349120020866394
1692309328.43721,"[label: ""height""
size: 3
stride: 15, label: ""width""
size: 5
stride: 5]",0,4.0,0.06648848950862885,0.06423719972372055,0.2938895523548126,-0.33824998140335083,5.0,0.1070498526096344,0.06483861804008484,0.2968783676624298,0.28931358456611633,3.0,0.032280582934617996,0.06492602825164795,0.3163723349571228,-0.8231275677680969
1692309328.5397048,"[label: ""height""
size: 3
stride: 15, label: ""width""
size: 5
stride: 5]",0,4.0,0.07354319840669632,0.06330038607120514,0.29005080461502075,-0.3648194372653961,5.0,0.11454643309116364,0.06410563737154007,0.2940063178539276,0.25814417004585266,3.0,0.04021278768777847,0.06425680220127106,0.3137299418449402,-0.8395217061042786
1692309328.642196,"[label: ""height""
size: 3
stride: 15, label: ""width""
size: 5
stride: 5]",0,4.0,0.08186759054660797,0.06360068172216415,0.29124975204467773,-0.33892884850502014,5.0,0.1231813132762909,0.0644000917673111,0.2942518889904022,0.23550239205360413,3.0,0.048832911998033524,0.06444353610277176,0.31714314222335815,-0.8462773561477661
1692309328.7620428,"[label: ""height""
size: 3
stride: 15, label: ""width""
size: 5
stride: 5]",0,5.0,0.12525245547294617,0.06378046423196793,0.28688859939575195,0.20006915926933289,4.0,0.08364549279212952,0.06238562613725662,0.28137868642807007,-0.36853039264678955,3.0,0.0534718781709671,0.06452005356550217,0.3125213086605072,-0.8386515378952026
1692309328.8604212,"[label: ""height""
size: 2
stride: 10, label: ""width""
size: 5
stride: 5]",0,3.0,0.05750933289527893,0.062394626438617706,0.31022408604621887,-0.8535659313201904,4.0,0.08928375691175461,0.06168225780129433,0.284930944442749,-0.3470206558704376
1692309328.970518,"[label: ""height""
size: 2
stride: 10, label: ""width""
size: 5
stride: 5]",0,4.0,0.09122051298618317,0.0624857023358345,0.2840593755245209,-0.34249553084373474,3.0,0.060126952826976776,0.06348882615566254,0.31063613295555115,-0.8615389466285706
1692309329.073344,"[label: ""height""
size: 2
stride: 10, label: ""width""
size: 5
stride: 5]",0,4.0,0.09219777584075928,0.06029899790883064,0.2835710346698761,-0.36687740683555603,3.0,0.061050932854413986,0.06098197400569916,0.3089240789413452,-0.8730422854423523
1692309329.1399198,"[label: ""height""
size: 2
stride: 10, label: ""width""
size: 5
stride: 5]",0,4.0,0.09206004440784454,0.06151200085878372,0.2849992513656616,-0.3892888128757477,3.0,0.0608750581741333,0.06257889419794083,0.3112063705921173,-0.8733484148979187
1692309329.2497518,"[label: ""height""
size: 2
stride: 10, label: ""width""
size: 5
stride: 5]",0,4.0,0.09158840775489807,0.05976032093167305,0.2843745946884155,-0.3107917010784149,3.0,0.0605088472366333,0.06054479628801346,0.3106481432914734,-0.8737848401069641
1692309329.3419876,"[label: ""height""
size: 2
stride: 10, label: ""width""
size: 5
stride: 5]",0,4.0,0.08904822915792465,0.06084166467189789,0.28676724433898926,-0.33884748816490173,3.0,0.056901123374700546,0.06153252720832825,0.311044305562973,-0.8474327921867371
1692309329.4542983,"[label: ""height""
size: 3
stride: 15, label: ""width""
size: 5
stride: 5]",0,5.0,0.12721483409404755,0.06144552305340767,0.291439026594162,0.17746928334236145,4.0,0.08585190027952194,0.06050209328532219,0.28738969564437866,-0.3175220787525177,3.0,0.05379001423716545,0.06140398234128952,0.3136036992073059,-0.822612464427948
1692309329.556141,"[label: ""height""
size: 3
stride: 15, label: ""width""
size: 5
stride: 5]",0,5.0,0.12244334071874619,0.0605824775993824,0.2885483503341675,0.2176370620727539,4.0,0.08192840963602066,0.05952963978052139,0.2848659157752991,-0.3325585126876831,3.0,0.05067197605967522,0.06150207668542862,0.3141379654407501,-0.8199840784072876
1692309329.661415,"[label: ""height""
size: 3
stride: 15, label: ""width""
size: 5
stride: 5]",0,5.0,0.12171775847673416,0.061393965035676956,0.293657511472702,0.21800605952739716,4.0,0.08028142899274826,0.06006321683526039,0.28803545236587524,-0.3047988712787628,3.0,0.04756321758031845,0.061011750251054764,0.3123226463794708,-0.8175734281539917
1692309329.7480776,"[label: ""height""
size: 3
stride: 15, label: ""width""
size: 5
stride: 5]",0,5.0,0.1171516478061676,0.06024259701371193,0.28972262144088745,0.2522866129875183,4.0,0.07757674157619476,0.05968723073601723,0.28728511929512024,-0.2159140408039093,3.0,0.045419324189424515,0.06142657622694969,0.31508880853652954,-0.7959277033805847
1692309329.8585944,"[label: ""height""
size: 3
stride: 15, label: ""width""
size: 5
stride: 5]",0,5.0,0.11698641628026962,0.06098753958940506,0.2962687611579895,0.23665371537208557,4.0,0.07596589624881744,0.059870488941669464,0.290447860956192,-0.30359551310539246,3.0,0.042808011174201965,0.06086612865328789,0.3148370385169983,-0.7876063585281372
1692309329.9530492,"[label: ""height""
size: 3
stride: 15, label: ""width""
size: 5
stride: 5]",0,4.0,0.0729663148522377,0.05960714444518089,0.28981971740722656,-0.28936195373535156,5.0,0.11384706944227219,0.06071005016565323,0.29562434554100037,0.2645948529243469,3.0,0.03998955339193344,0.06070685014128685,0.3139413297176361,-0.769318699836731
1692309330.0618415,"[label: ""height""
size: 3
stride: 15, label: ""width""
size: 5
stride: 5]",0,4.0,0.07224732637405396,0.05954351648688316,0.2911871075630188,-0.28178974986076355,5.0,0.11381302028894424,0.06118161231279373,0.29905232787132263,0.26192036271095276,3.0,0.03873249515891075,0.06023307517170906,0.31417423486709595,-0.7875338792800903
1692309330.15787,"[label: ""height""
size: 3
stride: 15, label: ""width""
size: 5
stride: 5]",0,4.0,0.07105738669633865,0.05900689959526062,0.28964129090309143,-0.2571339011192322,5.0,0.11242632567882538,0.060580093413591385,0.29795923829078674,0.2674103379249573,3.0,0.03812854737043381,0.06028609722852707,0.3144676387310028,-0.7723826169967651
1692309330.2598295,"[label: ""height""
size: 3
stride: 15, label: ""width""
size: 5
stride: 5]",0,5.0,0.11226189136505127,0.06092916056513786,0.2972118556499481,0.25939106941223145,4.0,0.07202419638633728,0.05984760820865631,0.2927967607975006,-0.3079531490802765,3.0,0.03841840475797653,0.06067733094096184,0.31576263904571533,-0.778850793838501
1692309330.3406494,"[label: ""height""
size: 3
stride: 15, label: ""width""
size: 5
stride: 5]",0,5.0,0.11427062749862671,0.06074076518416405,0.2993142008781433,0.24872420728206635,4.0,0.07303415238857269,0.05940907448530197,0.2930111289024353,-0.31098049879074097,3.0,0.039454009383916855,0.05982767790555954,0.3147990107536316,-0.7992508411407471
1692309330.4522913,"[label: ""height""
size: 3
stride: 15, label: ""width""
size: 5
stride: 5]",0,5.0,0.11507772654294968,0.06096682325005531,0.2956787645816803,0.26269763708114624,4.0,0.07460083812475204,0.0596403032541275,0.29122090339660645,-0.32062849402427673,3.0,0.04217615723609924,0.061367154121398926,0.3187127411365509,-0.7783385515213013
1692309330.5576122,"[label: ""height""
size: 3
stride: 15, label: ""width""
size: 5
stride: 5]",0,5.0,0.11725395172834396,0.061027295887470245,0.29600444436073303,0.2477908432483673,4.0,0.07626723498106003,0.05938544124364853,0.2899264395236969,-0.33879464864730835,3.0,0.04407002031803131,0.060801614075899124,0.31645891070365906,-0.784336268901825
1692309330.659736,"[label: ""height""
size: 3
stride: 15, label: ""width""
size: 5
stride: 5]",0,5.0,0.11947175115346909,0.06130058318376541,0.2948879897594452,0.24946336448192596,4.0,0.07882233709096909,0.05999011546373367,0.29059821367263794,-0.34154385328292847,3.0,0.046208348125219345,0.060511812567710876,0.31435149908065796,-0.8144307136535645
1692309330.760515,"[label: ""height""
size: 3
stride: 15, label: ""width""
size: 5
stride: 5]",0,5.0,0.12154408544301987,0.061616525053977966,0.29523900151252747,0.2436084896326065,4.0,0.0806230828166008,0.060099922120571136,0.2896960973739624,-0.3115646541118622,3.0,0.04848808795213699,0.061031002551317215,0.31577157974243164,-0.8157774806022644
1692309330.8728895,"[label: ""height""
size: 3
stride: 15, label: ""width""
size: 5
stride: 5]",0,5.0,0.12235257029533386,0.06177670136094093,0.2948516607284546,0.245897576212883,4.0,0.08190588653087616,0.06062508746981621,0.29141470789909363,-0.34487205743789673,3.0,0.049020785838365555,0.0610080286860466,0.31424397230148315,-0.8016557693481445
1692309330.9629629,"[label: ""height""
size: 3
stride: 15, label: ""width""
size: 5
stride: 5]",0,5.0,0.1227705106139183,0.06262580305337906,0.2988552451133728,0.2266625165939331,4.0,0.08143337070941925,0.06092184782028198,0.2933606207370758,-0.28817400336265564,3.0,0.04844878986477852,0.06144421547651291,0.3171495497226715,-0.7846913933753967
1692309331.059584,"[label: ""height""
size: 3
stride: 15, label: ""width""
size: 5
stride: 5]",0,5.0,0.1209583431482315,0.0628429725766182,0.29827880859375,0.24345120787620544,4.0,0.07989667356014252,0.0613316111266613,0.2930031716823578,-0.2852801978588104,3.0,0.046823542565107346,0.06213093176484108,0.3166894316673279,-0.7823379039764404
1692309331.154699,"[label: ""height""
size: 3
stride: 15, label: ""width""
size: 5
stride: 5]",0,5.0,0.11838946491479874,0.0614943690598011,0.2963864803314209,0.26719778776168823,4.0,0.0778888538479805,0.06002920866012573,0.29125452041625977,-0.263420045375824,3.0,0.045262835919857025,0.06099390611052513,0.31753844022750854,-0.7832276225090027
1692309331.2567563,"[label: ""height""
size: 3
stride: 15, label: ""width""
size: 5
stride: 5]",0,5.0,0.11572398990392685,0.06282991170883179,0.29991668462753296,0.24246928095817566,4.0,0.07498552650213242,0.061422333121299744,0.2939951717853546,-0.2923376262187958,3.0,0.041832126677036285,0.06247182562947273,0.31904223561286926,-0.7645361423492432
1692309331.3653932,"[label: ""height""
size: 3
stride: 15, label: ""width""
size: 5
stride: 5]",0,4.0,0.0700959861278534,0.059979844838380814,0.29096826910972595,-0.2345614731311798,3.0,0.037619881331920624,0.06147840619087219,0.3187577724456787,-0.774070680141449,5.0,0.11288584768772125,0.06281907856464386,0.3034227192401886,0.30102330446243286
1692309331.460118,"[label: ""height""
size: 3
stride: 15, label: ""width""
size: 5
stride: 5]",0,5.0,0.10718031227588654,0.06265357881784439,0.3020601272583008,0.2918277084827423,4.0,0.06656081974506378,0.061234891414642334,0.295970618724823,-0.2562810778617859,3.0,0.03284266218543053,0.06197084113955498,0.3191525340080261,-0.7442320585250854
1692309331.5581849,"[label: ""height""
size: 3
stride: 15, label: ""width""
size: 5
stride: 5]",0,5.0,0.1035899966955185,0.06317179650068283,0.3057138919830322,0.29439935088157654,4.0,0.06274030357599258,0.0614127553999424,0.2969129681587219,-0.27826884388923645,3.0,0.02841595932841301,0.06199640780687332,0.319297194480896,-0.7525262236595154
1692309331.6716826,"[label: ""height""
size: 3
stride: 15, label: ""width""
size: 5
stride: 5]",0,4.0,0.05787719786167145,0.06094324588775635,0.3003408908843994,-0.21008187532424927,5.0,0.09676491469144821,0.062260132282972336,0.3030996024608612,0.31676316261291504,3.0,0.02305976301431656,0.0625271201133728,0.32274022698402405,-0.7310464382171631
1692309331.763721,"[label: ""height""
size: 3
stride: 15, label: ""width""
size: 5
stride: 5]",0,5.0,0.09352685511112213,0.06350098550319672,0.30927178263664246,0.30880042910575867,4.0,0.05248189717531204,0.06111040711402893,0.2970772981643677,-0.2304454892873764,3.0,0.018121274188160896,0.06235415115952492,0.32176390290260315,-0.7063106298446655
1692309331.8719552,"[label: ""height""
size: 3
stride: 15, label: ""width""
size: 5
stride: 5]",0,4.0,0.04761436581611633,0.060550667345523834,0.29665958881378174,-0.1644706279039383,5.0,0.08810689300298691,0.06258846819400787,0.30847010016441345,0.30892279744148254,3.0,0.012903040274977684,0.06227649003267288,0.32275813817977905,-0.6844624876976013
1692309331.9769418,"[label: ""height""
size: 3
stride: 15, label: ""width""
size: 5
stride: 5]",0,5.0,0.08626116812229156,0.06260494142770767,0.30855879187583923,0.3480689823627472,4.0,0.04643111675977707,0.061129819601774216,0.300199031829834,-0.1980654001235962,3.0,0.011099516414105892,0.06119004264473915,0.3171062171459198,-0.7025407552719116
1692309332.0839546,"[label: ""height""
size: 3
stride: 15, label: ""width""
size: 5
stride: 5]",0,4.0,0.04670200124382973,0.061349328607320786,0.30132344365119934,-0.22622041404247284,5.0,0.08612840622663498,0.06217699497938156,0.30764394998550415,0.3402184247970581,3.0,0.011316421441733837,0.062262289226055145,0.32267674803733826,-0.6796963214874268
1692309332.1617155,"[label: ""height""
size: 3
stride: 15, label: ""width""
size: 5
stride: 5]",0,4.0,0.048199284821748734,0.061711154878139496,0.3027747571468353,-0.19489608705043793,5.0,0.0872969999909401,0.06253290176391602,0.30817511677742004,0.3596488833427429,3.0,0.012477601878345013,0.06214052438735962,0.3219926655292511,-0.6740456819534302
1692309332.2643635,"[label: ""height""
size: 3
stride: 15, label: ""width""
size: 5
stride: 5]",0,4.0,0.04956047609448433,0.060948748141527176,0.30004408955574036,-0.24010081589221954,5.0,0.08980579674243927,0.062267936766147614,0.3094817101955414,0.33808633685112,3.0,0.014420178718864918,0.062011606991291046,0.3212701678276062,-0.6706663370132446
1692309332.3540335,"[label: ""height""
size: 3
stride: 15, label: ""width""
size: 5
stride: 5]",0,4.0,0.05395527929067612,0.061034973710775375,0.2992149591445923,-0.2414797842502594,5.0,0.09447120875120163,0.06275197118520737,0.3093540668487549,0.36476022005081177,3.0,0.018687264993786812,0.06151687353849411,0.3180138170719147,-0.6751688718795776
1692309332.459402,"[label: ""height""
size: 3
stride: 15, label: ""width""
size: 5
stride: 5]",0,4.0,0.06114786118268967,0.06307950615882874,0.3083319664001465,-0.26230472326278687,5.0,0.1003831997513771,0.06299033761024475,0.3111571669578552,0.39293378591537476,3.0,0.024293100461363792,0.06259258836507797,0.3215915560722351,-0.7147475481033325
1692309332.553258,"[label: ""height""
size: 3
stride: 15, label: ""width""
size: 5
stride: 5]",0,5.0,0.10575763136148453,0.062116626650094986,0.3086579442024231,0.3589949607849121,3.0,0.029940837994217873,0.0613878071308136,0.31870391964912415,-0.6829063296318054,4.0,0.06640912592411041,0.06209612265229225,0.3058011531829834,-0.2567480206489563
1692309332.6569247,"[label: ""height""
size: 3
stride: 15, label: ""width""
size: 5
stride: 5]",0,4.0,0.070305734872818,0.06163885071873665,0.2979908883571625,-0.26421764492988586,5.0,0.11083177477121353,0.06301264464855194,0.30761978030204773,0.3852638006210327,3.0,0.03565957024693489,0.06261034309864044,0.3196873962879181,-0.6850016117095947
1692309332.7577252,"[label: ""height""
size: 3
stride: 15, label: ""width""
size: 5
stride: 5]",0,4.0,0.07583364099264145,0.06057954952120781,0.2993418872356415,-0.2076682150363922,5.0,0.11593585461378098,0.06157761067152023,0.30713123083114624,0.37756919860839844,3.0,0.04109225794672966,0.06163882836699486,0.32213065028190613,-0.6494576930999756
1692309332.8737323,"[label: ""height""
size: 3
stride: 15, label: ""width""
size: 5
stride: 5]",0,5.0,0.12012764811515808,0.06322959810495377,0.3078862428665161,0.37849605083465576,4.0,0.08176559954881668,0.0633949413895607,0.3063736855983734,-0.20560185611248016,3.0,0.044955894351005554,0.0634482204914093,0.32248181104660034,-0.676068127155304
1692309332.9700246,"[label: ""height""
size: 3
stride: 15, label: ""width""
size: 5
stride: 5]",0,4.0,0.08237452059984207,0.06053031608462334,0.29985904693603516,-0.1851157248020172,5.0,0.12337351590394974,0.061884813010692596,0.3106803894042969,0.37578144669532776,3.0,0.04646838828921318,0.06044359132647514,0.315806120634079,-0.6487006545066833
1692309333.0622904,"[label: ""height""
size: 3
stride: 15, label: ""width""
size: 5
stride: 5]",0,4.0,0.0833483338356018,0.062086187303066254,0.299564927816391,-0.23316176235675812,5.0,0.12311124056577682,0.06332257390022278,0.3083816170692444,0.4104016125202179,3.0,0.04786017909646034,0.06300704926252365,0.31898558139801025,-0.6482999920845032
1692309333.1455956,"[label: ""height""
size: 3
stride: 15, label: ""width""
size: 5
stride: 5]",0,4.0,0.08412668108940125,0.061188407242298126,0.3031013011932373,-0.1969584971666336,5.0,0.12255071848630905,0.06172000989317894,0.3079114854335785,0.42199307680130005,3.0,0.047445740550756454,0.0612480528652668,0.3179059326648712,-0.6226356029510498
1692309333.2587585,"[label: ""height""
size: 3
stride: 15, label: ""width""
size: 5
stride: 5]",0,4.0,0.08156473934650421,0.06267309933900833,0.3017882704734802,-0.16905157268047333,5.0,0.12158828973770142,0.0639333426952362,0.3125820457935333,0.4310647249221802,3.0,0.04533581808209419,0.06319282203912735,0.3186172544956207,-0.6274128556251526
1692309333.3501937,"[label: ""height""
size: 3
stride: 15, label: ""width""
size: 5
stride: 5]",0,4.0,0.0795438215136528,0.06231971085071564,0.30299872159957886,-0.16128294169902802,3.0,0.04311632364988327,0.06316358596086502,0.3212321400642395,-0.5644873976707458,5.0,0.11872769892215729,0.0630047470331192,0.31310608983039856,0.47225916385650635
1692309333.4645007,"[label: ""height""
size: 3
stride: 15, label: ""width""
size: 5
stride: 5]",0,4.0,0.07660574465990067,0.06325175613164902,0.30604568123817444,-0.14121544361114502,5.0,0.11662781238555908,0.06481341272592545,0.3182452917098999,0.4740706980228424,3.0,0.039516497403383255,0.06349442899227142,0.3207220137119293,-0.5391250252723694
1692309333.5531855,"[label: ""height""
size: 3
stride: 15, label: ""width""
size: 5
stride: 5]",0,4.0,0.07297245413064957,0.06403828412294388,0.3097950518131256,-0.14859719574451447,5.0,0.11246153712272644,0.06505776196718216,0.3219892978668213,0.4927932620048523,3.0,0.03535987064242363,0.06446347385644913,0.3236062526702881,-0.5709909796714783
1692309333.669215,"[label: ""height""
size: 3
stride: 15, label: ""width""
size: 5
stride: 5]",0,3.0,0.029269421473145485,0.0642474815249443,0.3218487799167633,-0.5055673718452454,5.0,0.10535484552383423,0.06443851441144943,0.319581538438797,0.5312238931655884,4.0,0.06821031123399734,0.06472224742174149,0.3134317696094513,0.008073139935731888
1692309333.752089,"[label: ""height""
size: 3
stride: 15, label: ""width""
size: 5
stride: 5]",0,4.0,0.06200144812464714,0.06387341767549515,0.31169331073760986,-0.07785503566265106,3.0,0.023468544706702232,0.06343559175729752,0.3183722198009491,-0.5104637742042542,5.0,0.10066252946853638,0.06528347730636597,0.3251506984233856,0.5577914118766785
1692309333.8514328,"[label: ""height""
size: 3
stride: 15, label: ""width""
size: 5
stride: 5]",0,5.0,0.09403971582651138,0.0647694543004036,0.3238603472709656,0.5840492844581604,4.0,0.05671914294362068,0.06433466076850891,0.31134435534477234,0.0678185448050499,3.0,0.01811988838016987,0.06435198336839676,0.32050392031669617,-0.5125723481178284
1692309333.9514148,"[label: ""height""
size: 3
stride: 15, label: ""width""
size: 5
stride: 5]",0,3.0,0.012672868557274342,0.06455802172422409,0.32114094495773315,-0.45202943682670593,4.0,0.05170390009880066,0.06472954899072647,0.3138757646083832,0.12450822442770004,5.0,0.08899445086717606,0.0654892548918724,0.32824668288230896,0.6334653496742249
1692309334.0899425,"[label: ""height""
size: 3
stride: 15, label: ""width""
size: 5
stride: 5]",0,4.0,0.045657865703105927,0.06402618438005447,0.31435734033584595,0.04763241112232208,3.0,0.006806731224060059,0.064386747777462,0.3211403787136078,-0.37432119250297546,5.0,0.08268818259239197,0.06460735946893692,0.32989490032196045,0.6453940868377686
1692309334.1628869,"[label: ""height""
size: 3
stride: 15, label: ""width""
size: 5
stride: 5]",0,4.0,0.03946920484304428,0.06552392244338989,0.31277427077293396,0.11280463635921478,3.0,0.0004741999146062881,0.06542586535215378,0.3173186182975769,-0.3844050467014313,5.0,0.07552081346511841,0.06597461551427841,0.32806190848350525,0.6659368872642517
1692309334.2561429,"[label: ""height""
size: 3
stride: 15, label: ""width""
size: 5
stride: 5]",0,4.0,0.034361306577920914,0.06428632140159607,0.31031158566474915,0.14544829726219177,3.0,-0.004318739753216505,0.065520741045475,0.31918951869010925,-0.3347029983997345,5.0,0.07024554908275604,0.06538514792919159,0.32978299260139465,0.7130827307701111
1692309334.3678331,"[label: ""height""
size: 4
stride: 20, label: ""width""
size: 5
stride: 5]",0,4.0,0.03025023452937603,0.0662279799580574,0.3133297562599182,0.20328445732593536,3.0,-0.008954987861216068,0.06613921374082565,0.31642234325408936,-0.33874037861824036,5.0,0.0652264654636383,0.06656957417726517,0.33034786581993103,0.7431994080543518,0.0,-0.156874880194664,0.08043264597654343,0.8156078457832336,0.32168152928352356
1692309334.4688118,"[label: ""height""
size: 4
stride: 20, label: ""width""
size: 5
stride: 5]",0,4.0,0.026222405955195427,0.06683333218097687,0.31288906931877136,0.18633800745010376,3.0,-0.012700824066996574,0.0672430545091629,0.31677451729774475,-0.30570298433303833,5.0,0.060966603457927704,0.06744081526994705,0.33070454001426697,0.7351373434066772,0.0,-0.15729214251041412,0.077183298766613,0.751284658908844,0.5312371850013733
1692309334.5572383,"[label: ""height""
size: 4
stride: 20, label: ""width""
size: 5
stride: 5]",0,4.0,0.022489385679364204,0.06642181426286697,0.31038418412208557,0.22481976449489594,3.0,-0.016641274094581604,0.06733736395835876,0.3155023157596588,-0.28562432527542114,5.0,0.0571012869477272,0.06735698133707047,0.3302658796310425,0.764620304107666,0.0,-0.16726039350032806,0.07635197043418884,0.7464027404785156,0.5755090713500977
1692309334.66152,"[label: ""height""
size: 4
stride: 20, label: ""width""
size: 5
stride: 5]",0,3.0,-0.018242448568344116,0.06740618497133255,0.31147071719169617,-0.3123949468135834,4.0,0.02097645215690136,0.06784136593341827,0.31240642070770264,0.23376168310642242,5.0,0.05492880195379257,0.06793779134750366,0.3285674452781677,0.772921085357666,0.0,-0.17380446195602417,0.07911159098148346,0.7495093941688538,0.523677408695221
1692309334.7524629,"[label: ""height""
size: 4
stride: 20, label: ""width""
size: 5
stride: 5]",0,4.0,0.019848836585879326,0.06741070747375488,0.3085218071937561,0.24669340252876282,3.0,-0.019260214641690254,0.06791456043720245,0.31146106123924255,-0.30976223945617676,5.0,0.054111480712890625,0.06846185773611069,0.3284884989261627,0.7563092708587646,0.0,-0.17706021666526794,0.07875218987464905,0.7443832755088806,0.05691986158490181
1692309334.8507843,"[label: ""height""
size: 4
stride: 20, label: ""width""
size: 5
stride: 5]",0,3.0,-0.01938403770327568,0.06802227348089218,0.31373947858810425,-0.29311782121658325,4.0,0.019969256594777107,0.06750235706567764,0.3106992542743683,0.22770649194717407,5.0,0.05409643054008484,0.06790582835674286,0.3283957242965698,0.7565460801124573,0.0,-0.1814882904291153,0.08006341010332108,0.7564758658409119,0.05669034272432327
1692309334.9562163,"[label: ""height""
size: 4
stride: 20, label: ""width""
size: 5
stride: 5]",0,4.0,0.021213972941040993,0.06828663498163223,0.31034255027770996,0.2241225391626358,3.0,-0.017903780564665794,0.06895533949136734,0.31497475504875183,-0.2847428321838379,5.0,0.05545276775956154,0.06825219094753265,0.32686638832092285,0.7551764845848083,0.0,-0.17819024622440338,0.07983627170324326,0.7446213364601135,0.42230144143104553
1692309335.0661469,"[label: ""height""
size: 4
stride: 20, label: ""width""
size: 5
stride: 5]",0,3.0,-0.01588289625942707,0.06759641319513321,0.30989882349967957,-0.33112603425979614,4.0,0.02322891727089882,0.06773246824741364,0.31011635065078735,0.2216438502073288,5.0,0.057854063808918,0.06843920797109604,0.3283683955669403,0.7469286322593689,0.0,-0.17554262280464172,0.07857729494571686,0.736539900302887,-0.05328729376196861
1692309335.1708705,"[label: ""height""
size: 4
stride: 20, label: ""width""
size: 5
stride: 5]",0,3.0,-0.013484329916536808,0.0672094002366066,0.31050199270248413,-0.31452012062072754,4.0,0.025525031611323357,0.06741340458393097,0.3102583885192871,0.21893639862537384,5.0,0.060189660638570786,0.06795590370893478,0.32865917682647705,0.7498871684074402,0.0,-0.17775265872478485,0.07933659851551056,0.751830518245697,0.45509105920791626
1692309335.2543528,"[label: ""height""
size: 4
stride: 20, label: ""width""
size: 5
stride: 5]",0,3.0,-0.011584160849452019,0.06750442832708359,0.3111779987812042,-0.29383182525634766,4.0,0.027542155236005783,0.06738259643316269,0.3101058900356293,0.21585097908973694,5.0,0.061880145221948624,0.06789775937795639,0.32835301756858826,0.7555084228515625,0.0,-0.17688246071338654,0.07857906073331833,0.744251012802124,0.4213874936103821
1692309335.3712394,"[label: ""height""
size: 4
stride: 20, label: ""width""
size: 5
stride: 5]",0,3.0,-0.00979718565940857,0.06627586483955383,0.3109135925769806,-0.2990170419216156,4.0,0.029259691014885902,0.06608212739229202,0.3094770014286041,0.21427491307258606,5.0,0.06373291462659836,0.06625784188508987,0.32821837067604065,0.7695636749267578,0.0,-0.17561271786689758,0.07488246262073517,0.72901850938797,0.5166749358177185
1692309335.48982,"[label: ""height""
size: 5
stride: 25, label: ""width""
size: 5
stride: 5]",0,3.0,-0.009153482504189014,0.06611274927854538,0.3113790452480316,-0.27423667907714844,4.0,0.030319727957248688,0.06607863306999207,0.3112167418003082,0.22042316198349,5.0,0.06335392594337463,0.06503359973430634,0.32349151372909546,0.7781073451042175,0.0,-0.18330062925815582,0.07508854568004608,0.7371367812156677,0.5432419776916504,1.0,-0.15411199629306793,0.07520939409732819,0.7630756497383118,1.109998345375061
1692309335.568126,"[label: ""height""
size: 5
stride: 25, label: ""width""
size: 5
stride: 5]",0,3.0,-0.009965370409190655,0.06566846370697021,0.3086770176887512,-0.27699753642082214,4.0,0.029142476618289948,0.06505079567432404,0.30638715624809265,0.26799237728118896,5.0,0.06347997486591339,0.06573712825775146,0.3283163607120514,0.7882802486419678,0.0,-0.18838076293468475,0.07384482026100159,0.7220153212547302,0.6265066862106323,1.0,-0.15963062644004822,0.07369166612625122,0.7508364915847778,1.1349760293960571
1692309335.6541646,"[label: ""height""
size: 5
stride: 25, label: ""width""
size: 5
stride: 5]",0,3.0,-0.012207056395709515,0.06482032686471939,0.3094530701637268,-0.20302392542362213,4.0,0.027118204161524773,0.06443411111831665,0.3093186914920807,0.24489343166351318,5.0,0.0605330727994442,0.06467242538928986,0.32838574051856995,0.8138014674186707,0.0,-0.20081883668899536,0.07238547503948212,0.725248396396637,0.5923387408256531,1.0,-0.1720125675201416,0.07201152294874191,0.7525537014007568,1.1277194023132324
1692309335.7463665,"[label: ""height""
size: 4
stride: 20, label: ""width""
size: 5
stride: 5]",0,3.0,-0.016134433448314667,0.06482773274183273,0.3064638078212738,-0.23161077499389648,4.0,0.023214660584926605,0.06445469707250595,0.3076493442058563,0.26932981610298157,5.0,0.05634381249547005,0.06464923918247223,0.3282606899738312,0.8338696956634521,0.0,-0.2080228477716446,0.07107353955507278,0.7006710767745972,0.7488855123519897
1692309335.8804233,"[label: ""height""
size: 5
stride: 25, label: ""width""
size: 5
stride: 5]",0,3.0,-0.01987500675022602,0.06363864988088608,0.30243876576423645,-0.21304385364055634,4.0,0.01919858157634735,0.06338868290185928,0.305153489112854,0.32379114627838135,5.0,0.05249888077378273,0.06437401473522186,0.33031168580055237,0.8505052924156189,0.0,-0.2215823531150818,0.07100845873355865,0.6999745965003967,0.7049942016601562,1.0,-0.200807586312294,0.07245466113090515,0.7507598400115967,1.153332233428955
1692309335.965974,"[label: ""height""
size: 4
stride: 20, label: ""width""
size: 5
stride: 5]",0,3.0,-0.024368761107325554,0.06340471655130386,0.30160874128341675,-0.18598672747612,4.0,0.014519119635224342,0.062356166541576385,0.3010725975036621,0.3316642940044403,5.0,0.04661756753921509,0.06308499723672867,0.3250527083873749,0.8741627335548401,0.0,-0.23783797025680542,0.06975805014371872,0.6988605260848999,0.6615548133850098
1692309336.0731206,"[label: ""height""
size: 4
stride: 20, label: ""width""
size: 5
stride: 5]",0,3.0,-0.029548123478889465,0.06298369914293289,0.29938945174217224,-0.14462777972221375,4.0,0.009613500908017159,0.06264664232730865,0.3052443563938141,0.3693224787712097,5.0,0.041438523679971695,0.06333191692829132,0.3305552303791046,0.8979781866073608,0.0,-0.25535449385643005,0.07099484652280807,0.6998297572135925,0.7014822959899902
1692309336.1600904,"[label: ""height""
size: 5
stride: 25, label: ""width""
size: 5
stride: 5]",0,3.0,-0.03276984766125679,0.06363193690776825,0.297756165266037,-0.11060392111539841,4.0,0.006190191023051739,0.06304951012134552,0.30169740319252014,0.390019953250885,5.0,0.037040241062641144,0.06334824115037918,0.32511386275291443,0.918544352054596,0.0,-0.26122573018074036,0.07064232230186462,0.6801266074180603,0.7663144469261169,1.0,-0.2371506243944168,0.07076938450336456,0.712209165096283,1.2675328254699707
1692309336.277556,"[label: ""height""
size: 5
stride: 25, label: ""width""
size: 5
stride: 5]",0,4.0,0.0038055276963859797,0.0606808066368103,0.29602569341659546,0.4174688160419464,5.0,0.0344107449054718,0.061307113617658615,0.32417213916778564,0.9359986782073975,0.0,-0.27159368991851807,0.06725046038627625,0.6795602440834045,0.7127413153648376,1.0,-0.25189459323883057,0.06856509298086166,0.7227250337600708,1.232495903968811,3.0,-0.03538505360484123,0.06275144219398499,0.2995116710662842,-0.079104483127594
1692309336.3503945,"[label: ""height""
size: 5
stride: 25, label: ""width""
size: 5
stride: 5]",0,3.0,-0.037829894572496414,0.06259065866470337,0.29356643557548523,-0.09663844108581543,4.0,0.001027819700539112,0.061755646020174026,0.29832136631011963,0.4295898973941803,5.0,0.031060118228197098,0.06190241128206253,0.322494238615036,0.9659678339958191,0.0,-0.2857699394226074,0.07025492936372757,0.6850028038024902,0.18858380615711212,1.0,-0.2598453760147095,0.06959111243486404,0.7120804190635681,1.264266848564148
1692309336.478162,"[label: ""height""
size: 4
stride: 20, label: ""width""
size: 5
stride: 5]",0,3.0,-0.040134381502866745,0.06303202360868454,0.2913207411766052,-0.0636705756187439,4.0,-0.001379969296976924,0.06186513975262642,0.2959445118904114,0.45601141452789307,5.0,0.028543327003717422,0.0628805086016655,0.3254973590373993,0.9771803021430969,0.0,-0.2886272072792053,0.06961442530155182,0.6675457954406738,0.8176495432853699
1692309336.564225,"[label: ""height""
size: 5
stride: 25, label: ""width""
size: 5
stride: 5]",0,3.0,-0.04079657793045044,0.0612235963344574,0.2869516909122467,-0.035753749310970306,4.0,-0.0026102494448423386,0.06114186719059944,0.2972499132156372,0.4508039355278015,5.0,0.02672415040433407,0.06116659939289093,0.32277563214302063,0.9862217903137207,0.0,-0.2921595275402069,0.06682384014129639,0.6588934659957886,0.8294335603713989,1.0,-0.2707526981830597,0.06627372652292252,0.6897536516189575,-0.5912860035896301
1692309336.6540854,"[label: ""height""
size: 5
stride: 25, label: ""width""
size: 5
stride: 5]",0,3.0,-0.04144468158483505,0.06287609040737152,0.2889668047428131,-0.04087162762880325,4.0,-0.0030629050452262163,0.062077950686216354,0.2953376770019531,0.4639280438423157,5.0,0.02579122595489025,0.06228399649262428,0.3211018741130829,1.0084279775619507,0.0,-0.30267447233200073,0.07014590501785278,0.6677204966545105,0.08502811193466187,1.0,-0.27594882249832153,0.0690898448228836,0.6896682977676392,1.327616810798645
1692309336.7598653,"[label: ""height""
size: 5
stride: 25, label: ""width""
size: 5
stride: 5]",0,4.0,-0.00255789328366518,0.060688186436891556,0.29394757747650146,0.4735504686832428,5.0,0.026083556935191154,0.06123456358909607,0.32318076491355896,1.0131055116653442,0.0,-0.3064209818840027,0.06726229935884476,0.6657711267471313,0.7079347968101501,1.0,-0.2854902148246765,0.06696610152721405,0.6999049782752991,1.3053865432739258,3.0,-0.0409739650785923,0.06156746298074722,0.2871045470237732,-0.07121622562408447
1692309336.8810334,"[label: ""height""
size: 5
stride: 25, label: ""width""
size: 5
stride: 5]",0,3.0,-0.038345955312252045,0.06212468072772026,0.28474608063697815,0.0005983367445878685,4.0,-0.0003982596390414983,0.0621890127658844,0.2964117228984833,0.47971194982528687,5.0,0.028082817792892456,0.06251335889101028,0.3250143229961395,1.0220152139663696,0.0,-0.29422202706336975,0.06670696288347244,0.6371239423751831,0.8328990340232849,1.0,-0.28268396854400635,0.06854809075593948,0.6899192929267883,-0.5445815920829773
1692309336.9600704,"[label: ""height""
size: 5
stride: 25, label: ""width""
size: 5
stride: 5]",0,3.0,-0.037195123732089996,0.06232720613479614,0.28495943546295166,0.01314590685069561,4.0,0.000963664788287133,0.061183106154203415,0.28945085406303406,0.5316697955131531,5.0,0.028678642585873604,0.06232571229338646,0.321347713470459,1.0494139194488525,0.0,-0.3053889274597168,0.06899725645780563,0.6537230610847473,0.8148067593574524,1.0,-0.28547853231430054,0.06893759965896606,0.6881297826766968,1.3427882194519043
1692309337.055326,"[label: ""height""
size: 5
stride: 25, label: ""width""
size: 5
stride: 5]",0,3.0,-0.036472346633672714,0.061676811426877975,0.28171464800834656,-0.031074218451976776,4.0,0.00132302928250283,0.060892824083566666,0.29090046882629395,0.5366553068161011,5.0,0.028735876083374023,0.061383992433547974,0.3205562233924866,1.058730125427246,0.0,-0.3075140714645386,0.06800151616334915,0.6469617486000061,0.8569278120994568,1.0,-0.28186699748039246,0.06639538705348969,0.6682446599006653,1.3560221195220947
1692309337.1628776,"[label: ""height""
size: 5
stride: 25, label: ""width""
size: 5
stride: 5]",0,3.0,-0.03557504341006279,0.06287363916635513,0.2814798057079315,0.0239212978631258,4.0,0.0021613026037812233,0.062298085540533066,0.29077526926994324,0.5473407506942749,5.0,0.02942345105111599,0.06320149451494217,0.32247239351272583,1.0711804628372192,0.0,-0.3100701570510864,0.06963786482810974,0.640211284160614,0.8261209726333618,1.0,-0.29142653942108154,0.0699065774679184,0.6784205436706543,1.2984131574630737
1692309337.249511,"[label: ""height""
size: 5
stride: 25, label: ""width""
size: 5
stride: 5]",0,3.0,-0.036191172897815704,0.06250041723251343,0.28009113669395447,0.035227954387664795,4.0,0.0013360407901927829,0.06225774437189102,0.2905762195587158,0.5643987655639648,5.0,0.028087764978408813,0.06300590932369232,0.3208155930042267,1.084710717201233,0.0,-0.3184308111667633,0.06858395040035248,0.6401646137237549,0.8498127460479736,1.0,-0.2953762412071228,0.06808407604694366,0.6687451601028442,-0.47837382555007935
1692309337.3505287,"[label: ""height""
size: 4
stride: 20, label: ""width""
size: 5
stride: 5]",0,3.0,-0.03748050704598427,0.06314752250909805,0.2780666947364807,0.07319707423448563,4.0,-7.767367787891999e-05,0.06268557161092758,0.2887212336063385,0.5779876708984375,5.0,0.026375368237495422,0.06353100389242172,0.32081466913223267,1.0978503227233887,1.0,-0.3039318323135376,0.07081562280654907,0.668667197227478,1.320190191268921
1692309337.4574685,"[label: ""height""
size: 4
stride: 20, label: ""width""
size: 5
stride: 5]",0,3.0,-0.037977706640958786,0.06334160268306732,0.27601733803749084,0.08821183443069458,4.0,-0.000880312523804605,0.06258343905210495,0.2855054438114166,0.5861729383468628,5.0,0.0251030120998621,0.06363806128501892,0.31809917092323303,1.1207096576690674,1.0,-0.3023301064968109,0.06923851370811462,0.648797869682312,1.3563493490219116
1692309337.5537262,"[label: ""height""
size: 3
stride: 15, label: ""width""
size: 5
stride: 5]",0,4.0,-0.004590160213410854,0.0625302791595459,0.2848796844482422,0.6272154450416565,5.0,0.02094055525958538,0.06365230679512024,0.3181796073913574,1.1332485675811768,3.0,-0.04208337515592575,0.06440917402505875,0.278307169675827,0.06496012210845947
1692309337.6607294,"[label: ""height""
size: 3
stride: 15, label: ""width""
size: 5
stride: 5]",0,4.0,-0.00938151590526104,0.06425580382347107,0.2852797210216522,0.6293317079544067,5.0,0.015481224283576012,0.06530699878931046,0.31866735219955444,1.1650800704956055,3.0,-0.04665037989616394,0.06542732566595078,0.27630406618118286,0.16124579310417175
1692309337.7521174,"[label: ""height""
size: 3
stride: 15, label: ""width""
size: 5
stride: 5]",0,3.0,-0.05059359222650528,0.06309422105550766,0.2682068347930908,0.21462522447109222,4.0,-0.014595338143408298,0.06283802539110184,0.2825641334056854,0.6404396891593933,5.0,0.009277578443288803,0.06358372420072556,0.3159291744232178,1.179443359375
1692309337.8624618,"[label: ""height""
size: 3
stride: 15, label: ""width""
size: 5
stride: 5]",0,4.0,-0.020560801029205322,0.06480956077575684,0.28209981322288513,0.6658294796943665,5.0,0.0027010326739400625,0.0659555122256279,0.3180405795574188,1.1899007558822632,3.0,-0.057124387472867966,0.06577456742525101,0.27030205726623535,0.17681904137134552
1692309337.941745,"[label: ""height""
size: 3
stride: 15, label: ""width""
size: 5
stride: 5]",0,3.0,-0.06103409081697464,0.06373300403356552,0.26122981309890747,0.21300096809864044,4.0,-0.025464553385972977,0.06321533024311066,0.2756381928920746,0.6992956399917603,5.0,-0.0031872016843408346,0.06411530822515488,0.3092118501663208,1.2192771434783936
1692309338.068825,"[label: ""height""
size: 3
stride: 15, label: ""width""
size: 5
stride: 5]",0,4.0,-0.03021477907896042,0.06414812803268433,0.2767789363861084,0.7016034722328186,5.0,-0.008104383945465088,0.06649500131607056,0.3181416690349579,1.2157752513885498,3.0,-0.06692159920930862,0.06533682346343994,0.26483017206192017,0.17104992270469666
1692309338.165527,"[label: ""height""
size: 3
stride: 15, label: ""width""
size: 5
stride: 5]",0,4.0,-0.03576573729515076,0.06435789912939072,0.2743319869041443,0.7170417308807373,5.0,-0.014168411493301392,0.06572499126195908,0.3114509880542755,1.2364789247512817,3.0,-0.07283922284841537,0.06647787243127823,0.2652626931667328,0.22013582289218903
1692309338.2663622,"[label: ""height""
size: 3
stride: 15, label: ""width""
size: 5
stride: 5]",0,4.0,-0.041522152721881866,0.06440368294715881,0.2745357155799866,0.7051811218261719,5.0,-0.019791260361671448,0.06523383408784866,0.30975914001464844,1.2493135929107666,3.0,-0.07757735252380371,0.06536306440830231,0.2596225142478943,0.19937266409397125
1692309338.3625627,"[label: ""height""
size: 3
stride: 15, label: ""width""
size: 5
stride: 5]",0,5.0,-0.025549260899424553,0.06515525281429291,0.3058684766292572,1.2739523649215698,3.0,-0.08261410146951675,0.06558720767498016,0.2572426497936249,0.23364926874637604,4.0,-0.046818479895591736,0.06450074911117554,0.272199422121048,0.7560312747955322
1692309338.455644,"[label: ""height""
size: 3
stride: 15, label: ""width""
size: 5
stride: 5]",0,5.0,-0.03089755028486252,0.06469568610191345,0.30314114689826965,1.2892847061157227,3.0,-0.08794102072715759,0.06577877700328827,0.2565016448497772,0.2343885898590088,4.0,-0.05181187763810158,0.06441650539636612,0.2704452872276306,0.7658116221427917
1692309338.5534654,"[label: ""height""
size: 3
stride: 15, label: ""width""
size: 5
stride: 5]",0,4.0,-0.05510028079152107,0.06347019970417023,0.26513004302978516,0.7724858522415161,5.0,-0.0359528511762619,0.06523869931697845,0.3050917685031891,1.2805709838867188,3.0,-0.09196396172046661,0.0654742419719696,0.2540515065193176,0.2509284019470215
1692309338.6599572,"[label: ""height""
size: 3
stride: 15, label: ""width""
size: 5
stride: 5]",0,5.0,-0.03955167531967163,0.0649578869342804,0.30207493901252747,1.2989214658737183,3.0,-0.09530351310968399,0.06566775590181351,0.25191736221313477,0.25720131397247314,4.0,-0.05916289985179901,0.06386533379554749,0.26536813378334045,0.7802563309669495
1692309338.7558854,"[label: ""height""
size: 3
stride: 15, label: ""width""
size: 5
stride: 5]",0,4.0,-0.06212996691465378,0.06379249691963196,0.26371854543685913,0.7708053588867188,5.0,-0.04252415522933006,0.06421796977519989,0.2986653447151184,1.3151929378509521,3.0,-0.0979265347123146,0.06526651978492737,0.24964047968387604,0.2461327761411667
1692309338.864338,"[label: ""height""
size: 3
stride: 15, label: ""width""
size: 5
stride: 5]",0,3.0,-0.09859102964401245,0.0641012117266655,0.24591948091983795,0.23219703137874603,4.0,-0.06378897279500961,0.06340286880731583,0.2625780999660492,0.7654982805252075,5.0,-0.04497513547539711,0.0647178515791893,0.3003992438316345,1.3054810762405396
1692309338.9601722,"[label: ""height""
size: 3
stride: 15, label: ""width""
size: 5
stride: 5]",0,3.0,-0.0986941009759903,0.06455762684345245,0.24563664197921753,0.21983210742473602,4.0,-0.06410947442054749,0.06402793526649475,0.26344385743141174,0.7726889252662659,5.0,-0.04469762742519379,0.06491250544786453,0.3001859784126282,1.3051663637161255
1692309339.0651622,"[label: ""height""
size: 3
stride: 15, label: ""width""
size: 5
stride: 5]",0,3.0,-0.09688559919595718,0.06288892030715942,0.24587398767471313,0.21347755193710327,4.0,-0.06200425326824188,0.062149930745363235,0.262745201587677,0.7663944363594055,5.0,-0.04252514988183975,0.06326036155223846,0.3004662096500397,1.2967772483825684
1692309339.1630504,"[label: ""height""
size: 3
stride: 15, label: ""width""
size: 5
stride: 5]",0,3.0,-0.09484567493200302,0.0642242357134819,0.2476949840784073,0.22965741157531738,4.0,-0.060307711362838745,0.06402182579040527,0.26604828238487244,0.7449434399604797,5.0,-0.039963237941265106,0.06480655074119568,0.3025154769420624,1.2764085531234741
1692309339.2407553,"[label: ""height""
size: 3
stride: 15, label: ""width""
size: 5
stride: 5]",0,4.0,-0.05573517084121704,0.06300964951515198,0.2649936378002167,0.7293969988822937,5.0,-0.03513380512595177,0.06430315226316452,0.30247506499290466,1.267613410949707,3.0,-0.09251690655946732,0.0646669790148735,0.25330159068107605,0.17351067066192627
1692309339.361721,"[label: ""height""
size: 3
stride: 15, label: ""width""
size: 5
stride: 5]",0,3.0,-0.08730749785900116,0.06247071921825409,0.25038135051727295,0.1988002359867096,4.0,-0.05204632133245468,0.06188375502824783,0.2665555775165558,0.7119705677032471,5.0,-0.03063708357512951,0.06274616718292236,0.3021036982536316,1.2529364824295044
1692309339.4586496,"[label: ""height""
size: 3
stride: 15, label: ""width""
size: 5
stride: 5]",0,4.0,-0.048683587461709976,0.0639972984790802,0.27191027998924255,0.681328296661377,5.0,-0.026511691510677338,0.06464436650276184,0.3058149814605713,1.2313265800476074,3.0,-0.08489934355020523,0.06464739888906479,0.2567637264728546,0.13190577924251556
1692309339.5517077,"[label: ""height""
size: 3
stride: 15, label: ""width""
size: 5
stride: 5]",0,3.0,-0.08056671917438507,0.06423269212245941,0.25777992606163025,0.15251150727272034,4.0,-0.04422324150800705,0.06353875994682312,0.27184805274009705,0.6856027841567993,5.0,-0.02158830501139164,0.06427285820245743,0.3069969415664673,1.2134650945663452
1692309339.6511364,"[label: ""height""
size: 3
stride: 15, label: ""width""
size: 5
stride: 5]",0,3.0,-0.07510529458522797,0.06296028941869736,0.257459819316864,0.13680197298526764,4.0,-0.03956509381532669,0.0631985142827034,0.2740979492664337,0.6630260348320007,5.0,-0.01657460257411003,0.06415963172912598,0.30943939089775085,1.2003189325332642
1692309339.7514365,"[label: ""height""
size: 3
stride: 15, label: ""width""
size: 5
stride: 5]",0,4.0,-0.0352584570646286,0.06439513713121414,0.2779024541378021,0.6285616159439087,5.0,-0.011507382616400719,0.0646689161658287,0.30944767594337463,1.1836215257644653,3.0,-0.07240797579288483,0.06506731361150742,0.26550525426864624,0.09142052382230759
1692309339.8705742,"[label: ""height""
size: 3
stride: 15, label: ""width""
size: 5
stride: 5]",0,5.0,-0.005867361556738615,0.06460912525653839,0.3122052848339081,1.168681025505066,3.0,-0.06712592393159866,0.06463050842285156,0.266834557056427,0.05977462977170944,4.0,-0.030084816738963127,0.0641934797167778,0.2805815637111664,0.666545033454895
1692309339.9615667,"[label: ""height""
size: 3
stride: 15, label: ""width""
size: 5
stride: 5]",0,3.0,-0.06110784411430359,0.06385750323534012,0.2653796970844269,0.15021757781505585,4.0,-0.024829590693116188,0.06372399628162384,0.2793741822242737,0.6125461459159851,5.0,-0.0002520908019505441,0.06539129465818405,0.3159469664096832,1.1457996368408203
1692309340.0595737,"[label: ""height""
size: 3
stride: 15, label: ""width""
size: 5
stride: 5]",0,3.0,-0.058617182075977325,0.06444113701581955,0.26999109983444214,0.07379312068223953,4.0,-0.02128462865948677,0.06401566416025162,0.2822626531124115,0.6202020049095154,5.0,0.0036171728279441595,0.06485745310783386,0.3158622682094574,1.149865984916687
1692309340.1600292,"[label: ""height""
size: 3
stride: 15, label: ""width""
size: 5
stride: 5]",0,3.0,-0.05577000603079796,0.06474350392818451,0.2700023949146271,0.1449051946401596,4.0,-0.018917998299002647,0.06387191265821457,0.2815757989883423,0.6398377418518066,5.0,0.005809337366372347,0.06536313146352768,0.3157978355884552,1.151029109954834
1692309340.2567797,"[label: ""height""
size: 3
stride: 15, label: ""width""
size: 5
stride: 5]",0,3.0,-0.05472581088542938,0.06344261765480042,0.26877331733703613,0.16081294417381287,4.0,-0.018382545560598373,0.06322386115789413,0.2821974456310272,0.6455409526824951,5.0,0.0057969894260168076,0.06430910527706146,0.31570056080818176,1.1671909093856812
1692309340.3596125,"[label: ""height""
size: 3
stride: 15, label: ""width""
size: 5
stride: 5]",0,3.0,-0.0550808385014534,0.06468980014324188,0.27120086550712585,0.18864396214485168,4.0,-0.0187253225594759,0.064537413418293,0.2855638265609741,0.6647726893424988,5.0,0.004921901971101761,0.06535984575748444,0.31895560026168823,1.1893898248672485
1692309340.460685,"[label: ""height""
size: 3
stride: 15, label: ""width""
size: 5
stride: 5]",0,3.0,-0.05516708642244339,0.06429241597652435,0.2720378041267395,0.16577504575252533,4.0,-0.01896822825074196,0.06364792585372925,0.28579574823379517,0.687712550163269,5.0,0.0038793236017227173,0.06496256589889526,0.3201778829097748,1.2077293395996094
1692309340.5748773,"[label: ""height""
size: 3
stride: 15, label: ""width""
size: 5
stride: 5]",0,3.0,-0.0559108592569828,0.06401675939559937,0.27118971943855286,0.2387416958808899,4.0,-0.02029477059841156,0.06367485970258713,0.2863890826702118,0.7021675109863281,5.0,0.0020486994180828333,0.06545519083738327,0.3232549726963043,1.2255563735961914
1692309340.6862931,"[label: ""height""
size: 3
stride: 15, label: ""width""
size: 5
stride: 5]",0,3.0,-0.05750006064772606,0.0634024366736412,0.26974403858184814,0.2268969714641571,4.0,-0.022574452683329582,0.06334870308637619,0.28709492087364197,0.7183281183242798,5.0,-0.0007458401960320771,0.06503938138484955,0.3258097469806671,1.2392902374267578
1692309340.7720175,"[label: ""height""
size: 3
stride: 15, label: ""width""
size: 5
stride: 5]",0,3.0,-0.05916602164506912,0.06371762603521347,0.2718644142150879,0.24121138453483582,4.0,-0.024137817323207855,0.06381399184465408,0.2902218699455261,0.7202863693237305,5.0,-0.002463320503011346,0.06438427418470383,0.3231968581676483,1.2555644512176514
1692309340.8759189,"[label: ""height""
size: 3
stride: 15, label: ""width""
size: 5
stride: 5]",0,3.0,-0.061519935727119446,0.06420837342739105,0.2730749547481537,0.2743212580680847,4.0,-0.026465438306331635,0.06397601217031479,0.2910231947898865,0.7362778186798096,5.0,-0.005331876687705517,0.0650792270898819,0.3280197083950043,1.267433762550354
1692309340.963765,"[label: ""height""
size: 3
stride: 15, label: ""width""
size: 5
stride: 5]",0,3.0,-0.061529796570539474,0.06336378306150436,0.27156129479408264,0.25463351607322693,4.0,-0.02733745239675045,0.06398505717515945,0.2926824986934662,0.7530726194381714,5.0,-0.006689172238111496,0.06509257853031158,0.32809606194496155,1.287524938583374
1692309341.0717268,"[label: ""height""
size: 3
stride: 15, label: ""width""
size: 5
stride: 5]",0,3.0,-0.06160851567983627,0.06367628276348114,0.27344098687171936,0.26906052231788635,4.0,-0.027331089600920677,0.06414727121591568,0.295112669467926,0.7646830081939697,5.0,-0.006721912417560816,0.06472621113061905,0.3296288251876831,1.2865710258483887
1692309341.1615174,"[label: ""height""
size: 3
stride: 15, label: ""width""
size: 5
stride: 5]",0,3.0,-0.06151847168803215,0.06397373974323273,0.27317461371421814,0.29613441228866577,4.0,-0.02761095017194748,0.06406037509441376,0.2930620312690735,0.774352490901947,5.0,-0.007754873018711805,0.06579899787902832,0.3330145478248596,1.2940471172332764
1692309341.262622,"[label: ""height""
size: 3
stride: 15, label: ""width""
size: 5
stride: 5]",0,3.0,-0.06120030954480171,0.06314676254987717,0.27662691473960876,0.2696559727191925,4.0,-0.026796480640769005,0.06309276074171066,0.2958534061908722,0.768682599067688,5.0,-0.006906428374350071,0.06391887366771698,0.3310438096523285,1.3091366291046143
1692309341.3577619,"[label: ""height""
size: 3
stride: 15, label: ""width""
size: 5
stride: 5]",0,3.0,-0.05928483605384827,0.0640953779220581,0.27615785598754883,0.27040231227874756,4.0,-0.02546904981136322,0.0642441138625145,0.2972538471221924,0.780246913433075,5.0,-0.005423656199127436,0.06502783298492432,0.33117586374282837,1.312321662902832
1692309341.46571,"[label: ""height""
size: 3
stride: 15, label: ""width""
size: 5
stride: 5]",0,3.0,-0.05789612606167793,0.06353142112493515,0.2792397141456604,0.26957792043685913,4.0,-0.02391209825873375,0.06426358968019485,0.301895409822464,0.7543799877166748,5.0,-0.003711308818310499,0.06515558063983917,0.33599501848220825,1.295111894607544
1692309341.554508,"[label: ""height""
size: 3
stride: 15, label: ""width""
size: 5
stride: 5]",0,3.0,-0.05597922205924988,0.0629829540848732,0.27880528569221497,0.26873791217803955,4.0,-0.02216733805835247,0.06372685730457306,0.3016767203807831,0.7487191557884216,5.0,-0.001912553678266704,0.06398610770702362,0.333482563495636,1.2996771335601807
1692309341.6631722,"[label: ""height""
size: 3
stride: 15, label: ""width""
size: 5
stride: 5]",0,3.0,-0.05436191335320473,0.06335176527500153,0.2820689082145691,0.2398833930492401,4.0,-0.01995159685611725,0.06325080245733261,0.30177557468414307,0.762597382068634,5.0,0.00040491283289156854,0.06468383222818375,0.33854299783706665,1.2969443798065186
1692309341.763978,"[label: ""height""
size: 3
stride: 15, label: ""width""
size: 5
stride: 5]",0,3.0,-0.05192071571946144,0.06407385319471359,0.28412574529647827,0.2865616977214813,4.0,-0.017484894022345543,0.06430238485336304,0.3038076162338257,0.7573586106300354,5.0,0.0031784805469214916,0.06525268405675888,0.3386215269565582,1.2886433601379395
1692309341.8599017,"[label: ""height""
size: 3
stride: 15, label: ""width""
size: 5
stride: 5]",0,3.0,-0.050704143941402435,0.0626026839017868,0.2848735451698303,0.24287761747837067,4.0,-0.016196204349398613,0.06272464245557785,0.30514273047447205,0.735001266002655,5.0,0.004869621712714434,0.06354715675115585,0.3405815660953522,1.2826753854751587
1692309341.957812,"[label: ""height""
size: 3
stride: 15, label: ""width""
size: 5
stride: 5]",0,3.0,-0.050193291157484055,0.06316988915205002,0.2846532166004181,0.2470659762620926,4.0,-0.016225509345531464,0.06417413055896759,0.3078934848308563,0.7346128225326538,5.0,0.004910481162369251,0.06538046151399612,0.34362465143203735,1.279975175857544
1692309342.0710957,"[label: ""height""
size: 3
stride: 15, label: ""width""
size: 5
stride: 5]",0,3.0,-0.05175217613577843,0.06341105699539185,0.28625231981277466,0.2617308497428894,4.0,-0.017643123865127563,0.06377624720335007,0.3084585666656494,0.7483739852905273,5.0,0.0035134723875671625,0.06421313434839249,0.343382328748703,1.2676844596862793
1692309342.1583178,"[label: ""height""
size: 3
stride: 15, label: ""width""
size: 5
stride: 5]",0,3.0,-0.05357794091105461,0.06327676773071289,0.2890421152114868,0.24922268092632294,4.0,-0.018844278529286385,0.06309787184000015,0.3075433671474457,0.75630122423172,5.0,0.001960156252607703,0.06420134752988815,0.3433125913143158,1.2805757522583008
1692309342.2820544,"[label: ""height""
size: 3
stride: 15, label: ""width""
size: 5
stride: 5]",0,3.0,-0.056541699916124344,0.06387871503829956,0.2896709442138672,0.2503204047679901,4.0,-0.021854644641280174,0.06379967927932739,0.30910900235176086,0.749583899974823,5.0,-0.0009866678155958652,0.06421994417905807,0.3434242010116577,1.280700445175171
1692309342.361938,"[label: ""height""
size: 3
stride: 15, label: ""width""
size: 5
stride: 5]",0,3.0,-0.059514906257390976,0.06344941258430481,0.2868817448616028,0.2510795295238495,4.0,-0.02554737776517868,0.06367872655391693,0.3079432249069214,0.7440266609191895,5.0,-0.00511125149205327,0.06528067588806152,0.3467986285686493,1.2806018590927124
1692309342.4737756,"[label: ""height""
size: 3
stride: 15, label: ""width""
size: 5
stride: 5]",0,4.0,-0.029189476743340492,0.06380423158407211,0.30913394689559937,0.75229811668396,5.0,-0.00884445384144783,0.06418521702289581,0.34321996569633484,1.2870700359344482,3.0,-0.06385116279125214,0.06415457278490067,0.2907521724700928,0.296671599149704
1692309342.5668557,"[label: ""height""
size: 3
stride: 15, label: ""width""
size: 5
stride: 5]",0,3.0,-0.06694427877664566,0.06340287625789642,0.28627198934555054,0.3129829466342926,4.0,-0.03300083801150322,0.06374749541282654,0.30705517530441284,0.7746994495391846,5.0,-0.01278574950993061,0.06477311253547668,0.34336891770362854,1.2983893156051636
1692309342.6686132,"[label: ""height""
size: 3
stride: 15, label: ""width""
size: 5
stride: 5]",0,3.0,-0.07135646790266037,0.06315303593873978,0.2891765236854553,0.25952619314193726,4.0,-0.03702186048030853,0.0632886067032814,0.3090868294239044,0.7573098540306091,5.0,-0.01641828566789627,0.06360957026481628,0.3431425988674164,1.2926455736160278
1692309342.767226,"[label: ""height""
size: 3
stride: 15, label: ""width""
size: 5
stride: 5]",0,3.0,-0.07466655224561691,0.06347540766000748,0.2865959405899048,0.2952907681465149,4.0,-0.0400894396007061,0.06269746273756027,0.30376213788986206,0.7704572081565857,5.0,-0.020220085978507996,0.06421124935150146,0.3433727025985718,1.295086145401001
1692309342.901843,"[label: ""height""
size: 3
stride: 15, label: ""width""
size: 5
stride: 5]",0,3.0,-0.07798091322183609,0.06203693524003029,0.28415754437446594,0.29597505927085876,4.0,-0.044059816747903824,0.06211424991488457,0.3045661449432373,0.7700424790382385,5.0,-0.024292582646012306,0.06364954262971878,0.34338220953941345,1.2987349033355713
1692309342.990503,"[label: ""height""
size: 3
stride: 15, label: ""width""
size: 5
stride: 5]",0,3.0,-0.08078712970018387,0.06297636032104492,0.2855512797832489,0.3293328583240509,4.0,-0.04651377350091934,0.06271830946207047,0.30511853098869324,0.7648170590400696,5.0,-0.026486016809940338,0.0636158436536789,0.3409522771835327,1.2993741035461426
1692309343.0705664,"[label: ""height""
size: 3
stride: 15, label: ""width""
size: 5
stride: 5]",0,3.0,-0.08350519090890884,0.0631263479590416,0.28668755292892456,0.2857213616371155,4.0,-0.04903337359428406,0.06274737417697906,0.3052746653556824,0.773874044418335,5.0,-0.02906961552798748,0.06422880291938782,0.3434789776802063,1.2957431077957153
1692309343.1635847,"[label: ""height""
size: 3
stride: 15, label: ""width""
size: 5
stride: 5]",0,3.0,-0.08523426949977875,0.06221260875463486,0.28276675939559937,0.29934996366500854,4.0,-0.05174146592617035,0.06270308047533035,0.305037260055542,0.7610452771186829,5.0,-0.031240971758961678,0.06295808404684067,0.3381805419921875,1.3009800910949707
1692309343.2741883,"[label: ""height""
size: 3
stride: 15, label: ""width""
size: 5
stride: 5]",0,3.0,-0.08846554160118103,0.0632220059633255,0.28447669744491577,0.269614040851593,4.0,-0.05428338795900345,0.06312040984630585,0.30460935831069946,0.7613616585731506,5.0,-0.03467234969139099,0.06477342545986176,0.3433704972267151,1.2954591512680054
1692309343.3637908,"[label: ""height""
size: 3
stride: 15, label: ""width""
size: 5
stride: 5]",0,3.0,-0.09075610339641571,0.06187715753912926,0.2840648591518402,0.2912554442882538,4.0,-0.05666694790124893,0.06201331317424774,0.30402499437332153,0.747987687587738,5.0,-0.036692894995212555,0.06283879280090332,0.34126016497612,1.3041584491729736
1692309343.4698591,"[label: ""height""
size: 3
stride: 15, label: ""width""
size: 5
stride: 5]",0,3.0,-0.09436167031526566,0.06373005360364914,0.28622984886169434,0.31065863370895386,4.0,-0.05911016836762428,0.062950998544693,0.30198121070861816,0.7823361754417419,5.0,-0.04020249471068382,0.0645485520362854,0.3414466977119446,1.3055435419082642
1692309343.5641966,"[label: ""height""
size: 3
stride: 15, label: ""width""
size: 5
stride: 5]",0,3.0,-0.09683398902416229,0.06217273697257042,0.285517156124115,0.29269543290138245,4.0,-0.06256555765867233,0.062181711196899414,0.3049314618110657,0.7927625775337219,5.0,-0.04334314167499542,0.06303929537534714,0.3430965542793274,1.3049614429473877
1692309343.665506,"[label: ""height""
size: 3
stride: 15, label: ""width""
size: 5
stride: 5]",0,3.0,-0.09750398993492126,0.06375584006309509,0.28633737564086914,0.2575543522834778,4.0,-0.06310002505779266,0.06333938986063004,0.3045240640640259,0.8095951080322266,5.0,-0.044393375515937805,0.06480550765991211,0.3435603380203247,1.3157378435134888
1692309343.8599296,"[label: ""height""
size: 3
stride: 15, label: ""width""
size: 5
stride: 5]",0,4.0,-0.06087882071733475,0.06273625046014786,0.30830782651901245,0.7787326574325562,5.0,-0.04197966679930687,0.06413283944129944,0.34673750400543213,1.3205043077468872,3.0,-0.09623809903860092,0.06377402693033218,0.2923240661621094,0.22497950494289398
1692309343.8677967,"[label: ""height""
size: 2
stride: 10, label: ""width""
size: 5
stride: 5]",0,4.0,-0.05635037645697594,0.06278570741415024,0.31041422486305237,0.7881124019622803,3.0,-0.09224401414394379,0.06398940086364746,0.296703040599823,0.20211249589920044
1692309343.9662697,"[label: ""height""
size: 3
stride: 15, label: ""width""
size: 5
stride: 5]",0,4.0,-0.051863301545381546,0.06405024230480194,0.3154204189777374,0.7692620754241943,5.0,-0.032065290957689285,0.06530927121639252,0.353066086769104,1.2986959218978882,3.0,-0.08758022636175156,0.06477643549442291,0.2998853623867035,0.21038083732128143
1692309344.0666766,"[label: ""height""
size: 3
stride: 15, label: ""width""
size: 5
stride: 5]",0,3.0,-0.08028994500637054,0.06312768161296844,0.2964859902858734,0.30498388409614563,4.0,-0.04638858884572983,0.06391862779855728,0.31849196553230286,0.7589503526687622,5.0,-0.025996722280979156,0.06471224874258041,0.35295575857162476,1.2989399433135986
1692309344.1496546,"[label: ""height""
size: 2
stride: 10, label: ""width""
size: 5
stride: 5]",0,3.0,-0.07496926933526993,0.06256740540266037,0.29784446954727173,0.2648414075374603,4.0,-0.04147510975599289,0.063552126288414,0.32072457671165466,0.7554867267608643
1692309344.2644231,"[label: ""height""
size: 3
stride: 15, label: ""width""
size: 5
stride: 5]",0,3.0,-0.07047920674085617,0.06319669634103775,0.30285218358039856,0.19747313857078552,4.0,-0.0356680266559124,0.06356460601091385,0.3227561116218567,0.7742342948913574,5.0,-0.015094438567757607,0.06493987143039703,0.36139824986457825,1.2760611772537231
1692309344.355592,"[label: ""height""
size: 2
stride: 10, label: ""width""
size: 5
stride: 5]",0,3.0,-0.06499317288398743,0.06400502473115921,0.30713045597076416,0.2693161368370056,4.0,-0.029944755136966705,0.06388597190380096,0.32497626543045044,0.7312963008880615
1692309344.4641259,"[label: ""height""
size: 3
stride: 15, label: ""width""
size: 5
stride: 5]",0,3.0,-0.05967290326952934,0.062470369040966034,0.30645751953125,0.17359887063503265,4.0,-0.024901365861296654,0.06303571164608002,0.32678136229515076,0.7450381517410278,5.0,-0.0040440913289785385,0.06437838822603226,0.3640604317188263,1.270421028137207
1692309344.5850155,"[label: ""height""
size: 3
stride: 15, label: ""width""
size: 5
stride: 5]",0,3.0,-0.05345917493104935,0.0623791478574276,0.3086419403553009,0.24367190897464752,4.0,-0.018770519644021988,0.06285495311021805,0.3292781710624695,0.7262460589408875,5.0,0.002205012133345008,0.0637652799487114,0.3639567792415619,1.2712221145629883
1692309344.6598992,"[label: ""height""
size: 2
stride: 10, label: ""width""
size: 5
stride: 5]",0,3.0,-0.04732464998960495,0.062586210668087,0.30808356404304504,0.22256959974765778,4.0,-0.013095129281282425,0.06304537504911423,0.32888367772102356,0.7354011535644531
1692309344.7573054,"[label: ""height""
size: 3
stride: 15, label: ""width""
size: 5
stride: 5]",0,3.0,-0.04395917057991028,0.06198139488697052,0.31112805008888245,0.23940128087997437,4.0,-0.009155643172562122,0.062432680279016495,0.3320711851119995,0.7345682978630066,5.0,0.012036416679620743,0.062975212931633,0.36452919244766235,1.2781609296798706
1692309344.8604136,"[label: ""height""
size: 3
stride: 15, label: ""width""
size: 5
stride: 5]",0,3.0,-0.0408489815890789,0.06273872405290604,0.3130146563053131,0.29083046317100525,4.0,-0.006314805708825588,0.06307140737771988,0.3326205015182495,0.7356394529342651,5.0,0.014874950982630253,0.0636061355471611,0.36474156379699707,1.2789313793182373
1692309345.0228808,"[label: ""height""
size: 3
stride: 15, label: ""width""
size: 5
stride: 5]",0,3.0,-0.038125209510326385,0.0627865269780159,0.3124035894870758,0.24210894107818604,4.0,-0.003451480297371745,0.06300515681505203,0.33223605155944824,0.7400499582290649,5.0,0.017548268660902977,0.06427519023418427,0.36771291494369507,1.2796324491500854
1692309345.0726025,"[label: ""height""
size: 3
stride: 15, label: ""width""
size: 5
stride: 5]",0,3.0,-0.03747556731104851,0.06215733289718628,0.31072068214416504,0.30860471725463867,4.0,-0.0031642087269574404,0.06253217160701752,0.33114758133888245,0.7654654383659363,5.0,0.017383547499775887,0.06364603340625763,0.3675427734851837,1.2890675067901611
1692309345.142713,"[label: ""height""
size: 3
stride: 15, label: ""width""
size: 5
stride: 5]",0,3.0,-0.04044601321220398,0.06364025920629501,0.31364354491233826,0.25957825779914856,4.0,-0.0060349139384925365,0.06357966363430023,0.33241742849349976,0.7815588116645813,5.0,0.014148138463497162,0.06564940512180328,0.373786062002182,1.3032323122024536
1692309345.25721,"[label: ""height""
size: 3
stride: 15, label: ""width""
size: 5
stride: 5]",0,3.0,-0.04204104468226433,0.06319565325975418,0.30869635939598083,0.2971808910369873,4.0,-0.008873592130839825,0.06374085694551468,0.3318576514720917,0.8032477498054504,5.0,0.010596307925879955,0.06488492339849472,0.3677593767642975,1.332969069480896
1692309345.3640542,"[label: ""height""
size: 2
stride: 10, label: ""width""
size: 5
stride: 5]",0,3.0,-0.04530198872089386,0.06438370794057846,0.3095914125442505,0.3334246575832367,4.0,-0.01214432343840599,0.06488664448261261,0.3321847915649414,0.8124184608459473
1692309345.464802,"[label: ""height""
size: 2
stride: 10, label: ""width""
size: 5
stride: 5]",0,3.0,-0.048890188336372375,0.06466522067785263,0.3067024350166321,0.3357010781764984,4.0,-0.01595410704612732,0.06468223035335541,0.3270278871059418,0.840833306312561
1692309345.5638418,"[label: ""height""
size: 2
stride: 10, label: ""width""
size: 5
stride: 5]",0,3.0,-0.05269842594861984,0.06557700037956238,0.3069855868816376,0.3451720178127289,4.0,-0.02048472873866558,0.06726419180631638,0.3372751772403717,0.8335257172584534
1692309345.6678157,"[label: ""height""
size: 2
stride: 10, label: ""width""
size: 5
stride: 5]",0,3.0,-0.056234151124954224,0.0661330595612526,0.3027110695838928,0.414730966091156,4.0,-0.024089409038424492,0.06648632138967514,0.32671815156936646,0.8572673797607422
1692309345.7661386,"[label: ""height""
size: 3
stride: 15, label: ""width""
size: 5
stride: 5]",0,3.0,-0.0602404810488224,0.06617780774831772,0.30382657051086426,0.33961454033851624,4.0,-0.02773400768637657,0.06656582653522491,0.3271391689777374,0.8570603132247925,5.0,-0.010720832273364067,0.0688830241560936,0.37067073583602905,1.3797285556793213
1692309345.848737,"[label: ""height""
size: 2
stride: 10, label: ""width""
size: 5
stride: 5]",0,3.0,-0.06326869130134583,0.06673011183738708,0.2980553209781647,0.4381232261657715,4.0,-0.032252803444862366,0.06811432540416718,0.3268386125564575,0.8731454610824585
1692309345.9584978,"[label: ""height""
size: 3
stride: 15, label: ""width""
size: 5
stride: 5]",0,3.0,-0.06782588362693787,0.0666055828332901,0.30019280314445496,0.3885855972766876,4.0,-0.03606264293193817,0.06769485771656036,0.32743823528289795,0.8617693185806274,5.0,-0.019065510481595993,0.06870502978563309,0.3649381399154663,1.3967859745025635
1692309346.0717187,"[label: ""height""
size: 3
stride: 15, label: ""width""
size: 5
stride: 5]",0,3.0,-0.0710100457072258,0.06774856150150299,0.29617592692375183,0.4107758104801178,4.0,-0.03933398425579071,0.0679967850446701,0.31941816210746765,0.8811412453651428,5.0,-0.023034388199448586,0.06971168518066406,0.359388530254364,1.4016386270523071
1692309346.1901991,"[label: ""height""
size: 3
stride: 15, label: ""width""
size: 5
stride: 5]",0,3.0,-0.07410839200019836,0.06703320890665054,0.29785868525505066,0.4026947319507599,4.0,-0.04183696210384369,0.06698185950517654,0.3195784091949463,0.8785615563392639,5.0,-0.025867929682135582,0.06944042444229126,0.36410513520240784,1.4009720087051392
1692309346.270429,"[label: ""height""
size: 3
stride: 15, label: ""width""
size: 5
stride: 5]",0,3.0,-0.07505576312541962,0.06782308965921402,0.2943035066127777,0.366019070148468,4.0,-0.04362894222140312,0.06868612766265869,0.32024723291397095,0.8712021708488464,5.0,-0.027085013687610626,0.06985519826412201,0.35862991213798523,1.3997101783752441
1692309346.361948,"[label: ""height""
size: 3
stride: 15, label: ""width""
size: 5
stride: 5]",0,3.0,-0.07490845769643784,0.06708388775587082,0.2960500121116638,0.35691019892692566,4.0,-0.042767371982336044,0.06753024458885193,0.3196968734264374,0.847990870475769,5.0,-0.02589341811835766,0.06863988190889359,0.3584038317203522,1.3970248699188232
1692309346.4421635,"[label: ""height""
size: 3
stride: 15, label: ""width""
size: 5
stride: 5]",0,3.0,-0.07333094626665115,0.06713206321001053,0.29555371403694153,0.3547004759311676,4.0,-0.04118857905268669,0.06751566380262375,0.31962093710899353,0.8427010178565979,5.0,-0.023829316720366478,0.06923922896385193,0.3584691286087036,1.373944640159607
1692309346.5509677,"[label: ""height""
size: 3
stride: 15, label: ""width""
size: 5
stride: 5]",0,3.0,-0.07047584652900696,0.0668172612786293,0.2956588864326477,0.329941064119339,4.0,-0.03734661266207695,0.06663237512111664,0.3159758746623993,0.8430918455123901,5.0,-0.019885139539837837,0.06937709450721741,0.3614606559276581,1.3596179485321045
1692309346.6551735,"[label: ""height""
size: 3
stride: 15, label: ""width""
size: 5
stride: 5]",0,3.0,-0.06974902004003525,0.06583840399980545,0.2947230935096741,0.3498922884464264,4.0,-0.036878202110528946,0.06615656614303589,0.31745782494544983,0.8245062828063965,5.0,-0.0188489630818367,0.06775788962841034,0.3560713827610016,1.3527718782424927
1692309346.7498531,"[label: ""height""
size: 3
stride: 15, label: ""width""
size: 5
stride: 5]",0,3.0,-0.06950869411230087,0.06671610474586487,0.2947125732898712,0.3459954261779785,4.0,-0.0365450344979763,0.06728940457105637,0.3179263770580292,0.8098227381706238,5.0,-0.018276693299412727,0.06896288692951202,0.3562838137149811,1.3505412340164185
1692309346.8560972,"[label: ""height""
size: 3
stride: 15, label: ""width""
size: 5
stride: 5]",0,3.0,-0.0711846873164177,0.06561475247144699,0.2931496202945709,0.3372275233268738,4.0,-0.03803281486034393,0.0656132847070694,0.31421658396720886,0.8196698427200317,5.0,-0.019957806915044785,0.06724201142787933,0.3526265323162079,1.3514959812164307
1692309346.9602687,"[label: ""height""
size: 3
stride: 15, label: ""width""
size: 5
stride: 5]",0,3.0,-0.07247024029493332,0.06602974981069565,0.2928691506385803,0.3024342656135559,4.0,-0.039507053792476654,0.0662195011973381,0.3146825134754181,0.811719536781311,5.0,-0.021466044709086418,0.06835663318634033,0.35615646839141846,1.3427833318710327
1692309347.0614972,"[label: ""height""
size: 3
stride: 15, label: ""width""
size: 5
stride: 5]",0,3.0,-0.07296939194202423,0.06556817889213562,0.29295614361763,0.3048345744609833,4.0,-0.03949277848005295,0.06568263471126556,0.3145722448825836,0.8121247291564941,5.0,-0.02109777182340622,0.06723573803901672,0.352588027715683,1.3377631902694702
1692309347.1663609,"[label: ""height""
size: 3
stride: 15, label: ""width""
size: 5
stride: 5]",0,3.0,-0.07271301746368408,0.0655500665307045,0.2905784547328949,0.3198513090610504,4.0,-0.039722178131341934,0.06615424156188965,0.31434184312820435,0.7906430959701538,5.0,-0.020615551620721817,0.0664663314819336,0.3470839858055115,1.3332746028900146
1692309347.2596374,"[label: ""height""
size: 3
stride: 15, label: ""width""
size: 5
stride: 5]",0,3.0,-0.07512915879487991,0.06452445685863495,0.2879810631275177,0.3135794401168823,4.0,-0.04281498119235039,0.06565064936876297,0.31440386176109314,0.8016564249992371,5.0,-0.02382105588912964,0.06662312895059586,0.3523874282836914,1.3373903036117554
1692309347.3589604,"[label: ""height""
size: 3
stride: 15, label: ""width""
size: 5
stride: 5]",0,3.0,-0.07795178145170212,0.0655779093503952,0.28808948397636414,0.3503473699092865,4.0,-0.044889915734529495,0.06603635847568512,0.31019967794418335,0.8170996308326721,5.0,-0.026313642039895058,0.06706304848194122,0.3472430408000946,1.3494188785552979
1692309347.4643805,"[label: ""height""
size: 3
stride: 15, label: ""width""
size: 5
stride: 5]",0,3.0,-0.07920107990503311,0.06417906284332275,0.28771916031837463,0.2974516451358795,4.0,-0.04603074863553047,0.06451033800840378,0.3101899027824402,0.8096114993095398,5.0,-0.027576599270105362,0.06554344296455383,0.3489700257778168,1.3356314897537231
1692309347.5610662,"[label: ""height""
size: 3
stride: 15, label: ""width""
size: 5
stride: 5]",0,3.0,-0.07972419261932373,0.06562824547290802,0.2878859043121338,0.2924383878707886,4.0,-0.04637134075164795,0.06555602699518204,0.3091092109680176,0.8156633377075195,5.0,-0.028174567967653275,0.06731598824262619,0.34929171204566956,1.3367036581039429
1692309347.6735122,"[label: ""height""
size: 3
stride: 15, label: ""width""
size: 5
stride: 5]",0,3.0,-0.07991628348827362,0.06340770423412323,0.2845136523246765,0.32187438011169434,4.0,-0.04733926057815552,0.06398435682058334,0.30883628129959106,0.820470929145813,5.0,-0.02927447482943535,0.06531649082899094,0.3470165431499481,1.3504509925842285
1692309347.7547193,"[label: ""height""
size: 3
stride: 15, label: ""width""
size: 5
stride: 5]",0,3.0,-0.08081377297639847,0.06464944034814835,0.28444015979766846,0.3346973657608032,4.0,-0.04816560447216034,0.065117247402668,0.3076913058757782,0.8299800157546997,5.0,-0.030714841559529305,0.06649167835712433,0.34723100066185,1.353997826576233
1692309347.8694463,"[label: ""height""
size: 3
stride: 15, label: ""width""
size: 5
stride: 5]",0,3.0,-0.08129691332578659,0.06373390555381775,0.28451457619667053,0.33871695399284363,4.0,-0.04872104525566101,0.06402207911014557,0.30724403262138367,0.8452405333518982,5.0,-0.03110119141638279,0.06481237709522247,0.3436039984226227,1.3686691522598267
1692309347.9689834,"[label: ""height""
size: 3
stride: 15, label: ""width""
size: 5
stride: 5]",0,3.0,-0.08131689578294754,0.06467768549919128,0.28457188606262207,0.3354016840457916,4.0,-0.04921698197722435,0.06512812525033951,0.30952075123786926,0.8473585247993469,5.0,-0.03186018764972687,0.06591174006462097,0.34717172384262085,1.3743151426315308
1692309348.0791342,"[label: ""height""
size: 3
stride: 15, label: ""width""
size: 5
stride: 5]",0,3.0,-0.0809749960899353,0.06443469971418381,0.28474029898643494,0.37530240416526794,4.0,-0.04898637533187866,0.0650026723742485,0.30887746810913086,0.8379302024841309,5.0,-0.03143765404820442,0.06562525779008865,0.34566426277160645,1.3762630224227905
1692309348.1558995,"[label: ""height""
size: 3
stride: 15, label: ""width""
size: 5
stride: 5]",0,3.0,-0.08097513020038605,0.0648145005106926,0.285474568605423,0.3531203269958496,4.0,-0.04845096543431282,0.06465376913547516,0.3079073131084442,0.8525257110595703,5.0,-0.0313098169863224,0.06563793122768402,0.3457409143447876,1.3841490745544434
1692309348.251598,"[label: ""height""
size: 3
stride: 15, label: ""width""
size: 5
stride: 5]",0,3.0,-0.07856795191764832,0.06446568667888641,0.28318557143211365,0.36524996161460876,4.0,-0.04713526740670204,0.0652151107788086,0.30996865034103394,0.8486030697822571,5.0,-0.030103443190455437,0.0665401965379715,0.3497163951396942,1.3840925693511963
1692309348.3535774,"[label: ""height""
size: 3
stride: 15, label: ""width""
size: 5
stride: 5]",0,3.0,-0.07694192975759506,0.06519389897584915,0.28438422083854675,0.34742704033851624,4.0,-0.045133091509342194,0.06552582234144211,0.3084522783756256,0.869538426399231,5.0,-0.028367966413497925,0.06732509285211563,0.3493455648422241,1.3960496187210083
1692309348.4550426,"[label: ""height""
size: 3
stride: 15, label: ""width""
size: 5
stride: 5]",0,3.0,-0.07508730888366699,0.06427348405122757,0.282289057970047,0.35849204659461975,4.0,-0.043908245861530304,0.06513700634241104,0.3095669150352478,0.8496162295341492,5.0,-0.027206066995859146,0.06614208221435547,0.34912651777267456,1.3932312726974487
1692309348.5458045,"[label: ""height""
size: 3
stride: 15, label: ""width""
size: 5
stride: 5]",0,3.0,-0.07246033102273941,0.0650782361626625,0.2860255539417267,0.35923394560813904,4.0,-0.04057963937520981,0.06526405364274979,0.31022629141807556,0.8671806454658508,5.0,-0.02428998425602913,0.06660882383584976,0.3500772714614868,1.4064124822616577
1692309348.6585493,"[label: ""height""
size: 3
stride: 15, label: ""width""
size: 5
stride: 5]",0,3.0,-0.06958611309528351,0.06560652703046799,0.2863318622112274,0.38243547081947327,4.0,-0.03772774338722229,0.06567451357841492,0.3097310960292816,0.8802930116653442,5.0,-0.021373383700847626,0.06731462478637695,0.34928661584854126,1.4009450674057007
1692309348.761061,"[label: ""height""
size: 3
stride: 15, label: ""width""
size: 5
stride: 5]",0,3.0,-0.06923769414424896,0.06427192687988281,0.28447604179382324,0.3917897939682007,4.0,-0.03779664263129234,0.06456824392080307,0.3092646300792694,0.8925584554672241,5.0,-0.022174149751663208,0.06667039543390274,0.3526710271835327,1.4165754318237305
1692309348.8695555,"[label: ""height""
size: 3
stride: 15, label: ""width""
size: 5
stride: 5]",0,3.0,-0.07010055333375931,0.06560955196619034,0.2833438813686371,0.41016140580177307,4.0,-0.03894142434000969,0.06578999012708664,0.3073585629463196,0.9143309593200684,5.0,-0.02397311106324196,0.06791512668132782,0.3494453430175781,1.4245253801345825
1692309348.9511654,"[label: ""height""
size: 2
stride: 10, label: ""width""
size: 5
stride: 5]",0,3.0,-0.06984467059373856,0.064202681183815,0.28411465883255005,0.39288637042045593,4.0,-0.038948193192481995,0.06477396190166473,0.3103328049182892,0.9131943583488464
1692309349.0567012,"[label: ""height""
size: 3
stride: 15, label: ""width""
size: 5
stride: 5]",0,3.0,-0.06712965667247772,0.06596732884645462,0.2858302593231201,0.37475651502609253,4.0,-0.036060236394405365,0.06646016240119934,0.3116607367992401,0.8984302282333374,5.0,-0.02094312384724617,0.06826947629451752,0.3534861207008362,1.4365208148956299
1692309349.153466,"[label: ""height""
size: 3
stride: 15, label: ""width""
size: 5
stride: 5]",0,3.0,-0.06393791735172272,0.06581861525774002,0.2873254716396332,0.39421701431274414,4.0,-0.032444462180137634,0.06573338061571121,0.31003767251968384,0.901238739490509,5.0,-0.017246300354599953,0.06810212135314941,0.3548603057861328,1.4269598722457886
1692309349.2675521,"[label: ""height""
size: 3
stride: 15, label: ""width""
size: 5
stride: 5]",0,3.0,-0.06242765113711357,0.0639818012714386,0.28492042422294617,0.433210164308548,4.0,-0.03151882067322731,0.0647781640291214,0.3108835220336914,0.8951607346534729,5.0,-0.01587716117501259,0.06533057987689972,0.3471033573150635,1.4351428747177124
1692309349.3532767,"[label: ""height""
size: 3
stride: 15, label: ""width""
size: 5
stride: 5]",0,3.0,-0.06186787411570549,0.06554392725229263,0.28649845719337463,0.4018862247467041,4.0,-0.03070109710097313,0.06593430787324905,0.31158319115638733,0.9001936316490173,5.0,-0.015277889557182789,0.06786563247442245,0.3528941869735718,1.4295179843902588
1692309349.4570248,"[label: ""height""
size: 3
stride: 15, label: ""width""
size: 5
stride: 5]",0,3.0,-0.06041870638728142,0.06396504491567612,0.2879532277584076,0.40183448791503906,4.0,-0.028504332527518272,0.06368117034435272,0.3099270462989807,0.8978400230407715,5.0,-0.013084838166832924,0.06547293812036514,0.3524225652217865,1.4163835048675537
1692309349.5595028,"[label: ""height""
size: 3
stride: 15, label: ""width""
size: 5
stride: 5]",0,3.0,-0.05878501012921333,0.0645461454987526,0.28729626536369324,0.3633032739162445,4.0,-0.027081020176410675,0.06510224938392639,0.31244438886642456,0.8736112713813782,5.0,-0.01045906450599432,0.06532037258148193,0.34704193472862244,1.4035521745681763
1692309349.6798398,"[label: ""height""
size: 3
stride: 15, label: ""width""
size: 5
stride: 5]",0,3.0,-0.059910304844379425,0.06415580213069916,0.28477174043655396,0.34547537565231323,4.0,-0.028243450447916985,0.06468724459409714,0.30987218022346497,0.8769292235374451,5.0,-0.011513937264680862,0.06555263698101044,0.3490261435508728,1.3981776237487793
1692309349.7704318,"[label: ""height""
size: 3
stride: 15, label: ""width""
size: 5
stride: 5]",0,3.0,-0.062147438526153564,0.06380465626716614,0.284445196390152,0.3691670000553131,4.0,-0.030057618394494057,0.06401926279067993,0.3090294897556305,0.8554545640945435,5.0,-0.013520041480660439,0.06535698473453522,0.3494992256164551,1.3869237899780273
1692309349.8546236,"[label: ""height""
size: 3
stride: 15, label: ""width""
size: 5
stride: 5]",0,3.0,-0.0652405321598053,0.06435510516166687,0.28266581892967224,0.35368382930755615,4.0,-0.033204395323991776,0.06462816148996353,0.30778029561042786,0.871873140335083,5.0,-0.016365600749850273,0.06614217907190323,0.3491271436214447,1.3953120708465576
1692309349.9640725,"[label: ""height""
size: 3
stride: 15, label: ""width""
size: 5
stride: 5]",0,3.0,-0.06860387325286865,0.06253550201654434,0.27869537472724915,0.3994532823562622,4.0,-0.03676506504416466,0.0624469593167305,0.30206161737442017,0.8657044172286987,5.0,-0.020189136266708374,0.06404848396778107,0.34402576088905334,1.3857883214950562
1692309350.0427706,"[label: ""height""
size: 2
stride: 10, label: ""width""
size: 5
stride: 5]",0,3.0,-0.07457995414733887,0.06397091597318649,0.2800576090812683,0.38142552971839905,4.0,-0.04202023148536682,0.06352797895669937,0.3025389015674591,0.8831406235694885
1692309350.1382527,"[label: ""height""
size: 2
stride: 10, label: ""width""
size: 5
stride: 5]",0,3.0,-0.07957800477743149,0.06304152309894562,0.27631697058677673,0.36954542994499207,4.0,-0.04729359596967697,0.06242424249649048,0.29845815896987915,0.8790328502655029
1692309350.248092,"[label: ""height""
size: 2
stride: 10, label: ""width""
size: 5
stride: 5]",0,3.0,-0.08896525204181671,0.0652967095375061,0.28220701217651367,0.4389338493347168,4.0,-0.05539277568459511,0.06411513686180115,0.3013036847114563,0.8970447778701782
1692309350.348052,"[label: ""height""
size: 2
stride: 10, label: ""width""
size: 5
stride: 5]",0,3.0,-0.0951550230383873,0.06453990936279297,0.27659866213798523,0.3879391849040985,4.0,-0.06206196919083595,0.06339871883392334,0.29677170515060425,0.9026045799255371
1692309350.442387,"[label: ""height""
size: 3
stride: 15, label: ""width""
size: 5
stride: 5]",0,3.0,-0.1027912124991417,0.06465940177440643,0.2742619514465332,0.363130658864975,4.0,-0.06960217654705048,0.06357575207948685,0.2948339283466339,0.901008665561676,5.0,-0.05435233563184738,0.0646192729473114,0.33608752489089966,1.4311506748199463
1692309350.5389028,"[label: ""height""
size: 3
stride: 15, label: ""width""
size: 5
stride: 5]",0,4.0,-0.07445936650037766,0.06318828463554382,0.2912670373916626,0.874333381652832,5.0,-0.059385817497968674,0.06425024569034576,0.3320777416229248,1.4215095043182373,3.0,-0.10763846337795258,0.06419584900140762,0.2714124321937561,0.33372411131858826
1692309350.6427562,"[label: ""height""
size: 3
stride: 15, label: ""width""
size: 5
stride: 5]",0,3.0,-0.11011631041765213,0.06341070681810379,0.26676297187805176,0.36191341280937195,4.0,-0.07772193849086761,0.06277534365653992,0.288831502199173,0.8699655532836914,5.0,-0.0626012310385704,0.06367157399654388,0.3297888934612274,1.4110713005065918
1692309350.737799,"[label: ""height""
size: 3
stride: 15, label: ""width""
size: 5
stride: 5]",0,4.0,-0.07934325933456421,0.0626814067363739,0.28787484765052795,0.85936039686203,5.0,-0.0643097534775734,0.06431976705789566,0.3310326039791107,1.3891295194625854,3.0,-0.11268127709627151,0.06366284936666489,0.2682746350765228,0.30495309829711914
1692309350.838175,"[label: ""height""
size: 3
stride: 15, label: ""width""
size: 5
stride: 5]",0,3.0,-0.11189011484384537,0.06335371732711792,0.26415741443634033,0.32344093918800354,4.0,-0.07957830280065536,0.06280574202537537,0.2857978641986847,0.8630477786064148,5.0,-0.06370661407709122,0.06357935070991516,0.3252159655094147,1.3983103036880493
1692309350.9376833,"[label: ""height""
size: 3
stride: 15, label: ""width""
size: 5
stride: 5]",0,3.0,-0.1113516166806221,0.06269733607769012,0.26645252108573914,0.3154548108577728,4.0,-0.07844056189060211,0.06183609366416931,0.2867404520511627,0.8521551489830017,5.0,-0.06191600114107132,0.0624660886824131,0.3249422013759613,1.3853205442428589
1692309351.0571914,"[label: ""height""
size: 3
stride: 15, label: ""width""
size: 5
stride: 5]",0,3.0,-0.10985676199197769,0.06361441314220428,0.26801425218582153,0.28018125891685486,4.0,-0.07675700634717941,0.06277085095643997,0.288316547870636,0.8566823601722717,5.0,-0.059952978044748306,0.06358610838651657,0.3272882103919983,1.3748888969421387
1692309351.154436,"[label: ""height""
size: 3
stride: 15, label: ""width""
size: 5
stride: 5]",0,4.0,-0.07394731044769287,0.06291849166154861,0.29065385460853577,0.8417729139328003,5.0,-0.057039614766836166,0.0636671930551529,0.32976314425468445,1.3694756031036377,3.0,-0.10829337686300278,0.06398158520460129,0.2728174328804016,0.25444307923316956
1692309351.2452335,"[label: ""height""
size: 3
stride: 15, label: ""width""
size: 5
stride: 5]",0,4.0,-0.06991631537675858,0.06180032342672348,0.29262176156044006,0.8110948204994202,5.0,-0.05235834792256355,0.06255486607551575,0.3317098915576935,1.3594329357147217,3.0,-0.10429027676582336,0.06316645443439484,0.27459728717803955,0.2462744563817978
1692309351.3497605,"[label: ""height""
size: 3
stride: 15, label: ""width""
size: 5
stride: 5]",0,3.0,-0.09924553334712982,0.06351298093795776,0.27371925115585327,0.2481473684310913,4.0,-0.06622688472270966,0.06343188136816025,0.29691049456596375,0.8049533367156982,5.0,-0.047489896416664124,0.06357040256261826,0.33276084065437317,1.3508509397506714
1692309351.4606924,"[label: ""height""
size: 3
stride: 15, label: ""width""
size: 5
stride: 5]",0,4.0,-0.061113834381103516,0.0628196969628334,0.2962620258331299,0.7993679046630859,5.0,-0.04264003410935402,0.06338322162628174,0.3331975042819977,1.3349822759628296,3.0,-0.09571284055709839,0.06365153193473816,0.2780905067920685,0.24915774166584015
1692309351.5633612,"[label: ""height""
size: 3
stride: 15, label: ""width""
size: 5
stride: 5]",0,3.0,-0.08958948403596878,0.0618399977684021,0.27510640025138855,0.2667330801486969,4.0,-0.05641062557697296,0.06177818775177002,0.2976064085960388,0.7852119207382202,5.0,-0.03696968033909798,0.06188356131315231,0.3324618637561798,1.3270683288574219
1692309351.6525917,"[label: ""height""
size: 3
stride: 15, label: ""width""
size: 5
stride: 5]",0,3.0,-0.08507557958364487,0.06302683800458908,0.2772732675075531,0.26742398738861084,4.0,-0.051098912954330444,0.06280092149972916,0.29785165190696716,0.7856696844100952,5.0,-0.032243482768535614,0.06481913477182388,0.3399740159511566,1.301654577255249
1692309351.7543929,"[label: ""height""
size: 3
stride: 15, label: ""width""
size: 5
stride: 5]",0,3.0,-0.08043989539146423,0.06289106607437134,0.27917447686195374,0.2353527843952179,4.0,-0.04682684317231178,0.06280887871980667,0.3008219003677368,0.764005184173584,5.0,-0.02693294733762741,0.06346243619918823,0.3379255533218384,1.2967883348464966
1692309351.859325,"[label: ""height""
size: 3
stride: 15, label: ""width""
size: 5
stride: 5]",0,3.0,-0.07668816298246384,0.06265702843666077,0.28364184498786926,0.28630033135414124,4.0,-0.041638292372226715,0.061795491725206375,0.30067580938339233,0.7682390213012695,5.0,-0.02170194312930107,0.06239866465330124,0.33815038204193115,1.2973999977111816
1692309351.9460876,"[label: ""height""
size: 3
stride: 15, label: ""width""
size: 5
stride: 5]",0,3.0,-0.0717838928103447,0.0640348568558693,0.283910870552063,0.26485246419906616,4.0,-0.03748631849884987,0.06388849020004272,0.3047662079334259,0.7555912137031555,5.0,-0.017148025333881378,0.06409440189599991,0.33833926916122437,1.2915902137756348
1692309352.055613,"[label: ""height""
size: 3
stride: 15, label: ""width""
size: 5
stride: 5]",0,3.0,-0.06851057708263397,0.06305208057165146,0.28524160385131836,0.2568986713886261,4.0,-0.03436784818768501,0.06321479380130768,0.3068889081478119,0.7446759939193726,5.0,-0.013897239230573177,0.06364280730485916,0.3433401882648468,1.2850064039230347
1692309352.1482935,"[label: ""height""
size: 3
stride: 15, label: ""width""
size: 5
stride: 5]",0,3.0,-0.0650966614484787,0.06323022395372391,0.28454822301864624,0.24172499775886536,4.0,-0.030975373461842537,0.06332604587078094,0.305683970451355,0.7626873850822449,5.0,-0.010525011457502842,0.06421784311532974,0.3434113562107086,1.2749725580215454
1692309352.2671194,"[label: ""height""
size: 3
stride: 15, label: ""width""
size: 5
stride: 5]",0,3.0,-0.0629749670624733,0.06381837278604507,0.2850990295410156,0.270009845495224,4.0,-0.028727391734719276,0.06382925063371658,0.3056940734386444,0.7547765970230103,5.0,-0.008488446474075317,0.06541930139064789,0.34605029225349426,1.2747721672058105
1692309352.3463104,"[label: ""height""
size: 3
stride: 15, label: ""width""
size: 5
stride: 5]",0,3.0,-0.062004204839468,0.06380585581064224,0.2859550416469574,0.2613745927810669,4.0,-0.027885476127266884,0.06381350010633469,0.3073963522911072,0.7658611536026001,5.0,-0.00744624761864543,0.06480184197425842,0.34353554248809814,1.2826019525527954
1692309352.4580557,"[label: ""height""
size: 3
stride: 15, label: ""width""
size: 5
stride: 5]",0,3.0,-0.06157591566443443,0.06406832486391068,0.2867930829524994,0.28546082973480225,4.0,-0.02711786888539791,0.06334635615348816,0.3045487105846405,0.7759638428688049,5.0,-0.007116540335118771,0.06413247436285019,0.34074246883392334,1.3011418581008911
1692309352.5545402,"[label: ""height""
size: 3
stride: 15, label: ""width""
size: 5
stride: 5]",0,3.0,-0.06034005060791969,0.06367146223783493,0.2849141061306,0.29690417647361755,4.0,-0.02659372054040432,0.06381791085004807,0.30564171075820923,0.7812619209289551,5.0,-0.006664098706096411,0.06541388481855392,0.34601935744285583,1.2949222326278687
1692309352.6625187,"[label: ""height""
size: 3
stride: 15, label: ""width""
size: 5
stride: 5]",0,3.0,-0.06132984161376953,0.06419253349304199,0.28517401218414307,0.297011137008667,4.0,-0.02747824601829052,0.0638195276260376,0.3044208586215973,0.7892355918884277,5.0,-0.008036564104259014,0.06481718271970749,0.34362906217575073,1.3176146745681763
1692309352.7712052,"[label: ""height""
size: 3
stride: 15, label: ""width""
size: 5
stride: 5]",0,3.0,-0.06159110367298126,0.06364553421735764,0.28513795137405396,0.260990172624588,4.0,-0.02811739221215248,0.06351613253355026,0.30721327662467957,0.7914966940879822,5.0,-0.008644877932965755,0.06444642692804337,0.34539082646369934,1.3183259963989258
1692309352.8705654,"[label: ""height""
size: 3
stride: 15, label: ""width""
size: 5
stride: 5]",0,3.0,-0.06256187707185745,0.06411325186491013,0.2870102822780609,0.2868753969669342,4.0,-0.0288727805018425,0.06337664276361465,0.30596214532852173,0.8101063370704651,5.0,-0.009722699411213398,0.06423857063055038,0.3435389995574951,1.3227025270462036
1692309352.9544973,"[label: ""height""
size: 3
stride: 15, label: ""width""
size: 5
stride: 5]",0,3.0,-0.06239181384444237,0.06330528110265732,0.2831304967403412,0.2961813509464264,4.0,-0.02997569926083088,0.06410567462444305,0.30946290493011475,0.7990540266036987,5.0,-0.010885396972298622,0.06495999544858932,0.3489064872264862,1.329809546470642
1692309353.0624123,"[label: ""height""
size: 3
stride: 15, label: ""width""
size: 5
stride: 5]",0,3.0,-0.06299325078725815,0.06343346834182739,0.28599435091018677,0.3337252736091614,4.0,-0.030065026134252548,0.06352973729372025,0.30910274386405945,0.8117942810058594,5.0,-0.011553852818906307,0.06474032998085022,0.3469753563404083,1.3576655387878418
1692309353.1611745,"[label: ""height""
size: 3
stride: 15, label: ""width""
size: 5
stride: 5]",0,3.0,-0.062017135322093964,0.06372681260108948,0.2866969406604767,0.29186245799064636,4.0,-0.02923145703971386,0.06362853199243546,0.30962643027305603,0.8178099989891052,5.0,-0.01100992038846016,0.06546930223703384,0.35240206122398376,1.343550682067871
1692309353.25722,"[label: ""height""
size: 3
stride: 15, label: ""width""
size: 5
stride: 5]",0,3.0,-0.05993323400616646,0.06417351961135864,0.2874528467655182,0.3033503293991089,4.0,-0.027013923972845078,0.06418944895267487,0.31171032786369324,0.8134270906448364,5.0,-0.008711281232535839,0.06473781913518906,0.3469597101211548,1.3494993448257446
1692309353.3467863,"[label: ""height""
size: 3
stride: 15, label: ""width""
size: 5
stride: 5]",0,3.0,-0.059570569545030594,0.06320471316576004,0.28962332010269165,0.2939029037952423,4.0,-0.026371778920292854,0.06291299313306808,0.3116645812988281,0.8210989832878113,5.0,-0.008193000219762325,0.06490322202444077,0.3548045754432678,1.3511697053909302
1692309353.4429991,"[label: ""height""
size: 3
stride: 15, label: ""width""
size: 5
stride: 5]",0,3.0,-0.056850675493478775,0.06390589475631714,0.2880302965641022,0.3245352506637573,4.0,-0.024222977459430695,0.06422049552202225,0.31187704205513,0.8247408270835876,5.0,-0.00605365727096796,0.06496579200029373,0.34894052147865295,1.349440097808838
1692309353.5650096,"[label: ""height""
size: 3
stride: 15, label: ""width""
size: 5
stride: 5]",0,3.0,-0.05496830865740776,0.06409741193056107,0.2916559875011444,0.3033187687397003,4.0,-0.021946659311652184,0.06425122171640396,0.31388363242149353,0.8193485140800476,5.0,-0.0033431947231292725,0.06436875462532043,0.348787397146225,1.350216031074524
1692309353.6679482,"[label: ""height""
size: 3
stride: 15, label: ""width""
size: 5
stride: 5]",0,3.0,-0.05356791615486145,0.06371284276247025,0.2933732271194458,0.35338759422302246,4.0,-0.020498543977737427,0.06312490254640579,0.31335875391960144,0.8267884254455566,5.0,-0.002086441731080413,0.064280666410923,0.35220280289649963,1.352359414100647
1692309353.759885,"[label: ""height""
size: 3
stride: 15, label: ""width""
size: 5
stride: 5]",0,3.0,-0.052468929439783096,0.06493089348077774,0.29500651359558105,0.3013564646244049,4.0,-0.01932356506586075,0.06476002186536789,0.3170129656791687,0.8204442858695984,5.0,-0.0008050064789131284,0.06597572565078735,0.35588952898979187,1.3538761138916016
1692309353.8615103,"[label: ""height""
size: 3
stride: 15, label: ""width""
size: 5
stride: 5]",0,3.0,-0.05136614292860031,0.06372480094432831,0.29308173060417175,0.3383358418941498,4.0,-0.019062606617808342,0.06482357531785965,0.32113128900527954,0.8047193884849548,5.0,-0.0002175999979954213,0.06427530199289322,0.35216477513313293,1.355472207069397
1692309353.9628644,"[label: ""height""
size: 3
stride: 15, label: ""width""
size: 5
stride: 5]",0,3.0,-0.050127629190683365,0.06451942771673203,0.2969859540462494,0.32428014278411865,4.0,-0.016902590170502663,0.0641321912407875,0.3177616596221924,0.8207810521125793,5.0,0.0016744988970458508,0.06561576575040817,0.35788848996162415,1.3553051948547363
1692309354.056149,"[label: ""height""
size: 3
stride: 15, label: ""width""
size: 5
stride: 5]",0,3.0,-0.04866425320506096,0.06400467455387115,0.29612675309181213,0.305816650390625,4.0,-0.015271974727511406,0.06360475718975067,0.31638267636299133,0.8196126222610474,5.0,0.0032922266982495785,0.06500168889760971,0.35771510004997253,1.3424512147903442
1692309354.1492317,"[label: ""height""
size: 3
stride: 15, label: ""width""
size: 5
stride: 5]",0,3.0,-0.04780967906117439,0.06385453045368195,0.2953449785709381,0.303540974855423,4.0,-0.014620715752243996,0.06424672156572342,0.31892701983451843,0.8097859025001526,5.0,0.00443967105820775,0.06477030366659164,0.3556535840034485,1.3397235870361328
1692309354.2527082,"[label: ""height""
size: 3
stride: 15, label: ""width""
size: 5
stride: 5]",0,3.0,-0.047906503081321716,0.0640527755022049,0.29582101106643677,0.284114271402359,4.0,-0.01422103215008974,0.06354475766420364,0.31605064868927,0.7959848642349243,5.0,0.005022284109145403,0.06476976722478867,0.3556501567363739,1.3381036520004272
1692309354.3592827,"[label: ""height""
size: 3
stride: 15, label: ""width""
size: 5
stride: 5]",0,3.0,-0.04891609773039818,0.06458698958158493,0.2960648834705353,0.28448033332824707,4.0,-0.015133152715861797,0.06473459303379059,0.31873783469200134,0.7901004552841187,5.0,0.004123109392821789,0.06486004590988159,0.3522069454193115,1.3262970447540283
1692309354.4585574,"[label: ""height""
size: 3
stride: 15, label: ""width""
size: 5
stride: 5]",0,3.0,-0.05120905488729477,0.06430268287658691,0.2946993410587311,0.29819080233573914,4.0,-0.017843075096607208,0.06464692205190659,0.31827080249786377,0.7898591756820679,5.0,0.0016771783120930195,0.06484562158584595,0.3521181046962738,1.3248225450515747
1692309354.5433538,"[label: ""height""
size: 3
stride: 15, label: ""width""
size: 5
stride: 5]",0,3.0,-0.053598273545503616,0.06419949978590012,0.2946925163269043,0.3223385810852051,4.0,-0.02055010199546814,0.0652153268456459,0.32174280285835266,0.7741976976394653,5.0,-0.0007839386817067862,0.06559744477272034,0.35776954889297485,1.319420337677002
1692309354.6443334,"[label: ""height""
size: 3
stride: 15, label: ""width""
size: 5
stride: 5]",0,3.0,-0.05674178525805473,0.06425511837005615,0.29408448934555054,0.3190461993217468,4.0,-0.023153670132160187,0.06361781805753708,0.3145536780357361,0.8107684850692749,5.0,-0.004230539780110121,0.0648629441857338,0.3522251546382904,1.3330317735671997
1692309354.766966,"[label: ""height""
size: 3
stride: 15, label: ""width""
size: 5
stride: 5]",0,3.0,-0.060166265815496445,0.06492085754871368,0.29532963037490845,0.2793905436992645,4.0,-0.026786917820572853,0.0653679221868515,0.3193288743495941,0.7935201525688171,5.0,-0.007620148826390505,0.06595790386199951,0.35577982664108276,1.330609917640686
1692309354.8687062,"[label: ""height""
size: 3
stride: 15, label: ""width""
size: 5
stride: 5]",0,3.0,-0.06168031319975853,0.06332296878099442,0.2929690480232239,0.3198736011981964,4.0,-0.02828250825405121,0.06306951493024826,0.3143748342990875,0.8068284392356873,5.0,-0.009581083431839943,0.0641288310289383,0.35292932391166687,1.3378154039382935
1692309354.96105,"[label: ""height""
size: 3
stride: 15, label: ""width""
size: 5
stride: 5]",0,3.0,-0.06460393965244293,0.06472335010766983,0.293273001909256,0.3439130187034607,4.0,-0.031125333160161972,0.06452754139900208,0.3157750070095062,0.7991263270378113,5.0,-0.012776696123182774,0.0667206197977066,0.3575243651866913,1.3360404968261719
1692309355.0720394,"[label: ""height""
size: 3
stride: 15, label: ""width""
size: 5
stride: 5]",0,3.0,-0.06744617223739624,0.06365708261728287,0.29351159930229187,0.3194555640220642,4.0,-0.03450692445039749,0.06412986665964127,0.3182978928089142,0.8014235496520996,5.0,-0.015599796548485756,0.06425938010215759,0.3520645201206207,1.3401926755905151
1692309355.1679084,"[label: ""height""
size: 3
stride: 15, label: ""width""
size: 5
stride: 5]",0,3.0,-0.07002528011798859,0.06394406408071518,0.2909166216850281,0.3539845943450928,4.0,-0.03752608969807625,0.0646410882472992,0.31637707352638245,0.8076330423355103,5.0,-0.01906743459403515,0.06485781073570251,0.35219332575798035,1.349880337715149
1692309355.2716606,"[label: ""height""
size: 3
stride: 15, label: ""width""
size: 5
stride: 5]",0,3.0,-0.0723763182759285,0.0633319765329361,0.29022666811943054,0.3294288218021393,4.0,-0.04015849158167839,0.06365320086479187,0.3147487938404083,0.8252301216125488,5.0,-0.022252170369029045,0.06489545106887817,0.3547523021697998,1.3483527898788452
1692309355.370942,"[label: ""height""
size: 3
stride: 15, label: ""width""
size: 5
stride: 5]",0,3.0,-0.0747019574046135,0.06386617571115494,0.2910478711128235,0.3571520149707794,4.0,-0.042144887149333954,0.06362485885620117,0.31329527497291565,0.8492029309272766,5.0,-0.024707773700356483,0.06487584859132767,0.3523067235946655,1.3743871450424194
1692309355.4686148,"[label: ""height""
size: 3
stride: 15, label: ""width""
size: 5
stride: 5]",0,3.0,-0.07646114379167557,0.06396199762821198,0.28920724987983704,0.3703840672969818,4.0,-0.04474223405122757,0.0641833171248436,0.3135366439819336,0.8577280044555664,5.0,-0.02779962308704853,0.06550417840480804,0.35491788387298584,1.3811562061309814
1692309355.5668347,"[label: ""height""
size: 3
stride: 15, label: ""width""
size: 5
stride: 5]",0,3.0,-0.07812380790710449,0.06376033276319504,0.2900290787220001,0.35187599062919617,4.0,-0.046229664236307144,0.06376474350690842,0.3140478730201721,0.8718808889389038,5.0,-0.02992832660675049,0.06538673490285873,0.3558605909347534,1.4018925428390503
1692309355.6800768,"[label: ""height""
size: 3
stride: 15, label: ""width""
size: 5
stride: 5]",0,3.0,-0.07967594265937805,0.06447429209947586,0.28898492455482483,0.4112185835838318,4.0,-0.04831642284989357,0.06431734561920166,0.3142518103122711,0.8787282109260559,5.0,-0.0330454483628273,0.06622720509767532,0.3580358028411865,1.409631609916687
1692309355.7531695,"[label: ""height""
size: 3
stride: 15, label: ""width""
size: 5
stride: 5]",0,3.0,-0.08112199604511261,0.06416843086481094,0.2891039252281189,0.4184035062789917,4.0,-0.050311122089624405,0.06424304842948914,0.3138692080974579,0.9092572927474976,5.0,-0.03570084273815155,0.06623048335313797,0.35805705189704895,1.434076189994812
1692309355.8585606,"[label: ""height""
size: 3
stride: 15, label: ""width""
size: 5
stride: 5]",0,3.0,-0.08225411176681519,0.0650649145245552,0.29020869731903076,0.43233469128608704,4.0,-0.05184624344110489,0.0648350790143013,0.31613558530807495,0.9157801270484924,5.0,-0.0377691425383091,0.06623229384422302,0.3580693006515503,1.4567201137542725
1692309355.9724326,"[label: ""height""
size: 3
stride: 15, label: ""width""
size: 5
stride: 5]",0,3.0,-0.08114254474639893,0.06465589255094528,0.28917112946510315,0.4168289303779602,4.0,-0.05134623870253563,0.0650956928730011,0.31620171666145325,0.9566060900688171,5.0,-0.03762853890657425,0.06623172760009766,0.3580622673034668,1.4646998643875122
1692309356.064986,"[label: ""height""
size: 3
stride: 15, label: ""width""
size: 5
stride: 5]",0,3.0,-0.08063199371099472,0.06563762575387955,0.2934606671333313,0.46962153911590576,4.0,-0.05056934058666229,0.0656183734536171,0.3193831443786621,0.9625152349472046,5.0,-0.03676358610391617,0.0662333145737648,0.35807234048843384,1.4789646863937378
1692309356.1618922,"[label: ""height""
size: 3
stride: 15, label: ""width""
size: 5
stride: 5]",0,3.0,-0.07943115383386612,0.06559035181999207,0.2928926348686218,0.42579659819602966,4.0,-0.04971320554614067,0.06574016064405441,0.3205779194831848,0.95536869764328,5.0,-0.036037690937519073,0.06623300909996033,0.35807499289512634,1.4852644205093384
1692309356.2631726,"[label: ""height""
size: 3
stride: 15, label: ""width""
size: 5
stride: 5]",0,3.0,-0.0771978348493576,0.06481459736824036,0.294497013092041,0.4509277939796448,4.0,-0.047346580773591995,0.06467677652835846,0.3205112814903259,0.9676955342292786,5.0,-0.034679729491472244,0.06639383733272552,0.36373358964920044,1.486440896987915
1692309356.367147,"[label: ""height""
size: 3
stride: 15, label: ""width""
size: 5
stride: 5]",0,3.0,-0.07514335960149765,0.06557195633649826,0.29722559452056885,0.427603542804718,4.0,-0.04514840617775917,0.06515008211135864,0.3234928250312805,0.949659526348114,5.0,-0.031580545008182526,0.0654977485537529,0.35884958505630493,1.4926378726959229
1692309356.461163,"[label: ""height""
size: 3
stride: 15, label: ""width""
size: 5
stride: 5]",0,3.0,-0.07321693748235703,0.06628873944282532,0.2987297773361206,0.4125322103500366,4.0,-0.04316474869847298,0.06640241295099258,0.32641366124153137,0.9544206857681274,5.0,-0.0297212153673172,0.06749578565359116,0.36486732959747314,1.484130620956421
1692309356.5646346,"[label: ""height""
size: 3
stride: 15, label: ""width""
size: 5
stride: 5]",0,3.0,-0.0707889199256897,0.06483836472034454,0.2984025776386261,0.4437297582626343,4.0,-0.04064757004380226,0.06461228430271149,0.3234517276287079,0.9548864364624023,5.0,-0.027305904775857925,0.06564942002296448,0.3645479679107666,1.4796167612075806
1692309356.666671,"[label: ""height""
size: 3
stride: 15, label: ""width""
size: 5
stride: 5]",0,3.0,-0.0687362551689148,0.06651175022125244,0.3005635738372803,0.43054962158203125,4.0,-0.03848811984062195,0.06698612868785858,0.3286067247390747,0.9411488771438599,5.0,-0.024488132447004318,0.06775394082069397,0.36706122756004333,1.471934199333191
1692309356.7573102,"[label: ""height""
size: 3
stride: 15, label: ""width""
size: 5
stride: 5]",0,3.0,-0.06595280766487122,0.06693464517593384,0.3018326461315155,0.4151701331138611,4.0,-0.03524872288107872,0.06696437299251556,0.32848861813545227,0.9307228922843933,5.0,-0.020879320800304413,0.06775272637605667,0.3670535087585449,1.4622920751571655
1692309356.8615048,"[label: ""height""
size: 2
stride: 10, label: ""width""
size: 5
stride: 5]",0,3.0,-0.06229197978973389,0.06525267660617828,0.3008510172367096,0.4089210629463196,4.0,-0.03184383735060692,0.0651276707649231,0.32669690251350403,0.9248486161231995
1692309356.9539955,"[label: ""height""
size: 3
stride: 15, label: ""width""
size: 5
stride: 5]",0,3.0,-0.05919572710990906,0.06637657433748245,0.3026929497718811,0.42491385340690613,4.0,-0.028349895030260086,0.06689848005771637,0.3294910192489624,0.905306875705719,5.0,-0.013197414577007294,0.06830310821533203,0.370836466550827,1.4383716583251953
1692309357.0662959,"[label: ""height""
size: 3
stride: 15, label: ""width""
size: 5
stride: 5]",0,3.0,-0.05718362703919411,0.06598935276269913,0.3037301003932953,0.4004768133163452,4.0,-0.025803616270422935,0.06560074537992477,0.3263586461544037,0.9164237380027771,5.0,-0.01027125958353281,0.06717894971370697,0.3696593940258026,1.4249517917633057
1692309357.1375344,"[label: ""height""
size: 3
stride: 15, label: ""width""
size: 5
stride: 5]",0,3.0,-0.05758637562394142,0.06487107276916504,0.3001430928707123,0.42182549834251404,4.0,-0.02691771648824215,0.06563540548086166,0.3284972012042999,0.903658390045166,5.0,-0.011265812441706657,0.06630510091781616,0.3673357367515564,1.436779499053955
1692309357.2441874,"[label: ""height""
size: 3
stride: 15, label: ""width""
size: 5
stride: 5]",0,3.0,-0.059554968029260635,0.06595970690250397,0.300662100315094,0.3968370854854584,4.0,-0.02873499132692814,0.06613051891326904,0.3263295292854309,0.9054681062698364,5.0,-0.013303663581609726,0.06780392676591873,0.3697739541530609,1.4330075979232788
1692309357.359195,"[label: ""height""
size: 3
stride: 15, label: ""width""
size: 5
stride: 5]",0,3.0,-0.060523539781570435,0.06447253376245499,0.3006117045879364,0.40367749333381653,4.0,-0.029199525713920593,0.06464596092700958,0.32557129859924316,0.9102177619934082,5.0,-0.013775824569165707,0.06587768346071243,0.3666220009326935,1.418321132659912
1692309357.4584,"[label: ""height""
size: 3
stride: 15, label: ""width""
size: 5
stride: 5]",0,3.0,-0.06391830742359161,0.06613669544458389,0.2991485595703125,0.38183683156967163,4.0,-0.032731518149375916,0.06600005179643631,0.32370525598526,0.9070713520050049,5.0,-0.0171396192163229,0.0667443722486496,0.3616059720516205,1.429627537727356
1692309357.5527685,"[label: ""height""
size: 2
stride: 10, label: ""width""
size: 5
stride: 5]",0,3.0,-0.06772772967815399,0.06415517628192902,0.2962258756160736,0.4349402189254761,4.0,-0.03685811161994934,0.06449145823717117,0.3227834105491638,0.9025638699531555
1692309357.6570146,"[label: ""height""
size: 2
stride: 10, label: ""width""
size: 5
stride: 5]",0,3.0,-0.0739486888051033,0.06632082909345627,0.29728224873542786,0.41924917697906494,4.0,-0.04316212236881256,0.0666818618774414,0.32449567317962646,0.8972361087799072
1692309357.7682908,"[label: ""height""
size: 2
stride: 10, label: ""width""
size: 5
stride: 5]",0,4.0,-0.04879873991012573,0.06433358788490295,0.3181072771549225,0.9401697516441345,3.0,-0.08139272034168243,0.06586012989282608,0.29926085472106934,0.4613509178161621
1692309357.8554366,"[label: ""height""
size: 2
stride: 10, label: ""width""
size: 5
stride: 5]",0,4.0,-0.056500792503356934,0.06607057899236679,0.31900134682655334,0.9220154881477356,3.0,-0.08842647075653076,0.0667414665222168,0.2964683771133423,0.42198795080184937
1692309357.9520845,"[label: ""height""
size: 2
stride: 10, label: ""width""
size: 5
stride: 5]",0,3.0,-0.09582830965518951,0.06650889664888382,0.29486724734306335,0.5158202648162842,4.0,-0.06417758762836456,0.06592942029237747,0.3182748854160309,0.9314658641815186
1692309358.0698247,"[label: ""height""
size: 3
stride: 15, label: ""width""
size: 5
stride: 5]",0,4.0,-0.0706886500120163,0.06587265431880951,0.3143198490142822,0.9183335304260254,5.0,-0.05705678090453148,0.06670060753822327,0.3551144599914551,1.4725737571716309,3.0,-0.10211651027202606,0.06649104505777359,0.29060500860214233,0.43079787492752075
1692309358.1906376,"[label: ""height""
size: 2
stride: 10, label: ""width""
size: 5
stride: 5]",0,3.0,-0.10897920280694962,0.06703725457191467,0.28968748450279236,0.4775872230529785,4.0,-0.07697848230600357,0.06585545837879181,0.31122177839279175,0.9452992081642151
1692309358.2821407,"[label: ""height""
size: 3
stride: 15, label: ""width""
size: 5
stride: 5]",0,5.0,-0.06892229616641998,0.06614388525485992,0.3491418957710266,1.4638514518737793,3.0,-0.11395497620105743,0.06606070697307587,0.2855885624885559,0.3768344819545746,4.0,-0.08305427432060242,0.06593073159456253,0.3115782141685486,0.9361003637313843
1692309358.3637652,"[label: ""height""
size: 3
stride: 15, label: ""width""
size: 5
stride: 5]",0,3.0,-0.11614993214607239,0.06574805080890656,0.2798391580581665,0.4475805461406708,4.0,-0.08527547121047974,0.06505618244409561,0.3032994270324707,0.9196398258209229,5.0,-0.07165361940860748,0.06612035632133484,0.3431363105773926,1.4655863046646118
1692309358.466021,"[label: ""height""
size: 3
stride: 15, label: ""width""
size: 5
stride: 5]",0,3.0,-0.11675156652927399,0.06481607258319855,0.2786564826965332,0.3816101849079132,4.0,-0.08583588898181915,0.06428006291389465,0.30266255140304565,0.9265301823616028,5.0,-0.07117286324501038,0.06446179747581482,0.3395818769931793,1.45371675491333
1692309358.5918934,"[label: ""height""
size: 3
stride: 15, label: ""width""
size: 5
stride: 5]",0,5.0,-0.06922348588705063,0.06542930006980896,0.34028568863868713,1.4383726119995117,3.0,-0.11726734787225723,0.0661342665553093,0.2834005057811737,0.36278027296066284,4.0,-0.08556511998176575,0.06570577621459961,0.3069504201412201,0.8999119400978088
1692309358.668787,"[label: ""height""
size: 3
stride: 15, label: ""width""
size: 5
stride: 5]",0,3.0,-0.11227873712778091,0.0646957978606224,0.2812274992465973,0.3081490397453308,4.0,-0.08071132749319077,0.06461653858423233,0.3047589361667633,0.8690579533576965,5.0,-0.06562987715005875,0.06603950262069702,0.3463672399520874,1.4005610942840576
1692309358.7477236,"[label: ""height""
size: 3
stride: 15, label: ""width""
size: 5
stride: 5]",0,3.0,-0.11086831241846085,0.06436800211668015,0.2870890200138092,0.31200265884399414,4.0,-0.077349454164505,0.0634123757481575,0.3067072629928589,0.8548211455345154,5.0,-0.06079038605093956,0.06448539346456528,0.3478889465332031,1.384015440940857
1692309358.8646195,"[label: ""height""
size: 3
stride: 15, label: ""width""
size: 5
stride: 5]",0,4.0,-0.07437749207019806,0.06553376466035843,0.3120107054710388,0.8125047087669373,3.0,-0.10744956880807877,0.06568154692649841,0.2900688052177429,0.25973179936408997,5.0,-0.05621254816651344,0.06594966351985931,0.34961456060409546,1.3498735427856445
1692309358.970655,"[label: ""height""
size: 3
stride: 15, label: ""width""
size: 5
stride: 5]",0,3.0,-0.10290128737688065,0.06478015333414078,0.28763076663017273,0.2502847909927368,4.0,-0.06947703659534454,0.0645197257399559,0.30898183584213257,0.79780513048172,5.0,-0.050958842039108276,0.06485748291015625,0.34608960151672363,1.3316971063613892
1692309359.0802417,"[label: ""height""
size: 3
stride: 15, label: ""width""
size: 5
stride: 5]",0,3.0,-0.09956855326890945,0.06324686110019684,0.28860577940940857,0.26734358072280884,4.0,-0.0661785677075386,0.06334497034549713,0.31122949719429016,0.7692776322364807,5.0,-0.04635642468929291,0.06355597823858261,0.34668853878974915,1.3078471422195435
1692309359.15215,"[label: ""height""
size: 3
stride: 15, label: ""width""
size: 5
stride: 5]",0,3.0,-0.09736385941505432,0.06485848128795624,0.2918480932712555,0.2541870176792145,4.0,-0.06260796636343002,0.06446664035320282,0.309951514005661,0.7641670107841492,5.0,-0.043086376041173935,0.06614655256271362,0.3513856530189514,1.2644422054290771
1692309359.2655075,"[label: ""height""
size: 3
stride: 15, label: ""width""
size: 5
stride: 5]",0,3.0,-0.09500838071107864,0.06384226679801941,0.29035744071006775,0.21062955260276794,4.0,-0.05994836241006851,0.0631905347108841,0.3067602217197418,0.743713915348053,5.0,-0.03982659801840782,0.064711794257164,0.3467983305454254,1.2706271409988403
1692309359.3529172,"[label: ""height""
size: 3
stride: 15, label: ""width""
size: 5
stride: 5]",0,3.0,-0.09419944882392883,0.06407737731933594,0.29218196868896484,0.18664810061454773,4.0,-0.05887254700064659,0.06326334923505783,0.3089448809623718,0.7270156741142273,5.0,-0.03756295517086983,0.06423389166593552,0.3457428216934204,1.2395867109298706
1692309359.461389,"[label: ""height""
size: 3
stride: 15, label: ""width""
size: 5
stride: 5]",0,3.0,-0.09381363540887833,0.06428500264883041,0.2922327518463135,0.2245553880929947,4.0,-0.05899146571755409,0.06418701261281967,0.31209859251976013,0.6787704229354858,5.0,-0.03721507638692856,0.06529776751995087,0.3491353690624237,1.2236255407333374
1692309359.56119,"[label: ""height""
size: 3
stride: 15, label: ""width""
size: 5
stride: 5]",0,3.0,-0.0938803181052208,0.06443630903959274,0.2925161123275757,0.2479040026664734,4.0,-0.05785314738750458,0.06347660720348358,0.3068707287311554,0.6931517124176025,5.0,-0.035729583352804184,0.06409747153520584,0.3405291736125946,1.2340656518936157
1692309359.6543527,"[label: ""height""
size: 3
stride: 15, label: ""width""
size: 5
stride: 5]",0,3.0,-0.09512533992528915,0.06377176940441132,0.2927781939506531,0.17389561235904694,4.0,-0.05901479348540306,0.06289713084697723,0.3082807660102844,0.6722487807273865,5.0,-0.036699358373880386,0.06361991912126541,0.34319639205932617,1.205925464630127
1692309359.7576532,"[label: ""height""
size: 3
stride: 15, label: ""width""
size: 5
stride: 5]",0,3.0,-0.0956035628914833,0.06472839415073395,0.2927670478820801,0.1718786507844925,4.0,-0.05940540134906769,0.06402570754289627,0.3071126639842987,0.6981498003005981,5.0,-0.036777567118406296,0.0645325630903244,0.3413403034210205,1.2088943719863892
1692309359.8660173,"[label: ""height""
size: 3
stride: 15, label: ""width""
size: 5
stride: 5]",0,3.0,-0.09706506133079529,0.06385477632284164,0.2915950417518616,0.23156706988811493,4.0,-0.06116494908928871,0.06341258436441422,0.3070738613605499,0.6769236326217651,5.0,-0.03844539821147919,0.06395918875932693,0.3412592113018036,1.2141990661621094
1692309359.9583325,"[label: ""height""
size: 3
stride: 15, label: ""width""
size: 5
stride: 5]",0,3.0,-0.09902075678110123,0.06444130837917328,0.29095131158828735,0.20719362795352936,4.0,-0.06271976977586746,0.06382416188716888,0.30606111884117126,0.6591852307319641,5.0,-0.04028378054499626,0.06455709785223007,0.34148693084716797,1.2104530334472656
1692309360.06309,"[label: ""height""
size: 3
stride: 15, label: ""width""
size: 5
stride: 5]",0,3.0,-0.09989382326602936,0.06395184248685837,0.28972354531288147,0.2178661972284317,4.0,-0.06354765594005585,0.06302320212125778,0.3035564124584198,0.6960654854774475,5.0,-0.04106103256344795,0.06389109045267105,0.3387066125869751,1.2181988954544067
1692309360.1558285,"[label: ""height""
size: 3
stride: 15, label: ""width""
size: 5
stride: 5]",0,3.0,-0.09938616305589676,0.06449662148952484,0.28764042258262634,0.13375236093997955,4.0,-0.06295552104711533,0.06344441324472427,0.30021631717681885,0.7040319442749023,5.0,-0.040799353271722794,0.06451978534460068,0.3354959785938263,1.2149816751480103
1692309360.2646801,"[label: ""height""
size: 3
stride: 15, label: ""width""
size: 5
stride: 5]",0,3.0,-0.09914198517799377,0.06378591805696487,0.28913936018943787,0.18010403215885162,4.0,-0.06267501413822174,0.06289799511432648,0.3028930127620697,0.6665600538253784,5.0,-0.039819058030843735,0.06340082734823227,0.3353840708732605,1.2034300565719604
1692309360.3595464,"[label: ""height""
size: 3
stride: 15, label: ""width""
size: 5
stride: 5]",0,3.0,-0.09760704636573792,0.06469331681728363,0.2889818847179413,0.12897677719593048,4.0,-0.06102733686566353,0.06385822594165802,0.3027339279651642,0.6764269471168518,5.0,-0.03806734085083008,0.06516877561807632,0.3381277918815613,1.1837177276611328
1692309360.4616385,"[label: ""height""
size: 3
stride: 15, label: ""width""
size: 5
stride: 5]",0,4.0,-0.059050608426332474,0.06421881169080734,0.30586180090904236,0.6607149243354797,5.0,-0.03537658974528313,0.06502935290336609,0.33886510133743286,1.173630714416504,3.0,-0.09631321579217911,0.06502591073513031,0.2929984927177429,0.14107027649879456
1692309360.5562358,"[label: ""height""
size: 3
stride: 15, label: ""width""
size: 5
stride: 5]",0,3.0,-0.09113401174545288,0.06437776982784271,0.29062697291374207,0.13465960323810577,4.0,-0.054567113518714905,0.06386876106262207,0.3045138418674469,0.6198456883430481,5.0,-0.030695226043462753,0.0652460902929306,0.34071165323257446,1.1651099920272827
1692309360.6607919,"[label: ""height""
size: 3
stride: 15, label: ""width""
size: 5
stride: 5]",0,3.0,-0.08790621161460876,0.06342598795890808,0.2922079861164093,0.14790558815002441,4.0,-0.05128154531121254,0.06342276185750961,0.3078349232673645,0.5957412123680115,5.0,-0.025987092405557632,0.06323202699422836,0.33590734004974365,1.1503156423568726
1692309360.7525408,"[label: ""height""
size: 3
stride: 15, label: ""width""
size: 5
stride: 5]",0,3.0,-0.08608760684728622,0.06639578193426132,0.3009670674800873,0.0560234896838665,4.0,-0.04761642962694168,0.0654742494225502,0.31101205945014954,0.6048734188079834,5.0,-0.021711574867367744,0.06607034057378769,0.3420691192150116,1.1255301237106323
1692309360.8550978,"[label: ""height""
size: 3
stride: 15, label: ""width""
size: 5
stride: 5]",0,5.0,-0.0152627257630229,0.06482670456171036,0.3391931653022766,1.0839430093765259,3.0,-0.08017181605100632,0.06487564742565155,0.2990589737892151,0.03613067418336868,4.0,-0.04192309081554413,0.06413277238607407,0.3093235194683075,0.5777782201766968
1692309360.9479012,"[label: ""height""
size: 3
stride: 15, label: ""width""
size: 5
stride: 5]",0,3.0,-0.07367081195116043,0.06387316435575485,0.29517877101898193,-0.06188396364450455,4.0,-0.036390241235494614,0.06479014456272125,0.31138870120048523,0.5050884485244751,5.0,-0.00831601768732071,0.06484765559434891,0.3393199145793915,1.044512391090393
1692309361.0609016,"[label: ""height""
size: 3
stride: 15, label: ""width""
size: 5
stride: 5]",0,4.0,-0.030830422416329384,0.06298762559890747,0.30679571628570557,0.4832321107387543,5.0,-0.002027994953095913,0.06353666633367538,0.33599814772605896,1.0039689540863037,3.0,-0.06994687020778656,0.06434131413698196,0.3022103011608124,-0.034074485301971436
1692309361.1541147,"[label: ""height""
size: 3
stride: 15, label: ""width""
size: 5
stride: 5]",0,3.0,-0.06493499130010605,0.06289606541395187,0.3006749153137207,-0.057113923132419586,4.0,-0.026226891204714775,0.06281516700983047,0.3084333837032318,0.44471627473831177,5.0,0.0034957544412463903,0.06350081413984299,0.3379167914390564,0.9652401208877563
1692309361.2642353,"[label: ""height""
size: 2
stride: 10, label: ""width""
size: 5
stride: 5]",0,3.0,-0.06051499396562576,0.06396596133708954,0.3041457533836365,-0.12382014840841293,4.0,-0.021549951285123825,0.06424544751644135,0.31257370114326477,0.3447381556034088
1692309361.3577733,"[label: ""height""
size: 3
stride: 15, label: ""width""
size: 5
stride: 5]",0,3.0,-0.05468417704105377,0.061966780573129654,0.3018650412559509,-0.19144713878631592,4.0,-0.015958845615386963,0.06180768832564354,0.3065035939216614,0.3566594421863556,5.0,0.015430002473294735,0.06273844093084335,0.33237558603286743,0.9032231569290161
1692309361.4657695,"[label: ""height""
size: 3
stride: 15, label: ""width""
size: 5
stride: 5]",0,3.0,-0.051567766815423965,0.062598317861557,0.3039754033088684,-0.18112275004386902,4.0,-0.012350793927907944,0.061810143291950226,0.3065301477909088,0.31974169611930847,5.0,0.019647056236863136,0.06157240644097328,0.32765185832977295,0.8910024762153625
1692309361.557522,"[label: ""height""
size: 3
stride: 15, label: ""width""
size: 5
stride: 5]",0,3.0,-0.048738036304712296,0.06254006177186966,0.3081054091453552,-0.18905745446681976,4.0,-0.009091787971556187,0.061964042484760284,0.30650460720062256,0.31283536553382874,5.0,0.02381226420402527,0.06258957833051682,0.3314947485923767,0.8226167559623718
1692309361.6543002,"[label: ""height""
size: 3
stride: 15, label: ""width""
size: 5
stride: 5]",0,3.0,-0.04817500710487366,0.06324794888496399,0.30432388186454773,-0.2249820977449417,4.0,-0.008825370110571384,0.06276658177375793,0.3049194812774658,0.2735136151313782,5.0,0.024187350645661354,0.06311465054750443,0.3272464871406555,0.8212583661079407
1692309361.7559845,"[label: ""height""
size: 3
stride: 15, label: ""width""
size: 5
stride: 5]",0,3.0,-0.04881712794303894,0.062096815556287766,0.30528509616851807,-0.21468517184257507,4.0,-0.009320277720689774,0.06175488606095314,0.30485063791275024,0.276179701089859,5.0,0.023784657940268517,0.06124360114336014,0.32158324122428894,0.8158336877822876
1692309361.861013,"[label: ""height""
size: 3
stride: 15, label: ""width""
size: 5
stride: 5]",0,3.0,-0.05069982260465622,0.06379739940166473,0.30282363295555115,-0.2636776864528656,4.0,-0.011410177685320377,0.06308581680059433,0.3009931445121765,0.28084975481033325,5.0,0.022121045738458633,0.06347604095935822,0.3222719728946686,0.809299111366272
1692309361.9479642,"[label: ""height""
size: 3
stride: 15, label: ""width""
size: 5
stride: 5]",0,3.0,-0.05324757844209671,0.06341303139925003,0.30341479182243347,-0.22054904699325562,4.0,-0.013444092124700546,0.06170075386762619,0.29546406865119934,0.33337995409965515,5.0,0.01953018642961979,0.06206120550632477,0.31631770730018616,0.8023234605789185
1692309362.0658607,"[label: ""height""
size: 3
stride: 15, label: ""width""
size: 5
stride: 5]",0,3.0,-0.056106988340616226,0.0642487183213234,0.3025933504104614,-0.254725843667984,4.0,-0.016544803977012634,0.06344173103570938,0.29978880286216736,0.25181007385253906,5.0,0.017272956669330597,0.06398814916610718,0.32023170590400696,0.7895156145095825
1692309362.165046,"[label: ""height""
size: 3
stride: 15, label: ""width""
size: 5
stride: 5]",0,3.0,-0.058166515082120895,0.06513597071170807,0.300374835729599,-0.2636911869049072,4.0,-0.019030986353754997,0.06501520425081253,0.3002871870994568,0.25373345613479614,5.0,0.014810889028012753,0.06493911147117615,0.31782665848731995,0.7827510237693787
1692309362.2446573,"[label: ""height""
size: 3
stride: 15, label: ""width""
size: 5
stride: 5]",0,3.0,-0.05930055305361748,0.06446925550699234,0.3024674355983734,-0.2502022087574005,4.0,-0.019517384469509125,0.06402304768562317,0.3002440333366394,0.2565672993659973,5.0,0.01428376603871584,0.06386633962392807,0.31765779852867126,0.7848085761070251
1692309362.3411882,"[label: ""height""
size: 3
stride: 15, label: ""width""
size: 5
stride: 5]",0,3.0,-0.059635672718286514,0.06562302261590958,0.3003499507904053,-0.2610698342323303,4.0,-0.02056218311190605,0.0657334253191948,0.3009181320667267,0.24177265167236328,5.0,0.013516583479940891,0.065487802028656,0.3179744482040405,0.7863709926605225
1692309362.4537637,"[label: ""height""
size: 3
stride: 15, label: ""width""
size: 5
stride: 5]",0,3.0,-0.058938443660736084,0.06436586380004883,0.29856178164482117,-0.2894815504550934,4.0,-0.0199136845767498,0.06484298408031464,0.3002660870552063,0.2302875816822052,5.0,0.014386435970664024,0.06478583812713623,0.31700757145881653,0.7558870911598206
1692309362.5579584,"[label: ""height""
size: 3
stride: 15, label: ""width""
size: 5
stride: 5]",0,4.0,-0.0191795751452446,0.06551362574100494,0.29821038246154785,0.21252886950969696,3.0,-0.05848293751478195,0.06591424345970154,0.3006197214126587,-0.2944851219654083,5.0,0.015338025987148285,0.06628064811229706,0.3179762363433838,0.7385286092758179
1692309362.653874,"[label: ""height""
size: 3
stride: 15, label: ""width""
size: 5
stride: 5]",0,4.0,-0.018683208152651787,0.06500158458948135,0.29809409379959106,0.2129019796848297,3.0,-0.05761431157588959,0.06500907242298126,0.2998053729534149,-0.32963040471076965,5.0,0.016247697174549103,0.06576358526945114,0.31798526644706726,0.726391613483429
1692309362.7592547,"[label: ""height""
size: 3
stride: 15, label: ""width""
size: 5
stride: 5]",0,4.0,-0.016324037685990334,0.0648823082447052,0.2967197299003601,0.17289455235004425,3.0,-0.055566512048244476,0.06560143828392029,0.30196911096572876,-0.34974637627601624,5.0,0.018593421205878258,0.06568708270788193,0.31574878096580505,0.7150794267654419
1692309362.8733268,"[label: ""height""
size: 3
stride: 15, label: ""width""
size: 5
stride: 5]",0,4.0,-0.014169581234455109,0.06552740186452866,0.29965147376060486,0.16030022501945496,3.0,-0.05352763086557388,0.06590648740530014,0.3051794469356537,-0.3510622978210449,5.0,0.021514341235160828,0.0660988837480545,0.31701958179473877,0.6804014444351196
1692309362.9472744,"[label: ""height""
size: 3
stride: 15, label: ""width""
size: 5
stride: 5]",0,4.0,-0.01030752994120121,0.0667971521615982,0.30295252799987793,0.08806287497282028,3.0,-0.04898252338171005,0.06605883687734604,0.30472391843795776,-0.391998827457428,5.0,0.025823097676038742,0.06623734533786774,0.3141126036643982,0.6889721155166626
1692309363.0648177,"[label: ""height""
size: 3
stride: 15, label: ""width""
size: 5
stride: 5]",0,4.0,-0.005031959153711796,0.06494443118572235,0.29869475960731506,0.0762963593006134,3.0,-0.04390689358115196,0.06544182449579239,0.305855929851532,-0.3994463384151459,5.0,0.03127390891313553,0.06549693644046783,0.31604263186454773,0.6562421917915344
1692309363.1572757,"[label: ""height""
size: 3
stride: 15, label: ""width""
size: 5
stride: 5]",0,3.0,-0.03864721581339836,0.06678009778261185,0.3097224533557892,-0.4470559060573578,4.0,0.0003700645756907761,0.06714924424886703,0.3063771426677704,0.0921829417347908,5.0,0.03720979019999504,0.06700149178504944,0.3170735239982605,0.6460171341896057
1692309363.269541,"[label: ""height""
size: 3
stride: 15, label: ""width""
size: 5
stride: 5]",0,4.0,0.006997683085501194,0.06780838221311569,0.3082887828350067,0.02595742978155613,3.0,-0.03206489235162735,0.06766264885663986,0.3145824372768402,-0.5185501575469971,5.0,0.04457718878984451,0.06721588224172592,0.3168877959251404,0.6385623812675476
1692309363.3751783,"[label: ""height""
size: 3
stride: 15, label: ""width""
size: 5
stride: 5]",0,4.0,0.01611563377082348,0.06681980192661285,0.3085106611251831,0.04007217288017273,3.0,-0.022738715633749962,0.06617793440818787,0.31361159682273865,-0.549237072467804,5.0,0.053743407130241394,0.06641329824924469,0.31670770049095154,0.5838620662689209
1692309363.4516723,"[label: ""height""
size: 3
stride: 15, label: ""width""
size: 5
stride: 5]",0,4.0,0.023674005642533302,0.06775952875614166,0.3078356981277466,-0.05650131404399872,3.0,-0.014947409741580486,0.06726060807704926,0.31440678238868713,-0.5572637319564819,5.0,0.06137031316757202,0.06699097156524658,0.3139442801475525,0.5632094144821167
1692309363.5441823,"[label: ""height""
size: 3
stride: 15, label: ""width""
size: 5
stride: 5]",0,3.0,-0.007835177704691887,0.06666862964630127,0.3130810558795929,-0.5447562336921692,4.0,0.030937857925891876,0.06787606328725815,0.3073243796825409,-0.05688926577568054,5.0,0.06923729926347733,0.06819940358400345,0.3164979815483093,0.5243825316429138
1692309363.6719744,"[label: ""height""
size: 3
stride: 15, label: ""width""
size: 5
stride: 5]",0,4.0,0.03694803640246391,0.06714291870594025,0.30506765842437744,-0.06789235770702362,5.0,0.07498563826084137,0.06667256355285645,0.3118196427822113,0.5159399509429932,3.0,-0.0013239035615697503,0.06689933687448502,0.31518638134002686,-0.5942845940589905
1692309363.743594,"[label: ""height""
size: 3
stride: 15, label: ""width""
size: 5
stride: 5]",0,4.0,0.04071131721138954,0.06594069302082062,0.2987462282180786,-0.06553119421005249,3.0,0.003553739283233881,0.06651842594146729,0.3128127455711365,-0.569452702999115,5.0,0.07971541583538055,0.06689754873514175,0.31037619709968567,0.48891541361808777
1692309363.8442044,"[label: ""height""
size: 3
stride: 15, label: ""width""
size: 5
stride: 5]",0,5.0,0.0818561315536499,0.06675367802381516,0.307455450296402,0.4618692696094513,3.0,0.006167073734104633,0.0662527084350586,0.3097207248210907,-0.5797681212425232,4.0,0.04396188259124756,0.0671381950378418,0.3025645315647125,-0.060295913368463516
1692309363.944556,"[label: ""height""
size: 3
stride: 15, label: ""width""
size: 5
stride: 5]",0,4.0,0.04485377296805382,0.06522288173437119,0.296007364988327,-0.15262967348098755,5.0,0.08382868021726608,0.06622081995010376,0.3073083758354187,0.4582032263278961,3.0,0.008103959262371063,0.06687761843204498,0.31506234407424927,-0.5565869808197021
1692309364.0443642,"[label: ""height""
size: 3
stride: 15, label: ""width""
size: 5
stride: 5]",0,4.0,0.046130046248435974,0.06661749631166458,0.29953473806381226,-0.1473526507616043,5.0,0.08406233042478561,0.06667309999465942,0.30536460876464844,0.4833008050918579,3.0,0.008704829029738903,0.06629075109958649,0.3099130392074585,-0.5871819257736206
1692309364.2054904,"[label: ""height""
size: 3
stride: 15, label: ""width""
size: 5
stride: 5]",0,4.0,0.045815609395504,0.06519448757171631,0.29782992601394653,-0.07996607571840286,5.0,0.08430754393339157,0.06569986790418625,0.3072199523448944,0.45748966932296753,3.0,0.008514493703842163,0.0657421424984932,0.311470627784729,-0.5513023138046265
1692309364.2802253,"[label: ""height""
size: 3
stride: 15, label: ""width""
size: 5
stride: 5]",0,4.0,0.0449368990957737,0.06627137959003448,0.297049880027771,-0.10732395946979523,5.0,0.08324240893125534,0.0668942779302597,0.30694225430488586,0.5013746619224548,3.0,0.007791935931891203,0.06642819941043854,0.3088638186454773,-0.5763304233551025
1692309364.3858821,"[label: ""height""
size: 3
stride: 15, label: ""width""
size: 5
stride: 5]",0,4.0,0.043697357177734375,0.06517176330089569,0.29931166768074036,-0.09715938568115234,5.0,0.08113007247447968,0.06471452116966248,0.30607759952545166,0.4983166754245758,3.0,0.005942301359027624,0.06512094289064407,0.3103765547275543,-0.5472543835639954
1692309364.4605896,"[label: ""height""
size: 3
stride: 15, label: ""width""
size: 5
stride: 5]",0,4.0,0.04125721752643585,0.06561177223920822,0.2962881922721863,-0.033693164587020874,5.0,0.07907582074403763,0.06646580249071121,0.30732205510139465,0.5293627381324768,3.0,0.003804990090429783,0.06660236418247223,0.31014302372932434,-0.49675947427749634
1692309364.5576584,"[label: ""height""
size: 3
stride: 15, label: ""width""
size: 5
stride: 5]",0,4.0,0.039635125547647476,0.06532524526119232,0.29768863320350647,-0.022707203403115273,3.0,0.0013892112765461206,0.06618759036064148,0.31011879444122314,-0.5028145909309387,5.0,0.07726673036813736,0.06588026136159897,0.3086368143558502,0.5391783714294434
1692309364.6577377,"[label: ""height""
size: 3
stride: 15, label: ""width""
size: 5
stride: 5]",0,4.0,0.03852394223213196,0.06624571979045868,0.2993825376033783,-0.009633581154048443,5.0,0.07538923621177673,0.06602613627910614,0.3076523244380951,0.5564984083175659,3.0,3.241979484869262e-08,0.0657428652048111,0.30663061141967773,-0.47397851943969727
1692309364.7789636,"[label: ""height""
size: 3
stride: 15, label: ""width""
size: 5
stride: 5]",0,4.0,0.03620021045207977,0.06543568521738052,0.2949801981449127,0.04311506822705269,3.0,-0.00200390862300992,0.06579556316137314,0.30468881130218506,-0.47879794239997864,5.0,0.07360848039388657,0.06649016588926315,0.3091670870780945,0.5659418106079102
1692309364.8542805,"[label: ""height""
size: 3
stride: 15, label: ""width""
size: 5
stride: 5]",0,4.0,0.03622548282146454,0.06511197984218597,0.2953146994113922,0.028261439874768257,3.0,-0.0020031421445310116,0.0648144856095314,0.301851749420166,-0.4975152611732483,5.0,0.07345235347747803,0.06561581790447235,0.3068934977054596,0.5824453234672546
1692309364.9546826,"[label: ""height""
size: 3
stride: 15, label: ""width""
size: 5
stride: 5]",0,4.0,0.037378475069999695,0.06525023281574249,0.29405808448791504,0.010081488639116287,3.0,-0.0008880574023351073,0.06462978571653366,0.3009294271469116,-0.4926902651786804,5.0,0.07442750781774521,0.06549056619405746,0.30625542998313904,0.5720587372779846
1692309365.0479457,"[label: ""height""
size: 3
stride: 15, label: ""width""
size: 5
stride: 5]",0,4.0,0.03984523564577103,0.06436721980571747,0.29403138160705566,-0.045688897371292114,3.0,0.0012146923691034317,0.06421723961830139,0.30132782459259033,-0.48172810673713684,5.0,0.07698125392198563,0.06456885486841202,0.3049371838569641,0.5793499946594238
1692309365.1484632,"[label: ""height""
size: 3
stride: 15, label: ""width""
size: 5
stride: 5]",0,4.0,0.043234098702669144,0.06486883014440536,0.29412946105003357,-0.043642807751894,3.0,0.004789574537426233,0.06473179161548615,0.3019341826438904,-0.5059206485748291,5.0,0.08070813119411469,0.06550057232379913,0.3063073456287384,0.5761573910713196
1692309365.2460997,"[label: ""height""
size: 3
stride: 15, label: ""width""
size: 5
stride: 5]",0,3.0,0.0086698392406106,0.06302325427532196,0.29957497119903564,-0.5059248208999634,4.0,0.04722515866160393,0.0644068792462349,0.2951104938983917,-0.06548357009887695,5.0,0.08534204214811325,0.06449756026268005,0.3063061535358429,0.556297779083252
1692309365.3442461,"[label: ""height""
size: 3
stride: 15, label: ""width""
size: 5
stride: 5]",0,4.0,0.0491115041077137,0.06404455006122589,0.2924707233905792,-0.03294757381081581,5.0,0.08684507757425308,0.06425034254789352,0.30280160903930664,0.5238661766052246,3.0,0.011168990284204483,0.064264677464962,0.30379435420036316,-0.5001382231712341
1692309365.4446175,"[label: ""height""
size: 3
stride: 15, label: ""width""
size: 5
stride: 5]",0,3.0,0.01405804231762886,0.06246254965662956,0.29750004410743713,-0.5511475801467896,4.0,0.0526554211974144,0.06465727090835571,0.29588523507118225,-0.08987994492053986,5.0,0.09055597335100174,0.06416411697864532,0.30235815048217773,0.5261155366897583
1692309365.5410266,"[label: ""height""
size: 3
stride: 15, label: ""width""
size: 5
stride: 5]",0,3.0,0.01913001947104931,0.06249693036079407,0.3023967146873474,-0.55387943983078,4.0,0.057545360177755356,0.06363331526517868,0.29566410183906555,-0.12380440533161163,5.0,0.09660860896110535,0.0637122169137001,0.3043174743652344,0.48906126618385315
1692309365.6616094,"[label: ""height""
size: 3
stride: 15, label: ""width""
size: 5
stride: 5]",0,4.0,0.06077401712536812,0.06159813702106476,0.2880910634994507,-0.13490988314151764,3.0,0.02399025857448578,0.06173545867204666,0.3031524419784546,-0.6107081174850464,5.0,0.10023097693920135,0.06265387684106827,0.299147367477417,0.44792747497558594
1692309365.7712417,"[label: ""height""
size: 3
stride: 15, label: ""width""
size: 5
stride: 5]",0,4.0,0.06372889131307602,0.061955779790878296,0.28710171580314636,-0.14420869946479797,5.0,0.10270844399929047,0.06258054822683334,0.2953561842441559,0.42550596594810486,3.0,0.027119768783450127,0.062048520892858505,0.3021987974643707,-0.6278948187828064
1692309365.8789341,"[label: ""height""
size: 3
stride: 15, label: ""width""
size: 5
stride: 5]",0,4.0,0.06416644901037216,0.05998855084180832,0.2854417860507965,-0.15419064462184906,5.0,0.10448484867811203,0.06111425161361694,0.29701271653175354,0.39878416061401367,3.0,0.028196610510349274,0.06038956344127655,0.303097665309906,-0.6259795427322388
1692309365.9686272,"[label: ""height""
size: 3
stride: 15, label: ""width""
size: 5
stride: 5]",0,4.0,0.064324289560318,0.061287447810173035,0.2877541482448578,-0.16429342329502106,5.0,0.1038036122918129,0.062043704092502594,0.2967868447303772,0.4102398753166199,3.0,0.02793937735259533,0.061615362763404846,0.30433449149131775,-0.6318982243537903
1692309366.0787408,"[label: ""height""
size: 3
stride: 15, label: ""width""
size: 5
stride: 5]",0,4.0,0.06369424611330032,0.060263048857450485,0.2884995937347412,-0.13698755204677582,5.0,0.10266323387622833,0.060595303773880005,0.2955878674983978,0.4161246418952942,3.0,0.02695668488740921,0.060234151780605316,0.30309057235717773,-0.622175931930542
1692309366.1598432,"[label: ""height""
size: 3
stride: 15, label: ""width""
size: 5
stride: 5]",0,4.0,0.061871275305747986,0.060394514352083206,0.2872743308544159,-0.15745754539966583,5.0,0.10200174897909164,0.06164519861340523,0.2989901304244995,0.41619741916656494,3.0,0.025787079706788063,0.06119871512055397,0.30661121010780334,-0.5969321131706238
1692309366.281756,"[label: ""height""
size: 3
stride: 15, label: ""width""
size: 5
stride: 5]",0,4.0,0.05925493314862251,0.060299068689346313,0.2887519896030426,-0.1380877047777176,3.0,0.022761277854442596,0.06115374341607094,0.3063654899597168,-0.587293267250061,5.0,0.09897126257419586,0.06134548410773277,0.3005181550979614,0.4662638008594513
1692309366.3519478,"[label: ""height""
size: 3
stride: 15, label: ""width""
size: 5
stride: 5]",0,4.0,0.05570542439818382,0.06024729460477829,0.2896256446838379,-0.07599607110023499,3.0,0.01864825002849102,0.060699064284563065,0.30475878715515137,-0.5829601287841797,5.0,0.09482645988464355,0.060873355716466904,0.3006294071674347,0.47467559576034546
1692309366.4819298,"[label: ""height""
size: 3
stride: 15, label: ""width""
size: 5
stride: 5]",0,4.0,0.05272361636161804,0.06093095242977142,0.2941780388355255,-0.07956311106681824,3.0,0.015000646002590656,0.06080848351120949,0.3039461076259613,-0.5575375556945801,5.0,0.09191671758890152,0.06156343221664429,0.3053024113178253,0.47748708724975586
1692309366.5817053,"[label: ""height""
size: 3
stride: 15, label: ""width""
size: 5
stride: 5]",0,4.0,0.047955192625522614,0.061200086027383804,0.29301443696022034,-0.0784463956952095,3.0,0.010639223270118237,0.06156284734606743,0.30663618445396423,-0.5263821482658386,5.0,0.08632808923721313,0.061164673417806625,0.30272403359413147,0.5256218910217285
1692309366.6776524,"[label: ""height""
size: 3
stride: 15, label: ""width""
size: 5
stride: 5]",0,4.0,0.046198297291994095,0.060986705124378204,0.29703906178474426,-0.061899784952402115,3.0,0.007996195927262306,0.060847096145153046,0.3060033619403839,-0.5074080228805542,5.0,0.08525704592466354,0.06177334859967232,0.31016644835472107,0.5180004239082336
1692309366.7578764,"[label: ""height""
size: 3
stride: 15, label: ""width""
size: 5
stride: 5]",0,4.0,0.043018512427806854,0.061033282428979874,0.29473942518234253,0.010404899716377258,3.0,0.005029888357967138,0.06188668683171272,0.30751243233680725,-0.4875046908855438,5.0,0.08112385123968124,0.06170639768242836,0.3079345226287842,0.5322917699813843
1692309366.8634615,"[label: ""height""
size: 3
stride: 15, label: ""width""
size: 5
stride: 5]",0,4.0,0.041496627032756805,0.060739915817976,0.2948770821094513,0.037162866443395615,3.0,0.0035055617336183786,0.06130170449614525,0.30653810501098633,-0.48673880100250244,5.0,0.07873418182134628,0.06082995980978012,0.3054577708244324,0.5639091730117798
1692309366.9567254,"[label: ""height""
size: 3
stride: 15, label: ""width""
size: 5
stride: 5]",0,4.0,0.039998967200517654,0.0610680878162384,0.2966037094593048,-0.0007085654651746154,3.0,0.001735102036036551,0.061530694365501404,0.305068701505661,-0.490046888589859,5.0,0.07745873183012009,0.06137150898575783,0.3088764250278473,0.5675398111343384
1692309367.0757332,"[label: ""height""
size: 3
stride: 15, label: ""width""
size: 5
stride: 5]",0,4.0,0.03949900344014168,0.06181744486093521,0.299326092004776,-0.00813143141567707,3.0,0.001124164555221796,0.06160110980272293,0.30544722080230713,-0.4709245264530182,5.0,0.07635938376188278,0.06155029684305191,0.30851516127586365,0.5721797943115234
1692309367.1589613,"[label: ""height""
size: 3
stride: 15, label: ""width""
size: 5
stride: 5]",0,4.0,0.0394466333091259,0.061102066189050674,0.29674792289733887,0.03420974314212799,3.0,0.0012361560948193073,0.06152352690696716,0.3050300180912018,-0.48866069316864014,5.0,0.07659075409173965,0.06156596541404724,0.31048548221588135,0.5854485630989075
1692309367.264521,"[label: ""height""
size: 3
stride: 15, label: ""width""
size: 5
stride: 5]",0,4.0,0.041820332407951355,0.06165285035967827,0.29887816309928894,0.04415299743413925,3.0,0.00326369795948267,0.061692483723163605,0.3059316575527191,-0.45819270610809326,5.0,0.07887492328882217,0.062012095004320145,0.3114933967590332,0.5777212381362915
1692309367.362394,"[label: ""height""
size: 3
stride: 15, label: ""width""
size: 5
stride: 5]",0,4.0,0.04518219456076622,0.06277044862508774,0.3022339344024658,-0.03039427474141121,3.0,0.006414243020117283,0.06234404817223549,0.307195246219635,-0.4751414656639099,5.0,0.08286411315202713,0.06280673295259476,0.31357675790786743,0.5928804874420166
1692309367.4513102,"[label: ""height""
size: 3
stride: 15, label: ""width""
size: 5
stride: 5]",0,3.0,0.011699162423610687,0.06121280789375305,0.3070704936981201,-0.4633108973503113,4.0,0.05114114284515381,0.06264476478099823,0.30685293674468994,-0.04330842196941376,5.0,0.08816906064748764,0.06180698424577713,0.3137360215187073,0.5898423194885254
1692309367.5495238,"[label: ""height""
size: 3
stride: 15, label: ""width""
size: 5
stride: 5]",0,4.0,0.056500740349292755,0.06342914700508118,0.3048174977302551,0.03871484100818634,3.0,0.01759389601647854,0.06384163349866867,0.31398048996925354,-0.534026563167572,5.0,0.09395134449005127,0.06318458169698715,0.3141893446445465,0.5750592350959778
1692309367.65762,"[label: ""height""
size: 3
stride: 15, label: ""width""
size: 5
stride: 5]",0,4.0,0.06244461610913277,0.062281448394060135,0.3018539249897003,-0.019834434613585472,3.0,0.023341307416558266,0.0613868273794651,0.30668699741363525,-0.49055442214012146,5.0,0.1004498079419136,0.06249222531914711,0.31320422887802124,0.5549909472465515
1692309367.7520719,"[label: ""height""
size: 3
stride: 15, label: ""width""
size: 5
stride: 5]",0,4.0,0.0667041763663292,0.06203686445951462,0.2983761727809906,-0.05424809828400612,3.0,0.02888779155910015,0.06306936591863632,0.3120450973510742,-0.46578145027160645,5.0,0.1053190752863884,0.06255469471216202,0.3116682767868042,0.5652653574943542
1692309367.8565369,"[label: ""height""
size: 3
stride: 15, label: ""width""
size: 5
stride: 5]",0,4.0,0.07233467698097229,0.06304813176393509,0.302270770072937,-0.0004613331984728575,3.0,0.03360731527209282,0.06289240717887878,0.3111969530582428,-0.5319197177886963,5.0,0.1098700761795044,0.06291064620018005,0.3108270764350891,0.5573461055755615
1692309367.954746,"[label: ""height""
size: 3
stride: 15, label: ""width""
size: 5
stride: 5]",0,4.0,0.07473041117191315,0.06211506202816963,0.2982451617717743,-0.06058645620942116,3.0,0.03604324907064438,0.06188797578215599,0.30486932396888733,-0.5032821893692017,5.0,0.11230893433094025,0.06242994964122772,0.309127539396286,0.555099606513977
1692309368.0768254,"[label: ""height""
size: 3
stride: 15, label: ""width""
size: 5
stride: 5]",0,4.0,0.07579638063907623,0.06198979914188385,0.29632508754730225,0.026272324845194817,3.0,0.03760119527578354,0.06218022108078003,0.30640560388565063,-0.5140795707702637,5.0,0.11314073204994202,0.06245555356144905,0.30794060230255127,0.5564813613891602
1692309368.1677608,"[label: ""height""
size: 3
stride: 15, label: ""width""
size: 5
stride: 5]",0,4.0,0.07566921412944794,0.06288906186819077,0.3002229928970337,0.010716091841459274,3.0,0.036532096564769745,0.06274963170289993,0.306763231754303,-0.4890078604221344,5.0,0.11220453679561615,0.0625564455986023,0.3084861636161804,0.5660531520843506
1692309368.2657907,"[label: ""height""
size: 3
stride: 15, label: ""width""
size: 5
stride: 5]",0,4.0,0.07352837920188904,0.06319115310907364,0.30095410346984863,0.027097230777144432,3.0,0.03534446656703949,0.06396700441837311,0.31276506185531616,-0.48584574460983276,5.0,0.11055687814950943,0.06293364614248276,0.3109614849090576,0.5987509489059448
1692309368.3588738,"[label: ""height""
size: 3
stride: 15, label: ""width""
size: 5
stride: 5]",0,3.0,0.030974790453910828,0.06335610151290894,0.309900164604187,-0.4539126455783844,4.0,0.0695413276553154,0.06279261410236359,0.30100536346435547,0.09883786737918854,5.0,0.1066325455904007,0.06294650584459305,0.31289955973625183,0.6035990118980408
1692309368.4602067,"[label: ""height""
size: 3
stride: 15, label: ""width""
size: 5
stride: 5]",0,4.0,0.06412135064601898,0.06468328088521957,0.30396968126296997,0.09573286771774292,3.0,0.02522927150130272,0.06510236859321594,0.3128730058670044,-0.5020177364349365,5.0,0.10093514621257782,0.06470774859189987,0.31592604517936707,0.6285737156867981
1692309368.5405242,"[label: ""height""
size: 2
stride: 10, label: ""width""
size: 5
stride: 5]",0,4.0,0.056369297206401825,0.06381400674581528,0.3063669502735138,0.1233777329325676,3.0,0.017097491770982742,0.06456238031387329,0.31589409708976746,-0.4660874009132385
1692309368.6448257,"[label: ""height""
size: 2
stride: 10, label: ""width""
size: 5
stride: 5]",0,4.0,0.047082170844078064,0.0641297698020935,0.3049912750720978,0.21800898015499115,3.0,0.007899079471826553,0.06531623005867004,0.3144077956676483,-0.4284718334674835
1692309368.7506402,"[label: ""height""
size: 2
stride: 10, label: ""width""
size: 5
stride: 5]",0,3.0,-0.0020029759034514427,0.06585042923688889,0.31226345896720886,-0.4270114004611969,4.0,0.037916939705610275,0.06541340053081512,0.3086584508419037,0.226898655295372
1692309368.8646908,"[label: ""height""
size: 2
stride: 10, label: ""width""
size: 5
stride: 5]",0,3.0,-0.012355655431747437,0.06640321761369705,0.3124738931655884,-0.4113699793815613,4.0,0.027420809492468834,0.06540603935718536,0.3068426549434662,0.26082801818847656
1692309368.9602835,"[label: ""height""
size: 2
stride: 10, label: ""width""
size: 5
stride: 5]",0,3.0,-0.02176537550985813,0.0668758675456047,0.31222668290138245,-0.35155946016311646,4.0,0.018050050362944603,0.06511446833610535,0.3049687445163727,0.30550214648246765
1692309369.0555766,"[label: ""height""
size: 3
stride: 15, label: ""width""
size: 5
stride: 5]",0,3.0,-0.030326206237077713,0.06534228473901749,0.30568164587020874,-0.33955708146095276,4.0,0.009278997778892517,0.06467089802026749,0.30403992533683777,0.3028426766395569,5.0,0.0434567891061306,0.06443972885608673,0.3231509327888489,0.8132805824279785
1692309369.144671,"[label: ""height""
size: 3
stride: 15, label: ""width""
size: 5
stride: 5]",0,3.0,-0.038095176219940186,0.06650280952453613,0.3023280203342438,-0.2427108883857727,4.0,0.0014542454155161977,0.0656089037656784,0.3003917932510376,0.3383202850818634,5.0,0.03518939018249512,0.0661529153585434,0.32247090339660645,0.8191693425178528
1692309369.2660136,"[label: ""height""
size: 3
stride: 15, label: ""width""
size: 5
stride: 5]",0,3.0,-0.044080354273319244,0.06566066294908524,0.3001512289047241,-0.2269240915775299,4.0,-0.0045694150030612946,0.0647720918059349,0.29865461587905884,0.30515530705451965,5.0,0.028872357681393623,0.06447267532348633,0.31812795996665955,0.8182267546653748
1692309369.3673728,"[label: ""height""
size: 3
stride: 15, label: ""width""
size: 5
stride: 5]",0,3.0,-0.0460544116795063,0.06542375683784485,0.29614612460136414,-0.23828251659870148,4.0,-0.0067230891436338425,0.06496527791023254,0.2963598668575287,0.29640188813209534,5.0,0.026536663994193077,0.06552650034427643,0.3181843161582947,0.805934727191925
1692309369.462299,"[label: ""height""
size: 3
stride: 15, label: ""width""
size: 5
stride: 5]",0,3.0,-0.04541771858930588,0.06534383445978165,0.2925586402416229,-0.280570387840271,5.0,0.02670040726661682,0.06493724137544632,0.312309592962265,0.8097357749938965,4.0,-0.006725654937326908,0.0654657706618309,0.29643288254737854,0.2955477237701416
1692309369.5442784,"[label: ""height""
size: 3
stride: 15, label: ""width""
size: 5
stride: 5]",0,3.0,-0.042130060493946075,0.06482253223657608,0.29557180404663086,-0.2839181423187256,4.0,-0.002988884225487709,0.06445679068565369,0.29577454924583435,0.25739535689353943,5.0,0.031178968027234077,0.06433889269828796,0.31367331743240356,0.7744835615158081
1692309369.6612132,"[label: ""height""
size: 3
stride: 15, label: ""width""
size: 5
stride: 5]",0,3.0,-0.03752709925174713,0.06548373401165009,0.2952677011489868,-0.3288746476173401,4.0,0.001654115505516529,0.06505540013313293,0.29397106170654297,0.179359570145607,5.0,0.03650990501046181,0.06575316190719604,0.31428492069244385,0.7479062080383301
1692309369.7615898,"[label: ""height""
size: 3
stride: 15, label: ""width""
size: 5
stride: 5]",0,3.0,-0.03419048711657524,0.065769262611866,0.2966664731502533,-0.3436581492424011,4.0,0.005011293571442366,0.06561359763145447,0.2955305278301239,0.14074188470840454,5.0,0.03998998552560806,0.06521039456129074,0.3092740476131439,0.7123127579689026
1692309369.8566797,"[label: ""height""
size: 3
stride: 15, label: ""width""
size: 5
stride: 5]",0,4.0,0.007961021736264229,0.0647587925195694,0.29319924116134644,0.12412282824516296,3.0,-0.031297717243433,0.0651639774441719,0.2977517247200012,-0.39121130108833313,5.0,0.043627459555864334,0.0646643117070198,0.3090617060661316,0.6734835505485535
1692309369.947639,"[label: ""height""
size: 3
stride: 15, label: ""width""
size: 5
stride: 5]",0,3.0,-0.02855769731104374,0.06559091061353683,0.299803763628006,-0.38214290142059326,4.0,0.010438112542033195,0.06451013684272766,0.29246386885643005,0.10464964807033539,5.0,0.046908970922231674,0.06500611454248428,0.30820053815841675,0.6369556188583374
1692309370.0534256,"[label: ""height""
size: 3
stride: 15, label: ""width""
size: 5
stride: 5]",0,4.0,0.011868508532643318,0.06453876197338104,0.2889659106731415,0.1186046227812767,3.0,-0.026799818500876427,0.0656418576836586,0.2977025508880615,-0.41710424423217773,5.0,0.048648349940776825,0.06544209271669388,0.30562856793403625,0.6296685934066772
1692309370.1346345,"[label: ""height""
size: 3
stride: 15, label: ""width""
size: 5
stride: 5]",0,4.0,0.011416764929890633,0.06415929645299911,0.2906091809272766,0.07868389040231705,3.0,-0.027127312496304512,0.06420177221298218,0.29453036189079285,-0.4206538498401642,5.0,0.04737893119454384,0.06318209320306778,0.29907068610191345,0.6314862966537476
1692309370.241614,"[label: ""height""
size: 3
stride: 15, label: ""width""
size: 5
stride: 5]",0,4.0,0.010567366145551205,0.06449858099222183,0.28649866580963135,0.09024154394865036,3.0,-0.028063273057341576,0.06552238017320633,0.29549524188041687,-0.4251038730144501,5.0,0.047305092215538025,0.06470195949077606,0.30098769068717957,0.6167939305305481
1692309370.3384323,"[label: ""height""
size: 3
stride: 15, label: ""width""
size: 5
stride: 5]",0,4.0,0.009152167476713657,0.06491315364837646,0.2854335904121399,0.11655820161104202,3.0,-0.029347358271479607,0.0655684843659401,0.29254549741744995,-0.42457085847854614,5.0,0.04521124064922333,0.06412213295698166,0.2960168123245239,0.6468759775161743
1692309370.4424517,"[label: ""height""
size: 3
stride: 15, label: ""width""
size: 5
stride: 5]",0,4.0,0.00742524117231369,0.06392338871955872,0.28292980790138245,0.0905463695526123,3.0,-0.031362857669591904,0.06466776132583618,0.29010921716690063,-0.4204646944999695,5.0,0.043274521827697754,0.06363701075315475,0.2960177958011627,0.6523361206054688
1692309370.5611622,"[label: ""height""
size: 3
stride: 15, label: ""width""
size: 5
stride: 5]",0,3.0,-0.03509043529629707,0.0664517730474472,0.2876357436180115,-0.3967019021511078,4.0,0.0037452804390341043,0.06577052921056747,0.2818485200405121,0.12980568408966064,5.0,0.03959229961037636,0.06596939265727997,0.29841604828834534,0.6851775646209717
1692309370.650602,"[label: ""height""
size: 3
stride: 15, label: ""width""
size: 5
stride: 5]",0,3.0,-0.03973519057035446,0.06761600822210312,0.2916491627693176,-0.3760441243648529,4.0,2.6699981390265748e-05,0.06587736308574677,0.28343507647514343,0.22210513055324554,5.0,0.0355752669274807,0.06549452990293503,0.2984957993030548,0.7248226404190063
1692309370.7406495,"[label: ""height""
size: 3
stride: 15, label: ""width""
size: 5
stride: 5]",0,3.0,-0.04375767707824707,0.06636842340230942,0.28463122248649597,-0.30872678756713867,4.0,-0.003981858026236296,0.06540671736001968,0.27945277094841003,0.2133186161518097,5.0,0.03112836740911007,0.06653044372797012,0.30040282011032104,0.7323276400566101
1692309370.852245,"[label: ""height""
size: 3
stride: 15, label: ""width""
size: 5
stride: 5]",0,5.0,0.02620932087302208,0.06584551930427551,0.2946260869503021,0.7632034420967102,3.0,-0.04796701297163963,0.0673847571015358,0.28320077061653137,-0.33414068818092346,4.0,-0.008137443102896214,0.06644674390554428,0.2785729467868805,0.2648887634277344
1692309370.9556139,"[label: ""height""
size: 3
stride: 15, label: ""width""
size: 5
stride: 5]",0,3.0,-0.05139452591538429,0.06743070483207703,0.27751272916793823,-0.2678995430469513,4.0,-0.011814378201961517,0.06622474640607834,0.2738763093948364,0.25539007782936096,5.0,0.0220053531229496,0.06657540798187256,0.2931482791900635,0.7808843851089478
1692309371.0721092,"[label: ""height""
size: 3
stride: 15, label: ""width""
size: 5
stride: 5]",0,3.0,-0.05562051013112068,0.06786123663187027,0.278780460357666,-0.26543334126472473,4.0,-0.015201360918581486,0.06592733412981033,0.2731836140155792,0.3060062825679779,5.0,0.01846153289079666,0.06609194725751877,0.2920389473438263,0.8043620586395264
1692309371.1573849,"[label: ""height""
size: 3
stride: 15, label: ""width""
size: 5
stride: 5]",0,3.0,-0.05643436685204506,0.06657779961824417,0.2716800272464752,-0.2559714615345001,4.0,-0.01709682121872902,0.06599290668964386,0.27114149928092957,0.28995996713638306,5.0,0.01658455654978752,0.0667002871632576,0.2926540672779083,0.7907235622406006
1692309371.2536094,"[label: ""height""
size: 3
stride: 15, label: ""width""
size: 5
stride: 5]",0,3.0,-0.0560184083878994,0.06839878112077713,0.2740974724292755,-0.23794040083885193,4.0,-0.016035936772823334,0.06690137833356857,0.2705451250076294,0.31669679284095764,5.0,0.017312215641140938,0.06732010841369629,0.29072532057762146,0.8032787442207336
1692309371.3522341,"[label: ""height""
size: 3
stride: 15, label: ""width""
size: 5
stride: 5]",0,3.0,-0.052237462252378464,0.06631440669298172,0.271144300699234,-0.28112125396728516,4.0,-0.013021539896726608,0.06601753830909729,0.27088695764541626,0.24562451243400574,5.0,0.02064397558569908,0.06562965363264084,0.2890283465385437,0.8053761720657349
1692309371.4542897,"[label: ""height""
size: 3
stride: 15, label: ""width""
size: 5
stride: 5]",0,3.0,-0.04763653874397278,0.06708376854658127,0.27326977252960205,-0.3170316815376282,4.0,-0.008440112695097923,0.06670743227005005,0.2733429968357086,0.2493474781513214,5.0,0.0260708536952734,0.06607797741889954,0.2889031767845154,0.7882484793663025
1692309371.5651877,"[label: ""height""
size: 3
stride: 15, label: ""width""
size: 5
stride: 5]",0,3.0,-0.04296552762389183,0.06746798008680344,0.277678906917572,-0.35338640213012695,4.0,-0.003111611120402813,0.06719053536653519,0.27576228976249695,0.23555131256580353,5.0,0.03185701370239258,0.06694938242435455,0.292214035987854,0.760230541229248
1692309371.6644535,"[label: ""height""
size: 3
stride: 15, label: ""width""
size: 5
stride: 5]",0,4.0,0.0026942689437419176,0.06735966354608536,0.2741701602935791,0.1836758702993393,3.0,-0.036701712757349014,0.06771782040596008,0.27645012736320496,-0.4033513069152832,5.0,0.03843486309051514,0.06791910529136658,0.2922528088092804,0.7320627570152283
1692309371.7652617,"[label: ""height""
size: 3
stride: 15, label: ""width""
size: 5
stride: 5]",0,4.0,0.009089652448892593,0.06670859456062317,0.27366113662719727,0.1968497931957245,3.0,-0.03031115047633648,0.06708259880542755,0.2770044207572937,-0.4051877558231354,5.0,0.04474015161395073,0.0667286291718483,0.28812772035598755,0.7062138915061951
1692309371.8756516,"[label: ""height""
size: 3
stride: 15, label: ""width""
size: 5
stride: 5]",0,4.0,0.014951328746974468,0.06570512801408768,0.27103158831596375,0.04609820246696472,3.0,-0.023877432569861412,0.06574326008558273,0.274710088968277,-0.39996281266212463,5.0,0.05101515352725983,0.06560713052749634,0.28428947925567627,0.6715735197067261
1692309371.961499,"[label: ""height""
size: 3
stride: 15, label: ""width""
size: 5
stride: 5]",0,3.0,-0.019205015152692795,0.06664294004440308,0.27673712372779846,-0.44105759263038635,4.0,0.019773894920945168,0.0663924440741539,0.2724764347076416,0.0965764969587326,5.0,0.05593930929899216,0.06582657992839813,0.28270968794822693,0.6523874402046204
1692309372.0544596,"[label: ""height""
size: 3
stride: 15, label: ""width""
size: 5
stride: 5]",0,4.0,0.023790348321199417,0.06603104621171951,0.2704925537109375,0.04992980509996414,3.0,-0.014800838194787502,0.06573410332202911,0.2747415602207184,-0.4450027346611023,5.0,0.06049448251724243,0.06622271984815598,0.2823880612850189,0.6232833862304688
1692309372.160052,"[label: ""height""
size: 3
stride: 15, label: ""width""
size: 5
stride: 5]",0,4.0,0.025888005271553993,0.06495530903339386,0.2669717073440552,0.049867745488882065,3.0,-0.012460819445550442,0.0655730813741684,0.2749895453453064,-0.46095964312553406,5.0,0.06317383795976639,0.06567446142435074,0.2819817066192627,0.5998120307922363
1692309372.26153,"[label: ""height""
size: 3
stride: 15, label: ""width""
size: 5
stride: 5]",0,4.0,0.026780400425195694,0.06535236537456512,0.2680937349796295,0.062642402946949,3.0,-0.011852744966745377,0.0658881664276123,0.27681711316108704,-0.45312589406967163,5.0,0.06350386142730713,0.06553217023611069,0.27986615896224976,0.578779935836792
1692309372.3573809,"[label: ""height""
size: 3
stride: 15, label: ""width""
size: 5
stride: 5]",0,4.0,0.025228101760149002,0.06503916531801224,0.2667222321033478,0.0659739226102829,3.0,-0.012908549048006535,0.0655646100640297,0.2749510705471039,-0.45974302291870117,5.0,0.06220696493983269,0.06549230962991714,0.27968278527259827,0.591600775718689
1692309372.4532104,"[label: ""height""
size: 3
stride: 15, label: ""width""
size: 5
stride: 5]",0,4.0,0.02239518240094185,0.06650473177433014,0.27058619260787964,0.08291477710008621,3.0,-0.016325296834111214,0.06713300943374634,0.27934733033180237,-0.49882104992866516,5.0,0.0596461184322834,0.06642273813486099,0.2821979522705078,0.6170227527618408
1692309372.5464208,"[label: ""height""
size: 3
stride: 15, label: ""width""
size: 5
stride: 5]",0,4.0,0.017264362424612045,0.06536119431257248,0.26942992210388184,0.11888826638460159,3.0,-0.021592816337943077,0.06594277918338776,0.2780855596065521,-0.47768843173980713,5.0,0.053958892822265625,0.06555083394050598,0.2814088761806488,0.6352565288543701
1692309372.6477628,"[label: ""height""
size: 3
stride: 15, label: ""width""
size: 5
stride: 5]",0,4.0,0.010603247210383415,0.06645723432302475,0.2700974941253662,0.16224193572998047,3.0,-0.028502197936177254,0.06733351945877075,0.27780142426490784,-0.46816596388816833,5.0,0.047215018421411514,0.06668128073215485,0.2838115394115448,0.6482238173484802
1692309372.7681937,"[label: ""height""
size: 3
stride: 15, label: ""width""
size: 5
stride: 5]",0,4.0,0.002846086397767067,0.06569752842187881,0.2677064538002014,0.169485941529274,3.0,-0.036408405750989914,0.06635647267103195,0.2747459411621094,-0.4717106521129608,5.0,0.039323948323726654,0.0656968355178833,0.28210097551345825,0.6757954359054565
1692309372.8632636,"[label: ""height""
size: 3
stride: 15, label: ""width""
size: 5
stride: 5]",0,4.0,-0.005212806630879641,0.06558343768119812,0.2671965956687927,0.20982684195041656,3.0,-0.04457101225852966,0.066317617893219,0.27457040548324585,-0.43942081928253174,5.0,0.030852843075990677,0.06558271497488022,0.28054580092430115,0.6887526512145996
1692309372.953116,"[label: ""height""
size: 3
stride: 15, label: ""width""
size: 5
stride: 5]",0,4.0,-0.014096815139055252,0.06601371616125107,0.2675240933895111,0.20735964179039001,3.0,-0.05430743470788002,0.06697390228509903,0.2744653522968292,-0.4033674895763397,5.0,0.021696671843528748,0.0661645159125328,0.28400808572769165,0.6879663467407227
1692309373.0586042,"[label: ""height""
size: 3
stride: 15, label: ""width""
size: 5
stride: 5]",0,3.0,-0.062464579939842224,0.06731829792261124,0.27134978771209717,-0.3874514102935791,4.0,-0.02250531129539013,0.06625403463840485,0.2654097080230713,0.2680983245372772,5.0,0.013030702248215675,0.06589243561029434,0.2795368731021881,0.741769552230835
1692309373.1506965,"[label: ""height""
size: 3
stride: 15, label: ""width""
size: 5
stride: 5]",0,3.0,-0.06749171763658524,0.06534511595964432,0.26584354043006897,-0.33846306800842285,4.0,-0.02789398282766342,0.06468769162893295,0.26194673776626587,0.2621351480484009,5.0,0.00732074212282896,0.06504452228546143,0.27985191345214844,0.722813069820404
1692309373.2609875,"[label: ""height""
size: 3
stride: 15, label: ""width""
size: 5
stride: 5]",0,4.0,-0.030939284712076187,0.06405899673700333,0.2582285404205322,0.20260441303253174,3.0,-0.07056321948766708,0.06497403234243393,0.263897180557251,-0.33264294266700745,5.0,0.003942683804780245,0.06400882452726364,0.27435725927352905,0.7095497846603394
1692309373.348473,"[label: ""height""
size: 3
stride: 15, label: ""width""
size: 5
stride: 5]",0,4.0,-0.03165902942419052,0.06339335441589355,0.25778791308403015,0.1737872213125229,3.0,-0.07101947069168091,0.0644630566239357,0.2635522782802582,-0.3440012037754059,5.0,0.0033816825598478317,0.06359570473432541,0.2745250165462494,0.7009871006011963
1692309373.445068,"[label: ""height""
size: 3
stride: 15, label: ""width""
size: 5
stride: 5]",0,4.0,-0.02973492443561554,0.06490584462881088,0.26324570178985596,0.1880427449941635,3.0,-0.0690859705209732,0.06548701971769333,0.2681521773338318,-0.3771776258945465,5.0,0.006134048104286194,0.06467188149690628,0.27777814865112305,0.6968778371810913
1692309373.5450377,"[label: ""height""
size: 3
stride: 15, label: ""width""
size: 5
stride: 5]",0,4.0,-0.024222789332270622,0.06441514194011688,0.26829537749290466,0.23588106036186218,3.0,-0.06301257014274597,0.0638803094625473,0.2692473232746124,-0.4479348957538605,5.0,0.012252578511834145,0.06400614976882935,0.28031715750694275,0.6748753190040588
1692309373.6389434,"[label: ""height""
size: 3
stride: 15, label: ""width""
size: 5
stride: 5]",0,4.0,-0.01683846116065979,0.06520217657089233,0.2683511972427368,0.057046446949243546,3.0,-0.055771589279174805,0.06475425511598587,0.2725808024406433,-0.49109432101249695,5.0,0.020073285326361656,0.06502097100019455,0.2807717025279999,0.6471030712127686
1692309373.731665,"[label: ""height""
size: 3
stride: 15, label: ""width""
size: 5
stride: 5]",0,4.0,-0.010176003910601139,0.0654776394367218,0.2706686854362488,-0.094772107899189,3.0,-0.04861332103610039,0.0652463436126709,0.27696841955184937,-0.5029025673866272,5.0,0.027650566771626472,0.06506010890007019,0.28085067868232727,0.6011958122253418
1692309373.8410068,"[label: ""height""
size: 3
stride: 15, label: ""width""
size: 5
stride: 5]",0,4.0,-0.002979546319693327,0.06369493156671524,0.2710953950881958,-0.003784339874982834,3.0,-0.04116257280111313,0.06321373581886292,0.27705878019332886,-0.5449659824371338,5.0,0.03497302904725075,0.06365001946687698,0.2807093560695648,0.5591939687728882
1692309373.938355,"[label: ""height""
size: 3
stride: 15, label: ""width""
size: 5
stride: 5]",0,4.0,0.00414874404668808,0.06441666185855865,0.27121999859809875,-0.08551304042339325,3.0,-0.03441835939884186,0.06487072259187698,0.2832476496696472,-0.5614516139030457,5.0,0.04231704771518707,0.06441402435302734,0.2799514830112457,0.5305623412132263
1692309374.0380812,"[label: ""height""
size: 3
stride: 15, label: ""width""
size: 5
stride: 5]",0,4.0,0.011826514266431332,0.06436381489038467,0.2726927101612091,-0.13389861583709717,5.0,0.05045172572135925,0.06437550485134125,0.2793636620044708,0.509303092956543,3.0,-0.02590561844408512,0.06408511102199554,0.28244084119796753,-0.6209914684295654
1692309374.135859,"[label: ""height""
size: 3
stride: 15, label: ""width""
size: 5
stride: 5]",0,4.0,0.020237213000655174,0.06332890689373016,0.27102917432785034,-0.19263777136802673,5.0,0.05945424363017082,0.0636819377541542,0.2792890965938568,0.47603365778923035,3.0,-0.017163654789328575,0.06318488717079163,0.2830113470554352,-0.647179901599884
1692309374.2407997,"[label: ""height""
size: 3
stride: 15, label: ""width""
size: 5
stride: 5]",0,4.0,0.028605809435248375,0.06297101080417633,0.2700202763080597,-0.15554431080818176,5.0,0.0679425522685051,0.06343341618776321,0.27807825803756714,0.42990919947624207,3.0,-0.008530396968126297,0.06323004513978958,0.2847766578197479,-0.6585719585418701
1692309374.3485775,"[label: ""height""
size: 3
stride: 15, label: ""width""
size: 5
stride: 5]",0,4.0,0.036229707300662994,0.06319324672222137,0.2706639766693115,-0.23929400742053986,5.0,0.07563527673482895,0.0632709190249443,0.27584123611450195,0.4117840826511383,3.0,-0.0006148758111521602,0.0633392408490181,0.28531378507614136,-0.6832119226455688
1692309374.45148,"[label: ""height""
size: 3
stride: 15, label: ""width""
size: 5
stride: 5]",0,4.0,0.04092935472726822,0.061370719224214554,0.2645314931869507,-0.23425167798995972,3.0,0.004901109263300896,0.0619230791926384,0.280990332365036,-0.6589317917823792,5.0,0.0807127133011818,0.06240912154316902,0.273533433675766,0.4003884494304657
1692309374.55719,"[label: ""height""
size: 3
stride: 15, label: ""width""
size: 5
stride: 5]",0,3.0,0.009721281938254833,0.06237389147281647,0.28356993198394775,-0.628856360912323,4.0,0.04605001211166382,0.061946362257003784,0.26630479097366333,-0.196564182639122,5.0,0.08531209081411362,0.06219065934419632,0.27248695492744446,0.39488816261291504
1692309374.6455948,"[label: ""height""
size: 3
stride: 15, label: ""width""
size: 5
stride: 5]",0,4.0,0.04819061979651451,0.06114628538489342,0.2618408501148224,-0.17536038160324097,3.0,0.012241965159773827,0.061549387872219086,0.2783399224281311,-0.6663461327552795,5.0,0.0875716358423233,0.06207297742366791,0.27048853039741516,0.39625707268714905
1692309374.7423422,"[label: ""height""
size: 3
stride: 15, label: ""width""
size: 5
stride: 5]",0,4.0,0.0493924543261528,0.0606314055621624,0.2630157470703125,-0.1622234284877777,5.0,0.08863985538482666,0.061583247035741806,0.2717167139053345,0.4092055559158325,3.0,0.013064198195934296,0.06144030764698982,0.2808707654476166,-0.6335153579711914
1692309374.8661706,"[label: ""height""
size: 3
stride: 15, label: ""width""
size: 5
stride: 5]",0,4.0,0.046582553535699844,0.06167588010430336,0.2643167972564697,-0.09124938398599625,3.0,0.009712915867567062,0.06225673854351044,0.2799016535282135,-0.5886330604553223,5.0,0.08535216748714447,0.06188954785466194,0.27215805649757385,0.4592898190021515
1692309374.9559183,"[label: ""height""
size: 3
stride: 15, label: ""width""
size: 5
stride: 5]",0,3.0,0.006564728915691376,0.061650894582271576,0.27765071392059326,-0.5774183869361877,4.0,0.04431425780057907,0.06219371408224106,0.26808997988700867,-0.06582483649253845,5.0,0.082765594124794,0.0624820813536644,0.2757736146450043,0.49789929389953613
1692309375.0374968,"[label: ""height""
size: 3
stride: 15, label: ""width""
size: 5
stride: 5]",0,4.0,0.039909519255161285,0.060835521668195724,0.2633785903453827,-0.028632953763008118,3.0,0.002485954901203513,0.061352215707302094,0.27619510889053345,-0.522765576839447,5.0,0.07858690619468689,0.06165135279297829,0.2761346399784088,0.5241366624832153
1692309375.1504405,"[label: ""height""
size: 3
stride: 15, label: ""width""
size: 5
stride: 5]",0,4.0,0.03802327811717987,0.06228078901767731,0.2644326090812683,-0.018799735233187675,3.0,0.0003495193086564541,0.06276366114616394,0.2760118842124939,-0.5009191632270813,5.0,0.07577274739742279,0.06286384165287018,0.2765692472457886,0.5472696423530579
1692309375.2548008,"[label: ""height""
size: 3
stride: 15, label: ""width""
size: 5
stride: 5]",0,4.0,0.039311282336711884,0.06094452738761902,0.2648738920688629,0.008736131712794304,3.0,0.0012312715407460928,0.06064342334866524,0.27299195528030396,-0.49868321418762207,5.0,0.07694185525178909,0.06147686392068863,0.2779439091682434,0.5497303009033203
1692309375.3554437,"[label: ""height""
size: 3
stride: 15, label: ""width""
size: 5
stride: 5]",0,4.0,0.03993820399045944,0.06283586472272873,0.26696184277534485,-0.0006133826682344079,3.0,0.0015046924818307161,0.06316965818405151,0.276832640171051,-0.47147148847579956,5.0,0.07722154259681702,0.06337378174066544,0.27979129552841187,0.5607226490974426
1692309375.4524512,"[label: ""height""
size: 3
stride: 15, label: ""width""
size: 5
stride: 5]",0,4.0,0.04212045669555664,0.061801549047231674,0.2668914794921875,0.005545885767787695,3.0,0.003709310432896018,0.06130506470799446,0.2733434736728668,-0.47698476910591125,5.0,0.07963984459638596,0.06214568391442299,0.27942922711372375,0.5736008286476135
1692309375.5536513,"[label: ""height""
size: 3
stride: 15, label: ""width""
size: 5
stride: 5]",0,4.0,0.04611470550298691,0.06401022523641586,0.2703162133693695,0.02528211660683155,3.0,0.00726713240146637,0.06345054507255554,0.2774910628795624,-0.5288270711898804,5.0,0.08324418216943741,0.06396222859621048,0.28041261434555054,0.5695809125900269
1692309375.6549332,"[label: ""height""
size: 3
stride: 15, label: ""width""
size: 5
stride: 5]",0,4.0,0.05041724070906639,0.06309907883405685,0.2668246626853943,0.00624007498845458,5.0,0.08809661120176315,0.06369146704673767,0.27869662642478943,0.5532269477844238,3.0,0.01179419830441475,0.06240994855761528,0.2743392288684845,-0.5003370642662048
1692309375.7523224,"[label: ""height""
size: 3
stride: 15, label: ""width""
size: 5
stride: 5]",0,4.0,0.05439098924398422,0.06290411949157715,0.2662807106971741,-0.05353350192308426,3.0,0.016275454312562943,0.06270744651556015,0.27618151903152466,-0.51957106590271,5.0,0.09324437379837036,0.06421693414449692,0.2804849147796631,0.537614643573761
1692309375.8653395,"[label: ""height""
size: 3
stride: 15, label: ""width""
size: 5
stride: 5]",0,3.0,0.021729005500674248,0.06420121341943741,0.2793022096157074,-0.5175653100013733,4.0,0.05986505374312401,0.06464994698762894,0.26894697546958923,-0.07899501919746399,5.0,0.09918773919343948,0.06562639772891998,0.28207308053970337,0.5118175148963928
1692309375.9665563,"[label: ""height""
size: 3
stride: 15, label: ""width""
size: 5
stride: 5]",0,4.0,0.0653308779001236,0.06337165087461472,0.2660561501979828,-0.07109308987855911,3.0,0.02747957594692707,0.062429387122392654,0.2755419909954071,-0.56935054063797,5.0,0.1051807776093483,0.0650111585855484,0.27989232540130615,0.49647748470306396
1692309376.0521538,"[label: ""height""
size: 3
stride: 15, label: ""width""
size: 5
stride: 5]",0,4.0,0.06980423629283905,0.06354010850191116,0.26620733737945557,-0.100673146545887,5.0,0.10864963382482529,0.06431727856397629,0.2758971154689789,0.4664303958415985,3.0,0.03237925469875336,0.06339620798826218,0.2787754237651825,-0.5657383799552917
1692309376.1655183,"[label: ""height""
size: 3
stride: 15, label: ""width""
size: 5
stride: 5]",0,4.0,0.07280249148607254,0.06347405165433884,0.26456862688064575,-0.1325121968984604,5.0,0.11250422894954681,0.06501158326864243,0.275940865278244,0.4585593044757843,3.0,0.03548826277256012,0.06257884204387665,0.275667667388916,-0.5916794538497925
1692309376.2525005,"[label: ""height""
size: 3
stride: 15, label: ""width""
size: 5
stride: 5]",0,4.0,0.07414130866527557,0.06367804110050201,0.26583170890808105,-0.12438203394412994,5.0,0.11279193311929703,0.0640723705291748,0.2733457386493683,0.44919779896736145,3.0,0.037046220153570175,0.06317400932312012,0.2788527011871338,-0.6011155843734741
1692309376.3522675,"[label: ""height""
size: 3
stride: 15, label: ""width""
size: 5
stride: 5]",0,3.0,0.03585727512836456,0.06395001709461212,0.28185033798217773,-0.5739455819129944,4.0,0.07269121706485748,0.06414765864610672,0.2669714689254761,-0.048267561942338943,5.0,0.11110036820173264,0.06470369547605515,0.2741321325302124,0.4649887681007385
1692309376.4619017,"[label: ""height""
size: 3
stride: 15, label: ""width""
size: 5
stride: 5]",0,3.0,0.03112564980983734,0.06462639570236206,0.28588613867759705,-0.5681571960449219,4.0,0.06820007413625717,0.06428919732570648,0.26967737078666687,-0.0799676701426506,5.0,0.10676589608192444,0.06474684178829193,0.2771652340888977,0.4744343161582947
1692309376.565066,"[label: ""height""
size: 3
stride: 15, label: ""width""
size: 5
stride: 5]",0,4.0,0.061161767691373825,0.06521594524383545,0.2705160081386566,-0.026318369433283806,5.0,0.099430613219738,0.0659341812133789,0.27885282039642334,0.5027214884757996,3.0,0.023956337943673134,0.0658179298043251,0.2871001064777374,-0.6141241788864136
1692309376.6665,"[label: ""height""
size: 3
stride: 15, label: ""width""
size: 5
stride: 5]",0,4.0,0.05380617082118988,0.06503667682409286,0.2720375657081604,-0.036159854382276535,5.0,0.09233884513378143,0.06583742797374725,0.28194954991340637,0.5189294219017029,3.0,0.016202738508582115,0.06498272716999054,0.284912645816803,-0.5829080939292908
1692309376.758549,"[label: ""height""
size: 3
stride: 15, label: ""width""
size: 5
stride: 5]",0,4.0,0.04666841775178909,0.06465474516153336,0.2740170955657959,0.05598021671175957,5.0,0.08467932790517807,0.06520150601863861,0.28373268246650696,0.5411725044250488,3.0,0.00833575613796711,0.06493597477674484,0.28619882464408875,-0.5468103885650635
1692309376.863081,"[label: ""height""
size: 3
stride: 15, label: ""width""
size: 5
stride: 5]",0,4.0,0.03965338319540024,0.06574715673923492,0.27462416887283325,0.027665553614497185,5.0,0.07735053449869156,0.06641039997339249,0.2853925824165344,0.5623210072517395,3.0,0.0013109310530126095,0.06574466824531555,0.2851574718952179,-0.5265325903892517
1692309376.956693,"[label: ""height""
size: 3
stride: 15, label: ""width""
size: 5
stride: 5]",0,3.0,-0.005936724133789539,0.06418130546808243,0.2817177176475525,-0.4540911912918091,4.0,0.03297881782054901,0.0650477185845375,0.27624067664146423,0.127635195851326,5.0,0.06973971426486969,0.06531112641096115,0.28576403856277466,0.5984139442443848
1692309377.0613687,"[label: ""height""
size: 3
stride: 15, label: ""width""
size: 5
stride: 5]",0,3.0,-0.012108207680284977,0.06403464823961258,0.2805790603160858,-0.4384843409061432,4.0,0.026547586545348167,0.06485207378864288,0.2756728529930115,0.0897991880774498,5.0,0.06351516395807266,0.0654137060046196,0.28776949644088745,0.6186569929122925
1692309377.1751628,"[label: ""height""
size: 3
stride: 15, label: ""width""
size: 5
stride: 5]",0,3.0,-0.01828870177268982,0.06491713970899582,0.27896344661712646,-0.38893526792526245,4.0,0.02051793411374092,0.0654854029417038,0.27408072352409363,0.15772907435894012,5.0,0.05789012089371681,0.0667363777756691,0.29150888323783875,0.6242039203643799
1692309377.285706,"[label: ""height""
size: 3
stride: 15, label: ""width""
size: 5
stride: 5]",0,4.0,0.014593112282454967,0.06331255286931992,0.270882785320282,0.12834851443767548,3.0,-0.024161547422409058,0.0634058341383934,0.2782931625843048,-0.3761771321296692,5.0,0.05103867128491402,0.06408900767564774,0.28710344433784485,0.6277292370796204
1692309377.3689406,"[label: ""height""
size: 3
stride: 15, label: ""width""
size: 5
stride: 5]",0,4.0,0.011137613095343113,0.06437448412179947,0.27073240280151367,0.11961071193218231,3.0,-0.02770710363984108,0.06460180878639221,0.27708590030670166,-0.3995881676673889,5.0,0.0467667430639267,0.06467593461275101,0.284621924161911,0.6559296250343323
1692309377.475508,"[label: ""height""
size: 3
stride: 15, label: ""width""
size: 5
stride: 5]",0,4.0,0.01180496159940958,0.06361600011587143,0.2723197340965271,0.060353297740221024,3.0,-0.026788828894495964,0.063210129737854,0.2769441306591034,-0.4032049775123596,5.0,0.04818832129240036,0.06397474557161331,0.2861875593662262,0.6481719017028809
1692309377.5577295,"[label: ""height""
size: 3
stride: 15, label: ""width""
size: 5
stride: 5]",0,3.0,-0.023110726848244667,0.06415832787752151,0.2775532007217407,-0.42460086941719055,4.0,0.015785863623023033,0.06506901979446411,0.27562227845191956,0.06101524457335472,5.0,0.05257285758852959,0.06544877588748932,0.2891119718551636,0.6361407041549683
1692309377.6561782,"[label: ""height""
size: 3
stride: 15, label: ""width""
size: 5
stride: 5]",0,3.0,-0.016690757125616074,0.06283155828714371,0.27818402647972107,-0.45689839124679565,4.0,0.022143349051475525,0.0646137073636055,0.2766530513763428,0.01862337440252304,5.0,0.05911553278565407,0.06437982618808746,0.28696873784065247,0.6332567930221558
1692309377.7511883,"[label: ""height""
size: 3
stride: 15, label: ""width""
size: 5
stride: 5]",0,4.0,0.029184581711888313,0.06443455815315247,0.27791061997413635,0.016224803403019905,3.0,-0.009719557128846645,0.06370726227760315,0.28319770097732544,-0.5378857254981995,5.0,0.06600593030452728,0.06365709006786346,0.2852860987186432,0.6009774208068848
1692309377.8565514,"[label: ""height""
size: 3
stride: 15, label: ""width""
size: 5
stride: 5]",0,4.0,0.037180978804826736,0.06445297598838806,0.27736008167266846,0.004063289612531662,5.0,0.07457628846168518,0.06416652351617813,0.2854881286621094,0.5872111320495605,3.0,-0.00173051911406219,0.06437445431947708,0.2872178554534912,-0.5297484397888184
1692309377.9519227,"[label: ""height""
size: 3
stride: 15, label: ""width""
size: 5
stride: 5]",0,4.0,0.04511029273271561,0.06455972045660019,0.27704018354415894,-0.07051297277212143,5.0,0.08306656777858734,0.06439036130905151,0.28538987040519714,0.5406755208969116,3.0,0.006476030219346285,0.06345769762992859,0.2831585109233856,-0.5947611927986145
1692309378.0561638,"[label: ""height""
size: 3
stride: 15, label: ""width""
size: 5
stride: 5]",0,4.0,0.05405886843800545,0.06412751227617264,0.2765673100948334,-0.10418657958507538,5.0,0.09249962866306305,0.06398473680019379,0.28459030389785767,0.5297394394874573,3.0,0.015304413624107838,0.06312362849712372,0.283794641494751,-0.623734712600708
1692309378.154307,"[label: ""height""
size: 3
stride: 15, label: ""width""
size: 5
stride: 5]",0,4.0,0.06288987398147583,0.06355627626180649,0.27531886100769043,-0.05464176461100578,5.0,0.10188494622707367,0.06407005339860916,0.28383055329322815,0.4845273792743683,3.0,0.02448032796382904,0.06405998766422272,0.2889121472835541,-0.5899671316146851
1692309378.2556958,"[label: ""height""
size: 3
stride: 15, label: ""width""
size: 5
stride: 5]",0,4.0,0.06970330327749252,0.0641847476363182,0.2728048861026764,-0.14126239717006683,5.0,0.10873449593782425,0.0640987977385521,0.2799101173877716,0.4808579683303833,3.0,0.0316685289144516,0.06314684450626373,0.282821923494339,-0.6440707445144653
1692309378.3557754,"[label: ""height""
size: 3
stride: 15, label: ""width""
size: 5
stride: 5]",0,4.0,0.07688087970018387,0.06345023214817047,0.2712475657463074,-0.12187760323286057,5.0,0.1164533868432045,0.0639030933380127,0.28003111481666565,0.45727330446243286,3.0,0.03883606940507889,0.06296530365943909,0.281955748796463,-0.6412165760993958
1692309378.4724436,"[label: ""height""
size: 3
stride: 15, label: ""width""
size: 5
stride: 5]",0,4.0,0.07961039245128632,0.06155148148536682,0.2632831335067749,-0.09444908052682877,5.0,0.11879614740610123,0.06243951618671417,0.27300333976745605,0.4450378715991974,3.0,0.042572021484375,0.06114249676465988,0.2763387858867645,-0.618253231048584
1692309378.548108,"[label: ""height""
size: 3
stride: 15, label: ""width""
size: 5
stride: 5]",0,4.0,0.07742059230804443,0.06209924817085266,0.2631921172142029,-0.09974858164787292,5.0,0.11736412346363068,0.06314335763454437,0.2746247351169586,0.45214417576789856,3.0,0.040730759501457214,0.0623038113117218,0.27756035327911377,-0.6001090407371521
1692309378.6429348,"[label: ""height""
size: 3
stride: 15, label: ""width""
size: 5
stride: 5]",0,4.0,0.0749974325299263,0.06320436298847198,0.2666158080101013,-0.04778752103447914,5.0,0.11351031810045242,0.063350148499012,0.27561047673225403,0.5040601491928101,3.0,0.03782212734222412,0.06375016272068024,0.28197309374809265,-0.596299409866333
1692309378.7467775,"[label: ""height""
size: 3
stride: 15, label: ""width""
size: 5
stride: 5]",0,3.0,0.032603997737169266,0.06194142624735832,0.27942898869514465,-0.5150028467178345,4.0,0.07045028358697891,0.06200855225324631,0.26795679330825806,-0.03599158674478531,5.0,0.10826938599348068,0.06205608695745468,0.27633655071258545,0.5216696262359619
1692309378.8507648,"[label: ""height""
size: 3
stride: 15, label: ""width""
size: 5
stride: 5]",0,3.0,0.026834923774003983,0.0630502924323082,0.2778090238571167,-0.5206361413002014,4.0,0.06538594514131546,0.06400568038225174,0.26999300718307495,-0.0007015519076958299,5.0,0.1038239449262619,0.06448065489530563,0.2820998430252075,0.5655108690261841
1692309378.9440484,"[label: ""height""
size: 3
stride: 15, label: ""width""
size: 5
stride: 5]",0,4.0,0.05872778221964836,0.06336220353841782,0.27218934893608093,0.0513804666697979,3.0,0.02011636085808277,0.06366477906703949,0.2822001874446869,-0.5178943276405334,5.0,0.0966484546661377,0.06417091935873032,0.28478220105171204,0.5766632556915283
1692309379.0526657,"[label: ""height""
size: 3
stride: 15, label: ""width""
size: 5
stride: 5]",0,4.0,0.05165225267410278,0.06381551176309586,0.2722121477127075,0.10253589600324631,3.0,0.012910149060189724,0.06444121152162552,0.2829517722129822,-0.46674951910972595,5.0,0.08830031007528305,0.06403303146362305,0.28377026319503784,0.6387620568275452
1692309379.15817,"[label: ""height""
size: 2
stride: 10, label: ""width""
size: 5
stride: 5]",0,4.0,0.04401754215359688,0.06365218013525009,0.2714790999889374,0.16512194275856018,3.0,0.004865811672061682,0.06431795656681061,0.28047776222229004,-0.47050440311431885
1692309379.2515066,"[label: ""height""
size: 3
stride: 15, label: ""width""
size: 5
stride: 5]",0,4.0,0.035991474986076355,0.06396716833114624,0.2719304859638214,0.1971203088760376,3.0,-0.0034540232736617327,0.06454111635684967,0.27893784642219543,-0.40429800748825073,5.0,0.07177559286355972,0.06433587521314621,0.2883245050907135,0.7049328684806824
1692309379.349992,"[label: ""height""
size: 2
stride: 10, label: ""width""
size: 5
stride: 5]",0,4.0,0.027013057842850685,0.06441400200128555,0.2705419957637787,0.2663361430168152,3.0,-0.012367830611765385,0.06541293114423752,0.27695298194885254,-0.3731937110424042
1692309379.4635236,"[label: ""height""
size: 3
stride: 15, label: ""width""
size: 5
stride: 5]",0,3.0,-0.020194262266159058,0.06496555358171463,0.27591052651405334,-0.32652369141578674,4.0,0.01942114345729351,0.06366641819477081,0.2692127525806427,0.3045404553413391,5.0,0.05381598323583603,0.06474272906780243,0.29078415036201477,0.7994034886360168
1692309379.576809,"[label: ""height""
size: 3
stride: 15, label: ""width""
size: 5
stride: 5]",0,3.0,-0.025841284543275833,0.06508054584264755,0.2695970833301544,-0.2302711457014084,4.0,0.013350737281143665,0.06447572261095047,0.267524778842926,0.26436346769332886,5.0,0.04682999476790428,0.06533956527709961,0.2887308895587921,0.8077003359794617
1692309379.6640377,"[label: ""height""
size: 3
stride: 15, label: ""width""
size: 5
stride: 5]",0,3.0,-0.028223413974046707,0.06470755487680435,0.2668527364730835,-0.24777457118034363,4.0,0.010963113978505135,0.06438468396663666,0.26679980754852295,0.3189224302768707,5.0,0.04365021735429764,0.06445810943841934,0.2848786413669586,0.8253778219223022
1692309379.7669713,"[label: ""height""
size: 3
stride: 15, label: ""width""
size: 5
stride: 5]",0,3.0,-0.028335614129900932,0.06445026397705078,0.26607075333595276,-0.22296059131622314,4.0,0.010528636164963245,0.06439420580863953,0.2668427526950836,0.3199288249015808,5.0,0.042976316064596176,0.06449849903583527,0.2850781977176666,0.8428061008453369
1692309379.8595788,"[label: ""height""
size: 3
stride: 15, label: ""width""
size: 5
stride: 5]",0,3.0,-0.026864435523748398,0.06451044976711273,0.26666969060897827,-0.21802230179309845,4.0,0.012169389985501766,0.06501232832670212,0.2703314423561096,0.27902400493621826,5.0,0.04507719352841377,0.06512785702943802,0.2888997793197632,0.8374803066253662
1692309379.9529912,"[label: ""height""
size: 3
stride: 15, label: ""width""
size: 5
stride: 5]",0,3.0,-0.023297574371099472,0.06492789834737778,0.26853325963020325,-0.2055705189704895,4.0,0.015912562608718872,0.06518866866827011,0.27010470628738403,0.27032700181007385,5.0,0.04925912618637085,0.06602931767702103,0.29129570722579956,0.8202263116836548
1692309380.0527525,"[label: ""height""
size: 3
stride: 15, label: ""width""
size: 5
stride: 5]",0,3.0,-0.01882549561560154,0.06495555490255356,0.2686425447463989,-0.23477034270763397,4.0,0.020292023196816444,0.06539580971002579,0.271050363779068,0.26787301898002625,5.0,0.05387437343597412,0.06556989252567291,0.28983432054519653,0.8172048926353455
1692309380.152176,"[label: ""height""
size: 3
stride: 15, label: ""width""
size: 5
stride: 5]",0,3.0,-0.0151003897190094,0.06441788375377655,0.26788318157196045,-0.29390785098075867,4.0,0.02439642697572708,0.06447578221559525,0.268566370010376,0.2637164890766144,5.0,0.05855891481041908,0.06550703942775726,0.28952154517173767,0.7884485125541687
1692309380.2549381,"[label: ""height""
size: 3
stride: 15, label: ""width""
size: 5
stride: 5]",0,3.0,-0.011285870335996151,0.06417778134346008,0.26583132147789,-0.2914784550666809,4.0,0.027500562369823456,0.06486427783966064,0.2675963342189789,0.2773117423057556,5.0,0.0618172325193882,0.06539009511470795,0.2859242558479309,0.7849184274673462
1692309380.3632102,"[label: ""height""
size: 3
stride: 15, label: ""width""
size: 5
stride: 5]",0,4.0,0.027922652661800385,0.06380309164524078,0.2625076472759247,0.2409285008907318,3.0,-0.010801692493259907,0.06449270248413086,0.2672552466392517,-0.2978356182575226,5.0,0.06233951821923256,0.0651857852935791,0.2834577262401581,0.7640753388404846
1692309380.4740913,"[label: ""height""
size: 3
stride: 15, label: ""width""
size: 5
stride: 5]",0,4.0,0.02679697796702385,0.06464985013008118,0.2653332054615021,0.23398731648921967,3.0,-0.012314347550272942,0.06441495567560196,0.266884446144104,-0.2940656542778015,5.0,0.060789529234170914,0.06502525508403778,0.2826967239379883,0.7542809844017029
1692309380.5619876,"[label: ""height""
size: 3
stride: 15, label: ""width""
size: 5
stride: 5]",0,3.0,-0.016476398333907127,0.06573661416769028,0.2699202299118042,-0.23256729543209076,4.0,0.02276134118437767,0.06530232727527618,0.26599645614624023,0.2720223665237427,5.0,0.05717881768941879,0.06601336598396301,0.28550460934638977,0.7746768593788147
1692309380.6713595,"[label: ""height""
size: 3
stride: 15, label: ""width""
size: 5
stride: 5]",0,3.0,-0.02165834978222847,0.0660596415400505,0.2664479613304138,-0.27315160632133484,4.0,0.017506873235106468,0.06608375161886215,0.2652522325515747,0.2946109473705292,5.0,0.05171791464090347,0.06698410958051682,0.2856736481189728,0.7981336116790771
1692309380.7618575,"[label: ""height""
size: 3
stride: 15, label: ""width""
size: 5
stride: 5]",0,3.0,-0.029751470312476158,0.06783786416053772,0.2713497281074524,-0.3188447058200836,4.0,0.010221093893051147,0.06598659604787827,0.2636036276817322,0.3510379493236542,5.0,0.04369981214404106,0.0666196197271347,0.2836625576019287,0.8265067934989929
1692309380.863784,"[label: ""height""
size: 3
stride: 15, label: ""width""
size: 5
stride: 5]",0,3.0,-0.03754124417901039,0.06797149032354355,0.26744455099105835,-0.3130488693714142,4.0,0.0022237177472561598,0.06748083978891373,0.2660258710384369,0.32360363006591797,5.0,0.03591111674904823,0.0687689334154129,0.28926295042037964,0.8316147923469543
1692309380.9454634,"[label: ""height""
size: 3
stride: 15, label: ""width""
size: 5
stride: 5]",0,3.0,-0.04638646915555,0.06863420456647873,0.2650004029273987,-0.26668739318847656,4.0,-0.006428911350667477,0.06731537729501724,0.2625766098499298,0.40858638286590576,5.0,0.026326987892389297,0.06847874820232391,0.2866010069847107,0.860491156578064
1692309381.0601242,"[label: ""height""
size: 3
stride: 15, label: ""width""
size: 5
stride: 5]",0,3.0,-0.0541863888502121,0.0691235288977623,0.2630825638771057,-0.2060336321592331,4.0,-0.013915738090872765,0.0676625445485115,0.26009124517440796,0.411052942276001,5.0,0.017708897590637207,0.06870584189891815,0.2837125360965729,0.910033106803894
1692309381.1413777,"[label: ""height""
size: 3
stride: 15, label: ""width""
size: 5
stride: 5]",0,3.0,-0.062426622956991196,0.06915212422609329,0.2617347538471222,-0.14591281116008759,4.0,-0.022165589034557343,0.06802336871623993,0.26174411177635193,0.39669090509414673,5.0,0.009277701377868652,0.06917471438646317,0.2890801429748535,0.9272840023040771
1692309381.2482104,"[label: ""height""
size: 3
stride: 15, label: ""width""
size: 5
stride: 5]",0,3.0,-0.06871733069419861,0.06994831562042236,0.25799912214279175,-0.13703110814094543,4.0,-0.028559455648064613,0.06842373311519623,0.2572610676288605,0.4605421721935272,5.0,0.0018215631134808064,0.07017458230257034,0.2869088351726532,0.9499379992485046
1692309381.3567834,"[label: ""height""
size: 4
stride: 20, label: ""width""
size: 5
stride: 5]",0,3.0,-0.07289259135723114,0.06938895583152771,0.2543603479862213,-0.07448774576187134,4.0,-0.03314819559454918,0.06824562698602676,0.25625374913215637,0.4778951108455658,5.0,-0.00370521261356771,0.07026781141757965,0.287759006023407,0.9591900110244751,0.0,-0.3172035217285156,0.07806561887264252,0.6299653053283691,0.9288190603256226
1692309381.4617388,"[label: ""height""
size: 3
stride: 15, label: ""width""
size: 5
stride: 5]",0,3.0,-0.07426124066114426,0.06797709316015244,0.24791283905506134,-0.04253917932510376,4.0,-0.035461992025375366,0.06748848408460617,0.2534617483615875,0.4911319613456726,5.0,-0.006938153877854347,0.06836359947919846,0.2810070216655731,0.9964094161987305
1692309381.567069,"[label: ""height""
size: 3
stride: 15, label: ""width""
size: 5
stride: 5]",0,3.0,-0.07372782379388809,0.06797628849744797,0.24790072441101074,-0.024326052516698837,4.0,-0.03512787073850632,0.06752859055995941,0.25414785742759705,0.5122165679931641,5.0,-0.006780782714486122,0.06885307282209396,0.28349819779396057,1.0050312280654907
1692309381.6611333,"[label: ""height""
size: 3
stride: 15, label: ""width""
size: 5
stride: 5]",0,3.0,-0.07209425419569016,0.06931882351636887,0.2538626790046692,-0.046851158142089844,4.0,-0.032850414514541626,0.06858406215906143,0.25967755913734436,0.49229174852371216,5.0,-0.0037028826773166656,0.06905395537614822,0.2858187258243561,1.0281641483306885
1692309381.7561011,"[label: ""height""
size: 4
stride: 20, label: ""width""
size: 5
stride: 5]",0,3.0,-0.06538017094135284,0.0684368908405304,0.25224071741104126,-0.08823499083518982,4.0,-0.026985814794898033,0.06851395219564438,0.260221928358078,0.4577597677707672,5.0,0.0026142788119614124,0.06888026744127274,0.28602364659309387,1.005189299583435,0.0,-0.3192952573299408,0.07848573476076126,0.6397966146469116,0.8539050817489624
1692309381.8653054,"[label: ""height""
size: 4
stride: 20, label: ""width""
size: 5
stride: 5]",0,3.0,-0.0602136068046093,0.0681515485048294,0.25467807054519653,-0.12835101783275604,4.0,-0.02129804715514183,0.06759381294250488,0.2599409222602844,0.4819217324256897,5.0,0.008520316332578659,0.06854400783777237,0.28805387020111084,0.9809223413467407,0.0,-0.30109021067619324,0.07658019661903381,0.6304565668106079,-0.07031579315662384
1692309381.9563472,"[label: ""height""
size: 3
stride: 15, label: ""width""
size: 5
stride: 5]",0,3.0,-0.05421256273984909,0.06812575459480286,0.2589172124862671,-0.12967003881931305,4.0,-0.01493387296795845,0.06763573735952377,0.2634066939353943,0.45309221744537354,5.0,0.015547661110758781,0.06899679452180862,0.291915625333786,0.9651833176612854
1692309382.0647457,"[label: ""height""
size: 4
stride: 20, label: ""width""
size: 5
stride: 5]",0,3.0,-0.04772195219993591,0.06825532764196396,0.2586032748222351,-0.16317953169345856,4.0,-0.008902324363589287,0.06856854259967804,0.2657758891582489,0.4192958176136017,5.0,0.022107208147644997,0.06893932819366455,0.29017174243927,0.9469717144966125,0.0,-0.28347209095954895,0.07888001948595047,0.6606489419937134,0.8343461155891418
1692309382.1617305,"[label: ""height""
size: 3
stride: 15, label: ""width""
size: 5
stride: 5]",0,3.0,-0.04075414314866066,0.06757912784814835,0.26050394773483276,-0.20769748091697693,4.0,-0.0013817462604492903,0.06753695011138916,0.26572519540786743,0.4394560158252716,5.0,0.029636451974511147,0.06852106004953384,0.29192429780960083,0.9354512095451355
1692309382.2776105,"[label: ""height""
size: 4
stride: 20, label: ""width""
size: 5
stride: 5]",0,3.0,-0.034393422305583954,0.06668419390916824,0.2624901533126831,-0.2049780935049057,4.0,0.0048948549665510654,0.06662505865097046,0.26709166169166565,0.37032246589660645,5.0,0.03679978847503662,0.06733154505491257,0.29188838601112366,0.9127012491226196,0.0,-0.25184711813926697,0.07340455800294876,0.6599737405776978,0.7582002878189087
1692309382.364874,"[label: ""height""
size: 3
stride: 15, label: ""width""
size: 5
stride: 5]",0,3.0,-0.02725251019001007,0.06788870692253113,0.26516687870025635,-0.21115469932556152,4.0,0.012065676040947437,0.06780249625444412,0.2683967649936676,0.3823421001434326,5.0,0.044201310724020004,0.06826365739107132,0.29027730226516724,0.8923036456108093
1692309382.4804688,"[label: ""height""
size: 5
stride: 25, label: ""width""
size: 5
stride: 5]",0,3.0,-0.02109643630683422,0.066146120429039,0.2605498135089874,-0.1794796884059906,4.0,0.017696447670459747,0.06625104695558548,0.26420971751213074,0.339946448802948,5.0,0.04980862885713577,0.0670626163482666,0.2876211106777191,0.871574878692627,0.0,-0.2242613434791565,0.07332291454076767,0.6591072678565979,0.7310114502906799,1.0,-0.20059190690517426,0.07362549006938934,0.689823567867279,1.2620490789413452
1692309382.5684257,"[label: ""height""
size: 5
stride: 25, label: ""width""
size: 5
stride: 5]",0,3.0,-0.017216837033629417,0.06584765762090683,0.2613074779510498,-0.19712351262569427,4.0,0.021654900163412094,0.06561905890703201,0.26359784603118896,0.3466685712337494,5.0,0.05350090190768242,0.06617532670497894,0.2853357791900635,0.8717861771583557,0.0,-0.2147277593612671,0.07178700715303421,0.648064374923706,-0.06673621386289597,1.0,-0.1974029541015625,0.07390852272510529,0.7005488872528076,1.2410658597946167
1692309382.670112,"[label: ""height""
size: 5
stride: 25, label: ""width""
size: 5
stride: 5]",0,3.0,-0.01739059016108513,0.06654594093561172,0.263140469789505,-0.14935798943042755,4.0,0.02153681218624115,0.0662098079919815,0.26493582129478455,0.3365144431591034,0.0,-0.22571362555027008,0.0742592066526413,0.6656326055526733,-0.037461910396814346,1.0,-0.19897450506687164,0.07364917546510696,0.6900920867919922,1.2590805292129517,5.0,0.054468702524900436,0.06766821444034576,0.2912120521068573,0.8678722381591797
1692309382.7529159,"[label: ""height""
size: 3
stride: 15, label: ""width""
size: 5
stride: 5]",0,3.0,-0.02037297561764717,0.06638792902231216,0.2627307176589966,-0.14528119564056396,4.0,0.01840139366686344,0.06485406309366226,0.2612206041812897,0.3901495933532715,5.0,0.05034954473376274,0.0660707876086235,0.2873956859111786,0.8930475115776062
1692309382.862292,"[label: ""height""
size: 4
stride: 20, label: ""width""
size: 5
stride: 5]",0,3.0,-0.023405713960528374,0.06553079932928085,0.2608860731124878,-0.11644858121871948,4.0,0.015434028580784798,0.06523250788450241,0.2635469436645508,0.39576154947280884,5.0,0.04661627486348152,0.06571570038795471,0.2868739366531372,0.913329005241394,0.0,-0.24299101531505585,0.0706944540143013,0.6402925252914429,0.8520944118499756
1692309382.9657338,"[label: ""height""
size: 4
stride: 20, label: ""width""
size: 5
stride: 5]",0,3.0,-0.027882006019353867,0.06604006141424179,0.2600055932998657,-0.09427708387374878,4.0,0.01092548854649067,0.06551961600780487,0.26388412714004517,0.4081856310367584,5.0,0.04177526384592056,0.0658828541636467,0.28919851779937744,0.9401522278785706,0.0,-0.2576683461666107,0.07211605459451675,0.6389959454536438,0.8909085392951965
1692309383.0665486,"[label: ""height""
size: 4
stride: 20, label: ""width""
size: 5
stride: 5]",0,3.0,-0.03042261302471161,0.06628195196390152,0.2585587501525879,-0.04312219098210335,4.0,0.008158924989402294,0.0650317594408989,0.2602039873600006,0.45771458745002747,5.0,0.03812175244092941,0.06589065492153168,0.2866632640361786,0.9704148173332214,0.0,-0.26721295714378357,0.07187902182340622,0.6300694942474365,0.9201002717018127
1692309383.1608653,"[label: ""height""
size: 3
stride: 15, label: ""width""
size: 5
stride: 5]",0,3.0,-0.03638221696019173,0.06649317592382431,0.2606866955757141,-0.0865677073597908,4.0,0.002659892663359642,0.06496074050664902,0.26342082023620605,0.4849686920642853,5.0,0.03222837299108505,0.06589897722005844,0.291922003030777,1.00370454788208
1692309383.2840228,"[label: ""height""
size: 2
stride: 10, label: ""width""
size: 5
stride: 5]",0,3.0,-0.04407764598727226,0.06836814433336258,0.2593086361885071,-0.018512513488531113,4.0,-0.005040633026510477,0.06674058735370636,0.2624152898788452,0.5448664426803589
1692309383.366273,"[label: ""height""
size: 2
stride: 10, label: ""width""
size: 5
stride: 5]",0,3.0,-0.05254904925823212,0.06800606846809387,0.25526854395866394,0.018636154010891914,4.0,-0.013592689298093319,0.06649725139141083,0.26023441553115845,0.5825629234313965
1692309383.465317,"[label: ""height""
size: 2
stride: 10, label: ""width""
size: 5
stride: 5]",0,3.0,-0.059422217309474945,0.06771807372570038,0.2517501413822174,0.12712861597537994,4.0,-0.020994549617171288,0.06639561057090759,0.25859805941581726,0.6118048429489136
1692309383.5651536,"[label: ""height""
size: 3
stride: 15, label: ""width""
size: 5
stride: 5]",0,3.0,-0.06540386378765106,0.0680321529507637,0.24705199897289276,0.11725413054227829,4.0,-0.027522966265678406,0.066901296377182,0.2566371560096741,0.6570447683334351,5.0,-0.002674262970685959,0.06833592802286148,0.2912208139896393,1.1517183780670166
1692309383.6741679,"[label: ""height""
size: 3
stride: 15, label: ""width""
size: 5
stride: 5]",0,3.0,-0.07050585001707077,0.06818611174821854,0.24397054314613342,0.17374219000339508,4.0,-0.033084601163864136,0.0669654905796051,0.25357919931411743,0.6693732142448425,5.0,-0.009339756332337856,0.06786128878593445,0.2872579097747803,1.1890939474105835
1692309383.7652056,"[label: ""height""
size: 3
stride: 15, label: ""width""
size: 5
stride: 5]",0,5.0,-0.015051471069455147,0.06803607940673828,0.28849607706069946,1.2076562643051147,3.0,-0.07439948618412018,0.06724679470062256,0.2398216873407364,0.1789790391921997,4.0,-0.03781025856733322,0.06661370396614075,0.25267887115478516,0.6877748370170593
1692309383.86483,"[label: ""height""
size: 3
stride: 15, label: ""width""
size: 5
stride: 5]",0,3.0,-0.07531818002462387,0.06727444380521774,0.2364162802696228,0.14537277817726135,4.0,-0.03915094956755638,0.06655725091695786,0.24955737590789795,0.7167418003082275,5.0,-0.01720794104039669,0.06794356554746628,0.28517767786979675,1.220780849456787
1692309383.9596539,"[label: ""height""
size: 3
stride: 15, label: ""width""
size: 5
stride: 5]",0,5.0,-0.013529757969081402,0.0680721253156662,0.28866174817085266,1.2093374729156494,3.0,-0.07261338829994202,0.06719524413347244,0.23976384103298187,0.17852425575256348,4.0,-0.03686526417732239,0.0675467774271965,0.2567456364631653,0.6875975728034973
1692309384.0688152,"[label: ""height""
size: 3
stride: 15, label: ""width""
size: 5
stride: 5]",0,5.0,-0.008591147139668465,0.06849636137485504,0.2894483804702759,1.1900544166564941,3.0,-0.06853128224611282,0.06773000210523605,0.24191299080848694,0.0900670662522316,4.0,-0.03218948096036911,0.06742729991674423,0.25625187158584595,0.6691932082176208
1692309384.1548905,"[label: ""height""
size: 3
stride: 15, label: ""width""
size: 5
stride: 5]",0,3.0,-0.06495904922485352,0.0679486021399498,0.2448916882276535,0.0946393832564354,4.0,-0.027973372489213943,0.06753163784742355,0.2578524351119995,0.6628342270851135,5.0,-0.003761344589293003,0.06852532178163528,0.2910641133785248,1.178526520729065
1692309384.2626495,"[label: ""height""
size: 3
stride: 15, label: ""width""
size: 5
stride: 5]",0,4.0,-0.02281126007437706,0.0661434680223465,0.2576197385787964,0.6057194471359253,3.0,-0.0600278340280056,0.06659093499183655,0.2456422597169876,0.09365052729845047,5.0,0.001960435416549444,0.06744620203971863,0.29152533411979675,1.1577998399734497
1692309384.3619072,"[label: ""height""
size: 3
stride: 15, label: ""width""
size: 5
stride: 5]",0,3.0,-0.055693741887807846,0.06679841130971909,0.24807573854923248,0.05652845278382301,4.0,-0.018475612625479698,0.06677790731191635,0.2601921856403351,0.6021697521209717,5.0,0.007268620654940605,0.06837993860244751,0.29397863149642944,1.1358615159988403
1692309384.4712794,"[label: ""height""
size: 3
stride: 15, label: ""width""
size: 5
stride: 5]",0,3.0,-0.05319207161664963,0.06635159254074097,0.2460070252418518,0.07265090942382812,4.0,-0.015899239107966423,0.06585171073675156,0.2565842270851135,0.5942831039428711,5.0,0.00957922637462616,0.06679632514715195,0.2866668105125427,1.1171537637710571
1692309384.565968,"[label: ""height""
size: 3
stride: 15, label: ""width""
size: 5
stride: 5]",0,3.0,-0.05181927978992462,0.06536701321601868,0.24803200364112854,0.05945951119065285,4.0,-0.014371675439178944,0.06520116329193115,0.2589073181152344,0.5693289637565613,5.0,0.011852327734231949,0.06633737683296204,0.2907828986644745,1.1033767461776733
1692309384.6750524,"[label: ""height""
size: 3
stride: 15, label: ""width""
size: 5
stride: 5]",0,3.0,-0.04951458051800728,0.06632883101701736,0.24948744475841522,0.021893395110964775,4.0,-0.01168033480644226,0.06609580665826797,0.259954571723938,0.5497681498527527,5.0,0.014844665303826332,0.06734342128038406,0.2910262644290924,1.08548903465271
1692309384.7731533,"[label: ""height""
size: 3
stride: 15, label: ""width""
size: 5
stride: 5]",0,3.0,-0.04828522726893425,0.06509833037853241,0.2494734525680542,0.022162601351737976,4.0,-0.010506154969334602,0.06435227394104004,0.25765275955200195,0.5631299018859863,5.0,0.016383986920118332,0.0652325376868248,0.28851139545440674,1.069028615951538
1692309384.8777523,"[label: ""height""
size: 3
stride: 15, label: ""width""
size: 5
stride: 5]",0,3.0,-0.04887090623378754,0.06503380089998245,0.2486506551504135,0.07731368392705917,4.0,-0.011153106577694416,0.06464429944753647,0.2579667866230011,0.5637261271476746,5.0,0.015660643577575684,0.065645232796669,0.2882271409034729,1.07186758518219
1692309384.9685307,"[label: ""height""
size: 3
stride: 15, label: ""width""
size: 5
stride: 5]",0,3.0,-0.05404297634959221,0.06576043367385864,0.2525348961353302,0.0286615751683712,4.0,-0.015462728217244148,0.06460431963205338,0.259420245885849,0.5717465877532959,5.0,0.011568525806069374,0.06517724692821503,0.28932592272758484,1.0911728143692017
1692309385.085427,"[label: ""height""
size: 3
stride: 15, label: ""width""
size: 5
stride: 5]",0,3.0,-0.05862675979733467,0.0659201368689537,0.24914096295833588,0.025021621957421303,4.0,-0.020226558670401573,0.06439965218305588,0.2557733356952667,0.6186464428901672,5.0,0.006258154753595591,0.06594344228506088,0.29008054733276367,1.101427435874939
1692309385.1489627,"[label: ""height""
size: 3
stride: 15, label: ""width""
size: 5
stride: 5]",0,3.0,-0.06456703692674637,0.06485232710838318,0.24779321253299713,0.0529046393930912,4.0,-0.026509402319788933,0.06368532031774521,0.2557336688041687,0.5979904532432556,5.0,-0.00013562141975853592,0.06425101310014725,0.28678616881370544,1.113470435142517
1692309385.2686102,"[label: ""height""
size: 3
stride: 15, label: ""width""
size: 5
stride: 5]",0,3.0,-0.07013783603906631,0.0659550279378891,0.24626211822032928,0.03839046135544777,4.0,-0.03155267983675003,0.06459039449691772,0.253600150346756,0.6251852512359619,5.0,-0.006122787017375231,0.06570935994386673,0.2870206832885742,1.126311182975769
1692309385.3660781,"[label: ""height""
size: 3
stride: 15, label: ""width""
size: 5
stride: 5]",0,3.0,-0.0742613673210144,0.06395678967237473,0.24245664477348328,0.08003774285316467,4.0,-0.036652013659477234,0.06327395886182785,0.25366896390914917,0.6133803129196167,5.0,-0.011445206589996815,0.06344672292470932,0.2848162353038788,1.1645760536193848
1692309385.465247,"[label: ""height""
size: 3
stride: 15, label: ""width""
size: 5
stride: 5]",0,3.0,-0.07654248178005219,0.0641356036067009,0.2381022423505783,0.1444515883922577,4.0,-0.0395209863781929,0.06339488178491592,0.24972212314605713,0.6368947625160217,5.0,-0.015504715964198112,0.0638902336359024,0.2806464731693268,1.1653022766113281
1692309385.5639539,"[label: ""height""
size: 3
stride: 15, label: ""width""
size: 5
stride: 5]",0,3.0,-0.07813126593828201,0.06249845027923584,0.23668812215328217,0.13700954616069794,4.0,-0.04128848388791084,0.061867665499448776,0.2493482083082199,0.6485652923583984,5.0,-0.017692407593131065,0.06254526227712631,0.28233572840690613,1.1847333908081055
1692309385.6647549,"[label: ""height""
size: 3
stride: 15, label: ""width""
size: 5
stride: 5]",0,5.0,-0.01865042746067047,0.06412108242511749,0.28628188371658325,1.1805598735809326,3.0,-0.07873044908046722,0.06376562267541885,0.2384517937898636,0.12582026422023773,4.0,-0.04252167418599129,0.06372858583927155,0.253553181886673,0.6539496183395386
1692309385.7703154,"[label: ""height""
size: 3
stride: 15, label: ""width""
size: 5
stride: 5]",0,5.0,-0.014844562858343124,0.06205198913812637,0.28485336899757385,1.1986876726150513,3.0,-0.07528960704803467,0.06275264173746109,0.24052733182907104,0.11919666081666946,4.0,-0.038524676114320755,0.06172733008861542,0.25389355421066284,0.6709505915641785
1692309385.9032907,"[label: ""height""
size: 3
stride: 15, label: ""width""
size: 5
stride: 5]",0,5.0,-0.01062038354575634,0.06306403130292892,0.28999239206314087,1.18958580493927,3.0,-0.07045383751392365,0.06296081840991974,0.2421816885471344,0.1190975159406662,4.0,-0.03405241668224335,0.062357671558856964,0.2561129331588745,0.6784769892692566
1692309385.9781115,"[label: ""height""
size: 3
stride: 15, label: ""width""
size: 5
stride: 5]",0,5.0,-0.006266224663704634,0.0630258172750473,0.2909283936023712,1.194854974746704,3.0,-0.06611059606075287,0.06323366612195969,0.2444637268781662,0.12231031805276871,4.0,-0.02974526770412922,0.06275737285614014,0.2594737708568573,0.6698601245880127
1692309386.0696907,"[label: ""height""
size: 3
stride: 15, label: ""width""
size: 5
stride: 5]",0,5.0,-0.0014094968792051077,0.061580028384923935,0.29250144958496094,1.1980760097503662,3.0,-0.06110711768269539,0.06199232116341591,0.24601389467716217,0.11011656373739243,4.0,-0.024812009185552597,0.06119036301970482,0.26010626554489136,0.6994235515594482
1692309386.158662,"[label: ""height""
size: 3
stride: 15, label: ""width""
size: 5
stride: 5]",0,4.0,-0.020344465970993042,0.06242756173014641,0.26254701614379883,0.6655938625335693,5.0,0.0029021981172263622,0.06271950155496597,0.29390791058540344,1.1965323686599731,3.0,-0.05629999563097954,0.06271302700042725,0.24627597630023956,0.13289198279380798
1692309386.2708669,"[label: ""height""
size: 3
stride: 15, label: ""width""
size: 5
stride: 5]",0,3.0,-0.0518803633749485,0.0628613829612732,0.2503586411476135,0.0739404484629631,4.0,-0.015566586516797543,0.06277232617139816,0.2668535113334656,0.6751495003700256,5.0,0.007859952747821808,0.06352963298559189,0.30055949091911316,1.2008600234985352
1692309386.3760128,"[label: ""height""
size: 3
stride: 15, label: ""width""
size: 5
stride: 5]",0,5.0,0.013858170248568058,0.06170004606246948,0.30000460147857666,1.1898870468139648,3.0,-0.04621441289782524,0.061886854469776154,0.25230711698532104,0.13388647139072418,4.0,-0.009938981384038925,0.06162918731570244,0.2679573893547058,0.667415201663971
1692309386.4866264,"[label: ""height""
size: 3
stride: 15, label: ""width""
size: 5
stride: 5]",0,3.0,-0.04149789363145828,0.0632769763469696,0.2559150457382202,0.08060827851295471,4.0,-0.00482584023848176,0.06257697194814682,0.26967769861221313,0.6717425584793091,5.0,0.018962262198328972,0.06296765804290771,0.301373690366745,1.1933366060256958
1692309386.5697281,"[label: ""height""
size: 3
stride: 15, label: ""width""
size: 5
stride: 5]",0,3.0,-0.03679046407341957,0.06275850534439087,0.2571238875389099,0.04290807247161865,4.0,-8.348260598722845e-05,0.06182253360748291,0.26991260051727295,0.6826936602592468,5.0,0.023854196071624756,0.06214047968387604,0.3009703755378723,1.1930055618286133
1692309386.6900895,"[label: ""height""
size: 3
stride: 15, label: ""width""
size: 5
stride: 5]",0,3.0,-0.03162483125925064,0.06185190752148628,0.2561573088169098,0.11969037353992462,4.0,0.004675028845667839,0.061533547937870026,0.2713561952114105,0.6484495401382446,5.0,0.028813285753130913,0.06210004910826683,0.3025238513946533,1.1688072681427002
1692309386.7715046,"[label: ""height""
size: 4
stride: 20, label: ""width""
size: 5
stride: 5]",0,3.0,-0.02814168483018875,0.0623251274228096,0.258285790681839,0.0703541487455368,4.0,0.008536274544894695,0.06166283041238785,0.2705463469028473,0.6494829058647156,5.0,0.03299462050199509,0.06253521889448166,0.30345162749290466,1.1618410348892212,1.0,-0.3174879550933838,0.07366731762886047,0.6212885975837708,1.436438798904419
1692309386.882189,"[label: ""height""
size: 4
stride: 20, label: ""width""
size: 5
stride: 5]",0,3.0,-0.02403656579554081,0.06227806955575943,0.2580733299255371,0.1244630441069603,4.0,0.012630303390324116,0.06208893656730652,0.27332785725593567,0.622811496257782,5.0,0.03720778599381447,0.06253518909215927,0.30345141887664795,1.16330885887146,1.0,-0.31122758984565735,0.07428640872240067,0.628669261932373,1.4280579090118408
1692309386.9596698,"[label: ""height""
size: 4
stride: 20, label: ""width""
size: 5
stride: 5]",0,3.0,-0.02154756523668766,0.062214195728302,0.2581133246421814,0.08624286949634552,4.0,0.015101499855518341,0.062381308525800705,0.2736053764820099,0.6111513376235962,5.0,0.040134064853191376,0.06320060789585114,0.30484047532081604,1.1392149925231934,1.0,-0.30466264486312866,0.0743204727768898,0.6289373636245728,1.4162867069244385
1692309387.082128,"[label: ""height""
size: 4
stride: 20, label: ""width""
size: 5
stride: 5]",0,3.0,-0.019303645938634872,0.0622858852148056,0.2600450813770294,0.14178204536437988,4.0,0.01729637198150158,0.06144849210977554,0.27093929052352905,0.6262859106063843,5.0,0.04216832295060158,0.062522754073143,0.3033815026283264,1.1479674577713013,1.0,-0.299728125333786,0.07430987805128098,0.6288401484489441,1.4240574836730957
1692309387.165671,"[label: ""height""
size: 4
stride: 20, label: ""width""
size: 5
stride: 5]",0,3.0,-0.018925730139017105,0.06323550641536713,0.25927627086639404,0.14174288511276245,4.0,0.017471715807914734,0.06278886646032333,0.271985799074173,0.6316224336624146,5.0,0.04256432503461838,0.06406283378601074,0.3053809106349945,1.1530331373214722,1.0,-0.3001590967178345,0.07640952616930008,0.629189670085907,1.440016746520996
1692309387.2680275,"[label: ""height""
size: 3
stride: 15, label: ""width""
size: 5
stride: 5]",0,3.0,-0.020638156682252884,0.06242937222123146,0.2594727873802185,0.14403267204761505,4.0,0.015506566502153873,0.06195193901658058,0.2726660370826721,0.6357945799827576,5.0,0.040583591908216476,0.06351903080940247,0.30937737226486206,1.1575814485549927
1692309387.3726346,"[label: ""height""
size: 3
stride: 15, label: ""width""
size: 5
stride: 5]",0,3.0,-0.025325104594230652,0.06456759572029114,0.2598871886730194,0.16984649002552032,4.0,0.010684112086892128,0.06435811519622803,0.27487918734550476,0.6625973582267761,5.0,0.034699298441410065,0.06519654393196106,0.30778777599334717,1.1831153631210327
1692309387.4689388,"[label: ""height""
size: 2
stride: 10, label: ""width""
size: 5
stride: 5]",0,3.0,-0.031392812728881836,0.06513248383998871,0.26487287878990173,0.23130758106708527,4.0,0.005008449777960777,0.06457498669624329,0.2787587642669678,0.6759791374206543
1692309387.5924726,"[label: ""height""
size: 2
stride: 10, label: ""width""
size: 5
stride: 5]",0,4.0,-0.0012372946366667747,0.06505408138036728,0.27643370628356934,0.6987013816833496,3.0,-0.03651140630245209,0.06555334478616714,0.2607001066207886,0.2627525329589844
1692309387.670094,"[label: ""height""
size: 2
stride: 10, label: ""width""
size: 5
stride: 5]",0,3.0,-0.04285839945077896,0.06575634330511093,0.26067227125167847,0.31167784333229065,4.0,-0.0075835371389985085,0.06520833820104599,0.27715808153152466,0.7392513155937195
1692309387.762967,"[label: ""height""
size: 2
stride: 10, label: ""width""
size: 5
stride: 5]",0,3.0,-0.05015861988067627,0.06677015125751495,0.26044079661369324,0.3288510739803314,4.0,-0.015256505459547043,0.06577039510011673,0.2766740024089813,0.7702738642692566
1692309387.867395,"[label: ""height""
size: 2
stride: 10, label: ""width""
size: 5
stride: 5]",0,4.0,-0.021423034369945526,0.06494787335395813,0.27467069029808044,0.8036059737205505,3.0,-0.05560632050037384,0.06548942625522614,0.2562286853790283,0.3501339256763458
1692309387.9674914,"[label: ""height""
size: 3
stride: 15, label: ""width""
size: 5
stride: 5]",0,3.0,-0.058274272829294205,0.06554114818572998,0.25096595287323,0.32682469487190247,4.0,-0.02591443993151188,0.06624682247638702,0.27582353353500366,0.8057000637054443,5.0,-0.007357541471719742,0.06689874827861786,0.31048786640167236,1.3362351655960083
1692309388.0609384,"[label: ""height""
size: 3
stride: 15, label: ""width""
size: 5
stride: 5]",0,4.0,-0.029245711863040924,0.06560850143432617,0.27845314145088196,0.8372148871421814,5.0,-0.011132488958537579,0.06669007241725922,0.3160790801048279,1.3597915172576904,3.0,-0.06187734007835388,0.06531468778848648,0.254769504070282,0.33028411865234375
1692309388.1643798,"[label: ""height""
size: 3
stride: 15, label: ""width""
size: 5
stride: 5]",0,3.0,-0.06391817331314087,0.06575819849967957,0.25270605087280273,0.36372530460357666,4.0,-0.03174334391951561,0.06559332460165024,0.2746115028858185,0.8637807965278625,5.0,-0.014654119499027729,0.06712658703327179,0.3139127194881439,1.373133659362793
1692309388.2803276,"[label: ""height""
size: 3
stride: 15, label: ""width""
size: 5
stride: 5]",0,3.0,-0.06439922749996185,0.06584230810403824,0.2554238438606262,0.3697982132434845,4.0,-0.03240407630801201,0.06621737778186798,0.2791595160961151,0.8562144637107849,5.0,-0.01534819696098566,0.0670590028166771,0.3148050308227539,1.380628228187561
1692309388.3665268,"[label: ""height""
size: 3
stride: 15, label: ""width""
size: 5
stride: 5]",0,3.0,-0.06346878409385681,0.06591033935546875,0.25777366757392883,0.32346367835998535,4.0,-0.03101164847612381,0.06620530039072037,0.2819547951221466,0.8480783700942993,5.0,-0.013648143038153648,0.06614217907190323,0.3141104578971863,1.3837188482284546
1692309388.4684134,"[label: ""height""
size: 3
stride: 15, label: ""width""
size: 5
stride: 5]",0,3.0,-0.061036981642246246,0.06531461328268051,0.25862449407577515,0.3197228014469147,4.0,-0.028887933120131493,0.06565503031015396,0.2825776934623718,0.8457484841346741,5.0,-0.0113725196570158,0.06664267927408218,0.3189326524734497,1.3651796579360962
1692309388.5591133,"[label: ""height""
size: 3
stride: 15, label: ""width""
size: 5
stride: 5]",0,3.0,-0.058418285101652145,0.06574726849794388,0.26022568345069885,0.3355514705181122,4.0,-0.02560148946940899,0.06575819104909897,0.282021164894104,0.8364635705947876,5.0,-0.007892321795225143,0.06684131920337677,0.3205031752586365,1.361290693283081
1692309388.6690698,"[label: ""height""
size: 3
stride: 15, label: ""width""
size: 5
stride: 5]",0,3.0,-0.05732535943388939,0.0662926584482193,0.2652677595615387,0.2996436357498169,4.0,-0.02381688542664051,0.0656510517001152,0.2840152978897095,0.8306507468223572,5.0,-0.005706850439310074,0.06731420010328293,0.3233765661716461,1.344052791595459
1692309388.762778,"[label: ""height""
size: 3
stride: 15, label: ""width""
size: 5
stride: 5]",0,3.0,-0.05572965741157532,0.0654037669301033,0.2665248215198517,0.3144218921661377,4.0,-0.022338323295116425,0.06522845476865768,0.28722089529037476,0.8014342784881592,5.0,-0.00365463993512094,0.06552895158529282,0.318564236164093,1.333909034729004
1692309388.8646677,"[label: ""height""
size: 3
stride: 15, label: ""width""
size: 5
stride: 5]",0,3.0,-0.053965866565704346,0.06456436216831207,0.26704245805740356,0.3277605175971985,4.0,-0.020628126338124275,0.06467466056346893,0.28789857029914856,0.8024250268936157,5.0,-0.0012002993607893586,0.06575274467468262,0.3254292905330658,1.3130061626434326
1692309388.9664907,"[label: ""height""
size: 3
stride: 15, label: ""width""
size: 5
stride: 5]",0,3.0,-0.05278850719332695,0.06488700211048126,0.2691137492656708,0.27846136689186096,4.0,-0.01919988915324211,0.06465069204568863,0.28933265805244446,0.7801555395126343,5.0,0.000665338127873838,0.06577177345752716,0.3255396783351898,1.307205080986023
1692309389.093414,"[label: ""height""
size: 3
stride: 15, label: ""width""
size: 5
stride: 5]",0,3.0,-0.05120909959077835,0.06493953615427017,0.27131885290145874,0.2951001822948456,4.0,-0.017141418531537056,0.06455894559621811,0.29044297337532043,0.7686779499053955,5.0,0.00304945046082139,0.06500076502561569,0.32367759943008423,1.3008091449737549
1692309389.19121,"[label: ""height""
size: 3
stride: 15, label: ""width""
size: 5
stride: 5]",0,3.0,-0.050688885152339935,0.064390167593956,0.27465835213661194,0.22263921797275543,4.0,-0.016138052567839622,0.06415864080190659,0.2935451865196228,0.751186728477478,5.0,0.004776615649461746,0.06390973925590515,0.3235115110874176,1.2880655527114868
1692309389.2641888,"[label: ""height""
size: 3
stride: 15, label: ""width""
size: 5
stride: 5]",0,3.0,-0.04894329234957695,0.06417077034711838,0.27577081322669983,0.25394579768180847,4.0,-0.014271734282374382,0.06413041055202484,0.29455193877220154,0.7403654456138611,5.0,0.007095434702932835,0.06434894353151321,0.32637903094291687,1.2703909873962402
1692309389.3657281,"[label: ""height""
size: 3
stride: 15, label: ""width""
size: 5
stride: 5]",0,3.0,-0.04796159267425537,0.06482981890439987,0.2799701690673828,0.1619865745306015,4.0,-0.01268299575895071,0.06421133130788803,0.29660356044769287,0.7249837517738342,5.0,0.00937855988740921,0.06503389775753021,0.3312106132507324,1.2438467741012573
1692309389.465261,"[label: ""height""
size: 3
stride: 15, label: ""width""
size: 5
stride: 5]",0,3.0,-0.046294402331113815,0.06475730240345001,0.28069546818733215,0.22454041242599487,4.0,-0.01080604363232851,0.06392629444599152,0.2951551377773285,0.7134430408477783,5.0,0.011271313764154911,0.06500010192394257,0.33101215958595276,1.2383800745010376
1692309389.5510676,"[label: ""height""
size: 3
stride: 15, label: ""width""
size: 5
stride: 5]",0,3.0,-0.045711323618888855,0.0628388524055481,0.2792055308818817,0.21647238731384277,4.0,-0.010831531137228012,0.06298942863941193,0.2986827492713928,0.6864553093910217,5.0,0.011676010675728321,0.06333211809396744,0.33078286051750183,1.2295035123825073
1692309389.6742811,"[label: ""height""
size: 3
stride: 15, label: ""width""
size: 5
stride: 5]",0,3.0,-0.04686177894473076,0.06395521759986877,0.2801160216331482,0.24676115810871124,4.0,-0.01187901571393013,0.06454009562730789,0.3002833127975464,0.6834036707878113,5.0,0.010854605585336685,0.06463301926851273,0.33052903413772583,1.2322766780853271
1692309389.7836926,"[label: ""height""
size: 3
stride: 15, label: ""width""
size: 5
stride: 5]",0,3.0,-0.05005941540002823,0.06364083290100098,0.2812422513961792,0.2351275533437729,4.0,-0.014799057506024837,0.06369840353727341,0.29980695247650146,0.6975188255310059,5.0,0.0075440676882863045,0.06455931067466736,0.33363696932792664,1.2308931350708008
1692309389.8799717,"[label: ""height""
size: 3
stride: 15, label: ""width""
size: 5
stride: 5]",0,3.0,-0.0538652203977108,0.06383823603391647,0.28110364079475403,0.20604558289051056,4.0,-0.018957028165459633,0.0639326348900795,0.29969820380210876,0.7113168239593506,5.0,0.0031549890991300344,0.06429249793291092,0.3315301835536957,1.2450228929519653
1692309389.9695973,"[label: ""height""
size: 2
stride: 10, label: ""width""
size: 5
stride: 5]",0,4.0,-0.02339649759232998,0.06449463218450546,0.3000607192516327,0.7257606983184814,3.0,-0.05911022424697876,0.06574171036481857,0.2860819101333618,0.2557593286037445
1692309390.0980144,"[label: ""height""
size: 3
stride: 15, label: ""width""
size: 5
stride: 5]",0,3.0,-0.06194857135415077,0.06304071098566055,0.27837681770324707,0.254125714302063,4.0,-0.02797630801796913,0.06318631768226624,0.2980128526687622,0.7640556693077087,5.0,-0.007113087922334671,0.06455130875110626,0.33568301796913147,1.2646315097808838
1692309390.2004168,"[label: ""height""
size: 2
stride: 10, label: ""width""
size: 5
stride: 5]",0,3.0,-0.06900585442781448,0.06635682284832001,0.2845872938632965,0.30077096819877625,4.0,-0.03418960049748421,0.06580448150634766,0.30218473076820374,0.7795002460479736
1692309390.311278,"[label: ""height""
size: 2
stride: 10, label: ""width""
size: 5
stride: 5]",0,3.0,-0.07388944178819656,0.06549422442913055,0.2827589213848114,0.29574382305145264,4.0,-0.04004592448472977,0.06540878117084503,0.3043898344039917,0.8020020723342896
1692309390.383619,"[label: ""height""
size: 3
stride: 15, label: ""width""
size: 5
stride: 5]",0,3.0,-0.07698388397693634,0.06493718922138214,0.27593258023262024,0.36794063448905945,4.0,-0.04457591101527214,0.06540543586015701,0.299835205078125,0.841564416885376,5.0,-0.026497408747673035,0.06697328388690948,0.3389328122138977,1.342776894569397
1692309390.4705558,"[label: ""height""
size: 3
stride: 15, label: ""width""
size: 5
stride: 5]",0,3.0,-0.0818987488746643,0.06568848341703415,0.27728134393692017,0.37421292066574097,4.0,-0.049123864620923996,0.06545654684305191,0.29846009612083435,0.8753537535667419,5.0,-0.03218582645058632,0.06734000146389008,0.33732548356056213,1.3757301568984985
1692309390.5769064,"[label: ""height""
size: 3
stride: 15, label: ""width""
size: 5
stride: 5]",0,3.0,-0.08446396887302399,0.06540453433990479,0.2764124274253845,0.37779462337493896,4.0,-0.05323665216565132,0.06606382876634598,0.30232763290405273,0.8736966252326965,5.0,-0.03738322854042053,0.0686267539858818,0.34443333745002747,1.3863521814346313
1692309390.6744916,"[label: ""height""
size: 3
stride: 15, label: ""width""
size: 5
stride: 5]",0,3.0,-0.08622270077466965,0.06669379025697708,0.27813854813575745,0.4047035276889801,4.0,-0.05445476248860359,0.06673718988895416,0.30089229345321655,0.8860843181610107,5.0,-0.03862042725086212,0.0674750953912735,0.3366408944129944,1.4220774173736572
1692309390.7711892,"[label: ""height""
size: 3
stride: 15, label: ""width""
size: 5
stride: 5]",0,3.0,-0.0844886302947998,0.06516047567129135,0.2787919044494629,0.4019835293292999,4.0,-0.05380941927433014,0.06590332090854645,0.30619728565216064,0.891959011554718,5.0,-0.03823453187942505,0.06717488914728165,0.3442275822162628,1.4209206104278564
1692309390.851126,"[label: ""height""
size: 3
stride: 15, label: ""width""
size: 5
stride: 5]",0,3.0,-0.08238963782787323,0.0668601468205452,0.28168919682502747,0.39057374000549316,4.0,-0.051299627870321274,0.06730695068836212,0.30689018964767456,0.9100798964500427,5.0,-0.03581089898943901,0.06809761375188828,0.342506468296051,1.4289411306381226
1692309390.985461,"[label: ""height""
size: 3
stride: 15, label: ""width""
size: 5
stride: 5]",0,3.0,-0.08052981644868851,0.06634408980607986,0.28213152289390564,0.41954758763313293,4.0,-0.04976359009742737,0.0667678564786911,0.30670857429504395,0.9050880670547485,5.0,-0.03406643122434616,0.0670073926448822,0.33912748098373413,1.4290956258773804
1692309391.0831397,"[label: ""height""
size: 3
stride: 15, label: ""width""
size: 5
stride: 5]",0,3.0,-0.08048412948846817,0.06545732915401459,0.27953413128852844,0.40075546503067017,4.0,-0.05094059556722641,0.06693004071712494,0.30921807885169983,0.9204911589622498,5.0,-0.0357334241271019,0.06803679466247559,0.3457408547401428,1.4320136308670044
1692309391.175577,"[label: ""height""
size: 3
stride: 15, label: ""width""
size: 5
stride: 5]",0,3.0,-0.08078278601169586,0.06701850146055222,0.28485292196273804,0.36659207940101624,4.0,-0.04950373247265816,0.06729324162006378,0.30971553921699524,0.9121825695037842,5.0,-0.03452206030488014,0.06886851042509079,0.34779053926467896,1.4290012121200562
1692309391.2583604,"[label: ""height""
size: 3
stride: 15, label: ""width""
size: 5
stride: 5]",0,3.0,-0.07806026190519333,0.06723075360059738,0.2856440246105194,0.3933553993701935,4.0,-0.047148458659648895,0.06793247163295746,0.3108610212802887,0.8994829058647156,5.0,-0.0315728634595871,0.06970265507698059,0.3498234748840332,1.4204028844833374
1692309391.366071,"[label: ""height""
size: 3
stride: 15, label: ""width""
size: 5
stride: 5]",0,3.0,-0.07438116520643234,0.06635682284832001,0.2854553461074829,0.39721566438674927,4.0,-0.04320257529616356,0.06735272705554962,0.3117181658744812,0.8816176652908325,5.0,-0.02743588015437126,0.06867672502994537,0.34825068712234497,1.40858793258667
1692309391.4767528,"[label: ""height""
size: 3
stride: 15, label: ""width""
size: 5
stride: 5]",0,3.0,-0.0717153325676918,0.06745672225952148,0.28870338201522827,0.37165066599845886,4.0,-0.03991572558879852,0.06790294498205185,0.31191644072532654,0.8900882005691528,5.0,-0.023605704307556152,0.06958258897066116,0.3506525456905365,1.39411461353302
1692309391.5594976,"[label: ""height""
size: 2
stride: 10, label: ""width""
size: 5
stride: 5]",0,3.0,-0.06887702643871307,0.06778108328580856,0.2895668148994446,0.3447057902812958,4.0,-0.03735164552927017,0.06906381994485855,0.316010445356369,0.8654569983482361
1692309391.6723294,"[label: ""height""
size: 3
stride: 15, label: ""width""
size: 5
stride: 5]",0,3.0,-0.06713170558214188,0.06719659268856049,0.29192477464675903,0.3877304494380951,4.0,-0.03452682867646217,0.06743994355201721,0.31388726830482483,0.8640316724777222,5.0,-0.0171489417552948,0.06877880543470383,0.35092103481292725,1.3680168390274048
1692309391.785916,"[label: ""height""
size: 3
stride: 15, label: ""width""
size: 5
stride: 5]",0,3.0,-0.06519509106874466,0.0682535469532013,0.2920491099357605,0.3165745437145233,4.0,-0.032488539814949036,0.06891057640314102,0.3152478039264679,0.8404020667076111,5.0,-0.014799583703279495,0.07083028554916382,0.3532778322696686,1.3519682884216309
1692309391.8770483,"[label: ""height""
size: 3
stride: 15, label: ""width""
size: 5
stride: 5]",0,3.0,-0.06434215605258942,0.06753268092870712,0.2905580699443817,0.3588290810585022,4.0,-0.0317341610789299,0.0682847872376442,0.31419509649276733,0.8303622007369995,5.0,-0.013500889763236046,0.0696776732802391,0.3496812880039215,1.3524503707885742
1692309391.9686873,"[label: ""height""
size: 3
stride: 15, label: ""width""
size: 5
stride: 5]",0,3.0,-0.06422653049230576,0.06764116883277893,0.2911026179790497,0.3590271770954132,4.0,-0.03124629706144333,0.0683320090174675,0.3131974935531616,0.8229018449783325,5.0,-0.012702186591923237,0.06941352784633636,0.34764519333839417,1.342305064201355
1692309392.076571,"[label: ""height""
size: 3
stride: 15, label: ""width""
size: 5
stride: 5]",0,3.0,-0.0653766617178917,0.06856407225131989,0.2909173369407654,0.357649028301239,4.0,-0.03263828530907631,0.06998356431722641,0.3154318630695343,0.8069896101951599,5.0,-0.013850648887455463,0.07059650123119354,0.3478771150112152,1.3448950052261353
1692309392.158346,"[label: ""height""
size: 3
stride: 15, label: ""width""
size: 5
stride: 5]",0,3.0,-0.0668875202536583,0.06746429204940796,0.29065385460853577,0.33350586891174316,4.0,-0.034218404442071915,0.06825894117355347,0.31456831097602844,0.804934561252594,5.0,-0.015513366088271141,0.06948540359735489,0.3501459062099457,1.340944766998291
1692309392.2637124,"[label: ""height""
size: 3
stride: 15, label: ""width""
size: 5
stride: 5]",0,3.0,-0.07017706334590912,0.06883153319358826,0.2914724349975586,0.33712315559387207,4.0,-0.03716515377163887,0.069404236972332,0.3134203255176544,0.8207505941390991,5.0,-0.018867677077651024,0.07114989310503006,0.3512951135635376,1.3381905555725098
1692309392.3627732,"[label: ""height""
size: 3
stride: 15, label: ""width""
size: 5
stride: 5]",0,3.0,-0.07278729975223541,0.06692207604646683,0.28865256905555725,0.3511342704296112,4.0,-0.040739599615335464,0.06819912046194077,0.31427818536758423,0.8180027604103088,5.0,-0.022281434386968613,0.0696277916431427,0.3530321717262268,1.3399970531463623
1692309392.4738667,"[label: ""height""
size: 2
stride: 10, label: ""width""
size: 5
stride: 5]",0,3.0,-0.07901724427938461,0.0700356513261795,0.2947547435760498,0.3837372660636902,4.0,-0.04545802250504494,0.0698726698756218,0.31490427255630493,0.832438051700592
1692309392.5718381,"[label: ""height""
size: 2
stride: 10, label: ""width""
size: 5
stride: 5]",0,3.0,-0.08451520651578903,0.06873688101768494,0.29357704520225525,0.3341774344444275,4.0,-0.0506279282271862,0.06790352612733841,0.3119186758995056,0.8864338397979736
1692309392.671504,"[label: ""height""
size: 2
stride: 10, label: ""width""
size: 5
stride: 5]",0,3.0,-0.09158498793840408,0.07102343440055847,0.2947961986064911,0.3781419098377228,4.0,-0.05754087120294571,0.07019898295402527,0.31410592794418335,0.870792806148529
1692309392.778542,"[label: ""height""
size: 2
stride: 10, label: ""width""
size: 5
stride: 5]",0,3.0,-0.09559056907892227,0.06821821630001068,0.2883477807044983,0.3728325068950653,4.0,-0.06316865235567093,0.06781625002622604,0.31028440594673157,0.8862170577049255
1692309392.8667877,"[label: ""height""
size: 2
stride: 10, label: ""width""
size: 5
stride: 5]",0,3.0,-0.10133786499500275,0.06966467201709747,0.2876538038253784,0.39868488907814026,4.0,-0.06908716261386871,0.06941784173250198,0.3106515109539032,0.8848441243171692
1692309392.982391,"[label: ""height""
size: 2
stride: 10, label: ""width""
size: 5
stride: 5]",0,3.0,-0.10601124912500381,0.06801949441432953,0.2841379940509796,0.40745970606803894,4.0,-0.07365003228187561,0.06714318692684174,0.3049282431602478,0.9200970530509949
1692309393.0716982,"[label: ""height""
size: 3
stride: 15, label: ""width""
size: 5
stride: 5]",0,3.0,-0.11165144294500351,0.06889461725950241,0.28454217314720154,0.3955111503601074,4.0,-0.07922554761171341,0.06831314414739609,0.3057471513748169,0.9276413917541504,5.0,-0.06481381505727768,0.06940681487321854,0.3441277742385864,1.442889928817749
1692309393.166829,"[label: ""height""
size: 2
stride: 10, label: ""width""
size: 5
stride: 5]",0,3.0,-0.11584220081567764,0.06789220124483109,0.2827970087528229,0.3784787058830261,4.0,-0.08311830461025238,0.06676089763641357,0.30267566442489624,0.9380274415016174
1692309393.2855194,"[label: ""height""
size: 3
stride: 15, label: ""width""
size: 5
stride: 5]",0,5.0,-0.07328225672245026,0.06808595359325409,0.3389855623245239,1.4753973484039307,3.0,-0.11899445205926895,0.06770642846822739,0.27955925464630127,0.356854110956192,4.0,-0.08885475248098373,0.06874068826436996,0.3070446252822876,0.9136990308761597
1692309393.3624625,"[label: ""height""
size: 3
stride: 15, label: ""width""
size: 5
stride: 5]",0,4.0,-0.08813510090112686,0.06546389311552048,0.29674914479255676,0.9363195896148682,5.0,-0.0749596655368805,0.06663629412651062,0.3372614085674286,1.4608384370803833,3.0,-0.12077934294939041,0.0666235089302063,0.2774777412414551,0.4005456268787384
1692309393.476038,"[label: ""height""
size: 3
stride: 15, label: ""width""
size: 5
stride: 5]",0,4.0,-0.08782293647527695,0.066583052277565,0.2985464334487915,0.9135869741439819,5.0,-0.07411021739244461,0.06769587844610214,0.3384236693382263,1.4549826383590698,3.0,-0.12023413181304932,0.06719354540109634,0.2778973877429962,0.3410024344921112
1692309393.572834,"[label: ""height""
size: 3
stride: 15, label: ""width""
size: 5
stride: 5]",0,3.0,-0.1171894446015358,0.06508667767047882,0.2745698392391205,0.35868725180625916,4.0,-0.08602781593799591,0.0649704709649086,0.2978348135948181,0.9214156270027161,5.0,-0.0718727558851242,0.06605494022369385,0.3371008336544037,1.4353822469711304
1692309393.6848042,"[label: ""height""
size: 3
stride: 15, label: ""width""
size: 5
stride: 5]",0,4.0,-0.08304743468761444,0.06492885947227478,0.2976266145706177,0.9097515940666199,5.0,-0.06806579977273941,0.06584300845861435,0.33532604575157166,1.4346745014190674,3.0,-0.1163201630115509,0.06611446291208267,0.2793349623680115,0.3093975782394409
1692309393.791947,"[label: ""height""
size: 3
stride: 15, label: ""width""
size: 5
stride: 5]",0,5.0,-0.06472549587488174,0.06594746559858322,0.3379499614238739,1.419895887374878,3.0,-0.11346954852342606,0.06581534445285797,0.28046727180480957,0.3052701950073242,4.0,-0.08163439482450485,0.06615181267261505,0.3049505949020386,0.8842718005180359
1692309393.8810062,"[label: ""height""
size: 3
stride: 15, label: ""width""
size: 5
stride: 5]",0,4.0,-0.07770154625177383,0.06546895951032639,0.30183008313179016,0.8738218545913696,5.0,-0.06123548001050949,0.06578660011291504,0.3385479152202606,1.408286690711975,3.0,-0.1107139140367508,0.06608482450246811,0.28225693106651306,0.32021868228912354
1692309393.973077,"[label: ""height""
size: 3
stride: 15, label: ""width""
size: 5
stride: 5]",0,3.0,-0.10645069926977158,0.06508559733629227,0.27983105182647705,0.3048320710659027,4.0,-0.07470664381980896,0.06539471447467804,0.30365872383117676,0.8501192331314087,5.0,-0.05853203311562538,0.06666485220193863,0.3430311679840088,1.3849525451660156
1692309394.0847397,"[label: ""height""
size: 3
stride: 15, label: ""width""
size: 5
stride: 5]",0,3.0,-0.10377983003854752,0.0660698264837265,0.2866328954696655,0.29841020703315735,4.0,-0.07099834829568863,0.06615324318408966,0.30957409739494324,0.8385188579559326,5.0,-0.053718168288469315,0.06659796088933945,0.3463103473186493,1.3820841312408447
1692309394.1703978,"[label: ""height""
size: 3
stride: 15, label: ""width""
size: 5
stride: 5]",0,3.0,-0.09979858249425888,0.06575652956962585,0.2843818962574005,0.3147298991680145,4.0,-0.06661855429410934,0.06536451727151871,0.3046899735927582,0.8474069237709045,5.0,-0.049412451684474945,0.06596258282661438,0.34014245867729187,1.3786476850509644
1692309394.286168,"[label: ""height""
size: 3
stride: 15, label: ""width""
size: 5
stride: 5]",0,4.0,-0.06718965619802475,0.06552311033010483,0.30895164608955383,0.8388732075691223,5.0,-0.04927770793437958,0.06530027091503143,0.3410411775112152,1.3930472135543823,3.0,-0.0999438539147377,0.0655691921710968,0.286550909280777,0.3473071753978729
1692309394.3866885,"[label: ""height""
size: 3
stride: 15, label: ""width""
size: 5
stride: 5]",0,3.0,-0.0978471115231514,0.06536315381526947,0.28368353843688965,0.3886595070362091,4.0,-0.06544225662946701,0.06542816013097763,0.30501362681388855,0.8642363548278809,5.0,-0.04899144545197487,0.06608576327562332,0.34293580055236816,1.3900446891784668
1692309394.480276,"[label: ""height""
size: 3
stride: 15, label: ""width""
size: 5
stride: 5]",0,4.0,-0.06295634806156158,0.06568857282400131,0.30804508924484253,0.8741979002952576,5.0,-0.046231742948293686,0.06661220639944077,0.3463909924030304,1.3851114511489868,3.0,-0.09625592082738876,0.06626719236373901,0.2886698246002197,0.2924685776233673
1692309394.5879755,"[label: ""height""
size: 3
stride: 15, label: ""width""
size: 5
stride: 5]",0,3.0,-0.09282289445400238,0.06576965004205704,0.29231515526771545,0.28128787875175476,4.0,-0.05935932323336601,0.06585559248924255,0.31421181559562683,0.8522999882698059,5.0,-0.04174149036407471,0.06563132256269455,0.3479198217391968,1.3787635564804077
1692309394.679142,"[label: ""height""
size: 3
stride: 15, label: ""width""
size: 5
stride: 5]",0,4.0,-0.0545618012547493,0.06610767543315887,0.31109243631362915,0.83832848072052,5.0,-0.03751274198293686,0.0670941099524498,0.3496062755584717,1.3718047142028809,3.0,-0.08778714388608932,0.06627240031957626,0.29087507724761963,0.3276591897010803
1692309394.7566357,"[label: ""height""
size: 3
stride: 15, label: ""width""
size: 5
stride: 5]",0,3.0,-0.08386071771383286,0.06430443376302719,0.2865307927131653,0.3506029546260834,4.0,-0.052330583333969116,0.06505335122346878,0.31218525767326355,0.8577172756195068,5.0,-0.03542988374829292,0.06616862863302231,0.351522833108902,1.381306767463684
1692309394.858569,"[label: ""height""
size: 3
stride: 15, label: ""width""
size: 5
stride: 5]",0,3.0,-0.08132872730493546,0.06416420638561249,0.28586962819099426,0.3464856445789337,4.0,-0.05002487078309059,0.06513842195272446,0.31135594844818115,0.8653391003608704,5.0,-0.032760102301836014,0.06542719155550003,0.3461046814918518,1.3878955841064453
1692309394.9588907,"[label: ""height""
size: 3
stride: 15, label: ""width""
size: 5
stride: 5]",0,3.0,-0.08059675246477127,0.06488627195358276,0.2870844602584839,0.37009385228157043,4.0,-0.04905398562550545,0.06561541557312012,0.3124482333660126,0.8667773008346558,5.0,-0.03290345147252083,0.0671379566192627,0.3520757853984833,1.3901736736297607
1692309395.0625412,"[label: ""height""
size: 3
stride: 15, label: ""width""
size: 5
stride: 5]",0,3.0,-0.08208809047937393,0.0640096589922905,0.2873869836330414,0.3765128552913666,4.0,-0.050737351179122925,0.06466076523065567,0.3133540153503418,0.8693821430206299,5.0,-0.03471730276942253,0.06557019054889679,0.3513946831226349,1.4048737287521362
1692309395.1581562,"[label: ""height""
size: 3
stride: 15, label: ""width""
size: 5
stride: 5]",0,3.0,-0.08442028611898422,0.06527790427207947,0.28738173842430115,0.3958146572113037,4.0,-0.05334736034274101,0.06555479764938354,0.3121531903743744,0.9060470461845398,5.0,-0.0378434881567955,0.0665270984172821,0.3496440649032593,1.4231791496276855
1692309395.255409,"[label: ""height""
size: 3
stride: 15, label: ""width""
size: 5
stride: 5]",0,3.0,-0.08595345169305801,0.06417493522167206,0.2840103805065155,0.4210340678691864,4.0,-0.055523015558719635,0.06472563743591309,0.3100857734680176,0.9229382872581482,5.0,-0.040501318871974945,0.06505303084850311,0.34787920117378235,1.4339543581008911
1692309395.3615055,"[label: ""height""
size: 3
stride: 15, label: ""width""
size: 5
stride: 5]",0,3.0,-0.08828099071979523,0.06542132049798965,0.285920113325119,0.4334445595741272,4.0,-0.05798543617129326,0.06624197214841843,0.313051700592041,0.9300299882888794,5.0,-0.04326979070901871,0.0669991746544838,0.3506194055080414,1.4425270557403564
1692309395.4520655,"[label: ""height""
size: 3
stride: 15, label: ""width""
size: 5
stride: 5]",0,3.0,-0.08779306709766388,0.06453455239534378,0.28349459171295166,0.3954467475414276,4.0,-0.05781657248735428,0.0652720183134079,0.31081563234329224,0.9183205962181091,5.0,-0.0435502715408802,0.06627163290977478,0.35056188702583313,1.4479007720947266
1692309395.5531745,"[label: ""height""
size: 3
stride: 15, label: ""width""
size: 5
stride: 5]",0,3.0,-0.08697360754013062,0.06475546956062317,0.28500720858573914,0.40514427423477173,4.0,-0.0570196658372879,0.06595704704523087,0.31475362181663513,0.9198144674301147,5.0,-0.04202209413051605,0.06596071273088455,0.3496834337711334,1.4601542949676514
1692309395.661571,"[label: ""height""
size: 3
stride: 15, label: ""width""
size: 5
stride: 5]",0,3.0,-0.08482448756694794,0.06397674232721329,0.285251647233963,0.4105178713798523,4.0,-0.054937731474637985,0.06476551294326782,0.31391045451164246,0.9049102067947388,5.0,-0.03984382748603821,0.06535352021455765,0.34948423504829407,1.4460549354553223
1692309395.7577565,"[label: ""height""
size: 3
stride: 15, label: ""width""
size: 5
stride: 5]",0,3.0,-0.08306403458118439,0.06528542935848236,0.28928250074386597,0.4230007529258728,4.0,-0.05132045969367027,0.06489242613315582,0.31147870421409607,0.9125254154205322,5.0,-0.03628417104482651,0.06606296449899673,0.35249555110931396,1.4236606359481812
1692309395.8858316,"[label: ""height""
size: 3
stride: 15, label: ""width""
size: 5
stride: 5]",0,3.0,-0.07851585745811462,0.06366848945617676,0.28689175844192505,0.3995497524738312,4.0,-0.047633588314056396,0.06426728516817093,0.3139890432357788,0.8883594870567322,5.0,-0.03138304129242897,0.06476524472236633,0.34938928484916687,1.4135997295379639
1692309395.9935749,"[label: ""height""
size: 2
stride: 10, label: ""width""
size: 5
stride: 5]",0,4.0,-0.04444068670272827,0.06471585482358932,0.3167896270751953,0.8650136590003967,3.0,-0.0772465392947197,0.06497324258089066,0.29517680406570435,0.33244189620018005
1692309396.0698073,"[label: ""height""
size: 3
stride: 15, label: ""width""
size: 5
stride: 5]",0,3.0,-0.07229790836572647,0.06437839567661285,0.29231879115104675,0.33733683824539185,4.0,-0.03958672285079956,0.0640861913561821,0.3143148124217987,0.8474688529968262,5.0,-0.022100474685430527,0.06485072523355484,0.3521529734134674,1.3670765161514282
1692309396.15717,"[label: ""height""
size: 3
stride: 15, label: ""width""
size: 5
stride: 5]",0,3.0,-0.06810524314641953,0.0634131208062172,0.29391536116600037,0.35592660307884216,4.0,-0.034844573587179184,0.06307834386825562,0.314431369304657,0.8409138917922974,5.0,-0.0169681329280138,0.06449439376592636,0.3565162718296051,1.3402711153030396
1692309396.2759135,"[label: ""height""
size: 3
stride: 15, label: ""width""
size: 5
stride: 5]",0,4.0,-0.03144308924674988,0.06246025115251541,0.3138594627380371,0.8089106678962708,5.0,-0.012802212499082088,0.06367789953947067,0.354412704706192,1.3303626775741577,3.0,-0.06508338451385498,0.063097283244133,0.2951793670654297,0.2879573702812195
1692309396.3731933,"[label: ""height""
size: 3
stride: 15, label: ""width""
size: 5
stride: 5]",0,3.0,-0.06288275122642517,0.06271889805793762,0.2940203547477722,0.30420222878456116,4.0,-0.02966916561126709,0.0629052221775055,0.31673213839530945,0.7904592156410217,5.0,-0.010039420798420906,0.06368599086999893,0.354462593793869,1.3138381242752075
1692309396.466714,"[label: ""height""
size: 3
stride: 15, label: ""width""
size: 5
stride: 5]",0,3.0,-0.060010649263858795,0.062356360256671906,0.29752111434936523,0.27692028880119324,4.0,-0.026113487780094147,0.06243109330534935,0.31754815578460693,0.7750567197799683,5.0,-0.0061086611822247505,0.06306233257055283,0.35419392585754395,1.2942728996276855
1692309396.5699415,"[label: ""height""
size: 2
stride: 10, label: ""width""
size: 5
stride: 5]",0,3.0,-0.05738731101155281,0.06368405371904373,0.3053143620491028,0.23595952987670898,4.0,-0.021879129111766815,0.06313346326351166,0.32189226150512695,0.7541281580924988
1692309396.6752512,"[label: ""height""
size: 2
stride: 10, label: ""width""
size: 5
stride: 5]",0,3.0,-0.05200853571295738,0.06348653137683868,0.3067231774330139,0.2308097630739212,4.0,-0.016121063381433487,0.06238900497555733,0.3200957477092743,0.7536796927452087
1692309396.7666059,"[label: ""height""
size: 3
stride: 15, label: ""width""
size: 5
stride: 5]",0,3.0,-0.04693833738565445,0.06121262162923813,0.2994045615196228,0.24421994388103485,4.0,-0.012175646610558033,0.06114561855792999,0.3195672631263733,0.7192559242248535,5.0,0.009531538933515549,0.06145103648304939,0.3532319962978363,1.251104474067688
1692309396.874008,"[label: ""height""
size: 3
stride: 15, label: ""width""
size: 5
stride: 5]",0,3.0,-0.044574350118637085,0.06182829663157463,0.30212825536727905,0.19400398433208466,4.0,-0.008948765695095062,0.06110231950879097,0.3167225122451782,0.7206138372421265,5.0,0.012781376019120216,0.061819933354854584,0.3512307107448578,1.2519865036010742
1692309396.9671173,"[label: ""height""
size: 3
stride: 15, label: ""width""
size: 5
stride: 5]",0,3.0,-0.04400615766644478,0.06080164015293121,0.299280047416687,0.21467681229114532,4.0,-0.009080180898308754,0.06111779063940048,0.32083097100257874,0.7047662138938904,5.0,0.0131652457639575,0.06126944720745087,0.3538604974746704,1.2487492561340332
1692309397.0549622,"[label: ""height""
size: 3
stride: 15, label: ""width""
size: 5
stride: 5]",0,3.0,-0.0453365333378315,0.06128536909818649,0.2996532618999481,0.2937464118003845,4.0,-0.010405212640762329,0.061160702258348465,0.3176390528678894,0.7340829968452454,5.0,0.011071584187448025,0.061623454093933105,0.3517467677593231,1.2561553716659546
1692309397.1523774,"[label: ""height""
size: 3
stride: 15, label: ""width""
size: 5
stride: 5]",0,3.0,-0.04784096032381058,0.06133001670241356,0.29901596903800964,0.26061657071113586,5.0,0.0083024175837636,0.061916302889585495,0.35672444105148315,1.2604525089263916,4.0,-0.013367855921387672,0.06216435506939888,0.3228290379047394,0.7096348404884338
1692309397.258864,"[label: ""height""
size: 3
stride: 15, label: ""width""
size: 5
stride: 5]",0,3.0,-0.04979308322072029,0.06076086685061455,0.2948313355445862,0.2876493036746979,4.0,-0.016038382425904274,0.06132306531071663,0.3185620903968811,0.7604332566261292,5.0,0.004426857456564903,0.06125444918870926,0.35129907727241516,1.2925723791122437
1692309397.3467038,"[label: ""height""
size: 2
stride: 10, label: ""width""
size: 5
stride: 5]",0,3.0,-0.053933531045913696,0.06205534562468529,0.3002423942089081,0.2687768340110779,4.0,-0.019455313682556152,0.06193617358803749,0.32108402252197266,0.7728248238563538
1692309397.4592159,"[label: ""height""
size: 3
stride: 15, label: ""width""
size: 5
stride: 5]",0,3.0,-0.055712759494781494,0.06075149029493332,0.2918650805950165,0.3158196806907654,4.0,-0.02302185446023941,0.06145394593477249,0.3179114758968353,0.8083527684211731,5.0,-0.0039324588142335415,0.061276134103536606,0.3514406085014343,1.3331844806671143
1692309397.5466132,"[label: ""height""
size: 3
stride: 15, label: ""width""
size: 5
stride: 5]",0,3.0,-0.058975279331207275,0.061250172555446625,0.29438772797584534,0.3124905526638031,4.0,-0.026154275983572006,0.06147904694080353,0.3180555999279022,0.8184958100318909,5.0,-0.007663324940949678,0.06198125705122948,0.35714495182037354,1.3480192422866821
1692309397.6483178,"[label: ""height""
size: 3
stride: 15, label: ""width""
size: 5
stride: 5]",0,3.0,-0.06061940640211105,0.060427941381931305,0.2904966473579407,0.3822169601917267,4.0,-0.028630394488573074,0.060827452689409256,0.3153451383113861,0.8470281958580017,5.0,-0.01107637770473957,0.061304111033678055,0.3540925979614258,1.3599175214767456
1692309397.7558942,"[label: ""height""
size: 3
stride: 15, label: ""width""
size: 5
stride: 5]",0,3.0,-0.06308455020189285,0.060859888792037964,0.2902529835700989,0.35876724123954773,4.0,-0.0313066765666008,0.06099632382392883,0.3162945806980133,0.8530400395393372,5.0,-0.014116175472736359,0.0619937963783741,0.35722917318344116,1.383264422416687
1692309397.8635485,"[label: ""height""
size: 3
stride: 15, label: ""width""
size: 5
stride: 5]",0,3.0,-0.06495103240013123,0.060556188225746155,0.29117318987846375,0.3650917112827301,4.0,-0.032910507172346115,0.06059788167476654,0.315561443567276,0.8729802966117859,5.0,-0.016512446105480194,0.06119352951645851,0.35514798760414124,1.3996388912200928
1692309397.9524078,"[label: ""height""
size: 3
stride: 15, label: ""width""
size: 5
stride: 5]",0,3.0,-0.0654909685254097,0.060817651450634,0.2888909876346588,0.37364739179611206,4.0,-0.03414996713399887,0.060761719942092896,0.315103679895401,0.8781198263168335,5.0,-0.017600106075406075,0.060932327061891556,0.35363683104515076,1.4044500589370728
1692309398.053759,"[label: ""height""
size: 3
stride: 15, label: ""width""
size: 5
stride: 5]",0,3.0,-0.06558164209127426,0.060968391597270966,0.2908053994178772,0.36490318179130554,4.0,-0.03413701057434082,0.06107163801789284,0.31731536984443665,0.8698543310165405,5.0,-0.017961863428354263,0.061178941279649734,0.3550505042076111,1.4038100242614746
1692309398.1579602,"[label: ""height""
size: 3
stride: 15, label: ""width""
size: 5
stride: 5]",0,3.0,-0.06483146548271179,0.06114349141716957,0.29130324721336365,0.39760538935661316,4.0,-0.03345148637890816,0.0606304369866848,0.3157776892185211,0.8931847214698792,5.0,-0.01734979636967182,0.06073322519659996,0.35416093468666077,1.420068621635437
1692309398.2629235,"[label: ""height""
size: 3
stride: 15, label: ""width""
size: 5
stride: 5]",0,3.0,-0.0637282133102417,0.061944834887981415,0.29260703921318054,0.3520026206970215,4.0,-0.03217245638370514,0.06178019195795059,0.31837520003318787,0.8805686235427856,5.0,-0.015748800709843636,0.06131939962506294,0.35419416427612305,1.4070830345153809
1692309398.3582964,"[label: ""height""
size: 3
stride: 15, label: ""width""
size: 5
stride: 5]",0,3.0,-0.06210566312074661,0.06058407947421074,0.29181379079818726,0.36760786175727844,4.0,-0.030681829899549484,0.060112349689006805,0.317781537771225,0.8877025842666626,5.0,-0.014419592916965485,0.05974539741873741,0.3534538745880127,1.4122793674468994
1692309398.4595027,"[label: ""height""
size: 3
stride: 15, label: ""width""
size: 5
stride: 5]",0,3.0,-0.060759130865335464,0.061701856553554535,0.2921234369277954,0.3444719910621643,4.0,-0.02932230941951275,0.06180321425199509,0.3185078501701355,0.8913176655769348,5.0,-0.013267464004456997,0.062001898884773254,0.3572818636894226,1.4148935079574585
1692309398.5598705,"[label: ""height""
size: 2
stride: 10, label: ""width""
size: 5
stride: 5]",0,3.0,-0.05949195846915245,0.06200157105922699,0.2924858629703522,0.37296655774116516,4.0,-0.02799106203019619,0.061752572655677795,0.3182157874107361,0.8667685389518738
1692309398.6613421,"[label: ""height""
size: 2
stride: 10, label: ""width""
size: 5
stride: 5]",0,3.0,-0.05650148168206215,0.06152595207095146,0.29367774724960327,0.36156752705574036,4.0,-0.02487035281956196,0.06123309209942818,0.3182315528392792,0.876838743686676
1692309398.7581525,"[label: ""height""
size: 3
stride: 15, label: ""width""
size: 5
stride: 5]",0,3.0,-0.053038179874420166,0.06252042204141617,0.29308566451072693,0.3470373749732971,4.0,-0.021607212722301483,0.062250446528196335,0.3180890679359436,0.8769384026527405,5.0,-0.0052106259390711784,0.06239118054509163,0.3553609549999237,1.4178264141082764
1692309398.8555732,"[label: ""height""
size: 2
stride: 10, label: ""width""
size: 5
stride: 5]",0,3.0,-0.04798256605863571,0.06225438416004181,0.2958665192127228,0.34010177850723267,4.0,-0.016425736248493195,0.062465619295835495,0.3232833445072174,0.8845360279083252
1692309398.955653,"[label: ""height""
size: 2
stride: 10, label: ""width""
size: 5
stride: 5]",0,3.0,-0.04613775759935379,0.06296318769454956,0.2995087802410126,0.33225274085998535,4.0,-0.013827524147927761,0.0622456930577755,0.3214483857154846,0.8714592456817627
1692309399.0587304,"[label: ""height""
size: 2
stride: 10, label: ""width""
size: 5
stride: 5]",0,3.0,-0.042222678661346436,0.06333119422197342,0.2988568842411041,0.35321709513664246,4.0,-0.010222455486655235,0.06305191665887833,0.3236003518104553,0.8739794492721558
1692309399.1461058,"[label: ""height""
size: 2
stride: 10, label: ""width""
size: 5
stride: 5]",0,3.0,-0.0386541411280632,0.06298302859067917,0.29880017042160034,0.3666062355041504,4.0,-0.006504140794277191,0.062411390244960785,0.3229733109474182,0.8840344548225403
1692309399.2648983,"[label: ""height""
size: 2
stride: 10, label: ""width""
size: 5
stride: 5]",0,3.0,-0.036335308104753494,0.06362132728099823,0.3007779121398926,0.35983169078826904,4.0,-0.0043904902413487434,0.06294586509466171,0.32300129532814026,0.8773559331893921
1692309399.3603709,"[label: ""height""
size: 2
stride: 10, label: ""width""
size: 5
stride: 5]",0,3.0,-0.0348714143037796,0.06375961005687714,0.3019816279411316,0.3652765452861786,4.0,-0.002711657900363207,0.0634860247373581,0.3264869153499603,0.8726240396499634
1692309399.4620557,"[label: ""height""
size: 2
stride: 10, label: ""width""
size: 5
stride: 5]",0,3.0,-0.03429900482296944,0.06341198831796646,0.3002290725708008,0.361754447221756,4.0,-0.0025774489622563124,0.0634491890668869,0.326278954744339,0.8828691840171814
1692309399.5634878,"[label: ""height""
size: 2
stride: 10, label: ""width""
size: 5
stride: 5]",0,3.0,-0.03455635532736778,0.06336017698049545,0.29953092336654663,0.39759448170661926,4.0,-0.003111617872491479,0.0634521096944809,0.32629579305648804,0.8844838738441467
1692309399.6630628,"[label: ""height""
size: 2
stride: 10, label: ""width""
size: 5
stride: 5]",0,4.0,-0.0028516745660454035,0.0640382245182991,0.32658711075782776,0.9028206467628479,3.0,-0.0343690924346447,0.06428907066583633,0.30191200971603394,0.3633412718772888
1692309399.7602382,"[label: ""height""
size: 2
stride: 10, label: ""width""
size: 5
stride: 5]",0,3.0,-0.03511755168437958,0.06411417573690414,0.3000795245170593,0.39014706015586853,4.0,-0.004014165606349707,0.06335020810365677,0.3237437903881073,0.922451376914978
1692309399.8677263,"[label: ""height""
size: 2
stride: 10, label: ""width""
size: 5
stride: 5]",0,3.0,-0.03706623241305351,0.06358947604894638,0.2982213795185089,0.4248085021972656,4.0,-0.006590680219233036,0.0639805719256401,0.32627466320991516,0.9347527027130127
1692309399.973196,"[label: ""height""
size: 2
stride: 10, label: ""width""
size: 5
stride: 5]",0,3.0,-0.03941651061177254,0.06321848928928375,0.294274240732193,0.47685709595680237,4.0,-0.009698213078081608,0.06351963430643082,0.3232690393924713,0.9520202875137329
1692309400.07123,"[label: ""height""
size: 2
stride: 10, label: ""width""
size: 5
stride: 5]",0,3.0,-0.04349970817565918,0.06383779644966125,0.29494380950927734,0.466268926858902,4.0,-0.013955576345324516,0.0646139532327652,0.3268197774887085,0.946953535079956
1692309400.168862,"[label: ""height""
size: 2
stride: 10, label: ""width""
size: 5
stride: 5]",0,4.0,-0.018970485776662827,0.06463377177715302,0.3235699236392975,0.9619215130805969,3.0,-0.04925447702407837,0.06531627476215363,0.2983567416667938,0.480701744556427
1692309400.257392,"[label: ""height""
size: 2
stride: 10, label: ""width""
size: 5
stride: 5]",0,4.0,-0.024615032598376274,0.06462139636278152,0.3196568489074707,0.9813643097877502,3.0,-0.054812997579574585,0.06540174037218094,0.2955145537853241,0.496155709028244
1692309400.3537698,"[label: ""height""
size: 2
stride: 10, label: ""width""
size: 5
stride: 5]",0,3.0,-0.059895988553762436,0.06537523865699768,0.2914901375770569,0.4995814859867096,4.0,-0.02996574155986309,0.0651276484131813,0.31956371665000916,0.9899795055389404
1692309400.4627168,"[label: ""height""
size: 2
stride: 10, label: ""width""
size: 5
stride: 5]",0,3.0,-0.06524299085140228,0.06589692085981369,0.2908484637737274,0.4936327636241913,4.0,-0.03533606976270676,0.06559553742408752,0.31742602586746216,0.9850677251815796
1692309400.5660865,"[label: ""height""
size: 2
stride: 10, label: ""width""
size: 5
stride: 5]",0,4.0,-0.03856688365340233,0.06383227556943893,0.3082391917705536,0.9864171743392944,3.0,-0.06909564137458801,0.06541411578655243,0.2877296507358551,0.5315995812416077
1692309400.6821806,"[label: ""height""
size: 3
stride: 15, label: ""width""
size: 5
stride: 5]",0,3.0,-0.07108281552791595,0.06495602428913116,0.28272736072540283,0.4307829439640045,4.0,-0.04191695898771286,0.0650816261768341,0.31247660517692566,0.9664453864097595,5.0,-0.029019704088568687,0.06631270051002502,0.35460638999938965,1.4857314825057983
1692309400.7678707,"[label: ""height""
size: 3
stride: 15, label: ""width""
size: 5
stride: 5]",0,3.0,-0.07290016859769821,0.06424017250537872,0.2788691818714142,0.49310922622680664,4.0,-0.043765995651483536,0.06440432369709015,0.3067876696586609,0.9631305932998657,5.0,-0.030689477920532227,0.06506790220737457,0.34572482109069824,1.4890882968902588
1692309400.8775952,"[label: ""height""
size: 3
stride: 15, label: ""width""
size: 5
stride: 5]",0,3.0,-0.07487481087446213,0.06425870209932327,0.27893751859664917,0.47425514459609985,4.0,-0.045625388622283936,0.06453515589237213,0.3074646592140198,0.9674478769302368,5.0,-0.032090701162815094,0.06506647169589996,0.3457159399986267,1.4769574403762817
1692309400.9644063,"[label: ""height""
size: 3
stride: 15, label: ""width""
size: 5
stride: 5]",0,3.0,-0.07496416568756104,0.06402997672557831,0.27824634313583374,0.41958174109458923,4.0,-0.045132532715797424,0.063747838139534,0.30423983931541443,0.957127571105957,5.0,-0.03193245083093643,0.06548622995615005,0.3486897051334381,1.4662418365478516
1692309401.1080718,"[label: ""height""
size: 3
stride: 15, label: ""width""
size: 5
stride: 5]",0,3.0,-0.07429241389036179,0.0646829754114151,0.278794527053833,0.44464820623397827,4.0,-0.04398449510335922,0.06439103931188583,0.3032318949699402,0.9379448890686035,5.0,-0.030020756646990776,0.06604751199483871,0.3464171290397644,1.4619685411453247
1692309401.19317,"[label: ""height""
size: 3
stride: 15, label: ""width""
size: 5
stride: 5]",0,3.0,-0.07403945922851562,0.06523971259593964,0.28107160329818726,0.3885992169380188,4.0,-0.043042950332164764,0.0647200345993042,0.30530431866645813,0.9263713955879211,5.0,-0.028436878696084023,0.06553298234939575,0.34299126267433167,1.4362691640853882
1692309401.2752817,"[label: ""height""
size: 3
stride: 15, label: ""width""
size: 5
stride: 5]",0,3.0,-0.07318447530269623,0.06491465866565704,0.2812429368495941,0.36811134219169617,4.0,-0.04277878627181053,0.06531019508838654,0.30872347950935364,0.9120128154754639,5.0,-0.027451610192656517,0.06604506820440292,0.34640148282051086,1.4381890296936035
1692309401.3732889,"[label: ""height""
size: 3
stride: 15, label: ""width""
size: 5
stride: 5]",0,3.0,-0.07212090492248535,0.06538905948400497,0.2834477424621582,0.3881371319293976,4.0,-0.040530283004045486,0.0646982491016388,0.3051905930042267,0.9175710678100586,5.0,-0.0254649817943573,0.06604479998350143,0.34639793634414673,1.4324020147323608
1692309401.484247,"[label: ""height""
size: 3
stride: 15, label: ""width""
size: 5
stride: 5]",0,3.0,-0.07075900584459305,0.06504914164543152,0.2827030122280121,0.4007554352283478,4.0,-0.03968814015388489,0.06530919671058655,0.30922967195510864,0.8885330557823181,5.0,-0.023705877363681793,0.06502950936555862,0.33964401483535767,1.4253463745117188
1692309401.5861034,"[label: ""height""
size: 3
stride: 15, label: ""width""
size: 5
stride: 5]",0,3.0,-0.07048533856868744,0.06501008570194244,0.28169095516204834,0.4193252921104431,4.0,-0.03984133154153824,0.06531848758459091,0.30751776695251465,0.9069405794143677,5.0,-0.024393972009420395,0.06650357693433762,0.347304105758667,1.42630136013031
1692309401.6747534,"[label: ""height""
size: 3
stride: 15, label: ""width""
size: 5
stride: 5]",0,3.0,-0.07114997506141663,0.06519570201635361,0.28298667073249817,0.43127864599227905,4.0,-0.0401403084397316,0.0654735267162323,0.3088225722312927,0.8928240537643433,5.0,-0.023794125765562057,0.06405005604028702,0.33314093947410583,1.4308043718338013
1692309401.773621,"[label: ""height""
size: 3
stride: 15, label: ""width""
size: 5
stride: 5]",0,4.0,-0.04151620343327522,0.06424818187952042,0.30421170592308044,0.9159463047981262,5.0,-0.02686103992164135,0.06602545827627182,0.3462849259376526,1.420134425163269,3.0,-0.07339761406183243,0.06524863839149475,0.28361600637435913,0.43377095460891724
1692309401.8780236,"[label: ""height""
size: 3
stride: 15, label: ""width""
size: 5
stride: 5]",0,3.0,-0.0772131085395813,0.06448880583047867,0.2797245979309082,0.4058167338371277,4.0,-0.04703442007303238,0.06484956294298172,0.3076954185962677,0.901744544506073,5.0,-0.032232530415058136,0.0661441907286644,0.3491414785385132,1.4325857162475586
1692309401.9704533,"[label: ""height""
size: 3
stride: 15, label: ""width""
size: 5
stride: 5]",0,3.0,-0.07869464159011841,0.06455691903829575,0.27813997864723206,0.41793882846832275,4.0,-0.04825640842318535,0.06477628648281097,0.304364413022995,0.9202191233634949,5.0,-0.03358624503016472,0.06530699878931046,0.341084748506546,1.4522981643676758
1692309402.081898,"[label: ""height""
size: 2
stride: 10, label: ""width""
size: 5
stride: 5]",0,3.0,-0.08240143954753876,0.06514992564916611,0.2781350910663605,0.3538610637187958,4.0,-0.05265126749873161,0.06594792008399963,0.3081570863723755,0.920830488204956
1692309402.1771176,"[label: ""height""
size: 2
stride: 10, label: ""width""
size: 5
stride: 5]",0,4.0,-0.05590282380580902,0.06459435075521469,0.30007845163345337,0.9452548027038574,3.0,-0.0875098705291748,0.06568439304828644,0.2802064120769501,0.4550933539867401
1692309402.2784245,"[label: ""height""
size: 2
stride: 10, label: ""width""
size: 5
stride: 5]",0,3.0,-0.0935477763414383,0.06658664345741272,0.2801065146923065,0.460790753364563,4.0,-0.06307443976402283,0.06641797721385956,0.3067969083786011,0.9343568086624146
1692309402.3819108,"[label: ""height""
size: 3
stride: 15, label: ""width""
size: 5
stride: 5]",0,4.0,-0.06786209344863892,0.0651714876294136,0.2976985573768616,0.9632668495178223,5.0,-0.056246720254421234,0.06767971068620682,0.34393566846847534,1.4919484853744507,3.0,-0.09958407282829285,0.06661660969257355,0.2780228555202484,0.43516385555267334
1692309402.4904714,"[label: ""height""
size: 2
stride: 10, label: ""width""
size: 5
stride: 5]",0,3.0,-0.10557126253843307,0.06586563587188721,0.2747323513031006,0.4548078775405884,4.0,-0.0753110721707344,0.06570009142160416,0.3006798326969147,0.9476100206375122
1692309402.5569863,"[label: ""height""
size: 2
stride: 10, label: ""width""
size: 5
stride: 5]",0,3.0,-0.11176995933055878,0.06709420680999756,0.2734043598175049,0.45366764068603516,4.0,-0.0803118646144867,0.06571738421916962,0.2947664260864258,0.9777044653892517
1692309402.6623328,"[label: ""height""
size: 2
stride: 10, label: ""width""
size: 5
stride: 5]",0,3.0,-0.11883489787578583,0.06623578816652298,0.271932452917099,0.46170371770858765,4.0,-0.08751150965690613,0.06514915078878403,0.29387539625167847,0.9918789863586426
1692309402.770313,"[label: ""height""
size: 2
stride: 10, label: ""width""
size: 5
stride: 5]",0,5.0,-0.08188775926828384,0.06692765653133392,0.327948659658432,1.5048677921295166,4.0,-0.09512369334697723,0.06664460897445679,0.29148438572883606,0.9762734770774841
1692309402.8708947,"[label: ""height""
size: 2
stride: 10, label: ""width""
size: 5
stride: 5]",0,4.0,-0.09812617301940918,0.06501268595457077,0.2874315679073334,0.9822134971618652,5.0,-0.08504804223775864,0.06515175849199295,0.3231571912765503,1.5152571201324463
1692309402.9687636,"[label: ""height""
size: 2
stride: 10, label: ""width""
size: 5
stride: 5]",0,5.0,-0.08932892978191376,0.06714598834514618,0.3219699263572693,1.5032498836517334,4.0,-0.10289669781923294,0.06694173067808151,0.2876347005367279,0.959933340549469
1692309403.064328,"[label: ""height""
size: 2
stride: 10, label: ""width""
size: 5
stride: 5]",0,5.0,-0.09191736578941345,0.06631369888782501,0.3204972445964813,1.496761679649353,4.0,-0.1057252585887909,0.06607744097709656,0.2854647934436798,0.9772728085517883
1692309403.1755824,"[label: ""height""
size: 2
stride: 10, label: ""width""
size: 5
stride: 5]",0,4.0,-0.10923440754413605,0.06738550961017609,0.2845936119556427,0.9664925336837769,5.0,-0.09610351175069809,0.06824647635221481,0.32220253348350525,1.5000848770141602
1692309403.270729,"[label: ""height""
size: 2
stride: 10, label: ""width""
size: 5
stride: 5]",0,4.0,-0.11139291524887085,0.06636223942041397,0.2812834680080414,0.978370189666748,5.0,-0.09861733764410019,0.06775602698326111,0.31928834319114685,1.5013821125030518
1692309403.3482862,"[label: ""height""
size: 2
stride: 10, label: ""width""
size: 5
stride: 5]",0,4.0,-0.11163317412137985,0.06646205484867096,0.282166987657547,0.9630300402641296,5.0,-0.09830605983734131,0.06721042841672897,0.3191725015640259,1.4868243932724
1692309403.4446144,"[label: ""height""
size: 2
stride: 10, label: ""width""
size: 5
stride: 5]",0,5.0,-0.09861079603433609,0.06820271164178848,0.32015737891197205,1.4793356657028198,4.0,-0.11288715898990631,0.06741238385438919,0.28471171855926514,0.9495081901550293
1692309403.5382974,"[label: ""height""
size: 2
stride: 10, label: ""width""
size: 5
stride: 5]",0,5.0,-0.09555849432945251,0.066764235496521,0.3213993012905121,1.4577893018722534,4.0,-0.11017844825983047,0.06599416583776474,0.2846267819404602,0.9484380483627319
1692309403.6485841,"[label: ""height""
size: 2
stride: 10, label: ""width""
size: 5
stride: 5]",0,5.0,-0.0923956111073494,0.06789661198854446,0.3236583471298218,1.4520061016082764,4.0,-0.1072128415107727,0.06695213168859482,0.2872363030910492,0.9375128149986267
1692309403.7391613,"[label: ""height""
size: 2
stride: 10, label: ""width""
size: 5
stride: 5]",0,4.0,-0.10407348722219467,0.0674007311463356,0.28859102725982666,0.9016497731208801,5.0,-0.08896055072546005,0.06855572760105133,0.32614317536354065,1.4269486665725708
1692309403.8606513,"[label: ""height""
size: 2
stride: 10, label: ""width""
size: 5
stride: 5]",0,5.0,-0.08544526994228363,0.06744632869958878,0.32593151926994324,1.4326272010803223,4.0,-0.10070805251598358,0.0664173886179924,0.28841665387153625,0.9101234674453735
1692309403.9681106,"[label: ""height""
size: 2
stride: 10, label: ""width""
size: 5
stride: 5]",0,4.0,-0.09772039949893951,0.06688473373651505,0.291399747133255,0.8750576376914978,5.0,-0.08184786140918732,0.06803504377603531,0.328114777803421,1.409877061843872
1692309404.0511124,"[label: ""height""
size: 2
stride: 10, label: ""width""
size: 5
stride: 5]",0,5.0,-0.0781114250421524,0.06796891242265701,0.3310309946537018,1.3997507095336914,4.0,-0.0950348749756813,0.06736864149570465,0.29558491706848145,0.8803117871284485
1692309404.161177,"[label: ""height""
size: 3
stride: 15, label: ""width""
size: 5
stride: 5]",0,4.0,-0.09052707999944687,0.06630046665668488,0.29352012276649475,0.8500944375991821,5.0,-0.07434061914682388,0.06808345764875412,0.3335624635219574,1.3824760913848877,3.0,-0.12436854094266891,0.06730449944734573,0.2753831446170807,0.3044847846031189
1692309404.2703207,"[label: ""height""
size: 3
stride: 15, label: ""width""
size: 5
stride: 5]",0,4.0,-0.08812195062637329,0.06670141220092773,0.2962716221809387,0.8320056796073914,5.0,-0.07121655344963074,0.06809879839420319,0.3356265425682068,1.3528348207473755,3.0,-0.12236534804105759,0.06716938316822052,0.27814584970474243,0.2672360837459564
1692309404.3707674,"[label: ""height""
size: 3
stride: 15, label: ""width""
size: 5
stride: 5]",0,4.0,-0.0868358314037323,0.06567490100860596,0.29438990354537964,0.814336359500885,5.0,-0.06907860934734344,0.06682045757770538,0.33068546652793884,1.3559608459472656,3.0,-0.1215023547410965,0.06650890409946442,0.27718108892440796,0.25205644965171814
1692309404.5073545,"[label: ""height""
size: 3
stride: 15, label: ""width""
size: 5
stride: 5]",0,4.0,-0.08968442678451538,0.06675642728805542,0.29424822330474854,0.8011751174926758,5.0,-0.07189592719078064,0.06813869625329971,0.33248841762542725,1.3449138402938843,3.0,-0.12498341500759125,0.06776192784309387,0.27836453914642334,0.2565362751483917
1692309404.5873578,"[label: ""height""
size: 3
stride: 15, label: ""width""
size: 5
stride: 5]",0,4.0,-0.09297214448451996,0.06607431173324585,0.29398831725120544,0.7927358746528625,5.0,-0.07509244978427887,0.06755590438842773,0.33228370547294617,1.3218330144882202,3.0,-0.12745119631290436,0.06652954965829849,0.2755015790462494,0.22613465785980225
1692309404.6718,"[label: ""height""
size: 3
stride: 15, label: ""width""
size: 5
stride: 5]",0,4.0,-0.09176129847764969,0.06679638475179672,0.2913301885128021,0.7935039401054382,5.0,-0.07299550622701645,0.06797382235527039,0.3277844190597534,1.325042963027954,3.0,-0.12814827263355255,0.06815891712903976,0.2784475088119507,0.2158079594373703
1692309404.786288,"[label: ""height""
size: 3
stride: 15, label: ""width""
size: 5
stride: 5]",0,4.0,-0.08982069045305252,0.06702689826488495,0.2965809106826782,0.7402915954589844,5.0,-0.06914563477039337,0.06749755889177322,0.3300032615661621,1.273697018623352,3.0,-0.1247161328792572,0.06699302047491074,0.27830633521080017,0.17221978306770325
1692309404.8620894,"[label: ""height""
size: 3
stride: 15, label: ""width""
size: 5
stride: 5]",0,4.0,-0.0867362841963768,0.06682440638542175,0.29513487219810486,0.7043618559837341,5.0,-0.06588716059923172,0.06789596378803253,0.33062711358070374,1.252751111984253,3.0,-0.1225033700466156,0.06729009002447128,0.2796322703361511,0.12698110938072205
1692309404.967993,"[label: ""height""
size: 3
stride: 15, label: ""width""
size: 5
stride: 5]",0,4.0,-0.08563073724508286,0.06790556013584137,0.29879531264305115,0.6984288692474365,5.0,-0.06349970400333405,0.06835787743330002,0.33155393600463867,1.2505879402160645,3.0,-0.12173154950141907,0.06818677484989166,0.2837308943271637,0.13911758363246918
1692309405.0922613,"[label: ""height""
size: 3
stride: 15, label: ""width""
size: 5
stride: 5]",0,4.0,-0.08145076781511307,0.06606051325798035,0.2964854836463928,0.6792634129524231,5.0,-0.0592275932431221,0.0672224760055542,0.33128732442855835,1.2115615606307983,3.0,-0.11869106441736221,0.06700321286916733,0.28507721424102783,0.1389036625623703
1692309405.1762857,"[label: ""height""
size: 3
stride: 15, label: ""width""
size: 5
stride: 5]",0,4.0,-0.07796088606119156,0.06679758429527283,0.2992907762527466,0.6551969051361084,5.0,-0.05406178906559944,0.06720910966396332,0.33121457695961,1.195147156715393,3.0,-0.11569574475288391,0.0678517073392868,0.2882937490940094,0.11223272979259491
1692309405.2800384,"[label: ""height""
size: 3
stride: 15, label: ""width""
size: 5
stride: 5]",0,5.0,-0.05041627958416939,0.0678856372833252,0.3358463943004608,1.154822587966919,3.0,-0.11271478235721588,0.06774049997329712,0.29182660579681396,0.09304029494524002,4.0,-0.07462981343269348,0.06680506467819214,0.30258798599243164,0.6435791850090027
1692309405.370495,"[label: ""height""
size: 3
stride: 15, label: ""width""
size: 5
stride: 5]",0,3.0,-0.10706112533807755,0.06722553819417953,0.2916660010814667,0.07168928533792496,5.0,-0.044021423906087875,0.06828906387090683,0.33644822239875793,1.1045172214508057,4.0,-0.06960387527942657,0.06717978417873383,0.30429941415786743,0.599578320980072
1692309405.4680753,"[label: ""height""
size: 3
stride: 15, label: ""width""
size: 5
stride: 5]",0,4.0,-0.0660693347454071,0.06674696505069733,0.30344685912132263,0.5739384293556213,5.0,-0.040346622467041016,0.06785547733306885,0.3356749415397644,1.0954188108444214,3.0,-0.10470960289239883,0.06779121607542038,0.29470208287239075,0.04121401906013489
1692309405.551696,"[label: ""height""
size: 3
stride: 15, label: ""width""
size: 5
stride: 5]",0,5.0,-0.03377358615398407,0.06653426587581635,0.3358904719352722,1.0737797021865845,3.0,-0.09970516711473465,0.06668967008590698,0.2983696460723877,-0.003963986877351999,4.0,-0.060726601630449295,0.06566539406776428,0.305914968252182,0.581691324710846
1692309405.658723,"[label: ""height""
size: 3
stride: 15, label: ""width""
size: 5
stride: 5]",0,4.0,-0.05242310091853142,0.06714523583650589,0.31039583683013916,0.48008736968040466,5.0,-0.024276409298181534,0.06820838898420334,0.339434415102005,1.045089602470398,3.0,-0.09163708239793777,0.06816435605287552,0.3039414584636688,-0.03375815227627754
1692309405.784759,"[label: ""height""
size: 3
stride: 15, label: ""width""
size: 5
stride: 5]",0,4.0,-0.04802308231592178,0.06618818640708923,0.3106755316257477,0.47498637437820435,5.0,-0.01956809125840664,0.06776493787765503,0.34209442138671875,1.01542067527771,3.0,-0.08676274865865707,0.06713511049747467,0.3037891983985901,-0.05887376144528389
1692309405.864792,"[label: ""height""
size: 3
stride: 15, label: ""width""
size: 5
stride: 5]",0,5.0,-0.012052778154611588,0.06595543026924133,0.3392825424671173,1.0275863409042358,3.0,-0.08071274310350418,0.06696999818086624,0.30924633145332336,-0.05287090688943863,4.0,-0.04117250069975853,0.06585927307605743,0.3146921694278717,0.49288317561149597
1692309405.9560063,"[label: ""height""
size: 3
stride: 15, label: ""width""
size: 5
stride: 5]",0,4.0,-0.0343487523496151,0.06513344496488571,0.31231117248535156,0.47136735916137695,5.0,-0.005425066687166691,0.0663333609700203,0.34186097979545593,0.9829527735710144,3.0,-0.07379082590341568,0.06634427607059479,0.308220237493515,-0.09107483178377151
1692309406.046766,"[label: ""height""
size: 3
stride: 15, label: ""width""
size: 5
stride: 5]",0,3.0,-0.06784842163324356,0.06518834084272385,0.3082761764526367,-0.06865918636322021,4.0,-0.029039211571216583,0.0648941844701767,0.3141566812992096,0.4513576030731201,5.0,0.0004449807747732848,0.0657542422413826,0.3417545258998871,0.9852296113967896
1692309406.1583655,"[label: ""height""
size: 3
stride: 15, label: ""width""
size: 5
stride: 5]",0,3.0,-0.062278129160404205,0.06626216322183609,0.3095066547393799,-0.060319699347019196,4.0,-0.023592792451381683,0.06560070812702179,0.31516188383102417,0.4432569742202759,5.0,0.006356692407280207,0.06660563498735428,0.3439958989620209,0.9644100666046143
1692309406.2615333,"[label: ""height""
size: 3
stride: 15, label: ""width""
size: 5
stride: 5]",0,3.0,-0.06002769246697426,0.06514620780944824,0.3116174042224884,-0.06602604687213898,4.0,-0.02075190097093582,0.0636698454618454,0.31311672925949097,0.42875590920448303,5.0,0.0092387143522501,0.06480669975280762,0.34118765592575073,0.9710650444030762
1692309406.3576415,"[label: ""height""
size: 3
stride: 15, label: ""width""
size: 5
stride: 5]",0,3.0,-0.0583638995885849,0.06670960038900375,0.31176140904426575,-0.033492062240839005,4.0,-0.019174866378307343,0.06548452377319336,0.31453999876976013,0.43009623885154724,5.0,0.010859045200049877,0.06658822298049927,0.34389472007751465,0.9517444968223572
1692309406.461757,"[label: ""height""
size: 3
stride: 15, label: ""width""
size: 5
stride: 5]",0,3.0,-0.05838373675942421,0.06472185999155045,0.30895471572875977,-0.0734318271279335,4.0,-0.019476065412163734,0.06384451687335968,0.31351134181022644,0.4579448103904724,5.0,0.010355178266763687,0.06480255722999573,0.3411630392074585,0.9679101705551147
1692309406.573791,"[label: ""height""
size: 3
stride: 15, label: ""width""
size: 5
stride: 5]",0,3.0,-0.061251405626535416,0.06685208529233932,0.31078648567199707,-0.047991715371608734,4.0,-0.02180149033665657,0.06568398326635361,0.31377100944519043,0.46403688192367554,5.0,0.007803242187947035,0.06767912209033966,0.3458109200000763,0.9565556049346924
1692309406.659735,"[label: ""height""
size: 3
stride: 15, label: ""width""
size: 5
stride: 5]",0,4.0,-0.025087939575314522,0.06517606973648071,0.31169331073760986,0.4771428406238556,5.0,0.004205211065709591,0.06635488569736481,0.3404950499534607,0.9864032864570618,3.0,-0.06525406986474991,0.06756895780563354,0.3135509192943573,-0.0391312800347805
1692309406.762453,"[label: ""height""
size: 3
stride: 15, label: ""width""
size: 5
stride: 5]",0,3.0,-0.07057459652423859,0.06759584695100784,0.31201303005218506,-0.056451477110385895,4.0,-0.030627353116869926,0.06622126698493958,0.31485792994499207,0.48949500918388367,5.0,-0.0012501729652285576,0.06703770905733109,0.34476637840270996,0.984283447265625
1692309406.8573503,"[label: ""height""
size: 3
stride: 15, label: ""width""
size: 5
stride: 5]",0,4.0,-0.03563263267278671,0.0662284791469574,0.3071368336677551,0.49805527925491333,5.0,-0.007150066550821066,0.06758497655391693,0.3376302719116211,1.0069363117218018,3.0,-0.07561318576335907,0.06827980279922485,0.3069494962692261,-0.07826916128396988
1692309406.9560685,"[label: ""height""
size: 3
stride: 15, label: ""width""
size: 5
stride: 5]",0,3.0,-0.08015236258506775,0.0671553760766983,0.30637991428375244,0.012431181035935879,4.0,-0.04035114869475365,0.06552813947200775,0.309413880109787,0.47652512788772583,5.0,-0.011594836600124836,0.06636401265859604,0.3384492099285126,0.9993661642074585
1692309407.05883,"[label: ""height""
size: 3
stride: 15, label: ""width""
size: 5
stride: 5]",0,4.0,-0.04475685954093933,0.06666091829538345,0.30510807037353516,0.5003401637077332,5.0,-0.015987209975719452,0.06704279780387878,0.33223631978034973,1.0082356929779053,3.0,-0.08491954207420349,0.06877463310956955,0.3044939339160919,-0.009440449066460133
1692309407.155581,"[label: ""height""
size: 3
stride: 15, label: ""width""
size: 5
stride: 5]",0,3.0,-0.08702170103788376,0.06610839068889618,0.2970812916755676,-0.04027369245886803,4.0,-0.04811932146549225,0.0649661123752594,0.3018873929977417,0.4787071943283081,5.0,-0.01916566491127014,0.06582093983888626,0.33093056082725525,1.0017215013504028
1692309407.2668843,"[label: ""height""
size: 3
stride: 15, label: ""width""
size: 5
stride: 5]",0,3.0,-0.08993840217590332,0.06737583875656128,0.2961306571960449,-0.08184758573770523,4.0,-0.051044151186943054,0.0662810206413269,0.30233389139175415,0.47221481800079346,5.0,-0.022076930850744247,0.06699715554714203,0.33003804087638855,0.9941245317459106
1692309407.3630002,"[label: ""height""
size: 3
stride: 15, label: ""width""
size: 5
stride: 5]",0,5.0,-0.021544096991419792,0.06622406095266342,0.32626914978027344,0.9823898077011108,3.0,-0.09144771099090576,0.06767628341913223,0.2995757460594177,-0.055645644664764404,4.0,-0.05155925452709198,0.06634026765823364,0.30302056670188904,0.43803685903549194
1692309407.4763985,"[label: ""height""
size: 3
stride: 15, label: ""width""
size: 5
stride: 5]",0,3.0,-0.08975088596343994,0.06692346930503845,0.29631009697914124,-0.08260749280452728,4.0,-0.050464700907468796,0.0658881813287735,0.300822913646698,0.40748533606529236,5.0,-0.02095974050462246,0.06692594289779663,0.3296475410461426,0.952540397644043
1692309407.5625103,"[label: ""height""
size: 3
stride: 15, label: ""width""
size: 5
stride: 5]",0,4.0,-0.04857507348060608,0.06662891805171967,0.3006463944911957,0.425068736076355,5.0,-0.0184754878282547,0.06732512265443802,0.32642999291419983,0.9431014060974121,3.0,-0.087897889316082,0.06777366995811462,0.2968702018260956,-0.1301776021718979
1692309407.6709793,"[label: ""height""
size: 3
stride: 15, label: ""width""
size: 5
stride: 5]",0,3.0,-0.08339221775531769,0.06734414398670197,0.295994371175766,-0.12661567330360413,4.0,-0.0441543348133564,0.06612346321344376,0.29817524552345276,0.40717339515686035,5.0,-0.013636080548167229,0.06719578802585602,0.3257400691509247,0.9295480847358704
1692309407.7545416,"[label: ""height""
size: 3
stride: 15, label: ""width""
size: 5
stride: 5]",0,5.0,-0.00878679659217596,0.06735076010227203,0.32847729325294495,0.9168945550918579,3.0,-0.07896560430526733,0.06750144809484482,0.29833266139030457,-0.18065935373306274,4.0,-0.03991052135825157,0.06730083376169205,0.3047817647457123,0.40679121017456055
1692309407.8804536,"[label: ""height""
size: 3
stride: 15, label: ""width""
size: 5
stride: 5]",0,5.0,-0.0019203998381271958,0.06820862740278244,0.3267946243286133,0.9090676307678223,3.0,-0.07333370298147202,0.06879423558712006,0.3018176555633545,-0.18278048932552338,4.0,-0.033662136644124985,0.06824983656406403,0.30570322275161743,0.39150822162628174
1692309407.9593918,"[label: ""height""
size: 3
stride: 15, label: ""width""
size: 5
stride: 5]",0,3.0,-0.06498835235834122,0.06738259643316269,0.2989378273487091,-0.2597295641899109,4.0,-0.025854503735899925,0.06759266555309296,0.3049623668193817,0.37060868740081787,5.0,0.006538257002830505,0.06824998557567596,0.32888033986091614,0.8885034322738647
1692309408.0584898,"[label: ""height""
size: 3
stride: 15, label: ""width""
size: 5
stride: 5]",0,3.0,-0.05688389390707016,0.06868256628513336,0.30203676223754883,-0.27137720584869385,4.0,-0.01743292808532715,0.0684063658118248,0.30446967482566833,0.4076967239379883,5.0,0.015416944399476051,0.06931638717651367,0.3288150131702423,0.86235511302948
1692309408.1442554,"[label: ""height""
size: 3
stride: 15, label: ""width""
size: 5
stride: 5]",0,3.0,-0.04857848957180977,0.06772755086421967,0.3042585253715515,-0.2741745710372925,4.0,-0.00882894080132246,0.06708639860153198,0.3061377704143524,0.3153857886791229,5.0,0.02467796579003334,0.06739767640829086,0.3266738951206207,0.8397558331489563
1692309408.2602794,"[label: ""height""
size: 3
stride: 15, label: ""width""
size: 5
stride: 5]",0,3.0,-0.04012703150510788,0.06805402040481567,0.30343204736709595,-0.28025126457214355,4.0,-0.0005833216710016131,0.0680895522236824,0.3056318759918213,0.2800377309322357,5.0,0.03325566276907921,0.06725586205720901,0.3203513026237488,0.8375272750854492
1692309408.3426566,"[label: ""height""
size: 3
stride: 15, label: ""width""
size: 5
stride: 5]",0,3.0,-0.03156479075551033,0.06759834289550781,0.30162206292152405,-0.3785776197910309,4.0,0.007998806424438953,0.06752834469079971,0.30216142535209656,0.3198164403438568,5.0,0.04257487133145332,0.06836466491222382,0.32245349884033203,0.7981021404266357
1692309408.4500911,"[label: ""height""
size: 3
stride: 15, label: ""width""
size: 5
stride: 5]",0,3.0,-0.02203928492963314,0.06651574373245239,0.30160093307495117,-0.3582562208175659,4.0,0.017239777371287346,0.06682898104190826,0.3022861182689667,0.26336097717285156,5.0,0.051810503005981445,0.06654335558414459,0.31753432750701904,0.7822567224502563
1692309408.551534,"[label: ""height""
size: 3
stride: 15, label: ""width""
size: 5
stride: 5]",0,3.0,-0.012699437327682972,0.06667014956474304,0.30235546827316284,-0.3792295753955841,4.0,0.026753611862659454,0.06607461720705032,0.29938337206840515,0.24967657029628754,5.0,0.06251975893974304,0.06647194176912308,0.31713974475860596,0.7281003594398499
1692309408.6642492,"[label: ""height""
size: 3
stride: 15, label: ""width""
size: 5
stride: 5]",0,4.0,0.03647858649492264,0.06530141085386276,0.2991560697555542,0.1848776489496231,3.0,-0.003447071649134159,0.06536377221345901,0.3020770847797394,-0.4299750030040741,5.0,0.07193843275308609,0.06521319597959518,0.31235167384147644,0.7209024429321289
1692309408.7694142,"[label: ""height""
size: 3
stride: 15, label: ""width""
size: 5
stride: 5]",0,4.0,0.043607380241155624,0.06484323740005493,0.29362091422080994,0.16252975165843964,3.0,0.0043502566404640675,0.06475556641817093,0.2964930534362793,-0.4592394232749939,5.0,0.08009788393974304,0.0655723288655281,0.30977439880371094,0.6791899800300598
1692309408.8650076,"[label: ""height""
size: 3
stride: 15, label: ""width""
size: 5
stride: 5]",0,4.0,0.04917294532060623,0.06401437520980835,0.2898882329463959,0.102804034948349,3.0,0.009788678959012032,0.06338266283273697,0.2916749119758606,-0.4172368049621582,5.0,0.0852975845336914,0.06410737335681915,0.30341583490371704,0.6514714360237122
1692309408.9715073,"[label: ""height""
size: 3
stride: 15, label: ""width""
size: 5
stride: 5]",0,4.0,0.052311819046735764,0.06241210922598839,0.2857837378978729,0.07266012579202652,3.0,0.013526065275073051,0.06254647672176361,0.2922799289226532,-0.4087035655975342,5.0,0.08828156441450119,0.06222385913133621,0.29793986678123474,0.6299411058425903
1692309409.0689173,"[label: ""height""
size: 3
stride: 15, label: ""width""
size: 5
stride: 5]",0,4.0,0.05401432514190674,0.06336810439825058,0.28432896733283997,0.061986904591321945,3.0,0.015283781103789806,0.06318430602550507,0.2898327708244324,-0.43612122535705566,5.0,0.09038284420967102,0.06356286257505417,0.29682525992393494,0.6264806985855103
1692309409.1517403,"[label: ""height""
size: 3
stride: 15, label: ""width""
size: 5
stride: 5]",0,5.0,0.09145835787057877,0.06201834976673126,0.29637348651885986,0.6081112623214722,4.0,0.05415668338537216,0.061806436628103256,0.28276941180229187,0.035883668810129166,3.0,0.01537969708442688,0.06210947409272194,0.2896724343299866,-0.45674195885658264
1692309409.251063,"[label: ""height""
size: 3
stride: 15, label: ""width""
size: 5
stride: 5]",0,4.0,0.053226739168167114,0.06260555982589722,0.2791071832180023,0.03505918011069298,3.0,0.01498196180909872,0.0628560408949852,0.2865992784500122,-0.4426604211330414,5.0,0.09065569192171097,0.06296075135469437,0.2933623790740967,0.5912194848060608
1692309409.3486562,"[label: ""height""
size: 3
stride: 15, label: ""width""
size: 5
stride: 5]",0,4.0,0.05137902870774269,0.06199496611952782,0.2776106894016266,0.06353352963924408,5.0,0.0870395079255104,0.061397094279527664,0.2861388027667999,0.6142323613166809,3.0,0.012865247204899788,0.06313535571098328,0.286869078874588,-0.46901026368141174
1692309409.447892,"[label: ""height""
size: 3
stride: 15, label: ""width""
size: 5
stride: 5]",0,4.0,0.04916832968592644,0.062489479780197144,0.27557623386383057,0.03544365614652634,3.0,0.010627636685967445,0.06286609917879105,0.28352266550064087,-0.4511890113353729,5.0,0.08610620349645615,0.06273828446865082,0.28853002190589905,0.5946558713912964
1692309409.5465753,"[label: ""height""
size: 3
stride: 15, label: ""width""
size: 5
stride: 5]",0,4.0,0.047094978392124176,0.06273730099201202,0.27384504675865173,0.0633464902639389,3.0,0.008644318208098412,0.06303437799215317,0.2802209258079529,-0.4723040461540222,5.0,0.08416257053613663,0.06292156130075455,0.2867231070995331,0.5870494842529297
1692309409.654139,"[label: ""height""
size: 3
stride: 15, label: ""width""
size: 5
stride: 5]",0,4.0,0.045885223895311356,0.06194145977497101,0.27072519063949585,0.054071541875600815,3.0,0.007630668114870787,0.06260932981967926,0.28038984537124634,-0.4528448283672333,5.0,0.08368009328842163,0.06283224374055862,0.28627368807792664,0.5807598233222961
1692309409.7612665,"[label: ""height""
size: 3
stride: 15, label: ""width""
size: 5
stride: 5]",0,4.0,0.04453199356794357,0.06317625194787979,0.2705855071544647,0.055810846388339996,3.0,0.006260704714804888,0.06401236355304718,0.28050777316093445,-0.44674503803253174,5.0,0.08125618100166321,0.06325697153806686,0.2818845808506012,0.5798936486244202
1692309409.8521302,"[label: ""height""
size: 3
stride: 15, label: ""width""
size: 5
stride: 5]",0,4.0,0.04406174644827843,0.0622454397380352,0.2687097191810608,0.008187083527445793,3.0,0.005839102901518345,0.06291789561510086,0.27815619111061096,-0.47599977254867554,5.0,0.08206421881914139,0.0631382018327713,0.2839159071445465,0.55560702085495
1692309409.9705772,"[label: ""height""
size: 3
stride: 15, label: ""width""
size: 5
stride: 5]",0,4.0,0.044512126594781876,0.06375151872634888,0.26681599020957947,0.0051343380473554134,3.0,0.006326206494122744,0.06419019401073456,0.27527183294296265,-0.4866830110549927,5.0,0.08149190247058868,0.06373769789934158,0.27754005789756775,0.5817643404006958
1692309410.0675647,"[label: ""height""
size: 3
stride: 15, label: ""width""
size: 5
stride: 5]",0,4.0,0.04558243602514267,0.06268126517534256,0.26521891355514526,0.035027164965867996,3.0,0.007261650171130896,0.06293211132287979,0.2728220224380493,-0.493040531873703,5.0,0.0830744132399559,0.0630616843700409,0.2775252163410187,0.5604453682899475
1692309410.1818361,"[label: ""height""
size: 3
stride: 15, label: ""width""
size: 5
stride: 5]",0,4.0,0.047010354697704315,0.06469465047121048,0.26416289806365967,0.022915787994861603,3.0,0.008702549152076244,0.06507562845945358,0.2724187970161438,-0.48786628246307373,5.0,0.08519579470157623,0.06539207696914673,0.27778372168540955,0.5545647144317627
1692309410.2526138,"[label: ""height""
size: 3
stride: 15, label: ""width""
size: 5
stride: 5]",0,4.0,0.048773132264614105,0.06373028457164764,0.2617616057395935,-0.03137550875544548,3.0,0.010848193429410458,0.06413120776414871,0.2707892656326294,-0.5071911811828613,5.0,0.08678795397281647,0.06431784480810165,0.27417004108428955,0.5432249307632446
1692309410.3504262,"[label: ""height""
size: 3
stride: 15, label: ""width""
size: 5
stride: 5]",0,4.0,0.05050153657793999,0.06569352000951767,0.2622379660606384,-0.0041221571154892445,3.0,0.012085926719009876,0.06560230255126953,0.2691299617290497,-0.5254755616188049,5.0,0.08772090822458267,0.06574147194623947,0.2721717953681946,0.5462077260017395
1692309410.4548736,"[label: ""height""
size: 3
stride: 15, label: ""width""
size: 5
stride: 5]",0,4.0,0.05154133588075638,0.06499650329351425,0.26005175709724426,-0.032585255801677704,3.0,0.013517111539840698,0.06522905081510544,0.26902875304222107,-0.5157825350761414,5.0,0.08922355622053146,0.0651823878288269,0.2703015208244324,0.5397167801856995
1692309410.5549185,"[label: ""height""
size: 3
stride: 15, label: ""width""
size: 5
stride: 5]",0,4.0,0.05262834206223488,0.06640409678220749,0.2585299611091614,-0.021748851984739304,3.0,0.014505752362310886,0.06651118397712708,0.2670215666294098,-0.5109361410140991,5.0,0.09001712501049042,0.06644343584775925,0.26869261264801025,0.5411216020584106
1692309410.6563718,"[label: ""height""
size: 3
stride: 15, label: ""width""
size: 5
stride: 5]",0,4.0,0.05325052887201309,0.06599036604166031,0.2573389708995819,-0.003500815713778138,3.0,0.015199088491499424,0.0661567822098732,0.266103059053421,-0.5354939103126526,5.0,0.09107249975204468,0.06649045646190643,0.26889678835868835,0.5303657650947571
1692309410.780632,"[label: ""height""
size: 3
stride: 15, label: ""width""
size: 5
stride: 5]",0,4.0,0.05366607382893562,0.06695911288261414,0.2569563388824463,-0.030470849946141243,3.0,0.015398310497403145,0.06690491735935211,0.26557251811027527,-0.5133882761001587,5.0,0.09108125418424606,0.06691781431436539,0.2666391432285309,0.543888509273529
1692309410.8754117,"[label: ""height""
size: 3
stride: 15, label: ""width""
size: 5
stride: 5]",0,4.0,0.05288742855191231,0.06694871932268143,0.25608545541763306,-0.0032153220381587744,3.0,0.014998374506831169,0.06768479198217392,0.2660689353942871,-0.5049745440483093,5.0,0.09095292538404465,0.06780418008565903,0.268862247467041,0.5384849905967712
1692309410.9621341,"[label: ""height""
size: 3
stride: 15, label: ""width""
size: 5
stride: 5]",0,4.0,0.051660988479852676,0.06661029160022736,0.2543734312057495,0.05097673460841179,3.0,0.01354194525629282,0.06703052669763565,0.26322659850120544,-0.49408426880836487,5.0,0.0893547534942627,0.06730690598487854,0.2673451900482178,0.5607797503471375
1692309411.0614681,"[label: ""height""
size: 3
stride: 15, label: ""width""
size: 5
stride: 5]",0,4.0,0.049622684717178345,0.06779976189136505,0.2558303773403168,0.028209563344717026,3.0,0.011152335442602634,0.06790463626384735,0.26269498467445374,-0.48778021335601807,5.0,0.08737108111381531,0.06835605204105377,0.2693420648574829,0.5615490078926086
1692309411.1704986,"[label: ""height""
size: 3
stride: 15, label: ""width""
size: 5
stride: 5]",0,4.0,0.04627692699432373,0.06623655557632446,0.2545521855354309,0.05244357883930206,5.0,0.08234886825084686,0.06599699705839157,0.2651703953742981,0.6138740181922913,3.0,0.008046812377870083,0.06763215363025665,0.2654643952846527,-0.4510352909564972
1692309411.2834327,"[label: ""height""
size: 3
stride: 15, label: ""width""
size: 5
stride: 5]",0,4.0,0.04234747961163521,0.06697791814804077,0.25332942605018616,0.07573875784873962,3.0,0.004216191824525595,0.06833314895629883,0.2635492980480194,-0.43914398550987244,5.0,0.07950589805841446,0.06764121353626251,0.26917266845703125,0.6356164216995239
1692309411.3711832,"[label: ""height""
size: 3
stride: 15, label: ""width""
size: 5
stride: 5]",0,4.0,0.03883183375000954,0.06648650765419006,0.25507158041000366,0.12876635789871216,3.0,0.0002272209239890799,0.06756004691123962,0.2635660767555237,-0.4352780282497406,5.0,0.07530180364847183,0.06715691834688187,0.2702942192554474,0.6517453789710999
1692309411.4699924,"[label: ""height""
size: 3
stride: 15, label: ""width""
size: 5
stride: 5]",0,4.0,0.03374028578400612,0.06622336804866791,0.2568834125995636,0.12930648028850555,3.0,-0.005350660998374224,0.06662680208683014,0.2620392143726349,-0.42798423767089844,5.0,0.07008083164691925,0.0663401260972023,0.27193358540534973,0.6708225011825562
1692309411.5801017,"[label: ""height""
size: 3
stride: 15, label: ""width""
size: 5
stride: 5]",0,4.0,0.028711918741464615,0.06556500494480133,0.2555996775627136,0.18339338898658752,3.0,-0.010484025813639164,0.06649106740951538,0.2620622217655182,-0.40863969922065735,5.0,0.06452005356550217,0.06610704958438873,0.2719344198703766,0.6865810751914978
1692309411.676129,"[label: ""height""
size: 3
stride: 15, label: ""width""
size: 5
stride: 5]",0,5.0,0.05961484834551811,0.06566493958234787,0.2729150354862213,0.6985251903533936,4.0,0.023909572511911392,0.06516531854867935,0.2556558847427368,0.1902708262205124,3.0,-0.015319489873945713,0.06655410677194595,0.26324138045310974,-0.3371758460998535
1692309411.7529988,"[label: ""height""
size: 3
stride: 15, label: ""width""
size: 5
stride: 5]",0,4.0,0.01997286081314087,0.06327846646308899,0.25351235270500183,0.18827344477176666,5.0,0.055424030870199203,0.06378287076950073,0.27149519324302673,0.7062516808509827,3.0,-0.018985604867339134,0.0644407868385315,0.25997069478034973,-0.3562800884246826
1692309411.8683064,"[label: ""height""
size: 3
stride: 15, label: ""width""
size: 5
stride: 5]",0,4.0,0.017075631767511368,0.06345140933990479,0.2534064054489136,0.20420345664024353,3.0,-0.02204159088432789,0.06421307474374771,0.2586114704608917,-0.32694458961486816,5.0,0.05173633620142937,0.06380055844783783,0.27019399404525757,0.7285040020942688
1692309411.9674087,"[label: ""height""
size: 3
stride: 15, label: ""width""
size: 5
stride: 5]",0,4.0,0.014673719182610512,0.06259571760892868,0.2535838186740875,0.18070216476917267,3.0,-0.024332428351044655,0.06306225806474686,0.25822243094444275,-0.32383841276168823,5.0,0.04975656047463417,0.06310141831636429,0.2714693248271942,0.7164194583892822
1692309412.0811808,"[label: ""height""
size: 3
stride: 15, label: ""width""
size: 5
stride: 5]",0,4.0,0.01382354274392128,0.06225009635090828,0.2548774480819702,0.1968555748462677,3.0,-0.025374533608555794,0.06240115314722061,0.2580839991569519,-0.3215743899345398,5.0,0.0489213764667511,0.06250481307506561,0.27176544070243835,0.7173160314559937
1692309412.164678,"[label: ""height""
size: 3
stride: 15, label: ""width""
size: 5
stride: 5]",0,4.0,0.014245297759771347,0.0621303990483284,0.25522711873054504,0.18302826583385468,3.0,-0.024864865466952324,0.06256864964962006,0.2592106759548187,-0.34439384937286377,5.0,0.04936244338750839,0.06250078976154327,0.2717459201812744,0.716018795967102
1692309412.2643106,"[label: ""height""
size: 3
stride: 15, label: ""width""
size: 5
stride: 5]",0,4.0,0.0158075038343668,0.06172892451286316,0.25597235560417175,0.1366487741470337,3.0,-0.023224294185638428,0.06158066913485527,0.2598891854286194,-0.34276923537254333,5.0,0.051176752895116806,0.06204986944794655,0.27315130829811096,0.6914703845977783
1692309412.375329,"[label: ""height""
size: 3
stride: 15, label: ""width""
size: 5
stride: 5]",0,4.0,0.017221856862306595,0.06109194457530975,0.2565282881259918,0.15048028528690338,3.0,-0.02146545797586441,0.06076977774500847,0.258750855922699,-0.3852715492248535,5.0,0.052677612751722336,0.06114831194281578,0.2716500163078308,0.6911522746086121
1692309412.4978995,"[label: ""height""
size: 3
stride: 15, label: ""width""
size: 5
stride: 5]",0,4.0,0.01874036341905594,0.062186069786548615,0.2589738368988037,0.1318059116601944,3.0,-0.019985772669315338,0.061518594622612,0.26157405972480774,-0.39482682943344116,5.0,0.05463706701993942,0.06240195780992508,0.2737126648426056,0.66340571641922
1692309412.5636327,"[label: ""height""
size: 3
stride: 15, label: ""width""
size: 5
stride: 5]",0,4.0,0.02097449265420437,0.0611027292907238,0.257512629032135,0.14713960886001587,3.0,-0.017678646370768547,0.06144567206501961,0.263959676027298,-0.39938005805015564,5.0,0.05714908614754677,0.0616760179400444,0.27340930700302124,0.6477324366569519
1692309412.6584876,"[label: ""height""
size: 3
stride: 15, label: ""width""
size: 5
stride: 5]",0,4.0,0.022827481850981712,0.06081148982048035,0.25884541869163513,0.09712888300418854,3.0,-0.015709206461906433,0.06077884882688522,0.26529815793037415,-0.4108215868473053,5.0,0.059285666793584824,0.061241619288921356,0.2734714448451996,0.633094072341919
1692309412.772674,"[label: ""height""
size: 3
stride: 15, label: ""width""
size: 5
stride: 5]",0,4.0,0.026544783264398575,0.06115146353840828,0.26140090823173523,0.0635538250207901,3.0,-0.01211059745401144,0.060857925564050674,0.26708120107650757,-0.43587642908096313,5.0,0.06309028714895248,0.06169462203979492,0.2749643623828888,0.6274166107177734
1692309412.8866224,"[label: ""height""
size: 3
stride: 15, label: ""width""
size: 5
stride: 5]",0,4.0,0.02921888791024685,0.06109723448753357,0.2628176510334015,0.016995564103126526,3.0,-0.009241143241524696,0.060780540108680725,0.26958930492401123,-0.4425269663333893,5.0,0.06606223434209824,0.06109914183616638,0.27424177527427673,0.5876498818397522
1692309412.9593403,"[label: ""height""
size: 3
stride: 15, label: ""width""
size: 5
stride: 5]",0,4.0,0.03212742879986763,0.06186336278915405,0.26445579528808594,0.0338415801525116,3.0,-0.00642042700201273,0.0614362470805645,0.2710403800010681,-0.47064825892448425,5.0,0.06915277987718582,0.06202331557869911,0.2754109501838684,0.5678455233573914
1692309413.0549357,"[label: ""height""
size: 3
stride: 15, label: ""width""
size: 5
stride: 5]",0,4.0,0.03573400154709816,0.06165582314133644,0.2658572793006897,-0.008163239806890488,5.0,0.07272270321846008,0.06136942282319069,0.2744176983833313,0.5613747239112854,3.0,-0.0027800044044852257,0.06078862026333809,0.27221089601516724,-0.4893125295639038
1692309413.153471,"[label: ""height""
size: 3
stride: 15, label: ""width""
size: 5
stride: 5]",0,4.0,0.03806708753108978,0.060592107474803925,0.26490214467048645,-0.03789730742573738,5.0,0.07593037188053131,0.06132138520479202,0.27674153447151184,0.5377009510993958,3.0,-1.0549738362897187e-05,0.059845950454473495,0.2719605565071106,-0.5134182572364807
1692309413.2729573,"[label: ""height""
size: 3
stride: 15, label: ""width""
size: 5
stride: 5]",0,4.0,0.040084149688482285,0.06120942533016205,0.2658042013645172,-0.0063031320460140705,5.0,0.07685603946447372,0.06127871200442314,0.27354779839515686,0.5441178679466248,3.0,0.002115923212841153,0.06053328141570091,0.2735815942287445,-0.524532675743103
1692309413.3724318,"[label: ""height""
size: 3
stride: 15, label: ""width""
size: 5
stride: 5]",0,4.0,0.04090231657028198,0.060970526188611984,0.26499390602111816,-0.03859907016158104,5.0,0.0788155347108841,0.06165316328406334,0.27614468336105347,0.5238013863563538,3.0,0.003274580929428339,0.06105713173747063,0.27652060985565186,-0.5344530940055847
1692309413.46965,"[label: ""height""
size: 3
stride: 15, label: ""width""
size: 5
stride: 5]",0,4.0,0.04254704341292381,0.06043032929301262,0.26652997732162476,-0.048698920756578445,5.0,0.08012580871582031,0.0608762688934803,0.27677926421165466,0.5188640356063843,3.0,0.004773989319801331,0.06049652770161629,0.2775299847126007,-0.5221153497695923
1692309413.568249,"[label: ""height""
size: 3
stride: 15, label: ""width""
size: 5
stride: 5]",0,4.0,0.04561630263924599,0.06095631420612335,0.26843300461769104,-0.03499471768736839,5.0,0.08274631202220917,0.06111642345786095,0.2768140435218811,0.5377521514892578,3.0,0.007665020413696766,0.06047332286834717,0.27895015478134155,-0.5082443952560425
1692309413.7166233,"[label: ""height""
size: 3
stride: 15, label: ""width""
size: 5
stride: 5]",0,4.0,0.04778337478637695,0.06081507354974747,0.2681501507759094,-0.019290659576654434,5.0,0.085759736597538,0.06175105273723602,0.27965354919433594,0.5320847630500793,3.0,0.010219281539320946,0.06113571301102638,0.28043362498283386,-0.53679358959198
1692309413.7790394,"[label: ""height""
size: 3
stride: 15, label: ""width""
size: 5
stride: 5]",0,4.0,0.05013815686106682,0.06090904027223587,0.27106621861457825,-0.0653579980134964,5.0,0.08842339366674423,0.06144542992115021,0.28196755051612854,0.5290002226829529,3.0,0.012249816209077835,0.06089657172560692,0.281922310590744,-0.5198130011558533
1692309413.877181,"[label: ""height""
size: 3
stride: 15, label: ""width""
size: 5
stride: 5]",0,4.0,0.05174166336655617,0.06138062849640846,0.27163076400756836,-0.019685091450810432,5.0,0.08986303955316544,0.062463387846946716,0.28398171067237854,0.5287797451019287,3.0,0.013781397603452206,0.06145422160625458,0.2823899984359741,-0.5071632862091064
1692309413.9644728,"[label: ""height""
size: 3
stride: 15, label: ""width""
size: 5
stride: 5]",0,4.0,0.053721118718385696,0.0613458976149559,0.27362343668937683,0.007805312518030405,5.0,0.09059054404497147,0.061425913125276566,0.2818751037120819,0.5493640899658203,3.0,0.015367552638053894,0.06084149330854416,0.2816345691680908,-0.4888800084590912
1692309414.072713,"[label: ""height""
size: 3
stride: 15, label: ""width""
size: 5
stride: 5]",0,4.0,0.05421162396669388,0.061100203543901443,0.2738828659057617,-0.0007056302856653929,5.0,0.09131317585706711,0.0614912211894989,0.2837768495082855,0.551095724105835,3.0,0.016186343505978584,0.06107001006603241,0.2839205265045166,-0.5046890377998352
1692309414.1794255,"[label: ""height""
size: 3
stride: 15, label: ""width""
size: 5
stride: 5]",0,4.0,0.05506603792309761,0.06185823678970337,0.275356262922287,-0.0014474715571850538,5.0,0.09290233999490738,0.062494195997714996,0.28729063272476196,0.5394531488418579,3.0,0.016616761684417725,0.06082271412014961,0.281552255153656,-0.5103610754013062
1692309414.2738714,"[label: ""height""
size: 3
stride: 15, label: ""width""
size: 5
stride: 5]",0,4.0,0.05490129441022873,0.061658523976802826,0.27522122859954834,-0.024549486115574837,5.0,0.09199386835098267,0.061993177980184555,0.2855429947376251,0.5544461011886597,3.0,0.016775909811258316,0.06121756508946419,0.2839146852493286,-0.49138450622558594
1692309414.3557198,"[label: ""height""
size: 3
stride: 15, label: ""width""
size: 5
stride: 5]",0,4.0,0.05464278906583786,0.06145816296339035,0.27716064453125,0.008141089230775833,5.0,0.09165114164352417,0.0619647279381752,0.2881547510623932,0.5655733346939087,3.0,0.016246525570750237,0.06093648076057434,0.2848374545574188,-0.4968867301940918
1692309414.4698951,"[label: ""height""
size: 3
stride: 15, label: ""width""
size: 5
stride: 5]",0,4.0,0.052415065467357635,0.06166597828269005,0.27743735909461975,-0.0007032851572148502,5.0,0.0901011973619461,0.06216563284397125,0.2896331250667572,0.5580375790596008,3.0,0.014349361881613731,0.061389822512865067,0.286395788192749,-0.4954371750354767
1692309414.5738811,"[label: ""height""
size: 3
stride: 15, label: ""width""
size: 5
stride: 5]",0,4.0,0.050080783665180206,0.06204931437969208,0.28086814284324646,0.007711860351264477,5.0,0.08755052089691162,0.06259771436452866,0.29221847653388977,0.5574267506599426,3.0,0.011570588685572147,0.06195051223039627,0.2896183729171753,-0.4740709364414215
1692309414.6544743,"[label: ""height""
size: 3
stride: 15, label: ""width""
size: 5
stride: 5]",0,4.0,0.046425797045230865,0.06178559362888336,0.2810821533203125,-0.0006874293321743608,5.0,0.0843760073184967,0.06312862038612366,0.29578879475593567,0.5653899908065796,3.0,0.008510432206094265,0.0625481903553009,0.2935338318347931,-0.45059338212013245
1692309414.7559633,"[label: ""height""
size: 3
stride: 15, label: ""width""
size: 5
stride: 5]",0,3.0,0.004871556535363197,0.06292620301246643,0.2926243543624878,-0.47650521993637085,4.0,0.04371500760316849,0.06397871673107147,0.287334680557251,0.020797504112124443,5.0,0.0808706060051918,0.06370101869106293,0.2962392568588257,0.5902484655380249
1692309414.861524,"[label: ""height""
size: 3
stride: 15, label: ""width""
size: 5
stride: 5]",0,5.0,0.07767391204833984,0.063752681016922,0.2998569905757904,0.5714401006698608,3.0,0.0015793854836374521,0.06352715194225311,0.296930730342865,-0.43451541662216187,4.0,0.0404600091278553,0.06358679383993149,0.2889293134212494,0.07228493690490723
1692309414.9510825,"[label: ""height""
size: 3
stride: 15, label: ""width""
size: 5
stride: 5]",0,4.0,0.03633306920528412,0.06160163879394531,0.2856520414352417,0.031554214656353,5.0,0.07305821031332016,0.061809927225112915,0.29650673270225525,0.5997146368026733,3.0,-0.0020799809135496616,0.06211404502391815,0.2971709966659546,-0.4525494873523712
1692309415.0660226,"[label: ""height""
size: 3
stride: 15, label: ""width""
size: 5
stride: 5]",0,4.0,0.03288352116942406,0.06274591386318207,0.28709903359413147,0.0432053841650486,3.0,-0.005361250136047602,0.06299040466547012,0.29667291045188904,-0.45971933007240295,5.0,0.06987632066011429,0.06330433487892151,0.3000829219818115,0.5897170305252075
1692309415.1724648,"[label: ""height""
size: 3
stride: 15, label: ""width""
size: 5
stride: 5]",0,4.0,0.029127245768904686,0.06291497498750687,0.2871876060962677,0.04082917049527168,3.0,-0.009201710112392902,0.0637381374835968,0.2997008264064789,-0.44525882601737976,5.0,0.06627786159515381,0.06387171894311905,0.3021811544895172,0.5831207036972046
1692309415.2681324,"[label: ""height""
size: 3
stride: 15, label: ""width""
size: 5
stride: 5]",0,4.0,0.026430519297719002,0.06306914240121841,0.2911613881587982,0.04305256903171539,3.0,-0.012054776772856712,0.06260594725608826,0.29719623923301697,-0.4506806433200836,5.0,0.06309876590967178,0.06328216940164566,0.30294302105903625,0.5984878540039062
1692309415.3641002,"[label: ""height""
size: 3
stride: 15, label: ""width""
size: 5
stride: 5]",0,4.0,0.024299198761582375,0.06297467648983002,0.2926393151283264,0.055844418704509735,3.0,-0.014139932580292225,0.06312495470046997,0.3002782464027405,-0.4524019658565521,5.0,0.060882698744535446,0.0634419247508049,0.30427414178848267,0.6013635993003845
1692309415.4526052,"[label: ""height""
size: 3
stride: 15, label: ""width""
size: 5
stride: 5]",0,4.0,0.02260930836200714,0.06281716376543045,0.2935413122177124,0.09421036392450333,3.0,-0.016022583469748497,0.0629962608218193,0.3013562560081482,-0.4273552894592285,5.0,0.0588761605322361,0.06305008381605148,0.3048412501811981,0.6147370338439941
1692309415.563652,"[label: ""height""
size: 3
stride: 15, label: ""width""
size: 5
stride: 5]",0,4.0,0.01955852471292019,0.06285466253757477,0.2934107780456543,0.05804816633462906,3.0,-0.018913840875029564,0.06316418200731277,0.3022342920303345,-0.42901700735092163,5.0,0.05621916800737381,0.0634535402059555,0.30739107728004456,0.6237308979034424
1692309415.6745427,"[label: ""height""
size: 3
stride: 15, label: ""width""
size: 5
stride: 5]",0,4.0,0.016778258606791496,0.06260547041893005,0.2940807342529297,0.1237117350101471,3.0,-0.021860523149371147,0.06261859834194183,0.3019680678844452,-0.42224329710006714,5.0,0.0534127838909626,0.06353555619716644,0.310145765542984,0.6038109660148621
1692309415.7629178,"[label: ""height""
size: 3
stride: 15, label: ""width""
size: 5
stride: 5]",0,4.0,0.013244814239442348,0.06354047358036041,0.2968413829803467,0.08300673961639404,3.0,-0.025613823905587196,0.06368589401245117,0.3040936589241028,-0.41248619556427,5.0,0.04942331463098526,0.06365186721086502,0.3089519143104553,0.6381613612174988
1692309415.8695352,"[label: ""height""
size: 3
stride: 15, label: ""width""
size: 5
stride: 5]",0,4.0,0.00936888251453638,0.06290104985237122,0.29654768109321594,0.10664733499288559,3.0,-0.02938656508922577,0.06324344873428345,0.30438804626464844,-0.429376482963562,5.0,0.04598219320178032,0.06375207006931305,0.31314384937286377,0.6357932686805725
1692309415.968407,"[label: ""height""
size: 3
stride: 15, label: ""width""
size: 5
stride: 5]",0,4.0,0.005976005923002958,0.06197091192007065,0.2967592179775238,0.1107446551322937,3.0,-0.0329962782561779,0.06252124160528183,0.30448928475379944,-0.4043704867362976,5.0,0.041857969015836716,0.062161173671483994,0.3109790086746216,0.6726188063621521
1692309416.0714178,"[label: ""height""
size: 3
stride: 15, label: ""width""
size: 5
stride: 5]",0,4.0,0.0029941201210021973,0.06245215982198715,0.29549261927604675,0.17993777990341187,3.0,-0.03628566116094589,0.06358827650547028,0.3061544597148895,-0.37188422679901123,5.0,0.03848583623766899,0.06337502598762512,0.3125566244125366,0.6782801151275635
1692309416.1709833,"[label: ""height""
size: 3
stride: 15, label: ""width""
size: 5
stride: 5]",0,4.0,0.001428931369446218,0.06297166645526886,0.29814475774765015,0.1786492019891739,3.0,-0.03762761130928993,0.063575878739357,0.30478915572166443,-0.37694016098976135,5.0,0.037069279700517654,0.06389714032411575,0.3158033788204193,0.6929224729537964
1692309416.261308,"[label: ""height""
size: 3
stride: 15, label: ""width""
size: 5
stride: 5]",0,4.0,-5.641218740493059e-05,0.06244979053735733,0.2997254431247711,0.16027553379535675,3.0,-0.03909563645720482,0.06253551691770554,0.3045675754547119,-0.37461426854133606,5.0,0.03550715371966362,0.06284201145172119,0.31569308042526245,0.6975937485694885
1692309416.354126,"[label: ""height""
size: 3
stride: 15, label: ""width""
size: 5
stride: 5]",0,4.0,-0.000926255714148283,0.06283658742904663,0.30171024799346924,0.15793190896511078,3.0,-0.039996955543756485,0.06267735362052917,0.30397266149520874,-0.3457570970058441,5.0,0.034406546503305435,0.06294675171375275,0.31627127528190613,0.7092550992965698
1692309416.4693592,"[label: ""height""
size: 3
stride: 15, label: ""width""
size: 5
stride: 5]",0,4.0,-0.0008853357867337763,0.063123919069767,0.2997567057609558,0.19256609678268433,3.0,-0.04000489041209221,0.06318744271993637,0.30403608083724976,-0.3453317880630493,5.0,0.034369610249996185,0.06365158408880234,0.31592726707458496,0.7113366723060608
1692309416.5675344,"[label: ""height""
size: 3
stride: 15, label: ""width""
size: 5
stride: 5]",0,4.0,-0.00043238900252617896,0.06282737106084824,0.3016621172428131,0.1573493331670761,3.0,-0.0395972803235054,0.0627293735742569,0.304753839969635,-0.3439207971096039,5.0,0.03476347029209137,0.06289248913526535,0.3159751892089844,0.7189614176750183
1692309416.6905215,"[label: ""height""
size: 3
stride: 15, label: ""width""
size: 5
stride: 5]",0,4.0,0.0005762057844549417,0.06234954297542572,0.2999669015407562,0.1794958859682083,3.0,-0.038253478705883026,0.062300894409418106,0.302825391292572,-0.3706575930118561,5.0,0.036103494465351105,0.06308537721633911,0.3175765872001648,0.701781153678894
1692309416.7464094,"[label: ""height""
size: 3
stride: 15, label: ""width""
size: 5
stride: 5]",0,4.0,0.0020468984730541706,0.0633203312754631,0.2999052107334137,0.1760772168636322,3.0,-0.0367853119969368,0.06313405185937881,0.3019907474517822,-0.36397188901901245,5.0,0.03734824061393738,0.06424753367900848,0.318234384059906,0.7066096067428589
1692309416.8580601,"[label: ""height""
size: 3
stride: 15, label: ""width""
size: 5
stride: 5]",0,4.0,0.00400529382750392,0.06324797123670578,0.30128151178359985,0.15141452848911285,3.0,-0.035210683941841125,0.06310151517391205,0.30358603596687317,-0.3283931314945221,5.0,0.038890887051820755,0.063397616147995,0.31590425968170166,0.7076471447944641
1692309416.9519598,"[label: ""height""
size: 3
stride: 15, label: ""width""
size: 5
stride: 5]",0,4.0,0.005476354155689478,0.06225690618157387,0.29948338866233826,0.17320473492145538,3.0,-0.03355276584625244,0.062043484300374985,0.30196577310562134,-0.34348660707473755,5.0,0.04055218771100044,0.06258576363325119,0.3157590329647064,0.7143195271492004
1692309417.0594573,"[label: ""height""
size: 3
stride: 15, label: ""width""
size: 5
stride: 5]",0,4.0,0.006133027374744415,0.06274941563606262,0.2969953417778015,0.14140228927135468,3.0,-0.03301835060119629,0.0632639080286026,0.3026708662509918,-0.3545185625553131,5.0,0.04123179242014885,0.06339645385742188,0.3140117824077606,0.7062273621559143
1692309417.1747239,"[label: ""height""
size: 3
stride: 15, label: ""width""
size: 5
stride: 5]",0,4.0,0.006618205923587084,0.06274137645959854,0.29695457220077515,0.14085040986537933,3.0,-0.032395295798778534,0.06264445930719376,0.30028361082077026,-0.3562523424625397,5.0,0.041959311813116074,0.06306929886341095,0.3136833608150482,0.7054069638252258
1692309417.2923539,"[label: ""height""
size: 3
stride: 15, label: ""width""
size: 5
stride: 5]",0,4.0,0.006127744913101196,0.061637476086616516,0.2953394055366516,0.16965466737747192,3.0,-0.03264779597520828,0.06155874580144882,0.29797300696372986,-0.36866727471351624,5.0,0.041590601205825806,0.06239769607782364,0.31281957030296326,0.7085888981819153
1692309417.3876667,"[label: ""height""
size: 3
stride: 15, label: ""width""
size: 5
stride: 5]",0,4.0,0.0054026939906179905,0.0627577006816864,0.29366737604141235,0.19989673793315887,3.0,-0.0336931049823761,0.06319454312324524,0.2988540232181549,-0.3293919563293457,5.0,0.040070053189992905,0.06287066638469696,0.3089034855365753,0.722403883934021
1692309417.4800897,"[label: ""height""
size: 3
stride: 15, label: ""width""
size: 5
stride: 5]",0,4.0,0.004196525551378727,0.06314953416585922,0.2956470847129822,0.16992129385471344,3.0,-0.03474659100174904,0.0628967434167862,0.29732197523117065,-0.3370455205440521,5.0,0.03938312828540802,0.06307104974985123,0.31050023436546326,0.7114860415458679
1692309417.5576937,"[label: ""height""
size: 3
stride: 15, label: ""width""
size: 5
stride: 5]",0,4.0,0.002959968289360404,0.06143272668123245,0.2913844883441925,0.1823083907365799,3.0,-0.03595971316099167,0.061501991003751755,0.29423287510871887,-0.33907023072242737,5.0,0.037943046540021896,0.06189084053039551,0.30907970666885376,0.7183986902236938
1692309417.6697981,"[label: ""height""
size: 3
stride: 15, label: ""width""
size: 5
stride: 5]",0,4.0,0.0015488241333514452,0.06273077428340912,0.28984710574150085,0.21045193076133728,3.0,-0.037742920219898224,0.06316259503364563,0.29414334893226624,-0.3227006793022156,5.0,0.036345209926366806,0.06352005898952484,0.3083762526512146,0.7248102426528931
1692309417.7718115,"[label: ""height""
size: 3
stride: 15, label: ""width""
size: 5
stride: 5]",0,4.0,9.051822416950017e-06,0.06243942305445671,0.2884058952331543,0.21176853775978088,3.0,-0.03896487504243851,0.06229562312364578,0.29051831364631653,-0.34161707758903503,5.0,0.03489512577652931,0.06303607672452927,0.30667826533317566,0.7338815331459045
1692309417.8802874,"[label: ""height""
size: 3
stride: 15, label: ""width""
size: 5
stride: 5]",0,4.0,-0.001050313701853156,0.06144977733492851,0.28651225566864014,0.20501770079135895,3.0,-0.0403563566505909,0.0618973933160305,0.29044491052627563,-0.30682891607284546,5.0,0.033539753407239914,0.06197531893849373,0.30456292629241943,0.7332579493522644
1692309417.974046,"[label: ""height""
size: 3
stride: 15, label: ""width""
size: 5
stride: 5]",0,3.0,-0.041217267513275146,0.06268616765737534,0.2880329489707947,-0.32206040620803833,4.0,-0.0022306381724774837,0.062430836260318756,0.2844277322292328,0.1785706728696823,5.0,0.03239215537905693,0.06303341686725616,0.30311450362205505,0.7407350540161133
1692309418.0638826,"[label: ""height""
size: 3
stride: 15, label: ""width""
size: 5
stride: 5]",0,4.0,-0.002552795223891735,0.06238926202058792,0.2849721610546112,0.2124822437763214,3.0,-0.0418463833630085,0.0627596452832222,0.28840816020965576,-0.30384472012519836,5.0,0.0321589931845665,0.062443915754556656,0.30086642503738403,0.7468178868293762
1692309418.1623957,"[label: ""height""
size: 3
stride: 15, label: ""width""
size: 5
stride: 5]",0,4.0,-0.0026467747520655394,0.06165566295385361,0.2827908396720886,0.2114192694425583,3.0,-0.041864365339279175,0.061806224286556244,0.2851543128490448,-0.324930876493454,5.0,0.032225314527750015,0.061848487704992294,0.3003179430961609,0.7387084364891052
1692309418.2844946,"[label: ""height""
size: 3
stride: 15, label: ""width""
size: 5
stride: 5]",0,4.0,-0.0023943588603287935,0.062226396054029465,0.2794956862926483,0.1984539031982422,3.0,-0.0415254682302475,0.06275422871112823,0.2836434841156006,-0.3192431330680847,5.0,0.03228986635804176,0.06284322589635849,0.29743775725364685,0.7374315857887268
1692309418.3609524,"[label: ""height""
size: 3
stride: 15, label: ""width""
size: 5
stride: 5]",0,4.0,-0.0012592962011694908,0.061584293842315674,0.27709341049194336,0.175330251455307,3.0,-0.03999002277851105,0.0614914707839489,0.27931198477745056,-0.32491910457611084,5.0,0.033474210649728775,0.061836421489715576,0.2938537001609802,0.7342422008514404
1692309418.4722323,"[label: ""height""
size: 3
stride: 15, label: ""width""
size: 5
stride: 5]",0,4.0,0.0003124594804830849,0.06145960092544556,0.27717915177345276,0.15949156880378723,3.0,-0.038586463779211044,0.06109486520290375,0.278095543384552,-0.35171300172805786,5.0,0.03515401482582092,0.061247095465660095,0.29280227422714233,0.7222103476524353
1692309418.5811737,"[label: ""height""
size: 3
stride: 15, label: ""width""
size: 5
stride: 5]",0,4.0,0.0026034563779830933,0.06248585879802704,0.2752176523208618,0.1944667249917984,3.0,-0.03658980876207352,0.06272874027490616,0.27867069840431213,-0.32420459389686584,5.0,0.03766591474413872,0.06238416209816933,0.2908884882926941,0.7292720675468445
1692309418.676989,"[label: ""height""
size: 3
stride: 15, label: ""width""
size: 5
stride: 5]",0,4.0,0.0059702955186367035,0.06171925738453865,0.2711220383644104,0.152506485581398,3.0,-0.033110424876213074,0.061900317668914795,0.27607110142707825,-0.35062065720558167,5.0,0.041714295744895935,0.0622260756790638,0.29006820917129517,0.6924985647201538
1692309418.7634096,"[label: ""height""
size: 3
stride: 15, label: ""width""
size: 5
stride: 5]",0,4.0,0.01022105012089014,0.0626399964094162,0.2741374671459198,0.1872248500585556,3.0,-0.029241623356938362,0.0626758337020874,0.27763399481773376,-0.404818594455719,5.0,0.045478180050849915,0.0626106783747673,0.2875587046146393,0.7133087515830994
1692309418.8713646,"[label: ""height""
size: 3
stride: 15, label: ""width""
size: 5
stride: 5]",0,3.0,-0.024583522230386734,0.061824336647987366,0.273862361907959,-0.38950783014297485,4.0,0.01444329135119915,0.06244044750928879,0.270637571811676,0.10549352318048477,5.0,0.050561536103487015,0.06255396455526352,0.2856835722923279,0.6862329244613647
1692309418.9643078,"[label: ""height""
size: 3
stride: 15, label: ""width""
size: 5
stride: 5]",0,4.0,0.018449757248163223,0.06178896129131317,0.26509371399879456,0.06521042436361313,3.0,-0.019949989393353462,0.06129792332649231,0.2681143879890442,-0.4420578181743622,5.0,0.055143870413303375,0.06257595121860504,0.2815760672092438,0.6671833992004395
1692309419.069495,"[label: ""height""
size: 3
stride: 15, label: ""width""
size: 5
stride: 5]",0,3.0,-0.015930432826280594,0.06200771778821945,0.2673206925392151,-0.40826624631881714,5.0,0.05950484797358513,0.06320539116859436,0.2782342731952667,0.6283074617385864,4.0,0.023080958053469658,0.06288601458072662,0.2651450037956238,0.1245412603020668
1692309419.1544843,"[label: ""height""
size: 3
stride: 15, label: ""width""
size: 5
stride: 5]",0,4.0,0.026613052934408188,0.06156572327017784,0.26137885451316833,0.032497234642505646,3.0,-0.012366027571260929,0.061240192502737045,0.26543402671813965,-0.4348599314689636,5.0,0.06270194798707962,0.0612969733774662,0.2722698450088501,0.6189351677894592
1692309419.2643237,"[label: ""height""
size: 3
stride: 15, label: ""width""
size: 5
stride: 5]",0,4.0,0.02854497916996479,0.061884284019470215,0.25819846987724304,0.06079060584306717,3.0,-0.010198988951742649,0.06114276498556137,0.2622220814228058,-0.4506612718105316,5.0,0.06502529978752136,0.06174333393573761,0.2694035768508911,0.611634373664856
1692309419.343572,"[label: ""height""
size: 3
stride: 15, label: ""width""
size: 5
stride: 5]",0,4.0,0.030079714953899384,0.06218164041638374,0.2550757825374603,0.05867747217416763,3.0,-0.008539100177586079,0.06174720078706741,0.2603546380996704,-0.4568389654159546,5.0,0.06628882139921188,0.06196742132306099,0.2655872106552124,0.6018948554992676
1692309419.455936,"[label: ""height""
size: 3
stride: 15, label: ""width""
size: 5
stride: 5]",0,4.0,0.030753450468182564,0.061646491289138794,0.25203171372413635,0.057549044489860535,3.0,-0.007725716568529606,0.061198994517326355,0.25752606987953186,-0.4678805470466614,5.0,0.0675777941942215,0.061955586075782776,0.26553070545196533,0.5985088348388672
1692309419.5523188,"[label: ""height""
size: 3
stride: 15, label: ""width""
size: 5
stride: 5]",0,4.0,0.03133878856897354,0.06190643459558487,0.25103580951690674,0.046399105340242386,3.0,-0.007118687499314547,0.061891768127679825,0.2587570548057556,-0.4614589810371399,5.0,0.0683213323354721,0.06251147389411926,0.2637700140476227,0.5936025381088257
1692309419.6445003,"[label: ""height""
size: 3
stride: 15, label: ""width""
size: 5
stride: 5]",0,4.0,0.032000456005334854,0.0620243176817894,0.2494484782218933,0.08118730783462524,3.0,-0.0064132558181881905,0.06166353076696396,0.25549599528312683,-0.4612577557563782,5.0,0.06901092082262039,0.06269852072000504,0.2622677683830261,0.5949856638908386
1692309419.7541103,"[label: ""height""
size: 3
stride: 15, label: ""width""
size: 5
stride: 5]",0,4.0,0.031832244247198105,0.062066707760095596,0.24928684532642365,0.04375096410512924,3.0,-0.006544007454067469,0.0621112696826458,0.2565423846244812,-0.4659598469734192,5.0,0.06865113228559494,0.06237219646573067,0.2604747712612152,0.59349524974823
1692309419.8492906,"[label: ""height""
size: 3
stride: 15, label: ""width""
size: 5
stride: 5]",0,4.0,0.03176388144493103,0.06220431998372078,0.24786262214183807,0.053888950496912,3.0,-0.0065128253772854805,0.06217837333679199,0.2546728253364563,-0.4805269241333008,5.0,0.06881527602672577,0.06276088207960129,0.260297566652298,0.5778172612190247
1692309419.9566762,"[label: ""height""
size: 3
stride: 15, label: ""width""
size: 5
stride: 5]",0,4.0,0.031360235065221786,0.062194399535655975,0.2472151517868042,0.03827434033155441,3.0,-0.006963539868593216,0.06253956258296967,0.2565780282020569,-0.4641452431678772,5.0,0.0681658610701561,0.06256274878978729,0.2590278685092926,0.5744522213935852
1692309420.0795853,"[label: ""height""
size: 3
stride: 15, label: ""width""
size: 5
stride: 5]",0,4.0,0.030975306406617165,0.06249000504612923,0.2475760281085968,0.018012620508670807,3.0,-0.007234582211822271,0.06220944970846176,0.2548030614852905,-0.46420180797576904,5.0,0.06841269135475159,0.06320725381374359,0.26038697361946106,0.5786631107330322
1692309420.166276,"[label: ""height""
size: 3
stride: 15, label: ""width""
size: 5
stride: 5]",0,4.0,0.02995164692401886,0.06215652823448181,0.24733665585517883,0.03314035385847092,3.0,-0.008349810726940632,0.06269299238920212,0.25725746154785156,-0.46623945236206055,5.0,0.06707146018743515,0.06262578815221786,0.25931257009506226,0.5687963962554932
1692309420.265877,"[label: ""height""
size: 3
stride: 15, label: ""width""
size: 5
stride: 5]",0,4.0,0.028842298313975334,0.06272343546152115,0.24923336505889893,0.024177707731723785,3.0,-0.009428931400179863,0.06279277801513672,0.2577069103717804,-0.48362061381340027,5.0,0.06589556485414505,0.06303910166025162,0.260550856590271,0.5677626132965088
1692309420.3700464,"[label: ""height""
size: 3
stride: 15, label: ""width""
size: 5
stride: 5]",0,4.0,0.02803090773522854,0.06258758902549744,0.24923968315124512,0.02840997278690338,3.0,-0.010212184861302376,0.06298226118087769,0.2589278817176819,-0.4868507981300354,5.0,0.06500557065010071,0.06300453096628189,0.26039764285087585,0.5718210935592651
1692309420.4584436,"[label: ""height""
size: 3
stride: 15, label: ""width""
size: 5
stride: 5]",0,4.0,0.027234993875026703,0.06228463351726532,0.2502981126308441,0.0343671515583992,3.0,-0.01080712303519249,0.06304442882537842,0.2611766457557678,-0.4564429521560669,5.0,0.0645924061536789,0.06310480833053589,0.2630995512008667,0.5643786787986755
1692309420.559462,"[label: ""height""
size: 3
stride: 15, label: ""width""
size: 5
stride: 5]",0,4.0,0.02673642709851265,0.06275133043527603,0.25355616211891174,0.017499461770057678,3.0,-0.011496017687022686,0.06289613246917725,0.26207083463668823,-0.47344326972961426,5.0,0.06337428092956543,0.06264891475439072,0.2620367109775543,0.5791856050491333
1692309420.6581817,"[label: ""height""
size: 3
stride: 15, label: ""width""
size: 5
stride: 5]",0,4.0,0.026108387857675552,0.06240687891840935,0.25329214334487915,0.035326141864061356,3.0,-0.01177665963768959,0.06291312724351883,0.26346611976623535,-0.4869668483734131,5.0,0.06339792907238007,0.06311068683862686,0.2657955586910248,0.567966878414154
1692309420.7568152,"[label: ""height""
size: 3
stride: 15, label: ""width""
size: 5
stride: 5]",0,4.0,0.025402987375855446,0.062136903405189514,0.2558974623680115,0.009945275261998177,3.0,-0.012516905553638935,0.06262225657701492,0.2654757797718048,-0.49695277214050293,5.0,0.06257004290819168,0.0628434419631958,0.26834017038345337,0.5714627504348755
1692309420.864565,"[label: ""height""
size: 3
stride: 15, label: ""width""
size: 5
stride: 5]",0,4.0,0.024650447070598602,0.062253955751657486,0.25900059938430786,0.010460775345563889,3.0,-0.01340425107628107,0.0630890280008316,0.2707258462905884,-0.4854440689086914,5.0,0.061574965715408325,0.06284575909376144,0.27074483036994934,0.5835239291191101
1692309420.9592726,"[label: ""height""
size: 3
stride: 15, label: ""width""
size: 5
stride: 5]",0,4.0,0.024487916380167007,0.06255222856998444,0.2626168429851532,0.03821573406457901,3.0,-0.013801757246255875,0.0628395825624466,0.27205076813697815,-0.4904787540435791,5.0,0.06177854537963867,0.06343670934438705,0.2756939232349396,0.5690633654594421
1692309421.0722637,"[label: ""height""
size: 3
stride: 15, label: ""width""
size: 5
stride: 5]",0,4.0,0.02392706833779812,0.0624743215739727,0.2659452259540558,0.039306096732616425,3.0,-0.014202204532921314,0.0627928078174591,0.2757295072078705,-0.49008503556251526,5.0,0.06095447018742561,0.06286011636257172,0.27761217951774597,0.5738508105278015
1692309421.1677809,"[label: ""height""
size: 3
stride: 15, label: ""width""
size: 5
stride: 5]",0,4.0,0.0240800678730011,0.06276777386665344,0.27150923013687134,0.028877027332782745,3.0,-0.014261944219470024,0.06272967904806137,0.2794519066810608,-0.48002898693084717,5.0,0.06127611920237541,0.06349330395460129,0.2844775319099426,0.5709503293037415
1692309421.277038,"[label: ""height""
size: 3
stride: 15, label: ""width""
size: 5
stride: 5]",0,4.0,0.024164024740457535,0.06289848685264587,0.2749965190887451,0.029590772464871407,3.0,-0.014043418690562248,0.06265854090452194,0.28214552998542786,-0.4784867763519287,5.0,0.061131011694669724,0.06348511576652527,0.2871004045009613,0.5813648104667664
1692309421.3666127,"[label: ""height""
size: 3
stride: 15, label: ""width""
size: 5
stride: 5]",0,4.0,0.024260731413960457,0.06299133598804474,0.2798520028591156,0.04311714693903923,3.0,-0.013999075628817081,0.06328100711107254,0.28915587067604065,-0.4501427412033081,5.0,0.06155787408351898,0.06373799592256546,0.29314279556274414,0.57275390625
1692309421.4758773,"[label: ""height""
size: 3
stride: 15, label: ""width""
size: 5
stride: 5]",0,4.0,0.024357205256819725,0.06298690289258957,0.28396040201187134,0.019135843962430954,3.0,-0.013935025781393051,0.06339147686958313,0.2929363548755646,-0.4556252658367157,5.0,0.06102058291435242,0.06321913748979568,0.2945934534072876,0.5978250503540039
1692309421.561226,"[label: ""height""
size: 3
stride: 15, label: ""width""
size: 5
stride: 5]",0,4.0,0.024522244930267334,0.0634559839963913,0.28988611698150635,0.032721951603889465,3.0,-0.013925677165389061,0.06354223191738129,0.2982139587402344,-0.4522092938423157,5.0,0.061764515936374664,0.06442755460739136,0.30372747778892517,0.5802482962608337
1692309421.658098,"[label: ""height""
size: 3
stride: 15, label: ""width""
size: 5
stride: 5]",0,4.0,0.024199705570936203,0.06347718834877014,0.2948921024799347,0.012988856993615627,3.0,-0.014351462945342064,0.0636538714170456,0.3022046983242035,-0.45657870173454285,5.0,0.06080026924610138,0.06360427290201187,0.30512550473213196,0.5992895364761353
1692309421.7541294,"[label: ""height""
size: 3
stride: 15, label: ""width""
size: 5
stride: 5]",0,4.0,0.0238038320094347,0.06363169848918915,0.299023300409317,0.013380249962210655,3.0,-0.014614145271480083,0.06357921659946442,0.30532416701316833,-0.45307931303977966,5.0,0.060910824686288834,0.06418260931968689,0.31218358874320984,0.5992802977561951
1692309421.8563752,"[label: ""height""
size: 3
stride: 15, label: ""width""
size: 5
stride: 5]",0,4.0,0.02431449480354786,0.06391768902540207,0.30474740266799927,0.0706191435456276,3.0,-0.014342471957206726,0.0643700435757637,0.313508003950119,-0.4498099386692047,5.0,0.06098882853984833,0.06431940943002701,0.31661751866340637,0.6076862812042236
1692309421.9426622,"[label: ""height""
size: 3
stride: 15, label: ""width""
size: 5
stride: 5]",0,4.0,0.024519717320799828,0.06424548476934433,0.31093862652778625,0.03739216923713684,3.0,-0.014278916642069817,0.06450814753770828,0.3179704248905182,-0.45563390851020813,5.0,0.061301544308662415,0.06446440517902374,0.3231358528137207,0.6009432673454285
1692309422.067883,"[label: ""height""
size: 3
stride: 15, label: ""width""
size: 5
stride: 5]",0,4.0,0.025027502328157425,0.06416796892881393,0.3150802552700043,0.09311200678348541,3.0,-0.01384998019784689,0.06407387554645538,0.32036951184272766,-0.44457826018333435,5.0,0.06222699210047722,0.06521444767713547,0.3302488625049591,0.590253472328186
1692309422.1738267,"[label: ""height""
size: 3
stride: 15, label: ""width""
size: 5
stride: 5]",0,4.0,0.02515294961631298,0.0638517215847969,0.31712985038757324,0.054189443588256836,3.0,-0.013406471349298954,0.06414380669593811,0.32607918977737427,-0.42669570446014404,5.0,0.06173302233219147,0.06458134949207306,0.3312097489833832,0.6207231283187866
1692309422.268396,"[label: ""height""
size: 3
stride: 15, label: ""width""
size: 5
stride: 5]",0,4.0,0.025245193392038345,0.06449676305055618,0.32451528310775757,0.09883219003677368,3.0,-0.013823337852954865,0.06485667824745178,0.33313336968421936,-0.43613559007644653,5.0,0.06134481728076935,0.06424557417631149,0.3350481390953064,0.6337897181510925
1692309422.358321,"[label: ""height""
size: 3
stride: 15, label: ""width""
size: 5
stride: 5]",0,4.0,0.024850312620401382,0.06419706344604492,0.3268206715583801,0.057267140597105026,3.0,-0.013859362341463566,0.06437990814447403,0.33410993218421936,-0.4326592683792114,5.0,0.06133117899298668,0.06485603004693985,0.3411601185798645,0.6189974546432495
1692309422.4624867,"[label: ""height""
size: 3
stride: 15, label: ""width""
size: 5
stride: 5]",0,4.0,0.02496275119483471,0.06514985114336014,0.33518660068511963,0.08882271498441696,3.0,-0.014032753184437752,0.06477664411067963,0.3389664888381958,-0.4008373022079468,5.0,0.061387449502944946,0.06511861085891724,0.3470636010169983,0.6378901600837708
1692309422.5587776,"[label: ""height""
size: 3
stride: 15, label: ""width""
size: 5
stride: 5]",0,4.0,0.024397389963269234,0.06441764533519745,0.3347681164741516,0.10424786061048508,3.0,-0.014597613364458084,0.06557316333055496,0.346203476190567,-0.39228394627571106,5.0,0.06115741655230522,0.06525328755378723,0.35235559940338135,0.6261790990829468
1692309422.6692631,"[label: ""height""
size: 3
stride: 15, label: ""width""
size: 5
stride: 5]",0,4.0,0.023965362459421158,0.06479135900735855,0.3405155837535858,0.09232147783041,3.0,-0.014971235767006874,0.0652092844247818,0.3480096459388733,-0.4200148284435272,5.0,0.06048653647303581,0.06520190834999084,0.35435396432876587,0.633942723274231
1692309422.7612178,"[label: ""height""
size: 3
stride: 15, label: ""width""
size: 5
stride: 5]",0,4.0,0.022960947826504707,0.0647658035159111,0.3425735533237457,0.06293059885501862,3.0,-0.016023486852645874,0.06483127176761627,0.3491380512714386,-0.42936819791793823,5.0,0.05950608104467392,0.06543924659490585,0.3580988943576813,0.6393691301345825
1692309422.867952,"[label: ""height""
size: 3
stride: 15, label: ""width""
size: 5
stride: 5]",0,4.0,0.021243439987301826,0.06501142680644989,0.3461507558822632,0.09639441967010498,3.0,-0.017446931451559067,0.06520092487335205,0.35249534249305725,-0.3883433938026428,5.0,0.05725277587771416,0.06479243189096451,0.3577387034893036,0.6567965149879456
1692309422.9624157,"[label: ""height""
size: 3
stride: 15, label: ""width""
size: 5
stride: 5]",0,4.0,0.020580004900693893,0.06474234163761139,0.34852105379104614,0.15464487671852112,3.0,-0.018297236412763596,0.06497982144355774,0.3546026945114136,-0.4301617741584778,5.0,0.05755629017949104,0.0660751461982727,0.36728331446647644,0.6335389018058777
1692309423.0627372,"[label: ""height""
size: 3
stride: 15, label: ""width""
size: 5
stride: 5]",0,4.0,0.0195773895829916,0.06464406102895737,0.35186848044395447,0.1006750836968422,3.0,-0.019473876804113388,0.06481687724590302,0.3576717972755432,-0.4268185496330261,5.0,0.05604536831378937,0.06546447426080704,0.3672289550304413,0.6369515061378479
1692309423.164053,"[label: ""height""
size: 3
stride: 15, label: ""width""
size: 5
stride: 5]",0,4.0,0.017854342237114906,0.06455224007368088,0.35486477613449097,0.10454349964857101,3.0,-0.021145597100257874,0.0643916204571724,0.35865598917007446,-0.4357215464115143,5.0,0.05447583645582199,0.0651758462190628,0.36986759305000305,0.6471108794212341
1692309423.2624307,"[label: ""height""
size: 3
stride: 15, label: ""width""
size: 5
stride: 5]",0,4.0,0.01609051786363125,0.06442824751138687,0.3570876717567444,0.1351477950811386,3.0,-0.02308640256524086,0.06448835879564285,0.36169177293777466,-0.41697219014167786,5.0,0.05220756307244301,0.06439720839262009,0.3687925934791565,0.6547727584838867
1692309423.3555336,"[label: ""height""
size: 3
stride: 15, label: ""width""
size: 5
stride: 5]",0,4.0,0.013874577358365059,0.06424295902252197,0.35418784618377686,0.06728595495223999,3.0,-0.025001030415296555,0.06504416465759277,0.3638714551925659,-0.4003385603427887,5.0,0.05054638162255287,0.06563903391361237,0.37332743406295776,0.6349205374717712
1692309423.4563518,"[label: ""height""
size: 3
stride: 15, label: ""width""
size: 5
stride: 5]",0,4.0,0.012470713816583157,0.06560797244310379,0.357108473777771,0.17940084636211395,3.0,-0.027017347514629364,0.06638579070568085,0.36720484495162964,-0.3794592618942261,5.0,0.04802106320858002,0.06565497815608978,0.36909571290016174,0.6636822819709778
1692309423.5570076,"[label: ""height""
size: 3
stride: 15, label: ""width""
size: 5
stride: 5]",0,4.0,0.0096726780757308,0.06652858853340149,0.3579813539981842,0.12726204097270966,3.0,-0.029228098690509796,0.0664159283041954,0.3625869154930115,-0.41548022627830505,5.0,0.04630650207400322,0.0669126883149147,0.37363412976264954,0.6437594890594482
1692309423.6621993,"[label: ""height""
size: 3
stride: 15, label: ""width""
size: 5
stride: 5]",0,4.0,0.0067376005463302135,0.06618287414312363,0.35871651768684387,0.10876508057117462,3.0,-0.03256498649716377,0.06678646057844162,0.36533838510513306,-0.3736562132835388,5.0,0.04325932636857033,0.06692760437726974,0.3737259805202484,0.6505402326583862
1692309423.7934005,"[label: ""height""
size: 3
stride: 15, label: ""width""
size: 5
stride: 5]",0,4.0,0.004219874273985624,0.06516946107149124,0.35624125599861145,0.11807165294885635,3.0,-0.03508201986551285,0.06557147204875946,0.3634556829929352,-0.3796829283237457,5.0,0.04037584736943245,0.06513863801956177,0.36964094638824463,0.6682689189910889
1692309423.8781066,"[label: ""height""
size: 3
stride: 15, label: ""width""
size: 5
stride: 5]",0,4.0,0.0017176148248836398,0.06487441062927246,0.3532297611236572,0.10832057148218155,3.0,-0.03732328116893768,0.0658135712146759,0.3606823682785034,-0.36814165115356445,5.0,0.03751686215400696,0.06507889926433563,0.366773396730423,0.6694046258926392
1692309423.9655015,"[label: ""height""
size: 3
stride: 15, label: ""width""
size: 5
stride: 5]",0,4.0,-0.0005432798061519861,0.06589952856302261,0.35081467032432556,0.16547852754592896,3.0,-0.03975656256079674,0.06673241406679153,0.3585885465145111,-0.3753427565097809,5.0,0.03533848747611046,0.06614276021718979,0.36594849824905396,0.6768088340759277
1692309424.0798242,"[label: ""height""
size: 3
stride: 15, label: ""width""
size: 5
stride: 5]",0,4.0,-0.0021302110981196165,0.06567181646823883,0.3495289385318756,0.14740103483200073,3.0,-0.041504018008708954,0.06650485843420029,0.35725459456443787,-0.36009642481803894,5.0,0.03385814279317856,0.06676669418811798,0.3678273558616638,0.6629233360290527
1692309424.1602995,"[label: ""height""
size: 3
stride: 15, label: ""width""
size: 5
stride: 5]",0,4.0,-0.0036945503670722246,0.06628897041082382,0.3475821018218994,0.1339179277420044,3.0,-0.04296022653579712,0.06642084568738937,0.35223183035850525,-0.38263383507728577,5.0,0.03233325108885765,0.06683710217475891,0.3641120493412018,0.677261471748352
1692309424.2618372,"[label: ""height""
size: 3
stride: 15, label: ""width""
size: 5
stride: 5]",0,4.0,-0.00458085210993886,0.06613443046808243,0.34235402941703796,0.17588147521018982,3.0,-0.04370281100273132,0.06621696054935455,0.34664344787597656,-0.37484076619148254,5.0,0.031144745647907257,0.06674271076917648,0.35887131094932556,0.6817683577537537
1692309424.37512,"[label: ""height""
size: 3
stride: 15, label: ""width""
size: 5
stride: 5]",0,4.0,-0.005234734155237675,0.0659114196896553,0.3369424045085907,0.12897741794586182,3.0,-0.04430379718542099,0.06633085757493973,0.3435666859149933,-0.3736148774623871,5.0,0.03064936399459839,0.06670768558979034,0.3547280430793762,0.6829948425292969
1692309424.4546034,"[label: ""height""
size: 3
stride: 15, label: ""width""
size: 5
stride: 5]",0,4.0,-0.005345782730728388,0.06558877974748611,0.329648494720459,0.17404621839523315,3.0,-0.04490107297897339,0.06724002212285995,0.34178927540779114,-0.346112459897995,5.0,0.030256986618041992,0.06696579605340958,0.3500480055809021,0.6950669884681702
1692309424.5623107,"[label: ""height""
size: 3
stride: 15, label: ""width""
size: 5
stride: 5]",0,4.0,-0.005359943490475416,0.06664753705263138,0.3299234211444855,0.16450729966163635,3.0,-0.04462083801627159,0.06697689741849899,0.33424243330955505,-0.3697996139526367,5.0,0.029798097908496857,0.06626177579164505,0.34127217531204224,0.6975811719894409
1692309424.6644216,"[label: ""height""
size: 3
stride: 15, label: ""width""
size: 5
stride: 5]",0,4.0,-0.005526531953364611,0.066306471824646,0.3247654438018799,0.1763327717781067,3.0,-0.044571731239557266,0.06623049080371857,0.32774633169174194,-0.3722977340221405,5.0,0.030249038711190224,0.06689125299453735,0.34166139364242554,0.6839602589607239
1692309424.7551947,"[label: ""height""
size: 3
stride: 15, label: ""width""
size: 5
stride: 5]",0,4.0,-0.005365986842662096,0.06626931577920914,0.3193362355232239,0.10204599052667618,3.0,-0.04470061510801315,0.06702668964862823,0.32575392723083496,-0.3653034269809723,5.0,0.03034484013915062,0.06620107591152191,0.33327293395996094,0.685250997543335
1692309424.8605294,"[label: ""height""
size: 3
stride: 15, label: ""width""
size: 5
stride: 5]",0,4.0,-0.004796592518687248,0.06595429033041,0.3136371970176697,0.19293147325515747,3.0,-0.043917346745729446,0.06634057313203812,0.3179852068424225,-0.37863126397132874,5.0,0.030325766652822495,0.06586164981126785,0.3255164921283722,0.6954200267791748
1692309424.9549723,"[label: ""height""
size: 3
stride: 15, label: ""width""
size: 5
stride: 5]",0,4.0,-0.003358961548656225,0.06604383140802383,0.3089100420475006,0.1605067104101181,3.0,-0.04203398525714874,0.06560225039720535,0.3096553385257721,-0.3965800106525421,5.0,0.03231891617178917,0.0659584179520607,0.3227487802505493,0.6877483129501343
1692309425.0767071,"[label: ""height""
size: 3
stride: 15, label: ""width""
size: 5
stride: 5]",0,4.0,-0.0024156977888196707,0.0658767819404602,0.3020777404308319,0.15465371310710907,3.0,-0.04122573509812355,0.06596830487251282,0.3054986298084259,-0.3918623924255371,5.0,0.03323392942547798,0.06670701503753662,0.31876611709594727,0.6741236448287964
1692309425.1625106,"[label: ""height""
size: 3
stride: 15, label: ""width""
size: 5
stride: 5]",0,4.0,-0.00016106595285236835,0.06471867114305496,0.29622164368629456,0.17274168133735657,3.0,-0.03893342614173889,0.0646762028336525,0.29939380288124084,-0.3751818537712097,5.0,0.03562990203499794,0.06557278335094452,0.31332945823669434,0.6739322543144226
1692309425.2682078,"[label: ""height""
size: 3
stride: 15, label: ""width""
size: 5
stride: 5]",0,4.0,0.0010060870554298162,0.06505487114191055,0.2896093428134918,0.14275263249874115,3.0,-0.03765673190355301,0.06506144255399704,0.29400962591171265,-0.395538330078125,5.0,0.03679973632097244,0.06548130512237549,0.30583640933036804,0.6716896295547485
1692309425.3544908,"[label: ""height""
size: 3
stride: 15, label: ""width""
size: 5
stride: 5]",0,4.0,0.0027231411077082157,0.06437791883945465,0.28358355164527893,0.13247758150100708,3.0,-0.036141376942396164,0.06456800550222397,0.2876512110233307,-0.3811069428920746,5.0,0.03853903338313103,0.0648297667503357,0.2987813949584961,0.677629292011261
1692309425.475557,"[label: ""height""
size: 3
stride: 15, label: ""width""
size: 5
stride: 5]",0,5.0,0.04020814970135689,0.06469006091356277,0.29480963945388794,0.6650338768959045,4.0,0.004073610994964838,0.06437548995018005,0.2791766822338104,0.14887414872646332,3.0,-0.035208139568567276,0.0651722177863121,0.2849389910697937,-0.35887786746025085
1692309425.5681407,"[label: ""height""
size: 3
stride: 15, label: ""width""
size: 5
stride: 5]",0,4.0,0.005168315954506397,0.06412722915410995,0.2699173390865326,0.15146048367023468,3.0,-0.033591292798519135,0.0643685832619667,0.2741963267326355,-0.3873022794723511,5.0,0.04081537202000618,0.06458292156457901,0.28534889221191406,0.671421229839325
1692309425.6620514,"[label: ""height""
size: 3
stride: 15, label: ""width""
size: 5
stride: 5]",0,4.0,0.00633606780320406,0.06297231465578079,0.26324009895324707,0.14540065824985504,3.0,-0.032417263835668564,0.06328082829713821,0.2681148946285248,-0.3788009583950043,5.0,0.041959237307310104,0.06293075531721115,0.2780650854110718,0.679854691028595
1692309425.7632244,"[label: ""height""
size: 3
stride: 15, label: ""width""
size: 5
stride: 5]",0,4.0,0.007386535871773958,0.06407490372657776,0.2570827007293701,0.17632542550563812,5.0,0.04258241131901741,0.0639805942773819,0.27101758122444153,0.6901223063468933,3.0,-0.03175124526023865,0.06487596035003662,0.26255226135253906,-0.3673304319381714
1692309425.866035,"[label: ""height""
size: 3
stride: 15, label: ""width""
size: 5
stride: 5]",0,4.0,0.008907857351005077,0.06347024440765381,0.24955137073993683,0.164204940199852,3.0,-0.029943346977233887,0.06383653730154037,0.2542133629322052,-0.3783024549484253,5.0,0.04413774237036705,0.06368409842252731,0.2642534077167511,0.6874507665634155
1692309425.9560905,"[label: ""height""
size: 3
stride: 15, label: ""width""
size: 5
stride: 5]",0,4.0,0.010047507472336292,0.06327642500400543,0.24519024789333344,0.1493643969297409,3.0,-0.02888534963130951,0.06323084235191345,0.24858132004737854,-0.3716467022895813,5.0,0.04575566574931145,0.06292285025119781,0.2598513066768646,0.6948347091674805
1692309426.0641448,"[label: ""height""
size: 3
stride: 15, label: ""width""
size: 5
stride: 5]",0,4.0,0.011676647700369358,0.06341804563999176,0.23753082752227783,0.13849425315856934,5.0,0.04699833691120148,0.06355463713407516,0.25267183780670166,0.6789595484733582,3.0,-0.027359725907444954,0.06384745985269547,0.24207396805286407,-0.37370505928993225
1692309426.1603043,"[label: ""height""
size: 3
stride: 15, label: ""width""
size: 5
stride: 5]",0,4.0,0.01292900275439024,0.06230846047401428,0.22982273995876312,0.15334618091583252,3.0,-0.02597549930214882,0.06279730796813965,0.23478491604328156,-0.3638592064380646,5.0,0.04837120324373245,0.06298010796308517,0.2463742047548294,0.684284508228302
1692309426.260463,"[label: ""height""
size: 3
stride: 15, label: ""width""
size: 5
stride: 5]",0,4.0,0.014956858940422535,0.0627305805683136,0.22581051290035248,0.1765049546957016,3.0,-0.024224648252129555,0.06271786987781525,0.22886089980602264,-0.3728928565979004,5.0,0.05034872516989708,0.06271731108427048,0.2407919019460678,0.700575590133667
1692309426.3639371,"[label: ""height""
size: 3
stride: 15, label: ""width""
size: 5
stride: 5]",0,4.0,0.01720264181494713,0.06356757134199142,0.22031211853027344,0.1626075953245163,3.0,-0.021711841225624084,0.0630439892411232,0.22186227142810822,-0.39085420966148376,5.0,0.052871450781822205,0.06381320208311081,0.23614265024662018,0.6899385452270508
1692309426.4611764,"[label: ""height""
size: 3
stride: 15, label: ""width""
size: 5
stride: 5]",0,3.0,-0.019662249833345413,0.06233126297593117,0.21526175737380981,-0.3677437901496887,5.0,0.05459074676036835,0.06279910355806351,0.22824622690677643,0.6841588020324707,4.0,0.019282599911093712,0.062393274158239365,0.2122906595468521,0.1579250693321228
1692309426.5558736,"[label: ""height""
size: 1
stride: 5, label: ""width""
size: 5
stride: 5]",0,5.0,0.05675078555941582,0.06274867057800293,0.223441019654274,0.6886295676231384
1692309431.855044,"[label: ""height""
size: 1
stride: 5, label: ""width""
size: 5
stride: 5]",0,5.0,0.01808401569724083,0.06322167813777924,0.22259624302387238,0.9877768158912659
1692309431.9532502,"[label: ""height""
size: 1
stride: 5, label: ""width""
size: 5
stride: 5]",0,5.0,0.017416393384337425,0.06407531350851059,0.22589652240276337,0.9838258028030396
1692309432.0482864,"[label: ""height""
size: 1
stride: 5, label: ""width""
size: 5
stride: 5]",0,5.0,0.016351792961359024,0.06409822404384613,0.22665394842624664,0.9983481168746948
1692309432.1457412,"[label: ""height""
size: 1
stride: 5, label: ""width""
size: 5
stride: 5]",0,5.0,0.015379778109490871,0.0640188604593277,0.22732077538967133,0.9950162172317505
1692309432.2517755,"[label: ""height""
size: 1
stride: 5, label: ""width""
size: 5
stride: 5]",0,5.0,0.014677174389362335,0.06410060822963715,0.2295999825000763,0.9992620944976807
1692309432.342216,"[label: ""height""
size: 1
stride: 5, label: ""width""
size: 5
stride: 5]",0,5.0,0.014229552820324898,0.06365979462862015,0.23004011809825897,1.0059869289398193
1692309432.455987,"[label: ""height""
size: 1
stride: 5, label: ""width""
size: 5
stride: 5]",0,5.0,0.014351369813084602,0.06367488205432892,0.23211683332920074,1.0012463331222534
1692309432.5636413,"[label: ""height""
size: 1
stride: 5, label: ""width""
size: 5
stride: 5]",0,5.0,0.015536881983280182,0.06373627483844757,0.23441651463508606,0.9978654384613037
1692309432.6850915,"[label: ""height""
size: 1
stride: 5, label: ""width""
size: 5
stride: 5]",0,5.0,0.016148367896676064,0.06290342658758163,0.23207402229309082,1.000166654586792
1692309432.7713058,"[label: ""height""
size: 1
stride: 5, label: ""width""
size: 5
stride: 5]",0,5.0,0.01737700030207634,0.0633445605635643,0.23333749175071716,0.9926956295967102
1692309432.863582,"[label: ""height""
size: 1
stride: 5, label: ""width""
size: 5
stride: 5]",0,5.0,0.018511272966861725,0.06373223662376404,0.23439574241638184,0.9795823097229004
1692309432.9638698,"[label: ""height""
size: 1
stride: 5, label: ""width""
size: 5
stride: 5]",0,5.0,0.019691072404384613,0.06361495703458786,0.23361559212207794,0.9821767210960388
1692309433.0590794,"[label: ""height""
size: 1
stride: 5, label: ""width""
size: 5
stride: 5]",0,5.0,0.02077384479343891,0.06319975852966309,0.23172928392887115,0.9758004546165466
1692309433.1586657,"[label: ""height""
size: 1
stride: 5, label: ""width""
size: 5
stride: 5]",0,5.0,0.021448969841003418,0.06320465356111526,0.22971804440021515,0.9709029197692871
1692309433.2703333,"[label: ""height""
size: 1
stride: 5, label: ""width""
size: 5
stride: 5]",0,5.0,0.021839730441570282,0.06399976462125778,0.22988180816173553,0.9689024090766907
1692309433.365271,"[label: ""height""
size: 1
stride: 5, label: ""width""
size: 5
stride: 5]",0,5.0,0.022140048444271088,0.0635673776268959,0.22700144350528717,0.9616007208824158
1692309433.4967163,"[label: ""height""
size: 1
stride: 5, label: ""width""
size: 5
stride: 5]",0,5.0,0.022464219480752945,0.06324367970228195,0.22361329197883606,0.9615145325660706
1692309438.4717042,"[label: ""height""
size: 1
stride: 5, label: ""width""
size: 5
stride: 5]",0,5.0,0.02170480601489544,0.06301151216030121,0.22059021890163422,0.7440121173858643
1692309438.5673969,"[label: ""height""
size: 1
stride: 5, label: ""width""
size: 5
stride: 5]",0,5.0,0.02021179534494877,0.06338668614625931,0.22316981852054596,0.7476419806480408
1692309438.6661236,"[label: ""height""
size: 1
stride: 5, label: ""width""
size: 5
stride: 5]",0,5.0,0.018359294161200523,0.06384657323360443,0.22639669477939606,0.7499637007713318
1692309438.7570684,"[label: ""height""
size: 1
stride: 5, label: ""width""
size: 5
stride: 5]",0,5.0,0.0164220929145813,0.06360237300395966,0.2278713583946228,0.767158567905426
1692309438.852355,"[label: ""height""
size: 1
stride: 5, label: ""width""
size: 5
stride: 5]",0,5.0,0.014630032703280449,0.06409312039613724,0.2323135882616043,0.7728416323661804
1692309438.9506104,"[label: ""height""
size: 3
stride: 15, label: ""width""
size: 5
stride: 5]",0,3.0,-0.060474030673503876,0.06395361572504044,0.21594417095184326,-0.2785363793373108,4.0,-0.021451443433761597,0.06340347975492477,0.21503965556621552,0.2679947018623352,5.0,0.012429294176399708,0.06367529183626175,0.23391644656658173,0.7753698825836182
1692309439.0609295,"[label: ""height""
size: 3
stride: 15, label: ""width""
size: 5
stride: 5]",0,3.0,-0.06244434788823128,0.06429646164178848,0.21855132281780243,-0.2743355631828308,4.0,-0.02328846976161003,0.06356185674667358,0.217403382062912,0.27515268325805664,5.0,0.010493994690477848,0.06360755860805511,0.23573099076747894,0.7691065073013306
1692309439.1537447,"[label: ""height""
size: 3
stride: 15, label: ""width""
size: 5
stride: 5]",0,4.0,-0.024685200303792953,0.06323074549436569,0.21733437478542328,0.28980061411857605,5.0,0.008822796866297722,0.06364288926124573,0.23768474161624908,0.783053994178772,3.0,-0.0641469806432724,0.06446833908557892,0.22009362280368805,-0.27963879704475403
1692309439.2830045,"[label: ""height""
size: 3
stride: 15, label: ""width""
size: 5
stride: 5]",0,3.0,-0.06548816710710526,0.06448674947023392,0.2219901829957962,-0.25569990277290344,4.0,-0.0258951298892498,0.06350407004356384,0.2199033498764038,0.2831941545009613,5.0,0.0073899077251553535,0.06340479850769043,0.23862957954406738,0.7933831810951233
1692309439.3548343,"[label: ""height""
size: 3
stride: 15, label: ""width""
size: 5
stride: 5]",0,4.0,-0.02698170766234398,0.0633104145526886,0.22079157829284668,0.295369952917099,5.0,0.0060634189285337925,0.06342384964227676,0.24057017266750336,0.8062289953231812,3.0,-0.0668686106801033,0.0647660568356514,0.22419722378253937,-0.25679418444633484
1692309439.4686341,"[label: ""height""
size: 3
stride: 15, label: ""width""
size: 5
stride: 5]",0,4.0,-0.02800094708800316,0.06325674057006836,0.22313986718654633,0.3009607493877411,5.0,0.005120051559060812,0.06349477171897888,0.243088960647583,0.8161498308181763,3.0,-0.06783459335565567,0.06453070789575577,0.2256309986114502,-0.2445870190858841
1692309439.5595655,"[label: ""height""
size: 3
stride: 15, label: ""width""
size: 5
stride: 5]",0,3.0,-0.06783521175384521,0.0634164959192276,0.22465233504772186,-0.26090508699417114,4.0,-0.02859332785010338,0.06274263560771942,0.2242848426103592,0.3135954737663269,5.0,0.004354679491370916,0.06308815628290176,0.24533194303512573,0.8111163377761841
1692309439.6658175,"[label: ""height""
size: 3
stride: 15, label: ""width""
size: 5
stride: 5]",0,3.0,-0.0682646706700325,0.06336825340986252,0.22612541913986206,-0.2492276430130005,5.0,0.003952909726649523,0.06267040222883224,0.2452654391527176,0.8129711151123047,4.0,-0.029170125722885132,0.06295483559370041,0.22628732025623322,0.28310468792915344
1692309439.7753325,"[label: ""height""
size: 3
stride: 15, label: ""width""
size: 5
stride: 5]",0,3.0,-0.06849700212478638,0.06367708742618561,0.2278430014848709,-0.2477225810289383,4.0,-0.029230996966362,0.06301317363977432,0.22753015160560608,0.2921072244644165,5.0,0.003968567121773958,0.06272991001605988,0.24667713046073914,0.8082329034805298
1692309439.8753707,"[label: ""height""
size: 3
stride: 15, label: ""width""
size: 5
stride: 5]",0,3.0,-0.06805891543626785,0.0638609528541565,0.22855216264724731,-0.2531716823577881,4.0,-0.028730163350701332,0.06280843168497086,0.2274625599384308,0.31346625089645386,5.0,0.004395593423396349,0.06309118121862411,0.24848556518554688,0.7993584871292114
1692309439.9930372,"[label: ""height""
size: 3
stride: 15, label: ""width""
size: 5
stride: 5]",0,4.0,-0.028068190440535545,0.06296461075544357,0.22880814969539642,0.3088439106941223,5.0,0.005121192894876003,0.06323952972888947,0.24947361648082733,0.8014310002326965,3.0,-0.06755153089761734,0.06418798863887787,0.2303502857685089,-0.25283798575401306
1692309440.0861728,"[label: ""height""
size: 3
stride: 15, label: ""width""
size: 5
stride: 5]",0,3.0,-0.06664369255304337,0.06409967690706253,0.23076774179935455,-0.26353082060813904,4.0,-0.02693098783493042,0.06264276802539825,0.22782033681869507,0.29713204503059387,5.0,0.0061773392371833324,0.06359977275133133,0.25128528475761414,0.7900367975234985
1692309440.155179,"[label: ""height""
size: 3
stride: 15, label: ""width""
size: 5
stride: 5]",0,4.0,-0.026261858642101288,0.06292596459388733,0.22919009625911713,0.28995826840400696,5.0,0.006903526373207569,0.06368055939674377,0.25163570046424866,0.794072687625885,3.0,-0.06612195074558258,0.06443370878696442,0.23260784149169922,-0.2632097005844116
1692309440.2532136,"[label: ""height""
size: 3
stride: 15, label: ""width""
size: 5
stride: 5]",0,3.0,-0.06486337631940842,0.06401954591274261,0.23116405308246613,-0.26240289211273193,4.0,-0.02553180605173111,0.06317129731178284,0.2301388680934906,0.2847631871700287,5.0,0.007823117077350616,0.06363087147474289,0.2514215111732483,0.7993460893630981
1692309440.3735178,"[label: ""height""
size: 3
stride: 15, label: ""width""
size: 5
stride: 5]",0,4.0,-0.024764040485024452,0.06313524395227432,0.2299966812133789,0.28322282433509827,5.0,0.008643794804811478,0.06362034380435944,0.25137510895729065,0.7963468432426453,3.0,-0.06432507187128067,0.06435207277536392,0.2330051064491272,-0.2621084153652191
1692309440.4795284,"[label: ""height""
size: 3
stride: 15, label: ""width""
size: 5
stride: 5]",0,3.0,-0.06317739188671112,0.06387584656476974,0.23089294135570526,-0.2596365213394165,4.0,-0.023929184302687645,0.06321468204259872,0.230326309800148,0.3026501536369324,5.0,0.00946416612714529,0.0636097863316536,0.25132861733436584,0.7933579087257385
1692309440.5869033,"[label: ""height""
size: 3
stride: 15, label: ""width""
size: 5
stride: 5]",0,4.0,-0.023105425760149956,0.0634293481707573,0.2311793863773346,0.27697136998176575,5.0,0.01028423011302948,0.06359921395778656,0.25128206610679626,0.7903792858123779,3.0,-0.06251759827136993,0.06436461955308914,0.2323162853717804,-0.26023784279823303
1692309440.6825294,"[label: ""height""
size: 3
stride: 15, label: ""width""
size: 5
stride: 5]",0,3.0,-0.06166745722293854,0.06413734704256058,0.23163089156150818,-0.2562256157398224,4.0,-0.02194938063621521,0.06280297785997391,0.22845083475112915,0.30376988649368286,5.0,0.011118698865175247,0.0632258728146553,0.2490682452917099,0.8024585247039795
1692309440.765962,"[label: ""height""
size: 3
stride: 15, label: ""width""
size: 5
stride: 5]",0,3.0,-0.06141494959592819,0.0644008219242096,0.23146112263202667,-0.2384912669658661,4.0,-0.021691489964723587,0.06298121064901352,0.22841039299964905,0.2816973030567169,5.0,0.011570436879992485,0.06360338628292084,0.2501181364059448,0.7967090010643005
1692309440.8758492,"[label: ""height""
size: 3
stride: 15, label: ""width""
size: 5
stride: 5]",0,4.0,-0.02122345194220543,0.06302638351917267,0.22757911682128906,0.29287880659103394,5.0,0.012115195393562317,0.06351876258850098,0.24857266247272491,0.8002972602844238,3.0,-0.06072375550866127,0.06434312462806702,0.2302304059267044,-0.2476351261138916
1692309440.9670806,"[label: ""height""
size: 3
stride: 15, label: ""width""
size: 5
stride: 5]",0,4.0,-0.020642338320612907,0.0630313903093338,0.22737270593643188,0.2959701716899872,5.0,0.012520511634647846,0.06351341307163239,0.24854935705661774,0.7988215684890747,3.0,-0.0604727678000927,0.06458006054162979,0.23040074110031128,-0.23522095382213593
1692309441.0549111,"[label: ""height""
size: 3
stride: 15, label: ""width""
size: 5
stride: 5]",0,5.0,0.013379277661442757,0.06352514028549194,0.2474411427974701,0.806303083896637,3.0,-0.05927227810025215,0.06424860656261444,0.22860217094421387,-0.2506425976753235,4.0,-0.01979108713567257,0.06322227418422699,0.22687725722789764,0.2686479985713959
1692309441.1653774,"[label: ""height""
size: 3
stride: 15, label: ""width""
size: 5
stride: 5]",0,3.0,-0.05769271403551102,0.06331349909305573,0.2249603569507599,-0.250582218170166,5.0,0.014233600348234177,0.06277231127023697,0.24454143643379211,0.8133963942527771,4.0,-0.018963076174259186,0.06330720335245132,0.2272215187549591,0.2870597541332245
1692309441.2842498,"[label: ""height""
size: 3
stride: 15, label: ""width""
size: 5
stride: 5]",0,3.0,-0.0570455901324749,0.06326917558908463,0.22381889820098877,-0.25930342078208923,4.0,-0.0180806927382946,0.0628630667924881,0.224736288189888,0.30623969435691833,5.0,0.014854580163955688,0.06306713819503784,0.24490320682525635,0.8087939023971558
1692309441.3746717,"[label: ""height""
size: 3
stride: 15, label: ""width""
size: 5
stride: 5]",0,4.0,-0.017542269080877304,0.06272296607494354,0.22370928525924683,0.30244243144989014,5.0,0.015348638407886028,0.06270016729831696,0.24309711158275604,0.813240647315979,3.0,-0.057122938334941864,0.06398306041955948,0.2256474494934082,-0.24587132036685944
1692309441.4681056,"[label: ""height""
size: 3
stride: 15, label: ""width""
size: 5
stride: 5]",0,3.0,-0.055589742958545685,0.06319686770439148,0.22164849936962128,-0.2579802870750427,4.0,-0.01682434231042862,0.0628257542848587,0.22269852459430695,0.2995835244655609,5.0,0.016199950128793716,0.06281277537345886,0.24244187772274017,0.8196008801460266
1692309441.5914788,"[label: ""height""
size: 3
stride: 15, label: ""width""
size: 5
stride: 5]",0,3.0,-0.05531274527311325,0.06367909163236618,0.2220993936061859,-0.23438237607479095,4.0,-0.016101501882076263,0.06275364011526108,0.22144511342048645,0.28998860716819763,5.0,0.01679370179772377,0.06271658837795258,0.24092070758342743,0.8287190794944763
1692309441.6780202,"[label: ""height""
size: 3
stride: 15, label: ""width""
size: 5
stride: 5]",0,3.0,-0.05451436713337898,0.06352332979440689,0.2199157476425171,-0.24366395175457,4.0,-0.015262305736541748,0.06285517662763596,0.22023499011993408,0.3114660084247589,5.0,0.017693642526865005,0.06315623223781586,0.24110455811023712,0.817508339881897
1692309441.7705114,"[label: ""height""
size: 3
stride: 15, label: ""width""
size: 5
stride: 5]",0,3.0,-0.05316298082470894,0.0635719820857048,0.21849946677684784,-0.22536832094192505,4.0,-0.01421154011040926,0.0629044622182846,0.21925188601016998,0.30508682131767273,5.0,0.01864192821085453,0.06316763907670975,0.23927780985832214,0.82687908411026
1692309441.8680272,"[label: ""height""
size: 3
stride: 15, label: ""width""
size: 5
stride: 5]",0,4.0,-0.012864356860518456,0.06266068667173386,0.21675065159797668,0.32284629344940186,5.0,0.019927160814404488,0.06360015273094177,0.23943965137004852,0.8143520951271057,3.0,-0.052191805094480515,0.06389331072568893,0.21814565360546112,-0.2319100946187973
1692309441.9611666,"[label: ""height""
size: 3
stride: 15, label: ""width""
size: 5
stride: 5]",0,3.0,-0.05104101449251175,0.0637541338801384,0.21584735810756683,-0.24206411838531494,4.0,-0.011831914074718952,0.06295105814933777,0.21559026837348938,0.31239891052246094,5.0,0.02073604427278042,0.0631372407078743,0.23624254763126373,0.8276182413101196
1692309442.0623665,"[label: ""height""
size: 3
stride: 15, label: ""width""
size: 5
stride: 5]",0,3.0,-0.04997623339295387,0.06354671716690063,0.21397927403450012,-0.22849147021770477,4.0,-0.011059598997235298,0.06328482180833817,0.21553006768226624,0.2920753061771393,5.0,0.0216886717826128,0.06317555904388428,0.2350248396396637,0.834096372127533
1692309442.1561859,"[label: ""height""
size: 2
stride: 10, label: ""width""
size: 5
stride: 5]",0,3.0,-0.04900987818837166,0.06361383199691772,0.21274204552173615,-0.24283377826213837,5.0,0.02269274741411209,0.0632215142250061,0.23342806100845337,0.8350945711135864
1692309442.2603052,"[label: ""height""
size: 1
stride: 5, label: ""width""
size: 5
stride: 5]",0,5.0,0.02371111884713173,0.06315437704324722,0.2321287840604782,0.8343352675437927
1692309442.3576818,"[label: ""height""
size: 1
stride: 5, label: ""width""
size: 5
stride: 5]",0,5.0,0.024852333590388298,0.0635417178273201,0.23215433955192566,0.82976895570755
1692309442.4606686,"[label: ""height""
size: 1
stride: 5, label: ""width""
size: 5
stride: 5]",0,5.0,0.025815635919570923,0.06304089725017548,0.22963577508926392,0.8261427283287048
1692309442.5569377,"[label: ""height""
size: 1
stride: 5, label: ""width""
size: 5
stride: 5]",0,5.0,0.026984527707099915,0.0629706084728241,0.22835694253444672,0.8247427940368652
1692309442.6660066,"[label: ""height""
size: 1
stride: 5, label: ""width""
size: 5
stride: 5]",0,5.0,0.028002148494124413,0.06266612559556961,0.2259458601474762,0.8278070092201233
1692309442.749482,"[label: ""height""
size: 1
stride: 5, label: ""width""
size: 5
stride: 5]",0,5.0,0.029221856966614723,0.062390197068452835,0.22464901208877563,0.8331883549690247
1692309442.8683114,"[label: ""height""
size: 1
stride: 5, label: ""width""
size: 5
stride: 5]",0,5.0,0.030529247596859932,0.06232398748397827,0.22342197597026825,0.8307629227638245
1692309442.9654675,"[label: ""height""
size: 1
stride: 5, label: ""width""
size: 5
stride: 5]",0,5.0,0.031869761645793915,0.0623505525290966,0.2225581705570221,0.8278994560241699
1692309443.0726426,"[label: ""height""
size: 1
stride: 5, label: ""width""
size: 5
stride: 5]",0,5.0,0.033151086419820786,0.06228596344590187,0.22135654091835022,0.8254579901695251
1692309443.1638396,"[label: ""height""
size: 1
stride: 5, label: ""width""
size: 5
stride: 5]",0,5.0,0.034425634890794754,0.06225083768367767,0.21961481869220734,0.8189036250114441
1692309443.2669294,"[label: ""height""
size: 1
stride: 5, label: ""width""
size: 5
stride: 5]",0,5.0,0.03562827408313751,0.06259902566671371,0.21929620206356049,0.8265702724456787
