Time,layout.dim,layout.data_offset,data_0,data_1,data_2,data_3,data_4,data_5,data_6,data_7,data_8,data_9,data_10,data_11,data_12,data_13,data_14
1692309238.955499,"[label: ""height""
size: 3
stride: 15, label: ""width""
size: 5
stride: 5]",0,7.0,0.01271081157028675,0.07073229551315308,0.30276599526405334,0.03229925036430359,6.0,-0.025955680757761,0.07088375091552734,0.30952271819114685,-0.454276978969574,8.0,0.049269817769527435,0.07054183632135391,0.3120535910129547,0.6190959215164185
1692309239.0518544,"[label: ""height""
size: 3
stride: 15, label: ""width""
size: 5
stride: 5]",0,7.0,0.012700099498033524,0.07050035148859024,0.30130451917648315,0.08251089602708817,6.0,-0.025955680757761,0.07088375091552734,0.30952271819114685,-0.454276978969574,8.0,0.049269817769527435,0.07054183632135391,0.3120535910129547,0.6190959215164185
1692309239.1505308,"[label: ""height""
size: 3
stride: 15, label: ""width""
size: 5
stride: 5]",0,7.0,0.01271081157028675,0.07073229551315308,0.30276599526405334,0.03229925036430359,6.0,-0.025955680757761,0.07088375091552734,0.30952271819114685,-0.454276978969574,8.0,0.049269817769527435,0.07054183632135391,0.3120535910129547,0.6190959215164185
1692309239.2513025,"[label: ""height""
size: 3
stride: 15, label: ""width""
size: 5
stride: 5]",0,7.0,0.01271081157028675,0.07073229551315308,0.30276599526405334,0.03229925036430359,6.0,-0.025841124355793,0.07040859013795853,0.30806347727775574,-0.46294426918029785,8.0,0.04971437156200409,0.07106246799230576,0.3149280548095703,0.6089475750923157
1692309239.344668,"[label: ""height""
size: 3
stride: 15, label: ""width""
size: 5
stride: 5]",0,7.0,0.01271081157028675,0.07073229551315308,0.30276599526405334,0.03229925036430359,6.0,-0.025841124355793,0.07040859013795853,0.30806347727775574,-0.46294426918029785,8.0,0.04946053773164749,0.07106747478246689,0.3149533271789551,0.6096952557563782
1692309239.4452643,"[label: ""height""
size: 3
stride: 15, label: ""width""
size: 5
stride: 5]",0,7.0,0.01272999681532383,0.07010597735643387,0.29987818002700806,0.04867101460695267,6.0,-0.025914214551448822,0.07084773480892181,0.3105180859565735,-0.4624044895172119,8.0,0.04971437156200409,0.07106246799230576,0.3149280548095703,0.6089475750923157
1692309239.54541,"[label: ""height""
size: 3
stride: 15, label: ""width""
size: 5
stride: 5]",0,7.0,0.01272999681532383,0.07010597735643387,0.29987818002700806,0.04867101460695267,6.0,-0.025709761306643486,0.07119392603635788,0.31136569380760193,-0.42914125323295593,8.0,0.04971437156200409,0.07106246799230576,0.3149280548095703,0.6089475750923157
1692309239.6469123,"[label: ""height""
size: 3
stride: 15, label: ""width""
size: 5
stride: 5]",0,7.0,0.01271081157028675,0.07073229551315308,0.30276599526405334,0.03229925036430359,6.0,-0.025777481496334076,0.07073943316936493,0.3104778230190277,-0.45106273889541626,8.0,0.04971437156200409,0.07106246799230576,0.3149280548095703,0.6089475750923157
1692309239.74386,"[label: ""height""
size: 3
stride: 15, label: ""width""
size: 5
stride: 5]",0,7.0,0.01272999681532383,0.07010597735643387,0.29987818002700806,0.04867101460695267,6.0,-0.02592129446566105,0.0714041218161583,0.3123493492603302,-0.437471866607666,8.0,0.04971437156200409,0.07106246799230576,0.3149280548095703,0.6089475750923157
1692309239.8446927,"[label: ""height""
size: 3
stride: 15, label: ""width""
size: 5
stride: 5]",0,7.0,0.01272999681532383,0.07010597735643387,0.29987818002700806,0.04867101460695267,6.0,-0.025710739195346832,0.07065816968679428,0.30962589383125305,-0.4539974331855774,8.0,0.04971437156200409,0.07106246799230576,0.3149280548095703,0.6089475750923157
1692309239.9454393,"[label: ""height""
size: 3
stride: 15, label: ""width""
size: 5
stride: 5]",0,7.0,0.01272999681532383,0.07010597735643387,0.29987818002700806,0.04867101460695267,6.0,-0.025914214551448822,0.07084773480892181,0.3105180859565735,-0.4624044895172119,8.0,0.04971437156200409,0.07106246799230576,0.3149280548095703,0.6089475750923157
1692309240.048036,"[label: ""height""
size: 3
stride: 15, label: ""width""
size: 5
stride: 5]",0,7.0,0.01272999681532383,0.07010597735643387,0.29987818002700806,0.04867101460695267,6.0,-0.02592129446566105,0.0714041218161583,0.3123493492603302,-0.437471866607666,8.0,0.04971437156200409,0.07106246799230576,0.3149280548095703,0.6089475750923157
1692309240.1438408,"[label: ""height""
size: 3
stride: 15, label: ""width""
size: 5
stride: 5]",0,7.0,0.01271081157028675,0.07073229551315308,0.30276599526405334,0.03229925036430359,6.0,-0.025914214551448822,0.07084773480892181,0.3105180859565735,-0.4624044895172119,8.0,0.04971437156200409,0.07106246799230576,0.3149280548095703,0.6089475750923157
1692309240.24596,"[label: ""height""
size: 3
stride: 15, label: ""width""
size: 5
stride: 5]",0,7.0,0.01272999681532383,0.07010597735643387,0.29987818002700806,0.04867101460695267,6.0,-0.025767797604203224,0.07125138491392136,0.31211191415786743,-0.42642053961753845,8.0,0.04971437156200409,0.07106246799230576,0.3149280548095703,0.6089475750923157
1692309240.344869,"[label: ""height""
size: 3
stride: 15, label: ""width""
size: 5
stride: 5]",0,7.0,0.01272999681532383,0.07010597735643387,0.29987818002700806,0.04867101460695267,6.0,-0.025777481496334076,0.07073943316936493,0.3104778230190277,-0.45106273889541626,8.0,0.04971437156200409,0.07106246799230576,0.3149280548095703,0.6089475750923157
1692309240.4479225,"[label: ""height""
size: 3
stride: 15, label: ""width""
size: 5
stride: 5]",0,7.0,0.01271081157028675,0.07073229551315308,0.30276599526405334,0.03229925036430359,6.0,-0.025767797604203224,0.07125138491392136,0.31211191415786743,-0.42642053961753845,8.0,0.04971437156200409,0.07106246799230576,0.3149280548095703,0.6089475750923157
1692309240.544744,"[label: ""height""
size: 3
stride: 15, label: ""width""
size: 5
stride: 5]",0,7.0,0.01271081157028675,0.07073229551315308,0.30276599526405334,0.03229925036430359,6.0,-0.025914214551448822,0.07084773480892181,0.3105180859565735,-0.4624044895172119,8.0,0.04971437156200409,0.07106246799230576,0.3149280548095703,0.6089475750923157
1692309240.6498036,"[label: ""height""
size: 3
stride: 15, label: ""width""
size: 5
stride: 5]",0,7.0,0.01271081157028675,0.07073229551315308,0.30276599526405334,0.03229925036430359,6.0,-0.02592129446566105,0.0714041218161583,0.3123493492603302,-0.437471866607666,8.0,0.04971437156200409,0.07106246799230576,0.3149280548095703,0.6089475750923157
1692309240.7435613,"[label: ""height""
size: 3
stride: 15, label: ""width""
size: 5
stride: 5]",0,7.0,0.01272999681532383,0.07010597735643387,0.29987818002700806,0.04867101460695267,6.0,-0.025914214551448822,0.07084773480892181,0.3105180859565735,-0.4624044895172119,8.0,0.04971437156200409,0.07106246799230576,0.3149280548095703,0.6089475750923157
1692309240.8453245,"[label: ""height""
size: 3
stride: 15, label: ""width""
size: 5
stride: 5]",0,7.0,0.01271081157028675,0.07073229551315308,0.30276599526405334,0.03229925036430359,6.0,-0.025914214551448822,0.07084773480892181,0.3105180859565735,-0.4624044895172119,8.0,0.04971437156200409,0.07106246799230576,0.3149280548095703,0.6089475750923157
1692309240.9439855,"[label: ""height""
size: 3
stride: 15, label: ""width""
size: 5
stride: 5]",0,7.0,0.01272999681532383,0.07010597735643387,0.29987818002700806,0.04867101460695267,6.0,-0.025767797604203224,0.07125138491392136,0.31211191415786743,-0.42642053961753845,8.0,0.04971437156200409,0.07106246799230576,0.3149280548095703,0.6089475750923157
1692309241.0464294,"[label: ""height""
size: 3
stride: 15, label: ""width""
size: 5
stride: 5]",0,7.0,0.01272999681532383,0.07010597735643387,0.29987818002700806,0.04867101460695267,6.0,-0.025777481496334076,0.07073943316936493,0.3104778230190277,-0.45106273889541626,8.0,0.04971437156200409,0.07106246799230576,0.3149280548095703,0.6089475750923157
1692309241.1455474,"[label: ""height""
size: 3
stride: 15, label: ""width""
size: 5
stride: 5]",0,7.0,0.01271081157028675,0.07073229551315308,0.30276599526405334,0.03229925036430359,6.0,-0.025914214551448822,0.07084773480892181,0.3105180859565735,-0.4624044895172119,8.0,0.04971437156200409,0.07106246799230576,0.3149280548095703,0.6089475750923157
1692309241.2485478,"[label: ""height""
size: 3
stride: 15, label: ""width""
size: 5
stride: 5]",0,7.0,0.01272999681532383,0.07010597735643387,0.29987818002700806,0.04867101460695267,6.0,-0.025914214551448822,0.07084773480892181,0.3105180859565735,-0.4624044895172119,8.0,0.04971437156200409,0.07106246799230576,0.3149280548095703,0.6089475750923157
1692309241.3525403,"[label: ""height""
size: 3
stride: 15, label: ""width""
size: 5
stride: 5]",0,7.0,0.01272999681532383,0.07010597735643387,0.29987818002700806,0.04867101460695267,6.0,-0.025914214551448822,0.07084773480892181,0.3105180859565735,-0.4624044895172119,8.0,0.04971437156200409,0.07106246799230576,0.3149280548095703,0.6089475750923157
1692309241.4534678,"[label: ""height""
size: 3
stride: 15, label: ""width""
size: 5
stride: 5]",0,7.0,0.01271081157028675,0.07073229551315308,0.30276599526405334,0.03229925036430359,6.0,-0.025777481496334076,0.07073943316936493,0.3104778230190277,-0.45106273889541626,8.0,0.04971437156200409,0.07106246799230576,0.3149280548095703,0.6089475750923157
1692309241.547926,"[label: ""height""
size: 3
stride: 15, label: ""width""
size: 5
stride: 5]",0,7.0,0.01271081157028675,0.07073229551315308,0.30276599526405334,0.03229925036430359,6.0,-0.025777481496334076,0.07073943316936493,0.3104778230190277,-0.45106273889541626,8.0,0.04971437156200409,0.07106246799230576,0.3149280548095703,0.6089475750923157
1692309241.6475585,"[label: ""height""
size: 3
stride: 15, label: ""width""
size: 5
stride: 5]",0,7.0,0.01271081157028675,0.07073229551315308,0.30276599526405334,0.03229925036430359,6.0,-0.025914214551448822,0.07084773480892181,0.3105180859565735,-0.4624044895172119,8.0,0.04971437156200409,0.07106246799230576,0.3149280548095703,0.6089475750923157
1692309241.7560081,"[label: ""height""
size: 3
stride: 15, label: ""width""
size: 5
stride: 5]",0,7.0,0.01271081157028675,0.07073229551315308,0.30276599526405334,0.03229925036430359,6.0,-0.025767797604203224,0.07125138491392136,0.31211191415786743,-0.42642053961753845,8.0,0.04971437156200409,0.07106246799230576,0.3149280548095703,0.6089475750923157
1692309241.8559566,"[label: ""height""
size: 3
stride: 15, label: ""width""
size: 5
stride: 5]",0,7.0,0.01271081157028675,0.07073229551315308,0.30276599526405334,0.03229925036430359,6.0,-0.02592129446566105,0.0714041218161583,0.3123493492603302,-0.437471866607666,8.0,0.04971437156200409,0.07106246799230576,0.3149280548095703,0.6089475750923157
1692309241.951491,"[label: ""height""
size: 3
stride: 15, label: ""width""
size: 5
stride: 5]",0,7.0,0.01271081157028675,0.07073229551315308,0.30276599526405334,0.03229925036430359,6.0,-0.025777481496334076,0.07073943316936493,0.3104778230190277,-0.45106273889541626,8.0,0.04971437156200409,0.07106246799230576,0.3149280548095703,0.6089475750923157
1692309242.0495403,"[label: ""height""
size: 3
stride: 15, label: ""width""
size: 5
stride: 5]",0,7.0,0.01271081157028675,0.07073229551315308,0.30276599526405334,0.03229925036430359,6.0,-0.025914214551448822,0.07084773480892181,0.3105180859565735,-0.4624044895172119,8.0,0.04971437156200409,0.07106246799230576,0.3149280548095703,0.6089475750923157
1692309242.1558168,"[label: ""height""
size: 3
stride: 15, label: ""width""
size: 5
stride: 5]",0,7.0,0.01271081157028675,0.07073229551315308,0.30276599526405334,0.03229925036430359,6.0,-0.025914214551448822,0.07084773480892181,0.3105180859565735,-0.4624044895172119,8.0,0.04971437156200409,0.07106246799230576,0.3149280548095703,0.6089475750923157
1692309242.2496789,"[label: ""height""
size: 3
stride: 15, label: ""width""
size: 5
stride: 5]",0,7.0,0.01272999681532383,0.07010597735643387,0.29987818002700806,0.04867101460695267,6.0,-0.025710739195346832,0.07065816968679428,0.30962589383125305,-0.4539974331855774,8.0,0.04971437156200409,0.07106246799230576,0.3149280548095703,0.6089475750923157
1692309242.3560967,"[label: ""height""
size: 3
stride: 15, label: ""width""
size: 5
stride: 5]",0,7.0,0.01272999681532383,0.07010597735643387,0.29987818002700806,0.04867101460695267,6.0,-0.025914214551448822,0.07084773480892181,0.3105180859565735,-0.4624044895172119,8.0,0.04971437156200409,0.07106246799230576,0.3149280548095703,0.6089475750923157
1692309242.4571452,"[label: ""height""
size: 3
stride: 15, label: ""width""
size: 5
stride: 5]",0,7.0,0.01272999681532383,0.07010597735643387,0.29987818002700806,0.04867101460695267,6.0,-0.025777481496334076,0.07073943316936493,0.3104778230190277,-0.45106273889541626,8.0,0.04971437156200409,0.07106246799230576,0.3149280548095703,0.6089475750923157
1692309242.5486054,"[label: ""height""
size: 3
stride: 15, label: ""width""
size: 5
stride: 5]",0,7.0,0.01272999681532383,0.07010597735643387,0.29987818002700806,0.04867101460695267,6.0,-0.025914214551448822,0.07084773480892181,0.3105180859565735,-0.4624044895172119,8.0,0.04971437156200409,0.07106246799230576,0.3149280548095703,0.6089475750923157
1692309242.6562343,"[label: ""height""
size: 3
stride: 15, label: ""width""
size: 5
stride: 5]",0,7.0,0.01271081157028675,0.07073229551315308,0.30276599526405334,0.03229925036430359,6.0,-0.025914214551448822,0.07084773480892181,0.3105180859565735,-0.4624044895172119,8.0,0.04971437156200409,0.07106246799230576,0.3149280548095703,0.6089475750923157
1692309242.7555707,"[label: ""height""
size: 3
stride: 15, label: ""width""
size: 5
stride: 5]",0,7.0,0.01271081157028675,0.07073229551315308,0.30276599526405334,0.03229925036430359,6.0,-0.025777481496334076,0.07073943316936493,0.3104778230190277,-0.45106273889541626,8.0,0.04971437156200409,0.07106246799230576,0.3149280548095703,0.6089475750923157
1692309242.848463,"[label: ""height""
size: 3
stride: 15, label: ""width""
size: 5
stride: 5]",0,7.0,0.01271081157028675,0.07073229551315308,0.30276599526405334,0.03229925036430359,6.0,-0.025777481496334076,0.07073943316936493,0.3104778230190277,-0.45106273889541626,8.0,0.04971437156200409,0.07106246799230576,0.3149280548095703,0.6089475750923157
1692309242.9536273,"[label: ""height""
size: 3
stride: 15, label: ""width""
size: 5
stride: 5]",0,7.0,0.01272999681532383,0.07010597735643387,0.29987818002700806,0.04867101460695267,6.0,-0.02592129446566105,0.0714041218161583,0.3123493492603302,-0.437471866607666,8.0,0.04971437156200409,0.07106246799230576,0.3149280548095703,0.6089475750923157
1692309243.0524502,"[label: ""height""
size: 3
stride: 15, label: ""width""
size: 5
stride: 5]",0,7.0,0.01271081157028675,0.07073229551315308,0.30276599526405334,0.03229925036430359,6.0,-0.02592129446566105,0.0714041218161583,0.3123493492603302,-0.437471866607666,8.0,0.04971437156200409,0.07106246799230576,0.3149280548095703,0.6089475750923157
1692309243.1488066,"[label: ""height""
size: 3
stride: 15, label: ""width""
size: 5
stride: 5]",0,7.0,0.01272999681532383,0.07010597735643387,0.29987818002700806,0.04867101460695267,6.0,-0.02592129446566105,0.0714041218161583,0.3123493492603302,-0.437471866607666,8.0,0.04971437156200409,0.07106246799230576,0.3149280548095703,0.6089475750923157
1692309243.250846,"[label: ""height""
size: 3
stride: 15, label: ""width""
size: 5
stride: 5]",0,7.0,0.01272999681532383,0.07010597735643387,0.29987818002700806,0.04867101460695267,6.0,-0.025710739195346832,0.07065816968679428,0.30962589383125305,-0.4539974331855774,8.0,0.04971437156200409,0.07106246799230576,0.3149280548095703,0.6089475750923157
1692309243.3540523,"[label: ""height""
size: 3
stride: 15, label: ""width""
size: 5
stride: 5]",0,7.0,0.01271081157028675,0.07073229551315308,0.30276599526405334,0.03229925036430359,6.0,-0.025777481496334076,0.07073943316936493,0.3104778230190277,-0.45106273889541626,8.0,0.04971437156200409,0.07106246799230576,0.3149280548095703,0.6089475750923157
1692309243.453571,"[label: ""height""
size: 3
stride: 15, label: ""width""
size: 5
stride: 5]",0,7.0,0.01272999681532383,0.07010597735643387,0.29987818002700806,0.04867101460695267,6.0,-0.025914214551448822,0.07084773480892181,0.3105180859565735,-0.4624044895172119,8.0,0.04971437156200409,0.07106246799230576,0.3149280548095703,0.6089475750923157
1692309243.5523357,"[label: ""height""
size: 3
stride: 15, label: ""width""
size: 5
stride: 5]",0,7.0,0.01272999681532383,0.07010597735643387,0.29987818002700806,0.04867101460695267,6.0,-0.025914214551448822,0.07084773480892181,0.3105180859565735,-0.4624044895172119,8.0,0.04971437156200409,0.07106246799230576,0.3149280548095703,0.6089475750923157
1692309243.6550736,"[label: ""height""
size: 3
stride: 15, label: ""width""
size: 5
stride: 5]",0,7.0,0.01271081157028675,0.07073229551315308,0.30276599526405334,0.03229925036430359,6.0,-0.025767797604203224,0.07125138491392136,0.31211191415786743,-0.42642053961753845,8.0,0.04971437156200409,0.07106246799230576,0.3149280548095703,0.6089475750923157
1692309243.7493017,"[label: ""height""
size: 3
stride: 15, label: ""width""
size: 5
stride: 5]",0,7.0,0.01272999681532383,0.07010597735643387,0.29987818002700806,0.04867101460695267,6.0,-0.025777481496334076,0.07073943316936493,0.3104778230190277,-0.45106273889541626,8.0,0.04971437156200409,0.07106246799230576,0.3149280548095703,0.6089475750923157
1692309243.8552554,"[label: ""height""
size: 3
stride: 15, label: ""width""
size: 5
stride: 5]",0,7.0,0.01271081157028675,0.07073229551315308,0.30276599526405334,0.03229925036430359,6.0,-0.025914214551448822,0.07084773480892181,0.3105180859565735,-0.4624044895172119,8.0,0.04971437156200409,0.07106246799230576,0.3149280548095703,0.6089475750923157
1692309243.956266,"[label: ""height""
size: 3
stride: 15, label: ""width""
size: 5
stride: 5]",0,7.0,0.01271081157028675,0.07073229551315308,0.30276599526405334,0.03229925036430359,6.0,-0.025914214551448822,0.07084773480892181,0.3105180859565735,-0.4624044895172119,8.0,0.04971437156200409,0.07106246799230576,0.3149280548095703,0.6089475750923157
1692309244.0572476,"[label: ""height""
size: 3
stride: 15, label: ""width""
size: 5
stride: 5]",0,7.0,0.01272999681532383,0.07010597735643387,0.29987818002700806,0.04867101460695267,6.0,-0.025914214551448822,0.07084773480892181,0.3105180859565735,-0.4624044895172119,8.0,0.04971437156200409,0.07106246799230576,0.3149280548095703,0.6089475750923157
1692309244.1532228,"[label: ""height""
size: 3
stride: 15, label: ""width""
size: 5
stride: 5]",0,7.0,0.01271081157028675,0.07073229551315308,0.30276599526405334,0.03229925036430359,6.0,-0.025767797604203224,0.07125138491392136,0.31211191415786743,-0.42642053961753845,8.0,0.04971437156200409,0.07106246799230576,0.3149280548095703,0.6089475750923157
1692309244.2634385,"[label: ""height""
size: 3
stride: 15, label: ""width""
size: 5
stride: 5]",0,7.0,0.01271081157028675,0.07073229551315308,0.30276599526405334,0.03229925036430359,6.0,-0.025914214551448822,0.07084773480892181,0.3105180859565735,-0.4624044895172119,8.0,0.04971437156200409,0.07106246799230576,0.3149280548095703,0.6089475750923157
1692309244.360795,"[label: ""height""
size: 3
stride: 15, label: ""width""
size: 5
stride: 5]",0,7.0,0.01271081157028675,0.07073229551315308,0.30276599526405334,0.03229925036430359,6.0,-0.025767797604203224,0.07125138491392136,0.31211191415786743,-0.42642053961753845,8.0,0.04971437156200409,0.07106246799230576,0.3149280548095703,0.6089475750923157
1692309244.4599512,"[label: ""height""
size: 3
stride: 15, label: ""width""
size: 5
stride: 5]",0,7.0,0.01271081157028675,0.07073229551315308,0.30276599526405334,0.03229925036430359,6.0,-0.02592129446566105,0.0714041218161583,0.3123493492603302,-0.437471866607666,8.0,0.04971437156200409,0.07106246799230576,0.3149280548095703,0.6089475750923157
1692309244.555609,"[label: ""height""
size: 3
stride: 15, label: ""width""
size: 5
stride: 5]",0,7.0,0.01271081157028675,0.07073229551315308,0.30276599526405334,0.03229925036430359,6.0,-0.025914214551448822,0.07084773480892181,0.3105180859565735,-0.4624044895172119,8.0,0.04971437156200409,0.07106246799230576,0.3149280548095703,0.6089475750923157
1692309244.6575804,"[label: ""height""
size: 3
stride: 15, label: ""width""
size: 5
stride: 5]",0,7.0,0.01271081157028675,0.07073229551315308,0.30276599526405334,0.03229925036430359,6.0,-0.025767797604203224,0.07125138491392136,0.31211191415786743,-0.42642053961753845,8.0,0.04971437156200409,0.07106246799230576,0.3149280548095703,0.6089475750923157
1692309244.7576249,"[label: ""height""
size: 3
stride: 15, label: ""width""
size: 5
stride: 5]",0,7.0,0.01271081157028675,0.07073229551315308,0.30276599526405334,0.03229925036430359,6.0,-0.025914214551448822,0.07084773480892181,0.3105180859565735,-0.4624044895172119,8.0,0.04971437156200409,0.07106246799230576,0.3149280548095703,0.6089475750923157
1692309244.858495,"[label: ""height""
size: 3
stride: 15, label: ""width""
size: 5
stride: 5]",0,7.0,0.01271081157028675,0.07073229551315308,0.30276599526405334,0.03229925036430359,6.0,-0.025914214551448822,0.07084773480892181,0.3105180859565735,-0.4624044895172119,8.0,0.04971437156200409,0.07106246799230576,0.3149280548095703,0.6089475750923157
1692309244.9584682,"[label: ""height""
size: 3
stride: 15, label: ""width""
size: 5
stride: 5]",0,7.0,0.01271081157028675,0.07073229551315308,0.30276599526405334,0.03229925036430359,6.0,-0.025767797604203224,0.07125138491392136,0.31211191415786743,-0.42642053961753845,8.0,0.04971437156200409,0.07106246799230576,0.3149280548095703,0.6089475750923157
1692309245.0585124,"[label: ""height""
size: 3
stride: 15, label: ""width""
size: 5
stride: 5]",0,7.0,0.01272999681532383,0.07010597735643387,0.29987818002700806,0.04867101460695267,6.0,-0.025767797604203224,0.07125138491392136,0.31211191415786743,-0.42642053961753845,8.0,0.04971437156200409,0.07106246799230576,0.3149280548095703,0.6089475750923157
1692309245.1533396,"[label: ""height""
size: 3
stride: 15, label: ""width""
size: 5
stride: 5]",0,7.0,0.01271081157028675,0.07073229551315308,0.30276599526405334,0.03229925036430359,6.0,-0.025914214551448822,0.07084773480892181,0.3105180859565735,-0.4624044895172119,8.0,0.04971437156200409,0.07106246799230576,0.3149280548095703,0.6089475750923157
1692309245.2539775,"[label: ""height""
size: 3
stride: 15, label: ""width""
size: 5
stride: 5]",0,7.0,0.01271081157028675,0.07073229551315308,0.30276599526405334,0.03229925036430359,6.0,-0.025767797604203224,0.07125138491392136,0.31211191415786743,-0.42642053961753845,8.0,0.04971437156200409,0.07106246799230576,0.3149280548095703,0.6089475750923157
1692309245.354471,"[label: ""height""
size: 3
stride: 15, label: ""width""
size: 5
stride: 5]",0,7.0,0.01271081157028675,0.07073229551315308,0.30276599526405334,0.03229925036430359,6.0,-0.025777481496334076,0.07073943316936493,0.3104778230190277,-0.45106273889541626,8.0,0.04971437156200409,0.07106246799230576,0.3149280548095703,0.6089475750923157
1692309245.4498215,"[label: ""height""
size: 3
stride: 15, label: ""width""
size: 5
stride: 5]",0,7.0,0.01272999681532383,0.07010597735643387,0.29987818002700806,0.04867101460695267,6.0,-0.025767797604203224,0.07125138491392136,0.31211191415786743,-0.42642053961753845,8.0,0.04971437156200409,0.07106246799230576,0.3149280548095703,0.6089475750923157
1692309245.5432432,"[label: ""height""
size: 3
stride: 15, label: ""width""
size: 5
stride: 5]",0,7.0,0.01271081157028675,0.07073229551315308,0.30276599526405334,0.03229925036430359,6.0,-0.025767797604203224,0.07125138491392136,0.31211191415786743,-0.42642053961753845,8.0,0.04971437156200409,0.07106246799230576,0.3149280548095703,0.6089475750923157
1692309245.6451383,"[label: ""height""
size: 3
stride: 15, label: ""width""
size: 5
stride: 5]",0,7.0,0.01272999681532383,0.07010597735643387,0.29987818002700806,0.04867101460695267,6.0,-0.025777481496334076,0.07073943316936493,0.3104778230190277,-0.45106273889541626,8.0,0.04971437156200409,0.07106246799230576,0.3149280548095703,0.6089475750923157
1692309245.7449064,"[label: ""height""
size: 3
stride: 15, label: ""width""
size: 5
stride: 5]",0,7.0,0.01272999681532383,0.07010597735643387,0.29987818002700806,0.04867101460695267,6.0,-0.025914214551448822,0.07084773480892181,0.3105180859565735,-0.4624044895172119,8.0,0.04971437156200409,0.07106246799230576,0.3149280548095703,0.6089475750923157
1692309245.8476977,"[label: ""height""
size: 3
stride: 15, label: ""width""
size: 5
stride: 5]",0,7.0,0.01272999681532383,0.07010597735643387,0.29987818002700806,0.04867101460695267,6.0,-0.025914214551448822,0.07084773480892181,0.3105180859565735,-0.4624044895172119,8.0,0.04971437156200409,0.07106246799230576,0.3149280548095703,0.6089475750923157
1692309245.9449418,"[label: ""height""
size: 3
stride: 15, label: ""width""
size: 5
stride: 5]",0,7.0,0.01271081157028675,0.07073229551315308,0.30276599526405334,0.03229925036430359,6.0,-0.025777481496334076,0.07073943316936493,0.3104778230190277,-0.45106273889541626,8.0,0.04971437156200409,0.07106246799230576,0.3149280548095703,0.6089475750923157
1692309246.044705,"[label: ""height""
size: 3
stride: 15, label: ""width""
size: 5
stride: 5]",0,7.0,0.01272999681532383,0.07010597735643387,0.29987818002700806,0.04867101460695267,6.0,-0.025914214551448822,0.07084773480892181,0.3105180859565735,-0.4624044895172119,8.0,0.04971437156200409,0.07106246799230576,0.3149280548095703,0.6089475750923157
1692309246.1458137,"[label: ""height""
size: 3
stride: 15, label: ""width""
size: 5
stride: 5]",0,7.0,0.01271081157028675,0.07073229551315308,0.30276599526405334,0.03229925036430359,6.0,-0.025767797604203224,0.07125138491392136,0.31211191415786743,-0.42642053961753845,8.0,0.049269817769527435,0.07054183632135391,0.3120535910129547,0.6190959215164185
1692309246.2468116,"[label: ""height""
size: 3
stride: 15, label: ""width""
size: 5
stride: 5]",0,7.0,0.01272999681532383,0.07010597735643387,0.29987818002700806,0.04867101460695267,6.0,-0.025914214551448822,0.07084773480892181,0.3105180859565735,-0.4624044895172119,8.0,0.04971437156200409,0.07106246799230576,0.3149280548095703,0.6089475750923157
1692309246.3438213,"[label: ""height""
size: 3
stride: 15, label: ""width""
size: 5
stride: 5]",0,7.0,0.01272999681532383,0.07010597735643387,0.29987818002700806,0.04867101460695267,6.0,-0.025777481496334076,0.07073943316936493,0.3104778230190277,-0.45106273889541626,8.0,0.04971437156200409,0.07106246799230576,0.3149280548095703,0.6089475750923157
1692309246.4451542,"[label: ""height""
size: 3
stride: 15, label: ""width""
size: 5
stride: 5]",0,7.0,0.01271081157028675,0.07073229551315308,0.30276599526405334,0.03229925036430359,6.0,-0.02592129446566105,0.0714041218161583,0.3123493492603302,-0.437471866607666,8.0,0.04971437156200409,0.07106246799230576,0.3149280548095703,0.6089475750923157
1692309246.543725,"[label: ""height""
size: 3
stride: 15, label: ""width""
size: 5
stride: 5]",0,7.0,0.01271081157028675,0.07073229551315308,0.30276599526405334,0.03229925036430359,6.0,-0.025914214551448822,0.07084773480892181,0.3105180859565735,-0.4624044895172119,8.0,0.04971437156200409,0.07106246799230576,0.3149280548095703,0.6089475750923157
1692309246.6448026,"[label: ""height""
size: 3
stride: 15, label: ""width""
size: 5
stride: 5]",0,7.0,0.01272999681532383,0.07010597735643387,0.29987818002700806,0.04867101460695267,6.0,-0.025914214551448822,0.07084773480892181,0.3105180859565735,-0.4624044895172119,8.0,0.04971437156200409,0.07106246799230576,0.3149280548095703,0.6089475750923157
1692309246.744432,"[label: ""height""
size: 3
stride: 15, label: ""width""
size: 5
stride: 5]",0,7.0,0.01271081157028675,0.07073229551315308,0.30276599526405334,0.03229925036430359,6.0,-0.025914214551448822,0.07084773480892181,0.3105180859565735,-0.4624044895172119,8.0,0.04971437156200409,0.07106246799230576,0.3149280548095703,0.6089475750923157
1692309246.8472083,"[label: ""height""
size: 3
stride: 15, label: ""width""
size: 5
stride: 5]",0,7.0,0.01271081157028675,0.07073229551315308,0.30276599526405334,0.03229925036430359,6.0,-0.025914214551448822,0.07084773480892181,0.3105180859565735,-0.4624044895172119,8.0,0.04971437156200409,0.07106246799230576,0.3149280548095703,0.6089475750923157
1692309246.9526882,"[label: ""height""
size: 3
stride: 15, label: ""width""
size: 5
stride: 5]",0,7.0,0.01272999681532383,0.07010597735643387,0.29987818002700806,0.04867101460695267,6.0,-0.02592129446566105,0.0714041218161583,0.3123493492603302,-0.437471866607666,8.0,0.04971437156200409,0.07106246799230576,0.3149280548095703,0.6089475750923157
1692309247.0447092,"[label: ""height""
size: 3
stride: 15, label: ""width""
size: 5
stride: 5]",0,7.0,0.01271081157028675,0.07073229551315308,0.30276599526405334,0.03229925036430359,6.0,-0.025914214551448822,0.07084773480892181,0.3105180859565735,-0.4624044895172119,8.0,0.04971437156200409,0.07106246799230576,0.3149280548095703,0.6089475750923157
1692309247.143253,"[label: ""height""
size: 3
stride: 15, label: ""width""
size: 5
stride: 5]",0,7.0,0.01272999681532383,0.07010597735643387,0.29987818002700806,0.04867101460695267,6.0,-0.025767797604203224,0.07125138491392136,0.31211191415786743,-0.42642053961753845,8.0,0.04971437156200409,0.07106246799230576,0.3149280548095703,0.6089475750923157
1692309247.2459767,"[label: ""height""
size: 3
stride: 15, label: ""width""
size: 5
stride: 5]",0,7.0,0.01272999681532383,0.07010597735643387,0.29987818002700806,0.04867101460695267,6.0,-0.025777481496334076,0.07073943316936493,0.3104778230190277,-0.45106273889541626,8.0,0.04971437156200409,0.07106246799230576,0.3149280548095703,0.6089475750923157
1692309247.3426895,"[label: ""height""
size: 3
stride: 15, label: ""width""
size: 5
stride: 5]",0,7.0,0.01271081157028675,0.07073229551315308,0.30276599526405334,0.03229925036430359,6.0,-0.02592129446566105,0.0714041218161583,0.3123493492603302,-0.437471866607666,8.0,0.04971437156200409,0.07106246799230576,0.3149280548095703,0.6089475750923157
1692309247.4462965,"[label: ""height""
size: 3
stride: 15, label: ""width""
size: 5
stride: 5]",0,7.0,0.01271081157028675,0.07073229551315308,0.30276599526405334,0.03229925036430359,6.0,-0.025777481496334076,0.07073943316936493,0.3104778230190277,-0.45106273889541626,8.0,0.04971437156200409,0.07106246799230576,0.3149280548095703,0.6089475750923157
1692309247.5430546,"[label: ""height""
size: 3
stride: 15, label: ""width""
size: 5
stride: 5]",0,7.0,0.01272999681532383,0.07010597735643387,0.29987818002700806,0.04867101460695267,6.0,-0.025777481496334076,0.07073943316936493,0.3104778230190277,-0.45106273889541626,8.0,0.04971437156200409,0.07106246799230576,0.3149280548095703,0.6089475750923157
1692309247.6449015,"[label: ""height""
size: 3
stride: 15, label: ""width""
size: 5
stride: 5]",0,7.0,0.01271081157028675,0.07073229551315308,0.30276599526405334,0.03229925036430359,6.0,-0.02592129446566105,0.0714041218161583,0.3123493492603302,-0.437471866607666,8.0,0.04971437156200409,0.07106246799230576,0.3149280548095703,0.6089475750923157
1692309247.741933,"[label: ""height""
size: 3
stride: 15, label: ""width""
size: 5
stride: 5]",0,7.0,0.01271081157028675,0.07073229551315308,0.30276599526405334,0.03229925036430359,6.0,-0.02592129446566105,0.0714041218161583,0.3123493492603302,-0.437471866607666,8.0,0.04971437156200409,0.07106246799230576,0.3149280548095703,0.6089475750923157
1692309247.8441448,"[label: ""height""
size: 3
stride: 15, label: ""width""
size: 5
stride: 5]",0,7.0,0.01271081157028675,0.07073229551315308,0.30276599526405334,0.03229925036430359,6.0,-0.025914214551448822,0.07084773480892181,0.3105180859565735,-0.4624044895172119,8.0,0.04971437156200409,0.07106246799230576,0.3149280548095703,0.6089475750923157
1692309247.9452336,"[label: ""height""
size: 3
stride: 15, label: ""width""
size: 5
stride: 5]",0,7.0,0.01271081157028675,0.07073229551315308,0.30276599526405334,0.03229925036430359,6.0,-0.025767797604203224,0.07125138491392136,0.31211191415786743,-0.42642053961753845,8.0,0.04971437156200409,0.07106246799230576,0.3149280548095703,0.6089475750923157
1692309248.0447905,"[label: ""height""
size: 3
stride: 15, label: ""width""
size: 5
stride: 5]",0,7.0,0.01271081157028675,0.07073229551315308,0.30276599526405334,0.03229925036430359,6.0,-0.025914214551448822,0.07084773480892181,0.3105180859565735,-0.4624044895172119,8.0,0.04971437156200409,0.07106246799230576,0.3149280548095703,0.6089475750923157
1692309248.1460893,"[label: ""height""
size: 3
stride: 15, label: ""width""
size: 5
stride: 5]",0,7.0,0.01271081157028675,0.07073229551315308,0.30276599526405334,0.03229925036430359,6.0,-0.025710739195346832,0.07065816968679428,0.30962589383125305,-0.4539974331855774,8.0,0.04971437156200409,0.07106246799230576,0.3149280548095703,0.6089475750923157
1692309248.2737997,"[label: ""height""
size: 3
stride: 15, label: ""width""
size: 5
stride: 5]",0,7.0,0.01271081157028675,0.07073229551315308,0.30276599526405334,0.03229925036430359,6.0,-0.025767797604203224,0.07125138491392136,0.31211191415786743,-0.42642053961753845,8.0,0.04971437156200409,0.07106246799230576,0.3149280548095703,0.6089475750923157
1692309248.362762,"[label: ""height""
size: 3
stride: 15, label: ""width""
size: 5
stride: 5]",0,7.0,0.01272999681532383,0.07010597735643387,0.29987818002700806,0.04867101460695267,6.0,-0.025767797604203224,0.07125138491392136,0.31211191415786743,-0.42642053961753845,8.0,0.04971437156200409,0.07106246799230576,0.3149280548095703,0.6089475750923157
1692309248.4787092,"[label: ""height""
size: 3
stride: 15, label: ""width""
size: 5
stride: 5]",0,7.0,0.01271081157028675,0.07073229551315308,0.30276599526405334,0.03229925036430359,6.0,-0.02592129446566105,0.0714041218161583,0.3123493492603302,-0.437471866607666,8.0,0.04971437156200409,0.07106246799230576,0.3149280548095703,0.6089475750923157
1692309248.5621672,"[label: ""height""
size: 3
stride: 15, label: ""width""
size: 5
stride: 5]",0,7.0,0.01272999681532383,0.07010597735643387,0.29987818002700806,0.04867101460695267,6.0,-0.025710739195346832,0.07065816968679428,0.30962589383125305,-0.4539974331855774,8.0,0.04971437156200409,0.07106246799230576,0.3149280548095703,0.6089475750923157
1692309248.6863682,"[label: ""height""
size: 3
stride: 15, label: ""width""
size: 5
stride: 5]",0,7.0,0.01271081157028675,0.07073229551315308,0.30276599526405334,0.03229925036430359,6.0,-0.025914214551448822,0.07084773480892181,0.3105180859565735,-0.4624044895172119,8.0,0.04971437156200409,0.07106246799230576,0.3149280548095703,0.6089475750923157
1692309248.7685077,"[label: ""height""
size: 3
stride: 15, label: ""width""
size: 5
stride: 5]",0,7.0,0.01271081157028675,0.07073229551315308,0.30276599526405334,0.03229925036430359,6.0,-0.025777481496334076,0.07073943316936493,0.3104778230190277,-0.45106273889541626,8.0,0.04971437156200409,0.07106246799230576,0.3149280548095703,0.6089475750923157
1692309248.855639,"[label: ""height""
size: 3
stride: 15, label: ""width""
size: 5
stride: 5]",0,7.0,0.01272999681532383,0.07010597735643387,0.29987818002700806,0.04867101460695267,6.0,-0.025914214551448822,0.07084773480892181,0.3105180859565735,-0.4624044895172119,8.0,0.04971437156200409,0.07106246799230576,0.3149280548095703,0.6089475750923157
1692309248.968235,"[label: ""height""
size: 3
stride: 15, label: ""width""
size: 5
stride: 5]",0,7.0,0.01271081157028675,0.07073229551315308,0.30276599526405334,0.03229925036430359,6.0,-0.025914214551448822,0.07084773480892181,0.3105180859565735,-0.4624044895172119,8.0,0.04971437156200409,0.07106246799230576,0.3149280548095703,0.6089475750923157
1692309249.0554514,"[label: ""height""
size: 3
stride: 15, label: ""width""
size: 5
stride: 5]",0,7.0,0.01271081157028675,0.07073229551315308,0.30276599526405334,0.03229925036430359,6.0,-0.02592129446566105,0.0714041218161583,0.3123493492603302,-0.437471866607666,8.0,0.04971437156200409,0.07106246799230576,0.3149280548095703,0.6089475750923157
1692309249.1639166,"[label: ""height""
size: 3
stride: 15, label: ""width""
size: 5
stride: 5]",0,7.0,0.01272999681532383,0.07010597735643387,0.29987818002700806,0.04867101460695267,6.0,-0.025767797604203224,0.07125138491392136,0.31211191415786743,-0.42642053961753845,8.0,0.04971437156200409,0.07106246799230576,0.3149280548095703,0.6089475750923157
1692309249.251871,"[label: ""height""
size: 3
stride: 15, label: ""width""
size: 5
stride: 5]",0,7.0,0.01272999681532383,0.07010597735643387,0.29987818002700806,0.04867101460695267,6.0,-0.025777481496334076,0.07073943316936493,0.3104778230190277,-0.45106273889541626,8.0,0.04971437156200409,0.07106246799230576,0.3149280548095703,0.6089475750923157
1692309249.36422,"[label: ""height""
size: 3
stride: 15, label: ""width""
size: 5
stride: 5]",0,7.0,0.01272999681532383,0.07010597735643387,0.29987818002700806,0.04867101460695267,6.0,-0.025914214551448822,0.07084773480892181,0.3105180859565735,-0.4624044895172119,8.0,0.04971437156200409,0.07106246799230576,0.3149280548095703,0.6089475750923157
1692309249.4509747,"[label: ""height""
size: 3
stride: 15, label: ""width""
size: 5
stride: 5]",0,7.0,0.01271081157028675,0.07073229551315308,0.30276599526405334,0.03229925036430359,6.0,-0.025767797604203224,0.07125138491392136,0.31211191415786743,-0.42642053961753845,8.0,0.04971437156200409,0.07106246799230576,0.3149280548095703,0.6089475750923157
1692309249.5542076,"[label: ""height""
size: 3
stride: 15, label: ""width""
size: 5
stride: 5]",0,7.0,0.01272999681532383,0.07010597735643387,0.29987818002700806,0.04867101460695267,6.0,-0.025767797604203224,0.07125138491392136,0.31211191415786743,-0.42642053961753845,8.0,0.04971437156200409,0.07106246799230576,0.3149280548095703,0.6089475750923157
1692309249.651855,"[label: ""height""
size: 3
stride: 15, label: ""width""
size: 5
stride: 5]",0,7.0,0.01271081157028675,0.07073229551315308,0.30276599526405334,0.03229925036430359,6.0,-0.02592129446566105,0.0714041218161583,0.3123493492603302,-0.437471866607666,8.0,0.04971437156200409,0.07106246799230576,0.3149280548095703,0.6089475750923157
1692309249.7557242,"[label: ""height""
size: 3
stride: 15, label: ""width""
size: 5
stride: 5]",0,7.0,0.01272999681532383,0.07010597735643387,0.29987818002700806,0.04867101460695267,6.0,-0.02592129446566105,0.0714041218161583,0.3123493492603302,-0.437471866607666,8.0,0.04971437156200409,0.07106246799230576,0.3149280548095703,0.6089475750923157
1692309249.8521008,"[label: ""height""
size: 3
stride: 15, label: ""width""
size: 5
stride: 5]",0,7.0,0.01272999681532383,0.07010597735643387,0.29987818002700806,0.04867101460695267,6.0,-0.025777481496334076,0.07073943316936493,0.3104778230190277,-0.45106273889541626,8.0,0.04971437156200409,0.07106246799230576,0.3149280548095703,0.6089475750923157
1692309249.9552567,"[label: ""height""
size: 3
stride: 15, label: ""width""
size: 5
stride: 5]",0,7.0,0.01271081157028675,0.07073229551315308,0.30276599526405334,0.03229925036430359,6.0,-0.025767797604203224,0.07125138491392136,0.31211191415786743,-0.42642053961753845,8.0,0.04971437156200409,0.07106246799230576,0.3149280548095703,0.6089475750923157
1692309250.0527549,"[label: ""height""
size: 3
stride: 15, label: ""width""
size: 5
stride: 5]",0,7.0,0.01271081157028675,0.07073229551315308,0.30276599526405334,0.03229925036430359,6.0,-0.025767797604203224,0.07125138491392136,0.31211191415786743,-0.42642053961753845,8.0,0.04971437156200409,0.07106246799230576,0.3149280548095703,0.6089475750923157
1692309250.1505811,"[label: ""height""
size: 3
stride: 15, label: ""width""
size: 5
stride: 5]",0,7.0,0.01271081157028675,0.07073229551315308,0.30276599526405334,0.03229925036430359,6.0,-0.025777481496334076,0.07073943316936493,0.3104778230190277,-0.45106273889541626,8.0,0.04971437156200409,0.07106246799230576,0.3149280548095703,0.6089475750923157
1692309250.2702088,"[label: ""height""
size: 3
stride: 15, label: ""width""
size: 5
stride: 5]",0,7.0,0.01272999681532383,0.07010597735643387,0.29987818002700806,0.04867101460695267,6.0,-0.025709761306643486,0.07119392603635788,0.31136569380760193,-0.42914125323295593,8.0,0.04971437156200409,0.07106246799230576,0.3149280548095703,0.6089475750923157
1692309250.3728888,"[label: ""height""
size: 3
stride: 15, label: ""width""
size: 5
stride: 5]",0,7.0,0.01272999681532383,0.07010597735643387,0.29987818002700806,0.04867101460695267,6.0,-0.025669420138001442,0.0708155557513237,0.31082868576049805,-0.4348059296607971,8.0,0.04971437156200409,0.07106246799230576,0.3149280548095703,0.6089475750923157
1692309250.4640825,"[label: ""height""
size: 3
stride: 15, label: ""width""
size: 5
stride: 5]",0,7.0,0.01272999681532383,0.07010597735643387,0.29987818002700806,0.04867101460695267,6.0,-0.025669420138001442,0.0708155557513237,0.31082868576049805,-0.4348059296607971,8.0,0.04971437156200409,0.07106246799230576,0.3149280548095703,0.6089475750923157
1692309250.5521073,"[label: ""height""
size: 3
stride: 15, label: ""width""
size: 5
stride: 5]",0,7.0,0.01271081157028675,0.07073229551315308,0.30276599526405334,0.03229925036430359,6.0,-0.025669420138001442,0.0708155557513237,0.31082868576049805,-0.4348059296607971,8.0,0.049635931849479675,0.07069038599729538,0.3144224286079407,0.6119052767753601
1692309250.6542163,"[label: ""height""
size: 3
stride: 15, label: ""width""
size: 5
stride: 5]",0,7.0,0.012710832990705967,0.07023520022630692,0.3027617633342743,0.03249933198094368,6.0,-0.025879668071866035,0.07102222740650177,0.3118003308773041,-0.44311872124671936,8.0,0.049382343888282776,0.07069513946771622,0.3144466280937195,0.6126547455787659
1692309250.755026,"[label: ""height""
size: 3
stride: 15, label: ""width""
size: 5
stride: 5]",0,7.0,0.01262336503714323,0.07094782590866089,0.3060842752456665,0.05773129686713219,6.0,-0.026090119034051895,0.07087747752666473,0.31276264786720276,-0.4511563777923584,8.0,0.04957006499171257,0.07121875882148743,0.3173542618751526,0.6027836203575134
1692309250.8549993,"[label: ""height""
size: 3
stride: 15, label: ""width""
size: 5
stride: 5]",0,7.0,0.012164220213890076,0.07035969942808151,0.30416110157966614,0.05002188682556152,6.0,-0.025981655344367027,0.0704200342297554,0.31137195229530334,-0.4595320522785187,8.0,0.04933418333530426,0.07132497429847717,0.318350225687027,0.6121212244033813
1692309250.9514422,"[label: ""height""
size: 3
stride: 15, label: ""width""
size: 5
stride: 5]",0,7.0,0.012154007330536842,0.07032978534698486,0.3051707446575165,-0.00022060106857679784,6.0,-0.026047611609101295,0.07057441025972366,0.31376320123672485,-0.4606609046459198,8.0,0.04906013607978821,0.0712367370724678,0.3191388249397278,0.5986884832382202
1692309251.0541136,"[label: ""height""
size: 3
stride: 15, label: ""width""
size: 5
stride: 5]",0,7.0,0.012071486562490463,0.07061073184013367,0.30763089656829834,0.07204896211624146,6.0,-0.026595788076519966,0.07063353806734085,0.31572970747947693,-0.4642297029495239,8.0,0.048959165811538696,0.07145962864160538,0.3219393193721771,0.6126148104667664
1692309251.1509576,"[label: ""height""
size: 3
stride: 15, label: ""width""
size: 5
stride: 5]",0,7.0,0.011569266207516193,0.07058834284543991,0.30959323048591614,-0.00021214422304183245,6.0,-0.026906734332442284,0.07126320898532867,0.3196580410003662,-0.44388219714164734,8.0,0.04819561913609505,0.07078832387924194,0.3212359845638275,0.6059542298316956
1692309251.258477,"[label: ""height""
size: 3
stride: 15, label: ""width""
size: 5
stride: 5]",0,7.0,0.011494780890643597,0.07088491320610046,0.3130832612514496,0.05269359424710274,6.0,-0.02690015360713005,0.07072226703166962,0.3195746839046478,-0.44433659315109253,8.0,0.04804784432053566,0.07068141549825668,0.3238118886947632,0.6214274764060974
1692309251.3678691,"[label: ""height""
size: 3
stride: 15, label: ""width""
size: 5
stride: 5]",0,7.0,0.011462636291980743,0.07102929800748825,0.31623464822769165,0.0351339615881443,6.0,-0.027061421424150467,0.07134551554918289,0.3247782588005066,-0.4447638988494873,8.0,0.04854048043489456,0.07156964391469955,0.329050213098526,0.6036614775657654
1692309251.4563437,"[label: ""height""
size: 3
stride: 15, label: ""width""
size: 5
stride: 5]",0,7.0,0.011390617117285728,0.07084736973047256,0.3182534873485565,0.019788092002272606,6.0,-0.027147574350237846,0.07175573706626892,0.32909640669822693,-0.4556337594985962,8.0,0.04821999743580818,0.07114376872777939,0.32961833477020264,0.6138582825660706
1692309251.5722756,"[label: ""height""
size: 3
stride: 15, label: ""width""
size: 5
stride: 5]",0,7.0,0.011315420269966125,0.07130280882120132,0.32267361879348755,0.05301925912499428,6.0,-0.027394669130444527,0.07176964730024338,0.3322824537754059,-0.43802034854888916,8.0,0.04800116643309593,0.07150853425264359,0.3338099420070648,0.6041740775108337
1692309251.7931054,"[label: ""height""
size: 3
stride: 15, label: ""width""
size: 5
stride: 5]",0,7.0,0.010747996158897877,0.07137630134820938,0.3266112208366394,0.015268831513822079,6.0,-0.027726972475647926,0.07133941352367401,0.33285626769065857,-0.4646398425102234,8.0,0.04771386459469795,0.07143081724643707,0.336640328168869,0.6071773171424866
1692309251.8026645,"[label: ""height""
size: 3
stride: 15, label: ""width""
size: 5
stride: 5]",0,7.0,0.010684235021471977,0.07105528563261032,0.3276256322860718,0.05505738779902458,6.0,-0.027862660586833954,0.07159286737442017,0.33789852261543274,-0.4708578884601593,8.0,0.04778394475579262,0.07176165282726288,0.3421715795993805,0.6031326651573181
1692309251.8694277,"[label: ""height""
size: 3
stride: 15, label: ""width""
size: 5
stride: 5]",0,7.0,0.010642663575708866,0.0712469294667244,0.33143967390060425,0.023349370807409286,6.0,-0.027655893936753273,0.07172325998544693,0.34242483973503113,-0.45048680901527405,8.0,0.04802476987242699,0.07243034988641739,0.34805724024772644,0.6081904172897339
1692309251.9605668,"[label: ""height""
size: 3
stride: 15, label: ""width""
size: 5
stride: 5]",0,7.0,0.010467605665326118,0.07163837552070618,0.33797040581703186,0.058351024985313416,6.0,-0.028269875794649124,0.07186805456876755,0.34655529260635376,-0.4596690833568573,8.0,0.0470871739089489,0.07144633680582047,0.3474322557449341,0.6137141585350037
1692309252.0726933,"[label: ""height""
size: 3
stride: 15, label: ""width""
size: 5
stride: 5]",0,7.0,0.010107305832207203,0.07151158899068832,0.3411599397659302,0.014790143817663193,6.0,-0.028842316940426826,0.07303540408611298,0.3557400703430176,-0.43332505226135254,8.0,0.047644175589084625,0.07302283495664597,0.3593593239784241,0.5899661183357239
1692309252.1534648,"[label: ""height""
size: 3
stride: 15, label: ""width""
size: 5
stride: 5]",0,7.0,0.010356631129980087,0.07131679356098175,0.34416961669921875,0.036868177354335785,6.0,-0.028217587620019913,0.07229584455490112,0.35700270533561707,-0.4441143274307251,8.0,0.04706927761435509,0.07193242758512497,0.35829830169677734,0.6082321405410767
1692309252.2565804,"[label: ""height""
size: 3
stride: 15, label: ""width""
size: 5
stride: 5]",0,7.0,0.00986403040587902,0.07179389148950577,0.35153451561927795,0.044953346252441406,6.0,-0.02911607176065445,0.07326062768697739,0.3647955358028412,-0.43938547372817993,8.0,0.046737127006053925,0.07214248180389404,0.3637549877166748,0.6312072277069092
1692309252.354273,"[label: ""height""
size: 3
stride: 15, label: ""width""
size: 5
stride: 5]",0,7.0,0.009967967867851257,0.07239093631505966,0.3588995635509491,0.09954614192247391,6.0,-0.028662601485848427,0.07261545211076736,0.3667322099208832,-0.43045422434806824,8.0,0.047103676944971085,0.07276211678981781,0.3714887797832489,0.6082424521446228
1692309252.4562302,"[label: ""height""
size: 3
stride: 15, label: ""width""
size: 5
stride: 5]",0,7.0,0.009934179484844208,0.07266731560230255,0.36475443840026855,0.046683523803949356,6.0,-0.0286732017993927,0.07233230024576187,0.37073296308517456,-0.4480028748512268,8.0,0.04696739464998245,0.0730755552649498,0.37781235575675964,0.6177652478218079
1692309252.5604398,"[label: ""height""
size: 3
stride: 15, label: ""width""
size: 5
stride: 5]",0,7.0,0.009862150065600872,0.07212180644273758,0.36752140522003174,0.050532836467027664,6.0,-0.02854320779442787,0.07265525311231613,0.3771348297595978,-0.455425888299942,8.0,0.04734036698937416,0.07358068972826004,0.38605162501335144,0.5963694453239441
1692309252.6560173,"[label: ""height""
size: 3
stride: 15, label: ""width""
size: 5
stride: 5]",0,7.0,0.010320641100406647,0.07255788892507553,0.3747697174549103,-0.00021861832647118717,6.0,-0.02801831252872944,0.07283971458673477,0.3829011619091034,-0.43064653873443604,8.0,0.047591470181941986,0.07367034256458282,0.390752911567688,0.6097052693367004
1692309252.7611504,"[label: ""height""
size: 3
stride: 15, label: ""width""
size: 5
stride: 5]",0,7.0,0.010203142650425434,0.07227884232997894,0.37965887784957886,0.07314684242010117,6.0,-0.02818598598241806,0.07316932827234268,0.38965263962745667,-0.43711918592453003,8.0,0.04711015522480011,0.07329478114843369,0.3947971761226654,0.6279550790786743
1692309252.8606944,"[label: ""height""
size: 3
stride: 15, label: ""width""
size: 5
stride: 5]",0,7.0,0.009904595091938972,0.07347758859395981,0.3912627100944519,0.11785069108009338,6.0,-0.02900678850710392,0.07350602746009827,0.3966192305088043,-0.44244202971458435,8.0,0.046597886830568314,0.0735873430967331,0.4016454815864563,0.6121537685394287
1692309252.9575315,"[label: ""height""
size: 3
stride: 15, label: ""width""
size: 5
stride: 5]",0,7.0,0.008867816999554634,0.07363738864660263,0.39719146490097046,0.05796618014574051,6.0,-0.029858103021979332,0.07385636121034622,0.4038477838039398,-0.4478699862957001,8.0,0.04577882960438728,0.07395234704017639,0.4091094136238098,0.6234786510467529
1692309253.0720136,"[label: ""height""
size: 3
stride: 15, label: ""width""
size: 5
stride: 5]",0,7.0,0.008481603115797043,0.07387477159500122,0.40121760964393616,0.08164927363395691,6.0,-0.030502144247293472,0.07484165579080582,0.41297784447669983,-0.40715301036834717,8.0,0.04562012106180191,0.07502840459346771,0.4169404208660126,0.6333918571472168
1692309253.1720724,"[label: ""height""
size: 3
stride: 15, label: ""width""
size: 5
stride: 5]",0,7.0,0.008307872340083122,0.07495208829641342,0.40888550877571106,0.08367118239402771,6.0,-0.030426202341914177,0.07497081160545349,0.41647404432296753,-0.4316995441913605,8.0,0.04492901638150215,0.07433168590068817,0.4168592393398285,0.6350529193878174
1692309253.2557542,"[label: ""height""
size: 3
stride: 15, label: ""width""
size: 5
stride: 5]",0,7.0,0.008809215389192104,0.07606375217437744,0.41680777072906494,0.08548817783594131,6.0,-0.03018854185938835,0.07622236758470535,0.4254019260406494,-0.41543611884117126,8.0,0.04561980441212654,0.0760674923658371,0.4266465902328491,0.6386804580688477
1692309253.353593,"[label: ""height""
size: 3
stride: 15, label: ""width""
size: 5
stride: 5]",0,7.0,0.010105947032570839,0.07599694281816483,0.42073220014572144,0.09964089840650558,8.0,0.04692292958498001,0.07626233249902725,0.430682510137558,0.6117587685585022,6.0,-0.028880231082439423,0.07639192789793015,0.42927291989326477,-0.423852801322937
1692309253.4583294,"[label: ""height""
size: 3
stride: 15, label: ""width""
size: 5
stride: 5]",0,7.0,0.01141553558409214,0.07676756381988525,0.42723700404167175,-0.00024808000307530165,6.0,-0.027371559292078018,0.07654756307601929,0.43310168385505676,-0.4517427086830139,8.0,0.04859764501452446,0.07643868029117584,0.43466830253601074,0.6143395900726318
1692309253.5649574,"[label: ""height""
size: 3
stride: 15, label: ""width""
size: 5
stride: 5]",0,7.0,0.013515588827431202,0.07536827027797699,0.4272383749485016,-0.0003009549400303513,8.0,0.05041157081723213,0.07580114156007767,0.438116192817688,0.6024532914161682,6.0,-0.025069333612918854,0.07547251880168915,0.4360808730125427,-0.486685186624527
1692309253.684537,"[label: ""height""
size: 3
stride: 15, label: ""width""
size: 5
stride: 5]",0,7.0,0.015544400550425053,0.07533196359872818,0.4342005252838135,0.042401023209095,8.0,0.05279364436864853,0.07538659125566483,0.4430931508541107,0.6174246072769165,6.0,-0.02317146025598049,0.07504800707101822,0.44095322489738464,-0.47374677658081055
1692309253.7739508,"[label: ""height""
size: 3
stride: 15, label: ""width""
size: 5
stride: 5]",0,7.0,0.01914878562092781,0.07512184977531433,0.43596136569976807,-0.0004255585081409663,8.0,0.05637762323021889,0.0761382207274437,0.44859829545021057,0.5970341563224792,6.0,-0.019384169951081276,0.07520365715026855,0.4450538158416748,-0.5055880546569824
1692309253.8630075,"[label: ""height""
size: 3
stride: 15, label: ""width""
size: 5
stride: 5]",0,7.0,0.022014113143086433,0.0750478133559227,0.4360688328742981,0.003004355588927865,6.0,-0.01594163291156292,0.07604385912418365,0.45114821195602417,-0.4891293942928314,8.0,0.05981490761041641,0.07624329626560211,0.45242440700531006,0.581760585308075
1692309253.9711514,"[label: ""height""
size: 3
stride: 15, label: ""width""
size: 5
stride: 5]",0,7.0,0.025778964161872864,0.07442929595708847,0.4414023160934448,-0.1718626171350479,8.0,0.06419482082128525,0.07575404644012451,0.4573036730289459,0.5630822777748108,6.0,-0.012378132902085781,0.07561252266168594,0.45638057589530945,-0.4777950644493103
1692309254.0736897,"[label: ""height""
size: 3
stride: 15, label: ""width""
size: 5
stride: 5]",0,7.0,0.028663063421845436,0.0748659148812294,0.4450526833534241,-0.0006126549560576677,8.0,0.06690368801355362,0.0761098563671112,0.4605262279510498,0.5520027875900269,6.0,-0.009860849007964134,0.07577294111251831,0.46072813868522644,-0.5087464451789856
1692309254.1601539,"[label: ""height""
size: 3
stride: 15, label: ""width""
size: 5
stride: 5]",0,7.0,0.03158009797334671,0.07413752377033234,0.44505617022514343,-0.0006689948495477438,8.0,0.06908543407917023,0.07502278685569763,0.4574248790740967,0.5860978960990906,6.0,-0.006844702176749706,0.07502102851867676,0.46074724197387695,-0.5150063037872314
1692309254.2593925,"[label: ""height""
size: 3
stride: 15, label: ""width""
size: 5
stride: 5]",0,7.0,0.03308975324034691,0.07398403435945511,0.44597679376602173,-0.025555359199643135,8.0,0.0711960420012474,0.07512453198432922,0.4614366888999939,0.5735055208206177,6.0,-0.004937122110277414,0.07489806413650513,0.45994067192077637,-0.4780377745628357
1692309254.3616428,"[label: ""height""
size: 3
stride: 15, label: ""width""
size: 5
stride: 5]",0,7.0,0.0356035977602005,0.07459884881973267,0.4545297622680664,-0.0007356507703661919,8.0,0.0744803324341774,0.07621008902788162,0.4703892171382904,0.5141507983207703,6.0,-0.002913139993324876,0.07547814399003983,0.4706284999847412,-0.46145352721214294
1692309254.4551973,"[label: ""height""
size: 3
stride: 15, label: ""width""
size: 5
stride: 5]",0,7.0,0.03602863475680351,0.07341130822896957,0.44986966252326965,0.07778049260377884,8.0,0.0733177661895752,0.07384496182203293,0.46051856875419617,0.5732783675193787,6.0,-0.002334015676751733,0.074570432305336,0.46622008085250854,-0.5053216218948364
1692309254.5553715,"[label: ""height""
size: 3
stride: 15, label: ""width""
size: 5
stride: 5]",0,7.0,0.03528902679681778,0.07254071533679962,0.446084588766098,-0.027622366324067116,8.0,0.07427673041820526,0.07462708652019501,0.46660441160202026,0.5575142502784729,6.0,-0.002511086640879512,0.07387550920248032,0.46417731046676636,-0.4908227324485779
1692309254.6548994,"[label: ""height""
size: 3
stride: 15, label: ""width""
size: 5
stride: 5]",0,7.0,0.034858833998441696,0.07385431230068207,0.45452937483787537,-0.00073616998270154,8.0,0.0719190239906311,0.07358117401599884,0.4612258970737457,0.5727390050888062,6.0,-0.0036495057865977287,0.07384844869375229,0.46399083733558655,-0.488283634185791
1692309254.7517655,"[label: ""height""
size: 3
stride: 15, label: ""width""
size: 5
stride: 5]",0,7.0,0.03309060260653496,0.07252635806798935,0.4459928870201111,-0.0260589849203825,6.0,-0.004762156866490841,0.07309218496084213,0.4605301022529602,-0.5016573667526245,8.0,0.07116686552762985,0.07358407229185104,0.46124544739723206,0.5740073323249817
1692309254.858035,"[label: ""height""
size: 3
stride: 15, label: ""width""
size: 5
stride: 5]",0,7.0,0.03311767801642418,0.07407969236373901,0.4503021836280823,0.08654894679784775,8.0,0.07073136419057846,0.0742892473936081,0.46090683341026306,0.5429025888442993,6.0,-0.005336045287549496,0.07425931096076965,0.46070173382759094,-0.5183725357055664
1692309254.9569688,"[label: ""height""
size: 3
stride: 15, label: ""width""
size: 5
stride: 5]",0,7.0,0.0315801203250885,0.07340863347053528,0.44505661725997925,-0.0006791928317397833,8.0,0.06997990608215332,0.07429239898920059,0.460927814245224,0.5441514253616333,6.0,-0.006279695779085159,0.07437920570373535,0.4614940881729126,-0.4918743968009949
1692309255.0578837,"[label: ""height""
size: 3
stride: 15, label: ""width""
size: 5
stride: 5]",0,7.0,0.030850859358906746,0.07340850681066513,0.4450558125972748,-0.0006677346536889672,8.0,0.06833354383707047,0.07351292669773102,0.454921692609787,0.5617469549179077,6.0,-0.007933893240988255,0.07435576617717743,0.45891323685646057,-0.47878751158714294
1692309255.1556234,"[label: ""height""
size: 3
stride: 15, label: ""width""
size: 5
stride: 5]",0,7.0,0.02995508722960949,0.07304568588733673,0.4367961585521698,-0.21379266679286957,8.0,0.06778734922409058,0.07420088350772858,0.45124438405036926,0.5715870261192322,6.0,-0.007897531613707542,0.07487621158361435,0.45645588636398315,-0.4868767559528351
1692309255.2765212,"[label: ""height""
size: 3
stride: 15, label: ""width""
size: 5
stride: 5]",0,7.0,0.030214913189411163,0.07332320511341095,0.435881644487381,-0.0006776027730666101,6.0,-0.0081606050953269,0.07444877177476883,0.45039260387420654,-0.46488863229751587,8.0,0.0677577331662178,0.0731801986694336,0.44612640142440796,0.5824598073959351
1692309255.379948,"[label: ""height""
size: 3
stride: 15, label: ""width""
size: 5
stride: 5]",0,7.0,0.030378801748156548,0.07394788414239883,0.4322969913482666,0.08244001865386963,6.0,-0.008035718463361263,0.07417689263820648,0.4422484040260315,-0.4980500042438507,8.0,0.06804890930652618,0.07432868331670761,0.44323375821113586,0.5872191786766052
1692309255.4761724,"[label: ""height""
size: 3
stride: 15, label: ""width""
size: 5
stride: 5]",0,7.0,0.030128588899970055,0.0737585574388504,0.4238567352294922,0.07299275696277618,8.0,0.06751733273267746,0.07425375282764435,0.43740811944007874,0.5717903971672058,6.0,-0.008357083424925804,0.0750107616186142,0.4407212734222412,-0.46357759833335876
1692309255.5673566,"[label: ""height""
size: 3
stride: 15, label: ""width""
size: 5
stride: 5]",0,7.0,0.030794378370046616,0.07477734237909317,0.4196733832359314,-0.02256789244711399,8.0,0.06903153657913208,0.0757056325674057,0.4345325827598572,0.5607814788818359,6.0,-0.0075690108351409435,0.07618936896324158,0.43609607219696045,-0.48324286937713623
1692309255.669667,"[label: ""height""
size: 3
stride: 15, label: ""width""
size: 5
stride: 5]",0,7.0,0.03121403232216835,0.07457173615694046,0.41207194328308105,-0.06927946954965591,8.0,0.06940095126628876,0.07599730044603348,0.4290730953216553,0.557327389717102,6.0,-0.007081662770360708,0.07576814293861389,0.4276873767375946,-0.47745901346206665
1692309255.7609518,"[label: ""height""
size: 3
stride: 15, label: ""width""
size: 5
stride: 5]",0,7.0,0.03236885368824005,0.07591193169355392,0.4085713326931,0.04024935141205788,6.0,-0.00610036076977849,0.07595978677272797,0.41907888650894165,-0.4960861802101135,8.0,0.07014312595129013,0.07643257826566696,0.421855628490448,0.5579571723937988
1692309255.8552787,"[label: ""height""
size: 3
stride: 15, label: ""width""
size: 5
stride: 5]",0,7.0,0.032659582793712616,0.07550588250160217,0.39642974734306335,-0.022344324737787247,8.0,0.07091912627220154,0.07689538598060608,0.4132175147533417,0.5627543330192566,6.0,-0.005178605206310749,0.07721283286809921,0.4130411744117737,-0.5032913088798523
1692309255.9666762,"[label: ""height""
size: 3
stride: 15, label: ""width""
size: 5
stride: 5]",0,7.0,0.03385259956121445,0.07607217133045197,0.3933292031288147,-0.023008814081549644,8.0,0.07166651636362076,0.07686641812324524,0.4059053957462311,0.5500466227531433,6.0,-0.004418591037392616,0.0768061950802803,0.4062964916229248,-0.4562816917896271
1692309256.0713277,"[label: ""height""
size: 3
stride: 15, label: ""width""
size: 5
stride: 5]",0,7.0,0.034243084490299225,0.07710776478052139,0.38841381669044495,-0.0005839608493261039,8.0,0.07096990197896957,0.07647912204265594,0.3945118486881256,0.579156219959259,6.0,-0.004325832240283489,0.07634764164686203,0.3937802314758301,-0.5133733153343201
1692309256.1515305,"[label: ""height""
size: 3
stride: 15, label: ""width""
size: 5
stride: 5]",0,7.0,0.0343477837741375,0.0757736787199974,0.3761690855026245,-0.05997125059366226,8.0,0.07245846837759018,0.07679545879364014,0.3903340697288513,0.5592385530471802,6.0,-0.003638455644249916,0.07734617590904236,0.3922041356563568,-0.4448629915714264
1692309256.2525806,"[label: ""height""
size: 3
stride: 15, label: ""width""
size: 5
stride: 5]",0,7.0,0.03501634672284126,0.075770802795887,0.3700388967990875,-0.22167754173278809,6.0,-0.0029524134006351233,0.07626713067293167,0.380553275346756,-0.503078818321228,8.0,0.07373757660388947,0.07720053195953369,0.3844587504863739,0.5575896501541138
1692309256.35044,"[label: ""height""
size: 3
stride: 15, label: ""width""
size: 5
stride: 5]",0,7.0,0.03667617589235306,0.07541916519403458,0.3614688217639923,-0.0913364365696907,8.0,0.07384416460990906,0.07515864819288254,0.36911484599113464,0.5692182183265686,6.0,-0.0016679199179634452,0.07425136119127274,0.3659529387950897,-0.5047982931137085
1692309256.4527867,"[label: ""height""
size: 3
stride: 15, label: ""width""
size: 5
stride: 5]",0,7.0,0.03693358972668648,0.07406235486268997,0.35084447264671326,-0.03753285855054855,6.0,-0.0013538528000935912,0.07477405667304993,0.36343157291412354,-0.4839856028556824,8.0,0.07524154335260391,0.07504875212907791,0.36486557126045227,0.5645204186439514
1692309256.5517595,"[label: ""height""
size: 3
stride: 15, label: ""width""
size: 5
stride: 5]",0,7.0,0.03690013289451599,0.07328766584396362,0.3406514823436737,-0.12013421207666397,6.0,-0.0010526441037654877,0.0742499902844429,0.3545399606227875,-0.4938218295574188,8.0,0.07558886706829071,0.07451259344816208,0.3558884263038635,0.5504180192947388
1692309256.6470158,"[label: ""height""
size: 3
stride: 15, label: ""width""
size: 5
stride: 5]",0,7.0,0.03794296830892563,0.07314224541187286,0.33355093002319336,-0.0769759863615036,8.0,0.07579073309898376,0.07345753163099289,0.34413814544677734,0.5453089475631714,6.0,-0.0002145944454241544,0.07314726710319519,0.34258225560188293,-0.5238389372825623
1692309256.7449324,"[label: ""height""
size: 3
stride: 15, label: ""width""
size: 5
stride: 5]",0,7.0,0.038393180817365646,0.07253249734640121,0.32352346181869507,-0.07172349095344543,8.0,0.07672003656625748,0.07346879690885544,0.3358015716075897,0.5427786707878113,6.0,0.00032274849945679307,0.0727016031742096,0.33343052864074707,-0.5102992057800293
1692309256.8486626,"[label: ""height""
size: 3
stride: 15, label: ""width""
size: 5
stride: 5]",0,7.0,0.03876405581831932,0.07240210473537445,0.3141641318798065,-0.0005634680856019258,8.0,0.0763290524482727,0.07300416380167007,0.3246749937534332,0.5501132011413574,6.0,0.0006838542176410556,0.07268401980400085,0.32364994287490845,-0.5176002383232117
1692309256.9521756,"[label: ""height""
size: 3
stride: 15, label: ""width""
size: 5
stride: 5]",0,7.0,0.03888661786913872,0.07296975702047348,0.3080841600894928,-0.010832290165126324,8.0,0.07640353590250015,0.07326637208461761,0.317190945148468,0.5492903590202332,6.0,0.0005190838128328323,0.0724373310804367,0.31573954224586487,-0.5145469903945923
1692309257.0496168,"[label: ""height""
size: 3
stride: 15, label: ""width""
size: 5
stride: 5]",0,7.0,0.038287367671728134,0.07288739085197449,0.29945141077041626,-0.010503320023417473,8.0,0.0759708434343338,0.07351937144994736,0.31005769968032837,0.5494505167007446,6.0,-1.0164216291741468e-05,0.07255283743143082,0.3079712688922882,-0.4989938735961914
1692309257.14598,"[label: ""height""
size: 3
stride: 15, label: ""width""
size: 5
stride: 5]",0,7.0,0.037562884390354156,0.07179821282625198,0.2886162996292114,-0.055239487439394,8.0,0.07513996213674545,0.07226038724184036,0.29906004667282104,0.550638735294342,6.0,-0.00039669996476732194,0.07234488427639008,0.3009192645549774,-0.49578768014907837
1692309257.2502084,"[label: ""height""
size: 3
stride: 15, label: ""width""
size: 5
stride: 5]",0,7.0,0.03757292404770851,0.07175049185752869,0.28260257840156555,-0.06741252541542053,6.0,-0.0006550382822751999,0.07149653136730194,0.29035067558288574,-0.5026003122329712,8.0,0.0761706754565239,0.07294010370969772,0.2963733375072479,0.5560294389724731
1692309257.349959,"[label: ""height""
size: 3
stride: 15, label: ""width""
size: 5
stride: 5]",0,7.0,0.03701344132423401,0.0704638883471489,0.2714596390724182,-0.03555551916360855,8.0,0.07498610764741898,0.07114358246326447,0.28394222259521484,0.5635136961936951,6.0,-0.0006551551050506532,0.07111062109470367,0.28316202759742737,-0.4923129379749298
1692309257.4612987,"[label: ""height""
size: 3
stride: 15, label: ""width""
size: 5
stride: 5]",0,7.0,0.037413839250802994,0.07034917920827866,0.2648657262325287,-0.03564037010073662,6.0,-0.0004639916878659278,0.06986846774816513,0.2729525566101074,-0.5309069752693176,8.0,0.07548851519823074,0.07126922905445099,0.27761074900627136,0.5535183548927307
1692309257.5729802,"[label: ""height""
size: 3
stride: 15, label: ""width""
size: 5
stride: 5]",0,7.0,0.03799685463309288,0.07000000774860382,0.25797969102859497,-0.058519378304481506,8.0,0.07589461654424667,0.07087277621030807,0.26967597007751465,0.5651441812515259,6.0,0.00021541451860684901,0.0707855299115181,0.2705361843109131,-0.49755555391311646
1692309257.657174,"[label: ""height""
size: 3
stride: 15, label: ""width""
size: 5
stride: 5]",0,7.0,0.03810824826359749,0.06958410143852234,0.2504684031009674,0.0174558125436306,8.0,0.07632143050432205,0.07097366452217102,0.2638588845729828,0.5389313101768494,6.0,0.00027313403552398086,0.06994835287332535,0.26202449202537537,-0.5172259211540222
1692309257.7947729,"[label: ""height""
size: 3
stride: 15, label: ""width""
size: 5
stride: 5]",0,7.0,0.03822758048772812,0.06893526017665863,0.24376259744167328,-0.02987392246723175,8.0,0.0761784091591835,0.06980101019144058,0.256028950214386,0.5457990169525146,6.0,0.0005618429277092218,0.06919113546609879,0.25526705384254456,-0.5037170648574829
1692309257.87634,"[label: ""height""
size: 3
stride: 15, label: ""width""
size: 5
stride: 5]",0,7.0,0.039428289979696274,0.0691085159778595,0.2395845204591751,-0.03561485931277275,6.0,0.0015526741044595838,0.06910502910614014,0.2508176863193512,-0.5160465836524963,8.0,0.07776352018117905,0.06993382424116135,0.2516130805015564,0.5534824728965759
1692309257.9572358,"[label: ""height""
size: 3
stride: 15, label: ""width""
size: 5
stride: 5]",0,7.0,0.040246110409498215,0.06904470175504684,0.23382563889026642,-0.0023249222431331873,6.0,0.002249312587082386,0.06839041411876678,0.24250485002994537,-0.5314096212387085,8.0,0.07823818176984787,0.06998894363641739,0.24529428780078888,0.5399141311645508
1692309258.0607853,"[label: ""height""
size: 3
stride: 15, label: ""width""
size: 5
stride: 5]",0,7.0,0.040837183594703674,0.06845927238464355,0.22820661962032318,-0.025316495448350906,6.0,0.003054710803553462,0.0681169256567955,0.23771753907203674,-0.5364394187927246,8.0,0.07909706234931946,0.06979728490114212,0.2408294379711151,0.5420383810997009
1692309258.155363,"[label: ""height""
size: 3
stride: 15, label: ""width""
size: 5
stride: 5]",0,7.0,0.04135730490088463,0.06859098374843597,0.22402910888195038,-0.036724481731653214,6.0,0.0038647472392767668,0.06842596083879471,0.2344842106103897,-0.5299803614616394,8.0,0.0795707255601883,0.06966689974069595,0.2357557713985443,0.5413656234741211
1692309258.257628,"[label: ""height""
size: 2
stride: 10, label: ""width""
size: 5
stride: 5]",0,8.0,0.08100757002830505,0.06894952058792114,0.23237138986587524,0.5391123294830322,6.0,0.0052152699790894985,0.06786928325891495,0.23126697540283203,-0.5303579568862915
1692309259.0763893,"[label: ""height""
size: 2
stride: 10, label: ""width""
size: 5
stride: 5]",0,8.0,0.08885812014341354,0.06789689511060715,0.22905634343624115,0.5399864912033081,6.0,0.013094292022287846,0.06685104966163635,0.22869063913822174,-0.5299316048622131
1692309259.1676552,"[label: ""height""
size: 3
stride: 15, label: ""width""
size: 5
stride: 5]",0,7.0,0.051288921386003494,0.06730225682258606,0.2205449342727661,-0.031697794795036316,6.0,0.013733702711760998,0.06723013520240784,0.23125755786895752,-0.5216431617736816,8.0,0.09005613625049591,0.06877651065587997,0.23392479121685028,0.5318484306335449
1692309259.2543466,"[label: ""height""
size: 3
stride: 15, label: ""width""
size: 5
stride: 5]",0,7.0,0.05162810534238815,0.06834553927183151,0.22517329454421997,-0.0325179249048233,6.0,0.013869080692529678,0.06781048327684402,0.23489950597286224,-0.5259721279144287,8.0,0.0897783413529396,0.06901771575212479,0.2367427796125412,0.5518378615379333
1692309259.355876,"[label: ""height""
size: 3
stride: 15, label: ""width""
size: 5
stride: 5]",0,7.0,0.05145572870969772,0.06835994869470596,0.22925937175750732,-0.02069428563117981,6.0,0.01370320562273264,0.06828396022319794,0.23989340662956238,-0.51859450340271,8.0,0.09055547416210175,0.06986997276544571,0.2441316843032837,0.5460423231124878
1692309259.4595077,"[label: ""height""
size: 3
stride: 15, label: ""width""
size: 5
stride: 5]",0,7.0,0.05139021947979927,0.06844127178192139,0.23403117060661316,-0.010967791080474854,6.0,0.01363406702876091,0.06863459944725037,0.2450280487537384,-0.4979788064956665,8.0,0.09009383618831635,0.0699068009853363,0.24812474846839905,0.54458087682724
1692309259.5601072,"[label: ""height""
size: 3
stride: 15, label: ""width""
size: 5
stride: 5]",0,7.0,0.05094032362103462,0.06874813139438629,0.24052788317203522,-0.015277140773832798,6.0,0.013073255307972431,0.06851956993341446,0.2512347102165222,-0.5098193883895874,8.0,0.08987550437450409,0.06988654285669327,0.25506162643432617,0.5437678098678589
1692309259.6573448,"[label: ""height""
size: 3
stride: 15, label: ""width""
size: 5
stride: 5]",0,7.0,0.0505831278860569,0.06874358654022217,0.24647805094718933,-0.017416207119822502,6.0,0.012907878495752811,0.06888879090547562,0.25749874114990234,-0.49613887071609497,8.0,0.08908047527074814,0.07001392543315887,0.2597796320915222,0.5562286376953125
1692309259.7612333,"[label: ""height""
size: 3
stride: 15, label: ""width""
size: 5
stride: 5]",0,7.0,0.05029547959566116,0.06887326389551163,0.2537127733230591,-0.02344830334186554,6.0,0.012313327752053738,0.06840921193361282,0.2625603675842285,-0.5095726251602173,8.0,0.08826769143342972,0.06953349709510803,0.26570332050323486,0.5595546364784241
1692309259.8586369,"[label: ""height""
size: 3
stride: 15, label: ""width""
size: 5
stride: 5]",0,7.0,0.050392940640449524,0.06919562816619873,0.2607710659503937,-0.04158598929643631,8.0,0.08829432725906372,0.06977589428424835,0.2725697457790375,0.5434255599975586,6.0,0.012331402860581875,0.0684768483042717,0.26963260769844055,-0.5252500176429749
1692309259.964414,"[label: ""height""
size: 3
stride: 15, label: ""width""
size: 5
stride: 5]",0,7.0,0.050242431461811066,0.06924212723970413,0.26846858859062195,-0.03405031934380531,8.0,0.08818062394857407,0.06976854056119919,0.2796972692012787,0.5511860251426697,6.0,0.01223399955779314,0.06902783364057541,0.27887704968452454,-0.49895575642585754
1692309260.0534859,"[label: ""height""
size: 3
stride: 15, label: ""width""
size: 5
stride: 5]",0,7.0,0.050030339509248734,0.06902959942817688,0.27399441599845886,-0.04538806527853012,8.0,0.08846872299909592,0.06996031105518341,0.28701502084732056,0.5414182543754578,6.0,0.012444911524653435,0.06896317005157471,0.2857497036457062,-0.4932185113430023
1692309260.154324,"[label: ""height""
size: 3
stride: 15, label: ""width""
size: 5
stride: 5]",0,7.0,0.05048568174242973,0.06907718628644943,0.28251123428344727,0.00422300910577178,8.0,0.08860249072313309,0.0699627548456192,0.29495275020599365,0.5486993789672852,6.0,0.01247493177652359,0.06934202462434769,0.29432204365730286,-0.508086085319519
1692309260.2541354,"[label: ""height""
size: 3
stride: 15, label: ""width""
size: 5
stride: 5]",0,7.0,0.05005094036459923,0.06917264312505722,0.29032251238822937,-0.03997064381837845,8.0,0.0879155769944191,0.06981493532657623,0.3021881878376007,0.5599660873413086,6.0,0.012224135920405388,0.06924908608198166,0.30231374502182007,-0.4999687671661377
1692309260.3542016,"[label: ""height""
size: 3
stride: 15, label: ""width""
size: 5
stride: 5]",0,7.0,0.0504075326025486,0.06894581764936447,0.29794400930404663,-0.023777516558766365,8.0,0.08880145847797394,0.07017000764608383,0.3114476203918457,0.5552759766578674,6.0,0.0126939807087183,0.06913541257381439,0.3101747930049896,-0.4948764145374298
1692309260.4557407,"[label: ""height""
size: 3
stride: 15, label: ""width""
size: 5
stride: 5]",0,7.0,0.05063265189528465,0.06958045065402985,0.3096228539943695,-0.0006665824330411851,6.0,0.012291214428842068,0.0692872554063797,0.31899937987327576,-0.5022047162055969,8.0,0.08939164876937866,0.07087591290473938,0.32385092973709106,0.5437647700309753
1692309260.574551,"[label: ""height""
size: 3
stride: 15, label: ""width""
size: 5
stride: 5]",0,7.0,0.050482962280511856,0.06945636868476868,0.31706807017326355,-0.07099974900484085,8.0,0.08879430592060089,0.0704258382320404,0.3305582106113434,0.5510526895523071,6.0,0.012512557208538055,0.07003219425678253,0.3304264545440674,-0.46176275610923767
1692309260.6951268,"[label: ""height""
size: 3
stride: 15, label: ""width""
size: 5
stride: 5]",0,7.0,0.05055554583668709,0.06943230330944061,0.32624998688697815,0.01013463456183672,8.0,0.0876365527510643,0.06955436617136002,0.33547911047935486,0.5631027221679688,6.0,0.012521456927061081,0.06964490562677383,0.3378849923610687,-0.48679229617118835
1692309260.7650464,"[label: ""height""
size: 3
stride: 15, label: ""width""
size: 5
stride: 5]",0,7.0,0.05048632249236107,0.06927543878555298,0.3338122069835663,-0.0007213156204670668,8.0,0.08918555080890656,0.07054551690816879,0.3491831421852112,0.5500189065933228,6.0,0.012452545575797558,0.06983888894319534,0.34697797894477844,-0.486656129360199
1692309260.8680363,"[label: ""height""
size: 3
stride: 15, label: ""width""
size: 5
stride: 5]",0,7.0,0.050985779613256454,0.06981693208217621,0.34458041191101074,-0.0007400976028293371,8.0,0.08922433108091354,0.07071976363658905,0.35799503326416016,0.5630024075508118,6.0,0.012628619559109211,0.06996365636587143,0.35550281405448914,-0.4907056987285614
1692309260.957846,"[label: ""height""
size: 3
stride: 15, label: ""width""
size: 5
stride: 5]",0,7.0,0.05148129165172577,0.07014229148626328,0.3557370901107788,0.01122052688151598,8.0,0.08871007710695267,0.07006467133760452,0.36374104022979736,0.5643823742866516,6.0,0.013048609718680382,0.07013110816478729,0.3663756549358368,-0.46861568093299866
1692309261.05937,"[label: ""height""
size: 3
stride: 15, label: ""width""
size: 5
stride: 5]",0,7.0,0.05150182545185089,0.07010495662689209,0.3621017038822174,-0.0007763797184452415,8.0,0.08867407590150833,0.07037178426980972,0.3724025785923004,0.5687943696975708,6.0,0.012868714518845081,0.07036227732896805,0.37404531240463257,-0.48462823033332825
1692309261.1722255,"[label: ""height""
size: 3
stride: 15, label: ""width""
size: 5
stride: 5]",0,7.0,0.051354072988033295,0.07009557634592056,0.3722051978111267,-0.26427847146987915,8.0,0.08961886167526245,0.07121050357818604,0.38438764214515686,0.5643665194511414,6.0,0.013172795996069908,0.07054431736469269,0.38236188888549805,-0.4772672951221466
1692309261.259752,"[label: ""height""
size: 3
stride: 15, label: ""width""
size: 5
stride: 5]",0,7.0,0.0521361418068409,0.07065199315547943,0.3821326792240143,-0.029648954048752785,8.0,0.08977197855710983,0.07100101560354233,0.3926890194416046,0.5601375102996826,6.0,0.01334446296095848,0.07074694335460663,0.3911780118942261,-0.45171305537223816
1692309261.3640916,"[label: ""height""
size: 3
stride: 15, label: ""width""
size: 5
stride: 5]",0,7.0,0.05206532031297684,0.07011372596025467,0.3884369134902954,-0.0008353828452527523,8.0,0.08948609232902527,0.07046277821063995,0.39788442850112915,0.5617564916610718,6.0,0.013482937589287758,0.07066886126995087,0.3998931050300598,-0.47038838267326355
1692309261.4595625,"[label: ""height""
size: 3
stride: 15, label: ""width""
size: 5
stride: 5]",0,7.0,0.05159824714064598,0.06939768046140671,0.3918108642101288,0.055464163422584534,8.0,0.08844447135925293,0.06946276128292084,0.40054595470428467,0.5846806168556213,6.0,0.013337473385035992,0.07012634724378586,0.40534499287605286,-0.4829007387161255
1692309261.556345,"[label: ""height""
size: 3
stride: 15, label: ""width""
size: 5
stride: 5]",0,7.0,0.0520486906170845,0.07011855393648148,0.4030948579311371,-0.0008664006018079817,8.0,0.089443139731884,0.07040561735630035,0.412804514169693,0.58372563123703,6.0,0.01358345989137888,0.07028327137231827,0.4120180010795593,-0.4480818510055542
1692309261.6564188,"[label: ""height""
size: 3
stride: 15, label: ""width""
size: 5
stride: 5]",0,7.0,0.05167906731367111,0.07042541354894638,0.40775322914123535,0.04060749337077141,8.0,0.08870777487754822,0.0706554427742958,0.4173148572444916,0.6029487252235413,6.0,0.013275733217597008,0.07096292078495026,0.4178647994995117,-0.438303142786026
1692309261.756459,"[label: ""height""
size: 3
stride: 15, label: ""width""
size: 5
stride: 5]",0,7.0,0.050856154412031174,0.07104821503162384,0.41454192996025085,0.06226789951324463,8.0,0.0870952233672142,0.07078222930431366,0.4210955798625946,0.6249357461929321,6.0,0.01171923615038395,0.07137386500835419,0.42344367504119873,-0.4544563293457031
1692309261.861953,"[label: ""height""
size: 3
stride: 15, label: ""width""
size: 5
stride: 5]",0,7.0,0.048913564532995224,0.07094338536262512,0.41976824402809143,0.05740288645029068,6.0,0.010068269446492195,0.0716022402048111,0.4332379400730133,-0.4192533493041992,8.0,0.0872800424695015,0.07200851291418076,0.43679800629615784,0.6097500324249268
1692309261.955318,"[label: ""height""
size: 3
stride: 15, label: ""width""
size: 5
stride: 5]",0,7.0,0.045885972678661346,0.07011605054140091,0.41939613223075867,-0.27492767572402954,8.0,0.0839918777346611,0.07138215750455856,0.4373784065246582,0.6006506681442261,6.0,0.007826874032616615,0.07199789583683014,0.43669983744621277,-0.4223177433013916
1692309262.0567067,"[label: ""height""
size: 3
stride: 15, label: ""width""
size: 5
stride: 5]",0,7.0,0.042919013649225235,0.07117443531751633,0.4272688031196594,-0.0008273866260424256,6.0,0.004245905205607414,0.0718126893043518,0.43778377771377563,-0.457735538482666,8.0,0.08057291805744171,0.0716286152601242,0.4422386586666107,0.5977541208267212
1692309262.1499228,"[label: ""height""
size: 3
stride: 15, label: ""width""
size: 5
stride: 5]",0,7.0,0.03923582285642624,0.0713106244802475,0.4311861991882324,-0.02127428911626339,6.0,0.0005132460501044989,0.07186660170555115,0.4413428008556366,-0.40547388792037964,8.0,0.07573072612285614,0.07146812975406647,0.4435425400733948,0.6593208312988281
1692309262.2494414,"[label: ""height""
size: 3
stride: 15, label: ""width""
size: 5
stride: 5]",0,7.0,0.035579171031713486,0.07155438512563705,0.4359794855117798,-0.000750487670302391,6.0,-0.003670165315270424,0.07195057719945908,0.445175439119339,-0.4038272202014923,8.0,0.07220844179391861,0.07104206085205078,0.4465010464191437,0.6331637501716614
1692309262.3572443,"[label: ""height""
size: 3
stride: 15, label: ""width""
size: 5
stride: 5]",0,7.0,0.03249787911772728,0.07133414596319199,0.43229398131370544,0.07426059246063232,6.0,-0.006224655080586672,0.07186201959848404,0.44366902112960815,-0.45171356201171875,8.0,0.0690402016043663,0.07171124964952469,0.44609272480010986,0.6539941430091858
1692309262.4622138,"[label: ""height""
size: 3
stride: 15, label: ""width""
size: 5
stride: 5]",0,7.0,0.030765686184167862,0.0721760019659996,0.4409904181957245,0.02274356596171856,6.0,-0.008441104553639889,0.07208110392093658,0.44603946805000305,-0.4385271966457367,8.0,0.0677914246916771,0.07215938717126846,0.45244869589805603,0.6448856592178345
1692309262.5472667,"[label: ""height""
size: 3
stride: 15, label: ""width""
size: 5
stride: 5]",0,7.0,0.0296709556132555,0.07208216190338135,0.4370713531970978,0.1298837959766388,6.0,-0.009275313466787338,0.0736088901758194,0.45209112763404846,-0.4067041575908661,8.0,0.06566580384969711,0.07181118428707123,0.4467540979385376,0.6447502374649048
1692309262.6458704,"[label: ""height""
size: 3
stride: 15, label: ""width""
size: 5
stride: 5]",0,7.0,0.029076242819428444,0.07065682858228683,0.43439778685569763,0.04460454732179642,6.0,-0.0092198820784688,0.07200732827186584,0.4488776624202728,-0.4222380518913269,8.0,0.06696083396673203,0.07213013619184494,0.45565760135650635,0.6250107288360596
1692309262.744596,"[label: ""height""
size: 3
stride: 15, label: ""width""
size: 5
stride: 5]",0,7.0,0.029578737914562225,0.0731155052781105,0.4399191439151764,-0.022487521171569824,6.0,-0.009223232977092266,0.07350753247737885,0.44907045364379883,-0.42134949564933777,8.0,0.06698867678642273,0.07365202158689499,0.4558490812778473,0.62455153465271
1692309262.845948,"[label: ""height""
size: 3
stride: 15, label: ""width""
size: 5
stride: 5]",0,7.0,0.030383892357349396,0.07207589596509933,0.43703097105026245,0.12930928170681,6.0,-0.008348965086042881,0.0713237076997757,0.4402121901512146,-0.46579205989837646,8.0,0.06782791763544083,0.07261892408132553,0.4539549946784973,0.6267880201339722
1692309262.9457505,"[label: ""height""
size: 3
stride: 15, label: ""width""
size: 5
stride: 5]",0,7.0,0.03148694336414337,0.07289674133062363,0.4409773647785187,0.022208578884601593,6.0,-0.007713071070611477,0.07283248007297516,0.4461749494075775,-0.4394676089286804,8.0,0.06911803036928177,0.07373235374689102,0.45637616515159607,0.6043264269828796
1692309263.046064,"[label: ""height""
size: 3
stride: 15, label: ""width""
size: 5
stride: 5]",0,7.0,0.03113613650202751,0.07377033680677414,0.4333294630050659,0.0464547835290432,6.0,-0.007644842378795147,0.07404537498950958,0.44140851497650146,-0.45906862616539,8.0,0.06820223480463028,0.0739869773387909,0.4466201364994049,0.6108638644218445
1692309263.1443515,"[label: ""height""
size: 3
stride: 15, label: ""width""
size: 5
stride: 5]",0,7.0,0.030372504144906998,0.07408417761325836,0.43233761191368103,0.0690879300236702,8.0,0.0674884095788002,0.07473689317703247,0.446736603975296,0.6119133234024048,6.0,-0.008539378643035889,0.07440051436424255,0.4414294958114624,-0.4379553198814392
1692309263.2447243,"[label: ""height""
size: 3
stride: 15, label: ""width""
size: 5
stride: 5]",0,7.0,0.030372504144906998,0.07408417761325836,0.43233761191368103,0.0690879300236702,6.0,-0.008562995120882988,0.07292285561561584,0.43261194229125977,-0.45102351903915405,8.0,0.0673665702342987,0.0739748626947403,0.44109034538269043,0.6244346499443054
1692309263.3416326,"[label: ""height""
size: 3
stride: 15, label: ""width""
size: 5
stride: 5]",0,7.0,0.029616719111800194,0.0739709660410881,0.42725202441215515,-0.0006150886765681207,6.0,-0.009272112511098385,0.07364199310541153,0.4326772689819336,-0.44915884733200073,8.0,0.06783703714609146,0.07561643421649933,0.44542384147644043,0.5989603400230408
1692309263.4471283,"[label: ""height""
size: 3
stride: 15, label: ""width""
size: 5
stride: 5]",0,7.0,0.028788713738322258,0.07476740330457687,0.42488881945610046,0.04393695294857025,6.0,-0.010292952880263329,0.07489923387765884,0.43169334530830383,-0.40519076585769653,8.0,0.06678415834903717,0.0759396180510521,0.4420239329338074,0.6223169565200806
1692309263.5437665,"[label: ""height""
size: 3
stride: 15, label: ""width""
size: 5
stride: 5]",0,6.0,-0.01088001485913992,0.07482889294624329,0.42624396085739136,-0.4319610297679901,7.0,0.02803860232234001,0.07544678449630737,0.41957178711891174,-0.020503591746091843,8.0,0.06629117578268051,0.07642354816198349,0.43754011392593384,0.6181102991104126
1692309263.6466687,"[label: ""height""
size: 3
stride: 15, label: ""width""
size: 5
stride: 5]",0,7.0,0.027131212875247,0.07516276836395264,0.41081634163856506,-0.0005392319872044027,6.0,-0.011933056637644768,0.07542338967323303,0.41994547843933105,-0.43632593750953674,8.0,0.06348547339439392,0.07492877542972565,0.4211392104625702,0.6290798187255859
1692309263.743495,"[label: ""height""
size: 3
stride: 15, label: ""width""
size: 5
stride: 5]",0,7.0,0.02549395151436329,0.07470972090959549,0.40480703115463257,0.11510805785655975,6.0,-0.01339878048747778,0.07432151585817337,0.41193658113479614,-0.42741647362709045,8.0,0.06232428178191185,0.07500368356704712,0.41679251194000244,0.6278074979782104
1692309263.8479364,"[label: ""height""
size: 3
stride: 15, label: ""width""
size: 5
stride: 5]",0,7.0,0.023698190227150917,0.07374180108308792,0.3941707909107208,0.11497489362955093,6.0,-0.015110245905816555,0.074771948158741,0.40796053409576416,-0.4233081340789795,8.0,0.06060825660824776,0.07453209161758423,0.40858232975006104,0.6350667476654053
1692309263.944858,"[label: ""height""
size: 3
stride: 15, label: ""width""
size: 5
stride: 5]",0,7.0,0.022327587008476257,0.07338203489780426,0.38717037439346313,0.11318148672580719,6.0,-0.016406135633587837,0.07444851100444794,0.4027070105075836,-0.42149168252944946,8.0,0.06028982996940613,0.0752202495932579,0.4086926579475403,0.6356030702590942
1692309264.0447662,"[label: ""height""
size: 3
stride: 15, label: ""width""
size: 5
stride: 5]",0,6.0,-0.018504204228520393,0.07401072233915329,0.39079341292381287,-0.43426111340522766,7.0,0.020148828625679016,0.0741656944155693,0.3852417767047882,0.09101791679859161,8.0,0.05832931771874428,0.0755840614438057,0.4043427109718323,0.6217880845069885
1692309264.1435676,"[label: ""height""
size: 3
stride: 15, label: ""width""
size: 5
stride: 5]",0,7.0,0.019563229754567146,0.07391869276762009,0.3808097839355469,0.03611169010400772,6.0,-0.01982523873448372,0.07523459941148758,0.39538511633872986,-0.3883378505706787,8.0,0.05693114921450615,0.07401053607463837,0.3933994472026825,0.6370642185211182
1692309264.2451906,"[label: ""height""
size: 3
stride: 15, label: ""width""
size: 5
stride: 5]",0,7.0,0.017642732709646225,0.07391783595085144,0.37224969267845154,0.08890856802463531,6.0,-0.021725879982113838,0.07507927715778351,0.3855266273021698,-0.41450512409210205,8.0,0.05531467869877815,0.07457912713289261,0.38878461718559265,0.6259970664978027
1692309264.3432672,"[label: ""height""
size: 3
stride: 15, label: ""width""
size: 5
stride: 5]",0,7.0,0.01585766300559044,0.07381188124418259,0.3666175901889801,0.0659194067120552,6.0,-0.023881981149315834,0.07517477124929428,0.3796476125717163,-0.3973134756088257,8.0,0.053001727908849716,0.07407563924789429,0.3789210915565491,0.6530783176422119
1692309264.444519,"[label: ""height""
size: 3
stride: 15, label: ""width""
size: 5
stride: 5]",0,6.0,-0.025741461664438248,0.07236970961093903,0.35951879620552063,-0.40436622500419617,7.0,0.013027707114815712,0.0730966180562973,0.35557177662849426,0.03655286133289337,8.0,0.050052911043167114,0.07352791726589203,0.3707474172115326,0.6536455154418945
1692309264.5439286,"[label: ""height""
size: 3
stride: 15, label: ""width""
size: 5
stride: 5]",0,6.0,-0.02814679965376854,0.0719258263707161,0.3488679528236389,-0.41771629452705383,7.0,0.010745212435722351,0.07336412370204926,0.3502964973449707,0.10931841284036636,8.0,0.047284748405218124,0.07322480529546738,0.36104345321655273,0.6600972414016724
1692309264.6440213,"[label: ""height""
size: 3
stride: 15, label: ""width""
size: 5
stride: 5]",0,7.0,0.009901482611894608,0.07203953713178635,0.3362382650375366,0.1004762053489685,6.0,-0.0288857389241457,0.07146026939153671,0.34051573276519775,-0.42340266704559326,8.0,0.0468473806977272,0.0735313892364502,0.3554013669490814,0.6514882445335388
1692309264.7432666,"[label: ""height""
size: 3
stride: 15, label: ""width""
size: 5
stride: 5]",0,6.0,-0.030678074806928635,0.07192354649305344,0.3357110619544983,-0.40914779901504517,7.0,0.008129378780722618,0.07262495905160904,0.33100923895835876,0.10751740634441376,8.0,0.04533836618065834,0.07375986874103546,0.3481866419315338,0.6273595690727234
1692309264.8457325,"[label: ""height""
size: 3
stride: 15, label: ""width""
size: 5
stride: 5]",0,6.0,-0.03236786648631096,0.07257252186536789,0.3290886878967285,-0.3938930928707123,7.0,0.006490836385637522,0.073305144906044,0.3243386149406433,0.08898921310901642,8.0,0.04365158453583717,0.0741928294301033,0.34043583273887634,0.6414823532104492
1692309264.942873,"[label: ""height""
size: 3
stride: 15, label: ""width""
size: 5
stride: 5]",0,6.0,-0.032794348895549774,0.072402723133564,0.31840211153030396,-0.43363824486732483,7.0,0.0058061410672962666,0.07325369119644165,0.31458786129951477,0.11083006113767624,8.0,0.04280347004532814,0.07410221546888351,0.3283614218235016,0.6436951756477356
1692309265.0456,"[label: ""height""
size: 3
stride: 15, label: ""width""
size: 5
stride: 5]",0,7.0,0.005629947409033775,0.07390624284744263,0.30625054240226746,0.08231974393129349,6.0,-0.03332427144050598,0.07401089370250702,0.313494473695755,-0.4295617938041687,8.0,0.042687829583883286,0.07473741471767426,0.32128816843032837,0.6416410207748413
1692309265.146822,"[label: ""height""
size: 3
stride: 15, label: ""width""
size: 5
stride: 5]",0,7.0,0.00524565763771534,0.07386250048875809,0.29734042286872864,0.09999656677246094,6.0,-0.033932238817214966,0.07425350695848465,0.30611947178840637,-0.42396146059036255,8.0,0.041978299617767334,0.0742514580488205,0.30998560786247253,0.6551051735877991
1692309265.2513158,"[label: ""height""
size: 3
stride: 15, label: ""width""
size: 5
stride: 5]",0,7.0,0.005425495561212301,0.0737575814127922,0.2869540750980377,0.10310779511928558,6.0,-0.03377955034375191,0.07497725635766983,0.2990957200527191,-0.4194694459438324,8.0,0.04241333156824112,0.07514838874340057,0.3039226531982422,0.6318918466567993
1692309265.3501863,"[label: ""height""
size: 3
stride: 15, label: ""width""
size: 5
stride: 5]",0,7.0,0.003823966719210148,0.07430222630500793,0.2820773124694824,0.09289511293172836,6.0,-0.035385165363550186,0.07485055923461914,0.29098913073539734,-0.4187431335449219,8.0,0.040378037840127945,0.07456069439649582,0.294297456741333,0.6459466814994812
1692309265.4526172,"[label: ""height""
size: 3
stride: 15, label: ""width""
size: 5
stride: 5]",0,7.0,0.0032655552495270967,0.0740497037768364,0.27449509501457214,0.08288378268480301,6.0,-0.035589221864938736,0.07438719272613525,0.2828855812549591,-0.43580982089042664,8.0,0.0403873510658741,0.07469985634088516,0.288249671459198,0.6182296872138977
1692309265.5484111,"[label: ""height""
size: 3
stride: 15, label: ""width""
size: 5
stride: 5]",0,7.0,0.001524234306998551,0.07331139594316483,0.2662624418735504,0.07067705690860748,6.0,-0.03750556707382202,0.07416131347417831,0.27729955315589905,-0.4250484108924866,8.0,0.038177426904439926,0.07358253747224808,0.27874282002449036,0.6348920464515686
1692309265.6502883,"[label: ""height""
size: 3
stride: 15, label: ""width""
size: 5
stride: 5]",0,7.0,0.001055357395671308,0.0720164030790329,0.2573358118534088,0.06960541009902954,6.0,-0.037609126418828964,0.07258202135562897,0.26649558544158936,-0.4349913001060486,8.0,0.037986721843481064,0.07334063947200775,0.2731766998767853,0.6088535785675049
1692309265.7489207,"[label: ""height""
size: 3
stride: 15, label: ""width""
size: 5
stride: 5]",0,7.0,0.0003236882039345801,0.0718744620680809,0.24939140677452087,0.07842972129583359,6.0,-0.03834598511457443,0.07319939881563187,0.26097753643989563,-0.43994784355163574,8.0,0.03717637434601784,0.07334892451763153,0.2655744254589081,0.6190016269683838
1692309265.8514717,"[label: ""height""
size: 3
stride: 15, label: ""width""
size: 5
stride: 5]",0,7.0,0.0004027376708108932,0.07219735532999039,0.24499937891960144,0.06293055415153503,6.0,-0.03806459158658981,0.07255222648382187,0.253927618265152,-0.447458952665329,8.0,0.0375806987285614,0.07307374477386475,0.25923120975494385,0.6061767935752869
1692309265.9499345,"[label: ""height""
size: 3
stride: 15, label: ""width""
size: 5
stride: 5]",0,7.0,8.14076847746037e-05,0.07203592360019684,0.23861654102802277,0.046115294098854065,6.0,-0.03841116279363632,0.0724654495716095,0.24793297052383423,-0.45746544003486633,8.0,0.03673461079597473,0.07200080156326294,0.2496180236339569,0.6016223430633545
1692309266.0531342,"[label: ""height""
size: 3
stride: 15, label: ""width""
size: 5
stride: 5]",0,7.0,-0.0002936855598818511,0.0713021382689476,0.23319046199321747,0.05091461166739464,6.0,-0.03849531337618828,0.0715227723121643,0.24128364026546478,-0.462683767080307,8.0,0.03635888919234276,0.07091479748487473,0.2428044080734253,0.6126716136932373
1692309266.1564047,"[label: ""height""
size: 3
stride: 15, label: ""width""
size: 5
stride: 5]",0,7.0,-0.0004477353941183537,0.06905727088451385,0.22591762244701385,0.0638241171836853,6.0,-0.038845814764499664,0.06995595246553421,0.2360573559999466,-0.4719361364841461,8.0,0.03637853264808655,0.06978949159383774,0.23958975076675415,0.6008504033088684
1692309267.756029,"[label: ""height""
size: 3
stride: 15, label: ""width""
size: 5
stride: 5]",0,7.0,0.009198362939059734,0.06697235256433487,0.21909542381763458,0.016825327649712563,8.0,0.0464763268828392,0.06753865629434586,0.23117008805274963,0.5831958651542664,6.0,-0.028846025466918945,0.06692846864461899,0.22839389741420746,-0.49222469329833984
1692309267.8552024,"[label: ""height""
size: 3
stride: 15, label: ""width""
size: 5
stride: 5]",0,7.0,0.008586195297539234,0.06740036606788635,0.22522413730621338,0.05676010623574257,6.0,-0.029687201604247093,0.06737518310546875,0.2338111400604248,-0.47522735595703125,8.0,0.04576786607503891,0.06804431974887848,0.23692812025547028,0.5874366164207458
1692309267.950886,"[label: ""height""
size: 3
stride: 15, label: ""width""
size: 5
stride: 5]",0,7.0,0.007480861619114876,0.06740681827068329,0.22939205169677734,0.027018049731850624,6.0,-0.030708232894539833,0.06715227663516998,0.23740342259407043,-0.4715386927127838,8.0,0.044451527297496796,0.06757132709026337,0.24035561084747314,0.5943077802658081
1692309268.0724425,"[label: ""height""
size: 3
stride: 15, label: ""width""
size: 5
stride: 5]",0,7.0,0.006671165581792593,0.06727391481399536,0.23488329350948334,0.08218640089035034,6.0,-0.031496282666921616,0.06733175367116928,0.24369214475154877,-0.4710765779018402,8.0,0.04382928088307381,0.0678766593337059,0.2475583255290985,0.5941321849822998
1692309268.1518657,"[label: ""height""
size: 3
stride: 15, label: ""width""
size: 5
stride: 5]",0,7.0,0.006015454884618521,0.0673646479845047,0.24046649038791656,0.06511373817920685,6.0,-0.03234834596514702,0.06747961044311523,0.2489132583141327,-0.46091899275779724,8.0,0.0430275984108448,0.06796351820230484,0.25311169028282166,0.5847103595733643
1692309268.256522,"[label: ""height""
size: 3
stride: 15, label: ""width""
size: 5
stride: 5]",0,7.0,0.004940696991980076,0.0672735944390297,0.24646136164665222,0.05775074660778046,6.0,-0.033408328890800476,0.06762713938951492,0.2556397318840027,-0.4626463055610657,8.0,0.041976604610681534,0.06789849698543549,0.25954362750053406,0.600212812423706
1692309268.360161,"[label: ""height""
size: 3
stride: 15, label: ""width""
size: 5
stride: 5]",0,7.0,0.004754644352942705,0.06754124164581299,0.25359275937080383,0.04665377736091614,6.0,-0.03355320915579796,0.06790252774953842,0.2627234160900116,-0.4562515914440155,8.0,0.041666653007268906,0.0677233412861824,0.2651200294494629,0.6075361371040344
1692309268.4697487,"[label: ""height""
size: 3
stride: 15, label: ""width""
size: 5
stride: 5]",0,7.0,0.004158278927206993,0.06767956912517548,0.26088395714759827,0.06220446527004242,6.0,-0.03425714001059532,0.06769698858261108,0.26832327246665955,-0.46806856989860535,8.0,0.041186220943927765,0.06851136684417725,0.2752126157283783,0.5921991467475891
1692309268.5597959,"[label: ""height""
size: 3
stride: 15, label: ""width""
size: 5
stride: 5]",0,6.0,-0.03544221073389053,0.06798297166824341,0.2761169373989105,-0.44859185814857483,8.0,0.04022672772407532,0.0693267285823822,0.2845515310764313,0.6003437638282776,7.0,0.0030938840936869383,0.0683368444442749,0.2692989110946655,0.07955898344516754
1692309268.6765032,"[label: ""height""
size: 3
stride: 15, label: ""width""
size: 5
stride: 5]",0,7.0,0.0018164134817197919,0.06830070167779922,0.2762920558452606,0.08400556445121765,6.0,-0.03707752004265785,0.06876730173826218,0.2854493260383606,-0.4431038498878479,8.0,0.03864998742938042,0.06915776431560516,0.29122820496559143,0.6110983490943909
1692309268.7560418,"[label: ""height""
size: 3
stride: 15, label: ""width""
size: 5
stride: 5]",0,7.0,0.0013596679782494903,0.06881469488143921,0.28442034125328064,0.0476129949092865,6.0,-0.03739824518561363,0.06907734274864197,0.2937244176864624,-0.42519333958625793,8.0,0.03817657381296158,0.06931117922067642,0.2979377508163452,0.6003725528717041
1692309268.8670332,"[label: ""height""
size: 3
stride: 15, label: ""width""
size: 5
stride: 5]",0,7.0,0.0009598133619874716,0.06866823881864548,0.2912845313549042,0.09283290803432465,6.0,-0.03788795694708824,0.06923709064722061,0.30059051513671875,-0.42793333530426025,8.0,0.037839774042367935,0.0697176456451416,0.3072744905948639,0.612168550491333
1692309268.9451036,"[label: ""height""
size: 3
stride: 15, label: ""width""
size: 5
stride: 5]",0,7.0,0.0009433320956304669,0.06923332810401917,0.30038362741470337,0.052650611847639084,6.0,-0.037482667714357376,0.06855680048465729,0.3052642345428467,-0.4585748016834259,8.0,0.0380568690598011,0.07005217671394348,0.315522700548172,0.6067169308662415
1692309269.057472,"[label: ""height""
size: 3
stride: 15, label: ""width""
size: 5
stride: 5]",0,7.0,0.000734696863219142,0.06878475844860077,0.30425360798835754,0.08267304301261902,6.0,-0.03785458952188492,0.0694216936826706,0.3148624897003174,-0.4391882121562958,8.0,0.037759728729724884,0.07041138410568237,0.32425934076309204,0.6019451022148132
1692309269.178019,"[label: ""height""
size: 3
stride: 15, label: ""width""
size: 5
stride: 5]",0,7.0,0.0003574569127522409,0.06963770091533661,0.3162402808666229,0.07101311534643173,6.0,-0.038316093385219574,0.06993573904037476,0.32441988587379456,-0.43479281663894653,8.0,0.03706637769937515,0.06963159143924713,0.327519953250885,0.6393837332725525
1692309269.2483172,"[label: ""height""
size: 3
stride: 15, label: ""width""
size: 5
stride: 5]",0,7.0,-0.0001563854020787403,0.0693148672580719,0.3198810815811157,0.07931894809007645,6.0,-0.03906559944152832,0.07008566707372665,0.3320246636867523,-0.4404314160346985,8.0,0.036587104201316833,0.0698404461145401,0.3355957567691803,0.6388036608695984
1692309269.355245,"[label: ""height""
size: 3
stride: 15, label: ""width""
size: 5
stride: 5]",0,7.0,-0.0005932680214755237,0.06955830007791519,0.32841548323631287,0.051783885806798935,6.0,-0.03900393471121788,0.06985776871442795,0.3375094532966614,-0.4308133125305176,8.0,0.03596991300582886,0.06943099945783615,0.34027498960494995,0.6267155408859253
1692309269.5682905,"[label: ""height""
size: 4
stride: 20, label: ""width""
size: 5
stride: 5]",0,7.0,-0.0006019101710990071,0.07022803276777267,0.3383590281009674,0.06537891179323196,6.0,-0.03945506364107132,0.07017627358436584,0.34516268968582153,-0.4416472613811493,8.0,0.03618066385388374,0.07041138410568237,0.3506526052951813,0.6195108890533447,0.0,-0.26057344675064087,0.09338779002428055,1.290947675704956,0.020263828337192535
1692309269.6631675,"[label: ""height""
size: 4
stride: 20, label: ""width""
size: 5
stride: 5]",0,7.0,-0.0008931559859775007,0.0699467658996582,0.3437851369380951,0.0675542801618576,6.0,-0.0397847481071949,0.0705033391714096,0.3531346023082733,-0.46645671129226685,8.0,0.03623650595545769,0.07066202163696289,0.3599599003791809,0.6162391901016235,0.0,-0.2706582546234131,0.09559296816587448,1.335490107536316,0.0014926575822755694
1692309269.7096772,"[label: ""height""
size: 4
stride: 20, label: ""width""
size: 5
stride: 5]",0,7.0,-4.933267700835131e-05,0.06964314728975296,0.34931787848472595,0.06939716637134552,6.0,-0.038972124457359314,0.07065276056528091,0.3620002269744873,-0.4298557937145233,8.0,0.03693467006087303,0.07010786235332489,0.3639945089817047,0.6275748610496521,0.0,-0.26242735981941223,0.0921182706952095,1.2947429418563843,-0.11751419305801392
1692309269.7702594,"[label: ""height""
size: 4
stride: 20, label: ""width""
size: 5
stride: 5]",0,7.0,0.0006389617337845266,0.0688571035861969,0.3524512052536011,0.03188617527484894,6.0,-0.03856286406517029,0.07018410414457321,0.3665774166584015,-0.44256654381752014,8.0,0.03748202323913574,0.0696716457605362,0.36953142285346985,0.6105614304542542,0.0,-0.2728469669818878,0.09340574592351913,1.3354928493499756,0.00149089889600873
1692309269.8727446,"[label: ""height""
size: 4
stride: 20, label: ""width""
size: 5
stride: 5]",0,7.0,0.002312985947355628,0.0695917010307312,0.3609081506729126,0.07248125225305557,6.0,-0.03648782894015312,0.06977254152297974,0.3699893355369568,-0.4337213933467865,8.0,0.03911841660737991,0.0699714943766594,0.3736213445663452,0.6476724147796631,0.0,-0.2728469669818878,0.09340574592351913,1.3354928493499756,0.00149089889600873
1692309269.9730997,"[label: ""height""
size: 4
stride: 20, label: ""width""
size: 5
stride: 5]",0,7.0,0.00455273175612092,0.07019730657339096,0.36555805802345276,0.0307783093303442,6.0,-0.03457631543278694,0.07056480646133423,0.37577009201049805,-0.412230521440506,8.0,0.04189661517739296,0.071817547082901,0.3868294656276703,0.6198098063468933,0.0,-0.2706586420536041,0.09340569376945496,1.3354921340942383,0.001500245532952249
1692309270.0643249,"[label: ""height""
size: 4
stride: 20, label: ""width""
size: 5
stride: 5]",0,7.0,0.007894120179116726,0.07118295133113861,0.3733246326446533,0.07325656712055206,6.0,-0.03132164105772972,0.07163776457309723,0.3832038938999176,-0.4036446511745453,8.0,0.044791530817747116,0.07165034115314484,0.38586270809173584,0.6025201678276062,0.0,-0.2660253643989563,0.0956580638885498,1.336824655532837,-0.1154184341430664
1692309270.1620076,"[label: ""height""
size: 5
stride: 25, label: ""width""
size: 5
stride: 5]",0,7.0,0.010292462073266506,0.07129331678152084,0.37875744700431824,0.021202191710472107,6.0,-0.029005303978919983,0.07196904718875885,0.3900969922542572,-0.41480904817581177,8.0,0.04696602374315262,0.07054941356182098,0.38683053851127625,0.635259747505188,1.0,-0.22370269894599915,0.09447292238473892,1.335455060005188,-0.6499452590942383,0.0,-0.2619049549102783,0.09559274464845657,1.335486888885498,0.0015303337713703513
1692309270.266619,"[label: ""height""
size: 5
stride: 25, label: ""width""
size: 5
stride: 5]",0,7.0,0.012065202929079533,0.07101412862539291,0.37953856587409973,0.07275311648845673,6.0,-0.026697736233472824,0.07140180468559265,0.38870128989219666,-0.46314123272895813,8.0,0.04881804436445236,0.0710369274020195,0.3903246521949768,0.6082499623298645,0.0,-0.261869877576828,0.09618771821260452,1.3523716926574707,0.0828382596373558,1.0,-0.22876474261283875,0.09823807328939438,1.3805361986160278,0.9573416709899902
1692309270.3703098,"[label: ""height""
size: 5
stride: 25, label: ""width""
size: 5
stride: 5]",0,7.0,0.014045818708837032,0.07121741026639938,0.38317251205444336,-0.15042245388031006,8.0,0.05182326212525368,0.07288412004709244,0.4013770520687103,0.6018686890602112,6.0,-0.024448633193969727,0.07138152420520782,0.39113783836364746,-0.44035330414772034,1.0,-0.2265022248029709,0.0982377901673317,1.380531907081604,0.955498456954956,0.0,-0.25259819626808167,0.0940995141863823,1.315446138381958,-0.06576664745807648
1692309270.4794412,"[label: ""height""
size: 4
stride: 20, label: ""width""
size: 5
stride: 5]",0,7.0,0.015191806480288506,0.07029992341995239,0.38045939803123474,0.048567790538072586,6.0,-0.02316666767001152,0.07155860215425491,0.3966312110424042,-0.45530399680137634,8.0,0.052595727145671844,0.07132017612457275,0.39721888303756714,0.6100707650184631,0.0,-0.2586039900779724,0.09631127864122391,1.3528989553451538,0.2926172912120819
1692309270.5653622,"[label: ""height""
size: 5
stride: 25, label: ""width""
size: 5
stride: 5]",0,7.0,0.015787001699209213,0.07201603800058365,0.38840070366859436,-0.0003427767660468817,6.0,-0.02305152453482151,0.07273881882429123,0.40049880743026733,-0.44007131457328796,8.0,0.05351103097200394,0.07291948795318604,0.4042452573776245,0.5907071232795715,1.0,-0.222127765417099,0.09584121406078339,1.3391482830047607,-0.6565379500389099,0.0,-0.26330506801605225,0.09741681069135666,1.3540420532226562,0.08930962532758713
1692309270.6667998,"[label: ""height""
size: 5
stride: 25, label: ""width""
size: 5
stride: 5]",0,7.0,0.015786917880177498,0.0715213194489479,0.38810527324676514,0.014597694389522076,6.0,-0.022856445983052254,0.0719582661986351,0.39975789189338684,-0.4624423384666443,8.0,0.053442295640707016,0.07292882353067398,0.4062331020832062,0.6133710145950317,0.0,-0.2619049549102783,0.09559274464845657,1.335486888885498,0.0015303337713703513,1.0,-0.2310272753238678,0.09823835641145706,1.3805406093597412,0.9591863751411438
1692309270.7733312,"[label: ""height""
size: 5
stride: 25, label: ""width""
size: 5
stride: 5]",0,7.0,0.015793753787875175,0.07119094580411911,0.3887898623943329,-0.011853160336613655,6.0,-0.022658925503492355,0.07191861420869827,0.4022054076194763,-0.45170408487319946,8.0,0.05282877758145332,0.07158803939819336,0.40149709582328796,0.6268700957298279,1.0,-0.2288162261247635,0.09455931186676025,1.3365623950958252,-0.6869475245475769,0.0,-0.27389979362487793,0.09796102344989777,1.3765071630477905,-0.014295782893896103
1692309270.8712647,"[label: ""height""
size: 4
stride: 20, label: ""width""
size: 5
stride: 5]",0,7.0,0.015380323864519596,0.07208102196455002,0.39213043451309204,-0.10123666375875473,6.0,-0.023124992847442627,0.0724654570221901,0.4015527367591858,-0.4719814658164978,8.0,0.05258094519376755,0.07299468666315079,0.40469568967819214,0.6194316148757935,0.0,-0.27479028701782227,0.09755836427211761,1.3559850454330444,0.09526371210813522
1692309270.9851182,"[label: ""height""
size: 5
stride: 25, label: ""width""
size: 5
stride: 5]",0,7.0,0.016076039522886276,0.07151339203119278,0.38993167877197266,0.08613850176334381,8.0,0.05376936495304108,0.07322363555431366,0.4087572693824768,0.607787013053894,6.0,-0.022597678005695343,0.07256107777357101,0.4040147364139557,-0.46298447251319885,1.0,-0.24469420313835144,0.09805749356746674,1.3779089450836182,0.9274401664733887,0.0,-0.2750348746776581,0.09559307247400284,1.3354915380477905,0.001474364078603685
1692309271.0911784,"[label: ""height""
size: 5
stride: 25, label: ""width""
size: 5
stride: 5]",0,7.0,0.01643080823123455,0.07246473431587219,0.38879480957984924,-0.012075056321918964,6.0,-0.02201199345290661,0.07327357679605484,0.4024235010147095,-0.4522389769554138,8.0,0.054546378552913666,0.07446493953466415,0.4108816981315613,0.5864042639732361,1.0,-0.2418934851884842,0.09804262965917587,1.3392581939697266,-0.6444442272186279,0.0,-0.2840528190135956,0.0999131128191948,1.3577865362167358,0.10122303664684296
1692309271.1897132,"[label: ""height""
size: 5
stride: 25, label: ""width""
size: 5
stride: 5]",0,7.0,0.018342820927500725,0.07183614373207092,0.3888392448425293,-0.01356336660683155,8.0,0.05550290271639824,0.07210224121809006,0.4006393849849701,0.6096636056900024,6.0,-0.020037148147821426,0.07261646538972855,0.40243595838546753,-0.45660072565078735,1.0,-0.23407647013664246,0.0933699756860733,1.2972356081008911,1.0310503244400024,0.0,-0.27553591132164,0.09528638422489166,1.31691312789917,-0.04944296553730965
1692309271.289459,"[label: ""height""
size: 4
stride: 20, label: ""width""
size: 5
stride: 5]",0,7.0,0.020234717056155205,0.07278591394424438,0.38806939125061035,0.012541360221803188,8.0,0.05810534954071045,0.07427038997411728,0.406291663646698,0.603632926940918,6.0,-0.018295299261808395,0.07333933562040329,0.40017423033714294,-0.4710069000720978,0.0,-0.28495851159095764,0.1009516492486,1.3568180799484253,0.09901414066553116
1692309271.3863175,"[label: ""height""
size: 5
stride: 25, label: ""width""
size: 5
stride: 5]",0,7.0,0.024083301424980164,0.07361969351768494,0.38918113708496094,-0.031992655247449875,6.0,-0.01431093830615282,0.07369361817836761,0.3984573781490326,-0.48832911252975464,1.0,-0.24488483369350433,0.1039140373468399,1.3809113502502441,-0.6153335571289062,0.0,-0.27948492765426636,0.10209264606237411,1.3572102785110474,0.10051792860031128,8.0,0.06224482133984566,0.0750456377863884,0.4050535559654236,0.6257373690605164
1692309271.4829817,"[label: ""height""
size: 5
stride: 25, label: ""width""
size: 5
stride: 5]",0,7.0,0.027982279658317566,0.07234295457601547,0.3824728727340698,0.07498013228178024,6.0,-0.01015548873692751,0.07292482256889343,0.3951928913593292,-0.4918856918811798,1.0,-0.2357187122106552,0.10259431600570679,1.37822687625885,0.9195149540901184,0.0,-0.26628074049949646,0.09996736794710159,1.335484266281128,0.0014952045166864991,8.0,0.0664488822221756,0.07427505403757095,0.404426246881485,0.5918474197387695
1692309271.5681956,"[label: ""height""
size: 3
stride: 15, label: ""width""
size: 5
stride: 5]",0,7.0,0.032471492886543274,0.07475345581769943,0.3846166431903839,-0.02403334155678749,8.0,0.07014494389295578,0.0752195194363594,0.39718401432037354,0.5742565393447876,6.0,-0.00579681945964694,0.07508842647075653,0.3964315354824066,-0.4781932532787323
1692309271.6595824,"[label: ""height""
size: 4
stride: 20, label: ""width""
size: 5
stride: 5]",0,6.0,-0.0015602021012455225,0.07357899844646454,0.38570359349250793,-0.50025475025177,0.0,-0.2618475556373596,0.10846643894910812,1.3814544677734375,0.1252715140581131,7.0,0.03752690553665161,0.07627424597740173,0.38974979519844055,-0.03470291569828987,8.0,0.07574049383401871,0.07611849159002304,0.3992856740951538,0.5592266321182251
1692309271.760055,"[label: ""height""
size: 5
stride: 25, label: ""width""
size: 5
stride: 5]",0,7.0,0.04116571322083473,0.07500491291284561,0.38093629479408264,-0.06959941983222961,6.0,0.002563453046604991,0.0750831887125969,0.38795459270477295,-0.5007173418998718,1.0,-0.2090904861688614,0.1068713366985321,1.339961051940918,-0.6636713743209839,0.0,-0.23878151178359985,0.10445012152194977,1.2900913953781128,-0.2187345176935196,8.0,0.07968693226575851,0.07582738995552063,0.39448386430740356,0.5880233645439148
1692309271.8603969,"[label: ""height""
size: 5
stride: 25, label: ""width""
size: 5
stride: 5]",0,7.0,0.04581140726804733,0.07574838399887085,0.373759001493454,-0.0008443663828074932,8.0,0.08361493051052094,0.07619097083806992,0.38647767901420593,0.5602978467941284,6.0,0.007376828230917454,0.0755448043346405,0.38231247663497925,-0.482602596282959,1.0,-0.20742955803871155,0.1141490638256073,1.3815557956695557,0.8444473743438721,0.0,-0.22816510498523712,0.10547611862421036,1.2756134271621704,0.21857202053070068
1692309271.9731064,"[label: ""height""
size: 5
stride: 25, label: ""width""
size: 5
stride: 5]",0,7.0,0.04906967282295227,0.07523395121097565,0.3683387041091919,-0.000708750740159303,8.0,0.08659695088863373,0.07585553824901581,0.3800702393054962,0.5684709548950195,6.0,0.011141328141093254,0.07624174654483795,0.38268935680389404,-0.4908512532711029,1.0,-0.19762128591537476,0.1098787933588028,1.3366332054138184,-0.6638363003730774,0.0,-0.23564185202121735,0.11090219765901566,1.3354573249816895,0.0015747229335829616
1692309272.0692303,"[label: ""height""
size: 5
stride: 25, label: ""width""
size: 5
stride: 5]",0,7.0,0.051451414823532104,0.07600810378789902,0.3649442493915558,-0.008027461357414722,8.0,0.09029170125722885,0.07719901204109192,0.3805803954601288,0.5480120182037354,6.0,0.01324845477938652,0.07630310952663422,0.37591230869293213,-0.4757693111896515,1.0,-0.19645801186561584,0.11202836781740189,1.3361910581588745,-0.5772708654403687,0.0,-0.22382093966007233,0.10798375308513641,1.2745559215545654,0.12763242423534393
1692309272.1723273,"[label: ""height""
size: 4
stride: 20, label: ""width""
size: 5
stride: 5]",0,7.0,0.05406201630830765,0.07496347278356552,0.3591143488883972,0.050258517265319824,6.0,0.016092155128717422,0.07561327517032623,0.37110647559165955,-0.5104469656944275,0.0,-0.22112694382667542,0.10611756145954132,1.271256923675537,0.26093289256095886,8.0,0.0924852043390274,0.07598251849412918,0.3730278015136719,0.5599920749664307
1692309272.2999609,"[label: ""height""
size: 4
stride: 20, label: ""width""
size: 5
stride: 5]",0,7.0,0.05521053075790405,0.07363349199295044,0.3547217547893524,-0.04294820502400398,8.0,0.09335104376077652,0.07452236860990524,0.36738452315330505,0.5584655404090881,6.0,0.017566412687301636,0.07477758079767227,0.3699139356613159,-0.48221126198768616,0.0,-0.228607177734375,0.10489446669816971,1.2954245805740356,-0.1260964721441269
1692309272.3643818,"[label: ""height""
size: 4
stride: 20, label: ""width""
size: 5
stride: 5]",0,8.0,0.09557119756937027,0.07505930960178375,0.3655264973640442,0.5351541638374329,6.0,0.018699970096349716,0.07479601353406906,0.36566656827926636,-0.4896562695503235,0.0,-0.2307368367910385,0.10489793121814728,1.2954657077789307,-0.12531374394893646,7.0,0.05731246620416641,0.07472803443670273,0.3550243079662323,-0.021510209888219833
1692309272.463208,"[label: ""height""
size: 5
stride: 25, label: ""width""
size: 5
stride: 5]",0,7.0,0.0558948814868927,0.07443375140428543,0.34792810678482056,-0.005080201663076878,8.0,0.09417153149843216,0.07524210959672928,0.3607051968574524,0.5369247794151306,6.0,0.017380978912115097,0.07429513335227966,0.35741859674453735,-0.4954208731651306,0.0,-0.23482315242290497,0.10362161695957184,1.260342001914978,-0.1968729943037033,1.0,-0.20447340607643127,0.10619491338729858,1.2981966733932495,1.0042357444763184
1692309272.572684,"[label: ""height""
size: 4
stride: 20, label: ""width""
size: 5
stride: 5]",0,7.0,0.054646652191877365,0.07376881688833237,0.34128740429878235,-0.05143488198518753,8.0,0.09296261519193649,0.07438289374113083,0.3537953197956085,0.5545556545257568,6.0,0.01654365286231041,0.07388461381196976,0.35218608379364014,-0.4876132905483246,0.0,-0.246713325381279,0.10334105789661407,1.2766239643096924,-0.060581568628549576
1692309272.6744406,"[label: ""height""
size: 5
stride: 25, label: ""width""
size: 5
stride: 5]",0,7.0,0.052957694977521896,0.07233002036809921,0.33590182662010193,-0.05100378021597862,6.0,0.01495728176087141,0.07230805605649948,0.34598755836486816,-0.5007750988006592,8.0,0.09093523025512695,0.07281132787466049,0.3476565182209015,0.5608264207839966,1.0,-0.22002404928207397,0.09826641529798508,1.2580610513687134,-0.6183014512062073,0.0,-0.25788402557373047,0.09941425174474716,1.2596118450164795,-0.10401595383882523
1692309272.786144,"[label: ""height""
size: 3
stride: 15, label: ""width""
size: 5
stride: 5]",0,7.0,0.050699733197689056,0.07231299579143524,0.33001843094825745,-0.02637915499508381,8.0,0.08792126178741455,0.0725206509232521,0.340340256690979,0.5622319579124451,6.0,0.012556968256831169,0.07252028584480286,0.34224632382392883,-0.47888195514678955
1692309272.8924248,"[label: ""height""
size: 5
stride: 25, label: ""width""
size: 5
stride: 5]",0,7.0,0.04928087815642357,0.07258041948080063,0.32676854729652405,-0.006944625172764063,8.0,0.08647757768630981,0.07301906496286392,0.3363056182861328,0.584097146987915,6.0,0.010795773938298225,0.07249006628990173,0.3355371356010437,-0.4596187472343445,0.0,-0.2846071422100067,0.09830206632614136,1.2458646297454834,0.14450976252555847,1.0,-0.24890194833278656,0.09827565401792526,1.2581735849380493,-0.6004258990287781
1692309272.9920332,"[label: ""height""
size: 4
stride: 20, label: ""width""
size: 5
stride: 5]",0,7.0,0.04744140803813934,0.07217873632907867,0.31886085867881775,-0.0006384484586305916,8.0,0.08445589989423752,0.07283926755189896,0.33049121499061584,0.6010029911994934,6.0,0.00927780196070671,0.07277264446020126,0.330591082572937,-0.45021381974220276,0.0,-0.31209930777549744,0.1070130318403244,1.3143912553787231,0.4369499981403351
1692309273.085531,"[label: ""height""
size: 5
stride: 25, label: ""width""
size: 5
stride: 5]",0,7.0,0.0464862585067749,0.07188904285430908,0.31417107582092285,-0.0006265940028242767,8.0,0.08515369147062302,0.07340385764837265,0.3305937349796295,0.5690538287162781,6.0,0.008401495404541492,0.07170475274324417,0.3240303099155426,-0.4748672842979431,0.0,-0.3060404658317566,0.1006837785243988,1.2500437498092651,0.1572783887386322,1.0,-0.26956960558891296,0.1003568097949028,1.258428931236267,-0.5877350568771362
1692309273.1599264,"[label: ""height""
size: 4
stride: 20, label: ""width""
size: 5
stride: 5]",0,7.0,0.04631111025810242,0.07176560908555984,0.3076015114784241,0.040815018117427826,8.0,0.0839860737323761,0.07303787767887115,0.32239922881126404,0.5805404782295227,6.0,0.008170870132744312,0.07262439280748367,0.3199368715286255,-0.44761690497398376,0.0,-0.3036952614784241,0.09971719235181808,1.2065584659576416,0.6206638216972351
1692309273.2650173,"[label: ""height""
size: 5
stride: 25, label: ""width""
size: 5
stride: 5]",0,7.0,0.04669225215911865,0.07274170964956284,0.3048118054866791,-0.03263908997178078,8.0,0.08409393578767776,0.07317715138196945,0.3167862594127655,0.5915976166725159,6.0,0.008414939045906067,0.07202818989753723,0.3110657036304474,-0.47598037123680115,1.0,-0.2859858274459839,0.10425439476966858,1.2558380365371704,-0.5392784476280212,0.0,-0.3150270879268646,0.1018562838435173,1.2155526876449585,0.12130774557590485
1692309273.3611438,"[label: ""height""
size: 5
stride: 25, label: ""width""
size: 5
stride: 5]",0,7.0,0.0475710891187191,0.07193876057863235,0.29741570353507996,0.029725782573223114,8.0,0.08474959433078766,0.07298246026039124,0.3115212619304657,0.6015658378601074,6.0,0.00919344648718834,0.07187792658805847,0.30718353390693665,-0.453948050737381,1.0,-0.2943727672100067,0.10243987292051315,1.2586960792541504,-0.5729775428771973,0.0,-0.3129310607910156,0.09707193821668625,1.1811811923980713,-0.011742587201297283
1692309273.4685435,"[label: ""height""
size: 4
stride: 20, label: ""width""
size: 5
stride: 5]",0,7.0,0.04862755537033081,0.07209231704473495,0.29518020153045654,-0.006078148260712624,6.0,0.0098795834928751,0.07141734659671783,0.30154335498809814,-0.4450688064098358,0.0,-0.32100826501846313,0.0986090749502182,1.187971591949463,0.1632186472415924,8.0,0.08562121540307999,0.07264174520969391,0.3068377673625946,0.6000428795814514
1692309273.5975606,"[label: ""height""
size: 4
stride: 20, label: ""width""
size: 5
stride: 5]",0,7.0,0.04866018146276474,0.07127779722213745,0.28735125064849854,0.01989162154495716,8.0,0.08597588539123535,0.07200617343187332,0.30056044459342957,0.603945791721344,6.0,0.010368164628744125,0.07123628258705139,0.2951948642730713,-0.46244093775749207,0.0,-0.32620471715927124,0.09886056184768677,1.1856073141098022,0.13008174300193787
1692309273.692466,"[label: ""height""
size: 4
stride: 20, label: ""width""
size: 5
stride: 5]",0,7.0,0.04911882430315018,0.07208233326673508,0.2831180989742279,0.03408399224281311,8.0,0.08531185239553452,0.07203883677721024,0.29272252321243286,0.6125439405441284,6.0,0.01076927687972784,0.07150827348232269,0.2899722158908844,-0.453261137008667,0.0,-0.3332214951515198,0.10266906768083572,1.1898773908615112,0.16106562316417694
1692309273.7610912,"[label: ""height""
size: 5
stride: 25, label: ""width""
size: 5
stride: 5]",0,8.0,0.08558022975921631,0.07252578437328339,0.2903604209423065,0.617192804813385,6.0,0.010397152043879032,0.07180127501487732,0.28642457723617554,-0.4467654228210449,0.0,-0.3288337290287018,0.09753282368183136,1.146121859550476,0.6607146859169006,1.0,-0.3045971989631653,0.1008959412574768,1.1917424201965332,-0.6477460861206055,7.0,0.04931313544511795,0.07277245074510574,0.2814251482486725,0.058889806270599365
1692309273.864454,"[label: ""height""
size: 5
stride: 25, label: ""width""
size: 5
stride: 5]",0,7.0,0.0487397164106369,0.07169768959283829,0.2743464410305023,0.049937743693590164,6.0,0.010003297589719296,0.07086829096078873,0.2794616222381592,-0.4553943872451782,8.0,0.08570440858602524,0.07242193073034286,0.28716591000556946,0.6149893403053284,1.0,-0.30139607191085815,0.0985131561756134,1.1579526662826538,1.1070634126663208,0.0,-0.33768701553344727,0.09889835119247437,1.1517584323883057,-0.00956624373793602
1692309273.9672277,"[label: ""height""
size: 5
stride: 25, label: ""width""
size: 5
stride: 5]",0,7.0,0.04923773184418678,0.0723690390586853,0.2704089879989624,0.029141616076231003,6.0,0.01069729309529066,0.07169920206069946,0.2765209376811981,-0.43306654691696167,8.0,0.0865219235420227,0.07358358800411224,0.2848074436187744,0.609143853187561,0.0,-0.34262388944625854,0.10282678157091141,1.1529849767684937,0.5749514698982239,1.0,-0.3071894347667694,0.10233926773071289,1.1583369970321655,1.1119266748428345
1692309274.0770109,"[label: ""height""
size: 5
stride: 25, label: ""width""
size: 5
stride: 5]",0,7.0,0.04973943904042244,0.07240433990955353,0.265835165977478,0.05316724255681038,6.0,0.011043579317629337,0.07269707322120667,0.27439630031585693,-0.452181339263916,8.0,0.08667165786027908,0.07339177280664444,0.27923107147216797,0.6201890110969543,1.0,-0.3128887712955475,0.10234114527702332,1.1583595275878906,1.1174863576889038,0.0,-0.35249415040016174,0.10430306196212769,1.1649959087371826,0.163798525929451
1692309274.1672764,"[label: ""height""
size: 5
stride: 25, label: ""width""
size: 5
stride: 5]",0,7.0,0.049919046461582184,0.07250503450632095,0.2622036039829254,0.05127135291695595,6.0,0.01122026052325964,0.07184150815010071,0.26823103427886963,-0.44448569416999817,8.0,0.08632142841815948,0.07281208038330078,0.2740815579891205,0.6236992478370667,1.0,-0.32803207635879517,0.10561739653348923,1.1900049448013306,-0.5210760235786438,0.0,-0.35676297545433044,0.10415112972259521,1.157427430152893,0.4859984219074249
1692309274.2612805,"[label: ""height""
size: 4
stride: 20, label: ""width""
size: 5
stride: 5]",0,7.0,0.05019073560833931,0.07239792495965958,0.2579483687877655,0.0713115781545639,8.0,0.08734501898288727,0.07358087599277496,0.27236229181289673,0.6241180300712585,6.0,0.011776067316532135,0.0724305808544159,0.265910267829895,-0.4340136647224426,0.0,-0.3549954891204834,0.10390348732471466,1.128900170326233,0.12197164446115494
1692309274.35435,"[label: ""height""
size: 4
stride: 20, label: ""width""
size: 5
stride: 5]",0,7.0,0.05040348321199417,0.07244979590177536,0.2559396028518677,0.04848669841885567,8.0,0.08680833876132965,0.07282859832048416,0.267572283744812,0.6270624995231628,6.0,0.011852039024233818,0.07225734740495682,0.2629191279411316,-0.4298018217086792,0.0,-0.3647858798503876,0.10247121751308441,1.139319658279419,0.18796181678771973
1692309274.4551973,"[label: ""height""
size: 5
stride: 25, label: ""width""
size: 5
stride: 5]",0,7.0,0.05089592561125755,0.07186947017908096,0.25163504481315613,0.04692283645272255,8.0,0.08758945763111115,0.07266660034656525,0.2646140456199646,0.6303470730781555,6.0,0.01248903013765812,0.07176466286182404,0.2587588429450989,-0.4400170147418976,0.0,-0.3636682331562042,0.10172194987535477,1.125595211982727,0.006439767777919769,1.0,-0.33473601937294006,0.10410277545452118,1.1568125486373901,1.1059445142745972
1692309274.5521455,"[label: ""height""
size: 5
stride: 25, label: ""width""
size: 5
stride: 5]",0,7.0,0.05172691121697426,0.07204816490411758,0.24869392812252045,0.045573584735393524,8.0,0.08885014802217484,0.07315584272146225,0.26288530230522156,0.6237468123435974,6.0,0.013154108077287674,0.07148423790931702,0.25553134083747864,-0.44583800435066223,0.0,-0.3665439784526825,0.09991223365068436,1.1259279251098633,0.004373722244054079,1.0,-0.338157594203949,0.10237512737512589,1.1587923765182495,1.107456922531128
1692309274.6545794,"[label: ""height""
size: 5
stride: 25, label: ""width""
size: 5
stride: 5]",0,7.0,0.05245322361588478,0.07199348509311676,0.24719928205013275,0.06599567830562592,6.0,0.013703351840376854,0.07135999947786331,0.25256577134132385,-0.4579978585243225,1.0,-0.3311448395252228,0.10069990158081055,1.1244064569473267,-0.5606356263160706,0.0,-0.3653150200843811,0.10064572095870972,1.1139018535614014,0.1805519014596939,8.0,0.08956205099821091,0.07300334423780441,0.26118186116218567,0.6247283220291138
1692309274.7532954,"[label: ""height""
size: 4
stride: 20, label: ""width""
size: 5
stride: 5]",0,7.0,0.05357598885893822,0.07178278267383575,0.24422965943813324,0.024893812835216522,8.0,0.09094757586717606,0.073157899081707,0.2587190866470337,0.6179147958755493,6.0,0.015192883089184761,0.07139184325933456,0.2516183853149414,-0.4578760862350464,0.0,-0.3734114170074463,0.10018237680196762,1.1286468505859375,0.1108674481511116
1692309274.8528838,"[label: ""height""
size: 5
stride: 25, label: ""width""
size: 5
stride: 5]",0,7.0,0.0541200153529644,0.07198458164930344,0.24297550320625305,0.0431254543364048,8.0,0.09095388650894165,0.07301237434148788,0.2563278377056122,0.6223618984222412,6.0,0.015640661120414734,0.07126473635435104,0.24903607368469238,-0.4548145532608032,1.0,-0.3293783664703369,0.09803018718957901,1.0994168519973755,1.192639946937561,0.0,-0.3664354681968689,0.0986599400639534,1.0966109037399292,-0.00044737287680618465
1692309274.9521866,"[label: ""height""
size: 4
stride: 20, label: ""width""
size: 5
stride: 5]",0,7.0,0.05484692379832268,0.07168404757976532,0.2413555234670639,0.04283735156059265,8.0,0.0919644683599472,0.07261846214532852,0.2553420960903168,0.614939272403717,6.0,0.016076207160949707,0.07064829021692276,0.24648648500442505,-0.4542091190814972,0.0,-0.3768163323402405,0.09714235365390778,1.1155301332473755,0.17903658747673035
1692309275.0551138,"[label: ""height""
size: 5
stride: 25, label: ""width""
size: 5
stride: 5]",0,7.0,0.05550290644168854,0.07151330262422562,0.23978622257709503,0.06643711030483246,8.0,0.09303739666938782,0.07298002392053604,0.25513195991516113,0.6192136406898499,6.0,0.016903268173336983,0.07062365859746933,0.24535705149173737,-0.45152613520622253,1.0,-0.34603625535964966,0.09904157370328903,1.1264104843139648,-0.5170381665229797,0.0,-0.3748790919780731,0.09798172116279602,1.0979788303375244,0.3874243497848511
1692309275.1544368,"[label: ""height""
size: 5
stride: 25, label: ""width""
size: 5
stride: 5]",0,7.0,0.05558914691209793,0.07139529287815094,0.23892299830913544,0.060150787234306335,6.0,0.01712007075548172,0.0708080381155014,0.24557942152023315,-0.45230555534362793,8.0,0.09344706684350967,0.07297441363334656,0.2551106810569763,0.6181999444961548,0.0,-0.38657036423683167,0.09730014950037003,1.1173087358474731,0.18038426339626312,1.0,-0.3612269163131714,0.10043088346719742,1.1582047939300537,1.0960667133331299
1692309275.2561932,"[label: ""height""
size: 5
stride: 25, label: ""width""
size: 5
stride: 5]",0,7.0,0.05641547590494156,0.07166826725006104,0.2412990927696228,0.04277484118938446,6.0,0.0174469742923975,0.07052844762802124,0.24572838842868805,-0.43573638796806335,0.0,-0.39241382479667664,0.0973890945315361,1.1183102130889893,0.18076863884925842,1.0,-0.366580069065094,0.10046233981847763,1.1586188077926636,1.1361949443817139,8.0,0.09370830655097961,0.07259409129619598,0.2552564740180969,0.6307048797607422
1692309275.3554227,"[label: ""height""
size: 5
stride: 25, label: ""width""
size: 5
stride: 5]",0,7.0,0.05603736639022827,0.07175090163946152,0.23975612223148346,0.02833913080394268,8.0,0.09346382319927216,0.07290887832641602,0.25487011671066284,0.6253064274787903,6.0,0.017454007640480995,0.0709536224603653,0.24581167101860046,-0.43484678864479065,1.0,-0.35372546315193176,0.09612025320529938,1.0981289148330688,1.1881290674209595,0.0,-0.3986733555793762,0.09826729446649551,1.1178669929504395,0.17594020068645477
1692309275.4554336,"[label: ""height""
size: 6
stride: 30, label: ""width""
size: 5
stride: 5]",0,7.0,0.05656161531805992,0.07161135226488113,0.24137958884239197,0.0658850222826004,6.0,0.0174469742923975,0.07052844762802124,0.24572838842868805,-0.43573638796806335,8.0,0.09331607818603516,0.07253523170948029,0.25503960251808167,0.638748288154602,3.0,-0.06652695685625076,0.08430279046297073,0.6958360075950623,0.23950056731700897,1.0,-0.36171674728393555,0.09440730512142181,1.0991616249084473,1.226179838180542,0.0,-0.3879046142101288,0.0920204371213913,1.0666708946228027,-0.0654059648513794
1692309275.5538676,"[label: ""height""
size: 6
stride: 30, label: ""width""
size: 5
stride: 5]",0,7.0,0.05666103586554527,0.07153873145580292,0.24254989624023438,0.08636020123958588,6.0,0.017553703859448433,0.07066962122917175,0.246986985206604,-0.4219149649143219,8.0,0.09298232197761536,0.07217016816139221,0.2555621564388275,0.6460749506950378,3.0,-0.07073485851287842,0.08454935252666473,0.698009729385376,0.24737456440925598,0.0,-0.4077916741371155,0.09612981975078583,1.0983519554138184,0.6259452104568481,1.0,-0.3800753653049469,0.09729770570993423,1.12747061252594,-0.5306998491287231
1692309275.6590908,"[label: ""height""
size: 6
stride: 30, label: ""width""
size: 5
stride: 5]",0,7.0,0.055862464010715485,0.07138051092624664,0.2412525713443756,0.08429889380931854,6.0,0.01715230941772461,0.07100341469049454,0.2470267415046692,-0.4221821427345276,8.0,0.09263567626476288,0.07274272292852402,0.25722700357437134,0.6509638428688049,3.0,-0.07812906056642532,0.08771412074565887,0.7174543738365173,-0.0608588270843029,1.0,-0.38066157698631287,0.09621883183717728,1.0992927551269531,1.1831074953079224,0.0,-0.41855791211128235,0.09700000286102295,1.0978879928588867,0.07806877791881561
1692309275.7548926,"[label: ""height""
size: 6
stride: 30, label: ""width""
size: 5
stride: 5]",0,7.0,0.05581973120570183,0.07123614102602005,0.2427014410495758,0.10168759524822235,6.0,0.01728740520775318,0.07096109539270401,0.24863088130950928,-0.4024524390697479,8.0,0.09261541068553925,0.07294183224439621,0.2598542273044586,0.6666041612625122,3.0,-0.0834599956870079,0.08778119087219238,0.7178118824958801,-0.05767855793237686,1.0,-0.39959317445755005,0.09720788151025772,1.1265223026275635,-0.4878454804420471,0.0,-0.4266825318336487,0.09584597498178482,1.0948601961135864,0.5822429060935974
1692309275.8537567,"[label: ""height""
size: 6
stride: 30, label: ""width""
size: 5
stride: 5]",0,7.0,0.05607975646853447,0.07224161177873611,0.2469095140695572,0.10551611334085464,6.0,0.016844268888235092,0.07121709734201431,0.24958589673042297,-0.40495070815086365,8.0,0.09261428564786911,0.07315269857645035,0.26289787888526917,0.6758465766906738,3.0,-0.08583961427211761,0.0861973688006401,0.7042139172554016,0.12540137767791748,0.0,-0.4350719749927521,0.09675341844558716,1.0953669548034668,0.1533960998058319,1.0,-0.3982444703578949,0.09621971100568771,1.099341869354248,1.2323665618896484
1692309275.9568894,"[label: ""height""
size: 6
stride: 30, label: ""width""
size: 5
stride: 5]",0,7.0,0.05575434863567352,0.07166177034378052,0.24804915487766266,0.12892401218414307,6.0,0.01668628863990307,0.07081355899572372,0.25124987959861755,-0.37071338295936584,8.0,0.09166178852319717,0.07245703041553497,0.26388612389564514,0.6912946105003357,3.0,-0.09224268794059753,0.08655500411987305,0.7175293564796448,-0.05500319227576256,0.0,-0.43152785301208496,0.0939491018652916,1.0686670541763306,-0.057234298437833786,1.0,-0.4161280691623688,0.09730631113052368,1.1275599002838135,-0.511361300945282
1692309276.052356,"[label: ""height""
size: 6
stride: 30, label: ""width""
size: 5
stride: 5]",0,7.0,0.055086392909288406,0.07138355821371078,0.24955587089061737,0.14449797570705414,6.0,0.015979452058672905,0.0707005113363266,0.2526499629020691,-0.3467403054237366,8.0,0.09057449549436569,0.07221272587776184,0.2657869756221771,0.7053723335266113,3.0,-0.09649182111024857,0.08597216755151749,0.712179958820343,0.0013520295033231378,0.0,-0.45144122838974,0.09500694274902344,1.095888614654541,0.14748750627040863,1.0,-0.4143937826156616,0.09440571069717407,1.0991805791854858,1.2492929697036743
1692309276.1569674,"[label: ""height""
size: 6
stride: 30, label: ""width""
size: 5
stride: 5]",0,7.0,0.05470183864235878,0.0716058537364006,0.2525017261505127,0.14757879078388214,6.0,0.01560995914041996,0.07081694155931473,0.2552795112133026,-0.3689037263393402,8.0,0.09069559723138809,0.07283526659011841,0.2700645625591278,0.699331521987915,3.0,-0.09997200220823288,0.0841672495007515,0.7048372030258179,0.34436318278312683,1.0,-0.43383267521858215,0.09538571536540985,1.1267616748809814,-0.533900797367096,0.0,-0.459587037563324,0.09417744725942612,1.0963608026504517,0.6436876654624939
1692309276.256097,"[label: ""height""
size: 6
stride: 30, label: ""width""
size: 5
stride: 5]",0,7.0,0.05462484434247017,0.07198227941989899,0.25500938296318054,0.15681348741054535,6.0,0.015516707673668861,0.0715685710310936,0.25844740867614746,-0.34749412536621094,8.0,0.08979112654924393,0.07294882088899612,0.2713657021522522,0.7273378968238831,3.0,-0.10538344085216522,0.08599443733692169,0.7131645679473877,0.007026617880910635,0.0,-0.4678155481815338,0.0960051640868187,1.0967079401016235,0.6563814282417297,1.0,-0.4301990270614624,0.0944174975156784,1.0992896556854248,1.294663667678833
1692309276.3603435,"[label: ""height""
size: 6
stride: 30, label: ""width""
size: 5
stride: 5]",0,7.0,0.05391084775328636,0.07249849289655685,0.2586383521556854,0.15365536510944366,6.0,0.014976928010582924,0.07210441678762436,0.26140090823173523,-0.32281365990638733,8.0,0.0897577777504921,0.0737069770693779,0.27713748812675476,0.7269231677055359,3.0,-0.10932981222867966,0.08597385138273239,0.7121945023536682,0.0013312384253367782,0.0,-0.4649772346019745,0.0942734032869339,1.0721492767333984,0.008236453868448734,1.0,-0.43668052554130554,0.09506408125162125,1.096359372138977,1.2814470529556274
1692309276.4622633,"[label: ""height""
size: 6
stride: 30, label: ""width""
size: 5
stride: 5]",0,7.0,0.05393137037754059,0.07223250716924667,0.2618209421634674,0.15841785073280334,6.0,0.01481474470347166,0.07152165472507477,0.26399385929107666,-0.31700247526168823,8.0,0.0894031897187233,0.07341259717941284,0.28031495213508606,0.7240829467773438,3.0,-0.11416731029748917,0.0867631733417511,0.721088707447052,0.1705276221036911,1.0,-0.44461557269096375,0.09441906213760376,1.0993094444274902,1.30889892578125,0.0,-0.4824356436729431,0.09605292230844498,1.097278356552124,0.6832045316696167
1692309276.5572658,"[label: ""height""
size: 6
stride: 30, label: ""width""
size: 5
stride: 5]",0,7.0,0.0536789745092392,0.07231546193361282,0.2657829225063324,0.18312913179397583,6.0,0.014431065879762173,0.07136157155036926,0.2670869529247284,-0.3360501825809479,3.0,-0.11980856955051422,0.08659032732248306,0.7320080995559692,0.1415461003780365,1.0,-0.4640912115573883,0.09544695913791656,1.127396583557129,-0.4870847463607788,0.0,-0.48960748314857483,0.09425245970487595,1.097241759300232,0.6974327564239502,8.0,0.08868519216775894,0.07310742884874344,0.2835584878921509,0.7437888383865356
1692309276.6557286,"[label: ""height""
size: 5
stride: 25, label: ""width""
size: 5
stride: 5]",0,7.0,0.05310593917965889,0.07212792336940765,0.2695077061653137,0.18844817578792572,6.0,0.013863075524568558,0.07126691937446594,0.2703602612018585,-0.31345245242118835,8.0,0.08786740154027939,0.07291335612535477,0.2873682677745819,0.748889684677124,3.0,-0.12290427833795547,0.08493881672620773,0.7259618639945984,0.33015668392181396,0.0,-0.48555389046669006,0.09075938165187836,1.0719718933105469,-0.04501483589410782
1692309276.7565572,"[label: ""height""
size: 7
stride: 35, label: ""width""
size: 5
stride: 5]",0,7.0,0.052616801112890244,0.0724036917090416,0.2726978361606598,0.1922760307788849,6.0,0.013463251292705536,0.07156629860401154,0.2736775875091553,-0.3322320878505707,8.0,0.08794858306646347,0.07369513064622879,0.2927716374397278,0.7498697638511658,3.0,-0.12651999294757843,0.08497043699026108,0.7262489199638367,0.33695366978645325,4.0,-0.09452451020479202,0.08781930059194565,0.763994574546814,0.7987884283065796,1.0,-0.47709938883781433,0.09351810067892075,1.1264991760253906,-0.4496549069881439,0.0,-0.4974753260612488,0.091526560485363,1.0859639644622803,0.6732463240623474
1692309276.857523,"[label: ""height""
size: 7
stride: 35, label: ""width""
size: 5
stride: 5]",0,7.0,0.05264509841799736,0.07287664711475372,0.27746039628982544,0.21988925337791443,6.0,0.013411424122750759,0.07229526340961456,0.27863845229148865,-0.2962191700935364,8.0,0.08753660321235657,0.07430241256952286,0.29710653424263,0.7603681087493896,3.0,-0.1316397786140442,0.08638716489076614,0.7392326593399048,0.011744596064090729,4.0,-0.09719646722078323,0.08859934657812119,0.7653276920318604,0.8524604439735413,0.0,-0.506699800491333,0.09330359101295471,1.0969467163085938,0.1310015469789505,1.0,-0.4688451886177063,0.0926043689250946,1.099135160446167,1.2748000621795654
1692309276.9566076,"[label: ""height""
size: 7
stride: 35, label: ""width""
size: 5
stride: 5]",0,7.0,0.052711889147758484,0.07348054647445679,0.28150713443756104,0.2164628505706787,6.0,0.013424926437437534,0.07274559140205383,0.28178542852401733,-0.3285937011241913,8.0,0.08746714890003204,0.07456255704164505,0.30109328031539917,0.7714677453041077,3.0,-0.13466128706932068,0.0867319107055664,0.7391932010650635,0.021357212215662003,4.0,-0.10495971888303757,0.09238390624523163,0.7927730083465576,-0.4798536002635956,1.0,-0.48457345366477966,0.0953812226653099,1.126712679862976,-0.4459775686264038,0.0,-0.5102745294570923,0.09431905299425125,1.0982296466827393,0.8034605383872986
1692309277.0548275,"[label: ""height""
size: 6
stride: 30, label: ""width""
size: 5
stride: 5]",0,7.0,0.053049199283123016,0.07436908781528473,0.28717368841171265,0.20617954432964325,6.0,0.01362981554120779,0.07349245995283127,0.2872452139854431,-0.2733924686908722,8.0,0.08742062002420425,0.07520991563796997,0.30570802092552185,0.773684024810791,3.0,-0.13664360344409943,0.08713100850582123,0.7367763519287109,0.0012805135920643806,4.0,-0.10400696843862534,0.08914939314126968,0.7647098302841187,0.8661583065986633,0.0,-0.5140863060951233,0.09513773769140244,1.0973668098449707,0.12963737547397614
1692309277.1575258,"[label: ""height""
size: 7
stride: 35, label: ""width""
size: 5
stride: 5]",0,7.0,0.052091799676418304,0.07417578995227814,0.29102644324302673,0.21187829971313477,6.0,0.012609952129423618,0.07320507615804672,0.2907564640045166,-0.2762337028980255,8.0,0.08652284741401672,0.0750335156917572,0.3101511597633362,0.7791150212287903,3.0,-0.13765378296375275,0.0853513702750206,0.7278489470481873,0.03674088045954704,4.0,-0.10874632745981216,0.09068917483091354,0.7806820273399353,0.844872236251831,0.0,-0.5080302357673645,0.09252019226551056,1.0721794366836548,0.008158612996339798,1.0,-0.49297380447387695,0.09620475769042969,1.1254290342330933,1.2727763652801514
1692309277.2550998,"[label: ""height""
size: 7
stride: 35, label: ""width""
size: 5
stride: 5]",0,7.0,0.05188589543104172,0.07386552542448044,0.29450303316116333,0.23607893288135529,6.0,0.012406767345964909,0.07302387803792953,0.29485103487968445,-0.3061584234237671,8.0,0.08636374026536942,0.07473842799663544,0.3142167031764984,0.7750554084777832,3.0,-0.14442773163318634,0.08730170875787735,0.7513229846954346,0.3651137948036194,4.0,-0.1112847849726677,0.08939576894044876,0.7805490493774414,0.8488748669624329,1.0,-0.4991789758205414,0.09544648230075836,1.1273821592330933,-0.4702325165271759,0.0,-0.5231564044952393,0.09420052170753479,1.0969061851501465,0.6778767704963684
1692309277.3563967,"[label: ""height""
size: 7
stride: 35, label: ""width""
size: 5
stride: 5]",0,7.0,0.05202186107635498,0.07323861122131348,0.2988564670085907,0.22167302668094635,6.0,0.012489027343690395,0.0720740333199501,0.2963835597038269,-0.28988975286483765,8.0,0.08645748347043991,0.07454054802656174,0.3188695013523102,0.7778924703598022,3.0,-0.15014714002609253,0.087964728474617,0.7656607627868652,0.020860938355326653,4.0,-0.11510250717401505,0.08810409158468246,0.7804283499717712,0.8547324538230896,0.0,-0.539534866809845,0.094749815762043,1.1195024251937866,0.3170841932296753,1.0,-0.5037050247192383,0.09358334541320801,1.1271883249282837,-0.4052741527557373
1692309277.457644,"[label: ""height""
size: 7
stride: 35, label: ""width""
size: 5
stride: 5]",0,7.0,0.05160298943519592,0.07345791906118393,0.3027738332748413,0.24675072729587555,6.0,0.012368998490273952,0.07272230088710785,0.3021776080131531,-0.2941872477531433,8.0,0.0863708108663559,0.07482606172561646,0.32347774505615234,0.7896892428398132,3.0,-0.15035919845104218,0.08553869277238846,0.7514011859893799,0.18829159438610077,4.0,-0.11766240745782852,0.08810629695653915,0.780449628829956,0.8584391474723816,1.0,-0.49493029713630676,0.09079717844724655,1.0990509986877441,1.359116554260254,0.0,-0.5321851968765259,0.09241337329149246,1.0970031023025513,0.6970346570014954
1692309277.5561383,"[label: ""height""
size: 7
stride: 35, label: ""width""
size: 5
stride: 5]",0,7.0,0.05197537690401077,0.07379807531833649,0.307291179895401,0.23051632940769196,6.0,0.01269579865038395,0.07298879325389862,0.30641743540763855,-0.2715424597263336,8.0,0.08588283509016037,0.07478674501180649,0.3261735737323761,0.7957571744918823,3.0,-0.15518644452095032,0.08672495186328888,0.7657659649848938,0.02102057822048664,4.0,-0.1246965080499649,0.09071711450815201,0.809403657913208,0.818340539932251,0.0,-0.5458495020866394,0.09316525608301163,1.1173968315124512,0.29519546031951904,1.0,-0.4985373914241791,0.09080030024051666,1.0990886688232422,1.3054919242858887
1692309277.6574223,"[label: ""height""
size: 7
stride: 35, label: ""width""
size: 5
stride: 5]",0,7.0,0.05204429104924202,0.07402007281780243,0.31138426065444946,0.2555220425128937,6.0,0.012685912661254406,0.07297574728727341,0.3090241849422455,-0.266753613948822,8.0,0.08675828576087952,0.07583610713481903,0.3337140679359436,0.8028516173362732,3.0,-0.15772457420825958,0.08674201369285583,0.7659069895744324,0.021694347262382507,4.0,-0.1273522526025772,0.09071985632181168,0.8094300031661987,0.8221113085746765,0.0,-0.537409782409668,0.09148763865232468,1.0963866710662842,0.19612552225589752,1.0,-0.5006590485572815,0.09077389538288116,1.0987920761108398,1.3368722200393677
1692309277.7581387,"[label: ""height""
size: 7
stride: 35, label: ""width""
size: 5
stride: 5]",0,7.0,0.052958957850933075,0.0749061182141304,0.31620660424232483,0.2378779649734497,6.0,0.013744824565947056,0.07382730394601822,0.31534668803215027,-0.2506629228591919,8.0,0.08645439893007278,0.07537838071584702,0.3341357111930847,0.8117629289627075,3.0,-0.15640030801296234,0.0862114354968071,0.7527094483375549,0.3933717906475067,4.0,-0.12592457234859467,0.08911268413066864,0.7921729683876038,0.8518856763839722,0.0,-0.5529745221138,0.09533670544624329,1.1262116432189941,0.12997251749038696,1.0,-0.5147755742073059,0.09358160942792892,1.1271560192108154,-0.4630337655544281
1692309277.8490026,"[label: ""height""
size: 7
stride: 35, label: ""width""
size: 5
stride: 5]",0,7.0,0.05327005311846733,0.07510621845722198,0.3203326165676117,0.2626941204071045,6.0,0.013715430162847042,0.0739460214972496,0.31748536229133606,-0.24514225125312805,8.0,0.08638128638267517,0.0755884125828743,0.3387110233306885,0.8160825967788696,3.0,-0.16405512392520905,0.08891501277685165,0.778529942035675,0.263331800699234,4.0,-0.1285252422094345,0.08911626785993576,0.7922068238258362,0.8556329011917114,0.0,-0.527576744556427,0.09152926504611969,1.0708446502685547,0.007785015273839235,1.0,-0.5040074586868286,0.09261030703783035,1.099211573600769,1.3671598434448242
1692309277.9519982,"[label: ""height""
size: 7
stride: 35, label: ""width""
size: 5
stride: 5]",0,7.0,0.053894251585006714,0.07519373297691345,0.32649269700050354,0.2763195335865021,6.0,0.014208175241947174,0.07389651983976364,0.32248714566230774,-0.23913158476352692,8.0,0.08792217820882797,0.07657849043607712,0.3476036489009857,0.8118875622749329,3.0,-0.16372156143188477,0.0869135931134224,0.7673104405403137,-0.10815995931625366,4.0,-0.13336871564388275,0.09075149893760681,0.8097354173660278,0.8882229328155518,0.0,-0.55804842710495,0.09629181772470474,1.126259207725525,0.20956940948963165,1.0,-0.5343394875526428,0.09662506729364395,1.1581095457077026,1.3022099733352661
1692309278.0489523,"[label: ""height""
size: 6
stride: 30, label: ""width""
size: 5
stride: 5]",0,7.0,0.05335432291030884,0.07465072721242905,0.32645556330680847,0.27759408950805664,6.0,0.013883233070373535,0.0739203616976738,0.32429084181785583,-0.24880154430866241,8.0,0.08655127137899399,0.07593492418527603,0.3472483158111572,0.8243879675865173,3.0,-0.16895145177841187,0.08777118474245071,0.7772793769836426,0.0971040353178978,4.0,-0.13378365337848663,0.08872197568416595,0.7945272922515869,0.8847253918647766,0.0,-0.5475696921348572,0.0931355282664299,1.0950671434402466,0.05180869251489639
1692309278.1510115,"[label: ""height""
size: 6
stride: 30, label: ""width""
size: 5
stride: 5]",0,7.0,0.052789848297834396,0.07457740604877472,0.32956042885780334,0.2949254512786865,6.0,0.01371590793132782,0.07419644296169281,0.3290511667728424,-0.2179558128118515,8.0,0.08668217808008194,0.076333187520504,0.35303518176078796,0.827617883682251,3.0,-0.17205476760864258,0.08781459182500839,0.7801135182380676,0.27214986085891724,4.0,-0.14195452630519867,0.09117957949638367,0.8228402733802795,-0.4623349905014038,0.0,-0.5539078712463379,0.09253263473510742,1.0982385873794556,0.8113039135932922
1692309278.253981,"[label: ""height""
size: 7
stride: 35, label: ""width""
size: 5
stride: 5]",0,7.0,0.05288146436214447,0.07433012872934341,0.3309517502784729,0.3042899966239929,6.0,0.013803860172629356,0.07377026230096817,0.3305779695510864,-0.19140395522117615,8.0,0.08667594194412231,0.07641854882240295,0.35541507601737976,0.8435045480728149,3.0,-0.1722492277622223,0.087028868496418,0.7769341468811035,0.4408922493457794,4.0,-0.14075173437595367,0.08927951753139496,0.8083431720733643,0.8727486729621887,0.0,-0.5569199323654175,0.09158384799957275,1.0975799560546875,0.05618377402424812,1.0,-0.5332438349723816,0.09254385530948639,1.1257662773132324,1.3439050912857056
1692309278.3577073,"[label: ""height""
size: 7
stride: 35, label: ""width""
size: 5
stride: 5]",0,7.0,0.05286313220858574,0.07464652508497238,0.33602848649024963,0.3100200295448303,6.0,0.013647929765284061,0.07393422722816467,0.33393919467926025,-0.2226891666650772,8.0,0.08635792881250381,0.07644539326429367,0.35894888639450073,0.8402843475341797,3.0,-0.17787425220012665,0.08962231129407883,0.7932494282722473,0.28896987438201904,4.0,-0.14263810217380524,0.08941572904586792,0.8096486926078796,0.9016311764717102,0.0,-0.5605533123016357,0.09338783472776413,1.0976516008377075,0.05594070628285408,1.0,-0.5504950881004333,0.09633934497833252,1.1546440124511719,-0.3987881541252136
1692309278.4620667,"[label: ""height""
size: 7
stride: 35, label: ""width""
size: 5
stride: 5]",0,7.0,0.051856812089681625,0.07479539513587952,0.3404030501842499,0.28738516569137573,6.0,0.012466526590287685,0.07420270889997482,0.3388940393924713,-0.22479014098644257,8.0,0.0855480432510376,0.07639060914516449,0.364289790391922,0.8381214737892151,3.0,-0.17809733748435974,0.08723773807287216,0.7787014842033386,0.3394477367401123,4.0,-0.14662210643291473,0.08941866457462311,0.8096776008605957,0.9072732925415039,0.0,-0.5815779566764832,0.09636190533638,1.1271488666534424,0.196525439620018,1.0,-0.542538046836853,0.09439974278211594,1.12591552734375,1.3526371717453003
1692309278.5560322,"[label: ""height""
size: 7
stride: 35, label: ""width""
size: 5
stride: 5]",0,7.0,0.050530094653367996,0.07451602071523666,0.34175896644592285,0.2995069921016693,6.0,0.011350045911967754,0.07360772043466568,0.33869966864585876,-0.2239726185798645,8.0,0.08380336314439774,0.07627082616090775,0.36515143513679504,0.8498454093933105,3.0,-0.18281570076942444,0.08806833624839783,0.7824191451072693,0.2816430926322937,4.0,-0.15060625970363617,0.08942152559757233,0.8097057938575745,0.9129303097724915,0.0,-0.5862653851509094,0.0952010452747345,1.1246776580810547,0.2828172445297241,1.0,-0.549068808555603,0.09353286027908325,1.1264703273773193,-0.4777156412601471
1692309278.6468499,"[label: ""height""
size: 6
stride: 30, label: ""width""
size: 5
stride: 5]",0,7.0,0.04928141087293625,0.07527712732553482,0.3478917181491852,0.28458625078201294,6.0,0.00972665660083294,0.07415598630905151,0.34379661083221436,-0.18745502829551697,8.0,0.08182931691408157,0.07605470716953278,0.367729127407074,0.8622375726699829,3.0,-0.1842823326587677,0.08559312671422958,0.7667614817619324,0.023833904415369034,4.0,-0.15591871738433838,0.0894252359867096,0.8097423911094666,0.9204954504966736,1.0,-0.5438218116760254,0.09076710790395737,1.0986799001693726,1.4316669702529907
1692309278.7522159,"[label: ""height""
size: 6
stride: 30, label: ""width""
size: 5
stride: 5]",0,7.0,0.047185756266117096,0.07479158788919449,0.34691348671913147,0.33175337314605713,6.0,0.008524972014129162,0.07464995235204697,0.34620606899261475,-0.18275204300880432,8.0,0.08033784478902817,0.0766458660364151,0.3713039755821228,0.8710787296295166,3.0,-0.19390127062797546,0.08878150582313538,0.7856770753860474,0.216803178191185,4.0,-0.16522695124149323,0.0922463908791542,0.8262608051300049,-0.5331211686134338,1.0,-0.5669242143630981,0.09541849046945572,1.1271147727966309,-0.4693235754966736
1692309278.8492138,"[label: ""height""
size: 5
stride: 25, label: ""width""
size: 5
stride: 5]",0,7.0,0.044684670865535736,0.07525156438350677,0.3530942499637604,0.3208516836166382,6.0,0.005312563385814428,0.07445836067199707,0.3485405445098877,-0.1683085560798645,8.0,0.0763113871216774,0.07550409436225891,0.3717009425163269,0.8895213007926941,3.0,-0.20484456419944763,0.08944527804851532,0.7953786253929138,0.02359984815120697,4.0,-0.16920094192028046,0.08943396806716919,0.8098288774490356,0.9395133852958679
1692309278.949841,"[label: ""height""
size: 5
stride: 25, label: ""width""
size: 5
stride: 5]",0,7.0,0.04284713789820671,0.07581786066293716,0.3570050299167633,0.34057292342185974,6.0,0.003213641233742237,0.07471230626106262,0.3517807722091675,-0.1562090516090393,8.0,0.07458329200744629,0.07640945911407471,0.377639502286911,0.8978220820426941,3.0,-0.2105213850736618,0.08880998939275742,0.7891761064529419,0.44446104764938354,4.0,-0.17717091739177704,0.08943884074687958,0.809877336025238,0.950990617275238
1692309279.0465581,"[label: ""height""
size: 5
stride: 25, label: ""width""
size: 5
stride: 5]",0,7.0,0.03906157240271568,0.0759420096874237,0.3556208610534668,0.37294134497642517,6.0,0.000362537830369547,0.07579846680164337,0.35343459248542786,-0.12279536575078964,8.0,0.07172536849975586,0.07816269993782043,0.38476160168647766,0.9076663255691528,3.0,-0.21612685918807983,0.09014350920915604,0.7814895510673523,0.5154602527618408,4.0,-0.18816250562667847,0.09326446056365967,0.8231104016304016,0.946174681186676
1692309279.1505249,"[label: ""height""
size: 5
stride: 25, label: ""width""
size: 5
stride: 5]",0,6.0,-0.0032901328522711992,0.07536724209785461,0.35621729493141174,-0.1345514953136444,7.0,0.035882994532585144,0.07560470700263977,0.35888737440109253,0.3642100989818573,8.0,0.06772946566343307,0.07747206091880798,0.38444986939430237,0.9269183278083801,3.0,-0.2282828986644745,0.09086580574512482,0.790285587310791,0.48669248819351196,4.0,-0.19809871912002563,0.09246046096086502,0.8222834467887878,-0.44599449634552
1692309279.2477388,"[label: ""height""
size: 5
stride: 25, label: ""width""
size: 5
stride: 5]",0,6.0,-0.006376452278345823,0.07520253956317902,0.35626736283302307,-0.16102147102355957,7.0,0.032680198550224304,0.07581815123558044,0.36055076122283936,0.4175786077976227,8.0,0.0633389875292778,0.0768687054514885,0.38459765911102295,0.9565306901931763,3.0,-0.23502855002880096,0.08904694765806198,0.7773215174674988,0.5190436840057373,4.0,-0.2052057832479477,0.09070146828889847,0.8092687129974365,0.9655710458755493
1692309279.3485007,"[label: ""height""
size: 5
stride: 25, label: ""width""
size: 5
stride: 5]",0,6.0,-0.009908049367368221,0.07699020951986313,0.3584471046924591,-0.1248675286769867,7.0,0.02916264533996582,0.07743391394615173,0.3647359609603882,0.4043659567832947,8.0,0.059990718960762024,0.07922592759132385,0.39156633615493774,0.9580999612808228,3.0,-0.2480236142873764,0.09262289851903915,0.7810459136962891,0.42290404438972473,4.0,-0.21730896830558777,0.09475000947713852,0.8099101185798645,0.9820230007171631
1692309279.4477844,"[label: ""height""
size: 5
stride: 25, label: ""width""
size: 5
stride: 5]",0,6.0,-0.012274505570530891,0.07569902390241623,0.3604234755039215,-0.06450341641902924,7.0,0.02634519711136818,0.07625236362218857,0.366914302110672,0.43691426515579224,8.0,0.056024305522441864,0.0773703008890152,0.3919461965560913,0.9970143437385559,3.0,-0.2556424140930176,0.08903075754642487,0.7700129151344299,0.1889832466840744,4.0,-0.22837218642234802,0.0921405628323555,0.8103320598602295,0.9703180193901062
1692309279.5475774,"[label: ""height""
size: 5
stride: 25, label: ""width""
size: 5
stride: 5]",0,6.0,-0.01640852354466915,0.07730527967214584,0.3605119585990906,-0.06076713651418686,7.0,0.02202766016125679,0.07709845155477524,0.36459505558013916,0.49070224165916443,8.0,0.05216095224022865,0.07981173694133759,0.39934417605400085,1.0198171138763428,3.0,-0.2652837634086609,0.0911891832947731,0.7613840699195862,0.11486463993787766,4.0,-0.23677633702754974,0.09381440281867981,0.7938421964645386,-0.44961079955101013
1692309279.64818,"[label: ""height""
size: 5
stride: 25, label: ""width""
size: 5
stride: 5]",0,6.0,-0.019994059577584267,0.0771040990948677,0.36010539531707764,0.03875784948468208,7.0,0.018147673457860947,0.07728957384824753,0.3676389753818512,0.5046201944351196,8.0,0.04706605151295662,0.07977596670389175,0.3991597592830658,1.0416971445083618,3.0,-0.2790587544441223,0.09247420728206635,0.7663291096687317,0.6324787735939026,4.0,-0.2538892924785614,0.09599142521619797,0.8091668486595154,1.0108250379562378
1692309279.7483454,"[label: ""height""
size: 5
stride: 25, label: ""width""
size: 5
stride: 5]",0,6.0,-0.0240169744938612,0.07636430114507675,0.3567453622817993,0.0703345462679863,7.0,0.013782995752990246,0.07722725719213486,0.3673272430896759,0.5324133038520813,8.0,0.04184306785464287,0.07915088534355164,0.39932122826576233,1.0737963914871216,3.0,-0.29403695464134216,0.09320255368947983,0.7673397064208984,0.21375055611133575,4.0,-0.26708531379699707,0.09627843648195267,0.8059996366500854,1.0122945308685303
1692309279.8472245,"[label: ""height""
size: 5
stride: 25, label: ""width""
size: 5
stride: 5]",0,6.0,-0.029441457241773605,0.07793358713388443,0.36072230339050293,0.08868402987718582,7.0,0.008423639461398125,0.07852862775325775,0.3698761463165283,0.534869909286499,8.0,0.035457879304885864,0.07979674637317657,0.3992837071418762,1.098555088043213,3.0,-0.3127536177635193,0.09596164524555206,0.7764424681663513,0.30832916498184204,4.0,-0.27317750453948975,0.09455889463424683,0.7809862494468689,1.092876672744751
1692309279.9484494,"[label: ""height""
size: 5
stride: 25, label: ""width""
size: 5
stride: 5]",0,6.0,-0.03315623477101326,0.07744675129652023,0.3578645884990692,0.0919770821928978,7.0,0.003903781296685338,0.07872451096773148,0.37085849046707153,0.5742802023887634,8.0,0.03085467405617237,0.08078429847955704,0.40340980887413025,1.1251001358032227,4.0,-0.2872231602668762,0.09593389928340912,0.7818011045455933,1.0361266136169434,3.0,-0.31671664118766785,0.09425560384988785,0.7529470324516296,0.6862484216690063
1692309280.0478308,"[label: ""height""
size: 5
stride: 25, label: ""width""
size: 5
stride: 5]",0,6.0,-0.03745558485388756,0.07728690654039383,0.35559114813804626,0.10440367460250854,7.0,-0.00035056620254181325,0.07895306497812271,0.3726121485233307,0.580024242401123,8.0,0.02549636922776699,0.08022532612085342,0.4022613763809204,1.1410068273544312,3.0,-0.3286917209625244,0.09398400038480759,0.7506664991378784,0.6011672019958496,4.0,-0.300060510635376,0.09594300389289856,0.7818819880485535,1.0566134452819824
1692309280.1482189,"[label: ""height""
size: 5
stride: 25, label: ""width""
size: 5
stride: 5]",0,6.0,-0.041056711226701736,0.07774318009614944,0.3543792963027954,0.15569767355918884,7.0,-0.004397961776703596,0.07896013557910919,0.3685056269168854,0.6220846772193909,8.0,0.020936166867613792,0.08062131702899933,0.4001883864402771,1.1617281436920166,3.0,-0.33439722657203674,0.09405363351106644,0.739149808883667,0.2097344845533371,4.0,-0.30466359853744507,0.09557830542325974,0.7661168575286865,1.0484867095947266
1692309280.2498353,"[label: ""height""
size: 5
stride: 25, label: ""width""
size: 5
stride: 5]",0,6.0,-0.04400647059082985,0.07724263519048691,0.35476431250572205,0.1571095883846283,7.0,-0.007109545636922121,0.07773945480585098,0.36844539642333984,0.6302127838134766,8.0,0.017975186929106712,0.08014476299285889,0.4035487473011017,1.157692313194275,3.0,-0.3416363298892975,0.09232590347528458,0.7400804758071899,0.5789692997932434,4.0,-0.3063054382801056,0.09233091026544571,0.7524516582489014,1.0578068494796753
1692309280.3587067,"[label: ""height""
size: 5
stride: 25, label: ""width""
size: 5
stride: 5]",0,6.0,-0.046246372163295746,0.07813329994678497,0.35634613037109375,0.1577029675245285,7.0,-0.009265991859138012,0.07909820973873138,0.36978670954704285,0.601754367351532,8.0,0.015975696966052055,0.08105111122131348,0.40313920378685,1.162940263748169,3.0,-0.34234854578971863,0.09313060343265533,0.7316614985466003,0.3128703236579895,4.0,-0.31140124797821045,0.09441674500703812,0.7543432116508484,1.0578320026397705
1692309280.4518938,"[label: ""height""
size: 6
stride: 30, label: ""width""
size: 5
stride: 5]",0,6.0,-0.0471012257039547,0.07683376222848892,0.3522808253765106,0.05870712548494339,7.0,-0.010426820255815983,0.07830232381820679,0.368237167596817,0.6099163889884949,8.0,0.014651261270046234,0.0803707018494606,0.40303438901901245,1.1663824319839478,3.0,-0.3383782207965851,0.08936697989702225,0.7162491679191589,0.26915666460990906,4.0,-0.31372737884521484,0.09233823418617249,0.7525159120559692,1.0703905820846558,5.0,-0.31026458740234375,0.09661004692316055,0.8089120388031006,1.5216583013534546
1692309280.5524504,"[label: ""height""
size: 5
stride: 25, label: ""width""
size: 5
stride: 5]",0,6.0,-0.047694411128759384,0.07703511416912079,0.35274261236190796,0.1109156534075737,7.0,-0.011030376888811588,0.0783093273639679,0.36827248334884644,0.6114570498466492,8.0,0.01406025979667902,0.07994426786899567,0.40007472038269043,1.1589391231536865,3.0,-0.33926233649253845,0.09059961140155792,0.7168775796890259,0.2686498761177063,4.0,-0.3087064027786255,0.09176519513130188,0.7404906153678894,1.0885066986083984
1692309280.6534073,"[label: ""height""
size: 5
stride: 25, label: ""width""
size: 5
stride: 5]",0,6.0,-0.04763972386717796,0.07569880038499832,0.34990987181663513,0.2257820963859558,7.0,-0.010953142307698727,0.07765275239944458,0.36594945192337036,0.621094286441803,8.0,0.013928868807852268,0.07901531457901001,0.3962458670139313,1.1635035276412964,3.0,-0.3437584638595581,0.08995746076107025,0.7265428304672241,0.4467591941356659,4.0,-0.3194889724254608,0.09300436824560165,0.7655653357505798,1.0209137201309204
1692309280.7564847,"[label: ""height""
size: 5
stride: 25, label: ""width""
size: 5
stride: 5]",0,6.0,-0.04869508370757103,0.0761338397860527,0.35021770000457764,0.04630371928215027,7.0,-0.011605488136410713,0.07689902931451797,0.36311107873916626,0.6189448833465576,8.0,0.013494160026311874,0.0781984031200409,0.3929724395275116,1.1662296056747437,3.0,-0.3370916247367859,0.08889509737491608,0.7129800915718079,0.33458396792411804,4.0,-0.31372737884521484,0.09233823418617249,0.7525159120559692,1.0703905820846558
1692309280.8535037,"[label: ""height""
size: 5
stride: 25, label: ""width""
size: 5
stride: 5]",0,6.0,-0.047853097319602966,0.07541653513908386,0.3476470708847046,0.1167510375380516,7.0,-0.011132277548313141,0.07671283930540085,0.3621704578399658,0.6065322756767273,8.0,0.014383592642843723,0.07848689705133438,0.3951980471611023,1.1539329290390015,3.0,-0.3423718810081482,0.08871588110923767,0.7261224389076233,0.44165629148483276,4.0,-0.3135696053504944,0.0907101184129715,0.7543609738349915,1.0357496738433838
1692309280.9546285,"[label: ""height""
size: 5
stride: 25, label: ""width""
size: 5
stride: 5]",0,6.0,-0.047764431685209274,0.07644953578710556,0.34661805629730225,0.05622626468539238,7.0,-0.010779167525470257,0.07627926021814346,0.35598671436309814,0.6163444519042969,8.0,0.014598513022065163,0.07901006191968918,0.39221999049186707,1.1564782857894897,3.0,-0.33103474974632263,0.08823595941066742,0.7033637166023254,0.48441529273986816,4.0,-0.31256720423698425,0.0931611880660057,0.7541753649711609,1.060440182685852
1692309281.0529482,"[label: ""height""
size: 5
stride: 25, label: ""width""
size: 5
stride: 5]",0,6.0,-0.04623701795935631,0.07391796261072159,0.3420276343822479,0.11523038148880005,7.0,-0.009521565400063992,0.07530878484249115,0.3575596213340759,0.5927145481109619,8.0,0.015900440514087677,0.07683300226926804,0.3885059058666229,1.1463786363601685,3.0,-0.3356025815010071,0.08703761547803879,0.7165927290916443,0.27399662137031555,4.0,-0.3096851408481598,0.08969336003065109,0.7509406208992004,1.0410780906677246
1692309281.1543837,"[label: ""height""
size: 5
stride: 25, label: ""width""
size: 5
stride: 5]",0,6.0,-0.04559621959924698,0.07493826001882553,0.34103092551231384,0.05597856640815735,7.0,-0.008819717913866043,0.07672367990016937,0.35876819491386414,0.6003984808921814,8.0,0.01687471941113472,0.07731404900550842,0.385389506816864,1.1566802263259888,3.0,-0.32767999172210693,0.08742234110832214,0.7023418545722961,0.48228099942207336,4.0,-0.3043442666530609,0.08996659517288208,0.7407013177871704,-0.29392802715301514
1692309281.253568,"[label: ""height""
size: 5
stride: 25, label: ""width""
size: 5
stride: 5]",0,6.0,-0.04457414522767067,0.07439819723367691,0.33845967054367065,0.039261624217033386,7.0,-0.007601568475365639,0.07491724193096161,0.3510330021381378,0.6135454177856445,8.0,0.01782686449587345,0.0772920623421669,0.3852689266204834,1.1352590322494507,3.0,-0.3348250389099121,0.08818605542182922,0.7161861062049866,0.2759098708629608,4.0,-0.3032006025314331,0.08924473077058792,0.7396422028541565,1.0562273263931274
1692309281.3565667,"[label: ""height""
size: 5
stride: 25, label: ""width""
size: 5
stride: 5]",0,6.0,-0.044075027108192444,0.07353263348340988,0.3391476273536682,0.07630591839551926,7.0,-0.007217360660433769,0.07457183301448822,0.3527562618255615,0.5916374921798706,8.0,0.018590325489640236,0.07674883306026459,0.3880748152732849,1.1315523386001587,3.0,-0.3337465822696686,0.08658754825592041,0.7146633267402649,0.4385508596897125,4.0,-0.307271808385849,0.08899927884340286,0.7503067851066589,1.012186050415039
1692309281.4574485,"[label: ""height""
size: 6
stride: 30, label: ""width""
size: 5
stride: 5]",0,6.0,-0.04352854564785957,0.07446080446243286,0.33919259905815125,0.07248515635728836,7.0,-0.006451823282986879,0.07490459084510803,0.3509688973426819,0.6104956865310669,8.0,0.01924518123269081,0.07653005421161652,0.3822759687900543,1.152469515800476,3.0,-0.3278195858001709,0.08688461780548096,0.7026277184486389,0.46709269285202026,4.0,-0.3024757206439972,0.08921267837285995,0.7393574118614197,1.0025948286056519,5.0,-0.29711470007896423,0.09304393082857132,0.7926463484764099,-0.827473521232605
1692309281.5509694,"[label: ""height""
size: 6
stride: 30, label: ""width""
size: 5
stride: 5]",0,6.0,-0.04339063540101051,0.07329358160495758,0.33387109637260437,0.07086475193500519,7.0,-0.006528531666845083,0.07436609268188477,0.34779733419418335,0.6109826564788818,8.0,0.019072847440838814,0.07567553222179413,0.3787901699542999,1.1566529273986816,3.0,-0.33356237411499023,0.08619678020477295,0.7091687321662903,0.30366936326026917,4.0,-0.30004623532295227,0.08621649444103241,0.7268912196159363,1.057334303855896,5.0,-0.28879109025001526,0.08803971111774445,0.7660737633705139,1.5239847898483276
1692309281.6491175,"[label: ""height""
size: 6
stride: 30, label: ""width""
size: 5
stride: 5]",0,6.0,-0.0432589128613472,0.07234950363636017,0.32872530817985535,0.07196744531393051,7.0,-0.006540954113006592,0.07283865660429001,0.34195131063461304,0.6218222975730896,8.0,0.018881920725107193,0.07597054541110992,0.38102060556411743,1.1374540328979492,3.0,-0.32761913537979126,0.08410905301570892,0.6942376494407654,0.4158836305141449,4.0,-0.30124107003211975,0.08621759712696075,0.7269013524055481,1.059443712234497,5.0,-0.29544657468795776,0.08990401774644852,0.7795051336288452,1.5464352369308472
1692309281.7514358,"[label: ""height""
size: 6
stride: 30, label: ""width""
size: 5
stride: 5]",0,6.0,-0.042922742664813995,0.07176542282104492,0.32463085651397705,0.13769817352294922,7.0,-0.00650576688349247,0.07280527055263519,0.3404257893562317,0.6289476752281189,8.0,0.01887078955769539,0.07439931482076645,0.3747142553329468,1.1616792678833008,3.0,-0.3240531384944916,0.08230864256620407,0.6837965846061707,0.4902426302433014,4.0,-0.30719852447509766,0.08675780147314072,0.7390665411949158,1.0121749639511108,5.0,-0.2966676354408264,0.08861111849546432,0.7793577313423157,1.54827082157135
1692309281.8474307,"[label: ""height""
size: 6
stride: 30, label: ""width""
size: 5
stride: 5]",0,6.0,-0.04368527606129646,0.07165709137916565,0.3256834149360657,0.1838912069797516,7.0,-0.0068602729588747025,0.07207275182008743,0.3376430571079254,0.6284064054489136,8.0,0.018149109557271004,0.07410044968128204,0.3724591135978699,1.1642560958862305,3.0,-0.337237685918808,0.08344689756631851,0.7054234743118286,0.41500580310821533,4.0,-0.31014880537986755,0.08552701026201248,0.738885760307312,1.01812744140625,5.0,-0.29979607462882996,0.08731671422719955,0.7791916131973267,1.5496183633804321
1692309281.9493725,"[label: ""height""
size: 6
stride: 30, label: ""width""
size: 5
stride: 5]",0,6.0,-0.04466535151004791,0.07170926779508591,0.3199644088745117,0.1324673593044281,7.0,-0.007833159528672695,0.07206716388463974,0.332561731338501,0.6265338659286499,8.0,0.016767293214797974,0.0738794356584549,0.365351140499115,1.166184902191162,3.0,-0.334482878446579,0.08344202488660812,0.6918717622756958,0.30973172187805176,4.0,-0.30234295129776,0.08365681022405624,0.7126837968826294,1.0973533391952515,5.0,-0.2983909547328949,0.08756148815155029,0.7673759460449219,1.5271000862121582
1692309282.0475945,"[label: ""height""
size: 6
stride: 30, label: ""width""
size: 5
stride: 5]",0,6.0,-0.04507293924689293,0.07070004194974899,0.31666627526283264,0.17020414769649506,7.0,-0.008243005722761154,0.07025622576475143,0.3279648423194885,0.6477345824241638,8.0,0.016321560367941856,0.07267322391271591,0.36530041694641113,1.1586065292358398,3.0,-0.3381613790988922,0.08134625107049942,0.6929433345794678,0.23598890006542206,4.0,-0.30646172165870667,0.08214870095252991,0.7148044109344482,1.0734401941299438,5.0,-0.2955295443534851,0.0836622565984726,0.7521019577980042,1.5378117561340332
1692309282.1516056,"[label: ""height""
size: 6
stride: 30, label: ""width""
size: 5
stride: 5]",0,6.0,-0.046341441571712494,0.07009503245353699,0.31252315640449524,0.09949950128793716,7.0,-0.009968379512429237,0.07066849619150162,0.3273449242115021,0.6429284811019897,8.0,0.014714451506733894,0.07261217385530472,0.36278846859931946,1.182242751121521,3.0,-0.34095510840415955,0.0797613188624382,0.6896362900733948,0.46481332182884216,4.0,-0.31587016582489014,0.08258391916751862,0.7263262271881104,1.0358843803405762,5.0,-0.3002435863018036,0.0832412838935852,0.7538644075393677,1.4981696605682373
1692309282.2478547,"[label: ""height""
size: 6
stride: 30, label: ""width""
size: 5
stride: 5]",0,6.0,-0.047677863389253616,0.07121802866458893,0.31096985936164856,0.1880398839712143,7.0,-0.011059843003749847,0.07158329337835312,0.3242868185043335,0.6445289850234985,8.0,0.013436149805784225,0.0730292871594429,0.3561558127403259,1.1837512254714966,3.0,-0.33558228611946106,0.07981342077255249,0.6706114411354065,0.6537056565284729,4.0,-0.3187173306941986,0.08410509675741196,0.7240169644355774,1.0217890739440918,5.0,-0.3038228750228882,0.08488847315311432,0.7520591616630554,1.540773868560791
1692309282.350429,"[label: ""height""
size: 5
stride: 25, label: ""width""
size: 5
stride: 5]",0,6.0,-0.048613887280225754,0.06970202922821045,0.30458831787109375,0.1384280025959015,7.0,-0.012485433369874954,0.06980770826339722,0.31737104058265686,0.6695272922515869,8.0,0.011740867048501968,0.07169006019830704,0.35316312313079834,1.1829391717910767,3.0,-0.34673044085502625,0.07920058071613312,0.6837912201881409,0.5003482103347778,4.0,-0.3183952569961548,0.0808224156498909,0.7133549451828003,1.0229324102401733
1692309282.4485736,"[label: ""height""
size: 4
stride: 20, label: ""width""
size: 5
stride: 5]",0,6.0,-0.04996489733457565,0.06973686069250107,0.3031952679157257,0.1777300238609314,7.0,-0.013869905844330788,0.07130105048418045,0.3216812014579773,0.6140345931053162,8.0,0.010878096334636211,0.07230525463819504,0.35333237051963806,1.1838942766189575,4.0,-0.3177525997161865,0.08012942224740982,0.7048154473304749,1.0684683322906494
1692309282.5498054,"[label: ""height""
size: 5
stride: 25, label: ""width""
size: 5
stride: 5]",0,6.0,-0.05119168385863304,0.07038397341966629,0.3007315993309021,0.14339981973171234,7.0,-0.014756342396140099,0.07114629447460175,0.3158125579357147,0.6310408711433411,8.0,0.00957573764026165,0.07223398983478546,0.3474764823913574,1.1770312786102295,4.0,-0.30957141518592834,0.07848826050758362,0.6805405020713806,1.0743225812911987,5.0,-0.3136301040649414,0.08364370465278625,0.751937747001648,1.532982587814331
1692309282.6471493,"[label: ""height""
size: 5
stride: 25, label: ""width""
size: 5
stride: 5]",0,6.0,-0.05211737006902695,0.06861412525177002,0.2958643138408661,0.0836917832493782,7.0,-0.015498561784625053,0.06878133863210678,0.30810996890068054,0.6593246459960938,8.0,0.008442513644695282,0.07023634761571884,0.3419193923473358,1.1942740678787231,4.0,-0.31801480054855347,0.07665007561445236,0.6916093230247498,1.058829426765442,5.0,-0.311992347240448,0.07951390743255615,0.7393051981925964,1.5148133039474487
1692309282.749276,"[label: ""height""
size: 5
stride: 25, label: ""width""
size: 5
stride: 5]",0,6.0,-0.05224592611193657,0.06867179274559021,0.2927897274494171,0.1290140450000763,7.0,-0.016239717602729797,0.06920462846755981,0.307717889547348,0.6384063959121704,8.0,0.00817412044852972,0.07080025225877762,0.34193527698516846,1.178004503250122,4.0,-0.32459360361099243,0.07817476987838745,0.7027634978294373,1.0655661821365356,5.0,-0.3179663121700287,0.08041702955961227,0.750540554523468,1.5289549827575684
1692309282.8489537,"[label: ""height""
size: 5
stride: 25, label: ""width""
size: 5
stride: 5]",0,6.0,-0.053518738597631454,0.06895827502012253,0.28938475251197815,0.14156825840473175,7.0,-0.017267322167754173,0.06957267969846725,0.30385497212409973,0.635809600353241,8.0,0.007098895963281393,0.07112974673509598,0.33689379692077637,1.1774671077728271,4.0,-0.32149767875671387,0.07780204713344574,0.6917909979820251,1.064897060394287,5.0,-0.31540361046791077,0.08074678480625153,0.7395092248916626,1.5218586921691895
1692309282.9485304,"[label: ""height""
size: 4
stride: 20, label: ""width""
size: 5
stride: 5]",0,6.0,-0.05523493513464928,0.06847083568572998,0.2881874740123749,0.20270846784114838,7.0,-0.018597697839140892,0.06828074157238007,0.29769662022590637,0.6465058326721191,8.0,0.005712208338081837,0.07061727344989777,0.3357526361942291,1.167341709136963,4.0,-0.32459336519241333,0.0754082053899765,0.6905481815338135,1.0498045682907104
1692309283.048686,"[label: ""height""
size: 5
stride: 25, label: ""width""
size: 5
stride: 5]",0,6.0,-0.05615593492984772,0.06797570735216141,0.2823905944824219,0.13617819547653198,7.0,-0.020142989233136177,0.06952866911888123,0.30049800872802734,0.62525475025177,8.0,0.004717090632766485,0.07068122178316116,0.3328467309474945,1.1657086610794067,4.0,-0.32217293977737427,0.07621156424283981,0.6800904870033264,1.0517324209213257,5.0,-0.31656911969184875,0.07862304896116257,0.7282590270042419,1.5002140998840332
1692309283.1508212,"[label: ""height""
size: 5
stride: 25, label: ""width""
size: 5
stride: 5]",0,6.0,-0.056794364005327225,0.06834759563207626,0.28024008870124817,0.10407696664333344,7.0,-0.02031332068145275,0.06909071654081345,0.2943449318408966,0.6212546229362488,8.0,0.004101732280105352,0.07029058039188385,0.326654314994812,1.17379891872406,4.0,-0.3230736255645752,0.07541333884000778,0.6778905987739563,1.085463047027588,5.0,-0.3178415596485138,0.07782843708992004,0.7264125943183899,1.533953309059143
1692309283.2489529,"[label: ""height""
size: 5
stride: 25, label: ""width""
size: 5
stride: 5]",0,6.0,-0.05776536464691162,0.06850433349609375,0.2791682481765747,0.16451841592788696,7.0,-0.021146174520254135,0.06915318220853806,0.2926905155181885,0.633067786693573,8.0,0.003183097578585148,0.07100941240787506,0.32809630036354065,1.167382836341858,4.0,-0.3225478231906891,0.07479125261306763,0.6698960661888123,1.1054741144180298,5.0,-0.3168395161628723,0.0769396498799324,0.715430736541748,-0.7636266946792603
1692309283.3496335,"[label: ""height""
size: 4
stride: 20, label: ""width""
size: 5
stride: 5]",0,6.0,-0.05905025452375412,0.06901732087135315,0.2770431637763977,0.14200808107852936,7.0,-0.02200378105044365,0.06899630278348923,0.28845322132110596,0.63692307472229,8.0,0.002085162326693535,0.07083291560411453,0.32364755868911743,1.1758379936218262,4.0,-0.32444530725479126,0.07508526742458344,0.667600154876709,1.0949733257293701
1692309283.4579616,"[label: ""height""
size: 5
stride: 25, label: ""width""
size: 5
stride: 5]",0,6.0,-0.059584856033325195,0.06825616210699081,0.27284982800483704,0.16073890030384064,7.0,-0.023097053170204163,0.06887732446193695,0.28605714440345764,0.6414903402328491,8.0,0.0010253128129988909,0.07139092683792114,0.3237827718257904,1.1787887811660767,4.0,-0.334496408700943,0.07628581672906876,0.6808024644851685,1.0492361783981323,5.0,-0.32250818610191345,0.07748022675514221,0.714978814125061,1.4936692714691162
1692309283.5587478,"[label: ""height""
size: 5
stride: 25, label: ""width""
size: 5
stride: 5]",0,6.0,-0.06134496256709099,0.06912863999605179,0.2726587951183319,0.14553482830524445,7.0,-0.02450123429298401,0.06925088167190552,0.2846429646015167,0.6183937191963196,8.0,-0.00026851834263652563,0.07000146806240082,0.3140365183353424,1.179777979850769,4.0,-0.3306523263454437,0.07628137618303299,0.6685454249382019,1.0807807445526123,5.0,-0.3194831907749176,0.07706215977668762,0.7031698822975159,1.491307258605957
1692309283.657884,"[label: ""height""
size: 5
stride: 25, label: ""width""
size: 5
stride: 5]",0,6.0,-0.06123051047325134,0.06868284195661545,0.2689416706562042,0.18548479676246643,7.0,-0.02470678649842739,0.06925595551729202,0.28188538551330566,0.6360443234443665,8.0,-0.0006630715797655284,0.07173419743776321,0.3182663321495056,1.167468547821045,4.0,-0.3328550159931183,0.07628405839204788,0.6685709953308105,1.0851670503616333,5.0,-0.32724884152412415,0.07866381108760834,0.7150983214378357,1.487516164779663
1692309283.7611787,"[label: ""height""
size: 4
stride: 20, label: ""width""
size: 5
stride: 5]",0,6.0,-0.06261846423149109,0.06920026987791061,0.26673442125320435,0.15351645648479462,7.0,-0.026381999254226685,0.07016230374574661,0.28141728043556213,0.6565914750099182,8.0,-0.002329030307009816,0.07162585854530334,0.3144170045852661,1.185478687286377,4.0,-0.33209529519081116,0.07707027345895767,0.6589378714561462,1.0892481803894043
1692309283.8502223,"[label: ""height""
size: 4
stride: 20, label: ""width""
size: 5
stride: 5]",0,6.0,-0.06283272802829742,0.06818871200084686,0.2652762830257416,0.14112858474254608,7.0,-0.026931297034025192,0.0693947970867157,0.2811233401298523,0.6501550674438477,8.0,-0.0028429608792066574,0.07108999043703079,0.3143194615840912,1.1873483657836914,4.0,-0.3347909450531006,0.0755741149187088,0.6599954962730408,1.0907506942749023
1692309283.9524584,"[label: ""height""
size: 4
stride: 20, label: ""width""
size: 5
stride: 5]",0,6.0,-0.06340155005455017,0.06946904957294464,0.26362088322639465,0.14790639281272888,7.0,-0.027422234416007996,0.07062254846096039,0.27913498878479004,0.6387385725975037,8.0,-0.0037443339824676514,0.07259107381105423,0.31469935178756714,1.1832349300384521,4.0,-0.33651670813560486,0.07817234098911285,0.6591421365737915,1.097508192062378
1692309284.0473797,"[label: ""height""
size: 4
stride: 20, label: ""width""
size: 5
stride: 5]",0,6.0,-0.06541819870471954,0.06897246837615967,0.2642083764076233,0.11825725436210632,7.0,-0.02880941703915596,0.06949508190155029,0.2782277464866638,0.6382083296775818,8.0,-0.00497450539842248,0.0710596814751625,0.31137651205062866,1.1907306909561157,4.0,-0.3385283052921295,0.07598182559013367,0.658855676651001,1.1027461290359497
1692309284.150066,"[label: ""height""
size: 3
stride: 15, label: ""width""
size: 5
stride: 5]",0,6.0,-0.06585843116044998,0.06961119920015335,0.26042258739471436,0.12332554906606674,7.0,-0.02970881573855877,0.0707402154803276,0.27512747049331665,0.6485757827758789,8.0,-0.00583948427811265,0.07271108031272888,0.3108208477497101,1.1711721420288086
1692309284.2469335,"[label: ""height""
size: 3
stride: 15, label: ""width""
size: 5
stride: 5]",0,6.0,-0.06718099117279053,0.06879893690347672,0.26058804988861084,0.12351121008396149,7.0,-0.03067185916006565,0.06914437562227249,0.2737801671028137,0.662661075592041,8.0,-0.00681039784103632,0.07110010087490082,0.30880576372146606,1.1772773265838623
1692309284.348377,"[label: ""height""
size: 3
stride: 15, label: ""width""
size: 5
stride: 5]",0,6.0,-0.06837140023708344,0.07068950682878494,0.2614857256412506,0.12655727565288544,7.0,-0.031427051872015,0.07029065489768982,0.27169129252433777,0.6666421294212341,8.0,-0.00793445948511362,0.07256603240966797,0.3081032633781433,1.188645601272583
1692309284.448273,"[label: ""height""
size: 3
stride: 15, label: ""width""
size: 5
stride: 5]",0,6.0,-0.06901151686906815,0.0693596825003624,0.25907468795776367,0.1282968521118164,7.0,-0.032690081745386124,0.06981292366981506,0.2728233337402344,0.6411141753196716,8.0,-0.008798552677035332,0.07146033644676208,0.3076620399951935,1.1846132278442383
1692309284.5587595,"[label: ""height""
size: 3
stride: 15, label: ""width""
size: 5
stride: 5]",0,6.0,-0.07000013440847397,0.07075383514165878,0.2607054114341736,0.11118201911449432,7.0,-0.03322179615497589,0.07099270820617676,0.2727457582950592,0.6790114045143127,8.0,-0.00974145345389843,0.0723804384469986,0.3057253658771515,1.1905882358551025
1692309284.6562371,"[label: ""height""
size: 3
stride: 15, label: ""width""
size: 5
stride: 5]",0,6.0,-0.06944944709539413,0.07008267194032669,0.25911080837249756,0.1249513030052185,7.0,-0.032980047166347504,0.07040132582187653,0.2725217044353485,0.6567996740341187,8.0,-0.009502037428319454,0.07187749445438385,0.3057194948196411,1.2053090333938599
1692309284.7589529,"[label: ""height""
size: 3
stride: 15, label: ""width""
size: 5
stride: 5]",0,6.0,-0.06937708705663681,0.07034222781658173,0.25964248180389404,0.12750396132469177,7.0,-0.03284904360771179,0.0702594742178917,0.27156850695610046,0.6848851442337036,8.0,-0.01008174754679203,0.07254867255687714,0.30802932381629944,1.203452467918396
1692309284.8534284,"[label: ""height""
size: 3
stride: 15, label: ""width""
size: 5
stride: 5]",0,6.0,-0.06876950711011887,0.07076374441385269,0.2599067986011505,0.16030403971672058,7.0,-0.033014729619026184,0.07164207845926285,0.2764793336391449,0.6800667643547058,8.0,-0.009844094514846802,0.07256965339183807,0.3081274926662445,1.2179021835327148
1692309284.9660344,"[label: ""height""
size: 3
stride: 15, label: ""width""
size: 5
stride: 5]",0,6.0,-0.06745760887861252,0.07130614668130875,0.2608976364135742,0.13741271197795868,7.0,-0.031656231731176376,0.0720878392457962,0.27644842863082886,0.6745232343673706,8.0,-0.00859933439642191,0.07311467081308365,0.30831027030944824,1.2287193536758423
1692309285.0658834,"[label: ""height""
size: 3
stride: 15, label: ""width""
size: 5
stride: 5]",0,6.0,-0.06615433841943741,0.07090992480516434,0.2621445953845978,0.15104904770851135,7.0,-0.030352028086781502,0.07170385867357254,0.27892473340034485,0.6768741607666016,8.0,-0.007630972657352686,0.07261611521244049,0.30992403626441956,1.2243760824203491
1692309285.1619735,"[label: ""height""
size: 3
stride: 15, label: ""width""
size: 5
stride: 5]",0,6.0,-0.06448978185653687,0.07197923958301544,0.2636217474937439,0.14144814014434814,7.0,-0.028795311227440834,0.07287424057722092,0.2803601324558258,0.6754068732261658,8.0,-0.00584154250100255,0.0744190439581871,0.31540340185165405,1.2180439233779907
1692309285.2555766,"[label: ""height""
size: 4
stride: 20, label: ""width""
size: 5
stride: 5]",0,6.0,-0.06235460564494133,0.0716685950756073,0.26525822281837463,0.1741485297679901,7.0,-0.02679082565009594,0.07275938242673874,0.2820964455604553,0.6677619814872742,8.0,-0.0036777216009795666,0.07451183348894119,0.3174389600753784,1.2173799276351929,4.0,-0.33381912112236023,0.08220367133617401,0.6612781882286072,1.0840485095977783
1692309285.358952,"[label: ""height""
size: 4
stride: 20, label: ""width""
size: 5
stride: 5]",0,6.0,-0.060145601630210876,0.0710870772600174,0.26642173528671265,0.15241719782352448,7.0,-0.024256739765405655,0.07185729593038559,0.28219303488731384,0.6808642745018005,8.0,-0.0010753843234851956,0.07356961071491241,0.3167296051979065,1.2105627059936523,4.0,-0.3250335156917572,0.08001014590263367,0.6610321998596191,1.0670474767684937
1692309285.4577715,"[label: ""height""
size: 4
stride: 20, label: ""width""
size: 5
stride: 5]",0,6.0,-0.058366142213344574,0.07147751748561859,0.26797565817832947,0.09878205507993698,7.0,-0.022520409896969795,0.07217994332313538,0.28354641795158386,0.6898135542869568,8.0,0.0010054971789941192,0.07410731166601181,0.3195875883102417,1.2000828981399536,4.0,-0.32397279143333435,0.08150586485862732,0.6711425185203552,1.0804376602172852
1692309285.5656989,"[label: ""height""
size: 4
stride: 20, label: ""width""
size: 5
stride: 5]",0,6.0,-0.055274348706007004,0.07165877521038055,0.27113720774650574,0.1049409881234169,7.0,-0.018957436084747314,0.07211367040872574,0.28554674983024597,0.6644960641860962,8.0,0.004897455219179392,0.07334800809621811,0.3180083632469177,1.2046656608581543,4.0,-0.3128068745136261,0.08134754002094269,0.6698501706123352,-0.17957180738449097
1692309285.6561859,"[label: ""height""
size: 4
stride: 20, label: ""width""
size: 5
stride: 5]",0,6.0,-0.052419938147068024,0.0722888633608818,0.2731366455554962,0.12160953879356384,7.0,-0.01587398536503315,0.07250367850065231,0.28656238317489624,0.6365385055541992,8.0,0.008059213869273663,0.07409611344337463,0.3195348083972931,1.1941883563995361,4.0,-0.30644136667251587,0.08307290822267532,0.681636393070221,1.0401962995529175
1692309285.757857,"[label: ""height""
size: 5
stride: 25, label: ""width""
size: 5
stride: 5]",0,6.0,-0.04923541471362114,0.07035265862941742,0.2710219919681549,0.12330932915210724,7.0,-0.013356971554458141,0.0716366246342659,0.28784915804862976,0.6436026692390442,8.0,0.01121897716075182,0.0729246437549591,0.320117712020874,1.1828855276107788,3.0,-0.3330763280391693,0.08173612505197525,0.6680868864059448,0.3578699231147766,4.0,-0.3016979396343231,0.08220755308866501,0.6909059882164001,-0.19444763660430908
1692309285.8561082,"[label: ""height""
size: 5
stride: 25, label: ""width""
size: 5
stride: 5]",0,6.0,-0.046211037784814835,0.07160110026597977,0.2764908969402313,0.07507910579442978,7.0,-0.009315690025687218,0.07212994247674942,0.2897184193134308,0.6074666380882263,8.0,0.015776043757796288,0.07348880171775818,0.32198047637939453,1.1519254446029663,3.0,-0.3180173933506012,0.08084753900766373,0.6660171151161194,0.6285567879676819,4.0,-0.2869957685470581,0.0816182941198349,0.6905587315559387,1.0529695749282837
1692309285.9600568,"[label: ""height""
size: 5
stride: 25, label: ""width""
size: 5
stride: 5]",0,6.0,-0.044472236186265945,0.07085473090410233,0.27526894211769104,0.03575422987341881,7.0,-0.007866211235523224,0.0715445801615715,0.2888263761997223,0.6058586835861206,8.0,0.01772005297243595,0.07377643138170242,0.32382732629776,1.144911766052246,3.0,-0.3109287917613983,0.08091066777706146,0.6656983494758606,0.2793540358543396,4.0,-0.28018873929977417,0.08161285519599915,0.6905078291893005,1.0401915311813354
1692309286.0598812,"[label: ""height""
size: 4
stride: 20, label: ""width""
size: 5
stride: 5]",0,6.0,-0.04233039543032646,0.07194120436906815,0.27917182445526123,0.061208561062812805,7.0,-0.005089432001113892,0.07249509543180466,0.2912043333053589,0.5820187330245972,8.0,0.020942825824022293,0.07415767759084702,0.32429954409599304,1.117695689201355,3.0,-0.29691416025161743,0.08060230314731598,0.6615071296691895,0.57285076379776
1692309286.1597526,"[label: ""height""
size: 5
stride: 25, label: ""width""
size: 5
stride: 5]",0,6.0,-0.040923770517110825,0.07038604468107224,0.2787623703479767,0.03839574381709099,7.0,-0.0038024764508008957,0.07141169160604477,0.2920660674571991,0.561383068561554,8.0,0.022665932774543762,0.07307135313749313,0.32418501377105713,1.104814887046814,3.0,-0.2942037582397461,0.07980626821517944,0.6704604029655457,0.2856328785419464,4.0,-0.2753197252750397,0.0838279202580452,0.7268360257148743,0.9866380095481873
1692309286.251276,"[label: ""height""
size: 5
stride: 25, label: ""width""
size: 5
stride: 5]",0,6.0,-0.03997800499200821,0.07016146928071976,0.27910807728767395,0.009375002235174179,7.0,-0.0028451108373701572,0.07089260965585709,0.29188695549964905,0.559111475944519,8.0,0.023987123742699623,0.07226219028234482,0.32235196232795715,1.110127329826355,3.0,-0.29405686259269714,0.07958659529685974,0.682264506816864,0.3283933401107788,4.0,-0.2661575675010681,0.08099713921546936,0.7150387167930603,0.9998226165771484
1692309286.3664184,"[label: ""height""
size: 5
stride: 25, label: ""width""
size: 5
stride: 5]",0,6.0,-0.03920862823724747,0.07146986573934555,0.283469557762146,0.010193228721618652,7.0,-0.0015429509803652763,0.07143392413854599,0.2921551465988159,0.5396014451980591,8.0,0.02558155544102192,0.07303404808044434,0.32400187849998474,1.0801328420639038,3.0,-0.281810462474823,0.07977045327425003,0.6701556444168091,0.0981445387005806,4.0,-0.2621513605117798,0.08371887356042862,0.7258113026618958,0.9370697736740112
1692309286.456827,"[label: ""height""
size: 5
stride: 25, label: ""width""
size: 5
stride: 5]",0,6.0,-0.03906426951289177,0.07109807431697845,0.28486114740371704,-0.0022057669702917337,7.0,-0.0010897140018641949,0.0714283213019371,0.29458898305892944,0.522594690322876,8.0,0.026745637878775597,0.07241425663232803,0.32357457280158997,1.0690850019454956,3.0,-0.2773061990737915,0.07904204726219177,0.6717101335525513,0.5495568513870239,4.0,-0.2523479461669922,0.08129549771547318,0.7124289870262146,0.9820597171783447
1692309286.560329,"[label: ""height""
size: 5
stride: 25, label: ""width""
size: 5
stride: 5]",0,6.0,-0.03885907679796219,0.07097703218460083,0.28571897745132446,-0.02856793999671936,7.0,-0.0011162676382809877,0.0719413235783577,0.29720619320869446,0.5055712461471558,8.0,0.027008021250367165,0.07238495349884033,0.32343021035194397,1.0520354509353638,3.0,-0.27931591868400574,0.08008720725774765,0.6866405010223389,0.40766221284866333,4.0,-0.2524872422218323,0.08187185972929001,0.7253670692443848,0.9770203828811646
1692309286.6583245,"[label: ""height""
size: 5
stride: 25, label: ""width""
size: 5
stride: 5]",0,6.0,-0.038737546652555466,0.07044529914855957,0.2874629497528076,-0.024067776277661324,7.0,-0.0006470131920650601,0.07156340777873993,0.2991856634616852,0.49310776591300964,8.0,0.027781249955296516,0.07237152755260468,0.32633519172668457,1.0458909273147583,3.0,-0.27220097184181213,0.07752856612205505,0.6766828298568726,0.4326564371585846,4.0,-0.24575482308864594,0.07899391651153564,0.712762713432312,0.9951477646827698
1692309286.7603648,"[label: ""height""
size: 5
stride: 25, label: ""width""
size: 5
stride: 5]",0,6.0,-0.039756860584020615,0.07090753316879272,0.28949737548828125,-0.05708828940987587,7.0,-0.0014994664816185832,0.07133752107620239,0.2981698513031006,0.4870269000530243,8.0,0.026978803798556328,0.07234742492437363,0.3262152373790741,1.0316177606582642,3.0,-0.27035918831825256,0.07796458154916763,0.6756700873374939,0.5570294260978699,4.0,-0.24519158899784088,0.07962793856859207,0.7133190035820007,-0.3145463764667511
1692309286.8588667,"[label: ""height""
size: 5
stride: 25, label: ""width""
size: 5
stride: 5]",0,6.0,-0.04021603986620903,0.0707782432436943,0.28931725025177,-0.06619672477245331,7.0,-0.0022322454024106264,0.07137255370616913,0.2983343303203583,0.4895135164260864,8.0,0.026655098423361778,0.07307027280330658,0.3288628160953522,1.0291097164154053,3.0,-0.2743932902812958,0.07915075123310089,0.6855144500732422,0.3437901735305786,4.0,-0.24938365817070007,0.08142893761396408,0.7267071008682251,0.9669915437698364
1692309286.9585242,"[label: ""height""
size: 5
stride: 25, label: ""width""
size: 5
stride: 5]",0,6.0,-0.04140033200383186,0.07018913328647614,0.2912789583206177,-0.025589117780327797,7.0,-0.0030917073599994183,0.07058540731668472,0.2991989254951477,0.5012434720993042,8.0,0.02552475966513157,0.07209216058254242,0.3298785388469696,1.0233864784240723,3.0,-0.27712565660476685,0.07734627276659012,0.6867852210998535,0.4034993052482605,4.0,-0.25167542695999146,0.07902222871780396,0.7264517545700073,0.9717993140220642
1692309287.0556197,"[label: ""height""
size: 5
stride: 25, label: ""width""
size: 5
stride: 5]",0,6.0,-0.04243486374616623,0.07062804698944092,0.293244868516922,-0.05979324132204056,7.0,-0.004138775169849396,0.07116526365280151,0.3026493191719055,0.4830639362335205,8.0,0.0239906944334507,0.07113464176654816,0.32551705837249756,1.0413376092910767,3.0,-0.2747496962547302,0.07685868442058563,0.6765658259391785,0.21764251589775085,4.0,-0.2452569305896759,0.07703928649425507,0.7029798626899719,1.0649640560150146
1692309287.157738,"[label: ""height""
size: 5
stride: 25, label: ""width""
size: 5
stride: 5]",0,6.0,-0.04252318665385246,0.07079268246889114,0.292622447013855,0.0005834854673594236,7.0,-0.004743029363453388,0.07160824537277222,0.30241066217422485,0.5012681484222412,8.0,0.023870527744293213,0.07326024025678635,0.3333622217178345,1.0402196645736694,3.0,-0.2766631245613098,0.07765939831733704,0.6765998005867004,0.29833200573921204,4.0,-0.25058645009994507,0.07895684242248535,0.712390661239624,1.0297874212265015
1692309287.2568946,"[label: ""height""
size: 5
stride: 25, label: ""width""
size: 5
stride: 5]",0,6.0,-0.043171461671590805,0.06993261724710464,0.2952272295951843,-0.026918193325400352,7.0,-0.005156215745955706,0.0705096647143364,0.3045925796031952,0.5031543374061584,8.0,0.02295306697487831,0.07202713936567307,0.33398231863975525,1.050369143486023,3.0,-0.28040093183517456,0.07587986439466476,0.6789877414703369,0.3390696942806244,4.0,-0.25330474972724915,0.07664612680673599,0.712645411491394,1.0582845211029053
1692309287.3624637,"[label: ""height""
size: 5
stride: 25, label: ""width""
size: 5
stride: 5]",0,6.0,-0.04325332120060921,0.06992065161466599,0.2952098548412323,0.007930257357656956,7.0,-0.005357572343200445,0.07020270824432373,0.30325883626937866,0.543835461139679,8.0,0.02230875939130783,0.07087405771017075,0.3305151164531708,1.0655994415283203,3.0,-0.2868950366973877,0.07666454464197159,0.689988374710083,0.4164099097251892,4.0,-0.25579461455345154,0.07722105085849762,0.7127304673194885,-0.33376961946487427
1692309287.461667,"[label: ""height""
size: 5
stride: 25, label: ""width""
size: 5
stride: 5]",0,6.0,-0.04353974759578705,0.07079803943634033,0.29692700505256653,-0.025892868638038635,7.0,-0.005565820727497339,0.07131204754114151,0.3064415156841278,0.5094135403633118,8.0,0.022067857906222343,0.07209092378616333,0.33298879861831665,1.0545748472213745,3.0,-0.28369957208633423,0.07740002125501633,0.6777400970458984,0.5063149929046631,4.0,-0.2626853883266449,0.08021677285432816,0.7264605760574341,1.0177299976348877
1692309287.557912,"[label: ""height""
size: 5
stride: 25, label: ""width""
size: 5
stride: 5]",0,6.0,-0.04459303990006447,0.07016122341156006,0.2993289530277252,0.007617199793457985,7.0,-0.006422747392207384,0.07021376490592957,0.3060119152069092,0.5301817655563354,8.0,0.021196579560637474,0.0716472640633583,0.3366943895816803,1.0692709684371948,3.0,-0.2922814190387726,0.07746676355600357,0.6906347274780273,0.3546124994754791,4.0,-0.2650342285633087,0.07893721759319305,0.7255669236183167,0.9980681538581848
1692309287.6541913,"[label: ""height""
size: 5
stride: 25, label: ""width""
size: 5
stride: 5]",0,6.0,-0.04384312406182289,0.06910348683595657,0.29668793082237244,0.0006196029135026038,7.0,-0.006246311590075493,0.07034854590892792,0.30940255522727966,0.5375413298606873,8.0,0.021434318274259567,0.07191883027553558,0.3405466079711914,1.0648292303085327,3.0,-0.2892478108406067,0.07503435760736465,0.6814835667610168,0.3409629464149475,4.0,-0.2653231620788574,0.07689332216978073,0.7231207489967346,1.003343105316162
1692309287.7558305,"[label: ""height""
size: 5
stride: 25, label: ""width""
size: 5
stride: 5]",0,6.0,-0.044263023883104324,0.07052290439605713,0.30134132504463196,0.020568327978253365,7.0,-0.006267855409532785,0.07093507051467896,0.3102504312992096,0.5344371199607849,8.0,0.02088899165391922,0.07154136151075363,0.3361644446849823,1.0707708597183228,3.0,-0.2861439287662506,0.07519367337226868,0.6705527901649475,0.5965881943702698,4.0,-0.2679409086704254,0.07900066673755646,0.7261977791786194,0.9748666286468506
1692309287.856649,"[label: ""height""
size: 5
stride: 25, label: ""width""
size: 5
stride: 5]",0,6.0,-0.044705621898174286,0.06966118514537811,0.30082109570503235,-0.00493659358471632,7.0,-0.006770805921405554,0.06988678872585297,0.3100999891757965,0.5370228886604309,8.0,0.02091614343225956,0.07186964154243469,0.3436185121536255,1.0710192918777466,3.0,-0.2966584861278534,0.07669036835432053,0.695113480091095,0.5649362802505493,4.0,-0.2720767557621002,0.07862191647291183,0.7365657687187195,0.9835465550422668
1692309287.9566154,"[label: ""height""
size: 5
stride: 25, label: ""width""
size: 5
stride: 5]",0,6.0,-0.04497632011771202,0.0694141685962677,0.303568959236145,0.007497204001992941,7.0,-0.006834603846073151,0.07002712786197662,0.312430739402771,0.5248889327049255,8.0,0.020621007308363914,0.0711699053645134,0.34093573689460754,1.066136360168457,3.0,-0.29553037881851196,0.07516679167747498,0.6917198896408081,0.460540771484375,4.0,-0.26849034428596497,0.07660818099975586,0.7260705828666687,1.0290114879608154
1692309288.0556376,"[label: ""height""
size: 5
stride: 25, label: ""width""
size: 5
stride: 5]",0,6.0,-0.04489128664135933,0.07007192075252533,0.3023989498615265,0.043534498661756516,7.0,-0.0071189808659255505,0.07078741490840912,0.3128437399864197,0.4913061559200287,8.0,0.02088618092238903,0.07201755046844482,0.34297317266464233,1.0546751022338867,3.0,-0.29227015376091003,0.0764053538441658,0.6894411444664001,0.5250657796859741,4.0,-0.26615819334983826,0.07781024277210236,0.7261968851089478,1.0245603322982788
1692309288.1571255,"[label: ""height""
size: 5
stride: 25, label: ""width""
size: 5
stride: 5]",0,6.0,-0.04488162323832512,0.06941120326519012,0.30351507663726807,-0.029374584555625916,7.0,-0.0073248944245278835,0.07065261900424957,0.31583088636398315,0.4893565773963928,8.0,0.02089909464120865,0.07113795727491379,0.3407677114009857,1.047989010810852,3.0,-0.29303672909736633,0.07663371413946152,0.694617748260498,0.5544353127479553,4.0,-0.26496636867523193,0.07780963182449341,0.726190447807312,1.0224645137786865
1692309288.2545495,"[label: ""height""
size: 5
stride: 25, label: ""width""
size: 5
stride: 5]",0,6.0,-0.0448477640748024,0.06924890726804733,0.3032034933567047,-0.04113246500492096,7.0,-0.00691610062494874,0.0705546960234642,0.3153618574142456,0.506261944770813,8.0,0.021057656034827232,0.07121415436267853,0.34115785360336304,1.0558602809906006,3.0,-0.2949148118495941,0.07668069750070572,0.7015967965126038,0.35280999541282654,4.0,-0.263723760843277,0.07660573720932007,0.7260444164276123,1.0206286907196045
1692309288.3553367,"[label: ""height""
size: 5
stride: 25, label: ""width""
size: 5
stride: 5]",0,6.0,-0.04577730596065521,0.07015497982501984,0.30786728858947754,-0.030119791626930237,7.0,-0.007272312883287668,0.07001212239265442,0.3140353262424469,0.5008987188339233,8.0,0.020892728120088577,0.07055917382240295,0.34066176414489746,1.0482069253921509,3.0,-0.29237595200538635,0.07615672796964645,0.6997714638710022,0.47474411129951477,4.0,-0.2625320851802826,0.07660511136054993,0.7260376811027527,1.0185328722000122
1692309288.4625335,"[label: ""height""
size: 6
stride: 30, label: ""width""
size: 5
stride: 5]",0,6.0,-0.04545670002698898,0.06972130388021469,0.30542102456092834,-0.07356070727109909,7.0,-0.007432818878442049,0.07056380808353424,0.31540563702583313,0.5076815485954285,8.0,0.02089909464120865,0.07113795727491379,0.3407677114009857,1.047989010810852,3.0,-0.28759339451789856,0.07636301964521408,0.6890453696250916,0.5084897875785828,4.0,-0.26210272312164307,0.07775836437940598,0.7256685495376587,1.043860673904419,5.0,-0.27009597420692444,0.08496510237455368,0.8210768699645996,-0.8866491913795471
1692309288.5596347,"[label: ""height""
size: 5
stride: 25, label: ""width""
size: 5
stride: 5]",0,6.0,-0.04574430361390114,0.07049744576215744,0.3075668215751648,-0.04149676859378815,7.0,-0.007435698062181473,0.07110114395618439,0.3155032992362976,0.5070599317550659,8.0,0.02110682614147663,0.07228370010852814,0.3442241847515106,1.0423219203948975,3.0,-0.2901953458786011,0.0779293030500412,0.6973209977149963,0.5079147219657898,4.0,-0.27088335156440735,0.0811489075422287,0.7516306638717651,0.9990148544311523
1692309288.6492007,"[label: ""height""
size: 5
stride: 25, label: ""width""
size: 5
stride: 5]",0,6.0,-0.045294761657714844,0.06934971362352371,0.3080589175224304,-0.023281892761588097,7.0,-0.0074308146722614765,0.07069164514541626,0.3194379210472107,0.4668594002723694,8.0,0.02135845087468624,0.0713849887251854,0.34599319100379944,1.0312037467956543,3.0,-0.293376088142395,0.07655066251754761,0.7036707997322083,0.629012942314148,4.0,-0.2620479166507721,0.07655465602874756,0.7255171537399292,1.0441383123397827
1692309288.751078,"[label: ""height""
size: 5
stride: 25, label: ""width""
size: 5
stride: 5]",0,6.0,-0.045495424419641495,0.07083971053361893,0.3095851242542267,0.0006372353527694941,7.0,-0.0075445594266057014,0.07168587297201157,0.31918996572494507,0.48493707180023193,8.0,0.021211866289377213,0.07251511514186859,0.345980703830719,1.040526032447815,3.0,-0.28925037384033203,0.07712844014167786,0.6906706690788269,0.21928861737251282,4.0,-0.268063485622406,0.07946515083312988,0.7387951016426086,1.0239096879959106
1692309288.8497148,"[label: ""height""
size: 5
stride: 25, label: ""width""
size: 5
stride: 5]",0,6.0,-0.04526899755001068,0.07093510031700134,0.3124562203884125,0.008068789727985859,7.0,-0.0070188711397349834,0.07113313674926758,0.31904706358909607,0.4841699004173279,8.0,0.02152613364160061,0.07204890996217728,0.3464928865432739,1.039061188697815,3.0,-0.29317402839660645,0.07814570516347885,0.7016277313232422,0.42327186465263367,4.0,-0.26787397265434265,0.07949198782444,0.7391006350517273,1.0484057664871216
1692309288.9580925,"[label: ""height""
size: 6
stride: 30, label: ""width""
size: 5
stride: 5]",0,6.0,-0.04392010346055031,0.06911280751228333,0.3090905547142029,-0.015827441588044167,7.0,-0.006234179716557264,0.07020937651395798,0.31964126229286194,0.5102378726005554,8.0,0.02253394015133381,0.07162406295537949,0.35130932927131653,1.0394688844680786,3.0,-0.294467955827713,0.07538411766290665,0.7035291790962219,0.6336772441864014,4.0,-0.2637239992618561,0.07541503012180328,0.7260345220565796,1.0703896284103394,5.0,-0.2532912492752075,0.07664111256599426,0.7649588584899902,1.5408574342727661
1692309289.0481935,"[label: ""height""
size: 5
stride: 25, label: ""width""
size: 5
stride: 5]",0,6.0,-0.04409712925553322,0.07118010520935059,0.3140447437763214,-0.00499382009729743,7.0,-0.005788176786154509,0.07184012979269028,0.32286337018013,0.48787274956703186,8.0,0.022271638736128807,0.07253352552652359,0.34947654604911804,1.0507607460021973,3.0,-0.28834861516952515,0.07647529244422913,0.6868172883987427,0.5051541924476624,4.0,-0.264415979385376,0.0778200626373291,0.7263014316558838,1.0709569454193115
1692309289.1511037,"[label: ""height""
size: 5
stride: 25, label: ""width""
size: 5
stride: 5]",0,6.0,-0.043745916336774826,0.07016580551862717,0.3104541599750519,-0.030018039047718048,7.0,-0.005883100908249617,0.07105752825737,0.32172077894210815,0.514887809753418,8.0,0.022428764030337334,0.07359340041875839,0.3566629886627197,1.0419209003448486,3.0,-0.2969311475753784,0.07772672176361084,0.7039073705673218,0.6388730406761169,4.0,-0.2667989134788513,0.07782095670700073,0.7263110280036926,1.0750269889831543
1692309289.2476575,"[label: ""height""
size: 5
stride: 25, label: ""width""
size: 5
stride: 5]",0,6.0,-0.043223608285188675,0.06991512328386307,0.31247904896736145,0.008795657195150852,7.0,-0.005450026597827673,0.07034491002559662,0.3203054368495941,0.5345466732978821,8.0,0.022248197346925735,0.07165631651878357,0.3514828383922577,1.058248519897461,3.0,-0.2992437481880188,0.07647890597581863,0.7032027244567871,0.5835025310516357,4.0,-0.26885905861854553,0.07662203162908554,0.7262573838233948,1.0543239116668701
1692309289.34893,"[label: ""height""
size: 5
stride: 25, label: ""width""
size: 5
stride: 5]",0,6.0,-0.04313355311751366,0.07094717025756836,0.31247252225875854,-0.030368758365511894,7.0,-0.005572665482759476,0.07250460237264633,0.3257632851600647,0.5034112334251404,8.0,0.022319667041301727,0.07340139150619507,0.3550415337085724,1.0623199939727783,3.0,-0.3004797399044037,0.07890133559703827,0.7041232585906982,0.6487420797348022,4.0,-0.26982933282852173,0.07902619987726212,0.7264617681503296,1.0798099040985107
1692309289.4473388,"[label: ""height""
size: 5
stride: 25, label: ""width""
size: 5
stride: 5]",0,6.0,-0.04256633669137955,0.06983646750450134,0.3105722963809967,0.022494763135910034,7.0,-0.005091240629553795,0.07064487785100937,0.32228243350982666,0.5396803021430969,8.0,0.022471830248832703,0.07227345556020737,0.3552267253398895,1.0709432363510132,3.0,-0.3015730381011963,0.07773414999246597,0.7039863467216492,0.6532658338546753,4.0,-0.27516382932662964,0.0786394476890564,0.7367493510246277,1.0415276288986206
1692309289.5503426,"[label: ""height""
size: 5
stride: 25, label: ""width""
size: 5
stride: 5]",0,6.0,-0.04232541099190712,0.0704733207821846,0.31359538435935974,0.03556957095861435,7.0,-0.004741566255688667,0.07109829783439636,0.3249310851097107,0.5375393033027649,8.0,0.02237403392791748,0.0716419667005539,0.3514174520969391,1.0849756002426147,3.0,-0.3069038987159729,0.0776243731379509,0.7113338708877563,0.30286645889282227,4.0,-0.28215980529785156,0.07981115579605103,0.7505186796188354,1.0211822986602783
1692309289.6481624,"[label: ""height""
size: 5
stride: 25, label: ""width""
size: 5
stride: 5]",0,6.0,-0.04178896173834801,0.07059425115585327,0.31413376331329346,0.0006239254144020379,7.0,-0.004179228097200394,0.07099822908639908,0.3231939971446991,0.5454920530319214,8.0,0.02317289263010025,0.07254109531641006,0.3572521507740021,1.0856314897537231,3.0,-0.3024744987487793,0.07795614004135132,0.7006330490112305,0.5218963027000427,4.0,-0.27816909551620483,0.07949304580688477,0.7391127347946167,1.0657291412353516
1692309289.7499888,"[label: ""height""
size: 5
stride: 25, label: ""width""
size: 5
stride: 5]",0,6.0,-0.04178899526596069,0.07007979601621628,0.31413406133651733,0.0006300134700722992,7.0,-0.004139175172895193,0.07169515639543533,0.3288097083568573,0.5278844833374023,8.0,0.02288038097321987,0.07165001332759857,0.35501569509506226,1.097233772277832,3.0,-0.3092609643936157,0.07788316160440445,0.7129109501838684,0.4733767509460449,4.0,-0.28438347578048706,0.0799061506986618,0.751518964767456,1.0226632356643677
1692309289.8487825,"[label: ""height""
size: 5
stride: 25, label: ""width""
size: 5
stride: 5]",0,6.0,-0.04001293331384659,0.06931183487176895,0.31049588322639465,0.021733073517680168,7.0,-0.0028531202115118504,0.07057947665452957,0.3237380087375641,0.5675322413444519,8.0,0.02404136396944523,0.07164480537176132,0.3549875020980835,1.0941170454025269,3.0,-0.3070547580718994,0.0782013013958931,0.7105662226676941,0.5364396572113037,4.0,-0.28339964151382446,0.07989354431629181,0.7513552904129028,1.04770827293396
1692309289.9518104,"[label: ""height""
size: 5
stride: 25, label: ""width""
size: 5
stride: 5]",0,6.0,-0.03989323228597641,0.0697726383805275,0.3126516342163086,0.035335276275873184,7.0,-0.00234240316785872,0.07064061611890793,0.3253025412559509,0.5576130747795105,8.0,0.02433141879737377,0.07167038321495056,0.35512664914131165,1.1110643148422241,3.0,-0.297788143157959,0.0764312744140625,0.6898744702339172,0.6229707598686218,4.0,-0.27713385224342346,0.07860284298658371,0.7363681197166443,1.0709714889526367
1692309290.0490923,"[label: ""height""
size: 5
stride: 25, label: ""width""
size: 5
stride: 5]",0,6.0,-0.03925623744726181,0.06977582722902298,0.31467127799987793,0.026925409212708473,7.0,-0.0017927006119862199,0.0700133666396141,0.3235609531402588,0.5651384592056274,8.0,0.0252449382096529,0.0717606469988823,0.3577337861061096,1.0973145961761475,3.0,-0.30744102597236633,0.07833168655633926,0.7140054702758789,0.3687627613544464,4.0,-0.2816619575023651,0.07984085381031036,0.7508198022842407,1.071492075920105
1692309290.150827,"[label: ""height""
size: 5
stride: 25, label: ""width""
size: 5
stride: 5]",0,6.0,-0.03822407126426697,0.06926004588603973,0.3146709203720093,0.027907513082027435,7.0,-0.0007519127102568746,0.07015389949083328,0.3260612189769745,0.5505324602127075,8.0,0.026204248890280724,0.07130289077758789,0.35689860582351685,1.1049818992614746,3.0,-0.2956419587135315,0.07601574063301086,0.6906545162200928,0.4506087005138397,4.0,-0.28031986951828003,0.07989303767681122,0.7513472437858582,1.0424857139587402
1692309290.247772,"[label: ""height""
size: 6
stride: 30, label: ""width""
size: 5
stride: 5]",0,6.0,-0.037787530571222305,0.07026487588882446,0.3154815137386322,0.047497011721134186,7.0,-0.00035255536204203963,0.0709255114197731,0.3272327482700348,0.5582640171051025,8.0,0.026815615594387054,0.07261182367801666,0.361253559589386,1.0986833572387695,3.0,-0.29879114031791687,0.07789658010005951,0.700060248374939,0.5089954137802124,4.0,-0.2797543704509735,0.08113715797662735,0.7514809370040894,1.0412075519561768,5.0,-0.26569730043411255,0.08084901422262192,0.7783260345458984,1.5366278886795044
1692309290.3497574,"[label: ""height""
size: 5
stride: 25, label: ""width""
size: 5
stride: 5]",0,6.0,-0.036641620099544525,0.06802103668451309,0.31413063406944275,0.0006112356786616147,7.0,0.0008466618019156158,0.06886058300733566,0.326229065656662,0.5426524877548218,8.0,0.027972225099802017,0.07077232748270035,0.3609040081501007,1.0961130857467651,3.0,-0.29795438051223755,0.07539121806621552,0.7036052942276001,0.6444514393806458,4.0,-0.26744675636291504,0.07537773996591568,0.7256421446800232,1.1013580560684204
1692309290.4488146,"[label: ""height""
size: 5
stride: 25, label: ""width""
size: 5
stride: 5]",0,6.0,-0.03577766567468643,0.06922902911901474,0.3124995529651642,0.03535005450248718,7.0,0.0015194504521787167,0.07120636105537415,0.32905757427215576,0.5397900938987732,8.0,0.0283867996186018,0.07105106115341187,0.35492390394210815,1.100380301475525,3.0,-0.29341357946395874,0.07764799147844315,0.6985467672348022,0.21225307881832123,4.0,-0.2656436562538147,0.07782852649688721,0.7263895869255066,1.1198172569274902
1692309290.549698,"[label: ""height""
size: 5
stride: 25, label: ""width""
size: 5
stride: 5]",0,6.0,-0.0345931202173233,0.069401316344738,0.3180882930755615,0.036468107253313065,7.0,0.003124851733446121,0.06959390640258789,0.32722386717796326,0.54500812292099,8.0,0.03024779073894024,0.07066706568002701,0.35813233256340027,1.1013410091400146,3.0,-0.2995935380458832,0.07909515500068665,0.7212507128715515,0.4682895243167877,4.0,-0.2717370092868805,0.07990004867315292,0.7514243125915527,1.0786620378494263
1692309290.649874,"[label: ""height""
size: 5
stride: 25, label: ""width""
size: 5
stride: 5]",0,6.0,-0.03206218034029007,0.06898991018533707,0.31481581926345825,0.018798040226101875,7.0,0.005380070302635431,0.06954697519540787,0.3251645267009735,0.5631430149078369,8.0,0.032319169491529465,0.07049859315156937,0.3550766706466675,1.0986307859420776,3.0,-0.2902030944824219,0.07779939472675323,0.7090429663658142,0.3622397780418396,4.0,-0.2581712305545807,0.07662361115217209,0.7262794375419617,1.130420207977295
1692309290.7496417,"[label: ""height""
size: 6
stride: 30, label: ""width""
size: 5
stride: 5]",0,6.0,-0.030875403434038162,0.06957264244556427,0.3171619176864624,0.014724447391927242,7.0,0.006973454263061285,0.06952662765979767,0.32506170868873596,0.5589121580123901,8.0,0.0341765396296978,0.0704251378774643,0.3546808958053589,1.0851341485977173,3.0,-0.2876151204109192,0.07920531183481216,0.71458500623703,0.11050473898649216,4.0,-0.26192426681518555,0.08114112913608551,0.7515223622322083,1.0622392892837524,5.0,-0.24510733783245087,0.07989772409200668,0.7661353349685669,-0.9960481524467468
1692309290.8501894,"[label: ""height""
size: 5
stride: 25, label: ""width""
size: 5
stride: 5]",0,6.0,-0.02896025963127613,0.06948552280664444,0.31472161412239075,0.017114996910095215,7.0,0.00874024722725153,0.07063952088356018,0.32709506154060364,0.5297630429267883,8.0,0.03664934262633324,0.07231198251247406,0.3590301275253296,1.0740485191345215,3.0,-0.2835959494113922,0.0804520696401596,0.7174822092056274,0.5511597394943237,4.0,-0.2573644816875458,0.0811530202627182,0.7516791224479675,1.0791239738464355
1692309290.9510858,"[label: ""height""
size: 5
stride: 25, label: ""width""
size: 5
stride: 5]",0,6.0,-0.026843328028917313,0.06832780689001083,0.3136177659034729,-0.024388955906033516,7.0,0.011014072224497795,0.06989564746618271,0.3273543119430542,0.506569504737854,8.0,0.03848947957158089,0.0702088475227356,0.35288453102111816,1.065688133239746,3.0,-0.28065043687820435,0.07948771864175797,0.7248390913009644,0.34770622849464417,4.0,-0.25116410851478577,0.07990892976522446,0.7515482306480408,1.069315791130066
1692309291.048327,"[label: ""height""
size: 5
stride: 25, label: ""width""
size: 5
stride: 5]",0,6.0,-0.024560796096920967,0.07000662386417389,0.3154982030391693,-0.037388939410448074,7.0,0.013361501507461071,0.07071453332901001,0.3256573975086212,0.5095243453979492,8.0,0.04133966937661171,0.07158328592777252,0.35254961252212524,1.0586671829223633,3.0,-0.269493967294693,0.08076191693544388,0.7128350734710693,0.5567899942398071,4.0,-0.24509170651435852,0.08239733427762985,0.7518022060394287,1.058876395225525
1692309291.1567194,"[label: ""height""
size: 6
stride: 30, label: ""width""
size: 5
stride: 5]",0,6.0,-0.022768301889300346,0.06961514800786972,0.317365437746048,-0.050859320908784866,7.0,0.01548188365995884,0.0701356753706932,0.3254307508468628,0.5046667456626892,8.0,0.04435165971517563,0.07191887497901917,0.35704323649406433,1.0387252569198608,3.0,-0.26597753167152405,0.08036511391401291,0.7143189311027527,0.5034268498420715,4.0,-0.24039238691329956,0.08114299923181534,0.7515419125556946,1.076222538948059,5.0,-0.2277972400188446,0.08172113448381424,0.7805699706077576,1.5095326900482178
1692309291.247371,"[label: ""height""
size: 5
stride: 25, label: ""width""
size: 5
stride: 5]",0,6.0,-0.02114218659698963,0.07021434605121613,0.31601208448410034,-0.07602259516716003,7.0,0.017234157770872116,0.07178103923797607,0.3287040889263153,0.48242974281311035,8.0,0.045619308948516846,0.07201263308525085,0.35324087738990784,1.037511944770813,3.0,-0.26508480310440063,0.08232336491346359,0.723859965801239,0.5171018838882446,4.0,-0.2361236810684204,0.08238756656646729,0.7516692280769348,1.069068431854248
1692309291.3500607,"[label: ""height""
size: 5
stride: 25, label: ""width""
size: 5
stride: 5]",0,6.0,-0.019657272845506668,0.07068567723035812,0.31751179695129395,-0.05076682195067406,7.0,0.018908841535449028,0.07153259217739105,0.32748082280158997,0.4685884416103363,8.0,0.047556519508361816,0.07188699394464493,0.3525843918323517,1.0330069065093994,3.0,-0.2626674771308899,0.0830879658460617,0.7253478765487671,0.4951232075691223,4.0,-0.23317234218120575,0.08355997502803802,0.7510958909988403,1.0408507585525513
1692309291.4476283,"[label: ""height""
size: 5
stride: 25, label: ""width""
size: 5
stride: 5]",0,6.0,-0.01810753159224987,0.06947099417448044,0.3134344518184662,-0.034365929663181305,7.0,0.020156193524599075,0.07103109359741211,0.3258691132068634,0.4748375713825226,8.0,0.04960320517420769,0.07270220667123795,0.3558715283870697,1.0158162117004395,3.0,-0.26014941930770874,0.08226458728313446,0.723313570022583,0.5030341148376465,4.0,-0.2282564342021942,0.08137570321559906,0.7397956848144531,-0.49171942472457886
1692309291.5514905,"[label: ""height""
size: 5
stride: 25, label: ""width""
size: 5
stride: 5]",0,6.0,-0.017855454236268997,0.0702277272939682,0.31534913182258606,-0.06169053539633751,7.0,0.02041974849998951,0.07094714790582657,0.3236668109893799,0.46901935338974,8.0,0.05013645812869072,0.0724123865365982,0.35445401072502136,1.0080440044403076,3.0,-0.2552027404308319,0.08184120804071426,0.7120199799537659,0.5140590667724609,4.0,-0.23061856627464294,0.08363096415996552,0.751785397529602,1.060007095336914
1692309291.6485722,"[label: ""height""
size: 6
stride: 30, label: ""width""
size: 5
stride: 5]",0,6.0,-0.017061667516827583,0.0700562596321106,0.3128068745136261,-0.050826381891965866,7.0,0.02112596668303013,0.07117809355258942,0.3222190737724304,0.47430911660194397,8.0,0.05056175962090492,0.07270649820566177,0.3523734211921692,1.0169219970703125,3.0,-0.26090824604034424,0.08454389125108719,0.7279503345489502,0.5552823543548584,4.0,-0.23066361248493195,0.08487807214260101,0.75193190574646,1.059767246246338,5.0,-0.2144707888364792,0.08370969444513321,0.7665904760360718,-1.0598804950714111
1692309291.7512481,"[label: ""height""
size: 5
stride: 25, label: ""width""
size: 5
stride: 5]",0,6.0,-0.017572734504938126,0.06953862309455872,0.31278103590011597,-0.05080803856253624,7.0,0.020564042031764984,0.07025416940450668,0.32161474227905273,0.48121172189712524,8.0,0.050165049731731415,0.07218410819768906,0.35266199707984924,1.0266004800796509,3.0,-0.261425256729126,0.08307141065597534,0.7251949906349182,0.4916061758995056,4.0,-0.23185178637504578,0.08363152295351028,0.7517910003662109,1.0619754791259766
1692309291.8499274,"[label: ""height""
size: 6
stride: 30, label: ""width""
size: 5
stride: 5]",0,6.0,-0.01757311262190342,0.07056589424610138,0.3127947151660919,-0.05041816458106041,7.0,0.020364616066217422,0.07054966688156128,0.3182516098022461,0.49549663066864014,8.0,0.04957582429051399,0.07253343611955643,0.3494667410850525,1.0220280885696411,3.0,-0.26079437136650085,0.0845148116350174,0.7192864418029785,0.4124675989151001,4.0,-0.2298419028520584,0.08408563584089279,0.7371091842651367,-0.48565828800201416,5.0,-0.22162295877933502,0.08602538704872131,0.7790471315383911,1.5028822422027588
1692309291.9512901,"[label: ""height""
size: 5
stride: 25, label: ""width""
size: 5
stride: 5]",0,6.0,-0.018595293164253235,0.0700443834066391,0.3127506673336029,-0.05018210411071777,7.0,0.019470350816845894,0.0701131522655487,0.31866538524627686,0.4822976589202881,8.0,0.04914433881640434,0.07223482429981232,0.35148394107818604,1.0131791830062866,3.0,-0.2628808319568634,0.08272557705640793,0.7149289846420288,0.0676952451467514,4.0,-0.23683077096939087,0.08488079160451889,0.751958966255188,1.0696113109588623
1692309292.0477738,"[label: ""height""
size: 5
stride: 25, label: ""width""
size: 5
stride: 5]",0,6.0,-0.01962650567293167,0.07042134553194046,0.3128720819950104,-0.049452777951955795,7.0,0.01848739944398403,0.07076185196638107,0.3197762668132782,0.4810732901096344,8.0,0.047032397240400314,0.07118887454271317,0.34438851475715637,1.0243830680847168,3.0,-0.2702650725841522,0.08560562878847122,0.7266204357147217,0.5128124952316284,4.0,-0.23639607429504395,0.084170401096344,0.7377859354019165,-0.45712536573410034
1692309292.1505828,"[label: ""height""
size: 5
stride: 25, label: ""width""
size: 5
stride: 5]",0,6.0,-0.020648980513215065,0.07041293382644653,0.3128323554992676,-0.04926976189017296,7.0,0.01759737730026245,0.0713256374001503,0.3229328393936157,0.46601566672325134,8.0,0.0464005321264267,0.07189539074897766,0.3471027612686157,1.0321526527404785,3.0,-0.272662878036499,0.08490107953548431,0.7226448059082031,0.42794206738471985,4.0,-0.24444220960140228,0.08598156273365021,0.7507483959197998,1.0840102434158325
1692309292.2468154,"[label: ""height""
size: 5
stride: 25, label: ""width""
size: 5
stride: 5]",0,7.0,0.01628325693309307,0.07009559124708176,0.31734880805015564,0.4983675479888916,8.0,0.04546162486076355,0.07200686633586884,0.349704772233963,1.0238964557647705,3.0,-0.27495986223220825,0.08462047576904297,0.7179116010665894,0.5119637846946716,4.0,-0.24436885118484497,0.08409962803125381,0.7372219562530518,-0.4737671911716461,6.0,-0.022167639806866646,0.07102375477552414,0.3157551884651184,-0.08477455377578735
1692309292.350062,"[label: ""height""
size: 5
stride: 25, label: ""width""
size: 5
stride: 5]",0,6.0,-0.02321501076221466,0.07110673934221268,0.3132270574569702,-0.023049555718898773,7.0,0.01501996349543333,0.0715598315000534,0.32109248638153076,0.4982074499130249,8.0,0.043774861842393875,0.07320214062929153,0.34995773434638977,1.0279868841171265,3.0,-0.2739182710647583,0.08433282375335693,0.7011258006095886,0.6965002417564392,4.0,-0.2457016110420227,0.08505849540233612,0.7272149920463562,1.130136489868164
1692309292.45168,"[label: ""height""
size: 5
stride: 25, label: ""width""
size: 5
stride: 5]",0,6.0,-0.024808045476675034,0.07027564942836761,0.31265583634376526,0.006056278944015503,7.0,0.013290530070662498,0.06984224915504456,0.31692981719970703,0.5233354568481445,8.0,0.04150548577308655,0.0705857202410698,0.34419170022010803,1.0480908155441284,3.0,-0.2806952893733978,0.0833948403596878,0.7029655575752258,0.6526997089385986,4.0,-0.2604367733001709,0.0860818475484848,0.7516631484031677,1.0839797258377075
1692309292.55281,"[label: ""height""
size: 5
stride: 25, label: ""width""
size: 5
stride: 5]",0,6.0,-0.026726141571998596,0.07083634287118912,0.3095695376396179,0.00046030551311559975,7.0,0.01118810661137104,0.07195442169904709,0.3204684257507324,0.4982379972934723,8.0,0.03988601639866829,0.07317351549863815,0.3498172461986542,1.0472420454025269,3.0,-0.28251829743385315,0.08470065146684647,0.6897923350334167,0.5575299859046936,4.0,-0.2631804049015045,0.08786208182573318,0.7383357882499695,-0.4354712963104248
1692309292.6483502,"[label: ""height""
size: 5
stride: 25, label: ""width""
size: 5
stride: 5]",0,6.0,-0.028155267238616943,0.0695914700627327,0.3080459237098694,-0.04675682261586189,7.0,0.009873729199171066,0.07087080180644989,0.32030075788497925,0.5022260546684265,8.0,0.03814893215894699,0.07199420779943466,0.3496468663215637,1.0521907806396484,3.0,-0.28827646374702454,0.08260098844766617,0.68968665599823,0.21094930171966553,4.0,-0.269146203994751,0.08531435579061508,0.7372952699661255,-0.40976643562316895
1692309292.7528403,"[label: ""height""
size: 5
stride: 25, label: ""width""
size: 5
stride: 5]",0,6.0,-0.029957441613078117,0.07117172330617905,0.31063032150268555,0.1635504961013794,7.0,0.007836947217583656,0.0712655708193779,0.31629061698913574,0.5423406362533569,8.0,0.03518596291542053,0.07232741266489029,0.3444545269012451,1.0733458995819092,3.0,-0.2928149998188019,0.08513018488883972,0.6830947995185852,0.1598588079214096,4.0,-0.27168941497802734,0.08737868070602417,0.7266473770141602,1.12875235080719
1692309292.8522527,"[label: ""height""
size: 5
stride: 25, label: ""width""
size: 5
stride: 5]",0,6.0,-0.031310420483350754,0.07104182243347168,0.3100716769695282,0.031585581600666046,7.0,0.0066050090827047825,0.07161389291286469,0.32013145089149475,0.5279403924942017,8.0,0.033984601497650146,0.0723845586180687,0.34812867641448975,1.0813086032867432,3.0,-0.30228444933891296,0.08489497005939484,0.6899835467338562,0.13518133759498596,4.0,-0.27385807037353516,0.08556347340345383,0.7141213417053223,-0.4100026786327362
1692309292.960413,"[label: ""height""
size: 5
stride: 25, label: ""width""
size: 5
stride: 5]",0,6.0,-0.03334473818540573,0.07137611508369446,0.31004756689071655,0.026473192498087883,7.0,0.004636535421013832,0.07146675139665604,0.31894004344940186,0.5525690913200378,8.0,0.031449876725673676,0.07240279763936996,0.3468269407749176,1.0817404985427856,3.0,-0.31454142928123474,0.08696126937866211,0.7039609551429749,0.6323548555374146,4.0,-0.2848353683948517,0.08739373832941055,0.726780891418457,1.1503273248672485
1692309293.0568159,"[label: ""height""
size: 5
stride: 25, label: ""width""
size: 5
stride: 5]",0,6.0,-0.035886723548173904,0.07137273997068405,0.31003338098526,0.02283095195889473,7.0,0.0018932806560769677,0.07158125936985016,0.31948426365852356,0.543991208076477,8.0,0.028896603733301163,0.07211997359991074,0.346870481967926,1.089171290397644,3.0,-0.3114079236984253,0.08484656363725662,0.6825578808784485,0.5821461081504822,4.0,-0.2918875515460968,0.08745309710502625,0.7273030281066895,1.1383399963378906
1692309293.1593666,"[label: ""height""
size: 5
stride: 25, label: ""width""
size: 5
stride: 5]",0,6.0,-0.03755263611674309,0.07054069638252258,0.3084520399570465,0.06898079067468643,7.0,9.208945266436785e-05,0.0697731003165245,0.31368255615234375,0.5801068544387817,8.0,0.026723910123109818,0.07119734585285187,0.34445253014564514,1.0968055725097656,3.0,-0.31585487723350525,0.08372510969638824,0.6825186014175415,0.6025259494781494,4.0,-0.2966003119945526,0.08624705672264099,0.7271738052368164,1.1466342210769653
1692309293.2538779,"[label: ""height""
size: 5
stride: 25, label: ""width""
size: 5
stride: 5]",0,6.0,-0.0396849550306797,0.07147369533777237,0.3090342879295349,0.03402329236268997,7.0,-0.00199910462833941,0.070978544652462,0.3161907494068146,0.5460027456283569,8.0,0.024921590462327003,0.07183405756950378,0.34482142329216003,1.092687964439392,3.0,-0.3179682493209839,0.08482513576745987,0.6775419116020203,0.6583212614059448,4.0,-0.2914647161960602,0.08521885424852371,0.7040029168128967,1.2073169946670532
1692309293.3529325,"[label: ""height""
size: 5
stride: 25, label: ""width""
size: 5
stride: 5]",0,6.0,-0.04059068486094475,0.0694255605340004,0.3080410063266754,0.009443730115890503,7.0,-0.002889156574383378,0.06930460780858994,0.31561216711997986,0.5662797093391418,8.0,0.024094434455037117,0.07075206935405731,0.347106397151947,1.084380030632019,3.0,-0.31983423233032227,0.08173250406980515,0.6756336688995361,0.6795169711112976,4.0,-0.30369895696640015,0.08504288643598557,0.7270579934120178,1.1588869094848633
1692309293.4483194,"[label: ""height""
size: 5
stride: 25, label: ""width""
size: 5
stride: 5]",0,6.0,-0.04075474664568901,0.07066292315721512,0.3067157566547394,0.04755406081676483,7.0,-0.0033503512386232615,0.07176084816455841,0.32083991169929504,0.5548991560935974,8.0,0.023662034422159195,0.07217086106538773,0.3491518795490265,1.0838240385055542,3.0,-0.325944185256958,0.08485005795955658,0.6826042532920837,0.6433220505714417,4.0,-0.30621516704559326,0.08746109902858734,0.7273762226104736,1.162183403968811
1692309293.5491574,"[label: ""height""
size: 5
stride: 25, label: ""width""
size: 5
stride: 5]",0,6.0,-0.04126625135540962,0.07001782208681107,0.30970779061317444,0.06130770593881607,7.0,-0.003655441803857684,0.07088545709848404,0.3234485983848572,0.5412524342536926,8.0,0.02301607094705105,0.07070790976285934,0.3483194410800934,1.1200956106185913,3.0,-0.32588401436805725,0.08264292031526566,0.6778638362884521,0.6846740245819092,4.0,-0.2994250953197479,0.08288300037384033,0.7037389278411865,1.2214661836624146
1692309293.652404,"[label: ""height""
size: 5
stride: 25, label: ""width""
size: 5
stride: 5]",0,6.0,-0.040349237620830536,0.06983424723148346,0.30519071221351624,0.0005891624023206532,7.0,-0.0030232344288378954,0.07011958211660385,0.31706520915031433,0.599776029586792,8.0,0.023080453276634216,0.0710173025727272,0.3470543324947357,1.1138924360275269,3.0,-0.32318010926246643,0.08230426162481308,0.6688671708106995,0.741675078868866,4.0,-0.3049657344818115,0.0848957896232605,0.713325560092926,1.1911598443984985
1692309293.757512,"[label: ""height""
size: 5
stride: 25, label: ""width""
size: 5
stride: 5]",0,6.0,-0.03895974159240723,0.06918991357088089,0.30573439598083496,0.08382108807563782,7.0,-0.0020290128886699677,0.07021404802799225,0.3209937810897827,0.5781822800636292,8.0,0.02379661425948143,0.07022888213396072,0.34735989570617676,1.137328863143921,3.0,-0.33389994502067566,0.08436769992113113,0.6897668242454529,0.6151711940765381,4.0,-0.30666521191596985,0.08432253450155258,0.7135728597640991,-0.36671769618988037
1692309293.8583283,"[label: ""height""
size: 5
stride: 25, label: ""width""
size: 5
stride: 5]",0,6.0,-0.03887476399540901,0.06909825652837753,0.30775386095046997,0.04919196292757988,7.0,-0.0016226747538894415,0.06925887614488602,0.32021355628967285,0.5947805047035217,8.0,0.02374962717294693,0.0692393109202385,0.3466717302799225,1.138567328453064,3.0,-0.3255199193954468,0.08032192289829254,0.6703014373779297,0.7398707866668701,4.0,-0.3131820559501648,0.08384032547473907,0.7269538044929504,1.1750760078430176
1692309293.961691,"[label: ""height""
size: 5
stride: 25, label: ""width""
size: 5
stride: 5]",0,6.0,-0.03853418678045273,0.06946714222431183,0.30744996666908264,0.09915313869714737,7.0,-0.0016082216752693057,0.06930355727672577,0.31867551803588867,0.6026200652122498,8.0,0.02398899756371975,0.07037845999002457,0.3502134680747986,1.1340702772140503,3.0,-0.3258267045021057,0.08186941593885422,0.669291615486145,0.16340209543704987,4.0,-0.30345988273620605,0.08288315683603287,0.7037385702133179,1.2280550003051758
1692309294.0580146,"[label: ""height""
size: 5
stride: 25, label: ""width""
size: 5
stride: 5]",0,6.0,-0.038963232189416885,0.06940440833568573,0.30959075689315796,0.06673622131347656,7.0,-0.0018723279936239123,0.06859976053237915,0.31902194023132324,0.5994720458984375,8.0,0.023974647745490074,0.06919171661138535,0.35000061988830566,1.1344871520996094,3.0,-0.33128392696380615,0.08169132471084595,0.6792126297950745,0.6183829307556152,4.0,-0.3042321503162384,0.081711046397686,0.7035362124443054,1.2092994451522827
1692309294.1588535,"[label: ""height""
size: 5
stride: 25, label: ""width""
size: 5
stride: 5]",0,6.0,-0.03802470117807388,0.06895498186349869,0.3074093759059906,0.09986122697591782,7.0,-0.0012336333747953176,0.06920629739761353,0.3212200403213501,0.6016932725906372,8.0,0.024264251813292503,0.06980196386575699,0.3502024710178375,1.1507370471954346,3.0,-0.332577109336853,0.08302262425422668,0.6813281774520874,0.6813300848007202,4.0,-0.30887702107429504,0.08375396579504013,0.7135775685310364,1.218571424484253
1692309294.2572534,"[label: ""height""
size: 5
stride: 25, label: ""width""
size: 5
stride: 5]",0,6.0,-0.03749610856175423,0.06877132505178452,0.3072892427444458,0.11011035740375519,7.0,-0.0005681311013177037,0.06878820061683655,0.3204861879348755,0.616153359413147,8.0,0.024744395166635513,0.06992431730031967,0.352997362613678,1.147456407546997,3.0,-0.33259040117263794,0.0828496441245079,0.6796093583106995,0.6202974915504456,4.0,-0.3094610273838043,0.08375352621078491,0.7135764956474304,1.2195894718170166
1692309294.357163,"[label: ""height""
size: 5
stride: 25, label: ""width""
size: 5
stride: 5]",0,6.0,-0.03700600937008858,0.06843307614326477,0.30732157826423645,0.10059461742639542,7.0,-0.00043061963515356183,0.06817466765642166,0.3200444281101227,0.6306988596916199,8.0,0.024404123425483704,0.06865952163934708,0.35023409128189087,1.1591565608978271,3.0,-0.3336300551891327,0.08171963691711426,0.6794644594192505,0.6268481612205505,4.0,-0.3062856197357178,0.08171593397855759,0.7036092877388,1.2333219051361084
1692309294.4570367,"[label: ""height""
size: 5
stride: 25, label: ""width""
size: 5
stride: 5]",0,6.0,-0.03693126514554024,0.06864959001541138,0.3071671426296234,0.15695631504058838,7.0,-0.00031322389259003103,0.06900973618030548,0.32341015338897705,0.6293496489524841,8.0,0.024442967027425766,0.06934180855751038,0.35297858715057373,1.1657838821411133,3.0,-0.3290274441242218,0.08156157284975052,0.6668393611907959,0.7254451513290405,4.0,-0.3132581114768982,0.0843837708234787,0.7139418721199036,-0.36207646131515503
1692309294.5596087,"[label: ""height""
size: 5
stride: 25, label: ""width""
size: 5
stride: 5]",0,6.0,-0.037432581186294556,0.06939034909009933,0.30952441692352295,0.06760196387767792,7.0,-0.0008255848661065102,0.0688762366771698,0.32093432545661926,0.6405683159828186,8.0,0.02377639152109623,0.06981465220451355,0.3539109230041504,1.1744319200515747,3.0,-0.3385433554649353,0.08405395597219467,0.6803985834121704,0.6398866176605225,4.0,-0.30970585346221924,0.08320404589176178,0.701579213142395,1.2239657640457153
1692309294.6563742,"[label: ""height""
size: 5
stride: 25, label: ""width""
size: 5
stride: 5]",0,6.0,-0.037554141134023666,0.06852024048566818,0.3084670603275299,0.07043346762657166,7.0,-0.0009662567172199488,0.06860612332820892,0.32275792956352234,0.6471288204193115,8.0,0.022985603660345078,0.06876110285520554,0.35296985507011414,1.1871790885925293,3.0,-0.33090007305145264,0.08107218146324158,0.6607987284660339,0.7681286931037903,4.0,-0.31793126463890076,0.08438281714916229,0.713930606842041,-0.359158456325531
1692309294.7598534,"[label: ""height""
size: 5
stride: 25, label: ""width""
size: 5
stride: 5]",0,6.0,-0.03794035688042641,0.07007287442684174,0.30999043583869934,0.1246923953294754,7.0,-0.0014961319975554943,0.06971054524183273,0.32299119234085083,0.6478033065795898,8.0,0.022233333438634872,0.07012920826673508,0.35259395837783813,1.1982699632644653,3.0,-0.3327670395374298,0.08310738205909729,0.6596566438674927,0.7330541610717773,4.0,-0.30961522459983826,0.08393983542919159,0.6911277174949646,1.2454144954681396
1692309294.8581226,"[label: ""height""
size: 5
stride: 25, label: ""width""
size: 5
stride: 5]",0,6.0,-0.038276512175798416,0.06819980591535568,0.3074193298816681,0.10113273561000824,7.0,-0.002283728215843439,0.06814290583133698,0.3231011927127838,0.6745485067367554,8.0,0.020945176482200623,0.06810247153043747,0.35033586621284485,1.202970266342163,3.0,-0.33581557869911194,0.08107975125312805,0.6608938574790955,0.7828563451766968,4.0,-0.3230651915073395,0.0843331590294838,0.7136498689651489,-0.3563160300254822
1692309294.9585888,"[label: ""height""
size: 4
stride: 20, label: ""width""
size: 5
stride: 5]",0,6.0,-0.039295684546232224,0.06972654163837433,0.3074946105480194,0.0990070328116417,7.0,-0.0033457959070801735,0.06980395317077637,0.3234650790691376,0.6763885617256165,8.0,0.020122157409787178,0.07069600373506546,0.3561648428440094,1.2008341550827026,4.0,-0.3210584223270416,0.08634108304977417,0.7037858366966248,1.2363486289978027
1692309295.0486436,"[label: ""height""
size: 4
stride: 20, label: ""width""
size: 5
stride: 5]",0,6.0,-0.040889281779527664,0.0694318413734436,0.3097530007362366,0.1932903230190277,7.0,-0.004602557048201561,0.06979469209909439,0.32704252004623413,0.6536352038383484,8.0,0.01861806958913803,0.0689748227596283,0.35260525345802307,1.216975212097168,4.0,-0.3184340000152588,0.08395551890134811,0.6912344694137573,1.2401477098464966
1692309295.1541111,"[label: ""height""
size: 4
stride: 20, label: ""width""
size: 5
stride: 5]",0,6.0,-0.04155302047729492,0.06979977339506149,0.3078426420688629,0.15625543892383575,7.0,-0.006004153750836849,0.06966879218816757,0.3240707516670227,0.6807279586791992,8.0,0.017313817515969276,0.06955687701702118,0.35262903571128845,1.2290412187576294,4.0,-0.32133084535598755,0.08510452508926392,0.6913761496543884,1.2445876598358154
1692309295.2545967,"[label: ""height""
size: 4
stride: 20, label: ""width""
size: 5
stride: 5]",0,6.0,-0.04232419282197952,0.069895900785923,0.3078703284263611,0.14571912586688995,7.0,-0.006552818696945906,0.06997589021921158,0.32484492659568787,0.6818392276763916,8.0,0.016204578801989555,0.07004758715629578,0.35365623235702515,1.229820966720581,4.0,-0.3188731372356415,0.08455207198858261,0.6801104545593262,1.2653043270111084
1692309295.351078,"[label: ""height""
size: 4
stride: 20, label: ""width""
size: 5
stride: 5]",0,6.0,-0.04381243884563446,0.06895549595355988,0.30654892325401306,0.23354263603687286,7.0,-0.008431978523731232,0.06934990733861923,0.3256775438785553,0.7073603868484497,8.0,0.014442941173911095,0.06877405941486359,0.353048712015152,1.2365684509277344,4.0,-0.3280811607837677,0.0845600888133049,0.6915493607521057,-0.3567807078361511
1692309295.4489436,"[label: ""height""
size: 4
stride: 20, label: ""width""
size: 5
stride: 5]",0,6.0,-0.04447784274816513,0.06998223066329956,0.30753079056739807,0.21312080323696136,7.0,-0.00881870836019516,0.0703214630484581,0.32519832253456116,0.6981490254402161,8.0,0.013698023743927479,0.07072167098522186,0.35630884766578674,1.235535740852356,4.0,-0.3295290172100067,0.08682528883218765,0.6916272044181824,-0.33544763922691345
1692309295.550405,"[label: ""height""
size: 4
stride: 20, label: ""width""
size: 5
stride: 5]",0,6.0,-0.045920226722955704,0.06998594850301743,0.30829355120658875,0.14394687116146088,7.0,-0.01018471922725439,0.06931289285421371,0.3223886489868164,0.7024322152137756,8.0,0.01239088736474514,0.07013911753892899,0.3563186824321747,1.230644941329956,4.0,-0.3354674279689789,0.08715500682592392,0.7010994553565979,-0.297748327255249
1692309295.6491294,"[label: ""height""
size: 4
stride: 20, label: ""width""
size: 5
stride: 5]",0,6.0,-0.04716010391712189,0.07069192081689835,0.31092190742492676,0.19085271656513214,7.0,-0.011023351922631264,0.0698113813996315,0.3235025107860565,0.6757943034172058,8.0,0.011922253295779228,0.07020862400531769,0.3551798462867737,1.2251352071762085,4.0,-0.3326093554496765,0.08569216728210449,0.6915605068206787,-0.31326937675476074
1692309295.7505767,"[label: ""height""
size: 4
stride: 20, label: ""width""
size: 5
stride: 5]",0,6.0,-0.04786121845245361,0.07021380960941315,0.3082089126110077,0.2112366259098053,7.0,-0.011900077573955059,0.07042396068572998,0.3257073760032654,0.6937576532363892,8.0,0.011136061511933804,0.07091670483350754,0.35803043842315674,1.2250407934188843,4.0,-0.3315725028514862,0.0862509086728096,0.691495418548584,1.2210783958435059
1692309295.847899,"[label: ""height""
size: 5
stride: 25, label: ""width""
size: 5
stride: 5]",0,6.0,-0.04760485142469406,0.069959856569767,0.3081822991371155,0.21030668914318085,7.0,-0.011775215156376362,0.06960675120353699,0.32248222827911377,0.6825253963470459,8.0,0.011592963710427284,0.07099267840385437,0.35840246081352234,1.2144593000411987,4.0,-0.3353750705718994,0.08668085187673569,0.7018098831176758,1.2041748762130737,5.0,-0.32579001784324646,0.08627099543809891,0.7274019718170166,1.3822883367538452
1692309295.9518352,"[label: ""height""
size: 4
stride: 20, label: ""width""
size: 5
stride: 5]",0,6.0,-0.04797514155507088,0.07022254168987274,0.308217853307724,0.09810411930084229,7.0,-0.011750459671020508,0.06970681995153427,0.3217126131057739,0.6604371070861816,8.0,0.011578606441617012,0.06995151191949844,0.3531554937362671,1.2098033428192139,4.0,-0.32927823066711426,0.08570931106805801,0.6916844844818115,-0.3557889461517334
1692309296.0496845,"[label: ""height""
size: 4
stride: 20, label: ""width""
size: 5
stride: 5]",0,6.0,-0.0482630580663681,0.0710158571600914,0.3088032305240631,0.15385568141937256,7.0,-0.01209272351115942,0.07092685997486115,0.3237746059894562,0.6780493259429932,8.0,0.011802436783909798,0.07142085582017899,0.3554342985153198,1.1989431381225586,4.0,-0.331991970539093,0.08784709125757217,0.701948881149292,1.1979351043701172
1692309296.151293,"[label: ""height""
size: 5
stride: 25, label: ""width""
size: 5
stride: 5]",0,6.0,-0.04826045781373978,0.07000330090522766,0.3087998926639557,0.15594615042209625,7.0,-0.011913875117897987,0.06959142535924911,0.32239776849746704,0.6451989412307739,8.0,0.012144667096436024,0.06952644884586334,0.35245513916015625,1.1918234825134277,4.0,-0.3254200220108032,0.08393646776676178,0.6910511255264282,1.2321813106536865,5.0,-0.32056310772895813,0.08503672480583191,0.7270185351371765,1.3729958534240723
1692309296.248727,"[label: ""height""
size: 4
stride: 20, label: ""width""
size: 5
stride: 5]",0,6.0,-0.047974150627851486,0.07139042764902115,0.3081938624382019,0.09464552998542786,7.0,-0.011708277277648449,0.07146676629781723,0.3238148093223572,0.6379566788673401,8.0,0.012620031833648682,0.07175435870885849,0.3535054326057434,1.1801807880401611,4.0,-0.3233039081096649,0.08684287220239639,0.6916365027427673,-0.3391437828540802
1692309296.3505373,"[label: ""height""
size: 4
stride: 20, label: ""width""
size: 5
stride: 5]",0,6.0,-0.04671178758144379,0.07096889615058899,0.30858561396598816,0.15419314801692963,7.0,-0.010070654563605785,0.07065960764884949,0.32245108485221863,0.6385053992271423,8.0,0.014353238046169281,0.07054618746042252,0.3496578633785248,1.1708482503890991,4.0,-0.3190852701663971,0.08570966124534607,0.6916947960853577,-0.3621547520160675
1692309296.4503963,"[label: ""height""
size: 4
stride: 20, label: ""width""
size: 5
stride: 5]",0,6.0,-0.04568030685186386,0.07144347578287125,0.3084433674812317,0.15332156419754028,7.0,-0.008866808377206326,0.07114800065755844,0.3217518925666809,0.6237000226974487,8.0,0.015788184478878975,0.0719197615981102,0.3528892397880554,1.1547735929489136,4.0,-0.3212625980377197,0.08755776286125183,0.7042531967163086,1.1936159133911133
1692309296.5537193,"[label: ""height""
size: 5
stride: 25, label: ""width""
size: 5
stride: 5]",0,6.0,-0.0445706844329834,0.07197586447000504,0.3097437918186188,0.06106887012720108,7.0,-0.007815936580300331,0.07168485224246979,0.32179710268974304,0.6200997829437256,8.0,0.017379779368638992,0.07174969464540482,0.34995704889297485,1.1532795429229736,3.0,-0.341030478477478,0.0873902440071106,0.6697055697441101,0.3306237459182739,4.0,-0.3178645074367523,0.08872810006141663,0.7043922543525696,1.1872895956039429
1692309296.6500843,"[label: ""height""
size: 5
stride: 25, label: ""width""
size: 5
stride: 5]",0,6.0,-0.04340687766671181,0.07274552434682846,0.3120954632759094,0.15895842015743256,7.0,-0.006338389124721289,0.07290996611118317,0.3260427415370941,0.5955658555030823,8.0,0.01898164674639702,0.07284553349018097,0.3531463146209717,1.1452279090881348,3.0,-0.3349156975746155,0.08603870123624802,0.6617560982704163,0.7218206524848938,4.0,-0.3155537247657776,0.08872735500335693,0.7043853998184204,1.183332920074463
1692309296.751441,"[label: ""height""
size: 5
stride: 25, label: ""width""
size: 5
stride: 5]",0,6.0,-0.042535554617643356,0.07280723005533218,0.30968859791755676,0.05914410948753357,7.0,-0.005660862661898136,0.0733853429555893,0.32576635479927063,0.6087372303009033,8.0,0.019876521080732346,0.07352139800786972,0.3536483943462372,1.1422141790390015,3.0,-0.3338506519794464,0.08712548762559891,0.6617910861968994,0.7176771759986877,4.0,-0.31446579098701477,0.08989910781383514,0.7045329213142395,1.1809499263763428
1692309296.848845,"[label: ""height""
size: 5
stride: 25, label: ""width""
size: 5
stride: 5]",0,6.0,-0.04232454672455788,0.07399685680866241,0.310475617647171,0.12377558648586273,7.0,-0.00521255424246192,0.07398068904876709,0.32315003871917725,0.6066433787345886,8.0,0.02012738212943077,0.07496002316474915,0.3556491732597351,1.1490508317947388,3.0,-0.33445772528648376,0.08866286277770996,0.6608580946922302,0.7298111915588379,4.0,-0.3104521930217743,0.0902744010090828,0.6920380592346191,-0.3462896943092346
1692309296.9519787,"[label: ""height""
size: 4
stride: 20, label: ""width""
size: 5
stride: 5]",0,6.0,-0.04260868579149246,0.07290904223918915,0.307786226272583,0.10137029737234116,7.0,-0.0056456937454640865,0.07219928503036499,0.318832665681839,0.6277313232421875,8.0,0.01898350939154625,0.07262750715017319,0.34799185395240784,1.1669585704803467,4.0,-0.31258517503738403,0.08851667493581772,0.6914734840393066,1.1661531925201416
1692309297.0671663,"[label: ""height""
size: 4
stride: 20, label: ""width""
size: 5
stride: 5]",0,6.0,-0.043288156390190125,0.07475552707910538,0.31046852469444275,0.17679421603679657,7.0,-0.006631314288824797,0.0743534117937088,0.3219451606273651,0.6289117932319641,8.0,0.018010424450039864,0.075188547372818,0.3513141870498657,1.1657921075820923,4.0,-0.3173521161079407,0.09197985380887985,0.6919876933097839,1.1730660200119019
1692309297.1514866,"[label: ""height""
size: 4
stride: 20, label: ""width""
size: 5
stride: 5]",0,6.0,-0.04400724917650223,0.0728750079870224,0.3065517246723175,0.1632934808731079,7.0,-0.007797072641551495,0.07318900525569916,0.32143378257751465,0.6476949453353882,8.0,0.016512703150510788,0.0743115022778511,0.3532922863960266,1.1782108545303345,4.0,-0.32895031571388245,0.09107052534818649,0.7046734094619751,1.161777138710022
1692309297.249224,"[label: ""height""
size: 4
stride: 20, label: ""width""
size: 5
stride: 5]",0,6.0,-0.0461529865860939,0.07510116696357727,0.3081546723842621,0.1422804445028305,7.0,-0.009585367515683174,0.07452113181352615,0.31990745663642883,0.6610419750213623,8.0,0.014226751402020454,0.07529933005571365,0.35050469636917114,1.1956311464309692,4.0,-0.3292998969554901,0.09312783926725388,0.6920983195304871,1.1502245664596558
1692309297.350472,"[label: ""height""
size: 3
stride: 15, label: ""width""
size: 5
stride: 5]",0,6.0,-0.04821007698774338,0.07414194196462631,0.3083849251270294,0.14086924493312836,7.0,-0.011537505313754082,0.0744689330458641,0.32297006249427795,0.6540600061416626,4.0,-0.33545786142349243,0.09083787351846695,0.6919242739677429,1.2053840160369873
1692309297.4531307,"[label: ""height""
size: 4
stride: 20, label: ""width""
size: 5
stride: 5]",0,6.0,-0.04967596009373665,0.0748259499669075,0.30309227108955383,0.20168206095695496,7.0,-0.014004716649651527,0.07544724643230438,0.31935349106788635,0.677729070186615,8.0,0.010017511434853077,0.07669467478990555,0.3536241352558136,1.186558485031128,4.0,-0.33738693594932556,0.09332688897848129,0.6832343935966492,1.1845592260360718
1692309297.5584908,"[label: ""height""
size: 4
stride: 20, label: ""width""
size: 5
stride: 5]",0,6.0,-0.051774296909570694,0.07453708350658417,0.3035556674003601,0.16886848211288452,7.0,-0.015815112739801407,0.07482688128948212,0.3189079165458679,0.6604117155075073,8.0,0.007781289517879486,0.07594868540763855,0.35087665915489197,1.204582929611206,4.0,-0.34219828248023987,0.09248080849647522,0.6811115145683289,1.2230623960494995
1692309297.6570313,"[label: ""height""
size: 4
stride: 20, label: ""width""
size: 5
stride: 5]",0,6.0,-0.053156159818172455,0.07528839260339737,0.30104437470436096,0.20463991165161133,7.0,-0.017312565818428993,0.07586856931447983,0.31777381896972656,0.6709784269332886,8.0,0.005919954739511013,0.0771060585975647,0.3509107530117035,1.200832724571228,4.0,-0.342507541179657,0.09307659417390823,0.6713512539863586,1.2255297899246216
1692309297.7584436,"[label: ""height""
size: 3
stride: 15, label: ""width""
size: 5
stride: 5]",0,6.0,-0.054973214864730835,0.07515953481197357,0.30114105343818665,0.13296648859977722,7.0,-0.01914002187550068,0.0754801332950592,0.3179018199443817,0.6754276156425476,8.0,0.004047237802296877,0.07655689120292664,0.3510398268699646,1.2147072553634644
1692309297.8571813,"[label: ""height""
size: 4
stride: 20, label: ""width""
size: 5
stride: 5]",0,6.0,-0.05532575771212578,0.07529706507921219,0.3000860810279846,0.20015884935855865,7.0,-0.019660543650388718,0.07521860301494598,0.31403717398643494,0.6958531737327576,8.0,0.0027111873496323824,0.07625133544206619,0.34577634930610657,1.2315350770950317,5.0,-0.3435588479042053,0.09337501972913742,0.7046504020690918,1.4108564853668213
1692309297.9568517,"[label: ""height""
size: 4
stride: 20, label: ""width""
size: 5
stride: 5]",0,6.0,-0.05681822448968887,0.0755079984664917,0.30019935965538025,0.2034885287284851,7.0,-0.021049097180366516,0.07613350450992584,0.31737735867500305,0.6986474394798279,8.0,0.0015784722054377198,0.07625506818294525,0.3457948863506317,1.234737515449524,5.0,-0.3526020646095276,0.09628283232450485,0.7154828906059265,-0.7816792726516724
1692309298.0564582,"[label: ""height""
size: 4
stride: 20, label: ""width""
size: 5
stride: 5]",0,6.0,-0.05751615762710571,0.07498215138912201,0.2979349195957184,0.17301927506923676,7.0,-0.021907011047005653,0.07542010396718979,0.3149398863315582,0.711877703666687,8.0,0.00044624731526710093,0.07652278244495392,0.3476409614086151,1.2373603582382202,5.0,-0.350117027759552,0.09342876821756363,0.7050704956054688,1.4031057357788086
1692309298.1581259,"[label: ""height""
size: 4
stride: 20, label: ""width""
size: 5
stride: 5]",0,6.0,-0.05801898613572121,0.07548676431179047,0.29800352454185486,0.1717708259820938,7.0,-0.022250128909945488,0.0757998451590538,0.3143332898616791,0.7033619284629822,8.0,0.00016238188254646957,0.07638713717460632,0.3451359272003174,1.2409509420394897,5.0,-0.35098445415496826,0.09458603709936142,0.7050866484642029,1.4162367582321167
1692309298.2545562,"[label: ""height""
size: 4
stride: 20, label: ""width""
size: 5
stride: 5]",0,6.0,-0.0578380823135376,0.07465554773807526,0.2965967059135437,0.19800645112991333,7.0,-0.022657498717308044,0.07534008473157883,0.3145778477191925,0.6914311051368713,8.0,-0.00012321148824412376,0.07652468979358673,0.3476504385471344,1.2389715909957886,5.0,-0.35162353515625,0.09337064623832703,0.7046155333518982,1.4007388353347778
1692309298.3549273,"[label: ""height""
size: 3
stride: 15, label: ""width""
size: 5
stride: 5]",0,6.0,-0.05780596658587456,0.07528230547904968,0.2964317500591278,0.19715091586112976,7.0,-0.02258782461285591,0.07603810727596283,0.3153892755508423,0.699712872505188,8.0,-0.00011686245125019923,0.07565921545028687,0.34247565269470215,1.2436493635177612
1692309298.4574249,"[label: ""height""
size: 4
stride: 20, label: ""width""
size: 5
stride: 5]",0,6.0,-0.057498760521411896,0.07490216940641403,0.2941815257072449,0.1837647259235382,7.0,-0.02244357392191887,0.07530468702316284,0.311775267124176,0.7046232223510742,8.0,-0.0001209970359923318,0.07685210555791855,0.3459412455558777,1.2392388582229614,5.0,-0.3509143590927124,0.09341315925121307,0.7049458622932434,1.416658639907837
1692309298.5557842,"[label: ""height""
size: 4
stride: 20, label: ""width""
size: 5
stride: 5]",0,6.0,-0.05780596658587456,0.07528230547904968,0.2964317500591278,0.19715091586112976,7.0,-0.022001203149557114,0.0745811015367508,0.3092951476573944,0.7133489847183228,8.0,0.0003095786087214947,0.07568322122097015,0.342591255903244,1.2339786291122437,5.0,-0.3437807559967041,0.09160689264535904,0.6934573650360107,1.3938002586364746
1692309298.6564894,"[label: ""height""
size: 3
stride: 15, label: ""width""
size: 5
stride: 5]",0,6.0,-0.056927695870399475,0.07540839165449142,0.2939130663871765,0.21910212934017181,7.0,-0.0221669040620327,0.07695948332548141,0.31489425897598267,0.6881526112556458,8.0,0.00044418644392862916,0.07682964205741882,0.3427032232284546,1.2414733171463013
1692309298.7608607,"[label: ""height""
size: 3
stride: 15, label: ""width""
size: 5
stride: 5]",0,6.0,-0.05749812349677086,0.07442088425159454,0.29418373107910156,0.18478699028491974,7.0,-0.02214970998466015,0.07466059178113937,0.31117764115333557,0.6816737055778503,8.0,0.0005923635908402503,0.07575763761997223,0.3448218107223511,1.2316545248031616
1692309298.8554475,"[label: ""height""
size: 4
stride: 20, label: ""width""
size: 5
stride: 5]",0,6.0,-0.05697949603199959,0.07565046846866608,0.2938975393772125,0.16641926765441895,7.0,-0.021595098078250885,0.07614943385124207,0.3105548024177551,0.6814662218093872,8.0,0.0011579740094020963,0.07752636820077896,0.34516972303390503,1.229333519935608,5.0,-0.3453027904033661,0.09338176250457764,0.7047052979469299,1.4379626512527466
1692309298.9619482,"[label: ""height""
size: 4
stride: 20, label: ""width""
size: 5
stride: 5]",0,6.0,-0.057144924998283386,0.07482203096151352,0.29385367035865784,0.23083500564098358,7.0,-0.021577859297394753,0.07507891207933426,0.31032291054725647,0.6825936436653137,8.0,0.0013041484635323286,0.0763007327914238,0.3447147011756897,1.2211302518844604,5.0,-0.3440857529640198,0.09221142530441284,0.704577624797821,1.4398924112319946
1692309299.0582898,"[label: ""height""
size: 3
stride: 15, label: ""width""
size: 5
stride: 5]",0,6.0,-0.05730612948536873,0.07623369991779327,0.2963451147079468,0.19458353519439697,7.0,-0.021184932440519333,0.07606744021177292,0.3101997971534729,0.6939034461975098,8.0,0.0014349453849717975,0.07726579159498215,0.34339991211891174,1.2292587757110596
1692309299.158969,"[label: ""height""
size: 4
stride: 20, label: ""width""
size: 5
stride: 5]",0,6.0,-0.05717477202415466,0.07565795630216599,0.29393649101257324,0.21720892190933228,7.0,-0.021663879975676537,0.07626146078109741,0.3114859163761139,0.6784293055534363,8.0,0.0012978024315088987,0.07680923491716385,0.34260299801826477,1.222394585609436,5.0,-0.3429334759712219,0.09221198409795761,0.704582154750824,1.4413259029388428
1692309299.2586854,"[label: ""height""
size: 4
stride: 20, label: ""width""
size: 5
stride: 5]",0,6.0,-0.05747077241539955,0.07539017498493195,0.2938152551651001,0.14195959270000458,7.0,-0.021516062319278717,0.07536175847053528,0.3078342378139496,0.705432653427124,8.0,0.0012978024315088987,0.07680923491716385,0.34260299801826477,1.222394585609436,5.0,-0.34286966919898987,0.09104166179895401,0.7044511437416077,1.4418184757232666
1692309299.3587976,"[label: ""height""
size: 3
stride: 15, label: ""width""
size: 5
stride: 5]",0,6.0,-0.05681268870830536,0.07531663030385971,0.2925601601600647,0.1912355273962021,7.0,-0.021411551162600517,0.0759635791182518,0.3097432553768158,0.6719996333122253,8.0,0.0018439472187310457,0.07620207965373993,0.3392903804779053,1.2249161005020142
1692309299.4544263,"[label: ""height""
size: 4
stride: 20, label: ""width""
size: 5
stride: 5]",0,6.0,-0.056388333439826965,0.07514230906963348,0.2914026379585266,0.15222372114658356,7.0,-0.021082760766148567,0.07598655670881271,0.308797150850296,0.7004890441894531,8.0,0.00171296251937747,0.07736659795045853,0.342585951089859,1.2294367551803589,5.0,-0.3432815372943878,0.09107550978660583,0.7047200202941895,1.4560511112213135
1692309299.5561728,"[label: ""height""
size: 4
stride: 20, label: ""width""
size: 5
stride: 5]",0,6.0,-0.055789608508348465,0.07493647933006287,0.2922322750091553,0.19209100306034088,7.0,-0.020467108115553856,0.07552129775285721,0.3089695870876312,0.6854897737503052,8.0,0.002268595388159156,0.07631831616163254,0.3416685461997986,1.2302879095077515,5.0,-0.3428065776824951,0.08987195789813995,0.704321563243866,1.442294716835022
1692309299.6554966,"[label: ""height""
size: 4
stride: 20, label: ""width""
size: 5
stride: 5]",0,6.0,-0.05518075078725815,0.07604900002479553,0.2935679256916046,0.215416818857193,7.0,-0.019663920626044273,0.07657760381698608,0.31020623445510864,0.6885503530502319,8.0,0.0027991817332804203,0.07676716893911362,0.33933764696121216,1.2467435598373413,5.0,-0.3439008295536041,0.09066259860992432,0.7059906125068665,1.4410525560379028
1692309299.7582037,"[label: ""height""
size: 4
stride: 20, label: ""width""
size: 5
stride: 5]",0,6.0,-0.05393800139427185,0.07410955429077148,0.2910785377025604,0.1549157351255417,7.0,-0.018899649381637573,0.07505863159894943,0.31023892760276794,0.7100205421447754,8.0,0.00349125312641263,0.07489630579948425,0.339664489030838,1.2529587745666504,5.0,-0.34781715273857117,0.08812136203050613,0.7158463001251221,1.4719091653823853
1692309299.8570232,"[label: ""height""
size: 4
stride: 20, label: ""width""
size: 5
stride: 5]",0,6.0,-0.052614279091358185,0.075544573366642,0.2927280068397522,0.22390806674957275,7.0,-0.0172153040766716,0.07553593069314957,0.30753687024116516,0.7169381976127625,8.0,0.004629955161362886,0.07688809931278229,0.34171900153160095,1.2483716011047363,5.0,-0.34559762477874756,0.09049803018569946,0.7161077857017517,1.4727611541748047
1692309299.957939,"[label: ""height""
size: 4
stride: 20, label: ""width""
size: 5
stride: 5]",0,6.0,-0.05148044601082802,0.07396329939365387,0.2908777892589569,0.19061246514320374,7.0,-0.01640821248292923,0.07513552159070969,0.31102755665779114,0.6990965008735657,8.0,0.005613312590867281,0.07563137263059616,0.3423437476158142,1.2522072792053223,5.0,-0.33860018849372864,0.08637364953756332,0.7040047645568848,1.4779646396636963
1692309300.0566676,"[label: ""height""
size: 4
stride: 20, label: ""width""
size: 5
stride: 5]",0,6.0,-0.05111272260546684,0.07450376451015472,0.2923886477947235,0.22698089480400085,7.0,-0.01604352332651615,0.07505154609680176,0.3091416358947754,0.7287432551383972,8.0,0.00601425813511014,0.07573216408491135,0.34154826402664185,1.2613131999969482,5.0,-0.3362964391708374,0.08637445420026779,0.7040116190910339,1.4807902574539185
1692309300.1589267,"[label: ""height""
size: 4
stride: 20, label: ""width""
size: 5
stride: 5]",0,6.0,-0.050358399748802185,0.0736408680677414,0.2891661822795868,0.17921657860279083,7.0,-0.015697887167334557,0.0749388113617897,0.30971354246139526,0.7132805585861206,8.0,0.006247091572731733,0.07500331103801727,0.3388822376728058,1.2621965408325195,5.0,-0.3351445496082306,0.08637484908103943,0.7040150165557861,1.4821966886520386
1692309300.2597353,"[label: ""height""
size: 5
stride: 25, label: ""width""
size: 5
stride: 5]",0,6.0,-0.04990735277533531,0.07306423038244247,0.2903825044631958,0.2461508959531784,7.0,-0.01492876373231411,0.07439156621694565,0.3095349669456482,0.7111349105834961,8.0,0.006992303300648928,0.07509585469961166,0.3411768972873688,1.250594139099121,4.0,-0.3495749235153198,0.08422355353832245,0.6819378733634949,1.075465202331543,5.0,-0.3327222168445587,0.0840408205986023,0.7037714123725891,1.4862828254699707
1692309300.3612106,"[label: ""height""
size: 5
stride: 25, label: ""width""
size: 5
stride: 5]",0,6.0,-0.04995639994740486,0.07354956120252609,0.2903591990470886,0.19441798329353333,7.0,-0.01467446144670248,0.07390930503606796,0.30702653527259827,0.7105210423469543,8.0,0.007272061426192522,0.07509889453649521,0.3411918878555298,1.2497789859771729,4.0,-0.33579200506210327,0.08210387080907822,0.6603652238845825,1.1139200925827026,5.0,-0.3306628167629242,0.0848277136683464,0.7055289149284363,1.4712681770324707
1692309300.4579625,"[label: ""height""
size: 5
stride: 25, label: ""width""
size: 5
stride: 5]",0,6.0,-0.05007443204522133,0.07362483441829681,0.29110047221183777,0.205158069729805,7.0,-0.01489617396146059,0.07404367625713348,0.3064785301685333,0.7121418118476868,8.0,0.007274450734257698,0.07568223029375076,0.3413083553314209,1.2495841979980469,4.0,-0.34572479128837585,0.08417432755231857,0.6815019249916077,1.0936259031295776,5.0,-0.345668226480484,0.08921728283166885,0.7394818663597107,1.5323410034179688
1692309300.5603607,"[label: ""height""
size: 4
stride: 20, label: ""width""
size: 5
stride: 5]",0,6.0,-0.05050080642104149,0.07313459366559982,0.292677104473114,0.17304785549640656,7.0,-0.014703292399644852,0.07258416712284088,0.3051397502422333,0.7064076662063599,8.0,0.007509816903620958,0.0736936554312706,0.3392251431941986,1.2501364946365356,4.0,-0.34277260303497314,0.0819053202867508,0.6811813116073608,1.0890544652938843
1692309300.6547618,"[label: ""height""
size: 5
stride: 25, label: ""width""
size: 5
stride: 5]",0,6.0,-0.04960326850414276,0.07346940785646439,0.29107898473739624,0.195414736866951,7.0,-0.014240533113479614,0.07447503507137299,0.3083724081516266,0.702621340751648,8.0,0.008346794173121452,0.07500472664833069,0.3388811945915222,1.2314952611923218,4.0,-0.33458632230758667,0.08265596628189087,0.6714865565299988,1.1000579595565796,5.0,-0.33350682258605957,0.08628123253583908,0.7274964451789856,1.5240466594696045
1692309300.754012,"[label: ""height""
size: 4
stride: 20, label: ""width""
size: 5
stride: 5]",0,6.0,-0.04931243136525154,0.07273007184267044,0.29272979497909546,0.17199411988258362,7.0,-0.013379078358411789,0.07320703566074371,0.3087652623653412,0.6860848069190979,8.0,0.00946312490850687,0.07366727292537689,0.3390917181968689,1.2280879020690918,4.0,-0.34104299545288086,0.08298826217651367,0.6926962733268738,-0.13058170676231384
1692309300.8523278,"[label: ""height""
size: 5
stride: 25, label: ""width""
size: 5
stride: 5]",0,6.0,-0.04783676937222481,0.07267685979604721,0.29250362515449524,0.17171670496463776,7.0,-0.011962668038904667,0.07314921170473099,0.3080415427684784,0.6711386442184448,8.0,0.011249516159296036,0.07378333806991577,0.33833906054496765,1.2155357599258423,4.0,-0.32444897294044495,0.07930182665586472,0.6709930896759033,1.0821199417114258,5.0,-0.32367193698883057,0.0834556296467781,0.7288202047348022,1.4991024732589722
1692309300.9516246,"[label: ""height""
size: 4
stride: 20, label: ""width""
size: 5
stride: 5]",0,6.0,-0.04686412215232849,0.07173614203929901,0.29217249155044556,0.13398738205432892,7.0,-0.010985762812197208,0.07271125167608261,0.3088030219078064,0.6655452847480774,8.0,0.012580322101712227,0.07328460365533829,0.340503066778183,1.2018613815307617,4.0,-0.3242201805114746,0.07963931560516357,0.6808723211288452,1.1016294956207275
1692309301.0521555,"[label: ""height""
size: 5
stride: 25, label: ""width""
size: 5
stride: 5]",0,6.0,-0.04639549180865288,0.07219783216714859,0.2946130633354187,0.151167094707489,7.0,-0.01012931764125824,0.07196823507547379,0.30615782737731934,0.6750779151916504,8.0,0.013694855384528637,0.0732799544930458,0.34047946333885193,1.1986652612686157,4.0,-0.32505330443382263,0.0801045224070549,0.6921234130859375,1.0704927444458008,5.0,-0.3136190176010132,0.08145670592784882,0.7269532084465027,1.522637128829956
1692309301.152304,"[label: ""height""
size: 5
stride: 25, label: ""width""
size: 5
stride: 5]",0,6.0,-0.045640211552381516,0.07111906260251999,0.2945026159286499,0.16501598060131073,7.0,-0.009405777789652348,0.07197364419698715,0.3104492425918579,0.6390417814254761,8.0,0.014820029027760029,0.07331082969903946,0.3438781499862671,1.1836135387420654,4.0,-0.32625555992126465,0.07924611866474152,0.7020097970962524,1.0452572107315063,5.0,-0.3106583058834076,0.0798293873667717,0.7283888459205627,1.5032958984375
1692309301.2493086,"[label: ""height""
size: 4
stride: 20, label: ""width""
size: 5
stride: 5]",0,6.0,-0.044452130794525146,0.07105215638875961,0.29208722710609436,0.14000077545642853,7.0,-0.008346614427864552,0.07201723754405975,0.3090524673461914,0.6426597833633423,8.0,0.01571587100625038,0.0724998190999031,0.33880168199539185,1.185502529144287,4.0,-0.3163372278213501,0.07898359000682831,0.6922706365585327,1.0778995752334595
1692309301.355045,"[label: ""height""
size: 5
stride: 25, label: ""width""
size: 5
stride: 5]",0,6.0,-0.04372907802462578,0.07031623274087906,0.29693102836608887,0.1394374966621399,7.0,-0.007180239539593458,0.07157237082719803,0.3125709891319275,0.6230875253677368,8.0,0.017534427344799042,0.07189906388521194,0.34185072779655457,1.1772419214248657,4.0,-0.3164363503456116,0.07700105011463165,0.7025419473648071,1.050667405128479,5.0,-0.3105629086494446,0.08050256222486496,0.7513145804405212,-0.7939106225967407
1692309301.451896,"[label: ""height""
size: 5
stride: 25, label: ""width""
size: 5
stride: 5]",0,6.0,-0.04279860109090805,0.07055091112852097,0.2951502203941345,0.08840223401784897,7.0,-0.006316691637039185,0.07092902809381485,0.30869975686073303,0.6376112699508667,8.0,0.01832776516675949,0.07127990573644638,0.33824291825294495,1.1702370643615723,3.0,-0.33177322149276733,0.07349000126123428,0.6555047035217285,0.6380472779273987,4.0,-0.31638166308403015,0.0780547633767128,0.7099299430847168,-0.15270152688026428
1692309301.5603838,"[label: ""height""
size: 5
stride: 25, label: ""width""
size: 5
stride: 5]",0,6.0,-0.04231472313404083,0.06991036236286163,0.295540988445282,0.142603799700737,7.0,-0.005727729294449091,0.07093367725610733,0.31033584475517273,0.6148955225944519,8.0,0.019180158153176308,0.07149253785610199,0.341243714094162,1.1734596490859985,3.0,-0.3306829035282135,0.07400186359882355,0.6603006720542908,0.6556864380836487,4.0,-0.30833274126052856,0.07692160457372665,0.7017743587493896,1.062499761581421
1692309301.657836,"[label: ""height""
size: 6
stride: 30, label: ""width""
size: 5
stride: 5]",0,6.0,-0.0418592244386673,0.06932255625724792,0.295487642288208,0.10809321701526642,7.0,-0.005186797119677067,0.0699334517121315,0.30877161026000977,0.6213501691818237,8.0,0.01963259093463421,0.07068092375993729,0.33936843276023865,1.1731535196304321,3.0,-0.33096379041671753,0.07279287278652191,0.6634047031402588,0.4565643072128296,4.0,-0.31240490078926086,0.07624731957912445,0.714348554611206,1.0090725421905518,5.0,-0.29663321375846863,0.07651364058256149,0.7395991086959839,-0.8126285076141357
1692309301.7732596,"[label: ""height""
size: 5
stride: 25, label: ""width""
size: 5
stride: 5]",0,6.0,-0.04086051881313324,0.06906929612159729,0.29543939232826233,0.13098779320716858,7.0,-0.004481639713048935,0.07001014798879623,0.3119569420814514,0.6284347176551819,8.0,0.020181553438305855,0.07010221481323242,0.3392504155635834,1.1717866659164429,3.0,-0.32561007142066956,0.07149668037891388,0.6590787172317505,0.36024296283721924,4.0,-0.30426836013793945,0.07467867434024811,0.702336847782135,1.0781333446502686
1692309301.865815,"[label: ""height""
size: 5
stride: 25, label: ""width""
size: 5
stride: 5]",0,6.0,-0.040339477360248566,0.06888414919376373,0.2952759563922882,0.1445583999156952,7.0,-0.00397102814167738,0.07000340521335602,0.3119242787361145,0.6269279718399048,8.0,0.020563948899507523,0.07005606591701508,0.34100478887557983,1.169533610343933,3.0,-0.3243778944015503,0.07146426290273666,0.6587701439857483,0.36082783341407776,4.0,-0.2984921634197235,0.07325180619955063,0.6916370987892151,1.0942822694778442
1692309301.9669845,"[label: ""height""
size: 6
stride: 30, label: ""width""
size: 5
stride: 5]",0,6.0,-0.039897724986076355,0.06796378642320633,0.29523634910583496,0.0998057946562767,7.0,-0.0036931189242750406,0.06869316846132278,0.3105296492576599,0.6324275135993958,8.0,0.020968854427337646,0.06978301703929901,0.3430984318256378,1.1670035123825073,3.0,-0.3289315402507782,0.07103613764047623,0.6697578430175781,0.44535794854164124,4.0,-0.3068530857563019,0.0730513408780098,0.7116521000862122,1.033412218093872,5.0,-0.2963965833187103,0.07495131343603134,0.7511765956878662,1.5426853895187378
1692309302.065509,"[label: ""height""
size: 6
stride: 30, label: ""width""
size: 5
stride: 5]",0,6.0,-0.040335122495889664,0.06743078678846359,0.2952650487422943,0.1473120003938675,7.0,-0.004100259393453598,0.06843426078557968,0.31225013732910156,0.6393200755119324,8.0,0.020293213427066803,0.06840845942497253,0.34115228056907654,1.1703236103057861,3.0,-0.3231838643550873,0.06861016899347305,0.6587139368057251,0.5505675077438354,4.0,-0.30701327323913574,0.07270843535661697,0.7140500545501709,1.052392840385437,5.0,-0.2961755394935608,0.07429566234350204,0.7507432699203491,-0.8423925042152405
1692309302.1655447,"[label: ""height""
size: 6
stride: 30, label: ""width""
size: 5
stride: 5]",0,6.0,-0.04064197465777397,0.068425253033638,0.29920998215675354,0.13793572783470154,7.0,-0.004220901522785425,0.06849419325590134,0.31204915046691895,0.6520081162452698,8.0,0.01998119428753853,0.0686119943857193,0.34079283475875854,1.1886190176010132,3.0,-0.3237016797065735,0.06885845959186554,0.658195972442627,0.6408929228782654,4.0,-0.3038285970687866,0.07196471840143204,0.7039793729782104,1.0707124471664429,5.0,-0.2974035441875458,0.07450985163450241,0.7529287934303284,1.508497714996338
1692309302.2699401,"[label: ""height""
size: 6
stride: 30, label: ""width""
size: 5
stride: 5]",0,6.0,-0.04097087308764458,0.06666304916143417,0.29706043004989624,0.12458151578903198,7.0,-0.004746237304061651,0.06701502203941345,0.31283143162727356,0.651482343673706,8.0,0.019288387149572372,0.06732099503278732,0.3434005379676819,1.1882356405258179,3.0,-0.32977133989334106,0.06699967384338379,0.6685040593147278,0.26638129353523254,4.0,-0.3039584159851074,0.06886128336191177,0.7016227841377258,1.0795958042144775,5.0,-0.30348724126815796,0.07269220799207687,0.762946605682373,-0.8302367925643921
1692309302.373669,"[label: ""height""
size: 6
stride: 30, label: ""width""
size: 5
stride: 5]",0,6.0,-0.041839636862277985,0.06734444946050644,0.2980406880378723,0.12453320622444153,7.0,-0.0057853045873343945,0.0679359957575798,0.3135426640510559,0.6500108242034912,8.0,0.018012428656220436,0.06814254820346832,0.34332168102264404,1.2005597352981567,3.0,-0.32748010754585266,0.06732060760259628,0.6589508652687073,0.2711477279663086,4.0,-0.3116448223590851,0.07152879983186722,0.7139434218406677,1.061310887336731,5.0,-0.3067595362663269,0.07411443442106247,0.764731228351593,1.5349855422973633
1692309302.4676013,"[label: ""height""
size: 5
stride: 25, label: ""width""
size: 5
stride: 5]",0,6.0,-0.04314421862363815,0.06720337271690369,0.29965895414352417,0.1520996391773224,7.0,-0.007278333883732557,0.0681186243891716,0.3167226314544678,0.6554222106933594,8.0,0.016594337299466133,0.06871942430734634,0.3490735590457916,1.199752688407898,3.0,-0.33487892150878906,0.06745053827762604,0.6681294441223145,0.6755263209342957,4.0,-0.31510356068611145,0.07034909725189209,0.7138317227363586,1.0680676698684692
1692309302.5655978,"[label: ""height""
size: 5
stride: 25, label: ""width""
size: 5
stride: 5]",0,6.0,-0.0450136661529541,0.06674307584762573,0.2993943393230438,0.2051350325345993,7.0,-0.008815602399408817,0.06639593094587326,0.31230565905570984,0.6911230683326721,8.0,0.014499664306640625,0.0667753592133522,0.3435000479221344,1.2186808586120605,3.0,-0.33867818117141724,0.06592937558889389,0.66877681016922,0.25382888317108154,4.0,-0.31312501430511475,0.0677063912153244,0.7015619874000549,1.0967512130737305
1692309302.6683896,"[label: ""height""
size: 4
stride: 20, label: ""width""
size: 5
stride: 5]",0,6.0,-0.046117912977933884,0.06727123260498047,0.2976364493370056,0.176374152302742,7.0,-0.010358709841966629,0.0674787387251854,0.31260329484939575,0.6949194073677063,8.0,0.012320105917751789,0.06816407293081284,0.3455508351325989,1.2235993146896362,4.0,-0.31844842433929443,0.06958837062120438,0.7031646370887756,1.1000492572784424
1692309302.7689033,"[label: ""height""
size: 4
stride: 20, label: ""width""
size: 5
stride: 5]",0,6.0,-0.04828105866909027,0.06614316254854202,0.29891133308410645,0.170885369181633,7.0,-0.01273705530911684,0.06719807535409927,0.31732621788978577,0.6952599287033081,8.0,0.009907991625368595,0.06646305322647095,0.3455343246459961,1.2390562295913696,4.0,-0.32787802815437317,0.06799375265836716,0.7136430144309998,1.0922050476074219
1692309302.872036,"[label: ""height""
size: 4
stride: 20, label: ""width""
size: 5
stride: 5]",0,6.0,-0.05035771429538727,0.0671999529004097,0.2985210418701172,0.2313023805618286,7.0,-0.015099256299436092,0.06756021827459335,0.3152945935726166,0.6996191740036011,8.0,0.007142986170947552,0.06809904426336288,0.34882259368896484,1.2437677383422852,4.0,-0.32263925671577454,0.06754482537508011,0.691173791885376,1.184397578239441
1692309302.9654431,"[label: ""height""
size: 4
stride: 20, label: ""width""
size: 5
stride: 5]",0,6.0,-0.05248366668820381,0.06753328442573547,0.2993903160095215,0.21562469005584717,7.0,-0.017261406406760216,0.06817301362752914,0.3170062303543091,0.6992481350898743,8.0,0.004698758479207754,0.06823490560054779,0.34807947278022766,1.26022469997406,4.0,-0.33394911885261536,0.06888182461261749,0.7018547654151917,1.1342835426330566
1692309303.0644827,"[label: ""height""
size: 4
stride: 20, label: ""width""
size: 5
stride: 5]",0,6.0,-0.05440545827150345,0.06638111919164658,0.29929056763648987,0.23672603070735931,7.0,-0.018998101353645325,0.0666380301117897,0.31586411595344543,0.7342860698699951,8.0,0.0024347163271158934,0.06719699501991272,0.3508187234401703,1.2644798755645752,4.0,-0.33727943897247314,0.06656086444854736,0.7016084790229797,1.1410709619522095
1692309303.1618476,"[label: ""height""
size: 4
stride: 20, label: ""width""
size: 5
stride: 5]",0,6.0,-0.05572258308529854,0.0670626312494278,0.29672864079475403,0.2736344337463379,7.0,-0.02119365520775318,0.06831056624650955,0.31770074367523193,0.7336509227752686,8.0,-1.3986760677653365e-05,0.06895818561315536,0.3510286509990692,1.2797244787216187,4.0,-0.34202247858047485,0.06888649612665176,0.701907753944397,1.148893117904663
1692309303.257848,"[label: ""height""
size: 4
stride: 20, label: ""width""
size: 5
stride: 5]",0,6.0,-0.057288337498903275,0.0667816773056984,0.2981189787387848,0.19255423545837402,7.0,-0.02283271588385105,0.0678958147764206,0.31876295804977417,0.7357650995254517,8.0,-0.001601889729499817,0.06842388212680817,0.3534448444843292,1.2734795808792114,4.0,-0.3442630469799042,0.0677260085940361,0.7017878890037537,1.1533206701278687
1692309303.3587508,"[label: ""height""
size: 4
stride: 20, label: ""width""
size: 5
stride: 5]",0,6.0,-0.058617521077394485,0.06712762266397476,0.2977311313152313,0.24977700412273407,7.0,-0.024413296952843666,0.06845954805612564,0.3189714848995209,0.7402283549308777,8.0,-0.003407374257221818,0.06761952489614487,0.34568551182746887,1.294012427330017,4.0,-0.3471871614456177,0.0684763714671135,0.7036274671554565,1.173708438873291
1692309303.4638128,"[label: ""height""
size: 4
stride: 20, label: ""width""
size: 5
stride: 5]",0,6.0,-0.05927494168281555,0.0676584541797638,0.2983504831790924,0.20496425032615662,7.0,-0.024946600198745728,0.06901080906391144,0.319114089012146,0.7414107918739319,8.0,-0.003920840565115213,0.06962919235229492,0.3537030518054962,1.2798599004745483,4.0,-0.3478461802005768,0.06964421272277832,0.7037946581840515,1.1743978261947632
1692309303.5649507,"[label: ""height""
size: 4
stride: 20, label: ""width""
size: 5
stride: 5]",0,6.0,-0.05973759666085243,0.06692343205213547,0.29836246371269226,0.2331191599369049,7.0,-0.025202035903930664,0.06774847209453583,0.31750211119651794,0.7600783705711365,8.0,-0.004326044116169214,0.06837240606546402,0.350971519947052,1.292121410369873,4.0,-0.341272234916687,0.06699050217866898,0.6913309097290039,-0.29435810446739197
1692309303.6605299,"[label: ""height""
size: 4
stride: 20, label: ""width""
size: 5
stride: 5]",0,6.0,-0.05971367284655571,0.0677274838089943,0.2997822165489197,0.17569157481193542,7.0,-0.024736538529396057,0.06832863390445709,0.3165545165538788,0.7509450316429138,8.0,-0.0037305138539522886,0.06873980164527893,0.3492078483104706,1.2913196086883545,4.0,-0.3437241017818451,0.06847546994686127,0.7036166787147522,1.1675962209701538
1692309303.7564802,"[label: ""height""
size: 4
stride: 20, label: ""width""
size: 5
stride: 5]",0,6.0,-0.058940522372722626,0.06725721806287766,0.2980688810348511,0.2394537478685379,7.0,-0.024495994672179222,0.06812283396720886,0.3167775571346283,0.7487348318099976,8.0,-0.0032968956511467695,0.06877046078443527,0.34936901926994324,1.2814618349075317,4.0,-0.34036222100257874,0.06889685988426208,0.7020264267921448,1.1905320882797241
1692309303.85849,"[label: ""height""
size: 4
stride: 20, label: ""width""
size: 5
stride: 5]",0,6.0,-0.05853366479277611,0.06721260398626328,0.29830417037010193,0.20555518567562103,7.0,-0.02387537620961666,0.06818803399801254,0.3170944154262543,0.7335893511772156,8.0,-0.0023010317236185074,0.06894077360630035,0.35093218088150024,1.269213318824768,4.0,-0.3368508815765381,0.06848187744617462,0.7036895155906677,1.199320912361145
1692309303.9598975,"[label: ""height""
size: 4
stride: 20, label: ""width""
size: 5
stride: 5]",0,6.0,-0.05762835592031479,0.06700962036848068,0.30038779973983765,0.16872276365756989,7.0,-0.02277492731809616,0.06886214017868042,0.32140952348709106,0.6984398365020752,8.0,-0.000863842258695513,0.0689409077167511,0.35093218088150024,1.2650964260101318,4.0,-0.3372996151447296,0.06861403584480286,0.7141232490539551,-0.26647549867630005
1692309304.0533617,"[label: ""height""
size: 4
stride: 20, label: ""width""
size: 5
stride: 5]",0,6.0,-0.0574558824300766,0.06860139220952988,0.3016203045845032,0.20638756453990936,7.0,-0.02196485921740532,0.06931735575199127,0.31752803921699524,0.7127787470817566,8.0,-1.6761782717367169e-06,0.07012321054935455,0.3511059880256653,1.262416958808899,4.0,-0.33273178339004517,0.07097631692886353,0.7143633961677551,-0.2683509588241577
1692309304.1556964,"[label: ""height""
size: 4
stride: 20, label: ""width""
size: 5
stride: 5]",0,6.0,-0.05619344115257263,0.06679336726665497,0.2992921471595764,0.166524738073349,7.0,-0.021254083141684532,0.06811024248600006,0.31848233938217163,0.7068118453025818,8.0,0.0010183905251324177,0.06952156871557236,0.3546120226383209,1.2474265098571777,4.0,-0.32910478115081787,0.06861214339733124,0.7141106724739075,-0.27068668603897095
1692309304.2592235,"[label: ""height""
size: 4
stride: 20, label: ""width""
size: 5
stride: 5]",0,6.0,-0.0559835247695446,0.06825687736272812,0.30159682035446167,0.19299782812595367,7.0,-0.020567636936903,0.06943800300359726,0.31987297534942627,0.6983051896095276,8.0,0.0020225790794938803,0.07009366154670715,0.35094407200813293,1.2396032810211182,4.0,-0.3306722640991211,0.07139075547456741,0.7274593710899353,1.1562085151672363
1692309304.364199,"[label: ""height""
size: 5
stride: 25, label: ""width""
size: 5
stride: 5]",0,6.0,-0.05496188625693321,0.06772569566965103,0.3014207184314728,0.19416780769824982,8.0,0.0030350962188094854,0.06953301280736923,0.35101398825645447,1.2280408143997192,3.0,-0.34368088841438293,0.06832296401262283,0.6795572638511658,0.6641649007797241,4.0,-0.3198876678943634,0.07036781311035156,0.7140457630157471,1.170274257659912,7.0,-0.019688280299305916,0.06917772442102432,0.3203699290752411,0.6802611947059631
1692309304.4594653,"[label: ""height""
size: 5
stride: 25, label: ""width""
size: 5
stride: 5]",0,6.0,-0.05445529893040657,0.0677482932806015,0.3010822534561157,0.14552508294582367,7.0,-0.018883107230067253,0.06904655694961548,0.317950576543808,0.6760975122451782,8.0,0.00422561913728714,0.07069304585456848,0.3546590209007263,1.2208075523376465,3.0,-0.3462964594364166,0.06893271207809448,0.6900817155838013,0.3975193500518799,4.0,-0.318084180355072,0.06980019062757492,0.7142944931983948,-0.32190489768981934
1692309304.5613906,"[label: ""height""
size: 5
stride: 25, label: ""width""
size: 5
stride: 5]",0,6.0,-0.054492831230163574,0.06796785444021225,0.3013901114463806,0.16437922418117523,7.0,-0.018543804064393044,0.06863028556108475,0.31669554114341736,0.6800710558891296,8.0,0.0043320851400494576,0.07006630301475525,0.3507934510707855,1.2158533334732056,3.0,-0.33801719546318054,0.0688151940703392,0.6790248155593872,0.2780906856060028,4.0,-0.31403109431266785,0.07036621868610382,0.7140271067619324,1.1602402925491333
1692309304.6603293,"[label: ""height""
size: 5
stride: 25, label: ""width""
size: 5
stride: 5]",0,6.0,-0.054456744343042374,0.06869663298130035,0.30134329199790955,0.19147317111492157,7.0,-0.018371257930994034,0.0695132240653038,0.3159470558166504,0.6699028015136719,8.0,0.004923763684928417,0.07118476927280426,0.35207438468933105,1.2120698690414429,3.0,-0.337363600730896,0.0696064755320549,0.6807090044021606,0.4875158965587616,4.0,-0.31791338324546814,0.07299046963453293,0.7255401611328125,1.1411621570587158
1692309304.7615356,"[label: ""height""
size: 5
stride: 25, label: ""width""
size: 5
stride: 5]",0,6.0,-0.05403248220682144,0.067280113697052,0.2974713146686554,0.15783292055130005,7.0,-0.018532611429691315,0.06852148473262787,0.31441736221313477,0.6786978840827942,8.0,0.004741437267512083,0.06977268308401108,0.34860506653785706,1.2077140808105469,3.0,-0.33572545647621155,0.06828483939170837,0.679206907749176,0.633708655834198,4.0,-0.3116884231567383,0.0703655555844307,0.7140192985534668,1.15622079372406
1692309304.8603666,"[label: ""height""
size: 5
stride: 25, label: ""width""
size: 5
stride: 5]",0,6.0,-0.054501306265592575,0.06841900944709778,0.29733437299728394,0.14999954402446747,7.0,-0.018911734223365784,0.06978476792573929,0.3142615258693695,0.6660011410713196,8.0,0.0048499028198421,0.07043129950761795,0.34556686878204346,1.2021898031234741,3.0,-0.3335944712162018,0.0710436999797821,0.6790907382965088,0.28821665048599243,4.0,-0.31570231914520264,0.07469338923692703,0.7249647378921509,-0.3076123297214508
1692309304.9639738,"[label: ""height""
size: 5
stride: 25, label: ""width""
size: 5
stride: 5]",0,6.0,-0.05458194017410278,0.06823883205652237,0.2996731698513031,0.1333301067352295,7.0,-0.0184395182877779,0.06946227699518204,0.31690970063209534,0.6395355463027954,8.0,0.005465163383632898,0.07039956748485565,0.34889256954193115,1.1966599225997925,3.0,-0.34209123253822327,0.0722893700003624,0.7010665535926819,0.31272366642951965,4.0,-0.31262385845184326,0.07300137728452682,0.7256600856781006,1.1775898933410645
1692309305.0606086,"[label: ""height""
size: 5
stride: 25, label: ""width""
size: 5
stride: 5]",0,6.0,-0.05403868854045868,0.06835325062274933,0.29932811856269836,0.12219580262899399,7.0,-0.017872778698801994,0.06923168897628784,0.3140755295753479,0.6633861660957336,8.0,0.005942992400377989,0.07167022675275803,0.35161900520324707,1.183843731880188,3.0,-0.32873111963272095,0.0704326406121254,0.6785319447517395,0.6082414388656616,4.0,-0.3053897023200989,0.07273250818252563,0.7143155336380005,1.188633680343628
1692309305.1638067,"[label: ""height""
size: 5
stride: 25, label: ""width""
size: 5
stride: 5]",0,6.0,-0.053625982254743576,0.06865517795085907,0.29839012026786804,0.12059924006462097,7.0,-0.017700284719467163,0.07003892958164215,0.3154725432395935,0.6560863852500916,8.0,0.006324485410004854,0.07099401205778122,0.34901225566864014,1.1940113306045532,3.0,-0.3271375596523285,0.07201682776212692,0.677018404006958,0.6945725083351135,4.0,-0.30969205498695374,0.07538987696170807,0.7257694602012634,1.126373052597046
1692309305.2608533,"[label: ""height""
size: 5
stride: 25, label: ""width""
size: 5
stride: 5]",0,6.0,-0.05344507843255997,0.06919748336076736,0.3009379506111145,0.14355620741844177,7.0,-0.017182309180498123,0.07003121823072433,0.3154350519180298,0.6545107960700989,8.0,0.006830702535808086,0.07042840123176575,0.34555065631866455,1.1965041160583496,3.0,-0.3254280388355255,0.07136887311935425,0.6769164204597473,0.6850774884223938,4.0,-0.3087846338748932,0.07499969750642776,0.7278143167495728,1.1634373664855957
1692309305.3644598,"[label: ""height""
size: 5
stride: 25, label: ""width""
size: 5
stride: 5]",0,6.0,-0.05268445238471031,0.06887112557888031,0.2987063527107239,0.14009766280651093,7.0,-0.016664452850818634,0.07002349942922592,0.3153975307941437,0.6529387831687927,8.0,0.0073964232578873634,0.07042597234249115,0.34553760290145874,1.1948976516723633,3.0,-0.32544633746147156,0.07246272265911102,0.6815692782402039,0.6515287160873413,4.0,-0.3068106472492218,0.07615266740322113,0.7273762822151184,1.1608619689941406
1692309305.4624407,"[label: ""height""
size: 5
stride: 25, label: ""width""
size: 5
stride: 5]",0,6.0,-0.05253705382347107,0.06880617141723633,0.2991539239883423,0.12191998958587646,7.0,-0.016228459775447845,0.06982455402612686,0.31444409489631653,0.6433809399604797,8.0,0.007641434669494629,0.0701964870095253,0.3437346816062927,1.1953929662704468,3.0,-0.3243250548839569,0.07246166467666626,0.6815562844276428,0.6472784876823425,4.0,-0.3055401146411896,0.07620199024677277,0.7278874516487122,1.179961919784546
1692309305.5597248,"[label: ""height""
size: 4
stride: 20, label: ""width""
size: 5
stride: 5]",0,6.0,-0.05303677171468735,0.0688176155090332,0.29920706152915955,0.12177980691194534,7.0,-0.016570160165429115,0.06877955794334412,0.31146129965782166,0.6600267887115479,8.0,0.0075576165691018105,0.07027553021907806,0.3461894690990448,1.1848698854446411,3.0,-0.31852683424949646,0.07039529085159302,0.6700958013534546,0.17046812176704407
1692309305.6575885,"[label: ""height""
size: 4
stride: 20, label: ""width""
size: 5
stride: 5]",0,6.0,-0.052691031247377396,0.06871733069419861,0.29646673798561096,0.10239071398973465,7.0,-0.016819298267364502,0.06997866183519363,0.3134850263595581,0.6371896266937256,8.0,0.007559908088296652,0.07086355984210968,0.34629857540130615,1.1847041845321655,3.0,-0.3232647776603699,0.0735887810587883,0.6816707849502563,0.6420124173164368
1692309305.7598555,"[label: ""height""
size: 4
stride: 20, label: ""width""
size: 5
stride: 5]",0,6.0,-0.05269491299986839,0.06775273382663727,0.29649561643600464,0.10360155999660492,7.0,-0.016554588451981544,0.06907812505960464,0.3133280277252197,0.6365907788276672,8.0,0.007836065255105495,0.06984877586364746,0.3454684317111969,1.167899250984192,3.0,-0.324079692363739,0.07222798466682434,0.6869055032730103,0.5975044369697571
1692309305.8633814,"[label: ""height""
size: 4
stride: 20, label: ""width""
size: 5
stride: 5]",0,6.0,-0.0527128130197525,0.06860046833753586,0.29662081599235535,0.10741832107305527,7.0,-0.016626333817839622,0.0694652572274208,0.3122898042201996,0.630165696144104,8.0,0.007800618652254343,0.07021331787109375,0.3438134789466858,1.1691969633102417,3.0,-0.32032331824302673,0.07351002842187881,0.6807997226715088,0.7014039754867554
1692309305.9579341,"[label: ""height""
size: 4
stride: 20, label: ""width""
size: 5
stride: 5]",0,6.0,-0.052198875695466995,0.0682247206568718,0.2964337170124054,0.10295460373163223,7.0,-0.016097646206617355,0.06976497918367386,0.31414341926574707,0.6037265062332153,8.0,0.008896786719560623,0.06969007104635239,0.3426148593425751,1.1678489446640015,3.0,-0.3283512592315674,0.07605697959661484,0.7044944167137146,0.5970604419708252
1692309306.059729,"[label: ""height""
size: 4
stride: 20, label: ""width""
size: 5
stride: 5]",0,6.0,-0.053038738667964935,0.06833065301179886,0.2992224097251892,0.12251230329275131,7.0,-0.01585197076201439,0.06827502697706223,0.3097744584083557,0.6275267601013184,8.0,0.008839857764542103,0.0690837875008583,0.34033602476119995,1.1704604625701904,3.0,-0.3153384327888489,0.07244940847158432,0.6814119815826416,0.6120992302894592
1692309306.1633942,"[label: ""height""
size: 5
stride: 25, label: ""width""
size: 5
stride: 5]",0,6.0,-0.05253392830491066,0.06834294646978378,0.29762864112854004,0.10039567947387695,7.0,-0.01591881923377514,0.06939642876386642,0.3131448030471802,0.5956577062606812,8.0,0.00957195833325386,0.07090338319540024,0.34649327397346497,1.1439400911331177,3.0,-0.3131556510925293,0.07357518374919891,0.6815119385719299,0.6016532182693481,4.0,-0.2991424798965454,0.07823240756988525,0.7385719418525696,1.1498066186904907
1692309306.2597685,"[label: ""height""
size: 5
stride: 25, label: ""width""
size: 5
stride: 5]",0,6.0,-0.05290153622627258,0.06819604337215424,0.29817235469818115,0.07433058321475983,7.0,-0.01560362707823515,0.06851708889007568,0.309670090675354,0.5982308387756348,8.0,0.009832063689827919,0.06909018754959106,0.34036028385162354,1.1418927907943726,3.0,-0.31565970182418823,0.07442448288202286,0.6921839118003845,0.2677253186702728,4.0,-0.29594382643699646,0.07705187797546387,0.7388827204704285,1.1668164730072021
1692309306.3586884,"[label: ""height""
size: 5
stride: 25, label: ""width""
size: 5
stride: 5]",0,6.0,-0.0528750978410244,0.06783276051282883,0.2980215847492218,0.07466422021389008,7.0,-0.015528875403106213,0.06808040291070938,0.3083285093307495,0.6059550642967224,8.0,0.010360980406403542,0.07025114446878433,0.3439990282058716,1.1269869804382324,3.0,-0.3110549747943878,0.07388018071651459,0.6864601373672485,0.3202071487903595,4.0,-0.29535382986068726,0.07770410925149918,0.7394059300422668,-0.3963806629180908
1692309306.4554002,"[label: ""height""
size: 5
stride: 25, label: ""width""
size: 5
stride: 5]",0,6.0,-0.05386003851890564,0.06833019852638245,0.29806438088417053,0.07406938821077347,7.0,-0.016678430140018463,0.068578340113163,0.3082875609397888,0.5686572790145874,8.0,0.009652717970311642,0.06937001645565033,0.3383185863494873,1.1183927059173584,3.0,-0.3118179142475128,0.07561853528022766,0.6924771666526794,0.2793377935886383,4.0,-0.29236117005348206,0.07827442139387131,0.7390052080154419,1.1606258153915405
1692309306.5525193,"[label: ""height""
size: 5
stride: 25, label: ""width""
size: 5
stride: 5]",0,6.0,-0.05434424430131912,0.06794877350330353,0.2985292077064514,0.042082637548446655,7.0,-0.017011454328894615,0.06826096773147583,0.30961647629737854,0.5606807470321655,8.0,0.0099471565335989,0.07014299929141998,0.3434235751628876,1.0847488641738892,3.0,-0.31559261679649353,0.07533589005470276,0.7030380368232727,0.5608159899711609,4.0,-0.29109591245651245,0.07705040276050568,0.7388666868209839,1.1589802503585815
1692309306.6495395,"[label: ""height""
size: 5
stride: 25, label: ""width""
size: 5
stride: 5]",0,6.0,-0.054861970245838165,0.06815990060567856,0.2991398572921753,0.0034379169810563326,7.0,-0.017172330990433693,0.06886152923107147,0.31005603075027466,0.5429847836494446,8.0,0.01008397527039051,0.06937939673662186,0.3383582532405853,1.0910459756851196,3.0,-0.31331685185432434,0.0764927938580513,0.7030901312828064,0.5488302111625671,4.0,-0.2892477512359619,0.07804539799690247,0.736972987651825,-0.37400519847869873
1692309306.7539754,"[label: ""height""
size: 5
stride: 25, label: ""width""
size: 5
stride: 5]",0,6.0,-0.05512755736708641,0.06881240755319595,0.30074527859687805,0.032553721219301224,7.0,-0.017048316076397896,0.06909124553203583,0.309984028339386,0.5308476686477661,8.0,0.01036898884922266,0.06992573291063309,0.3383123576641083,1.0726693868637085,3.0,-0.3119104206562042,0.07762940973043442,0.7032268047332764,0.6305240392684937,4.0,-0.28252288699150085,0.07780876010656357,0.726183295249939,1.1706992387771606
1692309306.8563735,"[label: ""height""
size: 5
stride: 25, label: ""width""
size: 5
stride: 5]",0,6.0,-0.05507006496191025,0.06704436242580414,0.2984673082828522,0.03784336522221565,7.0,-0.01731199212372303,0.06776650249958038,0.3079770803451538,0.526810884475708,8.0,0.010446102358400822,0.06850399821996689,0.3360782265663147,1.066257119178772,3.0,-0.31082645058631897,0.07529952377080917,0.7026623487472534,0.5415225625038147,4.0,-0.2867738604545593,0.07682251930236816,0.7368201613426208,-0.375946968793869
1692309306.9609869,"[label: ""height""
size: 5
stride: 25, label: ""width""
size: 5
stride: 5]",0,6.0,-0.05555390194058418,0.06884674727916718,0.30087581276893616,0.0006874864338897169,7.0,-0.017231648787856102,0.06889829784631729,0.3085673451423645,0.507218599319458,8.0,0.010716916061937809,0.06979358941316605,0.3356664478778839,1.0487725734710693,3.0,-0.3047473132610321,0.0764889046549797,0.6921223998069763,0.5217360258102417,4.0,-0.28514087200164795,0.07949638366699219,0.7391170263290405,1.1485437154769897
1692309307.0579503,"[label: ""height""
size: 5
stride: 25, label: ""width""
size: 5
stride: 5]",0,6.0,-0.05555401369929314,0.06786128133535385,0.3008764684200287,0.0006984738283790648,7.0,-0.017348628491163254,0.0681459903717041,0.30854740738868713,0.5202931761741638,8.0,0.01081300899386406,0.06975755095481873,0.33881059288978577,1.0432953834533691,3.0,-0.303332656621933,0.07480434328317642,0.686924397945404,0.4401577413082123,4.0,-0.28171074390411377,0.07739943265914917,0.7279338836669922,1.1404751539230347
1692309307.1635735,"[label: ""height""
size: 5
stride: 25, label: ""width""
size: 5
stride: 5]",0,6.0,-0.05606964975595474,0.0683412030339241,0.30155274271965027,-0.020297059789299965,7.0,-0.017499325796961784,0.06810248643159866,0.30667179822921753,0.5022508502006531,8.0,0.010816257447004318,0.07033327221870422,0.3389171361923218,1.0430399179458618,3.0,-0.3019186556339264,0.07467295974493027,0.6813061237335205,0.5512216687202454,4.0,-0.28186362981796265,0.07779441028833389,0.7260357737541199,1.124820351600647
1692309307.2644918,"[label: ""height""
size: 5
stride: 25, label: ""width""
size: 5
stride: 5]",0,6.0,-0.0559743195772171,0.06795469671487808,0.30093711614608765,-0.03918256610631943,7.0,-0.017716268077492714,0.06861801445484161,0.3100610375404358,0.47923654317855835,8.0,0.010568005964159966,0.06914267688989639,0.33514341711997986,1.041234016418457,3.0,-0.3059792220592499,0.07599125057458878,0.6851699352264404,0.32087573409080505,4.0,-0.28473153710365295,0.07860195636749268,0.7280352115631104,1.1448851823806763
1692309307.3626387,"[label: ""height""
size: 5
stride: 25, label: ""width""
size: 5
stride: 5]",0,6.0,-0.05632913485169411,0.06776511669158936,0.30114296078681946,0.01367192342877388,7.0,-0.018226180225610733,0.06862851232290268,0.31011202931404114,0.4806859493255615,8.0,0.010258674621582031,0.06976045668125153,0.33882611989974976,1.044867992401123,3.0,-0.3180493116378784,0.07652117311954498,0.7033827304840088,0.5685175061225891,4.0,-0.28887680172920227,0.07740214467048645,0.7279626727104187,1.152222752571106
1692309307.457581,"[label: ""height""
size: 5
stride: 25, label: ""width""
size: 5
stride: 5]",0,6.0,-0.05604706332087517,0.06786136329174042,0.3008768558502197,0.0006999628967605531,7.0,-0.018008193001151085,0.06880476325750351,0.3109697997570038,0.5076748132705688,8.0,0.0097042890265584,0.06976336240768433,0.33884161710739136,1.0464420318603516,3.0,-0.3164149522781372,0.07676593214273453,0.6925961375236511,0.27002260088920593,4.0,-0.2913035452365875,0.07903699576854706,0.7265812158584595,1.1621824502944946
1692309307.5607843,"[label: ""height""
size: 5
stride: 25, label: ""width""
size: 5
stride: 5]",0,6.0,-0.055760759860277176,0.06785258650779724,0.29921770095825195,-0.021645689383149147,7.0,-0.018100470304489136,0.06872139871120453,0.3105665445327759,0.5261830687522888,8.0,0.00948281493037939,0.07040678709745407,0.3412820100784302,1.0616124868392944,3.0,-0.31498953700065613,0.07611414790153503,0.6811243295669556,0.4537979066371918,4.0,-0.29503965377807617,0.07900699973106384,0.7262658476829529,1.1464810371398926
1692309307.6568553,"[label: ""height""
size: 5
stride: 25, label: ""width""
size: 5
stride: 5]",0,6.0,-0.056237149983644485,0.06769893318414688,0.30009058117866516,0.032344263046979904,7.0,-0.01869485154747963,0.0683613121509552,0.3100941479206085,0.548147976398468,8.0,0.008584437891840935,0.06982359290122986,0.3391646146774292,1.0845996141433716,3.0,-0.3188975155353546,0.07584124803543091,0.6818686127662659,0.6223657131195068,4.0,-0.29407864809036255,0.0773657038807869,0.7138442397117615,1.169991374015808
1692309307.758092,"[label: ""height""
size: 5
stride: 25, label: ""width""
size: 5
stride: 5]",0,6.0,-0.058089714497327805,0.06874508410692215,0.30272674560546875,0.03723715990781784,7.0,-0.019777484238147736,0.0686735138297081,0.30915966629981995,0.5431163311004639,8.0,0.007238812744617462,0.07060016691684723,0.3408784866333008,1.0691020488739014,3.0,-0.3211572468280792,0.07633676379919052,0.675906240940094,0.4473368227481842,4.0,-0.2999766767024994,0.07923206686973572,0.7150545716285706,-0.35394376516342163
1692309307.862662,"[label: ""height""
size: 5
stride: 25, label: ""width""
size: 5
stride: 5]",0,6.0,-0.05863579735159874,0.06841498613357544,0.30308201909065247,0.05439072474837303,7.0,-0.02085665985941887,0.06900392472743988,0.3119439482688904,0.5433686971664429,8.0,0.006270998157560825,0.07048377394676208,0.34166669845581055,1.0785752534866333,3.0,-0.3271688222885132,0.07666192203760147,0.6796334385871887,0.31114885210990906,4.0,-0.3033180832862854,0.0786479189991951,0.7149477005004883,1.1830161809921265
1692309307.9649308,"[label: ""height""
size: 5
stride: 25, label: ""width""
size: 5
stride: 5]",0,6.0,-0.058708611875772476,0.06820391863584518,0.3001547157764435,0.03187427669763565,7.0,-0.02136959508061409,0.06901267170906067,0.3119868040084839,0.5449153184890747,8.0,0.005253185518085957,0.0698394849896431,0.3392495810985565,1.094114065170288,3.0,-0.33094921708106995,0.07724963873624802,0.6797634959220886,0.1135907918214798,4.0,-0.3074345886707306,0.07927596569061279,0.7153611183166504,-0.3704337179660797
1692309308.0634787,"[label: ""height""
size: 5
stride: 25, label: ""width""
size: 5
stride: 5]",0,6.0,-0.05872833728790283,0.06861214339733124,0.2997935712337494,0.06326433271169662,7.0,-0.021773211658000946,0.07014113664627075,0.3141666054725647,0.5628246665000916,8.0,0.0049196756444871426,0.07196300476789474,0.3460730016231537,1.0953232049942017,3.0,-0.32575854659080505,0.07626710832118988,0.6613358855247498,0.7463859915733337,4.0,-0.3121788501739502,0.08046238124370575,0.715491533279419,-0.36713358759880066
1692309308.1665661,"[label: ""height""
size: 5
stride: 25, label: ""width""
size: 5
stride: 5]",0,6.0,-0.06007793918251991,0.06834383308887482,0.3008568584918976,0.03206972777843475,7.0,-0.02280646748840809,0.06902176141738892,0.31253302097320557,0.5644429326057434,8.0,0.0033346363343298435,0.07071416825056076,0.3434768617153168,1.1125398874282837,3.0,-0.33004069328308105,0.0751737654209137,0.6612418293952942,0.7606911659240723,4.0,-0.3109729588031769,0.07821249216794968,0.7031430006027222,1.221903681755066
1692309308.2642868,"[label: ""height""
size: 5
stride: 25, label: ""width""
size: 5
stride: 5]",0,6.0,-0.06120825186371803,0.06940475851297379,0.3031207323074341,0.09480224549770355,7.0,-0.0236761886626482,0.07009976357221603,0.31397774815559387,0.586125910282135,8.0,0.002225311240181327,0.0720558613538742,0.34654924273490906,1.1113052368164062,3.0,-0.3340252935886383,0.07738461345434189,0.6616300344467163,0.7702769041061401,4.0,-0.3255895972251892,0.08262846618890762,0.7267553806304932,1.1510586738586426
1692309308.3667395,"[label: ""height""
size: 5
stride: 25, label: ""width""
size: 5
stride: 5]",0,6.0,-0.06189022213220596,0.06894875317811966,0.30415114760398865,0.12134496122598648,7.0,-0.024135304614901543,0.06918469816446304,0.3133286237716675,0.5940369367599487,8.0,0.0014946825103834271,0.07063325494527817,0.3444662094116211,1.1419795751571655,4.0,-0.31820595264434814,0.07821858674287796,0.7032266855239868,1.2131447792053223,3.0,-0.33739110827445984,0.07517163455486298,0.6613472104072571,0.8246821165084839
1692309308.4656253,"[label: ""height""
size: 4
stride: 20, label: ""width""
size: 5
stride: 5]",0,6.0,-0.061787061393260956,0.06835335493087769,0.3004361093044281,0.08234530687332153,7.0,-0.025161897763609886,0.06978141516447067,0.3149265944957733,0.6001855134963989,8.0,0.0006467452039942145,0.07059084624052048,0.34223800897598267,1.1464415788650513,4.0,-0.3208020329475403,0.07937537878751755,0.7032453417778015,1.1961402893066406
1692309308.5672464,"[label: ""height""
size: 4
stride: 20, label: ""width""
size: 5
stride: 5]",0,6.0,-0.0626353770494461,0.06922466307878494,0.30268776416778564,0.07024978846311569,7.0,-0.02526445873081684,0.06965602189302444,0.3131294548511505,0.6130168437957764,8.0,8.420518133789301e-05,0.0712314173579216,0.3446419835090637,1.145676612854004,4.0,-0.32920846343040466,0.0807572677731514,0.7130473852157593,-0.3108617067337036
1692309308.6644037,"[label: ""height""
size: 4
stride: 20, label: ""width""
size: 5
stride: 5]",0,6.0,-0.062286753207445145,0.0678686574101448,0.3004719018936157,0.08231999725103378,7.0,-0.025747423991560936,0.06933072954416275,0.315745085477829,0.5993880033493042,8.0,-0.00033906620228663087,0.07073109596967697,0.3470105230808258,1.135662317276001,4.0,-0.3253537118434906,0.07821062952280045,0.7031238079071045,1.2043755054473877
1692309308.7699528,"[label: ""height""
size: 4
stride: 20, label: ""width""
size: 5
stride: 5]",0,6.0,-0.0631086528301239,0.06940623372793198,0.3030698001384735,0.04846728593111038,7.0,-0.02581251785159111,0.07019631564617157,0.3149387538433075,0.5899132490158081,8.0,-0.00033456136588938534,0.07127047330141068,0.3448393940925598,1.1378604173660278,4.0,-0.3248647451400757,0.0798165425658226,0.7020679712295532,1.2062039375305176
1692309308.8573182,"[label: ""height""
size: 4
stride: 20, label: ""width""
size: 5
stride: 5]",0,6.0,-0.06291162222623825,0.06801268458366394,0.3028223216533661,0.07045061141252518,7.0,-0.025931403040885925,0.06919138133525848,0.31629589200019836,0.5813629627227783,8.0,-0.0003340907278470695,0.07009875029325485,0.34461936354637146,1.1384028196334839,4.0,-0.3253537118434906,0.07821062952280045,0.7031238079071045,1.2043755054473877
1692309308.9601014,"[label: ""height""
size: 4
stride: 20, label: ""width""
size: 5
stride: 5]",0,6.0,-0.06262285262346268,0.06853509694337845,0.30131709575653076,0.04630250856280327,7.0,-0.025803223252296448,0.06965838372707367,0.31483250856399536,0.5905599594116211,8.0,-4.47412057837937e-05,0.07147742062807083,0.3464953601360321,1.1179640293121338,4.0,-0.3254179358482361,0.07937708497047424,0.7032623887062073,1.2040510177612305
1692309309.059145,"[label: ""height""
size: 4
stride: 20, label: ""width""
size: 5
stride: 5]",0,6.0,-0.06241913512349129,0.06857998669147491,0.3047229051589966,0.08459131419658661,7.0,-0.02501116693019867,0.06909447908401489,0.31459152698516846,0.5882638692855835,8.0,0.0007976075285114348,0.07082848995923996,0.3474977910518646,1.1309117078781128,4.0,-0.3242639899253845,0.07937666773796082,0.703258216381073,1.2020748853683472
1692309309.158718,"[label: ""height""
size: 4
stride: 20, label: ""width""
size: 5
stride: 5]",0,6.0,-0.0619165264070034,0.0680781677365303,0.30471071600914,0.08542828261852264,7.0,-0.02423098497092724,0.0685563012957573,0.31448525190353394,0.5871090292930603,8.0,0.0016691316850483418,0.07085287570953369,0.3496846854686737,1.1082226037979126,4.0,-0.3273194432258606,0.0786476582288742,0.7149478793144226,1.179893136024475
1692309309.249146,"[label: ""height""
size: 4
stride: 20, label: ""width""
size: 5
stride: 5]",0,6.0,-0.059801287949085236,0.06743785738945007,0.3044663667678833,0.03287534788250923,7.0,-0.022545214742422104,0.06857221573591232,0.3175342381000519,0.5450910329818726,8.0,0.003958103712648153,0.07024911046028137,0.3495188355445862,1.1020604372024536,4.0,-0.31815004348754883,0.07705409079790115,0.7031034231185913,1.2134325504302979
1692309309.3543139,"[label: ""height""
size: 5
stride: 25, label: ""width""
size: 5
stride: 5]",0,6.0,-0.0584607869386673,0.06858830899000168,0.3088604211807251,0.08453086763620377,7.0,-0.020421570166945457,0.06868696957826614,0.3168628215789795,0.5446087121963501,8.0,0.006188991013914347,0.06968402862548828,0.346010684967041,1.1010231971740723,3.0,-0.34264373779296875,0.07688116282224655,0.6812801957130432,0.5501035451889038,4.0,-0.3135417699813843,0.07705393433570862,0.7031008005142212,1.205575942993164
1692309309.4502895,"[label: ""height""
size: 5
stride: 25, label: ""width""
size: 5
stride: 5]",0,6.0,-0.05483046919107437,0.06668362021446228,0.30662044882774353,0.026955632492899895,7.0,-0.017122169956564903,0.06694599986076355,0.3159409463405609,0.5548763871192932,8.0,0.009672506712377071,0.0690387561917305,0.3491620123386383,1.0865843296051025,3.0,-0.33685004711151123,0.07462345063686371,0.6808072328567505,0.49959418177604675,4.0,-0.30733469128608704,0.07471573352813721,0.702725887298584,1.2169721126556396
1692309309.5546727,"[label: ""height""
size: 5
stride: 25, label: ""width""
size: 5
stride: 5]",0,6.0,-0.05179700255393982,0.06716097146272659,0.3065014183521271,0.02598613128066063,7.0,-0.014613545499742031,0.06871622800827026,0.32003355026245117,0.535444438457489,8.0,0.01310400664806366,0.06961479783058167,0.34918156266212463,1.0768767595291138,3.0,-0.3290259838104248,0.07549868524074554,0.6784408688545227,0.4606424570083618,4.0,-0.3008144199848175,0.0758889839053154,0.7029657363891602,1.1841683387756348
1692309309.6516557,"[label: ""height""
size: 5
stride: 25, label: ""width""
size: 5
stride: 5]",0,6.0,-0.04974830150604248,0.0664321780204773,0.30739468336105347,-0.04179546609520912,7.0,-0.011980527080595493,0.0675874873995781,0.31962504982948303,0.5291991233825684,8.0,0.015827519819140434,0.06905581057071686,0.34924614429473877,1.0601953268051147,3.0,-0.32484254240989685,0.07460442930459976,0.6809287667274475,0.715847909450531,4.0,-0.30053022503852844,0.07572875171899796,0.7149731516838074,-0.3538350760936737
1692309309.7521267,"[label: ""height""
size: 5
stride: 25, label: ""width""
size: 5
stride: 5]",0,6.0,-0.0466364324092865,0.06631094962358475,0.3092955946922302,-0.04395201429724693,7.0,-0.008470474742352962,0.0673799067735672,0.31987008452415466,0.5001385807991028,8.0,0.019435063004493713,0.06890781223773956,0.34993529319763184,1.0575329065322876,3.0,-0.3244911730289459,0.07438313215970993,0.6936770677566528,0.4640750288963318,4.0,-0.2984398305416107,0.07539797574281693,0.7258557081222534,1.1532530784606934
1692309309.8517835,"[label: ""height""
size: 5
stride: 25, label: ""width""
size: 5
stride: 5]",0,6.0,-0.04323260113596916,0.06643303483724594,0.3103925585746765,-0.03442268818616867,7.0,-0.005323001183569431,0.06716638058423996,0.32015153765678406,0.5205185413360596,8.0,0.023119430989027023,0.06849700957536697,0.3493152856826782,1.0490708351135254,3.0,-0.31023305654525757,0.07311151921749115,0.6767227649688721,0.33646389842033386,4.0,-0.28776949644088745,0.07452068477869034,0.7145380973815918,-0.38487812876701355
1692309309.9600992,"[label: ""height""
size: 5
stride: 25, label: ""width""
size: 5
stride: 5]",0,6.0,-0.039426278322935104,0.06669791787862778,0.31045418977737427,-0.03481908142566681,7.0,-0.0014176233671605587,0.06807505339384079,0.322017639875412,0.4932129979133606,8.0,0.026792865246534348,0.06895945966243744,0.34872114658355713,1.039658546447754,3.0,-0.3099015951156616,0.07502686977386475,0.6890220046043396,0.4462509751319885,4.0,-0.2853839099407196,0.0765930637717247,0.7259147763252258,1.13107168674469
1692309310.0583022,"[label: ""height""
size: 5
stride: 25, label: ""width""
size: 5
stride: 5]",0,6.0,-0.03583613410592079,0.06550174206495285,0.3100498616695404,-0.05168747529387474,7.0,0.0018814130453392863,0.06694547832012177,0.32217085361480713,0.500279426574707,8.0,0.030484244227409363,0.06779218465089798,0.34858641028404236,1.0477631092071533,3.0,-0.3048924505710602,0.07212315499782562,0.6914796829223633,0.20049025118350983,4.0,-0.2797510325908661,0.07421819865703583,0.7259619832038879,1.0981084108352661
1692309310.1619854,"[label: ""height""
size: 5
stride: 25, label: ""width""
size: 5
stride: 5]",0,6.0,-0.033405568450689316,0.06671944260597229,0.31230196356773376,-0.04825093597173691,7.0,0.004741286393254995,0.06740052998065948,0.3199650049209595,0.4738767445087433,8.0,0.033447086811065674,0.06887181848287582,0.3497345447540283,1.037635087966919,3.0,-0.30059173703193665,0.07447651773691177,0.6926108002662659,0.15026313066482544,4.0,-0.27465367317199707,0.07658586651086807,0.725840151309967,1.1130990982055664
1692309310.2577908,"[label: ""height""
size: 5
stride: 25, label: ""width""
size: 5
stride: 5]",0,6.0,-0.03038528747856617,0.06627396494150162,0.3118520677089691,-0.012332321144640446,7.0,0.0076515707187354565,0.0673346146941185,0.32092586159706116,0.48799747228622437,8.0,0.03630350902676582,0.06885920464992523,0.34966394305229187,1.0300582647323608,3.0,-0.2929002046585083,0.07333018630743027,0.6835857629776001,0.4331267178058624,4.0,-0.27102282643318176,0.07538031786680222,0.725669264793396,1.1073561906814575
1692309310.3619976,"[label: ""height""
size: 5
stride: 25, label: ""width""
size: 5
stride: 5]",0,6.0,-0.028139518573880196,0.06671178340911865,0.3140220642089844,0.0005485061556100845,7.0,0.010065511800348759,0.067509725689888,0.3223593533039093,0.5049208998680115,8.0,0.038768280297517776,0.06891907751560211,0.3499896228313446,1.0320483446121216,3.0,-0.29858824610710144,0.07512639462947845,0.7009178400039673,0.4967363774776459,4.0,-0.2734741270542145,0.0770338624715805,0.7386896014213562,1.0835000276565552
1692309310.4597044,"[label: ""height""
size: 5
stride: 25, label: ""width""
size: 5
stride: 5]",0,6.0,-0.026255464181303978,0.0669141635298729,0.3124648332595825,-0.0477001816034317,7.0,0.011646169237792492,0.06803442537784576,0.32234156131744385,0.5004101991653442,8.0,0.039908286184072495,0.06895715743303299,0.34870895743370056,1.0398452281951904,3.0,-0.296711802482605,0.07564421743154526,0.6928278803825378,0.15354496240615845,4.0,-0.2703230082988739,0.07738573849201202,0.7277889847755432,1.075302004814148
1692309310.5577414,"[label: ""height""
size: 5
stride: 25, label: ""width""
size: 5
stride: 5]",0,6.0,-0.02556680329144001,0.06671136617660522,0.31401997804641724,0.0005135725368745625,7.0,0.012785659171640873,0.0681561529636383,0.3248143792152405,0.4855510890483856,8.0,0.040886249393224716,0.06888970732688904,0.349836140871048,1.0529721975326538,3.0,-0.29364457726478577,0.0734814926981926,0.6826096177101135,0.3344903290271759,4.0,-0.2715142071247101,0.07661963254213333,0.7261947393417358,1.083409309387207
1692309310.6599655,"[label: ""height""
size: 5
stride: 25, label: ""width""
size: 5
stride: 5]",0,6.0,-0.025789648294448853,0.06729747354984283,0.3118641972541809,-0.014400282874703407,7.0,0.012123162858188152,0.06809063255786896,0.32081183791160583,0.5073748826980591,8.0,0.04032642021775246,0.06948400288820267,0.3499508798122406,1.0542584657669067,3.0,-0.3006868064403534,0.07667679339647293,0.6921192407608032,0.09519699215888977,4.0,-0.274764746427536,0.07899381220340729,0.7261331081390381,1.1125664710998535
1692309310.7558415,"[label: ""height""
size: 5
stride: 25, label: ""width""
size: 5
stride: 5]",0,6.0,-0.026017479598522186,0.0677114948630333,0.31294628977775574,-0.026986990123987198,7.0,0.012261533178389072,0.06926276534795761,0.32502785325050354,0.4858556389808655,8.0,0.04055699706077576,0.07032053917646408,0.3519735038280487,1.0525906085968018,3.0,-0.3064850866794586,0.07779297977685928,0.6959649920463562,0.418290376663208,4.0,-0.2788611650466919,0.07897799462080002,0.725973904132843,1.0723094940185547
1692309310.8577194,"[label: ""height""
size: 5
stride: 25, label: ""width""
size: 5
stride: 5]",0,6.0,-0.026079555973410606,0.06844218820333481,0.3144618570804596,0.03866526484489441,7.0,0.011893580667674541,0.06873847544193268,0.3214326798915863,0.5329099893569946,8.0,0.039766330271959305,0.07007887959480286,0.3500666618347168,1.0555393695831299,3.0,-0.30976733565330505,0.07885801792144775,0.6942903995513916,0.32600709795951843,4.0,-0.28249987959861755,0.0801861584186554,0.7261567711830139,1.0781673192977905
1692309310.959514,"[label: ""height""
size: 5
stride: 25, label: ""width""
size: 5
stride: 5]",0,6.0,-0.02601941116154194,0.0687439888715744,0.3129783868789673,-0.02622762694954872,7.0,0.011950741522014141,0.06979101896286011,0.32320183515548706,0.5237995386123657,8.0,0.03911466896533966,0.07014646381139755,0.34688887000083923,1.0779706239700317,3.0,-0.31721070408821106,0.08120035380125046,0.7040677666664124,0.556162416934967,4.0,-0.2861403524875641,0.08139490336179733,0.7263394594192505,1.0840137004852295
1692309311.0603766,"[label: ""height""
size: 5
stride: 25, label: ""width""
size: 5
stride: 5]",0,6.0,-0.025474930182099342,0.0683513954281807,0.31147459149360657,0.01319205854088068,7.0,0.012185001745820045,0.06936948001384735,0.3219597041606903,0.5565022230148315,8.0,0.03949711099267006,0.07069724798202515,0.3503090739250183,1.0733603239059448,3.0,-0.31663358211517334,0.0803045928478241,0.6958237290382385,0.5344845652580261,4.0,-0.2890329360961914,0.08129461854696274,0.7253953218460083,1.066711664199829
1692309311.1591108,"[label: ""height""
size: 5
stride: 25, label: ""width""
size: 5
stride: 5]",0,6.0,-0.02530600316822529,0.06994294375181198,0.31262484192848206,0.018783679232001305,7.0,0.012287084013223648,0.07053517550230026,0.3212391138076782,0.5471966862678528,8.0,0.03998288884758949,0.07262089103460312,0.3534048795700073,1.0785177946090698,3.0,-0.31242457032203674,0.08147347718477249,0.6823422908782959,0.5892807245254517,4.0,-0.29110169410705566,0.085020050406456,0.7268437147140503,1.0912444591522217
1692309311.2531178,"[label: ""height""
size: 6
stride: 30, label: ""width""
size: 5
stride: 5]",0,6.0,-0.024453600868582726,0.06885948032140732,0.3114653527736664,0.01311012078076601,7.0,0.01307220384478569,0.06973659992218018,0.32116395235061646,0.5443862676620483,8.0,0.040371838957071304,0.0713106170296669,0.35052013397216797,1.0880329608917236,3.0,-0.3146211504936218,0.08034846186637878,0.6822662949562073,0.5999234318733215,4.0,-0.288796067237854,0.08219509571790695,0.715254545211792,1.1124958992004395,5.0,-0.2785915434360504,0.08365781605243683,0.7520595192909241,1.512808084487915
1692309311.3551779,"[label: ""height""
size: 5
stride: 25, label: ""width""
size: 5
stride: 5]",0,6.0,-0.024280350655317307,0.07096633315086365,0.3126165270805359,0.019378352910280228,7.0,0.013314123265445232,0.07208102941513062,0.3240329325199127,0.5434168577194214,8.0,0.040408212691545486,0.07309560477733612,0.3508386015892029,1.0872732400894165,3.0,-0.31697332859039307,0.0837254449725151,0.6825231313705444,0.6073179841041565,4.0,-0.29536423087120056,0.08734571188688278,0.726353645324707,1.0752336978912354
1692309311.4550724,"[label: ""height""
size: 6
stride: 30, label: ""width""
size: 5
stride: 5]",0,6.0,-0.023255040869116783,0.07045295834541321,0.31261318922042847,0.020017515867948532,7.0,0.014297661371529102,0.07098701596260071,0.3221278786659241,0.5495193004608154,8.0,0.041029684245586395,0.07261660695075989,0.35133662819862366,1.1025891304016113,3.0,-0.32340508699417114,0.08475924283266068,0.6929758787155151,0.26119548082351685,4.0,-0.2976759970188141,0.08699044585227966,0.7283723950386047,1.0457749366760254,5.0,-0.2872017025947571,0.0887787938117981,0.7670370936393738,-0.8671242594718933
1692309311.554141,"[label: ""height""
size: 5
stride: 25, label: ""width""
size: 5
stride: 5]",0,6.0,-0.022741973400115967,0.07147619873285294,0.31260427832603455,0.020262643694877625,7.0,0.014813605695962906,0.07279900461435318,0.3249320983886719,0.5487844347953796,8.0,0.04168526083230972,0.07402104884386063,0.3532049357891083,1.0917086601257324,3.0,-0.3223147392272949,0.086246557533741,0.6864531636238098,0.28660139441490173,4.0,-0.29898688197135925,0.08863486349582672,0.7272098660469055,1.0544832944869995
1692309311.6509845,"[label: ""height""
size: 5
stride: 25, label: ""width""
size: 5
stride: 5]",0,6.0,-0.023242056369781494,0.07149337232112885,0.3131149709224701,0.07212823629379272,7.0,0.014157479628920555,0.07170041650533676,0.3217845559120178,0.5656414031982422,8.0,0.041694119572639465,0.07468308508396149,0.3570711016654968,1.096750020980835,3.0,-0.3263806402683258,0.08679299056529999,0.691537618637085,0.3293094038963318,4.0,-0.30068010091781616,0.08988159149885178,0.7277061939239502,1.030409336090088
1692309311.7540822,"[label: ""height""
size: 6
stride: 30, label: ""width""
size: 5
stride: 5]",0,6.0,-0.02376747876405716,0.07147775590419769,0.31261128187179565,0.019659563899040222,7.0,0.013728643767535686,0.07206863909959793,0.3210214376449585,0.5568782687187195,8.0,0.04112087935209274,0.07462393492460251,0.3533272445201874,1.092980980873108,3.0,-0.3251311182975769,0.08590307086706161,0.6836109161376953,0.3862694203853607,4.0,-0.3085421919822693,0.09050910919904709,0.7401100993156433,0.9835608005523682,5.0,-0.2922699451446533,0.09138201922178268,0.7678107619285583,1.5236823558807373
1692309311.85814,"[label: ""height""
size: 6
stride: 30, label: ""width""
size: 5
stride: 5]",0,6.0,-0.024280047044157982,0.07199045270681381,0.31261172890663147,0.019335422664880753,7.0,0.013321257196366787,0.07318417727947235,0.3242282271385193,0.5424076318740845,8.0,0.040320124477148056,0.07435145229101181,0.35137420892715454,1.0953772068023682,3.0,-0.33246609568595886,0.08944924175739288,0.6960505247116089,0.4157644808292389,4.0,-0.3044152557849884,0.0909532681107521,0.7266671061515808,1.0396987199783325,5.0,-0.2933945655822754,0.09312770515680313,0.7666605710983276,1.5196465253829956
1692309311.960178,"[label: ""height""
size: 5
stride: 25, label: ""width""
size: 5
stride: 5]",0,6.0,-0.024753332138061523,0.07264356315135956,0.3132111132144928,-0.02296934463083744,7.0,0.012937260791659355,0.07383331656455994,0.32478299736976624,0.527422308921814,8.0,0.039871830493211746,0.07488799840211868,0.35117822885513306,1.0879738330841064,3.0,-0.3364696204662323,0.08960001915693283,0.6972562074661255,0.4157281219959259,4.0,-0.31291237473487854,0.09288721531629562,0.7396963238716125,0.9636386632919312
1692309312.0562532,"[label: ""height""
size: 6
stride: 30, label: ""width""
size: 5
stride: 5]",0,6.0,-0.025323795154690742,0.07239757478237152,0.3130003809928894,0.03314024209976196,7.0,0.012160412035882473,0.07263647764921188,0.3212200701236725,0.5604780316352844,8.0,0.03955475613474846,0.07536395639181137,0.35613733530044556,1.0867279767990112,3.0,-0.3339422941207886,0.08842165023088455,0.6868615746498108,0.4943712651729584,4.0,-0.3098345100879669,0.09147391468286514,0.7261207699775696,1.0257492065429688,5.0,-0.2992932200431824,0.09393307566642761,0.7681143283843994,1.5150378942489624
1692309312.1533117,"[label: ""height""
size: 6
stride: 30, label: ""width""
size: 5
stride: 5]",0,6.0,-0.02610502950847149,0.07334606349468231,0.31495049595832825,0.05513786897063255,7.0,0.011537203565239906,0.07456175237894058,0.32619214057922363,0.5671730637550354,8.0,0.03825809061527252,0.07583916187286377,0.35361364483833313,1.1000545024871826,3.0,-0.33772900700569153,0.08962000906467438,0.6864303350448608,0.36605674028396606,4.0,-0.31886371970176697,0.094490185379982,0.7380519509315491,0.9814944863319397,5.0,-0.29721152782440186,0.0936581939458847,0.7532774806022644,1.5330966711044312
1692309312.249899,"[label: ""height""
size: 6
stride: 30, label: ""width""
size: 5
stride: 5]",0,6.0,-0.028009291738271713,0.07298426330089569,0.31771859526634216,0.07130049914121628,7.0,0.009737599641084671,0.07282786071300507,0.32383185625076294,0.5685820579528809,8.0,0.03669258952140808,0.0752071887254715,0.3567674458026886,1.1098911762237549,3.0,-0.34563830494880676,0.08883001655340195,0.6911129951477051,0.49487534165382385,4.0,-0.3186858892440796,0.0907062217593193,0.7246195673942566,0.990699291229248,5.0,-0.30782291293144226,0.09312687814235687,0.7666527032852173,1.5130412578582764
1692309312.3556254,"[label: ""height""
size: 6
stride: 30, label: ""width""
size: 5
stride: 5]",0,6.0,-0.029169723391532898,0.07347531616687775,0.31509819626808167,0.1004682406783104,7.0,0.008183003403246403,0.07440446317195892,0.3254634737968445,0.5669487714767456,8.0,0.03443942964076996,0.07685332000255585,0.3576448857784271,1.1143375635147095,3.0,-0.3530964255332947,0.09160993993282318,0.6932728886604309,0.22019389271736145,4.0,-0.32599812746047974,0.09388290345668793,0.726364254951477,1.0006262063980103,5.0,-0.31483468413352966,0.0963958278298378,0.7677344679832458,-0.7534839510917664
1692309312.4511943,"[label: ""height""
size: 5
stride: 25, label: ""width""
size: 5
stride: 5]",0,6.0,-0.030730703845620155,0.07247069478034973,0.3152291178703308,0.1010543555021286,7.0,0.006268808618187904,0.07423633337020874,0.3306547999382019,0.5630887746810913,8.0,0.03263991326093674,0.07585879415273666,0.3605636954307556,1.1341091394424438,4.0,-0.327828586101532,0.0897761732339859,0.7152279615402222,-0.16999687254428864,5.0,-0.3213037848472595,0.09393320977687836,0.7681155800819397,1.5114611387252808
1692309312.5571325,"[label: ""height""
size: 5
stride: 25, label: ""width""
size: 5
stride: 5]",0,6.0,-0.03208216652274132,0.07369241863489151,0.3153504729270935,0.05324416235089302,7.0,0.0048877038061618805,0.0747528076171875,0.3270932137966156,0.608799159526825,8.0,0.030002744868397713,0.07647407799959183,0.3572602868080139,1.144181251525879,4.0,-0.33340510725975037,0.0927705466747284,0.7154743075370789,1.0437768697738647,5.0,-0.3213312327861786,0.09491102397441864,0.7534337043762207,1.5304571390151978
1692309312.658972,"[label: ""height""
size: 5
stride: 25, label: ""width""
size: 5
stride: 5]",0,6.0,-0.03328721970319748,0.07331196963787079,0.3184416890144348,0.07637512683868408,7.0,0.003591214306652546,0.07448277622461319,0.3318377435207367,0.6194406151771545,8.0,0.029144449159502983,0.07773583382368088,0.36873286962509155,1.1386518478393555,4.0,-0.3442685604095459,0.09214021265506744,0.726635754108429,1.0058083534240723,5.0,-0.3330383896827698,0.09440802037715912,0.7668663263320923,1.5194588899612427
1692309312.7617273,"[label: ""height""
size: 5
stride: 25, label: ""width""
size: 5
stride: 5]",0,6.0,-0.035391513258218765,0.07438444346189499,0.3185715973377228,0.07341910898685455,7.0,0.001288169645704329,0.07522807270288467,0.33154839277267456,0.6413154006004333,8.0,0.025711024180054665,0.07684426009654999,0.36314842104911804,1.1866782903671265,4.0,-0.353608101606369,0.09433897584676743,0.7299396395683289,1.0093449354171753,5.0,-0.34156954288482666,0.09648464620113373,0.7684062123298645,1.5170648097991943
1692309312.8634238,"[label: ""height""
size: 5
stride: 25, label: ""width""
size: 5
stride: 5]",0,6.0,-0.036103505641222,0.07407011091709137,0.3199031949043274,0.16959087550640106,7.0,0.00019425927894189954,0.07586836069822311,0.3367682099342346,0.6488915085792542,8.0,0.024005252867937088,0.07782215625047684,0.36918002367019653,1.2051409482955933,4.0,-0.3527774512767792,0.09167895466089249,0.7161445021629333,1.0526427030563354,5.0,-0.3406519293785095,0.09364590048789978,0.7531786561012268,1.5340468883514404
1692309312.9643137,"[label: ""height""
size: 5
stride: 25, label: ""width""
size: 5
stride: 5]",0,6.0,-0.03663693740963936,0.07408767938613892,0.3199841380119324,0.16957910358905792,7.0,-0.0010360615560784936,0.07554857432842255,0.3366044759750366,0.6916950345039368,8.0,0.021657053381204605,0.07657977193593979,0.36543747782707214,1.2324497699737549,4.0,-0.35734549164772034,0.09157885611057281,0.7153134346008301,1.0371235609054565,5.0,-0.3510971665382385,0.09474393725395203,0.7645123600959778,1.541619896888733
1692309313.065119,"[label: ""height""
size: 5
stride: 25, label: ""width""
size: 5
stride: 5]",0,6.0,-0.03770789876580238,0.07497477531433105,0.323344886302948,0.1479272097349167,7.0,-0.0018621457275003195,0.07563810050487518,0.3370354473590851,0.7167618870735168,8.0,0.020699115470051765,0.07885696738958359,0.37553951144218445,1.2457195520401,4.0,-0.3690164089202881,0.09348596632480621,0.7279129028320312,1.021639347076416,5.0,-0.3572954535484314,0.09568779170513153,0.7670610547065735,1.5142995119094849
1692309313.165762,"[label: ""height""
size: 5
stride: 25, label: ""width""
size: 5
stride: 5]",0,6.0,-0.03812183812260628,0.07368936389684677,0.32274356484413147,0.19628667831420898,7.0,-0.002835225546732545,0.0745924785733223,0.3378589451313019,0.7302523851394653,8.0,0.018363505601882935,0.07675213366746902,0.3720548152923584,1.2728520631790161,4.0,-0.36723387241363525,0.0892859473824501,0.7157482504844666,1.0281702280044556,5.0,-0.35625290870666504,0.09200506657361984,0.7548879981040955,1.4980562925338745
1692309313.2707493,"[label: ""height""
size: 4
stride: 20, label: ""width""
size: 5
stride: 5]",0,6.0,-0.03866618126630783,0.0742446705698967,0.32286641001701355,0.19544130563735962,7.0,-0.004146239720284939,0.07603172957897186,0.34255266189575195,0.7528203129768372,8.0,0.017134854570031166,0.07848703861236572,0.37894806265830994,1.2875882387161255,5.0,-0.35853201150894165,0.09364596009254456,0.7531797289848328,1.5304734706878662
1692309313.3636394,"[label: ""height""
size: 4
stride: 20, label: ""width""
size: 5
stride: 5]",0,6.0,-0.03827270120382309,0.07326792180538177,0.32321128249168396,0.23687556385993958,7.0,-0.004018187522888184,0.07497414201498032,0.34342220425605774,0.7628895044326782,8.0,0.016040373593568802,0.07636485248804092,0.3753880262374878,1.3116364479064941,5.0,-0.3589726388454437,0.09113558381795883,0.7528110146522522,1.533862829208374
1692309313.4603236,"[label: ""height""
size: 4
stride: 20, label: ""width""
size: 5
stride: 5]",0,6.0,-0.039250459522008896,0.07426594197750092,0.32591575384140015,0.2526233196258545,7.0,-0.0050168950110673904,0.07572674751281738,0.3443393409252167,0.7743935585021973,8.0,0.014905348420143127,0.07732699811458588,0.37782979011535645,1.3150488138198853,5.0,-0.36782848834991455,0.09384728968143463,0.7674052119255066,-0.6217729449272156
1692309313.560381,"[label: ""height""
size: 4
stride: 20, label: ""width""
size: 5
stride: 5]",0,6.0,-0.039735741913318634,0.07272707670927048,0.32368507981300354,0.2974933385848999,7.0,-0.006060917396098375,0.07509293407201767,0.34724703431129456,0.7793501615524292,8.0,0.01402001641690731,0.07824660837650299,0.3876984417438507,1.3143706321716309,5.0,-0.3605169653892517,0.08990538120269775,0.752830445766449,1.5259190797805786
1692309313.656823,"[label: ""height""
size: 4
stride: 20, label: ""width""
size: 5
stride: 5]",0,6.0,-0.0415155291557312,0.07326149195432663,0.32618921995162964,0.29753515124320984,7.0,-0.007642327807843685,0.07524941861629486,0.34801870584487915,0.7931079268455505,8.0,0.01192823238670826,0.07670791447162628,0.3816516399383545,1.3201102018356323,5.0,-0.3607056438922882,0.08987787365913391,0.7525959610939026,1.5120232105255127
1692309313.7624145,"[label: ""height""
size: 4
stride: 20, label: ""width""
size: 5
stride: 5]",0,6.0,-0.04286453127861023,0.07346685230731964,0.3281243145465851,0.27028629183769226,7.0,-0.008902600035071373,0.07452866435050964,0.3472720682621002,0.787617027759552,8.0,0.010858171619474888,0.07771449536085129,0.3882119059562683,1.3201992511749268,5.0,-0.3664180338382721,0.09059664607048035,0.7664850354194641,1.4786609411239624
1692309313.852352,"[label: ""height""
size: 4
stride: 20, label: ""width""
size: 5
stride: 5]",0,6.0,-0.04428114369511604,0.07269138842821121,0.32862207293510437,0.2626039385795593,7.0,-0.010191927663981915,0.07402598112821579,0.3475991487503052,0.778693437576294,8.0,0.009912366047501564,0.07704301178455353,0.388020396232605,1.304640293121338,5.0,-0.36465904116630554,0.08874303847551346,0.7666836380958557,-0.6068863868713379
1692309313.9599237,"[label: ""height""
size: 4
stride: 20, label: ""width""
size: 5
stride: 5]",0,6.0,-0.04616057872772217,0.07304316759109497,0.32866477966308594,0.27672356367111206,7.0,-0.012096383608877659,0.07546296715736389,0.35295847058296204,0.7673789262771606,8.0,0.008588135242462158,0.07671356201171875,0.3855814039707184,1.307451844215393,5.0,-0.3621513247489929,0.08998648822307587,0.7666957378387451,-0.57173091173172
1692309314.060025,"[label: ""height""
size: 5
stride: 25, label: ""width""
size: 5
stride: 5]",0,6.0,-0.04753797873854637,0.07224094122648239,0.3304731547832489,0.23357908427715302,7.0,-0.012969527393579483,0.07343017309904099,0.34943529963493347,0.7449750900268555,8.0,0.007647602818906307,0.07539469748735428,0.38527804613113403,1.2923972606658936,4.0,-0.3712436258792877,0.08478301763534546,0.7246981859207153,0.9454681277275085,5.0,-0.3645974099636078,0.0886133536696434,0.7793768644332886,1.4494065046310425
1692309314.1650674,"[label: ""height""
size: 5
stride: 25, label: ""width""
size: 5
stride: 5]",0,6.0,-0.048915084451436996,0.07259877026081085,0.3291154205799103,0.28247883915901184,7.0,-0.014154679141938686,0.0739278569817543,0.347098708152771,0.7437044978141785,8.0,0.006704846862703562,0.07624220103025436,0.38478371500968933,1.2766841650009155,4.0,-0.37439635396003723,0.08803629130125046,0.7396906614303589,0.9292178153991699,5.0,-0.354533851146698,0.08871031552553177,0.7665197849273682,-0.5775921940803528
1692309314.2616003,"[label: ""height""
size: 5
stride: 25, label: ""width""
size: 5
stride: 5]",0,6.0,-0.05004896596074104,0.07103454321622849,0.3298948109149933,0.20294339954853058,7.0,-0.015393104404211044,0.07302392274141312,0.35229748487472534,0.7165682911872864,8.0,0.006235021166503429,0.0743161141872406,0.38458845019340515,1.2695235013961792,4.0,-0.3702765107154846,0.08503621816635132,0.7399154901504517,0.049877241253852844,5.0,-0.3491906523704529,0.08620478957891464,0.7665038108825684,-0.600739061832428
1692309314.363963,"[label: ""height""
size: 5
stride: 25, label: ""width""
size: 5
stride: 5]",0,6.0,-0.0510113500058651,0.07305917888879776,0.33449220657348633,0.2174440622329712,7.0,-0.015561775304377079,0.07379589974880219,0.3497900068759918,0.724783718585968,8.0,0.006409797351807356,0.07602007687091827,0.38524144887924194,1.2586262226104736,4.0,-0.36336278915405273,0.08679556846618652,0.7394229173660278,0.9064451456069946,5.0,-0.3492787182331085,0.08949606865644455,0.7815139889717102,1.4332244396209717
1692309314.4606907,"[label: ""height""
size: 5
stride: 25, label: ""width""
size: 5
stride: 5]",0,6.0,-0.05100367218255997,0.07250271737575531,0.33445122838020325,0.21900679171085358,7.0,-0.015721848234534264,0.07328548282384872,0.35010239481925964,0.7110709547996521,8.0,0.006613940931856632,0.07571829855442047,0.3877192735671997,1.2485917806625366,4.0,-0.3571939766407013,0.08555886894464493,0.7391863465309143,0.8939656615257263,5.0,-0.34343767166137695,0.08819984644651413,0.781363308429718,1.390001893043518
1692309314.564295,"[label: ""height""
size: 5
stride: 25, label: ""width""
size: 5
stride: 5]",0,6.0,-0.051116522401571274,0.07176443934440613,0.33341801166534424,0.22059394419193268,7.0,-0.01593867689371109,0.07365652918815613,0.35460373759269714,0.69655841588974,8.0,0.0062571014277637005,0.07474901527166367,0.3851904571056366,1.250252366065979,4.0,-0.3580760061740875,0.08711908012628555,0.7498787045478821,0.851540744304657,5.0,-0.33858075737953186,0.08818230777978897,0.7812181115150452,1.4025826454162598
1692309314.6536632,"[label: ""height""
size: 5
stride: 25, label: ""width""
size: 5
stride: 5]",0,6.0,-0.05110364034771919,0.07241182774305344,0.3350147008895874,0.20554903149604797,7.0,-0.01597641408443451,0.07362917810678482,0.35244104266166687,0.7177214622497559,8.0,0.006363071035593748,0.07639359682798386,0.3919852674007416,1.2450824975967407,4.0,-0.3563876152038574,0.08811816573143005,0.7534469366073608,0.8712762594223022,5.0,-0.3341982662677765,0.08859372138977051,0.7791944146156311,1.428146243095398
1692309314.7583954,"[label: ""height""
size: 5
stride: 25, label: ""width""
size: 5
stride: 5]",0,6.0,-0.05163766071200371,0.07190272212028503,0.3374210298061371,0.17541871964931488,7.0,-0.01613105647265911,0.07250729948282242,0.3526087701320648,0.7042783498764038,8.0,0.005973746068775654,0.07375158369541168,0.3873778283596039,1.2509185075759888,4.0,-0.3511326014995575,0.08584601432085037,0.749474048614502,0.8380584120750427,5.0,-0.3308508098125458,0.08689022064208984,0.7810994386672974,1.3932942152023315
1692309314.860725,"[label: ""height""
size: 5
stride: 25, label: ""width""
size: 5
stride: 5]",0,6.0,-0.05134638398885727,0.07234601676464081,0.3373621702194214,0.1820811927318573,7.0,-0.016223859041929245,0.07382885366678238,0.3575470447540283,0.6997290849685669,8.0,0.005861207842826843,0.07524561136960983,0.39101049304008484,1.2570196390151978,4.0,-0.34879904985427856,0.08732107281684875,0.7517234683036804,0.863254189491272,5.0,-0.33400824666023254,0.09001854807138443,0.7946338653564453,-0.5593482851982117
1692309314.9703028,"[label: ""height""
size: 5
stride: 25, label: ""width""
size: 5
stride: 5]",0,6.0,-0.05183256417512894,0.0728326141834259,0.33934834599494934,0.29157304763793945,7.0,-0.016747040674090385,0.0737217515707016,0.35640063881874084,0.7306156754493713,8.0,0.0050118183717131615,0.07721593230962753,0.40037447214126587,1.2542955875396729,4.0,-0.3483370244503021,0.08819781988859177,0.7540342807769775,0.8100316524505615,5.0,-0.32529333233833313,0.08860345929861069,0.7792990207672119,1.3764152526855469
1692309315.075929,"[label: ""height""
size: 5
stride: 25, label: ""width""
size: 5
stride: 5]",0,6.0,-0.05367211997509003,0.07236790657043457,0.3408324420452118,0.20564688742160797,7.0,-0.01894417591392994,0.0736696794629097,0.36188942193984985,0.7326267957687378,8.0,0.0026947599835693836,0.07545899599790573,0.3988990783691406,1.278702974319458,4.0,-0.346241295337677,0.08707798272371292,0.7495117783546448,0.8265804052352905,5.0,-0.3311421573162079,0.08930964767932892,0.7940635681152344,1.38129723072052
1692309315.1686904,"[label: ""height""
size: 4
stride: 20, label: ""width""
size: 5
stride: 5]",0,6.0,-0.055725112557411194,0.07264205068349838,0.3384864628314972,0.12541769444942474,7.0,-0.02123497985303402,0.07396179437637329,0.35824209451675415,0.738751232624054,4.0,-0.3508754372596741,0.08944901823997498,0.7541823387145996,0.8151817321777344,5.0,-0.3334924876689911,0.09193310141563416,0.794253945350647,1.3634045124053955
1692309315.264783,"[label: ""height""
size: 4
stride: 20, label: ""width""
size: 5
stride: 5]",0,6.0,-0.060280073434114456,0.07335533201694489,0.3429340422153473,0.2571928799152374,7.0,-0.02545970492064953,0.07331380248069763,0.3579314053058624,0.7654305696487427,8.0,-0.004776021931320429,0.07528525590896606,0.39542117714881897,1.2981646060943604,4.0,-0.3545182943344116,0.088199183344841,0.7540513873100281,0.8243615627288818
1692309315.3658643,"[label: ""height""
size: 3
stride: 15, label: ""width""
size: 5
stride: 5]",0,4.0,-0.36024388670921326,0.09071025997400284,0.7544054388999939,0.8361843228340149,6.0,-0.06587057560682297,0.07471110671758652,0.3478552997112274,0.07259804755449295,7.0,-0.031102046370506287,0.07653498649597168,0.37070927023887634,0.7772547006607056
1692309315.4489443,"[label: ""height""
size: 3
stride: 15, label: ""width""
size: 5
stride: 5]",0,4.0,-0.3587585985660553,0.0878537967801094,0.7380415201187134,0.8645047545433044,6.0,-0.07128021121025085,0.07500851154327393,0.3483029007911682,0.019246133044362068,7.0,-0.03559817746281624,0.0747140422463417,0.36266109347343445,0.803852915763855
1692309315.5529814,"[label: ""height""
size: 4
stride: 20, label: ""width""
size: 5
stride: 5]",0,6.0,-0.07479758560657501,0.07323358952999115,0.33903637528419495,0.3338772654533386,7.0,-0.04113375395536423,0.07423447072505951,0.36175307631492615,0.7722153067588806,4.0,-0.3723008334636688,0.08980826288461685,0.751931369304657,0.8350996971130371,8.0,-0.02170690707862377,0.07601074129343033,0.40009695291519165,1.3250715732574463
1692309315.6500404,"[label: ""height""
size: 3
stride: 15, label: ""width""
size: 5
stride: 5]",0,6.0,-0.08313252776861191,0.07585799694061279,0.3456214964389801,0.41348329186439514,7.0,-0.04884500429034233,0.07648594677448273,0.366247296333313,0.8326619863510132,4.0,-0.3736916184425354,0.0903705283999443,0.7388913035392761,0.8948335647583008
1692309315.7506056,"[label: ""height""
size: 3
stride: 15, label: ""width""
size: 5
stride: 5]",0,7.0,-0.05407782644033432,0.0752507895231247,0.35741016268730164,0.8045230507850647,8.0,-0.03520987927913666,0.07713247835636139,0.39745062589645386,1.3286046981811523,6.0,-0.08949439972639084,0.07558338344097137,0.34244978427886963,0.2717573940753937
1692309315.8504715,"[label: ""height""
size: 3
stride: 15, label: ""width""
size: 5
stride: 5]",0,6.0,-0.09332720190286636,0.07423088699579239,0.33406397700309753,0.253863662481308,7.0,-0.059696245938539505,0.07474271208047867,0.35433945059776306,0.7822554111480713,8.0,-0.04098154231905937,0.0768340677022934,0.3951060473918915,1.334933876991272
1692309315.95194,"[label: ""height""
size: 3
stride: 15, label: ""width""
size: 5
stride: 5]",0,6.0,-0.09752536565065384,0.07476688176393509,0.3322002589702606,0.2967848479747772,7.0,-0.06459100544452667,0.07640361040830612,0.3573148846626282,0.784136950969696,8.0,-0.0453588031232357,0.0781526193022728,0.39523419737815857,1.3359354734420776
1692309316.0523553,"[label: ""height""
size: 3
stride: 15, label: ""width""
size: 5
stride: 5]",0,6.0,-0.10053762048482895,0.07450614869594574,0.3310130536556244,0.325945645570755,7.0,-0.0663582980632782,0.07448083162307739,0.3490751087665558,0.8152781128883362,8.0,-0.047724101692438126,0.0764564573764801,0.38828563690185547,1.331176996231079
1692309316.1583576,"[label: ""height""
size: 3
stride: 15, label: ""width""
size: 5
stride: 5]",0,6.0,-0.10285189002752304,0.0752074122428894,0.3292239010334015,0.2936534881591797,7.0,-0.06917237490415573,0.07543450593948364,0.3481397330760956,0.7876996994018555,8.0,-0.050113704055547714,0.07774434983730316,0.3883691728115082,1.327345848083496
1692309316.2565832,"[label: ""height""
size: 3
stride: 15, label: ""width""
size: 5
stride: 5]",0,6.0,-0.1053352802991867,0.07569566369056702,0.33047792315483093,0.23005111515522003,7.0,-0.07024116814136505,0.07533072680234909,0.3457280397415161,0.7889716029167175,8.0,-0.051859624683856964,0.07808643579483032,0.39086073637008667,1.3013941049575806
1692309316.359856,"[label: ""height""
size: 3
stride: 15, label: ""width""
size: 5
stride: 5]",0,6.0,-0.10485465079545975,0.07446599751710892,0.3265189230442047,0.24688927829265594,7.0,-0.07165155559778214,0.07562806457281113,0.34907758235931396,0.7626785039901733,8.0,-0.05217338725924492,0.07775972783565521,0.388446182012558,1.3040653467178345
1692309316.4576354,"[label: ""height""
size: 3
stride: 15, label: ""width""
size: 5
stride: 5]",0,6.0,-0.10671872645616531,0.07658343762159348,0.32933130860328674,0.23419682681560516,7.0,-0.07226429879665375,0.0772407054901123,0.34858444333076477,0.7526430487632751,8.0,-0.0523427315056324,0.07914399355649948,0.38744136691093445,1.2884252071380615
1692309316.5594463,"[label: ""height""
size: 3
stride: 15, label: ""width""
size: 5
stride: 5]",0,6.0,-0.10725659877061844,0.07596170157194138,0.32553932070732117,0.19442076981067657,7.0,-0.07299536466598511,0.0768127515912056,0.34469518065452576,0.7603902220726013,8.0,-0.05271456763148308,0.07813277095556259,0.38099759817123413,1.29865300655365
1692309316.6599772,"[label: ""height""
size: 3
stride: 15, label: ""width""
size: 5
stride: 5]",0,6.0,-0.10939264297485352,0.0760769173502922,0.3290451467037201,0.2997434735298157,7.0,-0.07409656792879105,0.07621459662914276,0.34582841396331787,0.7266986966133118,8.0,-0.05370692163705826,0.07812657952308655,0.38477426767349243,1.2852883338928223
1692309316.759502,"[label: ""height""
size: 3
stride: 15, label: ""width""
size: 5
stride: 5]",0,6.0,-0.11056234687566757,0.07578986883163452,0.32554885745048523,0.2255847007036209,7.0,-0.07463721930980682,0.07548476755619049,0.3400218188762665,0.747153639793396,8.0,-0.054678019136190414,0.07724451273679733,0.3774273097515106,1.2911303043365479
1692309316.8608377,"[label: ""height""
size: 3
stride: 15, label: ""width""
size: 5
stride: 5]",0,6.0,-0.11142358183860779,0.07540632039308548,0.3221525549888611,0.1856698840856552,7.0,-0.07687263935804367,0.0761909931898117,0.34128302335739136,0.7502654790878296,8.0,-0.05737704411149025,0.07841335982084274,0.38310322165489197,1.2704882621765137
1692309316.9692497,"[label: ""height""
size: 3
stride: 15, label: ""width""
size: 5
stride: 5]",0,6.0,-0.11260896921157837,0.07480822503566742,0.320619136095047,0.30666500329971313,7.0,-0.07793517410755157,0.07532184571027756,0.33925190567970276,0.7494900226593018,8.0,-0.057782530784606934,0.07675869017839432,0.37654978036880493,1.2918684482574463
1692309317.0664866,"[label: ""height""
size: 3
stride: 15, label: ""width""
size: 5
stride: 5]",0,6.0,-0.1135772317647934,0.07510879635810852,0.32031407952308655,0.2790113091468811,7.0,-0.07872701436281204,0.07542424649000168,0.33791637420654297,0.7610365748405457,8.0,-0.058489881455898285,0.07653341442346573,0.37321406602859497,1.2995946407318115
1692309317.1684217,"[label: ""height""
size: 3
stride: 15, label: ""width""
size: 5
stride: 5]",0,6.0,-0.11294593662023544,0.07482817023992538,0.3139813542366028,0.19950443506240845,7.0,-0.07935810089111328,0.07624570280313492,0.33536291122436523,0.7645558714866638,8.0,-0.059756770730018616,0.07781033962965012,0.37348881363868713,1.3024715185165405
1692309317.2565045,"[label: ""height""
size: 3
stride: 15, label: ""width""
size: 5
stride: 5]",0,6.0,-0.11353408545255661,0.07543515413999557,0.31397002935409546,0.24866250157356262,7.0,-0.07882121950387955,0.07573040574789047,0.3319826126098633,0.7519508004188538,8.0,-0.05879674479365349,0.07686226069927216,0.367526113986969,1.309348225593567
1692309317.3580334,"[label: ""height""
size: 3
stride: 15, label: ""width""
size: 5
stride: 5]",0,7.0,-0.0785837396979332,0.07474872469902039,0.32821717858314514,0.7589060664176941,8.0,-0.0584314800798893,0.07556940615177155,0.3634820878505707,1.297431468963623,6.0,-0.11544333398342133,0.075847327709198,0.31694427132606506,0.1993607133626938
1692309317.4591918,"[label: ""height""
size: 3
stride: 15, label: ""width""
size: 5
stride: 5]",0,6.0,-0.1121174693107605,0.07389399409294128,0.30809491872787476,0.1663331240415573,7.0,-0.0772937536239624,0.07468126714229584,0.326175332069397,0.7372152209281921,8.0,-0.05753118544816971,0.07681618630886078,0.3672868013381958,1.2689807415008545
1692309317.5612388,"[label: ""height""
size: 3
stride: 15, label: ""width""
size: 5
stride: 5]",0,6.0,-0.1104966476559639,0.07514800876379013,0.30851316452026367,0.17092083394527435,7.0,-0.07538997381925583,0.07583615183830261,0.32655569911003113,0.7106926441192627,8.0,-0.054281797260046005,0.07731371372938156,0.36471185088157654,1.2550151348114014
1692309317.658194,"[label: ""height""
size: 3
stride: 15, label: ""width""
size: 5
stride: 5]",0,8.0,-0.048841968178749084,0.07443632930517197,0.35254135727882385,1.2517807483673096,6.0,-0.10908637195825577,0.07542560249567032,0.31166520714759827,0.16096851229667664,7.0,-0.07347211986780167,0.07647635042667389,0.33040064573287964,0.6595038771629333
1692309317.764086,"[label: ""height""
size: 3
stride: 15, label: ""width""
size: 5
stride: 5]",0,6.0,-0.10463421046733856,0.07435758411884308,0.30530667304992676,0.13153496384620667,7.0,-0.0684923604130745,0.0747157484292984,0.32053545117378235,0.6596598625183105,8.0,-0.04548727720975876,0.07561354339122772,0.3546331226825714,1.2107722759246826
1692309317.8586257,"[label: ""height""
size: 3
stride: 15, label: ""width""
size: 5
stride: 5]",0,6.0,-0.10093506425619125,0.07437344640493393,0.3038966953754425,0.11103875935077667,7.0,-0.064737468957901,0.07496204972267151,0.31877800822257996,0.6206985116004944,8.0,-0.040554776787757874,0.07611539214849472,0.35226505994796753,1.181708812713623
1692309317.9591782,"[label: ""height""
size: 3
stride: 15, label: ""width""
size: 5
stride: 5]",0,7.0,-0.05922252684831619,0.07338467240333557,0.3138267397880554,0.6181044578552246,8.0,-0.03436417132616043,0.07464408874511719,0.3467825949192047,1.1458696126937866,6.0,-0.0973462238907814,0.07443971186876297,0.3050028085708618,0.07229667156934738
1692309318.058915,"[label: ""height""
size: 2
stride: 10, label: ""width""
size: 5
stride: 5]",0,7.0,-0.055855050683021545,0.07485059648752213,0.3161573112010956,0.5035672783851624,6.0,-0.09420767426490784,0.07492173463106155,0.3067037761211395,-0.013521816581487656
1692309318.1586616,"[label: ""height""
size: 3
stride: 15, label: ""width""
size: 5
stride: 5]",0,6.0,-0.08835112303495407,0.07403288781642914,0.3009243905544281,0.00065380590967834,7.0,-0.0501677431166172,0.07400085777044296,0.30922356247901917,0.5218549370765686,8.0,-0.02279922552406788,0.07486199587583542,0.34000739455223083,1.0687397718429565
1692309318.2558115,"[label: ""height""
size: 3
stride: 15, label: ""width""
size: 5
stride: 5]",0,6.0,-0.08483847975730896,0.07309214025735855,0.29963597655296326,-0.055949002504348755,7.0,-0.046235136687755585,0.07284275442361832,0.30655887722969055,0.4903942346572876,8.0,-0.017785193398594856,0.07379835098981857,0.33514270186424255,1.0257072448730469
1692309318.3573196,"[label: ""height""
size: 3
stride: 15, label: ""width""
size: 5
stride: 5]",0,6.0,-0.0817091315984726,0.07380834966897964,0.29852694272994995,-0.05262651666998863,7.0,-0.042609091848134995,0.07336641103029251,0.3029126822948456,0.4421447515487671,8.0,-0.013557865284383297,0.07478347420692444,0.33282238245010376,0.979613184928894
1692309318.4581175,"[label: ""height""
size: 5
stride: 25, label: ""width""
size: 5
stride: 5]",0,6.0,-0.0782364159822464,0.0738043412566185,0.2966737747192383,-0.1273632049560547,7.0,-0.03908083960413933,0.07362962514162064,0.30042508244514465,0.4088744819164276,8.0,-0.008577805012464523,0.07436472922563553,0.32563185691833496,0.9523108005523682,0.0,-0.546394407749176,0.10421882569789886,1.0981130599975586,0.058487650007009506,1.0,-0.5128549337387085,0.10519593954086304,1.1231343746185303,0.009738470427691936
1692309318.5619287,"[label: ""height""
size: 5
stride: 25, label: ""width""
size: 5
stride: 5]",0,6.0,-0.07622860372066498,0.07354716211557388,0.2955741286277771,-0.10203011333942413,7.0,-0.03650627285242081,0.0726318508386612,0.29634156823158264,0.3730508089065552,8.0,-0.005445094779133797,0.073770672082901,0.3224444091320038,0.9223307371139526,0.0,-0.5420662760734558,0.10453442484140396,1.1256489753723145,0.22018200159072876,1.0,-0.5063415765762329,0.10430220514535904,1.1484348773956299,0.7795800566673279
1692309318.6590087,"[label: ""height""
size: 4
stride: 20, label: ""width""
size: 5
stride: 5]",0,6.0,-0.07398859411478043,0.07431599497795105,0.2937435507774353,-0.13928940892219543,7.0,-0.0344231016933918,0.07373867928981781,0.2940724790096283,0.36325275897979736,8.0,-0.0026165179442614317,0.07448241859674454,0.31759023666381836,0.8969802856445312,1.0,-0.4936167597770691,0.10866530984640121,1.1549819707870483,0.8078662753105164
1692309318.7590005,"[label: ""height""
size: 5
stride: 25, label: ""width""
size: 5
stride: 5]",0,6.0,-0.07112764567136765,0.07373907417058945,0.2882351279258728,-0.2006906270980835,7.0,-0.03199842944741249,0.07390883564949036,0.29036498069763184,0.31913936138153076,8.0,0.00012574074207805097,0.07465436309576035,0.31396040320396423,0.8681440353393555,0.0,-0.5113531351089478,0.10677006840705872,1.1199204921722412,0.12318196892738342,1.0,-0.4777106046676636,0.10797257721424103,1.1474403142929077,0.7371522188186646
1692309318.8585277,"[label: ""height""
size: 5
stride: 25, label: ""width""
size: 5
stride: 5]",0,6.0,-0.06831981986761093,0.0722450390458107,0.2838318347930908,-0.21924959123134613,7.0,-0.029252761974930763,0.07211943715810776,0.28470802307128906,0.33074140548706055,8.0,0.0029235812835395336,0.07332010567188263,0.3094143569469452,0.8523916006088257,1.0,-0.4818364083766937,0.10709426552057266,1.1849892139434814,0.17091123759746552,0.0,-0.4905877411365509,0.10061413794755936,1.0980490446090698,0.06564684957265854
1692309318.9601498,"[label: ""height""
size: 5
stride: 25, label: ""width""
size: 5
stride: 5]",0,6.0,-0.0666610598564148,0.07187764346599579,0.2806473672389984,-0.24570821225643158,7.0,-0.027729254215955734,0.07203816622495651,0.28230196237564087,0.3294542133808136,8.0,0.0048893895000219345,0.07276216149330139,0.30498915910720825,0.8587904572486877,0.0,-0.4954446256160736,0.10443428158760071,1.1245139837265015,0.26450806856155396,1.0,-0.4627777636051178,0.10484743118286133,1.1547155380249023,0.6889317631721497
1692309319.0579054,"[label: ""height""
size: 5
stride: 25, label: ""width""
size: 5
stride: 5]",0,6.0,-0.06624579429626465,0.07262543588876724,0.2799403965473175,-0.22321194410324097,7.0,-0.026688527315855026,0.07186155766248703,0.2787245810031891,0.3251761198043823,8.0,0.006031697150319815,0.0718747079372406,0.29872390627861023,0.8532760739326477,0.0,-0.49317237734794617,0.10450994968414307,1.125806212425232,0.545251727104187,1.0,-0.44898420572280884,0.10276578366756439,1.1267951726913452,0.009016782976686954
1692309319.1610444,"[label: ""height""
size: 5
stride: 25, label: ""width""
size: 5
stride: 5]",0,6.0,-0.06587426364421844,0.0721421092748642,0.27689605951309204,-0.2277805507183075,7.0,-0.026210423558950424,0.07097136229276657,0.27397626638412476,0.3371545672416687,8.0,0.006391669623553753,0.07226692885160446,0.29829394817352295,0.8442246317863464,0.0,-0.49570345878601074,0.10269688069820404,1.1260713338851929,0.15123149752616882,1.0,-0.46069392561912537,0.10349554568529129,1.1503689289093018,0.1561509519815445
1692309319.2574081,"[label: ""height""
size: 5
stride: 25, label: ""width""
size: 5
stride: 5]",0,6.0,-0.06584473699331284,0.07218731939792633,0.27309224009513855,-0.199350506067276,7.0,-0.026277832686901093,0.0717284083366394,0.27216869592666626,0.31432226300239563,8.0,0.006192933768033981,0.07217348366975784,0.2939683198928833,0.847960352897644,0.0,-0.49921101331710815,0.10445031523704529,1.1246944665908813,0.2600167691707611,1.0,-0.45514556765556335,0.10282792896032333,1.1272447109222412,0.08316566050052643
1692309319.3588884,"[label: ""height""
size: 5
stride: 25, label: ""width""
size: 5
stride: 5]",0,6.0,-0.06517224758863449,0.07195711135864258,0.26937246322631836,-0.1973683089017868,7.0,-0.025835059583187103,0.07163674384355545,0.2690587341785431,0.3397182524204254,8.0,0.0067166960798203945,0.07191985100507736,0.2900407314300537,0.8481467962265015,0.0,-0.4995720386505127,0.10457927733659744,1.1264735460281372,0.15081290900707245,1.0,-0.45455268025398254,0.10277295857667923,1.1268690824508667,0.009073525667190552
1692309319.4556928,"[label: ""height""
size: 5
stride: 25, label: ""width""
size: 5
stride: 5]",0,6.0,-0.06393164396286011,0.07075827568769455,0.2636406719684601,-0.22806447744369507,7.0,-0.024967841804027557,0.07091028243303299,0.265484482049942,0.3098413944244385,8.0,0.0077306837774813175,0.0714641809463501,0.2877432405948639,0.8429859280586243,0.0,-0.497394323348999,0.10261362046003342,1.1247553825378418,0.26302069425582886,1.0,-0.453264445066452,0.10097382962703705,1.127159833908081,0.08333960175514221
1692309319.5597024,"[label: ""height""
size: 5
stride: 25, label: ""width""
size: 5
stride: 5]",0,6.0,-0.06292571127414703,0.07169819623231888,0.26394978165626526,-0.2290361374616623,7.0,-0.02367296628654003,0.07155238091945648,0.2642536163330078,0.2956502139568329,8.0,0.009515576995909214,0.07181528955698013,0.28450655937194824,0.845915675163269,0.0,-0.4939642548561096,0.10456370562314987,1.12631356716156,0.15284770727157593,1.0,-0.44898420572280884,0.10276578366756439,1.1267951726913452,0.009016782976686954
1692309319.654604,"[label: ""height""
size: 5
stride: 25, label: ""width""
size: 5
stride: 5]",0,6.0,-0.060017943382263184,0.07183802127838135,0.2597132623195648,-0.238376185297966,7.0,-0.02087712660431862,0.0715450868010521,0.2594335377216339,0.3102278709411621,8.0,0.01194226648658514,0.07208982110023499,0.28104984760284424,0.8300750255584717,1.0,-0.4446811079978943,0.10584158450365067,1.1446666717529297,0.6920772790908813,0.0,-0.47975289821624756,0.10484930872917175,1.1189793348312378,0.13167476654052734
1692309319.7561915,"[label: ""height""
size: 3
stride: 15, label: ""width""
size: 5
stride: 5]",0,7.0,-0.01711449772119522,0.07117219269275665,0.25981202721595764,0.27522027492523193,8.0,0.01659790799021721,0.07147835940122604,0.2800176441669464,0.8080957531929016,6.0,-0.056458428502082825,0.07113765925168991,0.26030072569847107,-0.27909478545188904
1692309319.8538659,"[label: ""height""
size: 3
stride: 15, label: ""width""
size: 5
stride: 5]",0,7.0,-0.012899852357804775,0.07146192342042923,0.2590482532978058,0.3013153076171875,6.0,-0.05212030187249184,0.07123751938343048,0.2587609887123108,-0.30133476853370667,8.0,0.021403566002845764,0.07238449901342392,0.279964804649353,0.792030930519104
1692309319.957995,"[label: ""height""
size: 3
stride: 15, label: ""width""
size: 5
stride: 5]",0,7.0,-0.007810009177774191,0.07148657739162445,0.25742387771606445,0.24732352793216705,6.0,-0.047364380210638046,0.07115800678730011,0.2581714987754822,-0.316774845123291,8.0,0.02691039815545082,0.07171543687582016,0.27524080872535706,0.7866445779800415
1692309320.0545955,"[label: ""height""
size: 3
stride: 15, label: ""width""
size: 5
stride: 5]",0,7.0,-0.003457047278061509,0.07175906002521515,0.25523245334625244,0.24481412768363953,6.0,-0.04240491986274719,0.07091186195611954,0.2542208135128021,-0.34378382563591003,8.0,0.031473465263843536,0.07176876813173294,0.27078133821487427,0.7740338444709778
1692309320.1557624,"[label: ""height""
size: 3
stride: 15, label: ""width""
size: 5
stride: 5]",0,7.0,0.0006953613483346999,0.06981454789638519,0.24903717637062073,0.13324201107025146,6.0,-0.038365766406059265,0.07007923722267151,0.254229873418808,-0.36701416969299316,8.0,0.036059778183698654,0.07030723243951797,0.26691946387290955,0.7537010908126831
1692309320.2556014,"[label: ""height""
size: 5
stride: 25, label: ""width""
size: 5
stride: 5]",0,7.0,0.004162377677857876,0.07029452174901962,0.2479611337184906,0.14620926976203918,6.0,-0.03465961292386055,0.06993099302053452,0.2506917715072632,-0.36497846245765686,8.0,0.03992996737360954,0.07101312279701233,0.2650294601917267,0.6984331607818604,0.0,-0.38393136858940125,0.10385745018720627,1.1706334352493286,0.17400886118412018,1.0,-0.34411731362342834,0.1032847911119461,1.1852867603302002,0.0010575191117823124
1692309320.3579915,"[label: ""height""
size: 5
stride: 25, label: ""width""
size: 5
stride: 5]",0,7.0,0.006510540377348661,0.0699215978384018,0.24599997699260712,0.11336322128772736,6.0,-0.03225100412964821,0.0696684941649437,0.2501772940158844,-0.3854532539844513,8.0,0.041834574192762375,0.06970484554767609,0.25856345891952515,0.6864431500434875,0.0,-0.36614108085632324,0.10125192254781723,1.156785488128662,0.10208109766244888,1.0,-0.32282933592796326,0.10043539106845856,1.1582907438278198,0.749285101890564
1692309320.4570472,"[label: ""height""
size: 5
stride: 25, label: ""width""
size: 5
stride: 5]",0,7.0,0.008486779406666756,0.06894223392009735,0.2417772114276886,0.11613699793815613,6.0,-0.030022909864783287,0.06870733946561813,0.24672402441501617,-0.41698867082595825,8.0,0.04426775872707367,0.06907747685909271,0.25545749068260193,0.671938419342041,1.0,-0.3195571303367615,0.10137481242418289,1.186180591583252,0.1548938900232315,0.0,-0.35466569662094116,0.09932703524827957,1.1564514636993408,0.10491781681776047
1692309320.5586598,"[label: ""height""
size: 5
stride: 25, label: ""width""
size: 5
stride: 5]",0,7.0,0.010462924838066101,0.069487564265728,0.2425926923751831,0.0844387412071228,6.0,-0.028220506384968758,0.06913399696350098,0.24786779284477234,-0.403409868478775,8.0,0.04681086912751198,0.06983789801597595,0.2562640607357025,0.6381043791770935,0.0,-0.3561416566371918,0.1036609336733818,1.1948271989822388,0.16509702801704407,1.0,-0.3091547191143036,0.10097143799066544,1.1815426349639893,-0.010785357095301151
1692309320.6561031,"[label: ""height""
size: 5
stride: 25, label: ""width""
size: 5
stride: 5]",0,6.0,-0.026621462777256966,0.06896571815013885,0.24696601927280426,-0.4264402389526367,8.0,0.04791385307908058,0.06878402084112167,0.2509456276893616,0.6503202319145203,0.0,-0.33981606364250183,0.09860776364803314,1.1640623807907104,0.17277444899082184,1.0,-0.3011968731880188,0.09896472841501236,1.1807003021240234,-0.013675594702363014,7.0,0.011854923330247402,0.06949619203805923,0.24129869043827057,0.05591889098286629
1692309320.7582622,"[label: ""height""
size: 5
stride: 25, label: ""width""
size: 5
stride: 5]",0,7.0,0.012514247559010983,0.06883303821086884,0.2383165806531906,0.07372062653303146,6.0,-0.025949060916900635,0.06924644112586975,0.24723835289478302,-0.4361533522605896,8.0,0.04939057677984238,0.06960398703813553,0.25278908014297485,0.6160940527915955,1.0,-0.2973363399505615,0.10090087354183197,1.1807341575622559,-0.013740826398134232,0.0,-0.34158724546432495,0.10227009654045105,1.1850157976150513,0.09628812968730927
1692309320.850347,"[label: ""height""
size: 5
stride: 25, label: ""width""
size: 5
stride: 5]",0,7.0,0.013734446838498116,0.06820356845855713,0.23793257772922516,0.0527472086250782,6.0,-0.02456863597035408,0.06802511215209961,0.24539132416248322,-0.4534565806388855,8.0,0.05044738948345184,0.06857236474752426,0.24978099763393402,0.6062954068183899,1.0,-0.29324546456336975,0.09695924073457718,1.1798391342163086,-0.01673588901758194,0.0,-0.33184126019477844,0.09660203009843826,1.1628514528274536,0.17316903173923492
1692309320.9522567,"[label: ""height""
size: 5
stride: 25, label: ""width""
size: 5
stride: 5]",0,7.0,0.015082930214703083,0.0685650110244751,0.23705025017261505,0.008081788197159767,6.0,-0.023125899955630302,0.06877879798412323,0.2460045963525772,-0.46701478958129883,8.0,0.051909852772951126,0.06896226853132248,0.24894075095653534,0.6047449111938477,0.0,-0.33589524030685425,0.10052748769521713,1.1871145963668823,0.0011055844370275736,1.0,-0.2916794419288635,0.09940127283334732,1.1852777004241943,0.0012138511519879103
1692309321.0531163,"[label: ""height""
size: 5
stride: 25, label: ""width""
size: 5
stride: 5]",0,7.0,0.016086788848042488,0.06746794283390045,0.23587188124656677,0.020192435011267662,6.0,-0.021917006000876427,0.06720413267612457,0.24350868165493011,-0.4852360486984253,8.0,0.05309183523058891,0.06805910915136337,0.24827677011489868,0.5948189496994019,0.0,-0.3358958959579468,0.09663890302181244,1.1871169805526733,0.0011125501478090882,1.0,-0.29148441553115845,0.09666874259710312,1.1867483854293823,0.2636273205280304
1692309321.1542938,"[label: ""height""
size: 5
stride: 25, label: ""width""
size: 5
stride: 5]",0,7.0,0.01800420694053173,0.06828489154577255,0.23797494173049927,0.035863813012838364,8.0,0.05509033054113388,0.06880095601081848,0.24907046556472778,0.5867099761962891,6.0,-0.020215855911374092,0.06813480705022812,0.24613462388515472,-0.4648674428462982,1.0,-0.2916797995567322,0.09746000915765762,1.185279130935669,0.0012192389694973826,0.0,-0.33349335193634033,0.09802699834108353,1.1802476644515991,-0.09853533655405045
1692309321.2493508,"[label: ""height""
size: 5
stride: 25, label: ""width""
size: 5
stride: 5]",0,7.0,0.019519997760653496,0.06716105341911316,0.236145481467247,0.04262402653694153,6.0,-0.018722854554653168,0.06762070953845978,0.2464592158794403,-0.4563387930393219,8.0,0.05652850866317749,0.06799477338790894,0.24911388754844666,0.5978482961654663,1.0,-0.28923550248146057,0.09497907012701035,1.1792510747909546,-0.01880693808197975,0.0,-0.3356250822544098,0.09682341665029526,1.18947434425354,-0.14963209629058838
1692309321.3584816,"[label: ""height""
size: 5
stride: 25, label: ""width""
size: 5
stride: 5]",0,7.0,0.022272897884249687,0.06755875796079636,0.2386716604232788,0.04523538053035736,8.0,0.059144388884305954,0.06812391430139542,0.25072672963142395,0.6010655760765076,6.0,-0.01608758047223091,0.0670057013630867,0.24613165855407715,-0.4665629267692566,1.0,-0.29773613810539246,0.09686043113470078,1.220263957977295,0.27927660942077637,0.0,-0.3336550295352936,0.09486919641494751,1.1893982887268066,-0.15035025775432587
1692309321.4578893,"[label: ""height""
size: 5
stride: 25, label: ""width""
size: 5
stride: 5]",0,7.0,0.024688707664608955,0.06745930761098862,0.23886215686798096,0.00773508520796895,8.0,0.06202993169426918,0.06817945837974548,0.2520577311515808,0.5961178541183472,6.0,-0.013459628447890282,0.06692223995923996,0.24611836671829224,-0.4544903337955475,0.0,-0.32476791739463806,0.09414112567901611,1.1807854175567627,0.6320144534111023,1.0,-0.2898063063621521,0.09638077765703201,1.2144025564193726,0.3439003825187683
1692309321.5565195,"[label: ""height""
size: 4
stride: 20, label: ""width""
size: 5
stride: 5]",0,7.0,0.02700289525091648,0.06715837866067886,0.23918430507183075,0.02928164042532444,8.0,0.06414713710546494,0.06826180964708328,0.2535129189491272,0.6091116666793823,6.0,-0.011108695529401302,0.06706389784812927,0.24777916073799133,-0.4526084363460541,0.0,-0.33024129271507263,0.0976778045296669,1.2187460660934448,0.5262734293937683
1692309321.6498253,"[label: ""height""
size: 4
stride: 20, label: ""width""
size: 5
stride: 5]",0,7.0,0.02974153868854046,0.06743082404136658,0.242344930768013,0.029668858274817467,8.0,0.06672739237546921,0.06826668232679367,0.2554788887500763,0.6111872792243958,6.0,-0.008616137318313122,0.06717371195554733,0.24958746135234833,-0.43404000997543335,0.0,-0.31806641817092896,0.09292104095220566,1.1894006729125977,-0.15504813194274902
1692309321.7535322,"[label: ""height""
size: 4
stride: 20, label: ""width""
size: 5
stride: 5]",0,7.0,0.03271321952342987,0.06696897000074387,0.24360263347625732,0.04869029298424721,8.0,0.06973712891340256,0.06793998926877975,0.2573540508747101,0.6134225726127625,6.0,-0.005605536513030529,0.06666752696037292,0.25166043639183044,-0.45470210909843445,0.0,-0.31205350160598755,0.09104569256305695,1.1905760765075684,-0.21733728051185608
1692309321.8555427,"[label: ""height""
size: 4
stride: 20, label: ""width""
size: 5
stride: 5]",0,7.0,0.034845173358917236,0.06753940880298615,0.24534234404563904,0.04074781760573387,6.0,-0.003555136267095804,0.06714139133691788,0.25224432349205017,-0.4596770107746124,8.0,0.0720081701874733,0.06839569658041,0.2594947814941406,0.6165550351142883,0.0,-0.31227245926856995,0.09522219002246857,1.2129896879196167,0.6077715158462524
1692309321.9607866,"[label: ""height""
size: 4
stride: 20, label: ""width""
size: 5
stride: 5]",0,7.0,0.03786661848425865,0.06775734573602676,0.24754290282726288,0.017600838094949722,8.0,0.07482526451349258,0.06885809451341629,0.2608226537704468,0.613520622253418,6.0,-0.00034185999538749456,0.06770945340394974,0.2559623718261719,-0.45281338691711426,0.0,-0.3175528347492218,0.09923496097326279,1.256941795349121,0.0012287348508834839
1692309322.0612051,"[label: ""height""
size: 4
stride: 20, label: ""width""
size: 5
stride: 5]",0,7.0,0.04029993712902069,0.06780993938446045,0.25191494822502136,0.02703532576560974,8.0,0.07682644575834274,0.06804608553647995,0.2622068524360657,0.6123732328414917,6.0,0.0015781426336616278,0.06748377531766891,0.2585771977901459,-0.44101837277412415,0.0,-0.3089572489261627,0.09736773371696472,1.2595211267471313,-0.17126907408237457
1692309322.1598194,"[label: ""height""
size: 4
stride: 20, label: ""width""
size: 5
stride: 5]",0,7.0,0.04248172789812088,0.06767261028289795,0.25328806042671204,0.01946040242910385,8.0,0.07957448810338974,0.0684346929192543,0.26533132791519165,0.590194582939148,6.0,0.004257885739207268,0.06717241555452347,0.2606164216995239,-0.4498181641101837,0.0,-0.29061031341552734,0.09363217651844025,1.2180299758911133,0.7058160901069641
1692309322.2618926,"[label: ""height""
size: 4
stride: 20, label: ""width""
size: 5
stride: 5]",0,7.0,0.044606540352106094,0.06839672476053238,0.2554454207420349,0.0065248445607721806,8.0,0.08177989721298218,0.06890592724084854,0.2675970792770386,0.5940569639205933,6.0,0.006332107819616795,0.06791356205940247,0.26313912868499756,-0.4808848798274994,0.0,-0.2801308035850525,0.09580320119857788,1.2202168703079224,0.7996270060539246
1692309322.3598104,"[label: ""height""
size: 4
stride: 20, label: ""width""
size: 5
stride: 5]",0,7.0,0.0468188114464283,0.06882412731647491,0.2597962021827698,-0.02483202889561653,8.0,0.08513688296079636,0.07009173184633255,0.2738933265209198,0.56385737657547,6.0,0.00861832033842802,0.068771593272686,0.2698993682861328,-0.4807167947292328,0.0,-0.2792457640171051,0.0994933694601059,1.2603596448898315,-0.3086867928504944
1692309322.4578602,"[label: ""height""
size: 4
stride: 20, label: ""width""
size: 5
stride: 5]",0,7.0,0.04776374250650406,0.06819967180490494,0.26252010464668274,-0.004674217198044062,8.0,0.08606673032045364,0.06934162229299545,0.2758236527442932,0.549380898475647,6.0,0.009518224745988846,0.06787122040987015,0.27074992656707764,-0.5058774352073669,0.0,-0.26980042457580566,0.09738490730524063,1.2597558498382568,-0.1844400018453598
1692309322.56179,"[label: ""height""
size: 4
stride: 20, label: ""width""
size: 5
stride: 5]",0,7.0,0.04869119077920914,0.0688169002532959,0.26695865392684937,0.004042613320052624,8.0,0.08663956820964813,0.06986874341964722,0.27878329157829285,0.5492528676986694,6.0,0.010683112777769566,0.06933630257844925,0.2797917127609253,-0.48454299569129944,0.0,-0.25835055112838745,0.09482695907354355,1.2201240062713623,-0.36921119689941406
1692309322.6581242,"[label: ""height""
size: 4
stride: 20, label: ""width""
size: 5
stride: 5]",0,7.0,0.04914313927292824,0.06891100853681564,0.2707647979259491,-0.01376793347299099,8.0,0.087133027613163,0.06950612366199493,0.28150779008865356,0.5491989254951477,6.0,0.011452157981693745,0.0689033716917038,0.28225862979888916,-0.5265242457389832,0.0,-0.2606521248817444,0.09742508828639984,1.2603117227554321,-0.3176113963127136
1692309322.759517,"[label: ""height""
size: 4
stride: 20, label: ""width""
size: 5
stride: 5]",0,7.0,0.05096953362226486,0.06863681972026825,0.27387571334838867,-0.0887318029999733,8.0,0.09037792682647705,0.07057714462280273,0.2886444628238678,0.5155430436134338,6.0,0.01375502534210682,0.06930255144834518,0.28869521617889404,-0.5086797475814819,0.0,-0.2586784362792969,0.09934104233980179,1.2917509078979492,-0.2785625457763672
1692309322.8593335,"[label: ""height""
size: 4
stride: 20, label: ""width""
size: 5
stride: 5]",0,7.0,0.05294914171099663,0.06879228353500366,0.27881962060928345,-0.06349392235279083,8.0,0.09180361032485962,0.07006826996803284,0.2909429371356964,0.5060996413230896,6.0,0.015264265239238739,0.06868826597929001,0.2905615568161011,-0.5296853184700012,0.0,-0.25019487738609314,0.09866197407245636,1.2970582246780396,-0.3903281092643738
1692309322.9603884,"[label: ""height""
size: 4
stride: 20, label: ""width""
size: 5
stride: 5]",0,7.0,0.05549182742834091,0.0698041096329689,0.2842921018600464,-0.0755067840218544,8.0,0.09435471892356873,0.07068910449743271,0.29448553919792175,0.4916435480117798,6.0,0.01811373420059681,0.0696520209312439,0.296185702085495,-0.5477154850959778,0.0,-0.2314913421869278,0.09716936945915222,1.257278561592102,0.7528320550918579
1692309323.0574737,"[label: ""height""
size: 5
stride: 25, label: ""width""
size: 5
stride: 5]",0,7.0,0.05798940360546112,0.07025924324989319,0.2870155870914459,-0.10683983564376831,8.0,0.09673554450273514,0.07124491035938263,0.2977604866027832,0.48732325434684753,6.0,0.020793043076992035,0.07090076804161072,0.30307698249816895,-0.5409689545631409,3.0,-0.052019085735082626,0.0860203206539154,0.7787421345710754,-0.2664909362792969,0.0,-0.22328057885169983,0.09924061596393585,1.2574360370635986,0.7444369792938232
1692309323.1544106,"[label: ""height""
size: 5
stride: 25, label: ""width""
size: 5
stride: 5]",0,7.0,0.06139351427555084,0.06989751756191254,0.2907775640487671,-0.08774613589048386,8.0,0.10114997625350952,0.07166073471307755,0.3037445545196533,0.4814961850643158,6.0,0.02455311268568039,0.07045329362154007,0.306469589471817,-0.5319804549217224,3.0,-0.0479762889444828,0.08697054535150528,0.7883567214012146,0.16935355961322784,0.0,-0.21888014674186707,0.10187322646379471,1.2972760200500488,-0.35313042998313904
1692309323.2535708,"[label: ""height""
size: 5
stride: 25, label: ""width""
size: 5
stride: 5]",0,7.0,0.06546811759471893,0.07027269154787064,0.2968662977218628,-0.09886909276247025,8.0,0.10522613674402237,0.07174409180879593,0.3088153004646301,0.469908744096756,6.0,0.028053956106305122,0.0701267272233963,0.3105723559856415,-0.5660474300384521,3.0,-0.044025056064128876,0.0862981528043747,0.7961742281913757,-0.19773408770561218,0.0,-0.20982614159584045,0.10078804939985275,1.2970950603485107,-0.41194671392440796
1692309323.3616216,"[label: ""height""
size: 5
stride: 25, label: ""width""
size: 5
stride: 5]",0,7.0,0.0693509504199028,0.07083956897258759,0.3021141290664673,-0.0992625281214714,8.0,0.10898137837648392,0.07197190821170807,0.31309106945991516,0.4714556932449341,6.0,0.03205973654985428,0.07084162533283234,0.31603649258613586,-0.5573763251304626,3.0,-0.040115080773830414,0.08630221337080002,0.7962185144424438,-0.20135222375392914,0.0,-0.19878730177879333,0.09953788667917252,1.2943918704986572,-0.4249199628829956
1692309323.4600115,"[label: ""height""
size: 5
stride: 25, label: ""width""
size: 5
stride: 5]",0,7.0,0.073179692029953,0.07151542603969574,0.30531373620033264,-0.13253818452358246,8.0,0.11240026354789734,0.0725763812661171,0.315143883228302,0.4703254699707031,6.0,0.03607781603932381,0.07161054760217667,0.31942903995513916,-0.5521480441093445,3.0,-0.036210451275110245,0.08762452006340027,0.7963948845863342,-0.20438611507415771,0.0,-0.19033166766166687,0.10167184472084045,1.2945743799209595,-0.42962613701820374
1692309323.5622053,"[label: ""height""
size: 5
stride: 25, label: ""width""
size: 5
stride: 5]",0,7.0,0.07668712735176086,0.07176031172275543,0.30919507145881653,-0.09261652827262878,8.0,0.11647921055555344,0.07298169285058975,0.3203522264957428,0.4797903001308441,6.0,0.03949515148997307,0.07244788110256195,0.32383251190185547,-0.567736029624939,3.0,-0.033942922949790955,0.0895765870809555,0.8048262000083923,-0.17029564082622528,0.0,-0.2056715488433838,0.11647949367761612,1.4601540565490723,-0.05583518370985985
1692309323.6618974,"[label: ""height""
size: 5
stride: 25, label: ""width""
size: 5
stride: 5]",0,7.0,0.08100501447916031,0.07173991203308105,0.3127821385860443,-0.12529340386390686,8.0,0.11929447948932648,0.07242845743894577,0.321928471326828,0.49910786747932434,6.0,0.04361961409449577,0.07170672714710236,0.32582297921180725,-0.5508192181587219,3.0,-0.03229885920882225,0.08762816339731216,0.7964349985122681,-0.20819760859012604,0.0,-0.18378300964832306,0.10685183852910995,1.339695930480957,-0.3783824145793915
1692309323.7600505,"[label: ""height""
size: 5
stride: 25, label: ""width""
size: 5
stride: 5]",0,7.0,0.08429455012083054,0.07241697609424591,0.31879404187202454,-0.09484092146158218,8.0,0.12325116991996765,0.07350286841392517,0.32972556352615356,0.5147247910499573,6.0,0.046489328145980835,0.07233987003564835,0.3298584818840027,-0.5100556015968323,3.0,-0.0344640351831913,0.09043244272470474,0.8181208968162537,-0.06612653285264969,0.0,-0.1874898225069046,0.11065319925546646,1.380383014678955,0.5093741416931152
1692309323.8569734,"[label: ""height""
size: 4
stride: 20, label: ""width""
size: 5
stride: 5]",0,7.0,0.08726031333208084,0.0726805105805397,0.32092878222465515,-0.05987604334950447,8.0,0.12645016610622406,0.07370265573263168,0.33427390456199646,0.5290661454200745,6.0,0.049365319311618805,0.0721210390329361,0.3319714665412903,-0.525725781917572,3.0,-0.036113448441028595,0.08997101336717606,0.8238586187362671,-0.23705311119556427
1692309323.9585114,"[label: ""height""
size: 5
stride: 25, label: ""width""
size: 5
stride: 5]",0,7.0,0.0905635729432106,0.072990283370018,0.3265947997570038,-0.037763454020023346,8.0,0.12946295738220215,0.07420933246612549,0.3404168486595154,0.5602657198905945,6.0,0.05236073210835457,0.07260838150978088,0.33612099289894104,-0.4788791835308075,4.0,0.001893717679195106,0.09058624505996704,0.8230670690536499,0.38726678490638733,3.0,-0.038682881742715836,0.09237468242645264,0.8361102938652039,-0.1719769686460495
1692309324.057634,"[label: ""height""
size: 5
stride: 25, label: ""width""
size: 5
stride: 5]",0,7.0,0.09348049014806747,0.07330864667892456,0.3330118954181671,0.010581212118268013,8.0,0.1308716982603073,0.07374384254217148,0.3441341519355774,0.5886351466178894,6.0,0.0545768104493618,0.07252535969018936,0.33949050307273865,-0.45558953285217285,4.0,-0.0021508377976715565,0.09059767425060272,0.8231755495071411,0.3918478488922119,3.0,-0.042643219232559204,0.09161902219057083,0.8362095952033997,0.264361709356308
1692309324.1597013,"[label: ""height""
size: 5
stride: 25, label: ""width""
size: 5
stride: 5]",0,7.0,0.09416298568248749,0.07371396571397781,0.3359518051147461,0.0052025942131876945,8.0,0.13263188302516937,0.0749635249376297,0.3518275320529938,0.6131812334060669,6.0,0.05563401058316231,0.07342078536748886,0.34501081705093384,-0.43183526396751404,4.0,-0.007545210421085358,0.09061287343502045,0.8233199715614319,0.398046612739563,3.0,-0.04894811287522316,0.0929519310593605,0.8416137099266052,-0.21617715060710907
1692309324.2575564,"[label: ""height""
size: 5
stride: 25, label: ""width""
size: 5
stride: 5]",0,7.0,0.0951685681939125,0.07436269521713257,0.3409428000450134,0.034161344170570374,8.0,0.13352560997009277,0.07576874643564224,0.35693415999412537,0.6147691011428833,6.0,0.05571173503994942,0.07336677610874176,0.3447418808937073,-0.46079471707344055,3.0,-0.051994867622852325,0.08993519097566605,0.808185338973999,-0.27452579140663147,4.0,-0.012640266679227352,0.092284195125103,0.826383113861084,0.4441695213317871
1692309324.3579862,"[label: ""height""
size: 5
stride: 25, label: ""width""
size: 5
stride: 5]",0,7.0,0.09556890279054642,0.07435652613639832,0.3441942036151886,0.10178302973508835,6.0,0.05656743422150612,0.07401584833860397,0.35045894980430603,-0.37061887979507446,8.0,0.1338563710451126,0.07632669806480408,0.36382436752319336,0.653441309928894,4.0,-0.01875566877424717,0.09430915117263794,0.8413791060447693,0.35696980357170105,3.0,-0.05936660245060921,0.09435781836509705,0.838191568851471,-0.13561248779296875
1692309324.4575393,"[label: ""height""
size: 5
stride: 25, label: ""width""
size: 5
stride: 5]",0,7.0,0.09446705877780914,0.07445874065160751,0.3485551178455353,0.07006833702325821,6.0,0.055650126188993454,0.07434456795454025,0.3555030822753906,-0.3608030378818512,8.0,0.13201533257961273,0.07632985711097717,0.3674260973930359,0.6807679533958435,3.0,-0.06844976544380188,0.09411998838186264,0.8395882248878479,-0.26849278807640076,4.0,-0.027714157477021217,0.09439345449209213,0.8421847224235535,0.4692246615886688
1692309324.5633605,"[label: ""height""
size: 5
stride: 25, label: ""width""
size: 5
stride: 5]",0,7.0,0.09274519234895706,0.07676058262586594,0.3572535812854767,0.0959707498550415,6.0,0.05237341672182083,0.0755886361002922,0.35794612765312195,-0.3600807785987854,3.0,-0.08030270785093307,0.09702923148870468,0.8410266041755676,-0.3533684313297272,4.0,-0.03876917436718941,0.09719882905483246,0.8426094055175781,0.48206624388694763,8.0,0.12951147556304932,0.07811391353607178,0.37457844614982605,0.7072144746780396
1692309324.6566288,"[label: ""height""
size: 5
stride: 25, label: ""width""
size: 5
stride: 5]",0,7.0,0.08842968195676804,0.07644033432006836,0.35915449261665344,0.15635931491851807,6.0,0.048044975847005844,0.07483808696269989,0.3571324944496155,-0.31579673290252686,4.0,-0.052877821028232574,0.09893379360437393,0.8550078868865967,-0.21829695999622345,3.0,-0.09038526564836502,0.09554540365934372,0.8256477117538452,0.5470491051673889,8.0,0.1258489042520523,0.07855234295129776,0.38116779923439026,0.7277005910873413
1692309324.7597415,"[label: ""height""
size: 5
stride: 25, label: ""width""
size: 5
stride: 5]",0,7.0,0.08386843651533127,0.07602104544639587,0.3635658919811249,0.17621207237243652,6.0,0.04419941082596779,0.07547678798437119,0.3650676906108856,-0.3032146096229553,8.0,0.12033095210790634,0.07781374454498291,0.384491890668869,0.736243724822998,3.0,-0.10645842552185059,0.09844715148210526,0.8568114638328552,0.47855091094970703,4.0,-0.06381380558013916,0.0969846248626709,0.8406344652175903,0.47316622734069824
1692309324.8588445,"[label: ""height""
size: 5
stride: 25, label: ""width""
size: 5
stride: 5]",0,7.0,0.07972104847431183,0.07822084426879883,0.3691655993461609,0.18871553242206573,6.0,0.039396777749061584,0.07629236578941345,0.3650467097759247,0.04089706391096115,4.0,-0.07726171612739563,0.1023065522313118,0.8593215346336365,0.2753148376941681,3.0,-0.1193508505821228,0.10305333882570267,0.8597033023834229,-0.15600790083408356,8.0,0.11438538879156113,0.07899724692106247,0.3857046365737915,0.7853060960769653
1692309324.9578836,"[label: ""height""
size: 5
stride: 25, label: ""width""
size: 5
stride: 5]",0,7.0,0.07421678304672241,0.07697290182113647,0.3679920732975006,0.22180643677711487,6.0,0.034713663160800934,0.07677122950553894,0.3701258599758148,-0.23598700761795044,8.0,0.11010905355215073,0.07886985689401627,0.3912845849990845,0.7800770998001099,4.0,-0.08646558225154877,0.10022854059934616,0.8534435629844666,0.4638567566871643,3.0,-0.12916451692581177,0.10161131620407104,0.8594042658805847,-0.15129949152469635
1692309325.0584412,"[label: ""height""
size: 5
stride: 25, label: ""width""
size: 5
stride: 5]",0,7.0,0.07058772444725037,0.07725638151168823,0.3710026144981384,0.25405940413475037,6.0,0.031381770968437195,0.07690298557281494,0.37196508049964905,-0.2384934276342392,8.0,0.10675279796123505,0.07966943085193634,0.3960810899734497,0.7713395357131958,4.0,-0.09641720354557037,0.10229232907295227,0.8595263957977295,-0.08087067306041718,3.0,-0.13492292165756226,0.10014598816633224,0.8381682634353638,-0.216775044798851
1692309325.1581538,"[label: ""height""
size: 5
stride: 25, label: ""width""
size: 5
stride: 5]",0,7.0,0.06800619512796402,0.07829595357179642,0.37530824542045593,0.23246364295482635,6.0,0.028909260407090187,0.07760109007358551,0.3760265111923218,0.0867663100361824,8.0,0.10284657031297684,0.07977808266878128,0.39666253328323364,0.7887808680534363,4.0,-0.10206485539674759,0.10230950266122818,0.8596572279930115,-0.07777184993028641,3.0,-0.14310063421726227,0.10247005522251129,0.8546462655067444,0.0013222470879554749
1692309325.2602167,"[label: ""height""
size: 5
stride: 25, label: ""width""
size: 5
stride: 5]",0,7.0,0.06548500806093216,0.07725691050291061,0.3731267750263214,0.24885235726833344,6.0,0.026406124234199524,0.07752727717161179,0.37513893842697144,-0.26909640431404114,8.0,0.10034769028425217,0.07896044105291367,0.39576590061187744,0.7946711778640747,3.0,-0.14490263164043427,0.10130155086517334,0.8422442674636841,-0.2509453296661377,4.0,-0.10290621966123581,0.1002621203660965,0.8392348289489746,0.42299702763557434
1692309325.3570957,"[label: ""height""
size: 5
stride: 25, label: ""width""
size: 5
stride: 5]",0,7.0,0.06480323523283005,0.07892659306526184,0.37906137108802795,0.23420093953609467,6.0,0.025294087827205658,0.07878963649272919,0.37900635600090027,-0.2574840188026428,8.0,0.0980929583311081,0.07916295528411865,0.3951745629310608,0.8109791278839111,3.0,-0.14600412547588348,0.09980492293834686,0.826988697052002,-0.23897427320480347,4.0,-0.10719440132379532,0.10141648352146149,0.8433188199996948,0.4746355712413788
1692309325.4505088,"[label: ""height""
size: 5
stride: 25, label: ""width""
size: 5
stride: 5]",0,6.0,0.0235007181763649,0.07814913243055344,0.37735697627067566,-0.2328009307384491,7.0,0.06235221400856972,0.07786548137664795,0.37626975774765015,0.27750641107559204,8.0,0.09688401967287064,0.0792219415307045,0.39954882860183716,0.8087102770805359,3.0,-0.14918334782123566,0.0996951013803482,0.8260220289230347,-0.13357269763946533,4.0,-0.11056189984083176,0.10034342110157013,0.839964747428894,0.4345678389072418
1692309325.5649006,"[label: ""height""
size: 5
stride: 25, label: ""width""
size: 5
stride: 5]",0,7.0,0.06208321079611778,0.078583262860775,0.377386212348938,0.2946060299873352,6.0,0.02305533178150654,0.07870849967002869,0.37804922461509705,-0.2668960392475128,8.0,0.09608536213636398,0.08021367341279984,0.3996433913707733,0.8212052583694458,3.0,-0.1567523181438446,0.10341549664735794,0.8516640663146973,0.45441195368766785,4.0,-0.11513808369636536,0.10310077667236328,0.848243236541748,0.3980647325515747
1692309325.6565127,"[label: ""height""
size: 5
stride: 25, label: ""width""
size: 5
stride: 5]",0,6.0,0.022310664877295494,0.07856268435716629,0.37783825397491455,-0.2090902328491211,7.0,0.061813369393348694,0.0792955830693245,0.38156217336654663,0.27024519443511963,8.0,0.09487953037023544,0.0795159861445427,0.3994203209877014,0.8546774387359619,4.0,-0.116750568151474,0.10172022134065628,0.8399542570114136,0.4432520568370819,3.0,-0.16032685339450836,0.10345464199781418,0.8511303663253784,-0.09732714295387268
1692309325.7526433,"[label: ""height""
size: 5
stride: 25, label: ""width""
size: 5
stride: 5]",0,6.0,0.021548857912421227,0.07932549715042114,0.37857934832572937,-0.25073277950286865,7.0,0.06154213100671768,0.08042573183774948,0.3847486078739166,0.27732691168785095,8.0,0.09429124742746353,0.080437071621418,0.40322697162628174,0.863298773765564,4.0,-0.12321393191814423,0.10423647612333298,0.8526619076728821,-0.010853836312890053,3.0,-0.16550859808921814,0.10527152568101883,0.8546614050865173,0.0012372079072520137
1692309325.8500211,"[label: ""height""
size: 5
stride: 25, label: ""width""
size: 5
stride: 5]",0,6.0,0.019808463752269745,0.07890000194311142,0.37740352749824524,-0.21303501725196838,7.0,0.058851588517427444,0.07876774668693542,0.3783327341079712,0.33348387479782104,8.0,0.09132874011993408,0.07955855131149292,0.39965391159057617,0.8820805549621582,3.0,-0.16858498752117157,0.10221872478723526,0.8382805585861206,-0.1975688338279724,4.0,-0.1257188469171524,0.10093124955892563,0.8332428932189941,0.42030850052833557
1692309325.9519145,"[label: ""height""
size: 5
stride: 25, label: ""width""
size: 5
stride: 5]",0,6.0,0.01812056265771389,0.07866460829973221,0.37680819630622864,-0.15943540632724762,7.0,0.057680368423461914,0.07903829962015152,0.38188183307647705,0.33606088161468506,8.0,0.08979175984859467,0.07974763214588165,0.40308043360710144,0.9034004807472229,3.0,-0.1730479896068573,0.10113243758678436,0.8267481923103333,-0.22181808948516846,4.0,-0.13321831822395325,0.1011604517698288,0.8351560235023499,0.33266085386276245
1692309326.051025,"[label: ""height""
size: 5
stride: 25, label: ""width""
size: 5
stride: 5]",0,6.0,0.01506002340465784,0.07943199574947357,0.3732853829860687,-0.13853469491004944,7.0,0.05409686639904976,0.07950644195079803,0.37739479541778564,0.3826921582221985,8.0,0.08639340847730637,0.08159226924180984,0.4065377116203308,0.918964147567749,4.0,-0.14303924143314362,0.10407037287950516,0.8365963697433472,0.34512531757354736,3.0,-0.18480901420116425,0.1048942282795906,0.8383079171180725,0.6192961931228638
1692309326.1511154,"[label: ""height""
size: 5
stride: 25, label: ""width""
size: 5
stride: 5]",0,6.0,0.011328605003654957,0.0799589678645134,0.37586936354637146,-0.12382204085588455,7.0,0.05042339116334915,0.07988107949495316,0.3799000382423401,0.41514864563941956,8.0,0.08106241375207901,0.08043327927589417,0.4032242000102997,0.9519400000572205,3.0,-0.19505317509174347,0.10233170539140701,0.8254310488700867,-0.1150067001581192,4.0,-0.1555626392364502,0.1028241217136383,0.8376415967941284,0.3673548996448517
1692309326.2513626,"[label: ""height""
size: 5
stride: 25, label: ""width""
size: 5
stride: 5]",0,6.0,0.007178996689617634,0.07827946543693542,0.3742201030254364,-0.07461736351251602,7.0,0.04608067125082016,0.0785897746682167,0.38123568892478943,0.4345712661743164,8.0,0.07727883011102676,0.08035310357809067,0.4112876057624817,0.975449800491333,3.0,-0.20931601524353027,0.10168791562318802,0.8338034152984619,-0.08543142676353455,4.0,-0.1672973483800888,0.10130873322486877,0.8364475965499878,0.48371076583862305
1692309326.352425,"[label: ""height""
size: 5
stride: 25, label: ""width""
size: 5
stride: 5]",0,6.0,0.002535182051360607,0.07838688790798187,0.3675271272659302,-0.07086552679538727,7.0,0.04133119806647301,0.07998556643724442,0.38043341040611267,0.4805973768234253,8.0,0.07056648284196854,0.08052610605955124,0.40373069047927856,1.0143095254898071,3.0,-0.21619351208209991,0.10135174542665482,0.8095285892486572,-0.19598087668418884,4.0,-0.17998453974723816,0.1041487380862236,0.8378219604492188,0.3066297471523285
1692309326.4502192,"[label: ""height""
size: 5
stride: 25, label: ""width""
size: 5
stride: 5]",0,7.0,0.03685101121664047,0.07921987026929855,0.37755465507507324,0.4846181571483612,6.0,-0.0018737331265583634,0.08072153478860855,0.3784191906452179,-0.0625583752989769,8.0,0.06628886610269547,0.08099894970655441,0.4069485068321228,1.0329477787017822,3.0,-0.23006945848464966,0.10227052867412567,0.8249168992042542,-0.1040291041135788,4.0,-0.18367701768875122,0.10013821721076965,0.8105987906455994,0.5611856579780579
1692309326.5508642,"[label: ""height""
size: 5
stride: 25, label: ""width""
size: 5
stride: 5]",0,6.0,-0.006572180427610874,0.07724125683307648,0.3657788336277008,-0.017251666635274887,7.0,0.0317830964922905,0.07774823158979416,0.37419527769088745,0.4935941696166992,8.0,0.06046917662024498,0.07929983735084534,0.4025375545024872,1.039220929145813,3.0,-0.23678697645664215,0.09884756803512573,0.8108447194099426,-0.14149175584316254,4.0,-0.1917557567358017,0.09687541425228119,0.8006309866905212,0.05355565622448921
1692309326.6489685,"[label: ""height""
size: 5
stride: 25, label: ""width""
size: 5
stride: 5]",0,6.0,-0.011087070219218731,0.07690698653459549,0.3620131313800812,0.00022866985818836838,7.0,0.02728155069053173,0.07820051908493042,0.373383104801178,0.4914824664592743,8.0,0.056157030165195465,0.07982099056243896,0.40350213646888733,1.0368252992630005,3.0,-0.24001100659370422,0.09661164879798889,0.7950718998908997,-0.17768125236034393,4.0,-0.1985287368297577,0.09605500102043152,0.7961896061897278,0.028853684663772583
1692309326.753078,"[label: ""height""
size: 5
stride: 25, label: ""width""
size: 5
stride: 5]",0,6.0,-0.015589429996907711,0.07739345729351044,0.3595234751701355,-0.01558536384254694,7.0,0.02269771695137024,0.0787195935845375,0.370817631483078,0.49537381529808044,8.0,0.05118343606591225,0.07949032634496689,0.3969653248786926,1.0620909929275513,3.0,-0.24782460927963257,0.0979137197136879,0.795067548751831,-0.17410415410995483,4.0,-0.20334874093532562,0.09670442342758179,0.7873597741127014,0.21283970773220062
1692309326.8516848,"[label: ""height""
size: 5
stride: 25, label: ""width""
size: 5
stride: 5]",0,6.0,-0.018778901547193527,0.07693249732255936,0.3561379909515381,0.006408053915947676,7.0,0.019621429964900017,0.07730477303266525,0.36417773365974426,0.5007498264312744,8.0,0.047740597277879715,0.07877707481384277,0.3926061987876892,1.0548146963119507,4.0,-0.20975273847579956,0.09703551977872849,0.7931182384490967,0.10584447532892227,3.0,-0.24778592586517334,0.09568588435649872,0.7795701026916504,-0.1724039912223816
1692309326.9515805,"[label: ""height""
size: 5
stride: 25, label: ""width""
size: 5
stride: 5]",0,6.0,-0.021582139655947685,0.0763283371925354,0.35118964314460754,-0.04297078400850296,7.0,0.016747144982218742,0.07724609971046448,0.36331188678741455,0.49409112334251404,8.0,0.045002277940511703,0.07806839048862457,0.3882858157157898,1.0461552143096924,4.0,-0.20419064164161682,0.09203973412513733,0.7595481276512146,0.35987281799316406,3.0,-0.2516515552997589,0.09506084024906158,0.779677152633667,-0.17162732779979706
1692309327.0531867,"[label: ""height""
size: 5
stride: 25, label: ""width""
size: 5
stride: 5]",0,6.0,-0.024492943659424782,0.07610830664634705,0.3501547873020172,0.0004368232621345669,7.0,0.013961676508188248,0.07610886543989182,0.3565370440483093,0.4824809432029724,8.0,0.04320848360657692,0.07796864211559296,0.38775435090065,1.0215468406677246,3.0,-0.2495562881231308,0.09249778091907501,0.7663771510124207,-0.16454064846038818,4.0,-0.21040180325508118,0.09267697483301163,0.7756708264350891,0.4622059464454651
1692309327.1534073,"[label: ""height""
size: 4
stride: 20, label: ""width""
size: 5
stride: 5]",0,6.0,-0.028083976358175278,0.07608070969581604,0.34623268246650696,-0.040979161858558655,7.0,0.010633749887347221,0.07596838474273682,0.35246148705482483,0.47925031185150146,8.0,0.039696015417575836,0.07760024070739746,0.3813166618347168,1.016906976699829,3.0,-0.25654199719429016,0.09337576478719711,0.7761443257331848,-0.14019525051116943
1692309327.2526433,"[label: ""height""
size: 4
stride: 20, label: ""width""
size: 5
stride: 5]",0,6.0,-0.03140305355191231,0.07514255493879318,0.34020042419433594,-0.09215192496776581,7.0,0.006845517549663782,0.07633570581674576,0.350877970457077,0.4614504873752594,8.0,0.03612746298313141,0.07743014395236969,0.3782039284706116,1.018741488456726,3.0,-0.25797539949417114,0.09225916117429733,0.7643131017684937,-0.20052732527256012
1692309327.352974,"[label: ""height""
size: 4
stride: 20, label: ""width""
size: 5
stride: 5]",0,6.0,-0.03359537944197655,0.07470227032899857,0.33755573630332947,-0.031806234270334244,7.0,0.004727629479020834,0.0739947110414505,0.34067556262016296,0.4867456555366516,8.0,0.03366073966026306,0.07517469674348831,0.3679499328136444,1.01735258102417,3.0,-0.2657638192176819,0.09327365458011627,0.7808390855789185,-0.1240532174706459
1692309327.458933,"[label: ""height""
size: 4
stride: 20, label: ""width""
size: 5
stride: 5]",0,6.0,-0.03650687634944916,0.0736224427819252,0.33502504229545593,-0.038548436015844345,7.0,0.0020738919265568256,0.07345742732286453,0.340785950422287,0.4788849651813507,8.0,0.0312457587569952,0.07456086575984955,0.3678938150405884,1.0236763954162598,3.0,-0.2692015767097473,0.0908152237534523,0.7759837508201599,-0.1358201503753662
1692309327.5543332,"[label: ""height""
size: 4
stride: 20, label: ""width""
size: 5
stride: 5]",0,6.0,-0.03800966963171959,0.07259315252304077,0.3290199041366577,-0.03774171695113182,7.0,0.00039760986692272127,0.07314769178628922,0.3373827040195465,0.46855825185775757,8.0,0.029435614123940468,0.07391595840454102,0.36397677659988403,1.0144987106323242,3.0,-0.2668291926383972,0.08803679049015045,0.7601303458213806,-0.17129430174827576
1692309327.65272,"[label: ""height""
size: 4
stride: 20, label: ""width""
size: 5
stride: 5]",0,6.0,-0.03911225125193596,0.07242988049983978,0.32475215196609497,-0.036319855600595474,7.0,-0.0008306117379106581,0.07322251796722412,0.33459100127220154,0.47222787141799927,8.0,0.02756514400243759,0.07349411398172379,0.35905221104621887,1.0431602001190186,3.0,-0.26997190713882446,0.08866680413484573,0.7602125406265259,-0.1699010133743286
1692309327.755439,"[label: ""height""
size: 4
stride: 20, label: ""width""
size: 5
stride: 5]",0,6.0,-0.040449514985084534,0.07295802235603333,0.3242270052433014,0.02735603041946888,7.0,-0.002001742832362652,0.07248548418283463,0.3300311267375946,0.5169382691383362,8.0,0.02591896988451481,0.07344725728034973,0.3567238450050354,1.0678597688674927,3.0,-0.26580899953842163,0.08617014437913895,0.7389925718307495,-0.3010792136192322
1692309327.8534787,"[label: ""height""
size: 4
stride: 20, label: ""width""
size: 5
stride: 5]",0,6.0,-0.0424400269985199,0.07205256074666977,0.31830281019210815,0.03581172600388527,7.0,-0.004375068936496973,0.07196500152349472,0.32707178592681885,0.542107343673706,8.0,0.022931238636374474,0.07294022291898727,0.35566845536231995,1.078224778175354,3.0,-0.279916375875473,0.0886610746383667,0.7601616978645325,-0.16583356261253357
1692309327.957105,"[label: ""height""
size: 4
stride: 20, label: ""width""
size: 5
stride: 5]",0,6.0,-0.044316019862890244,0.07129976898431778,0.3133285939693451,0.062492553144693375,7.0,-0.006762973964214325,0.07082348316907883,0.3214036822319031,0.5910750031471252,8.0,0.019955439493060112,0.07241532951593399,0.35451820492744446,1.088191270828247,3.0,-0.2788836658000946,0.08499108254909515,0.7392752766609192,-0.14557041227817535
1692309328.051398,"[label: ""height""
size: 4
stride: 20, label: ""width""
size: 5
stride: 5]",0,8.0,0.017082927748560905,0.07288163900375366,0.35537466406822205,1.112461805343628,3.0,-0.2840948700904846,0.08396744728088379,0.73545902967453,-0.2136152982711792,6.0,-0.04756409674882889,0.07232166081666946,0.31697893142700195,0.055272676050662994,7.0,-0.009468578733503819,0.07180237025022507,0.3240157961845398,0.6131669282913208
1692309328.1532297,"[label: ""height""
size: 4
stride: 20, label: ""width""
size: 5
stride: 5]",0,6.0,-0.04934798181056976,0.07050379365682602,0.3050003945827484,0.21309086680412292,7.0,-0.012534082867205143,0.07127327471971512,0.318107932806015,0.6137217879295349,8.0,0.012794299982488155,0.07226328551769257,0.3496442139148712,1.1488490104675293,3.0,-0.29189395904541016,0.08440016210079193,0.7339111566543579,-0.15260626375675201
1692309328.2499964,"[label: ""height""
size: 3
stride: 15, label: ""width""
size: 5
stride: 5]",0,6.0,-0.0510437935590744,0.07104472070932388,0.2993120849132538,0.17054736614227295,7.0,-0.01486933883279562,0.0711565837264061,0.31302884221076965,0.6465591192245483,8.0,0.009351164102554321,0.07204283028841019,0.34452933073043823,1.1894333362579346
1692309328.3509343,"[label: ""height""
size: 3
stride: 15, label: ""width""
size: 5
stride: 5]",0,8.0,0.00528575899079442,0.07293403148651123,0.34676751494407654,1.2080297470092773,6.0,-0.05536871403455734,0.07247521728277206,0.3031960427761078,0.23543712496757507,7.0,-0.018393566831946373,0.07191859185695648,0.3141953945159912,0.6654840707778931
1692309328.4498272,"[label: ""height""
size: 3
stride: 15, label: ""width""
size: 5
stride: 5]",0,6.0,-0.057302478700876236,0.07154762744903564,0.29244282841682434,0.15909497439861298,7.0,-0.021317467093467712,0.07158954441547394,0.3067200779914856,0.6750078201293945,8.0,0.001578332157805562,0.07314402610063553,0.3424595892429352,1.2210273742675781
1692309328.5523195,"[label: ""height""
size: 3
stride: 15, label: ""width""
size: 5
stride: 5]",0,6.0,-0.05912913382053375,0.07093432545661926,0.2869284451007843,0.18165811896324158,7.0,-0.023524390533566475,0.0708899199962616,0.30161023139953613,0.7195379734039307,8.0,-0.0013535304460674524,0.0727081149816513,0.3385077714920044,1.2440822124481201
1692309328.6499405,"[label: ""height""
size: 3
stride: 15, label: ""width""
size: 5
stride: 5]",0,8.0,-0.004681299440562725,0.07271981984376907,0.3385676443576813,1.253806471824646,6.0,-0.062005698680877686,0.07128376513719559,0.287430077791214,0.23098552227020264,7.0,-0.026627544313669205,0.07138977944850922,0.30317825078964233,0.7228497266769409
1692309328.7525847,"[label: ""height""
size: 3
stride: 15, label: ""width""
size: 5
stride: 5]",0,7.0,-0.029490754008293152,0.0717758759856224,0.2996523380279541,0.7267066240310669,8.0,-0.007828709669411182,0.07235590368509293,0.33124953508377075,1.2708148956298828,6.0,-0.06532352417707443,0.07220996171236038,0.28537827730178833,0.2081422507762909
1692309328.8507988,"[label: ""height""
size: 3
stride: 15, label: ""width""
size: 5
stride: 5]",0,6.0,-0.0666932463645935,0.0713634192943573,0.2777540385723114,0.2604450583457947,7.0,-0.03150719031691551,0.07177004963159561,0.2946135699748993,0.7264143824577332,8.0,-0.010194644331932068,0.0728587731719017,0.32925474643707275,1.2630033493041992
1692309328.9515483,"[label: ""height""
size: 3
stride: 15, label: ""width""
size: 5
stride: 5]",0,6.0,-0.06680496782064438,0.07015810906887054,0.27151381969451904,0.2026696652173996,7.0,-0.0322091206908226,0.0710458755493164,0.29024267196655273,0.7273991703987122,8.0,-0.010635796003043652,0.07269227504730225,0.32669979333877563,1.2517204284667969
1692309329.0516691,"[label: ""height""
size: 3
stride: 15, label: ""width""
size: 5
stride: 5]",0,6.0,-0.06901175528764725,0.07193256914615631,0.2735428810119629,0.18114008009433746,7.0,-0.03310052305459976,0.07233625650405884,0.28965023159980774,0.6863910555839539,8.0,-0.01066187396645546,0.0738191232085228,0.32404419779777527,1.2312265634536743
1692309329.1515267,"[label: ""height""
size: 3
stride: 15, label: ""width""
size: 5
stride: 5]",0,6.0,-0.06932620704174042,0.07222812622785568,0.27195677161216736,0.13915327191352844,7.0,-0.033171750605106354,0.07279597222805023,0.2882100045681,0.6708904504776001,8.0,-0.009806618094444275,0.07413455098867416,0.32254189252853394,1.2133355140686035
1692309329.2497683,"[label: ""height""
size: 3
stride: 15, label: ""width""
size: 5
stride: 5]",0,6.0,-0.06892991065979004,0.07164304703474045,0.26773306727409363,0.11562696844339371,7.0,-0.03236456587910652,0.07174724340438843,0.28040894865989685,0.6531091928482056,8.0,-0.008554492145776749,0.07275239378213882,0.312112957239151,1.1851592063903809
1692309329.3508465,"[label: ""height""
size: 3
stride: 15, label: ""width""
size: 5
stride: 5]",0,6.0,-0.06886834651231766,0.07255718111991882,0.26618653535842896,0.10677420347929001,7.0,-0.03220169618725777,0.07308909296989441,0.2798653542995453,0.6152228713035583,8.0,-0.007400475442409515,0.07490510493516922,0.3125821053981781,1.1565275192260742
1692309329.4489822,"[label: ""height""
size: 3
stride: 15, label: ""width""
size: 5
stride: 5]",0,6.0,-0.06940159201622009,0.07279802113771439,0.2668403685092926,0.07602345943450928,7.0,-0.03179022669792175,0.07296721637248993,0.2771211862564087,0.5616754293441772,8.0,-0.005873431451618671,0.07457293570041656,0.30803176760673523,1.1187143325805664
1692309329.5504382,"[label: ""height""
size: 3
stride: 15, label: ""width""
size: 5
stride: 5]",0,6.0,-0.06913568079471588,0.0733872577548027,0.26485660672187805,0.04756009578704834,7.0,-0.03089757077395916,0.07255883514881134,0.2705552279949188,0.5667323470115662,8.0,-0.004363181069493294,0.07419267296791077,0.30189839005470276,1.084502100944519
1692309329.6502578,"[label: ""height""
size: 3
stride: 15, label: ""width""
size: 5
stride: 5]",0,6.0,-0.06953179836273193,0.07219173014163971,0.26499029994010925,0.016500985249876976,7.0,-0.03094872273504734,0.07174040377140045,0.27082112431526184,0.5356987714767456,8.0,-0.003329774597659707,0.07305622845888138,0.29975712299346924,1.0529752969741821
1692309329.7514462,"[label: ""height""
size: 3
stride: 15, label: ""width""
size: 5
stride: 5]",0,6.0,-0.06986074894666672,0.0729549452662468,0.2614652216434479,-0.04885052517056465,7.0,-0.03162979334592819,0.07288475334644318,0.2688886523246765,0.49460119009017944,8.0,-0.0031237865332514048,0.07378226518630981,0.2948049306869507,1.0225032567977905
1692309329.849251,"[label: ""height""
size: 3
stride: 15, label: ""width""
size: 5
stride: 5]",0,6.0,-0.07174273580312729,0.07242254912853241,0.2607974410057068,-0.07670482993125916,7.0,-0.03282877057790756,0.07192075997591019,0.2652846872806549,0.4832483232021332,8.0,-0.003907133359462023,0.0729839950799942,0.2916208505630493,1.0070456266403198
1692309329.9530592,"[label: ""height""
size: 3
stride: 15, label: ""width""
size: 5
stride: 5]",0,7.0,-0.03494264930486679,0.07135196775197983,0.2630384862422943,0.44411176443099976,8.0,-0.005524917040020227,0.07240813970565796,0.2898074686527252,0.9845585823059082,6.0,-0.0744207352399826,0.07258237153291702,0.26142245531082153,-0.11691274493932724
1692309330.049235,"[label: ""height""
size: 3
stride: 15, label: ""width""
size: 5
stride: 5]",0,6.0,-0.07667401432991028,0.0723542869091034,0.2586180865764618,-0.0954534187912941,7.0,-0.037421148270368576,0.07187110185623169,0.26224619150161743,0.43272748589515686,8.0,-0.007876812480390072,0.07325559854507446,0.2893753945827484,0.977250874042511
1692309330.150933,"[label: ""height""
size: 3
stride: 15, label: ""width""
size: 5
stride: 5]",0,6.0,-0.07885152846574783,0.07104037702083588,0.25568291544914246,-0.10195281356573105,7.0,-0.039792776107788086,0.07050251215696335,0.2596147954463959,0.4392903447151184,8.0,-0.010021654888987541,0.07178857177495956,0.2868293821811676,0.9673663973808289
1692309330.2497725,"[label: ""height""
size: 3
stride: 15, label: ""width""
size: 5
stride: 5]",0,6.0,-0.08133422583341599,0.07101649791002274,0.25559118390083313,-0.10043178498744965,7.0,-0.04208507016301155,0.07057905197143555,0.25990432500839233,0.4248073995113373,8.0,-0.012030917219817638,0.07113662362098694,0.2846854329109192,0.9636881351470947
1692309330.3507218,"[label: ""height""
size: 3
stride: 15, label: ""width""
size: 5
stride: 5]",0,6.0,-0.08288378268480301,0.06991546601057053,0.25425460934638977,-0.09578989446163177,7.0,-0.043525151908397675,0.06920060515403748,0.2571830749511719,0.42901259660720825,8.0,-0.013448251411318779,0.07009223848581314,0.2828204929828644,0.9659950733184814
1692309330.44897,"[label: ""height""
size: 3
stride: 15, label: ""width""
size: 5
stride: 5]",0,6.0,-0.083706796169281,0.06990793347358704,0.25422531366348267,-0.09532608836889267,7.0,-0.04439380019903183,0.06924188882112503,0.2573479115962982,0.4316732585430145,8.0,-0.014161733910441399,0.06954000890254974,0.28107234835624695,0.9652937650680542
1692309330.551265,"[label: ""height""
size: 3
stride: 15, label: ""width""
size: 5
stride: 5]",0,6.0,-0.08379581570625305,0.06884938478469849,0.2525483965873718,-0.11248854547739029,7.0,-0.044923335313797,0.06851058453321457,0.25724345445632935,0.4086358845233917,8.0,-0.014844327233731747,0.06922033429145813,0.28305497765541077,0.9538757801055908
1692309330.6504414,"[label: ""height""
size: 3
stride: 15, label: ""width""
size: 5
stride: 5]",0,6.0,-0.08344879746437073,0.06943751871585846,0.25433897972106934,-0.11089209467172623,7.0,-0.044067058712244034,0.06890683621168137,0.2571432888507843,0.4049316644668579,8.0,-0.013921492733061314,0.069699227809906,0.2831195890903473,0.9502730369567871
1692309330.752173,"[label: ""height""
size: 3
stride: 15, label: ""width""
size: 5
stride: 5]",0,6.0,-0.0825464278459549,0.06770353764295578,0.25178682804107666,-0.14381033182144165,7.0,-0.04402328282594681,0.06758663058280945,0.2569137215614319,0.4086473286151886,8.0,-0.013462823815643787,0.06768220663070679,0.280995637178421,0.946342408657074
1692309330.8571799,"[label: ""height""
size: 3
stride: 15, label: ""width""
size: 5
stride: 5]",0,6.0,-0.08270272612571716,0.06893259286880493,0.25481554865837097,-0.1460479199886322,7.0,-0.04315406084060669,0.06825318187475204,0.2567465603351593,0.40812909603118896,8.0,-0.012494239956140518,0.0690998062491417,0.2825128734111786,0.9129751920700073
1692309330.95712,"[label: ""height""
size: 3
stride: 15, label: ""width""
size: 5
stride: 5]",0,6.0,-0.08214601129293442,0.06796642392873764,0.25428977608680725,-0.17517678439617157,7.0,-0.043345216661691666,0.0681125596165657,0.2581758201122284,0.356780081987381,8.0,-0.011780261062085629,0.06855203211307526,0.28213176131248474,0.8942651748657227
1692309331.0580783,"[label: ""height""
size: 3
stride: 15, label: ""width""
size: 5
stride: 5]",0,6.0,-0.08187485486268997,0.06911539286375046,0.25668859481811523,-0.18432573974132538,7.0,-0.04243450611829758,0.06865423917770386,0.2577509582042694,0.3500331938266754,8.0,-0.010619143024086952,0.06945299357175827,0.28202247619628906,0.872757613658905
1692309331.1563227,"[label: ""height""
size: 3
stride: 15, label: ""width""
size: 5
stride: 5]",0,6.0,-0.08064811676740646,0.06898921728134155,0.2570330500602722,-0.21845105290412903,7.0,-0.04166498780250549,0.0687599778175354,0.25847694277763367,0.29291868209838867,8.0,-0.009369749575853348,0.06882194429636002,0.27949169278144836,0.8586574792861938
1692309331.2551587,"[label: ""height""
size: 3
stride: 15, label: ""width""
size: 5
stride: 5]",0,6.0,-0.08018172532320023,0.06912913173437119,0.25992247462272644,-0.23625534772872925,7.0,-0.04078233614563942,0.06828062236309052,0.2582513988018036,0.29269424080848694,8.0,-0.007858320139348507,0.06931130588054657,0.2823469340801239,0.8253385424613953
1692309331.3616452,"[label: ""height""
size: 3
stride: 15, label: ""width""
size: 5
stride: 5]",0,6.0,-0.08070524036884308,0.07011506706476212,0.2636815905570984,-0.25873538851737976,7.0,-0.04048676788806915,0.069002166390419,0.2589279115200043,0.2748616337776184,8.0,-0.007136481814086437,0.07010599970817566,0.2813759744167328,0.8069565892219543
1692309331.4555504,"[label: ""height""
size: 3
stride: 15, label: ""width""
size: 5
stride: 5]",0,7.0,-0.04100291430950165,0.0685928612947464,0.2613818943500519,0.2575647234916687,8.0,-0.00699884258210659,0.0697438195347786,0.28454354405403137,0.7561318874359131,6.0,-0.08166667073965073,0.07034289091825485,0.2685796320438385,-0.28575244545936584
1692309331.5623896,"[label: ""height""
size: 3
stride: 15, label: ""width""
size: 5
stride: 5]",0,7.0,-0.040378011763095856,0.06933893263339996,0.2622726559638977,0.17580834031105042,8.0,-0.005529779475182295,0.06989597529172897,0.28140076994895935,0.7433013319969177,6.0,-0.07970619201660156,0.07012048363685608,0.2673763036727905,-0.34866195917129517
1692309331.65573,"[label: ""height""
size: 3
stride: 15, label: ""width""
size: 5
stride: 5]",0,7.0,-0.04069368913769722,0.06915263086557388,0.2635529041290283,0.16799506545066833,6.0,-0.08041800558567047,0.07038389146327972,0.270925372838974,-0.34142783284187317,8.0,-0.005320671945810318,0.069764144718647,0.2821887731552124,0.7187694311141968
1692309331.7516825,"[label: ""height""
size: 3
stride: 15, label: ""width""
size: 5
stride: 5]",0,7.0,-0.04053414985537529,0.06961975246667862,0.2666719853878021,0.15967392921447754,6.0,-0.07909885048866272,0.06968553364276886,0.27046772837638855,-0.39647677540779114,8.0,-0.0047302283346652985,0.06964615732431412,0.28126174211502075,0.688549816608429
1692309331.8495486,"[label: ""height""
size: 3
stride: 15, label: ""width""
size: 5
stride: 5]",0,7.0,-0.03991289436817169,0.07051467895507812,0.2697676122188568,0.15171997249126434,6.0,-0.07866426557302475,0.07055539637804031,0.2751452922821045,-0.4189833700656891,8.0,-0.0033828008454293013,0.07014767080545425,0.28278636932373047,0.6562815308570862
1692309331.9514382,"[label: ""height""
size: 3
stride: 15, label: ""width""
size: 5
stride: 5]",0,7.0,-0.03860606253147125,0.06995993852615356,0.2696308195590973,0.11777748912572861,6.0,-0.07803813368082047,0.07110020518302917,0.2794226109981537,-0.4037407636642456,8.0,-0.0021482722368091345,0.07066915184259415,0.2853615880012512,0.6271666884422302
1692309332.0495603,"[label: ""height""
size: 3
stride: 15, label: ""width""
size: 5
stride: 5]",0,7.0,-0.03658456355333328,0.07036877423524857,0.2725689113140106,0.10784982889890671,6.0,-0.07553252577781677,0.07094181329011917,0.2806927263736725,-0.4340422451496124,8.0,-4.95751119160559e-05,0.07045507431030273,0.28540682792663574,0.6192880272865295
1692309332.1546445,"[label: ""height""
size: 3
stride: 15, label: ""width""
size: 5
stride: 5]",0,7.0,-0.03524121642112732,0.07065868377685547,0.27226555347442627,0.07631828635931015,6.0,-0.07439054548740387,0.0718521699309349,0.28291839361190796,-0.43772268295288086,8.0,0.0014703007182106376,0.07116527110338211,0.2868570387363434,0.6193348169326782
1692309332.2521608,"[label: ""height""
size: 3
stride: 15, label: ""width""
size: 5
stride: 5]",0,7.0,-0.03270229324698448,0.07002723962068558,0.27523013949394226,0.07031061500310898,6.0,-0.07135177403688431,0.0705578550696373,0.28372883796691895,-0.44264495372772217,8.0,0.003951557446271181,0.07056419551372528,0.2886800467967987,0.6129300594329834
1692309332.354189,"[label: ""height""
size: 3
stride: 15, label: ""width""
size: 5
stride: 5]",0,7.0,-0.030053691938519478,0.07083971053361893,0.2761783301830292,0.011657214723527431,8.0,0.006829998455941677,0.07143475860357285,0.29082831740379333,0.6171989440917969,6.0,-0.06929543614387512,0.07226195186376572,0.2877518832683563,-0.4530040919780731
1692309332.4556115,"[label: ""height""
size: 3
stride: 15, label: ""width""
size: 5
stride: 5]",0,7.0,-0.026683775708079338,0.0707220733165741,0.27734309434890747,0.09101932495832443,6.0,-0.06567838788032532,0.07171007990837097,0.28740566968917847,-0.44197776913642883,8.0,0.009916720911860466,0.07107795774936676,0.2906927466392517,0.606897234916687
1692309332.5617597,"[label: ""height""
size: 3
stride: 15, label: ""width""
size: 5
stride: 5]",0,7.0,-0.023116957396268845,0.07046535611152649,0.28046321868896484,0.05754242092370987,6.0,-0.061988066881895065,0.07128310948610306,0.2899903655052185,-0.43958979845046997,8.0,0.013698574155569077,0.07114684581756592,0.29558756947517395,0.6191290020942688
1692309332.6514502,"[label: ""height""
size: 3
stride: 15, label: ""width""
size: 5
stride: 5]",0,7.0,-0.018966354429721832,0.07148873805999756,0.2816029191017151,0.03621354699134827,6.0,-0.05803753435611725,0.0728621631860733,0.29345065355300903,-0.4463905394077301,8.0,0.017797453328967094,0.0722300112247467,0.29754287004470825,0.6087040305137634
1692309332.7558255,"[label: ""height""
size: 3
stride: 15, label: ""width""
size: 5
stride: 5]",0,7.0,-0.015224588103592396,0.07108749449253082,0.2851792275905609,0.04759715497493744,6.0,-0.05346434935927391,0.07120692729949951,0.2920916676521301,-0.4388575553894043,8.0,0.021875040605664253,0.07175648212432861,0.3001527488231659,0.6076082587242126
1692309332.85171,"[label: ""height""
size: 3
stride: 15, label: ""width""
size: 5
stride: 5]",0,7.0,-0.010912705212831497,0.07187066972255707,0.288531094789505,0.04917766526341438,6.0,-0.0493767112493515,0.0715644359588623,0.294082909822464,-0.45336583256721497,8.0,0.025847354903817177,0.0715574100613594,0.29924923181533813,0.5881096720695496
1692309332.9601395,"[label: ""height""
size: 3
stride: 15, label: ""width""
size: 5
stride: 5]",0,7.0,-0.005293621681630611,0.07159174233675003,0.28834283351898193,-0.004931352566927671,6.0,-0.043577246367931366,0.07209112495183945,0.2971928119659424,-0.4782480001449585,8.0,0.03186744451522827,0.07230302691459656,0.3018858730792999,0.5725633502006531
1692309333.0519633,"[label: ""height""
size: 3
stride: 15, label: ""width""
size: 5
stride: 5]",0,7.0,-0.0022494744043797255,0.0722251683473587,0.2925994396209717,2.136535113095306e-05,6.0,-0.040659692138433456,0.07246369123458862,0.30181071162223816,-0.4783276617527008,8.0,0.035305626690387726,0.07216811925172806,0.3027871251106262,0.569847822189331
1692309333.154466,"[label: ""height""
size: 3
stride: 15, label: ""width""
size: 5
stride: 5]",0,7.0,0.00258238916285336,0.07043161243200302,0.290671706199646,-0.06135442480444908,8.0,0.04051799327135086,0.07117464393377304,0.30387911200523376,0.5403810739517212,6.0,-0.035166412591934204,0.0712185725569725,0.3033513128757477,-0.5115509629249573
1692309333.2571652,"[label: ""height""
size: 3
stride: 15, label: ""width""
size: 5
stride: 5]",0,7.0,0.007786300498992205,0.0716950073838234,0.29278329014778137,-0.03560097515583038,8.0,0.04565691202878952,0.07206550985574722,0.30339473485946655,0.5060023665428162,6.0,-0.030065441504120827,0.07311828434467316,0.30825984477996826,-0.5643157958984375
1692309333.35626,"[label: ""height""
size: 3
stride: 15, label: ""width""
size: 5
stride: 5]",0,7.0,0.015319552272558212,0.07219365239143372,0.2964071035385132,-0.1245320662856102,8.0,0.05413376912474632,0.07294940948486328,0.30658143758773804,0.4473233222961426,6.0,-0.02161528170108795,0.07266775518655777,0.3100879490375519,-0.5806381106376648
1692309333.4569087,"[label: ""height""
size: 3
stride: 15, label: ""width""
size: 5
stride: 5]",0,7.0,0.0191983450204134,0.07296077162027359,0.30339330434799194,-0.21732033789157867,8.0,0.05898801237344742,0.07323838025331497,0.3110084533691406,0.46621793508529663,6.0,-0.01800333708524704,0.0740569606423378,0.32057520747184753,-0.6337851881980896
1692309333.5596344,"[label: ""height""
size: 3
stride: 15, label: ""width""
size: 5
stride: 5]",0,7.0,0.02552149072289467,0.07214008271694183,0.30173859000205994,-0.21537980437278748,8.0,0.0651155486702919,0.07256999611854553,0.30870917439460754,0.43864625692367554,6.0,-0.010821597650647163,0.07234075665473938,0.31707167625427246,-0.691245973110199
1692309333.6551821,"[label: ""height""
size: 3
stride: 15, label: ""width""
size: 5
stride: 5]",0,7.0,0.03015574999153614,0.07195747643709183,0.3013562262058258,-0.23978924751281738,8.0,0.07085416465997696,0.07356872409582138,0.3113158047199249,0.3788338303565979,6.0,-0.005453753285109997,0.07328549027442932,0.3224100172519684,-0.7335384488105774
1692309333.7576125,"[label: ""height""
size: 3
stride: 15, label: ""width""
size: 5
stride: 5]",0,7.0,0.03610575944185257,0.0724928006529808,0.3059711754322052,-0.2738563120365143,8.0,0.07592528313398361,0.07258030027151108,0.30867835879325867,0.3415633738040924,6.0,0.000903244421351701,0.07361146807670593,0.32739073038101196,-0.7591883540153503
1692309333.851452,"[label: ""height""
size: 3
stride: 15, label: ""width""
size: 5
stride: 5]",0,7.0,0.04100053384900093,0.07048182934522629,0.30319473147392273,-0.260433167219162,6.0,0.0069022332318127155,0.07175594568252563,0.3261996805667877,-0.7479807734489441,8.0,0.08267813175916672,0.07246507704257965,0.3124585449695587,0.25754302740097046
1692309333.957976,"[label: ""height""
size: 3
stride: 15, label: ""width""
size: 5
stride: 5]",0,8.0,0.08617810904979706,0.07228241115808487,0.3084392547607422,0.27209100127220154,7.0,0.045971039682626724,0.07149575650691986,0.3053484261035919,-0.3454607427120209,6.0,0.012473033741116524,0.07356298714876175,0.33204200863838196,-0.813725471496582
1692309334.048944,"[label: ""height""
size: 3
stride: 15, label: ""width""
size: 5
stride: 5]",0,8.0,0.09125971049070358,0.07150334864854813,0.30877673625946045,0.18007516860961914,7.0,0.05055984854698181,0.07078485190868378,0.30640745162963867,-0.30675241351127625,6.0,0.017709940671920776,0.0724891945719719,0.3333955407142639,-0.825364351272583
1692309334.1511383,"[label: ""height""
size: 3
stride: 15, label: ""width""
size: 5
stride: 5]",0,8.0,0.09423146396875381,0.07095269858837128,0.3057780861854553,0.14684854447841644,7.0,0.05338801071047783,0.0696277990937233,0.30138736963272095,-0.34612780809402466,6.0,0.02210480161011219,0.0718926340341568,0.331868439912796,-0.8557504415512085
1692309334.2505808,"[label: ""height""
size: 3
stride: 15, label: ""width""
size: 5
stride: 5]",0,8.0,0.09858182072639465,0.07170803099870682,0.30966252088546753,0.1309637427330017,7.0,0.057060420513153076,0.06996256858110428,0.3045084774494171,-0.3505059480667114,6.0,0.026168396696448326,0.07240752875804901,0.3368055820465088,-0.8648694753646851
1692309334.3558059,"[label: ""height""
size: 3
stride: 15, label: ""width""
size: 5
stride: 5]",0,8.0,0.10058484226465225,0.07144137471914291,0.30843549966812134,0.1218254417181015,7.0,0.0598430261015892,0.07033010572195053,0.306667298078537,-0.36433902382850647,6.0,0.029285650700330734,0.07232851535081863,0.33775249123573303,-0.8926854133605957
1692309334.4583032,"[label: ""height""
size: 3
stride: 15, label: ""width""
size: 5
stride: 5]",0,8.0,0.10303578525781631,0.07148750871419907,0.30864277482032776,0.10129931569099426,7.0,0.061807069927453995,0.07004266232252121,0.3053687810897827,-0.4005619287490845,6.0,0.03202822431921959,0.07245174795389175,0.3389403522014618,-0.9093841314315796
1692309334.5595398,"[label: ""height""
size: 3
stride: 15, label: ""width""
size: 5
stride: 5]",0,8.0,0.10473554581403732,0.0715072825551033,0.30919182300567627,0.09771900624036789,7.0,0.06366564333438873,0.07004809379577637,0.3070131540298462,-0.3856399953365326,6.0,0.034048307687044144,0.07305976003408432,0.34243717789649963,-0.9043460488319397
1692309334.6595926,"[label: ""height""
size: 3
stride: 15, label: ""width""
size: 5
stride: 5]",0,8.0,0.1063917875289917,0.0711071640253067,0.3073580861091614,0.10886145383119583,7.0,0.06626073271036148,0.07028177380561829,0.3074152171611786,-0.393566370010376,6.0,0.03654249384999275,0.0730142667889595,0.3422074615955353,-0.8907856345176697
1692309334.7603726,"[label: ""height""
size: 3
stride: 15, label: ""width""
size: 5
stride: 5]",0,8.0,0.10859645158052444,0.07112297415733337,0.3093009293079376,0.12442617118358612,7.0,0.06826856732368469,0.07036376744508743,0.30916422605514526,-0.413787305355072,6.0,0.03782867640256882,0.07186055183410645,0.33875972032546997,-0.906774640083313
1692309334.8548028,"[label: ""height""
size: 3
stride: 15, label: ""width""
size: 5
stride: 5]",0,8.0,0.11053992807865143,0.07132259756326675,0.3083442449569702,0.1299159973859787,7.0,0.07065539807081223,0.07085499167442322,0.3100201487541199,-0.36994075775146484,6.0,0.04015177860856056,0.07259821146726608,0.3396547734737396,-0.8890349864959717
1692309334.9520464,"[label: ""height""
size: 3
stride: 15, label: ""width""
size: 5
stride: 5]",0,8.0,0.11302627623081207,0.07088775932788849,0.31028667092323303,0.14409787952899933,7.0,0.07278715819120407,0.07044440507888794,0.310467928647995,-0.37581443786621094,6.0,0.04163188859820366,0.07174564898014069,0.33817771077156067,-0.8763506412506104
1692309335.049026,"[label: ""height""
size: 3
stride: 15, label: ""width""
size: 5
stride: 5]",0,8.0,0.11499987542629242,0.07169406861066818,0.31006038188934326,0.17347876727581024,7.0,0.07472176849842072,0.07085143029689789,0.3088189363479614,-0.32243916392326355,6.0,0.043972525745630264,0.07359936833381653,0.34231477975845337,-0.8565986752510071
1692309335.1526446,"[label: ""height""
size: 3
stride: 15, label: ""width""
size: 5
stride: 5]",0,8.0,0.11910589784383774,0.07115750759840012,0.31319934129714966,0.16649259626865387,7.0,0.0773928165435791,0.0699678361415863,0.30940842628479004,-0.32957708835601807,6.0,0.046419721096754074,0.07237350940704346,0.3417879045009613,-0.8426846265792847
1692309335.2543585,"[label: ""height""
size: 3
stride: 15, label: ""width""
size: 5
stride: 5]",0,8.0,0.12172088772058487,0.07242614030838013,0.3143133819103241,0.1713063269853592,7.0,0.07991297543048859,0.07083719968795776,0.3094341456890106,-0.35084068775177,6.0,0.048927512019872665,0.07348120957612991,0.34172460436820984,-0.8266550898551941
1692309335.3556402,"[label: ""height""
size: 3
stride: 15, label: ""width""
size: 5
stride: 5]",0,8.0,0.12391457706689835,0.0706646740436554,0.3132925033569336,0.1995038539171219,7.0,0.08230111002922058,0.0690918117761612,0.30835574865341187,-0.3314383029937744,6.0,0.051314979791641235,0.07128600031137466,0.33998245000839233,-0.8300560116767883
1692309335.4560378,"[label: ""height""
size: 3
stride: 15, label: ""width""
size: 5
stride: 5]",0,8.0,0.12530624866485596,0.07131502032279968,0.31227684020996094,0.20146544277668,7.0,0.08449031412601471,0.07023444026708603,0.3089688718318939,-0.3313901126384735,6.0,0.05333643779158592,0.07231883704662323,0.3395784795284271,-0.8259258270263672
1692309335.5567217,"[label: ""height""
size: 3
stride: 15, label: ""width""
size: 5
stride: 5]",0,8.0,0.12902013957500458,0.0703350231051445,0.31416112184524536,0.20224937796592712,7.0,0.08738958090543747,0.0687127485871315,0.30943185091018677,-0.34936389327049255,6.0,0.05586886405944824,0.06987256556749344,0.33649367094039917,-0.8476641774177551
1692309335.651401,"[label: ""height""
size: 3
stride: 15, label: ""width""
size: 5
stride: 5]",0,8.0,0.13207292556762695,0.07122522592544556,0.3135092258453369,0.1775195449590683,7.0,0.09019400924444199,0.0693511813879013,0.3082036077976227,-0.35012516379356384,6.0,0.05948992818593979,0.07180984318256378,0.3398219347000122,-0.8461252450942993
1692309335.7568414,"[label: ""height""
size: 3
stride: 15, label: ""width""
size: 5
stride: 5]",0,8.0,0.13540610671043396,0.0701952800154686,0.3135010600090027,0.17516520619392395,7.0,0.09275670349597931,0.06821426004171371,0.30713123083114624,-0.36388057470321655,6.0,0.0624983087182045,0.07006717473268509,0.33808407187461853,-0.8644118309020996
1692309335.8492649,"[label: ""height""
size: 3
stride: 15, label: ""width""
size: 5
stride: 5]",0,8.0,0.1384696364402771,0.07070101052522659,0.31346452236175537,0.17253002524375916,7.0,0.09671184420585632,0.06933581084012985,0.31051185727119446,-0.36260730028152466,6.0,0.06649790704250336,0.07148043066263199,0.34294393658638,-0.8566724061965942
1692309335.951818,"[label: ""height""
size: 3
stride: 15, label: ""width""
size: 5
stride: 5]",0,8.0,0.1400706022977829,0.07065281271934509,0.31275781989097595,0.1608835607767105,7.0,0.09867432713508606,0.06940992176532745,0.31039220094680786,-0.39831221103668213,6.0,0.06882832944393158,0.07129307091236115,0.34199532866477966,-0.8690111041069031
1692309336.0513682,"[label: ""height""
size: 2
stride: 10, label: ""width""
size: 5
stride: 5]",0,7.0,0.10065147280693054,0.06814991682767868,0.3096880316734314,-0.34742939472198486,6.0,0.07133952528238297,0.07029414176940918,0.34262794256210327,-0.887762188911438
1692309336.1525455,"[label: ""height""
size: 3
stride: 15, label: ""width""
size: 5
stride: 5]",0,7.0,0.10266200453042984,0.06891965121030807,0.31048837304115295,-0.3809552788734436,6.0,0.0725298523902893,0.070384182035923,0.3397148847579956,-0.8927722573280334,0.0,0.17731626331806183,0.09744957834482193,1.2606563568115234,0.36124637722969055
1692309336.2506993,"[label: ""height""
size: 3
stride: 15, label: ""width""
size: 5
stride: 5]",0,7.0,0.10380272567272186,0.06734191626310349,0.31066370010375977,-0.3120002746582031,6.0,0.07433082908391953,0.06921381503343582,0.34284913539886475,-0.8847443461418152,0.0,0.1699141561985016,0.09434743970632553,1.296159029006958,-0.4949984550476074
1692309336.3564658,"[label: ""height""
size: 2
stride: 10, label: ""width""
size: 5
stride: 5]",0,7.0,0.10344170778989792,0.06831175088882446,0.3104558289051056,-0.3509487509727478,6.0,0.07387372106313705,0.07018095254898071,0.3420429527759552,-0.88665771484375
1692309336.4596202,"[label: ""height""
size: 3
stride: 15, label: ""width""
size: 5
stride: 5]",0,7.0,0.10290937125682831,0.06814176589250565,0.3103419840335846,-0.3364056646823883,0.0,0.14444458484649658,0.10022790729999542,1.3391282558441162,0.254512220621109,6.0,0.07434780150651932,0.07088232040405273,0.34679073095321655,-0.8672370910644531
1692309336.561262,"[label: ""height""
size: 3
stride: 15, label: ""width""
size: 5
stride: 5]",0,7.0,0.10323567688465118,0.06771713495254517,0.3105680048465729,-0.33875730633735657,6.0,0.07342752069234848,0.0697217509150505,0.3425593078136444,-0.8572611212730408,0.0,0.12490987032651901,0.09854553639888763,1.2956092357635498,0.33992838859558105
1692309336.6672063,"[label: ""height""
size: 2
stride: 10, label: ""width""
size: 5
stride: 5]",0,7.0,0.10334517806768417,0.0686403438448906,0.31273892521858215,-0.3157899081707001,6.0,0.07257866859436035,0.07015001028776169,0.34186679124832153,-0.8441653847694397
1692309336.7618825,"[label: ""height""
size: 2
stride: 10, label: ""width""
size: 5
stride: 5]",0,7.0,0.10280204564332962,0.06820584833621979,0.3118194341659546,-0.29654258489608765,6.0,0.07153967022895813,0.06966975331306458,0.34026962518692017,-0.8356056809425354
1692309336.8582196,"[label: ""height""
size: 2
stride: 10, label: ""width""
size: 5
stride: 5]",0,7.0,0.10234788805246353,0.06760114431381226,0.3101852536201477,-0.33756759762763977,6.0,0.07117350399494171,0.06958924978971481,0.3398416042327881,-0.8095467686653137
1692309336.9579706,"[label: ""height""
size: 3
stride: 15, label: ""width""
size: 5
stride: 5]",0,7.0,0.10233520716428757,0.06756321340799332,0.309959352016449,-0.27472782135009766,6.0,0.07156295329332352,0.07011443376541138,0.3416680097579956,-0.8009926676750183,0.0,0.04723864048719406,0.09853436797857285,1.2954622507095337,-0.589165449142456
1692309337.055346,"[label: ""height""
size: 2
stride: 10, label: ""width""
size: 5
stride: 5]",0,7.0,0.10232999920845032,0.0680663138628006,0.30993929505348206,-0.27329763770103455,6.0,0.0705687627196312,0.06995780020952225,0.33828234672546387,-0.7865654826164246
1692309337.1566272,"[label: ""height""
size: 2
stride: 10, label: ""width""
size: 5
stride: 5]",0,7.0,0.10265517234802246,0.06732413917779922,0.3112325668334961,-0.2494221031665802,6.0,0.07014439254999161,0.06871318817138672,0.3375566005706787,-0.7603305578231812
1692309337.2573967,"[label: ""height""
size: 3
stride: 15, label: ""width""
size: 5
stride: 5]",0,8.0,0.14332765340805054,0.07004599273204803,0.31696242094039917,0.27608397603034973,7.0,0.10248877853155136,0.06908775120973587,0.31239980459213257,-0.29213133454322815,6.0,0.06966880708932877,0.07074140757322311,0.3385574221611023,-0.7366980314254761
1692309337.3593009,"[label: ""height""
size: 3
stride: 15, label: ""width""
size: 5
stride: 5]",0,7.0,0.10388679057359695,0.06905093789100647,0.3127307891845703,-0.2834256589412689,6.0,0.07033161073923111,0.06962382793426514,0.33519336581230164,-0.7600836753845215,0.0,-0.021153127774596214,0.09539932757616043,1.2609031200408936,-0.46524715423583984
1692309337.46147,"[label: ""height""
size: 3
stride: 15, label: ""width""
size: 5
stride: 5]",0,7.0,0.10455621033906937,0.0684492439031601,0.31056323647499084,-0.28917035460472107,6.0,0.0715765580534935,0.06950582563877106,0.3345855176448822,-0.7387097477912903,0.0,-0.03248706832528114,0.09539403766393661,1.2608226537704468,-0.308991938829422
1692309337.559193,"[label: ""height""
size: 3
stride: 15, label: ""width""
size: 5
stride: 5]",0,7.0,0.10590562224388123,0.06934882700443268,0.3088398277759552,-0.25385719537734985,6.0,0.07352980226278305,0.07075575739145279,0.3353506028652191,-0.7258732914924622,0.0,-0.037568338215351105,0.09304512292146683,1.1911383867263794,-0.5473124384880066
1692309337.6569097,"[label: ""height""
size: 3
stride: 15, label: ""width""
size: 5
stride: 5]",0,0.0,-0.041858576238155365,0.0930325910449028,1.2230690717697144,0.5153725743293762,7.0,0.11034263670444489,0.07013014703989029,0.31445008516311646,-0.325436532497406,6.0,0.0764063373208046,0.07099788635969162,0.3371591567993164,-0.757860004901886
1692309337.752118,"[label: ""height""
size: 3
stride: 15, label: ""width""
size: 5
stride: 5]",0,7.0,0.10948152840137482,0.06852522492408752,0.3045375347137451,-0.3069206774234772,6.0,0.07856917381286621,0.0708431750535965,0.33579522371292114,-0.7431740760803223,0.0,-0.04694995656609535,0.09746870398521423,1.2609429359436035,-0.29833468794822693
1692309337.8529925,"[label: ""height""
size: 3
stride: 15, label: ""width""
size: 5
stride: 5]",0,6.0,0.08108805119991302,0.07118254154920578,0.33158639073371887,-0.7798770070075989,0.0,-0.04537911340594292,0.09500718861818314,1.191279649734497,-0.5409060716629028,7.0,0.1151733249425888,0.07124512642621994,0.31075242161750793,-0.2973492443561554
1692309337.9537418,"[label: ""height""
size: 3
stride: 15, label: ""width""
size: 5
stride: 5]",0,7.0,0.11598540097475052,0.0684395581483841,0.30271539092063904,-0.33225536346435547,6.0,0.08436845988035202,0.06953330338001251,0.3295900523662567,-0.7747817039489746,0.0,-0.0453677698969841,0.09108252078294754,1.1909786462783813,-0.5414330363273621
1692309338.0516777,"[label: ""height""
size: 3
stride: 15, label: ""width""
size: 5
stride: 5]",0,7.0,0.11802254617214203,0.06918738037347794,0.30204373598098755,-0.26546987891197205,6.0,0.08664790540933609,0.07070674002170563,0.330056369304657,-0.7812977433204651,0.0,-0.05256335437297821,0.09598246216773987,1.2224489450454712,-0.49354997277259827
1692309338.1534002,"[label: ""height""
size: 2
stride: 10, label: ""width""
size: 5
stride: 5]",0,7.0,0.11910569667816162,0.07042290270328522,0.3054000437259674,-0.2510140538215637,6.0,0.08650411665439606,0.07107719033956528,0.33005663752555847,-0.8248834013938904
1692309338.2517679,"[label: ""height""
size: 2
stride: 10, label: ""width""
size: 5
stride: 5]",0,6.0,0.08319775015115738,0.06963138282299042,0.32765358686447144,-0.7676646709442139,7.0,0.11658189445734024,0.06952393054962158,0.3054124414920807,-0.27665257453918457
1692309338.3584409,"[label: ""height""
size: 2
stride: 10, label: ""width""
size: 5
stride: 5]",0,7.0,0.11143693327903748,0.06841433793306351,0.2987019121646881,-0.27709320187568665,6.0,0.0799139142036438,0.06962355971336365,0.3263282775878906,-0.7914977669715881
1692309338.458278,"[label: ""height""
size: 2
stride: 10, label: ""width""
size: 5
stride: 5]",0,7.0,0.1064729392528534,0.06788989901542664,0.2994961440563202,-0.26517635583877563,6.0,0.0746777206659317,0.06956478953361511,0.3278595209121704,-0.7324568033218384
1692309338.559806,"[label: ""height""
size: 2
stride: 10, label: ""width""
size: 5
stride: 5]",0,7.0,0.10436639934778214,0.07113418728113174,0.30798041820526123,-0.23559418320655823,6.0,0.07018771767616272,0.07161857932806015,0.33134233951568604,-0.7674180865287781
1692309338.6663458,"[label: ""height""
size: 3
stride: 15, label: ""width""
size: 5
stride: 5]",0,8.0,0.1388472616672516,0.07067879289388657,0.3089144229888916,0.33646658062934875,7.0,0.09916534274816513,0.07059811800718307,0.30780690908432007,-0.20924891531467438,6.0,0.06468413770198822,0.07099051028490067,0.3309089243412018,-0.7488672733306885
1692309338.759854,"[label: ""height""
size: 3
stride: 15, label: ""width""
size: 5
stride: 5]",0,8.0,0.1325814574956894,0.07219734787940979,0.31170520186424255,0.3676508963108063,7.0,0.09198914468288422,0.07086481899023056,0.3076527714729309,-0.4176144003868103,6.0,0.057453908026218414,0.0724424496293068,0.33131876587867737,-0.7167826294898987
1692309338.8577223,"[label: ""height""
size: 3
stride: 15, label: ""width""
size: 5
stride: 5]",0,8.0,0.12564420700073242,0.07128149271011353,0.312197744846344,0.39609211683273315,7.0,0.08622890710830688,0.07083425670862198,0.3091997802257538,-0.17553667724132538,6.0,0.05006636306643486,0.07110276073217392,0.32822540402412415,-0.6930156946182251
1692309338.9584079,"[label: ""height""
size: 3
stride: 15, label: ""width""
size: 5
stride: 5]",0,7.0,0.0768536627292633,0.0696571096777916,0.29830724000930786,-0.14665785431861877,8.0,0.11850037425756454,0.07237491756677628,0.3125334680080414,0.43584543466567993,6.0,0.04212455078959465,0.07134304940700531,0.3219779431819916,-0.654559850692749
1692309339.0554,"[label: ""height""
size: 3
stride: 15, label: ""width""
size: 5
stride: 5]",0,7.0,0.0715937539935112,0.0696958675980568,0.2995660603046417,-0.091187983751297,8.0,0.11203738301992416,0.07171009480953217,0.3130398392677307,0.46575090289115906,6.0,0.036097876727581024,0.07125048339366913,0.3210175633430481,-0.6218822002410889
1692309339.1564333,"[label: ""height""
size: 3
stride: 15, label: ""width""
size: 5
stride: 5]",0,7.0,0.0682675912976265,0.07135938853025436,0.30003613233566284,-0.09018028527498245,8.0,0.10731931030750275,0.07301433384418488,0.3115781843662262,0.5066034197807312,6.0,0.031431134790182114,0.07214557379484177,0.3161218464374542,-0.5411756038665771
1692309339.2581413,"[label: ""height""
size: 4
stride: 20, label: ""width""
size: 5
stride: 5]",0,7.0,0.06473208218812943,0.07069551944732666,0.2987872064113617,-0.03849879652261734,8.0,0.10252204537391663,0.07160013169050217,0.30937257409095764,0.5577539801597595,6.0,0.027212344110012054,0.07120990753173828,0.31199902296066284,-0.48289430141448975,3.0,-0.05784912779927254,0.08692946285009384,0.7538070678710938,0.33029705286026
1692309339.3583965,"[label: ""height""
size: 3
stride: 15, label: ""width""
size: 5
stride: 5]",0,7.0,0.06226431950926781,0.07079334557056427,0.29661834239959717,0.027459848672151566,8.0,0.10006195306777954,0.07274476438760757,0.31156840920448303,0.6024672985076904,6.0,0.024200107902288437,0.07107127457857132,0.3076651096343994,-0.45019763708114624
1692309339.4640613,"[label: ""height""
size: 4
stride: 20, label: ""width""
size: 5
stride: 5]",0,7.0,0.060540571808815,0.07048841565847397,0.2944587767124176,0.08245578408241272,8.0,0.09754001349210739,0.07189483940601349,0.30961716175079346,0.6378417611122131,6.0,0.022060226649045944,0.0704960823059082,0.3023040294647217,-0.409659206867218,3.0,-0.08846508711576462,0.08382581919431686,0.7265881896018982,0.39614948630332947
1692309339.5601704,"[label: ""height""
size: 4
stride: 20, label: ""width""
size: 5
stride: 5]",0,7.0,0.06091437116265297,0.07198315858840942,0.2961393892765045,0.11284859478473663,6.0,0.02133660390973091,0.0709599182009697,0.29902949929237366,-0.3914377987384796,8.0,0.09778063744306564,0.0732690691947937,0.31284669041633606,0.6659433245658875,3.0,-0.10163047909736633,0.08712716400623322,0.7367425560951233,0.0013768558856099844
1692309339.6630323,"[label: ""height""
size: 5
stride: 25, label: ""width""
size: 5
stride: 5]",0,7.0,0.06119376793503761,0.07177602499723434,0.2919873893260956,0.17006435990333557,6.0,0.02193652093410492,0.07093300670385361,0.2937760651111603,-0.35994940996170044,8.0,0.09729491919279099,0.07325024157762527,0.310063898563385,0.6963666677474976,3.0,-0.10439658164978027,0.08380106836557388,0.7014788389205933,0.29811587929725647,0.0,-0.4772634506225586,0.09374868124723434,0.9965153932571411,1.241865634918213
1692309339.7631469,"[label: ""height""
size: 6
stride: 30, label: ""width""
size: 5
stride: 5]",0,7.0,0.062080018222332,0.07001584023237228,0.28768619894981384,0.186468705534935,6.0,0.022829564288258553,0.06929958611726761,0.28997063636779785,-0.3608778715133667,8.0,0.09708018600940704,0.07113700360059738,0.305396169424057,0.7506181001663208,3.0,-0.11131756752729416,0.0804513618350029,0.7008774876594543,0.012051418423652649,4.0,-0.07909908890724182,0.08368070423603058,0.7388789057731628,-0.5888172388076782,0.0,-0.4917490780353546,0.08955629169940948,0.9952934980392456,1.1788122653961182
1692309339.86202,"[label: ""height""
size: 6
stride: 30, label: ""width""
size: 5
stride: 5]",0,7.0,0.06532903760671616,0.07160098105669022,0.28842684626579285,0.20759716629981995,6.0,0.02568686380982399,0.07037054747343063,0.28704607486724854,-0.31789472699165344,8.0,0.10066568851470947,0.0728699341416359,0.3079812824726105,0.7548410892486572,3.0,-0.11233536899089813,0.08222450315952301,0.691248893737793,0.020221993327140808,4.0,-0.08217334747314453,0.08615168929100037,0.7393179535865784,-0.5848988890647888,0.0,-0.50008225440979,0.09284873306751251,0.9956523776054382,1.1884912252426147
1692309339.961585,"[label: ""height""
size: 6
stride: 30, label: ""width""
size: 5
stride: 5]",0,7.0,0.06756323575973511,0.07254157960414886,0.2874137759208679,0.19701524078845978,6.0,0.027734262868762016,0.07099632173776627,0.2838851809501648,-0.3033055067062378,8.0,0.10117863863706589,0.07278772443532944,0.3034750521183014,0.788357675075531,3.0,-0.11781840026378632,0.08554143458604813,0.714181661605835,0.01931142248213291,4.0,-0.08340246230363846,0.08738130331039429,0.7394800782203674,-0.5830737948417664,0.0,-0.5217158794403076,0.09642579406499863,1.0206584930419922,-0.18879097700119019
1692309340.053553,"[label: ""height""
size: 6
stride: 30, label: ""width""
size: 5
stride: 5]",0,7.0,0.06904026865959167,0.07198114693164825,0.28468915820121765,0.21386677026748657,6.0,0.028849666938185692,0.07015589624643326,0.27999287843704224,-0.28930267691612244,8.0,0.10295145213603973,0.07281307876110077,0.3035912811756134,0.7987481355667114,3.0,-0.11905734986066818,0.08328653872013092,0.7024609446525574,-0.00045136685366742313,4.0,-0.08702291548252106,0.08615759760141373,0.7393656373023987,-0.5794332027435303,0.0,-0.5069876909255981,0.0912783071398735,0.9746105074882507,-0.3002193868160248
1692309340.1616843,"[label: ""height""
size: 5
stride: 25, label: ""width""
size: 5
stride: 5]",0,7.0,0.06891725212335587,0.07327940315008163,0.28166449069976807,0.2479143738746643,6.0,0.029466720297932625,0.07194718718528748,0.27999451756477356,-0.24573953449726105,8.0,0.1026216521859169,0.07408278435468674,0.3011684715747833,0.8156116604804993,3.0,-0.11994856595993042,0.08499724417924881,0.6902578473091125,0.349356472492218,4.0,-0.08892499655485153,0.08820619434118271,0.7285613417625427,0.850520133972168
1692309340.256809,"[label: ""height""
size: 5
stride: 25, label: ""width""
size: 5
stride: 5]",0,7.0,0.06689129024744034,0.07306397706270218,0.2769559621810913,0.27839940786361694,6.0,0.027753474190831184,0.07235976308584213,0.27597576379776,-0.2846869230270386,8.0,0.10110597312450409,0.07469896972179413,0.2992378771305084,0.8282653093338013,3.0,-0.12781444191932678,0.08753582835197449,0.7039400935173035,0.3373764455318451,4.0,-0.09433990716934204,0.08943759649991989,0.7288944721221924,0.9070338010787964
1692309340.359622,"[label: ""height""
size: 5
stride: 25, label: ""width""
size: 5
stride: 5]",0,7.0,0.06671437621116638,0.07328620553016663,0.2772619426250458,0.2500110864639282,6.0,0.02690942771732807,0.07155415415763855,0.272696316242218,-0.23424570262432098,8.0,0.10083895921707153,0.07459582388401031,0.29879820346832275,0.8220309615135193,3.0,-0.1312904953956604,0.08600681275129318,0.6940170526504517,-0.039892978966236115,4.0,-0.10064692795276642,0.09025149047374725,0.7379044890403748,0.8790088891983032
1692309340.4619453,"[label: ""height""
size: 5
stride: 25, label: ""width""
size: 5
stride: 5]",0,7.0,0.06355626881122589,0.074004627764225,0.2728537917137146,0.2706737518310547,6.0,0.0242200568318367,0.07292007654905319,0.26984480023384094,-0.2075640708208084,8.0,0.09796635806560516,0.07623403519392014,0.29713621735572815,0.8378667235374451,3.0,-0.13759493827819824,0.08924207836389542,0.6924355626106262,0.43646061420440674,4.0,-0.105111263692379,0.09035900980234146,0.7149037718772888,0.969714879989624
1692309340.566299,"[label: ""height""
size: 5
stride: 25, label: ""width""
size: 5
stride: 5]",0,7.0,0.06011691316962242,0.07290064543485641,0.268765926361084,0.3151254653930664,6.0,0.02145005390048027,0.07322283089160919,0.27003976702690125,-0.22971995174884796,8.0,0.09370958060026169,0.07491099089384079,0.2929309904575348,0.851481020450592,3.0,-0.14763478934764862,0.08833540230989456,0.6945778727531433,-0.09092745929956436,4.0,-0.11666212975978851,0.090952068567276,0.7266461849212646,0.9470884799957275
1692309340.6606905,"[label: ""height""
size: 5
stride: 25, label: ""width""
size: 5
stride: 5]",0,7.0,0.057271283119916916,0.07428519427776337,0.2698860168457031,0.31636127829551697,6.0,0.017732936888933182,0.07310764491558075,0.2670266032218933,-0.20414121448993683,8.0,0.09082701057195663,0.07596313953399658,0.2932950258255005,0.8516563773155212,3.0,-0.15457861125469208,0.08791481703519821,0.68001788854599,0.552286684513092,4.0,-0.12588860094547272,0.0911475345492363,0.7165166139602661,0.9986335039138794
1692309340.7685344,"[label: ""height""
size: 5
stride: 25, label: ""width""
size: 5
stride: 5]",0,7.0,0.053243689239025116,0.07424524426460266,0.266874760389328,0.30588507652282715,6.0,0.01414456870406866,0.07338660210371017,0.26378291845321655,-0.2207670658826828,8.0,0.08613846451044083,0.07546926289796829,0.28962039947509766,0.8673076629638672,3.0,-0.16313153505325317,0.08829792588949203,0.6727688908576965,-0.12460058182477951,4.0,-0.13346752524375916,0.09078920632600784,0.7023795247077942,1.0552600622177124
1692309340.8723252,"[label: ""height""
size: 5
stride: 25, label: ""width""
size: 5
stride: 5]",0,7.0,0.05042438581585884,0.07336916029453278,0.2645763158798218,0.3274581730365753,6.0,0.01148437149822712,0.0726332738995552,0.26140496134757996,-0.18340153992176056,8.0,0.08315571397542953,0.07490265369415283,0.28791531920433044,0.8835009932518005,3.0,-0.1742047667503357,0.08881624788045883,0.6782998442649841,0.5004913806915283,4.0,-0.14369960129261017,0.08973992615938187,0.7031981945037842,1.04922354221344
1692309340.9652214,"[label: ""height""
size: 4
stride: 20, label: ""width""
size: 5
stride: 5]",0,6.0,0.008530369959771633,0.07288332283496857,0.2596406936645508,-0.18592873215675354,7.0,0.047441963106393814,0.07346712797880173,0.2630104124546051,0.3330998420715332,8.0,0.07936092466115952,0.07478135079145432,0.2861180901527405,0.8953584432601929,3.0,-0.18013562262058258,0.08724844455718994,0.6625144481658936,0.6466829180717468
1692309341.0678422,"[label: ""height""
size: 5
stride: 25, label: ""width""
size: 5
stride: 5]",0,6.0,0.006593555212020874,0.07236260175704956,0.25735023617744446,-0.15098261833190918,7.0,0.045518532395362854,0.0731649175286293,0.26237744092941284,0.35308176279067993,8.0,0.07788033038377762,0.07492545247077942,0.28802943229675293,0.9054321646690369,3.0,-0.19109946489334106,0.08778979629278183,0.6684921979904175,0.5566830635070801,4.0,-0.1643776148557663,0.08985737711191177,0.7041724920272827,1.1018812656402588
1692309341.1662283,"[label: ""height""
size: 5
stride: 25, label: ""width""
size: 5
stride: 5]",0,6.0,0.004928252659738064,0.07143288105726242,0.2545236349105835,-0.17308852076530457,7.0,0.04373270645737648,0.07213116437196732,0.2586653530597687,0.37013116478919983,8.0,0.07582804560661316,0.07394358515739441,0.2856144607067108,0.9135201573371887,3.0,-0.19862446188926697,0.08567583560943604,0.6655592918395996,0.11925683915615082,4.0,-0.16700336337089539,0.08534485846757889,0.6819689273834229,1.140562653541565
1692309341.2577534,"[label: ""height""
size: 5
stride: 25, label: ""width""
size: 5
stride: 5]",0,6.0,0.0046356311067938805,0.07124026119709015,0.25408700108528137,-0.1480075567960739,7.0,0.0436847060918808,0.07226771861314774,0.26029595732688904,0.3708481788635254,8.0,0.07534421235322952,0.07357770949602127,0.2860450744628906,0.9354602098464966,3.0,-0.20432521402835846,0.08578459918498993,0.6663712859153748,0.12093807011842728,4.0,-0.17259645462036133,0.08534809201955795,0.6819974780082703,1.1496835947036743
1692309341.3696885,"[label: ""height""
size: 5
stride: 25, label: ""width""
size: 5
stride: 5]",0,6.0,0.005420765373855829,0.07067729532718658,0.2510105073451996,-0.12807823717594147,7.0,0.04427365958690643,0.07174017280340195,0.25799816846847534,0.39533406496047974,8.0,0.07525201141834259,0.07303739339113235,0.28349387645721436,0.9445277452468872,3.0,-0.20569583773612976,0.08317885547876358,0.6557145118713379,0.5634050369262695,4.0,-0.17774048447608948,0.08416080474853516,0.6813918352127075,1.1396211385726929
1692309341.4642658,"[label: ""height""
size: 5
stride: 25, label: ""width""
size: 5
stride: 5]",0,6.0,0.006217440124601126,0.07008862495422363,0.24931569397449493,-0.11312169581651688,7.0,0.044753748923540115,0.07067327946424484,0.2557540833950043,0.42747941613197327,8.0,0.07553675770759583,0.07206506282091141,0.2819829285144806,0.957939088344574,3.0,-0.20400238037109375,0.08100849390029907,0.6387770771980286,0.657647430896759,4.0,-0.1815071851015091,0.0842188224196434,0.6818962097167969,1.1646158695220947
1692309341.5717347,"[label: ""height""
size: 5
stride: 25, label: ""width""
size: 5
stride: 5]",0,6.0,0.007417585235089064,0.07015537470579147,0.249007910490036,-0.1263362467288971,7.0,0.04627574607729912,0.07120554149150848,0.2573016285896301,0.4161841869354248,8.0,0.07598619163036346,0.07151038944721222,0.28029072284698486,0.984001100063324,3.0,-0.20693236589431763,0.07968729734420776,0.6364651322364807,0.58653324842453,4.0,-0.18482384085655212,0.08308706432580948,0.681769073009491,1.1704185009002686
1692309341.6676767,"[label: ""height""
size: 5
stride: 25, label: ""width""
size: 5
stride: 5]",0,6.0,0.009097708389163017,0.06986237317323685,0.2479134500026703,-0.1363721340894699,7.0,0.04793786630034447,0.07072506099939346,0.2559579610824585,0.4378882348537445,8.0,0.07784228771924973,0.07173717021942139,0.28163406252861023,0.9852069616317749,3.0,-0.2071254700422287,0.07971912622451782,0.6307556629180908,0.6254793405532837,4.0,-0.18719778954982758,0.08303158730268478,0.6812808513641357,1.1555628776550293
1692309341.773373,"[label: ""height""
size: 5
stride: 25, label: ""width""
size: 5
stride: 5]",0,6.0,0.01090482622385025,0.06893778592348099,0.2443823516368866,-0.10388142615556717,7.0,0.04961821809411049,0.07044817507266998,0.2548803985118866,0.4384656846523285,8.0,0.0790984109044075,0.07120367139577866,0.2800029218196869,1.001442551612854,3.0,-0.2130020409822464,0.07983363419771194,0.6421550512313843,0.5652119517326355,4.0,-0.1892576366662979,0.08195643126964569,0.6816482543945312,1.1780506372451782
1692309341.870633,"[label: ""height""
size: 5
stride: 25, label: ""width""
size: 5
stride: 5]",0,6.0,0.01186333317309618,0.06916624307632446,0.2454097718000412,-0.0979994386434555,7.0,0.0502433180809021,0.06961093097925186,0.25266262888908386,0.4659269154071808,8.0,0.07893431186676025,0.06998822093009949,0.27703291177749634,1.014908790588379,3.0,-0.2111108899116516,0.07911849021911621,0.631743848323822,0.5155097246170044,4.0,-0.18748493492603302,0.08075778931379318,0.66939377784729,1.157735824584961
1692309341.96222,"[label: ""height""
size: 5
stride: 25, label: ""width""
size: 5
stride: 5]",0,6.0,0.012338552623987198,0.06862419098615646,0.24288399517536163,-0.09581638872623444,7.0,0.05081013962626457,0.06961430609226227,0.25189071893692017,0.4586091935634613,8.0,0.08012253046035767,0.0706457868218422,0.2796062231063843,1.0116734504699707,3.0,-0.21432961523532867,0.07812515646219254,0.6320897340774536,0.5245895981788635,4.0,-0.19191622734069824,0.08025534451007843,0.669914960861206,-0.6239479184150696
1692309342.0612018,"[label: ""height""
size: 5
stride: 25, label: ""width""
size: 5
stride: 5]",0,6.0,0.011900179088115692,0.06847149133682251,0.24369937181472778,-0.08085981756448746,7.0,0.050317950546741486,0.06888068467378616,0.2514735460281372,0.4635656177997589,8.0,0.07964247465133667,0.07016922533512115,0.27952811121940613,1.013181209564209,3.0,-0.2174963653087616,0.07748708128929138,0.6293177604675293,0.5647408962249756,4.0,-0.19801978766918182,0.08043406903743744,0.6782149076461792,1.1808319091796875
1692309342.1620457,"[label: ""height""
size: 5
stride: 25, label: ""width""
size: 5
stride: 5]",0,6.0,0.010617601685225964,0.06847257167100906,0.2417658120393753,-0.0797177329659462,7.0,0.04900706559419632,0.06926841288805008,0.25106361508369446,0.4680718779563904,8.0,0.07788597792387009,0.07016032189130783,0.2781553864479065,1.0185744762420654,3.0,-0.2303818017244339,0.08059488981962204,0.6504193544387817,0.6229951977729797,4.0,-0.20700235664844513,0.08275076001882553,0.690568208694458,1.1544082164764404
1692309342.2610538,"[label: ""height""
size: 5
stride: 25, label: ""width""
size: 5
stride: 5]",0,6.0,0.00927040632814169,0.0674043670296669,0.2416769564151764,-0.04662137106060982,7.0,0.04714038223028183,0.06785328686237335,0.2492436319589615,0.4902685284614563,8.0,0.07648027688264847,0.06921528279781342,0.27801239490509033,1.023018717765808,3.0,-0.23475006222724915,0.07872357219457626,0.6433736085891724,0.5607101917266846,4.0,-0.2075478881597519,0.07857918739318848,0.6695413589477539,1.2107008695602417
1692309342.3619554,"[label: ""height""
size: 5
stride: 25, label: ""width""
size: 5
stride: 5]",0,6.0,0.005694631952792406,0.06811223924160004,0.2411021888256073,-0.044218096882104874,7.0,0.0438009612262249,0.0684799775481224,0.24882075190544128,0.48473232984542847,3.0,-0.23617270588874817,0.07744016498327255,0.6230304837226868,0.8132438063621521,4.0,-0.2101520448923111,0.07783573120832443,0.6496359705924988,1.265994668006897,8.0,0.07325349003076553,0.06996224820613861,0.2791835069656372,1.0378540754318237
1692309342.4612541,"[label: ""height""
size: 5
stride: 25, label: ""width""
size: 5
stride: 5]",0,6.0,0.0027280559297651052,0.06713631749153137,0.24140001833438873,-0.0503656342625618,7.0,0.04068012908101082,0.06737973541021347,0.24898508191108704,0.5014269351959229,8.0,0.06990500539541245,0.06913014501333237,0.27994757890701294,1.0424238443374634,3.0,-0.246436208486557,0.07535268366336823,0.6225028038024902,0.7400960922241211,4.0,-0.220645010471344,0.0756664127111435,0.64925616979599,1.212856411933899
1692309342.5728858,"[label: ""height""
size: 5
stride: 25, label: ""width""
size: 5
stride: 5]",0,7.0,0.03606295958161354,0.06783679127693176,0.24949944019317627,0.4954965114593506,3.0,-0.259358286857605,0.07744305580854416,0.6229463815689087,0.7739148736000061,4.0,-0.2406819611787796,0.07966754585504532,0.6694561243057251,1.2099751234054565,6.0,-0.001929889665916562,0.06859952956438065,0.24500460922718048,-0.03739605098962784,8.0,0.06505145132541656,0.06919959932565689,0.28025007247924805,1.0508424043655396
1692309342.6617048,"[label: ""height""
size: 4
stride: 20, label: ""width""
size: 5
stride: 5]",0,6.0,-0.0061707161366939545,0.06671233475208282,0.24000582098960876,0.0001108050491893664,7.0,0.031886037439107895,0.06812615692615509,0.2528810501098633,0.5021352767944336,8.0,0.0597737580537796,0.06872932612895966,0.2802024185657501,1.0542694330215454,3.0,-0.2731984853744507,0.07624148577451706,0.621319591999054,0.7034593224525452
1692309342.7672424,"[label: ""height""
size: 5
stride: 25, label: ""width""
size: 5
stride: 5]",0,4.0,-0.2606680691242218,0.07783450931310654,0.6496247053146362,1.2455817461013794,6.0,-0.010564813390374184,0.06837121397256851,0.24603687226772308,-0.005705773830413818,7.0,0.027513951063156128,0.06819869577884674,0.2535109221935272,0.5244095921516418,8.0,0.05558890849351883,0.0689779743552208,0.2817053496837616,1.074200987815857,3.0,-0.28695327043533325,0.07745172083377838,0.6230505704879761,0.7783247232437134
1692309342.8696392,"[label: ""height""
size: 5
stride: 25, label: ""width""
size: 5
stride: 5]",0,6.0,-0.015410667285323143,0.06697431206703186,0.24180902540683746,0.014140469953417778,7.0,0.02214841917157173,0.06719102710485458,0.25132277607917786,0.5318552851676941,8.0,0.049889158457517624,0.06836453825235367,0.28202247619628906,1.078511118888855,3.0,-0.3007228672504425,0.07744832336902618,0.623015284538269,0.738071620464325,4.0,-0.2702523469924927,0.07636836171150208,0.639581024646759,1.2836699485778809
1692309342.9616702,"[label: ""height""
size: 4
stride: 20, label: ""width""
size: 5
stride: 5]",0,7.0,0.01798141561448574,0.06724567711353302,0.2518835663795471,0.5542405843734741,8.0,0.04475461319088936,0.06781253963708878,0.2802223861217499,1.0959861278533936,3.0,-0.30864956974983215,0.07622489333152771,0.6109954714775085,0.8031073212623596,6.0,-0.01957603543996811,0.06831064075231552,0.24709409475326538,0.02714676596224308
1692309343.062731,"[label: ""height""
size: 2
stride: 10, label: ""width""
size: 5
stride: 5]",0,7.0,0.012965825386345387,0.06767747551202774,0.25477197766304016,0.5576013922691345,6.0,-0.024691253900527954,0.0685432106256485,0.24772435426712036,0.03558684140443802
1692309343.1571834,"[label: ""height""
size: 2
stride: 10, label: ""width""
size: 5
stride: 5]",0,7.0,0.007954687811434269,0.06625042855739594,0.2540596127510071,0.5804109573364258,6.0,-0.029621459543704987,0.06759630143642426,0.24829375743865967,0.04287582263350487
1692309343.2572515,"[label: ""height""
size: 3
stride: 15, label: ""width""
size: 5
stride: 5]",0,6.0,-0.035579878836870193,0.06846575438976288,0.24930229783058167,0.11010634154081345,7.0,0.001855580136179924,0.06753059476613998,0.2570684552192688,0.6368579864501953,8.0,0.02785348892211914,0.06925542652606964,0.29208675026893616,1.1490944623947144
1692309343.3575675,"[label: ""height""
size: 2
stride: 10, label: ""width""
size: 5
stride: 5]",0,6.0,-0.04262455180287361,0.06858690828084946,0.24978786706924438,0.09566850960254669,7.0,-0.005261685233563185,0.06802771985530853,0.26008832454681396,0.6394962668418884
1692309343.456231,"[label: ""height""
size: 3
stride: 15, label: ""width""
size: 5
stride: 5]",0,6.0,-0.04992130398750305,0.06810890138149261,0.24870847165584564,0.14122077822685242,7.0,-0.01271870918571949,0.0679025799036026,0.2604939937591553,0.6674116849899292,8.0,0.012028373777866364,0.06879350543022156,0.29367491602897644,1.1788266897201538
1692309343.5625498,"[label: ""height""
size: 2
stride: 10, label: ""width""
size: 5
stride: 5]",0,6.0,-0.0578179806470871,0.0684274286031723,0.24966301023960114,0.11341340839862823,7.0,-0.02057713083922863,0.06721518188714981,0.2590673565864563,0.6968262791633606
1692309343.6594644,"[label: ""height""
size: 3
stride: 15, label: ""width""
size: 5
stride: 5]",0,7.0,-0.02667766995728016,0.0660238265991211,0.2577047348022461,0.7017577290534973,6.0,-0.06345423310995102,0.06729848682880402,0.24736331403255463,0.2008150964975357,8.0,-0.003918193280696869,0.068659707903862,0.2988285720348358,1.22708261013031
1692309343.7640955,"[label: ""height""
size: 3
stride: 15, label: ""width""
size: 5
stride: 5]",0,7.0,-0.032348763197660446,0.06694405525922775,0.2592284381389618,0.7168377041816711,8.0,-0.010973859578371048,0.06869383901357651,0.29743266105651855,1.2664653062820435,6.0,-0.06876862049102783,0.06812407821416855,0.2482246458530426,0.19397832453250885
1692309343.8616393,"[label: ""height""
size: 3
stride: 15, label: ""width""
size: 5
stride: 5]",0,6.0,-0.0721144825220108,0.06739967316389084,0.24464336037635803,0.2436617761850357,7.0,-0.03758598119020462,0.0675584003329277,0.2624559998512268,0.7527337670326233,8.0,-0.0174113716930151,0.06931138038635254,0.30116382241249084,1.2918097972869873
1692309343.9584024,"[label: ""height""
size: 3
stride: 15, label: ""width""
size: 5
stride: 5]",0,6.0,-0.0755499079823494,0.06688688695430756,0.2454904317855835,0.2692974805831909,7.0,-0.04139619320631027,0.06701407581567764,0.26417526602745056,0.7914215326309204,8.0,-0.022643381729722023,0.06892082840204239,0.3032303750514984,1.3285361528396606
1692309344.0565536,"[label: ""height""
size: 3
stride: 15, label: ""width""
size: 5
stride: 5]",0,6.0,-0.0788654163479805,0.06744014471769333,0.24745787680149078,0.2940713167190552,7.0,-0.045659828931093216,0.0676526203751564,0.2675662934780121,0.811423659324646,8.0,-0.027829036116600037,0.06955095380544662,0.30820128321647644,1.352569818496704
1692309344.1591187,"[label: ""height""
size: 3
stride: 15, label: ""width""
size: 5
stride: 5]",0,6.0,-0.08153903484344482,0.06776276230812073,0.24823357164859772,0.3063586354255676,7.0,-0.049130234867334366,0.06842546910047531,0.27154403924942017,0.8348695039749146,8.0,-0.03197327256202698,0.06962930411100388,0.3102354407310486,1.3869023323059082
1692309344.2559135,"[label: ""height""
size: 3
stride: 15, label: ""width""
size: 5
stride: 5]",0,6.0,-0.08290944248437881,0.06712370365858078,0.24876448512077332,0.3293483555316925,7.0,-0.05123937875032425,0.06766828894615173,0.27213260531425476,0.8810582160949707,8.0,-0.03519222140312195,0.0693010687828064,0.31160545349121094,1.411814570426941
1692309344.3637607,"[label: ""height""
size: 3
stride: 15, label: ""width""
size: 5
stride: 5]",0,6.0,-0.08396168053150177,0.0672951191663742,0.25139880180358887,0.3630005419254303,7.0,-0.05262329429388046,0.06821636855602264,0.2752183675765991,0.9002466797828674,8.0,-0.037610944360494614,0.0699397474527359,0.316778302192688,1.4266514778137207
1692309344.4530604,"[label: ""height""
size: 3
stride: 15, label: ""width""
size: 5
stride: 5]",0,6.0,-0.08575849235057831,0.06810905039310455,0.25581228733062744,0.36914587020874023,7.0,-0.05440449342131615,0.06834940612316132,0.2784956693649292,0.9109854698181152,8.0,-0.03968700394034386,0.06998483091592789,0.3187420070171356,1.4473636150360107
1692309344.5544527,"[label: ""height""
size: 3
stride: 15, label: ""width""
size: 5
stride: 5]",0,6.0,-0.08451111614704132,0.06810957193374634,0.25673922896385193,0.3560165464878082,7.0,-0.05413658916950226,0.0690598264336586,0.28234153985977173,0.9205437302589417,8.0,-0.03995465114712715,0.07051923871040344,0.32176414132118225,1.4662115573883057
1692309344.657677,"[label: ""height""
size: 3
stride: 15, label: ""width""
size: 5
stride: 5]",0,6.0,-0.08352203667163849,0.06781286001205444,0.2600111663341522,0.40612637996673584,7.0,-0.053417354822158813,0.06874086707830429,0.2858048677444458,0.9402609467506409,8.0,-0.03965456783771515,0.07031361758708954,0.32565784454345703,1.4774527549743652
1692309344.7595894,"[label: ""height""
size: 3
stride: 15, label: ""width""
size: 5
stride: 5]",0,6.0,-0.08389034122228622,0.0679653212428093,0.26416638493537903,0.41385388374328613,7.0,-0.05317964404821396,0.06826887279748917,0.2882518768310547,0.947099506855011,8.0,-0.03940381109714508,0.0695018470287323,0.32683536410331726,1.480027675628662
1692309344.8570352,"[label: ""height""
size: 3
stride: 15, label: ""width""
size: 5
stride: 5]",0,6.0,-0.0824175551533699,0.06894995272159576,0.267385333776474,0.402651846408844,7.0,-0.052475616335868835,0.0702667310833931,0.2940843403339386,0.9280816912651062,8.0,-0.03812570124864578,0.0707525834441185,0.3295389413833618,1.4850831031799316
1692309344.9637403,"[label: ""height""
size: 3
stride: 15, label: ""width""
size: 5
stride: 5]",0,6.0,-0.08124673366546631,0.06887323409318924,0.2688902020454407,0.3920024335384369,7.0,-0.050925202667713165,0.06954438984394073,0.29412946105003357,0.9520924687385559,8.0,-0.037575509399175644,0.07094615697860718,0.33422717452049255,1.4815558195114136
1692309345.0554214,"[label: ""height""
size: 3
stride: 15, label: ""width""
size: 5
stride: 5]",0,6.0,-0.08180826902389526,0.06942532956600189,0.27278923988342285,0.3537129759788513,7.0,-0.05089122802019119,0.07003035396337509,0.2966844141483307,0.9408538937568665,8.0,-0.037240657955408096,0.07204727828502655,0.33744528889656067,1.4677335023880005
1692309345.1580245,"[label: ""height""
size: 3
stride: 15, label: ""width""
size: 5
stride: 5]",0,6.0,-0.08222132176160812,0.06908436864614487,0.2745768129825592,0.3693005442619324,7.0,-0.051286403089761734,0.0700133740901947,0.2996467053890228,0.9202144145965576,8.0,-0.03636343404650688,0.07059629261493683,0.33579570055007935,1.4645525217056274
1692309345.254487,"[label: ""height""
size: 3
stride: 15, label: ""width""
size: 5
stride: 5]",0,6.0,-0.08167364448308945,0.06870181113481522,0.2742716670036316,0.37557581067085266,7.0,-0.05099216476082802,0.07002623379230499,0.3007776439189911,0.9137933850288391,8.0,-0.03618710860610008,0.07177352905273438,0.34201982617378235,1.4437888860702515
1692309345.357928,"[label: ""height""
size: 3
stride: 15, label: ""width""
size: 5
stride: 5]",0,6.0,-0.0824996829032898,0.07011834532022476,0.2777591049671173,0.3712863624095917,7.0,-0.051197148859500885,0.07151170074939728,0.3034001886844635,0.881615161895752,8.0,-0.034992191940546036,0.07202998548746109,0.33735600113868713,1.4313451051712036
1692309345.456686,"[label: ""height""
size: 3
stride: 15, label: ""width""
size: 5
stride: 5]",0,6.0,-0.08228842914104462,0.06993190199136734,0.2795719504356384,0.32729074358940125,7.0,-0.05034082755446434,0.07108886539936066,0.3042016923427582,0.8758760690689087,8.0,-0.03375515714287758,0.0716780498623848,0.3389331102371216,1.412983775138855
1692309345.5579407,"[label: ""height""
size: 3
stride: 15, label: ""width""
size: 5
stride: 5]",0,6.0,-0.08168143779039383,0.06964102387428284,0.28108692169189453,0.3485673666000366,7.0,-0.04934879019856453,0.07037363201379776,0.3027304708957672,0.8563050627708435,8.0,-0.03282208368182182,0.07224862277507782,0.34227651357650757,1.3975635766983032
1692309345.659645,"[label: ""height""
size: 3
stride: 15, label: ""width""
size: 5
stride: 5]",0,6.0,-0.08176226913928986,0.07014262676239014,0.2844453454017639,0.31993716955184937,7.0,-0.04895402863621712,0.07097971439361572,0.3063640892505646,0.8382787704467773,8.0,-0.031880997121334076,0.0730537474155426,0.34740081429481506,1.37356698513031
1692309345.7627337,"[label: ""height""
size: 3
stride: 15, label: ""width""
size: 5
stride: 5]",0,6.0,-0.08097899705171585,0.0707423985004425,0.28475379943847656,0.2644800543785095,7.0,-0.048355214297771454,0.07201756536960602,0.3080812990665436,0.8171831965446472,8.0,-0.03059964068233967,0.0742054358124733,0.3474676311016083,1.361050009727478
1692309345.8609407,"[label: ""height""
size: 3
stride: 15, label: ""width""
size: 5
stride: 5]",0,6.0,-0.08093173056840897,0.07008633762598038,0.2859245240688324,0.2930992543697357,7.0,-0.04807259142398834,0.07139899581670761,0.30867159366607666,0.8001883625984192,8.0,-0.029439840465784073,0.07301762700080872,0.347217857837677,1.3584214448928833
1692309345.9599924,"[label: ""height""
size: 3
stride: 15, label: ""width""
size: 5
stride: 5]",0,6.0,-0.08196673542261124,0.07053306698799133,0.2882672846317291,0.28142857551574707,7.0,-0.04807732626795769,0.07123160362243652,0.30790355801582336,0.7923727631568909,8.0,-0.02925885282456875,0.07219123840332031,0.34198200702667236,1.346817135810852
1692309346.0560117,"[label: ""height""
size: 3
stride: 15, label: ""width""
size: 5
stride: 5]",0,6.0,-0.08326636999845505,0.07089049369096756,0.28978967666625977,0.2500354051589966,7.0,-0.04909397289156914,0.07141480594873428,0.308745414018631,0.8037114143371582,8.0,-0.030295584350824356,0.07327132672071457,0.34908750653266907,1.334563136100769
1692309346.1556635,"[label: ""height""
size: 3
stride: 15, label: ""width""
size: 5
stride: 5]",0,6.0,-0.08330151438713074,0.07008218765258789,0.2887699007987976,0.2741162180900574,7.0,-0.0493374802172184,0.07040971517562866,0.3071597218513489,0.812688946723938,8.0,-0.03079260140657425,0.07316391170024872,0.3499281406402588,1.3248999118804932
1692309346.2566488,"[label: ""height""
size: 3
stride: 15, label: ""width""
size: 5
stride: 5]",0,6.0,-0.08255339413881302,0.06984662264585495,0.28978002071380615,0.24885721504688263,7.0,-0.048687297850847244,0.07042796909809113,0.3093501031398773,0.8002039194107056,8.0,-0.029849600046873093,0.0721035897731781,0.34896236658096313,1.3251018524169922
1692309346.355113,"[label: ""height""
size: 3
stride: 15, label: ""width""
size: 5
stride: 5]",0,6.0,-0.08158054202795029,0.07061699032783508,0.2919139862060547,0.27858301997184753,7.0,-0.04788939654827118,0.07115653902292252,0.31151410937309265,0.7979898452758789,8.0,-0.029148757457733154,0.07326576858758926,0.3524751663208008,1.32674241065979
1692309346.4563777,"[label: ""height""
size: 3
stride: 15, label: ""width""
size: 5
stride: 5]",0,6.0,-0.08024860918521881,0.06907366216182709,0.2924410402774811,0.20597045123577118,7.0,-0.046952128410339355,0.07024527341127396,0.31539466977119446,0.8005290031433105,8.0,-0.02778191864490509,0.07082200795412064,0.3496716320514679,1.3426843881607056
1692309346.5576336,"[label: ""height""
size: 3
stride: 15, label: ""width""
size: 5
stride: 5]",0,6.0,-0.0786081850528717,0.07011225819587708,0.2943597435951233,0.32244688272476196,7.0,-0.045201968401670456,0.07084285467863083,0.3157842457294464,0.8158504366874695,8.0,-0.026565350592136383,0.07208294421434402,0.3523327708244324,1.3539297580718994
1692309346.6566594,"[label: ""height""
size: 3
stride: 15, label: ""width""
size: 5
stride: 5]",0,6.0,-0.07739324867725372,0.06943795084953308,0.2956378161907196,0.307190865278244,7.0,-0.04408670961856842,0.06987626105546951,0.31611594557762146,0.8218718767166138,8.0,-0.02561604604125023,0.07164561748504639,0.35514530539512634,1.3479503393173218
1692309346.753631,"[label: ""height""
size: 3
stride: 15, label: ""width""
size: 5
stride: 5]",0,6.0,-0.07651337236166,0.0689050704240799,0.29581549763679504,0.2658389210700989,7.0,-0.0436214953660965,0.07052386552095413,0.3201780617237091,0.8024285435676575,8.0,-0.024941209703683853,0.07148457318544388,0.35579538345336914,1.3538645505905151
1692309346.8535054,"[label: ""height""
size: 3
stride: 15, label: ""width""
size: 5
stride: 5]",0,6.0,-0.07740218192338943,0.06985071301460266,0.29793500900268555,0.2948697507381439,7.0,-0.04380229860544205,0.07038027048110962,0.3177602291107178,0.8131837844848633,8.0,-0.02503376640379429,0.0716443881392479,0.3551385700702667,1.3463079929351807
1692309346.9541328,"[label: ""height""
size: 3
stride: 15, label: ""width""
size: 5
stride: 5]",0,6.0,-0.07618017494678497,0.06757189333438873,0.29416799545288086,0.29036977887153625,7.0,-0.04381423443555832,0.06930986791849136,0.32060787081718445,0.7889201641082764,8.0,-0.02492520585656166,0.07027707993984222,0.35556960105895996,1.354353427886963
1692309347.056948,"[label: ""height""
size: 3
stride: 15, label: ""width""
size: 5
stride: 5]",0,6.0,-0.07646097987890244,0.06926979124546051,0.29573678970336914,0.2975228726863861,7.0,-0.043739527463912964,0.07031223177909851,0.31915727257728577,0.8073654174804688,8.0,-0.025290030986070633,0.07222726941108704,0.3587384521961212,1.3424341678619385
1692309347.1648428,"[label: ""height""
size: 3
stride: 15, label: ""width""
size: 5
stride: 5]",0,6.0,-0.07749665528535843,0.0686042383313179,0.2982465326786041,0.28255268931388855,7.0,-0.0442330576479435,0.06922590732574463,0.31895771622657776,0.8100757598876953,8.0,-0.02600855752825737,0.07126498222351074,0.36053144931793213,1.3440102338790894
1692309347.2596517,"[label: ""height""
size: 3
stride: 15, label: ""width""
size: 5
stride: 5]",0,6.0,-0.078821562230587,0.06941132992506027,0.29633796215057373,0.27846601605415344,7.0,-0.04568980261683464,0.07022609561681747,0.31822657585144043,0.817517101764679,8.0,-0.02704552933573723,0.07194828242063522,0.3566399812698364,1.3563874959945679
1692309347.3589919,"[label: ""height""
size: 3
stride: 15, label: ""width""
size: 5
stride: 5]",0,6.0,-0.08000288158655167,0.0694950670003891,0.29854217171669006,0.2980405390262604,7.0,-0.047031719237565994,0.07080186158418655,0.32195085287094116,0.7813695073127747,8.0,-0.02782808057963848,0.07169592380523682,0.3575468957424164,1.335094928741455
1692309347.4522882,"[label: ""height""
size: 3
stride: 15, label: ""width""
size: 5
stride: 5]",0,6.0,-0.08209933340549469,0.06960614770650864,0.2990524470806122,0.2986343801021576,7.0,-0.04861185699701309,0.07046369463205338,0.3211168050765991,0.8037369251251221,8.0,-0.029828138649463654,0.07220473885536194,0.3586215376853943,1.346645474433899
1692309347.5566976,"[label: ""height""
size: 3
stride: 15, label: ""width""
size: 5
stride: 5]",0,6.0,-0.08421148359775543,0.07021278887987137,0.2995850443840027,0.29656046628952026,7.0,-0.05075113847851753,0.07103884965181351,0.3213564157485962,0.8103100061416626,8.0,-0.031678661704063416,0.07137568295001984,0.353101909160614,1.357471227645874
1692309347.6515481,"[label: ""height""
size: 3
stride: 15, label: ""width""
size: 5
stride: 5]",0,6.0,-0.08595351129770279,0.06930721551179886,0.29765287041664124,0.3230471909046173,7.0,-0.0526047982275486,0.06988350301980972,0.3191007971763611,0.8150519728660583,8.0,-0.03384200111031532,0.07079847157001495,0.3531067371368408,1.3553709983825684
1692309347.7598858,"[label: ""height""
size: 3
stride: 15, label: ""width""
size: 5
stride: 5]",0,6.0,-0.0876140147447586,0.06963951140642166,0.29697898030281067,0.2916768193244934,7.0,-0.05432688072323799,0.07080493122339249,0.3185045123100281,0.8240892291069031,8.0,-0.03616708517074585,0.07284809648990631,0.35891392827033997,1.3552041053771973
1692309347.8557858,"[label: ""height""
size: 3
stride: 15, label: ""width""
size: 5
stride: 5]",0,6.0,-0.08884337544441223,0.06845930963754654,0.2938274145126343,0.29238250851631165,7.0,-0.05651232227683067,0.0697263702750206,0.31832554936408997,0.7967174053192139,8.0,-0.03772818669676781,0.07077771425247192,0.35299792885780334,1.3581037521362305
1692309347.961729,"[label: ""height""
size: 3
stride: 15, label: ""width""
size: 5
stride: 5]",0,6.0,-0.09048078209161758,0.06949654221534729,0.29565319418907166,0.3003779649734497,7.0,-0.057682204991579056,0.0707690492272377,0.3183287978172302,0.8132290840148926,8.0,-0.03997395560145378,0.07284489274024963,0.3588962256908417,1.34861159324646
1692309348.0571923,"[label: ""height""
size: 3
stride: 15, label: ""width""
size: 5
stride: 5]",0,6.0,-0.09234604984521866,0.06891542673110962,0.2981264293193817,0.29514262080192566,7.0,-0.05866748094558716,0.06914423406124115,0.3180333375930786,0.8185647130012512,8.0,-0.04111127555370331,0.07101897895336151,0.3585623502731323,1.3528732061386108
1692309348.1619673,"[label: ""height""
size: 3
stride: 15, label: ""width""
size: 5
stride: 5]",0,6.0,-0.092558853328228,0.07004254311323166,0.2981337904930115,0.3288413882255554,7.0,-0.0594574399292469,0.07089569419622421,0.3194509744644165,0.8154615163803101,8.0,-0.04188212752342224,0.07282976061105728,0.3588201701641083,1.3627349138259888
1692309348.2588055,"[label: ""height""
size: 3
stride: 15, label: ""width""
size: 5
stride: 5]",0,6.0,-0.09257500618696213,0.06815822422504425,0.29617419838905334,0.30685654282569885,7.0,-0.059916336089372635,0.06925835460424423,0.3191201984882355,0.8189375400543213,8.0,-0.04242934659123421,0.07100291550159454,0.3584791421890259,1.3653818368911743
1692309348.3641655,"[label: ""height""
size: 3
stride: 15, label: ""width""
size: 5
stride: 5]",0,6.0,-0.0925174430012703,0.06943385303020477,0.2960260510444641,0.3167809545993805,7.0,-0.060238175094127655,0.07051067799329758,0.3201228678226471,0.8276093602180481,8.0,-0.042628850787878036,0.07225020974874496,0.3588637113571167,1.373610496520996
1692309348.4586105,"[label: ""height""
size: 3
stride: 15, label: ""width""
size: 5
stride: 5]",0,6.0,-0.09294100850820541,0.06929050385951996,0.2984747886657715,0.29848650097846985,7.0,-0.05975678563117981,0.0698913112282753,0.31966376304626465,0.8399824500083923,8.0,-0.042615048587322235,0.07164068520069122,0.35874825716018677,1.3739556074142456
1692309348.5561118,"[label: ""height""
size: 3
stride: 15, label: ""width""
size: 5
stride: 5]",0,6.0,-0.0921635702252388,0.06962785124778748,0.2995631992816925,0.3117564916610718,7.0,-0.059523917734622955,0.07065854966640472,0.32259801030158997,0.849685788154602,8.0,-0.04216952249407768,0.07162254303693771,0.3586539030075073,1.3814271688461304
1692309348.658569,"[label: ""height""
size: 3
stride: 15, label: ""width""
size: 5
stride: 5]",0,6.0,-0.09039267152547836,0.06955470889806747,0.2974732220172882,0.34038153290748596,7.0,-0.05800027400255203,0.0704972967505455,0.3200668394565582,0.8552225828170776,8.0,-0.041320521384477615,0.07224087417125702,0.358818382024765,1.3956674337387085
1692309348.7577004,"[label: ""height""
size: 3
stride: 15, label: ""width""
size: 5
stride: 5]",0,6.0,-0.09029418975114822,0.06865714490413666,0.29781270027160645,0.2987934350967407,7.0,-0.057862453162670135,0.06958524882793427,0.32073912024497986,0.8517605662345886,8.0,-0.040705688297748566,0.07102134078741074,0.35858187079429626,1.3947583436965942
1692309348.8632877,"[label: ""height""
size: 3
stride: 15, label: ""width""
size: 5
stride: 5]",0,6.0,-0.08965854346752167,0.06963936239480972,0.29743167757987976,0.33014583587646484,7.0,-0.05741409212350845,0.07103689014911652,0.321871280670166,0.8334400057792664,8.0,-0.039829254150390625,0.0722271129488945,0.35874325037002563,1.3745197057724
1692309348.9562728,"[label: ""height""
size: 3
stride: 15, label: ""width""
size: 5
stride: 5]",0,6.0,-0.08916861563920975,0.06939267367124557,0.30033594369888306,0.22837196290493011,7.0,-0.05564141646027565,0.06925369799137115,0.3185826241970062,0.8523148894309998,8.0,-0.038790781050920486,0.07171142846345901,0.36130768060684204,1.3788111209869385
1692309349.0566833,"[label: ""height""
size: 3
stride: 15, label: ""width""
size: 5
stride: 5]",0,6.0,-0.08562404662370682,0.0697680115699768,0.29955342411994934,0.3483409285545349,7.0,-0.05366913229227066,0.07124529033899307,0.3246406614780426,0.830919623374939,8.0,-0.03559252247214317,0.07164711505174637,0.3587842881679535,1.3885136842727661
1692309349.160066,"[label: ""height""
size: 3
stride: 15, label: ""width""
size: 5
stride: 5]",0,6.0,-0.08103559911251068,0.06926671415567398,0.298834890127182,0.32494276762008667,7.0,-0.04915423318743706,0.07071255147457123,0.32463815808296204,0.8385783433914185,8.0,-0.03181612491607666,0.07223540544509888,0.36245816946029663,1.3902089595794678
1692309349.2571607,"[label: ""height""
size: 2
stride: 10, label: ""width""
size: 5
stride: 5]",0,6.0,-0.07810214906930923,0.07015113532543182,0.30402085185050964,0.317986398935318,7.0,-0.044751495122909546,0.07059823721647263,0.32355353236198425,0.8495364785194397
1692309349.3617373,"[label: ""height""
size: 3
stride: 15, label: ""width""
size: 5
stride: 5]",0,6.0,-0.07210274785757065,0.06943739950656891,0.3018324077129364,0.311878502368927,7.0,-0.039566460996866226,0.0706263855099678,0.3254714012145996,0.8357855081558228,8.0,-0.02175184153020382,0.07236408442258835,0.36532407999038696,1.367660641670227
1692309349.4525013,"[label: ""height""
size: 2
stride: 10, label: ""width""
size: 5
stride: 5]",0,6.0,-0.06587091833353043,0.06890816986560822,0.3020824193954468,0.2947651147842407,7.0,-0.03345775976777077,0.07079995423555374,0.32813939452171326,0.8275603652000427
1692309349.561966,"[label: ""height""
size: 2
stride: 10, label: ""width""
size: 5
stride: 5]",0,6.0,-0.06067429110407829,0.07059386372566223,0.30765843391418457,0.292718768119812,7.0,-0.02744135633111,0.07219784706830978,0.3315253257751465,0.8297906517982483
1692309349.6575682,"[label: ""height""
size: 2
stride: 10, label: ""width""
size: 5
stride: 5]",0,6.0,-0.05613059177994728,0.06920280307531357,0.30748993158340454,0.26877304911613464,7.0,-0.02234024740755558,0.07006469368934631,0.32843807339668274,0.8006430864334106
1692309349.7663639,"[label: ""height""
size: 2
stride: 10, label: ""width""
size: 5
stride: 5]",0,6.0,-0.051104091107845306,0.0694643184542656,0.30831435322761536,0.27003923058509827,7.0,-0.016842231154441833,0.07063440978527069,0.3285885751247406,0.771018385887146
1692309349.8546438,"[label: ""height""
size: 3
stride: 15, label: ""width""
size: 5
stride: 5]",0,6.0,-0.046462565660476685,0.06990695744752884,0.3065022826194763,0.2129858434200287,7.0,-0.012334412895143032,0.07092170417308807,0.3268226981163025,0.773302435874939,8.0,0.008223090320825577,0.07370028644800186,0.3682475984096527,1.303520679473877
1692309349.9584553,"[label: ""height""
size: 3
stride: 15, label: ""width""
size: 5
stride: 5]",0,6.0,-0.04345063865184784,0.06846017390489578,0.30630016326904297,0.18223589658737183,8.0,0.0122717609629035,0.07146015763282776,0.36300739645957947,1.2934776544570923,7.0,-0.008846161887049675,0.07071076333522797,0.3308008313179016,0.7384123802185059
1692309350.0592344,"[label: ""height""
size: 3
stride: 15, label: ""width""
size: 5
stride: 5]",0,6.0,-0.04115704447031021,0.07021573930978775,0.30984392762184143,0.1907610446214676,7.0,-0.005635808687657118,0.07071996480226517,0.325807124376297,0.7095243334770203,8.0,0.016275420784950256,0.07202575355768204,0.3591545522212982,1.2685636281967163
1692309350.1588092,"[label: ""height""
size: 3
stride: 15, label: ""width""
size: 5
stride: 5]",0,6.0,-0.039036255329847336,0.06916528940200806,0.3051839768886566,0.18634086847305298,7.0,-0.00360237923450768,0.07056739926338196,0.32326996326446533,0.701257050037384,8.0,0.01863810233771801,0.0711657851934433,0.3534420430660248,1.2482304573059082
1692309350.258438,"[label: ""height""
size: 3
stride: 15, label: ""width""
size: 5
stride: 5]",0,6.0,-0.03904048725962639,0.06967045366764069,0.3052077889442444,0.1851559579372406,7.0,-0.002915243851020932,0.07039948552846909,0.3206771910190582,0.6727046966552734,8.0,0.020197460427880287,0.07127431035041809,0.3525431156158447,1.2207818031311035
1692309350.3607357,"[label: ""height""
size: 3
stride: 15, label: ""width""
size: 5
stride: 5]",0,6.0,-0.038477420806884766,0.06893700361251831,0.30335018038749695,0.1364777386188507,7.0,-0.0023727279622107744,0.06979753077030182,0.31854721903800964,0.6561256051063538,8.0,0.02154983952641487,0.0717233419418335,0.3533211052417755,1.2063602209091187
1692309350.4612513,"[label: ""height""
size: 3
stride: 15, label: ""width""
size: 5
stride: 5]",0,6.0,-0.03983936086297035,0.069743812084198,0.3016563951969147,0.16352145373821259,7.0,-0.0034020934253931046,0.07067596167325974,0.3172491192817688,0.6383904814720154,8.0,0.020772699266672134,0.07161300629377365,0.3472115099430084,1.1886706352233887
1692309350.5615518,"[label: ""height""
size: 3
stride: 15, label: ""width""
size: 5
stride: 5]",0,6.0,-0.04093945026397705,0.06909766793251038,0.3027864694595337,0.08223147690296173,7.0,-0.00398831395432353,0.06892940402030945,0.31337928771972656,0.6460890769958496,8.0,0.020487699657678604,0.07100522518157959,0.3470046818256378,1.1727745532989502
1692309350.6600385,"[label: ""height""
size: 3
stride: 15, label: ""width""
size: 5
stride: 5]",0,6.0,-0.0411069430410862,0.0693613812327385,0.29858407378196716,0.07817352563142776,7.0,-0.004645616747438908,0.07061446458101273,0.3140639364719391,0.632455050945282,8.0,0.019932301715016365,0.0721869096159935,0.34723442792892456,1.1739076375961304
1692309350.760354,"[label: ""height""
size: 3
stride: 15, label: ""width""
size: 5
stride: 5]",0,6.0,-0.04183059185743332,0.06896666437387466,0.2990324795246124,0.14832738041877747,7.0,-0.005272793583571911,0.06991668045520782,0.3131849467754364,0.6261038184165955,8.0,0.01922362856566906,0.0716465637087822,0.34738394618034363,1.1843726634979248
1692309350.8611515,"[label: ""height""
size: 3
stride: 15, label: ""width""
size: 5
stride: 5]",0,6.0,-0.043042607605457306,0.06967898458242416,0.297850102186203,0.1136305034160614,7.0,-0.006463628727942705,0.0699281394481659,0.3099232316017151,0.668644905090332,8.0,0.01739232987165451,0.07140349596738815,0.3421608507633209,1.2017064094543457
1692309350.9613543,"[label: ""height""
size: 3
stride: 15, label: ""width""
size: 5
stride: 5]",0,6.0,-0.043300263583660126,0.06897006183862686,0.2956690192222595,0.14425335824489594,7.0,-0.007010678295046091,0.06989924609661102,0.3114369809627533,0.6636313796043396,8.0,0.016351750120520592,0.07106374949216843,0.34388670325279236,1.2043648958206177
1692309351.0572233,"[label: ""height""
size: 3
stride: 15, label: ""width""
size: 5
stride: 5]",0,6.0,-0.04278977960348129,0.06924224644899368,0.2953941226005554,0.13018755614757538,7.0,-0.0067498390562832355,0.07013800740242004,0.31140661239624023,0.6881486177444458,8.0,0.016508685424923897,0.07223591953516006,0.34749487042427063,1.217092514038086
1692309351.1599686,"[label: ""height""
size: 3
stride: 15, label: ""width""
size: 5
stride: 5]",0,6.0,-0.04230617731809616,0.0689043328166008,0.29315778613090515,0.16723240911960602,7.0,-0.0067498390562832355,0.07013800740242004,0.31140661239624023,0.6881486177444458,8.0,0.015970638021826744,0.07214844226837158,0.34845367074012756,1.2326593399047852
1692309351.2584887,"[label: ""height""
size: 3
stride: 15, label: ""width""
size: 5
stride: 5]",0,6.0,-0.04190434515476227,0.06895413249731064,0.2937357425689697,0.1713828146457672,7.0,-0.006440415512770414,0.06954791396856308,0.30937281250953674,0.7176452875137329,8.0,0.015483423136174679,0.0711175948381424,0.34417524933815,1.2564860582351685
1692309351.358507,"[label: ""height""
size: 3
stride: 15, label: ""width""
size: 5
stride: 5]",0,6.0,-0.03988872841000557,0.06879005581140518,0.291912704706192,0.24963048100471497,7.0,-0.005227535497397184,0.07027223706245422,0.3120558559894562,0.7260017395019531,8.0,0.016213135793805122,0.07159307599067688,0.34511420130729675,1.2763396501541138
1692309351.4575336,"[label: ""height""
size: 3
stride: 15, label: ""width""
size: 5
stride: 5]",0,6.0,-0.03938163444399834,0.06953328847885132,0.2931196689605713,0.20357771217823029,7.0,-0.004716136958450079,0.07053281366825104,0.3121272623538971,0.7467512488365173,8.0,0.016285434365272522,0.07183121889829636,0.34695562720298767,1.2944587469100952
1692309351.5597289,"[label: ""height""
size: 3
stride: 15, label: ""width""
size: 5
stride: 5]",0,6.0,-0.038549281656742096,0.06928613781929016,0.29343369603157043,0.23718245327472687,7.0,-0.003951157908886671,0.07005096971988678,0.3122745156288147,0.7652226090431213,8.0,0.01644054427742958,0.07244253158569336,0.3505764603614807,1.3059709072113037
1692309351.6504812,"[label: ""height""
size: 3
stride: 15, label: ""width""
size: 5
stride: 5]",0,6.0,-0.037341050803661346,0.06949250400066376,0.29183128476142883,0.27686527371406555,7.0,-0.0032793586142361164,0.06990891695022583,0.3099517524242401,0.8013685941696167,8.0,0.016367843374609947,0.07142752408981323,0.34638312458992004,1.3357155323028564
1692309351.7543445,"[label: ""height""
size: 3
stride: 15, label: ""width""
size: 5
stride: 5]",0,6.0,-0.036595236510038376,0.06903043389320374,0.2917052209377289,0.2915825843811035,7.0,-0.0029568993486464024,0.07068762928247452,0.31454432010650635,0.7961386442184448,8.0,0.016272183507680893,0.0719030499458313,0.35076233744621277,1.347249984741211
1692309351.8526158,"[label: ""height""
size: 3
stride: 15, label: ""width""
size: 5
stride: 5]",0,6.0,-0.03637288138270378,0.06994399428367615,0.2917124927043915,0.2738572955131531,7.0,-0.003182242624461651,0.0707586407661438,0.3120540678501129,0.8255439400672913,8.0,0.015172019600868225,0.07168446481227875,0.34559696912765503,1.3668233156204224
1692309351.960033,"[label: ""height""
size: 2
stride: 10, label: ""width""
size: 5
stride: 5]",0,6.0,-0.03654700145125389,0.0703258141875267,0.29238736629486084,0.30694839358329773,7.0,-0.0034428315702825785,0.07081141322851181,0.31230971217155457,0.8453435301780701
1692309352.0540707,"[label: ""height""
size: 2
stride: 10, label: ""width""
size: 5
stride: 5]",0,6.0,-0.03765641152858734,0.07099422812461853,0.29278692603111267,0.3276410400867462,7.0,-0.004709016531705856,0.07119201123714447,0.31169745326042175,0.8511266708374023
1692309352.1563485,"[label: ""height""
size: 2
stride: 10, label: ""width""
size: 5
stride: 5]",0,6.0,-0.03878716751933098,0.07056991755962372,0.2888934016227722,0.3461732268333435,7.0,-0.006356115452945232,0.07132795453071594,0.3111947476863861,0.8682693243026733
1692309352.253944,"[label: ""height""
size: 2
stride: 10, label: ""width""
size: 5
stride: 5]",0,6.0,-0.04077198728919029,0.07080613821744919,0.28950902819633484,0.3408074975013733,7.0,-0.00855323113501072,0.0718187540769577,0.3122454285621643,0.8812180757522583
1692309352.356883,"[label: ""height""
size: 2
stride: 10, label: ""width""
size: 5
stride: 5]",0,6.0,-0.042925938963890076,0.07122752815485,0.28827518224716187,0.37415605783462524,7.0,-0.01099660899490118,0.07243231683969498,0.31271466612815857,0.8781455159187317
1692309352.4641025,"[label: ""height""
size: 2
stride: 10, label: ""width""
size: 5
stride: 5]",0,6.0,-0.0443352609872818,0.07061083614826202,0.28521132469177246,0.3682776391506195,7.0,-0.012634423561394215,0.07175422459840775,0.30921030044555664,0.894573986530304
1692309352.5545375,"[label: ""height""
size: 2
stride: 10, label: ""width""
size: 5
stride: 5]",0,6.0,-0.046950001269578934,0.07123865187168121,0.2855525314807892,0.380220502614975,7.0,-0.015315947122871876,0.07237449288368225,0.3097265958786011,0.8922897577285767
1692309352.6514394,"[label: ""height""
size: 2
stride: 10, label: ""width""
size: 5
stride: 5]",0,6.0,-0.049238547682762146,0.07194933295249939,0.28461840748786926,0.3832160532474518,7.0,-0.01761431060731411,0.07283275574445724,0.30794548988342285,0.8956789374351501
1692309352.7573984,"[label: ""height""
size: 2
stride: 10, label: ""width""
size: 5
stride: 5]",0,6.0,-0.05103301256895065,0.07106829434633255,0.2828630805015564,0.36378875374794006,7.0,-0.019633837044239044,0.07226434350013733,0.30609938502311707,0.917439341545105
1692309352.8526943,"[label: ""height""
size: 2
stride: 10, label: ""width""
size: 5
stride: 5]",0,6.0,-0.052903249859809875,0.07251333445310593,0.2837256193161011,0.3958294689655304,7.0,-0.021512122824788094,0.0738254189491272,0.30787408351898193,0.8993059396743774
1692309352.9612463,"[label: ""height""
size: 3
stride: 15, label: ""width""
size: 5
stride: 5]",0,6.0,-0.05442385748028755,0.07172033190727234,0.2836558222770691,0.37001538276672363,7.0,-0.02297937124967575,0.07293260097503662,0.30730125308036804,0.9071215987205505,8.0,-0.007512792479246855,0.07635734975337982,0.3534899950027466,1.4387646913528442
1692309353.0583856,"[label: ""height""
size: 3
stride: 15, label: ""width""
size: 5
stride: 5]",0,6.0,-0.05558116361498833,0.07231657207012177,0.2819264531135559,0.3768942952156067,7.0,-0.024212446063756943,0.07337450236082077,0.3055047392845154,0.9074037075042725,8.0,-0.008985298685729504,0.07656025141477585,0.3491663634777069,1.4299871921539307
1692309353.1611788,"[label: ""height""
size: 2
stride: 10, label: ""width""
size: 5
stride: 5]",0,6.0,-0.055900637060403824,0.07306966930627823,0.2840896546840668,0.37298324704170227,7.0,-0.024556802585721016,0.07439063489437103,0.3081447184085846,0.908755362033844
1692309353.2584693,"[label: ""height""
size: 2
stride: 10, label: ""width""
size: 5
stride: 5]",0,6.0,-0.055008694529533386,0.07142576575279236,0.2820836901664734,0.4058748185634613,7.0,-0.023799870163202286,0.0722651332616806,0.3050212860107422,0.9171281456947327
1692309353.3700197,"[label: ""height""
size: 2
stride: 10, label: ""width""
size: 5
stride: 5]",0,6.0,-0.05515417829155922,0.07311912626028061,0.28558656573295593,0.3651416003704071,7.0,-0.023795174434781075,0.07411715388298035,0.3096309304237366,0.9121482372283936
1692309353.4602087,"[label: ""height""
size: 3
stride: 15, label: ""width""
size: 5
stride: 5]",0,6.0,-0.05375351011753082,0.0717291459441185,0.2833463251590729,0.4022291600704193,7.0,-0.022963037714362144,0.0735192596912384,0.3103178143501282,0.915947675704956,8.0,-0.008196658454835415,0.07565533369779587,0.35091787576675415,1.4622224569320679
1692309353.5593638,"[label: ""height""
size: 2
stride: 10, label: ""width""
size: 5
stride: 5]",0,6.0,-0.05358625948429108,0.07215210795402527,0.285474956035614,0.3943054676055908,7.0,-0.022362684831023216,0.07298131287097931,0.30908748507499695,0.9186269044876099
1692309353.6579196,"[label: ""height""
size: 2
stride: 10, label: ""width""
size: 5
stride: 5]",0,6.0,-0.05227145925164223,0.07166600972414017,0.2830870449542999,0.449916809797287,7.0,-0.022013165056705475,0.07370283454656601,0.31115126609802246,0.9292756915092468
1692309353.762775,"[label: ""height""
size: 3
stride: 15, label: ""width""
size: 5
stride: 5]",0,6.0,-0.05178285390138626,0.07277040183544159,0.2864897549152374,0.39796510338783264,7.0,-0.020778626203536987,0.07365747541189194,0.3098525106906891,0.9392992258071899,8.0,-0.006505310069769621,0.07780857384204865,0.3601814806461334,1.4603632688522339
1692309353.859454,"[label: ""height""
size: 2
stride: 10, label: ""width""
size: 5
stride: 5]",0,6.0,-0.051139410585165024,0.07131734490394592,0.286314457654953,0.4272283613681793,7.0,-0.020438620820641518,0.0725863054394722,0.31230875849723816,0.9305115342140198
1692309353.9616256,"[label: ""height""
size: 2
stride: 10, label: ""width""
size: 5
stride: 5]",0,6.0,-0.049344368278980255,0.07216952741146088,0.2859345078468323,0.3928965628147125,7.0,-0.019030926749110222,0.07359439134597778,0.3122418522834778,0.9352622032165527
1692309354.0601442,"[label: ""height""
size: 2
stride: 10, label: ""width""
size: 5
stride: 5]",0,6.0,-0.047761205583810806,0.07117368280887604,0.2856985330581665,0.4176159203052521,7.0,-0.01753774844110012,0.07269937545061111,0.31283441185951233,0.9475380778312683
1692309354.16342,"[label: ""height""
size: 2
stride: 10, label: ""width""
size: 5
stride: 5]",0,6.0,-0.04676246643066406,0.0712365061044693,0.2887340486049652,0.3926970064640045,7.0,-0.016318708658218384,0.07276187837123871,0.31636765599250793,0.9245924353599548
1692309354.2585483,"[label: ""height""
size: 2
stride: 10, label: ""width""
size: 5
stride: 5]",0,6.0,-0.045230500400066376,0.07135625928640366,0.2888481914997101,0.40766170620918274,7.0,-0.014454599469900131,0.0721370205283165,0.31260088086128235,0.9380918145179749
1692309354.3610911,"[label: ""height""
size: 2
stride: 10, label: ""width""
size: 5
stride: 5]",0,6.0,-0.044294409453868866,0.07207490503787994,0.29031333327293396,0.38650935888290405,7.0,-0.013082979246973991,0.07272939383983612,0.31344160437583923,0.9227012991905212
1692309354.4585633,"[label: ""height""
size: 2
stride: 10, label: ""width""
size: 5
stride: 5]",0,6.0,-0.04318280518054962,0.07041223347187042,0.2878740727901459,0.4166274070739746,7.0,-0.012046052142977715,0.07164468616247177,0.3131718933582306,0.9201327562332153
1692309354.5625248,"[label: ""height""
size: 2
stride: 10, label: ""width""
size: 5
stride: 5]",0,6.0,-0.04288054257631302,0.07082969695329666,0.2865705192089081,0.39940840005874634,7.0,-0.01185029186308384,0.0719156339764595,0.3115698993206024,0.9136408567428589
1692309354.6578186,"[label: ""height""
size: 3
stride: 15, label: ""width""
size: 5
stride: 5]",0,6.0,-0.042925938963890076,0.07122752815485,0.28827518224716187,0.37415605783462524,7.0,-0.011219581589102745,0.07196352630853653,0.31178614497184753,0.9015654921531677,8.0,0.0047003054060041904,0.07534292340278625,0.35964635014533997,1.4339184761047363
1692309354.7603786,"[label: ""height""
size: 2
stride: 10, label: ""width""
size: 5
stride: 5]",0,6.0,-0.04218778759241104,0.07047459483146667,0.28806230425834656,0.3721155524253845,7.0,-0.010525567457079887,0.07205639034509659,0.3138274848461151,0.8743739724159241
1692309354.8591745,"[label: ""height""
size: 2
stride: 10, label: ""width""
size: 5
stride: 5]",0,6.0,-0.04181486368179321,0.07049009203910828,0.2878093123435974,0.3524336516857147,7.0,-0.009551038034260273,0.07141707092523575,0.3116093873977661,0.8677247166633606
1692309354.9610708,"[label: ""height""
size: 2
stride: 10, label: ""width""
size: 5
stride: 5]",0,6.0,-0.04122374951839447,0.07082633674144745,0.2875361442565918,0.3115653395652771,7.0,-0.009082105942070484,0.07246974110603333,0.3128836452960968,0.8616620302200317
1692309355.060636,"[label: ""height""
size: 2
stride: 10, label: ""width""
size: 5
stride: 5]",0,6.0,-0.042094022035598755,0.06999935209751129,0.28806182742118835,0.34568479657173157,7.0,-0.009269754402339458,0.0701117143034935,0.3070084750652313,0.870735764503479
1692309355.161171,"[label: ""height""
size: 3
stride: 15, label: ""width""
size: 5
stride: 5]",0,6.0,-0.043088581413030624,0.07102017104625702,0.28839558362960815,0.3452478349208832,7.0,-0.010119750164449215,0.07163765281438828,0.30978620052337646,0.844759464263916,8.0,0.007343095261603594,0.07382223010063171,0.350364625453949,1.390226125717163
1692309355.2596252,"[label: ""height""
size: 3
stride: 15, label: ""width""
size: 5
stride: 5]",0,6.0,-0.044620417058467865,0.06978955119848251,0.2847425937652588,0.35874587297439575,7.0,-0.012129904702305794,0.07049116492271423,0.3064308166503906,0.853057324886322,8.0,0.005549648776650429,0.07228988409042358,0.34580016136169434,1.3926804065704346
1692309355.362385,"[label: ""height""
size: 3
stride: 15, label: ""width""
size: 5
stride: 5]",0,6.0,-0.047012634575366974,0.06967771798372269,0.2838468849658966,0.3817722201347351,7.0,-0.014432568103075027,0.0702630952000618,0.30490192770957947,0.855056881904602,8.0,0.003022111253812909,0.07264610379934311,0.3468155264854431,1.3891061544418335
1692309355.459212,"[label: ""height""
size: 2
stride: 10, label: ""width""
size: 5
stride: 5]",0,7.0,-0.01883666031062603,0.07097125053405762,0.30744653940200806,0.8619078993797302,6.0,-0.051854394376277924,0.07093490660190582,0.28801101446151733,0.36660251021385193
1692309355.5632088,"[label: ""height""
size: 3
stride: 15, label: ""width""
size: 5
stride: 5]",0,6.0,-0.05534869804978371,0.06954804807901382,0.28187400102615356,0.3671084940433502,7.0,-0.023162705823779106,0.07101442664861679,0.3065278232097626,0.8505200743675232,8.0,-0.006199406459927559,0.07303549349308014,0.34731265902519226,1.3904393911361694
1692309355.6630948,"[label: ""height""
size: 2
stride: 10, label: ""width""
size: 5
stride: 5]",0,6.0,-0.06052068993449211,0.07005702704191208,0.28207162022590637,0.31535592675209045,7.0,-0.027911152690649033,0.07031074166297913,0.30244919657707214,0.8718448877334595
1692309355.765151,"[label: ""height""
size: 2
stride: 10, label: ""width""
size: 5
stride: 5]",0,6.0,-0.0654122605919838,0.06991975009441376,0.2815510332584381,0.38410383462905884,7.0,-0.03321552649140358,0.07042261213064194,0.30343085527420044,0.8679506182670593
1692309355.8608847,"[label: ""height""
size: 2
stride: 10, label: ""width""
size: 5
stride: 5]",0,6.0,-0.06856263428926468,0.06929977983236313,0.2765749394893646,0.36649519205093384,7.0,-0.037403129041194916,0.07075542956590652,0.3022221326828003,0.8766435980796814
1692309355.9578433,"[label: ""height""
size: 2
stride: 10, label: ""width""
size: 5
stride: 5]",0,6.0,-0.07247186452150345,0.0687008872628212,0.2755849063396454,0.38261526823043823,7.0,-0.04188905656337738,0.0705966204404831,0.30423271656036377,0.8860935568809509
1692309356.05821,"[label: ""height""
size: 3
stride: 15, label: ""width""
size: 5
stride: 5]",0,6.0,-0.07552927732467651,0.06897488981485367,0.2748607099056244,0.39638441801071167,7.0,-0.0450691394507885,0.07050200551748276,0.3022494316101074,0.9055401086807251,8.0,-0.030088361352682114,0.07249835878610611,0.3441227376461029,1.445957064628601
1692309356.1619105,"[label: ""height""
size: 2
stride: 10, label: ""width""
size: 5
stride: 5]",0,6.0,-0.07940001785755157,0.06977304816246033,0.2782345414161682,0.42409995198249817,7.0,-0.04877341538667679,0.07114724069833755,0.30448392033576965,0.9207628965377808
1692309356.260081,"[label: ""height""
size: 3
stride: 15, label: ""width""
size: 5
stride: 5]",0,6.0,-0.08108833432197571,0.06899022310972214,0.27550065517425537,0.42765384912490845,7.0,-0.05126956105232239,0.07026500999927521,0.302349328994751,0.9492054581642151,8.0,-0.03751178830862045,0.07168897241353989,0.34229063987731934,1.4816782474517822
1692309356.3627415,"[label: ""height""
size: 3
stride: 15, label: ""width""
size: 5
stride: 5]",0,6.0,-0.08375296741724014,0.07032715529203415,0.27862149477005005,0.40203192830085754,7.0,-0.05312109366059303,0.07075267285108566,0.3023213744163513,0.965986430644989,8.0,-0.04040178284049034,0.07302448153495789,0.34528928995132446,1.4970439672470093
1692309356.4611883,"[label: ""height""
size: 3
stride: 15, label: ""width""
size: 5
stride: 5]",0,6.0,-0.08507026731967926,0.06979931890964508,0.27740374207496643,0.41893336176872253,7.0,-0.055386174470186234,0.07074830681085587,0.30386775732040405,0.9684292078018188,8.0,-0.042651817202568054,0.07243826240301132,0.3451852798461914,1.5033255815505981
1692309356.562821,"[label: ""height""
size: 3
stride: 15, label: ""width""
size: 5
stride: 5]",0,6.0,-0.08626186102628708,0.06995309144258499,0.2780406177043915,0.4492907226085663,7.0,-0.056699369102716446,0.07082336395978928,0.30421778559684753,0.9913884401321411,8.0,-0.04477350041270256,0.0724286139011383,0.3451394736766815,1.5139892101287842
1692309356.6598887,"[label: ""height""
size: 3
stride: 15, label: ""width""
size: 5
stride: 5]",0,6.0,-0.08675636351108551,0.06998354196548462,0.2781692445278168,0.4505884349346161,7.0,-0.057880986481904984,0.07106933742761612,0.3058185875415802,0.9999253749847412,8.0,-0.047143056988716125,0.07369212806224823,0.3511321544647217,1.522650122642517
1692309356.7624733,"[label: ""height""
size: 2
stride: 10, label: ""width""
size: 5
stride: 5]",0,6.0,-0.08814873546361923,0.07025223970413208,0.2800725996494293,0.462937593460083,7.0,-0.05903057008981705,0.07098861038684845,0.30655452609062195,1.0198912620544434
1692309356.8615384,"[label: ""height""
size: 2
stride: 10, label: ""width""
size: 5
stride: 5]",0,6.0,-0.08783777803182602,0.06972230225801468,0.2784880995750427,0.5005201101303101,7.0,-0.0602327436208725,0.07113450020551682,0.3088269531726837,1.0160765647888184
1692309356.9644363,"[label: ""height""
size: 2
stride: 10, label: ""width""
size: 5
stride: 5]",0,6.0,-0.08854734152555466,0.07063601166009903,0.2807592451572418,0.518237829208374,7.0,-0.06086672842502594,0.07176587730646133,0.30941396951675415,1.0540176630020142
1692309357.0638134,"[label: ""height""
size: 2
stride: 10, label: ""width""
size: 5
stride: 5]",0,6.0,-0.09007317572832108,0.06974568963050842,0.281915545463562,0.5150602459907532,7.0,-0.0618501640856266,0.07008485496044159,0.3086618185043335,1.0511631965637207
1692309357.1826797,"[label: ""height""
size: 3
stride: 15, label: ""width""
size: 5
stride: 5]",0,6.0,-0.09100917726755142,0.0705234557390213,0.28087103366851807,0.503067672252655,7.0,-0.06310084462165833,0.07116810232400894,0.3073890507221222,1.0597786903381348,8.0,-0.05535024777054787,0.07554246485233307,0.36130666732788086,1.5471652746200562
1692309357.2576184,"[label: ""height""
size: 2
stride: 10, label: ""width""
size: 5
stride: 5]",0,6.0,-0.09201104193925858,0.07026651501655579,0.2811228334903717,0.5046141147613525,7.0,-0.06444057077169418,0.07120493799448013,0.310788631439209,1.0433851480484009
1692309357.3611002,"[label: ""height""
size: 2
stride: 10, label: ""width""
size: 5
stride: 5]",0,6.0,-0.0923273116350174,0.06976871192455292,0.28097084164619446,0.4810781478881836,7.0,-0.06437574326992035,0.07059727609157562,0.3086911141872406,1.0413109064102173
1692309357.4584029,"[label: ""height""
size: 2
stride: 10, label: ""width""
size: 5
stride: 5]",0,6.0,-0.09363425523042679,0.0707181990146637,0.28378719091415405,0.45642322301864624,7.0,-0.06471295654773712,0.07069024443626404,0.3091146647930145,1.0219656229019165
1692309357.5590606,"[label: ""height""
size: 3
stride: 15, label: ""width""
size: 5
stride: 5]",0,6.0,-0.09274261444807053,0.07064954191446304,0.28215670585632324,0.45880937576293945,7.0,-0.06400448828935623,0.07112134248018265,0.3087645471096039,1.0108708143234253,8.0,-0.05347051844000816,0.07336809486150742,0.35301628708839417,1.5409878492355347
1692309357.6570265,"[label: ""height""
size: 3
stride: 15, label: ""width""
size: 5
stride: 5]",0,6.0,-0.09276674687862396,0.06905300915241241,0.28220468759536743,0.4496171474456787,7.0,-0.06423326581716537,0.07052020728588104,0.3110826909542084,0.9822673201560974,8.0,-0.05157531425356865,0.07099337130784988,0.34915444254875183,1.5278433561325073
1692309357.758245,"[label: ""height""
size: 3
stride: 15, label: ""width""
size: 5
stride: 5]",0,6.0,-0.09313174337148666,0.07035878300666809,0.28323253989219666,0.4258231222629547,7.0,-0.06329237669706345,0.07105144113302231,0.3084239363670349,0.9597458243370056,8.0,-0.05109696090221405,0.07334521412849426,0.3528992235660553,1.496140718460083
1692309357.8620768,"[label: ""height""
size: 3
stride: 15, label: ""width""
size: 5
stride: 5]",0,6.0,-0.09234953671693802,0.07003552466630936,0.28183552622795105,0.39759236574172974,7.0,-0.06304939091205597,0.0715099573135376,0.31092745065689087,0.9265828132629395,8.0,-0.04900161921977997,0.07268480211496353,0.3504263758659363,1.4742497205734253
1692309357.9595726,"[label: ""height""
size: 2
stride: 10, label: ""width""
size: 5
stride: 5]",0,6.0,-0.09334712475538254,0.06988079845905304,0.2855075001716614,0.3806074261665344,7.0,-0.062443312257528305,0.07092402130365372,0.311701238155365,0.8986994028091431
1692309358.0549264,"[label: ""height""
size: 3
stride: 15, label: ""width""
size: 5
stride: 5]",0,6.0,-0.09284735471010208,0.07032344490289688,0.28540074825286865,0.3778627812862396,7.0,-0.061128880828619,0.07079829275608063,0.30835023522377014,0.8986000418663025,8.0,-0.04647592827677727,0.0729149729013443,0.35220569372177124,1.4275635480880737
1692309358.1685462,"[label: ""height""
size: 3
stride: 15, label: ""width""
size: 5
stride: 5]",0,6.0,-0.09203086048364639,0.06968043744564056,0.28561919927597046,0.33240562677383423,7.0,-0.06077304109930992,0.07094312459230423,0.3122732937335968,0.868173360824585,8.0,-0.04527660459280014,0.07341018319129944,0.3552837073802948,1.4132989645004272
1692309358.2590702,"[label: ""height""
size: 3
stride: 15, label: ""width""
size: 5
stride: 5]",0,6.0,-0.09291151165962219,0.07003854215145111,0.29030799865722656,0.37785497307777405,7.0,-0.05977879464626312,0.07015335559844971,0.3104618787765503,0.8605998754501343,8.0,-0.04390435665845871,0.07211679965257645,0.35251474380493164,1.403403639793396
1692309358.3593652,"[label: ""height""
size: 3
stride: 15, label: ""width""
size: 5
stride: 5]",0,6.0,-0.09074161946773529,0.06948961317539215,0.28826382756233215,0.3549213707447052,7.0,-0.05839201435446739,0.06975962966680527,0.30985093116760254,0.8583664298057556,8.0,-0.04192608967423439,0.0712677612900734,0.3504745066165924,1.398860216140747
1692309358.456707,"[label: ""height""
size: 3
stride: 15, label: ""width""
size: 5
stride: 5]",0,6.0,-0.0893305093050003,0.06915079057216644,0.2882230281829834,0.337977796792984,7.0,-0.05742394179105759,0.06984986364841461,0.3114401698112488,0.8697211146354675,8.0,-0.04152689874172211,0.07194922864437103,0.35310935974121094,1.4043468236923218
1692309358.5599992,"[label: ""height""
size: 3
stride: 15, label: ""width""
size: 5
stride: 5]",0,6.0,-0.08769826591014862,0.0692857950925827,0.29130423069000244,0.3095765709877014,7.0,-0.05586671829223633,0.06999504566192627,0.3155050575733185,0.8681654930114746,8.0,-0.04005947709083557,0.07176782190799713,0.35793784260749817,1.4125479459762573
1692309358.6619763,"[label: ""height""
size: 3
stride: 15, label: ""width""
size: 5
stride: 5]",0,6.0,-0.08526546508073807,0.06972963362932205,0.29372742772102356,0.3498648703098297,7.0,-0.05408462882041931,0.07075980305671692,0.3201291859149933,0.8867680430412292,8.0,-0.03802325949072838,0.07177228480577469,0.35796260833740234,1.423854947090149
1692309358.7584403,"[label: ""height""
size: 2
stride: 10, label: ""width""
size: 5
stride: 5]",0,7.0,-0.05078547075390816,0.0695105567574501,0.31915464997291565,0.9009390473365784,6.0,-0.08358771353960037,0.06992004811763763,0.2998175621032715,0.37419044971466064
1692309358.8585443,"[label: ""height""
size: 3
stride: 15, label: ""width""
size: 5
stride: 5]",0,6.0,-0.07892828434705734,0.06894547492265701,0.29721713066101074,0.41101667284965515,7.0,-0.04781872034072876,0.06964187324047089,0.3228251039981842,0.9080628156661987,8.0,-0.0328998900949955,0.07103965431451797,0.3624192774295807,1.4524812698364258
1692309358.9635196,"[label: ""height""
size: 3
stride: 15, label: ""width""
size: 5
stride: 5]",0,6.0,-0.07585576176643372,0.06908036768436432,0.2971661388874054,0.43134579062461853,7.0,-0.045077718794345856,0.06993532180786133,0.3230170011520386,0.9307308197021484,8.0,-0.03055650368332863,0.07129690796136856,0.3644760251045227,1.45546293258667
1692309359.0567496,"[label: ""height""
size: 3
stride: 15, label: ""width""
size: 5
stride: 5]",0,6.0,-0.07395292073488235,0.06845244765281677,0.29877957701683044,0.426127165555954,7.0,-0.042754191905260086,0.06876106560230255,0.32243525981903076,0.93531733751297,8.0,-0.028787529096007347,0.07095690071582794,0.36656010150909424,1.4596173763275146
1692309359.1595144,"[label: ""height""
size: 3
stride: 15, label: ""width""
size: 5
stride: 5]",0,6.0,-0.07139813899993896,0.06883812695741653,0.29830050468444824,0.41753140091896057,7.0,-0.04134587571024895,0.06987413018941879,0.3257903754711151,0.9391549825668335,8.0,-0.027596954256296158,0.07218170166015625,0.3705258369445801,1.469491720199585
1692309359.2539537,"[label: ""height""
size: 3
stride: 15, label: ""width""
size: 5
stride: 5]",0,6.0,-0.07085123658180237,0.06878361850976944,0.29960930347442627,0.42384928464889526,7.0,-0.04097456857562065,0.06996631622314453,0.32809168100357056,0.9406006336212158,8.0,-0.027183635160326958,0.07197257876396179,0.371004194021225,1.4767820835113525
1692309359.3572636,"[label: ""height""
size: 3
stride: 15, label: ""width""
size: 5
stride: 5]",0,6.0,-0.06981930881738663,0.06873497366905212,0.29938411712646484,0.42104044556617737,7.0,-0.0395069420337677,0.06942188739776611,0.32492074370384216,0.946553647518158,8.0,-0.025930659845471382,0.07128029316663742,0.36822810769081116,1.4809716939926147
1692309359.4538808,"[label: ""height""
size: 3
stride: 15, label: ""width""
size: 5
stride: 5]",0,6.0,-0.07000379264354706,0.06939028203487396,0.3017179071903229,0.4159404933452606,7.0,-0.039744194597005844,0.07046402245759964,0.3278959095478058,0.9475107192993164,8.0,-0.026139438152313232,0.07261254638433456,0.37117916345596313,1.4820455312728882
1692309359.557871,"[label: ""height""
size: 2
stride: 10, label: ""width""
size: 5
stride: 5]",0,6.0,-0.06909344345331192,0.06908681243658066,0.30099448561668396,0.4166315495967865,7.0,-0.03892277553677559,0.06989990174770355,0.32776057720184326,0.945120096206665
1692309359.6588767,"[label: ""height""
size: 3
stride: 15, label: ""width""
size: 5
stride: 5]",0,6.0,-0.06896496564149857,0.06968116760253906,0.30149778723716736,0.415680855512619,7.0,-0.0386655330657959,0.07045502960681915,0.32785022258758545,0.9440683126449585,8.0,-0.02457595430314541,0.07218268513679504,0.37053123116493225,1.478481650352478
1692309359.7576873,"[label: ""height""
size: 2
stride: 10, label: ""width""
size: 5
stride: 5]",0,6.0,-0.06943639367818832,0.06950949132442474,0.30338990688323975,0.37722107768058777,7.0,-0.03829250857234001,0.0700090155005455,0.32699960470199585,0.9257165193557739
1692309359.8519228,"[label: ""height""
size: 3
stride: 15, label: ""width""
size: 5
stride: 5]",0,6.0,-0.06959882378578186,0.0693817287683487,0.3016695976257324,0.4431409537792206,7.0,-0.0388304740190506,0.07001368701457977,0.327023446559906,0.9274359345436096,8.0,-0.024251461029052734,0.07188691198825836,0.36824506521224976,1.4513006210327148
1692309359.9570525,"[label: ""height""
size: 3
stride: 15, label: ""width""
size: 5
stride: 5]",0,6.0,-0.07112334668636322,0.06960827857255936,0.3038317859172821,0.4135834872722626,7.0,-0.04009459167718887,0.07045483589172363,0.3296724259853363,0.9115121364593506,8.0,-0.024855030700564384,0.0718875378370285,0.3682485818862915,1.4528852701187134
1692309360.0541222,"[label: ""height""
size: 3
stride: 15, label: ""width""
size: 5
stride: 5]",0,6.0,-0.0713099017739296,0.06908228993415833,0.3013927638530731,0.38726475834846497,7.0,-0.04080905392765999,0.07052133977413177,0.3300000727176666,0.9019181728363037,8.0,-0.02554997056722641,0.07144205272197723,0.3675021529197693,1.4470304250717163
1692309360.1584885,"[label: ""height""
size: 2
stride: 10, label: ""width""
size: 5
stride: 5]",0,6.0,-0.07287608087062836,0.06916093826293945,0.3017563819885254,0.3908998668193817,7.0,-0.042438749223947525,0.0705360472202301,0.33007511496543884,0.9071188569068909
1692309360.256702,"[label: ""height""
size: 2
stride: 10, label: ""width""
size: 5
stride: 5]",0,6.0,-0.07548416405916214,0.06991108506917953,0.3038213849067688,0.40346139669418335,7.0,-0.04447624087333679,0.07042011618614197,0.3282191753387451,0.9100409746170044
1692309360.3595512,"[label: ""height""
size: 2
stride: 10, label: ""width""
size: 5
stride: 5]",0,6.0,-0.07788199186325073,0.06942502409219742,0.30388200283050537,0.3824758529663086,7.0,-0.04782457649707794,0.07123641669750214,0.3345957398414612,0.9204695224761963
1692309360.4597318,"[label: ""height""
size: 3
stride: 15, label: ""width""
size: 5
stride: 5]",0,6.0,-0.07919000089168549,0.06934823095798492,0.3015162944793701,0.44383466243743896,7.0,-0.04964693263173103,0.07059416174888611,0.3303826153278351,0.9622586369514465,8.0,-0.036479316651821136,0.07279496639966965,0.3744451105594635,1.4880650043487549
1692309360.5599208,"[label: ""height""
size: 2
stride: 10, label: ""width""
size: 5
stride: 5]",0,6.0,-0.0827188566327095,0.06959004700183868,0.3035334348678589,0.43159544467926025,7.0,-0.053213607519865036,0.0706159919500351,0.33236730098724365,0.9675503969192505
1692309360.6558526,"[label: ""height""
size: 3
stride: 15, label: ""width""
size: 5
stride: 5]",0,6.0,-0.08408284932374954,0.06888040155172348,0.29898011684417725,0.5220478177070618,7.0,-0.05549980700016022,0.0699407085776329,0.3267037868499756,0.9948296546936035,8.0,-0.044115930795669556,0.07206493616104126,0.37148430943489075,1.5175164937973022
1692309360.7584903,"[label: ""height""
size: 2
stride: 10, label: ""width""
size: 5
stride: 5]",0,6.0,-0.08805794268846512,0.06911582499742508,0.3016253113746643,0.5050246715545654,7.0,-0.059908427298069,0.06975027918815613,0.33029478788375854,1.0185445547103882
1692309360.8631055,"[label: ""height""
size: 2
stride: 10, label: ""width""
size: 5
stride: 5]",0,6.0,-0.09126191586256027,0.06978672742843628,0.3024378716945648,0.5133892893791199,7.0,-0.0632954090833664,0.07029583305120468,0.33032381534576416,1.0399911403656006
1692309360.9581325,"[label: ""height""
size: 2
stride: 10, label: ""width""
size: 5
stride: 5]",0,6.0,-0.09320111572742462,0.06950999051332474,0.30235517024993896,0.534218966960907,7.0,-0.06558920443058014,0.06973890215158463,0.33025506138801575,1.077786922454834
1692309361.057688,"[label: ""height""
size: 2
stride: 10, label: ""width""
size: 5
stride: 5]",0,6.0,-0.09365704655647278,0.06900500506162643,0.3007206618785858,0.5589752793312073,7.0,-0.06774124503135681,0.07000239193439484,0.33215150237083435,1.0895017385482788
1692309361.1566176,"[label: ""height""
size: 2
stride: 10, label: ""width""
size: 5
stride: 5]",0,6.0,-0.09519285708665848,0.07019571959972382,0.30481189489364624,0.5627530217170715,7.0,-0.06846022605895996,0.07044186443090439,0.33296188712120056,1.1081984043121338
1692309361.2558393,"[label: ""height""
size: 2
stride: 10, label: ""width""
size: 5
stride: 5]",0,6.0,-0.09543241560459137,0.06894921511411667,0.30598774552345276,0.5713173747062683,7.0,-0.06949614733457565,0.06970012187957764,0.3372611403465271,1.109107255935669
1692309361.352414,"[label: ""height""
size: 2
stride: 10, label: ""width""
size: 5
stride: 5]",0,6.0,-0.09362812340259552,0.0698135569691658,0.3042488098144531,0.58790123462677,7.0,-0.06843239068984985,0.07068348675966263,0.33607783913612366,1.1278232336044312
1692309361.4542165,"[label: ""height""
size: 2
stride: 10, label: ""width""
size: 5
stride: 5]",0,6.0,-0.09369248151779175,0.0688784122467041,0.30566897988319397,0.591232419013977,7.0,-0.06780720502138138,0.06896141916513443,0.3357106149196625,1.1270211935043335
1692309361.55932,"[label: ""height""
size: 2
stride: 10, label: ""width""
size: 5
stride: 5]",0,6.0,-0.0931616798043251,0.06927329301834106,0.3047824501991272,0.6013867855072021,7.0,-0.06785513460636139,0.07010715454816818,0.33594539761543274,1.1263809204101562
1692309361.6596754,"[label: ""height""
size: 2
stride: 10, label: ""width""
size: 5
stride: 5]",0,6.0,-0.0928659662604332,0.0699024572968483,0.30575570464134216,0.55832839012146,7.0,-0.06708650290966034,0.07087020576000214,0.33759477734565735,1.1196262836456299
1692309361.7602654,"[label: ""height""
size: 2
stride: 10, label: ""width""
size: 5
stride: 5]",0,6.0,-0.09228110313415527,0.06991469860076904,0.305816650390625,0.5286849141120911,7.0,-0.06571090221405029,0.07075131684541702,0.3369832932949066,1.0876151323318481
1692309361.8590896,"[label: ""height""
size: 2
stride: 10, label: ""width""
size: 5
stride: 5]",0,6.0,-0.0920940563082695,0.07001744955778122,0.30397072434425354,0.5246667861938477,7.0,-0.06539963185787201,0.07111085206270218,0.33544299006462097,1.0708050727844238
1692309361.9628386,"[label: ""height""
size: 3
stride: 15, label: ""width""
size: 5
stride: 5]",0,6.0,-0.0912918895483017,0.06970782577991486,0.3020543158054352,0.48405277729034424,7.0,-0.06416026502847672,0.07050725817680359,0.33194637298583984,1.058334469795227,8.0,-0.05552780628204346,0.07307319343090057,0.38065239787101746,1.53934645652771
1692309362.0525944,"[label: ""height""
size: 2
stride: 10, label: ""width""
size: 5
stride: 5]",0,6.0,-0.09059365093708038,0.06990405172109604,0.3003261983394623,0.5448057055473328,7.0,-0.0630430206656456,0.07085572928190231,0.3304159939289093,1.0388621091842651
1692309362.1512692,"[label: ""height""
size: 2
stride: 10, label: ""width""
size: 5
stride: 5]",0,6.0,-0.08966045826673508,0.07019759714603424,0.303629070520401,0.4847627878189087,7.0,-0.06079946458339691,0.07095693796873093,0.3314646780490875,1.0079377889633179
1692309362.2498908,"[label: ""height""
size: 2
stride: 10, label: ""width""
size: 5
stride: 5]",0,6.0,-0.08700834214687347,0.07111349701881409,0.3017285168170929,0.4668518304824829,7.0,-0.058046650141477585,0.07195646315813065,0.33049172163009644,0.9908106327056885
1692309362.352976,"[label: ""height""
size: 2
stride: 10, label: ""width""
size: 5
stride: 5]",0,6.0,-0.08505293726921082,0.07151659578084946,0.3030838072299957,0.4578673243522644,7.0,-0.05539320409297943,0.07239949703216553,0.33000898361206055,0.9730042219161987
1692309362.4492497,"[label: ""height""
size: 2
stride: 10, label: ""width""
size: 5
stride: 5]",0,6.0,-0.08188064396381378,0.07138755172491074,0.3017805516719818,0.41329386830329895,7.0,-0.052251625806093216,0.07252613455057144,0.3306216299533844,0.9600874781608582
1692309362.5527472,"[label: ""height""
size: 2
stride: 10, label: ""width""
size: 5
stride: 5]",0,6.0,-0.07831225544214249,0.07076440006494522,0.299028605222702,0.4126743674278259,7.0,-0.04911109432578087,0.07284855842590332,0.3295568525791168,0.931908905506134
1692309362.6492975,"[label: ""height""
size: 2
stride: 10, label: ""width""
size: 5
stride: 5]",0,6.0,-0.07754023373126984,0.07204759120941162,0.3032163977622986,0.4323723018169403,7.0,-0.04675062745809555,0.07266844809055328,0.3281583786010742,0.9280636310577393
1692309362.75189,"[label: ""height""
size: 3
stride: 15, label: ""width""
size: 5
stride: 5]",0,6.0,-0.07511382550001144,0.07190246880054474,0.30035802721977234,0.39413484930992126,7.0,-0.04417065158486366,0.0726417824625969,0.3250415623188019,0.9307591915130615,8.0,-0.03024222142994404,0.07448973506689072,0.3677297830581665,1.4698113203048706
1692309362.8501272,"[label: ""height""
size: 3
stride: 15, label: ""width""
size: 5
stride: 5]",0,6.0,-0.07374551147222519,0.07067454606294632,0.30041763186454773,0.4291400909423828,7.0,-0.0434139221906662,0.07167897373437881,0.3273047208786011,0.920719563961029,8.0,-0.028814606368541718,0.07282225787639618,0.3669028580188751,1.4587947130203247
1692309362.9512887,"[label: ""height""
size: 2
stride: 10, label: ""width""
size: 5
stride: 5]",0,6.0,-0.07317226380109787,0.07214584201574326,0.3010079562664032,0.4057528078556061,7.0,-0.04212890565395355,0.07256358116865158,0.3246731758117676,0.9354308843612671
1692309363.0510685,"[label: ""height""
size: 2
stride: 10, label: ""width""
size: 5
stride: 5]",0,6.0,-0.07226719707250595,0.07157475501298904,0.29640939831733704,0.4271372854709625,7.0,-0.04227016866207123,0.07251792401075363,0.32273977994918823,0.9523122310638428
1692309363.1554928,"[label: ""height""
size: 3
stride: 15, label: ""width""
size: 5
stride: 5]",0,6.0,-0.07259666174650192,0.07115639001131058,0.29727107286453247,0.43070361018180847,7.0,-0.04207060858607292,0.07131124287843704,0.3202798366546631,0.9499476552009583,8.0,-0.028766309842467308,0.07306502014398575,0.36218491196632385,1.487160325050354
1692309363.2507157,"[label: ""height""
size: 2
stride: 10, label: ""width""
size: 5
stride: 5]",0,6.0,-0.07250666618347168,0.07131359726190567,0.2954609990119934,0.4375814199447632,7.0,-0.04255903512239456,0.07207281142473221,0.3219243884086609,0.9669708609580994
1692309363.3522305,"[label: ""height""
size: 3
stride: 15, label: ""width""
size: 5
stride: 5]",0,6.0,-0.07280268520116806,0.07094358652830124,0.2938479781150818,0.46775487065315247,7.0,-0.04392649605870247,0.0721406489610672,0.3222532868385315,0.9904250502586365,8.0,-0.031749386340379715,0.0742068812251091,0.3656105399131775,1.511388897895813
1692309363.4588525,"[label: ""height""
size: 2
stride: 10, label: ""width""
size: 5
stride: 5]",0,6.0,-0.07318812608718872,0.07062222808599472,0.29207637906074524,0.47633323073387146,7.0,-0.04498796910047531,0.07215038686990738,0.3223005533218384,0.9938807487487793
1692309363.5541687,"[label: ""height""
size: 2
stride: 10, label: ""width""
size: 5
stride: 5]",0,6.0,-0.07416976243257523,0.07016930729150772,0.2921893000602722,0.48090094327926636,7.0,-0.0457046739757061,0.07170123606920242,0.32267943024635315,1.0050290822982788
1692309363.6506386,"[label: ""height""
size: 2
stride: 10, label: ""width""
size: 5
stride: 5]",0,6.0,-0.07464504987001419,0.07106126099824905,0.2890441119670868,0.5011934638023376,7.0,-0.04615282267332077,0.07194947451353073,0.3167957663536072,1.0250893831253052
1692309363.751828,"[label: ""height""
size: 2
stride: 10, label: ""width""
size: 5
stride: 5]",0,6.0,-0.0764356330037117,0.06929082423448563,0.2857227921485901,0.538305401802063,7.0,-0.04776567220687866,0.06962708383798599,0.31220629811286926,1.0263723134994507
1692309363.8498912,"[label: ""height""
size: 2
stride: 10, label: ""width""
size: 5
stride: 5]",0,6.0,-0.07894554734230042,0.07095786929130554,0.28620871901512146,0.4942318797111511,7.0,-0.05073435604572296,0.07254133373498917,0.3171268701553345,1.0111113786697388
1692309363.9519746,"[label: ""height""
size: 2
stride: 10, label: ""width""
size: 5
stride: 5]",0,6.0,-0.08116619288921356,0.07051095366477966,0.28217190504074097,0.4939507246017456,7.0,-0.052666809409856796,0.07162002474069595,0.31034356355667114,1.002163052558899
1692309364.0517788,"[label: ""height""
size: 2
stride: 10, label: ""width""
size: 5
stride: 5]",0,6.0,-0.08357279747724533,0.07034198939800262,0.28042954206466675,0.4446693956851959,7.0,-0.05392979457974434,0.07042723149061203,0.3046920597553253,1.0079280138015747
1692309364.1533487,"[label: ""height""
size: 3
stride: 15, label: ""width""
size: 5
stride: 5]",0,6.0,-0.08571573346853256,0.06994005292654037,0.27551865577697754,0.430175244808197,7.0,-0.05666075274348259,0.07073355466127396,0.3027285635471344,0.978046178817749,8.0,-0.04434950649738312,0.0724397748708725,0.3451930582523346,1.5071831941604614
1692309364.249922,"[label: ""height""
size: 3
stride: 15, label: ""width""
size: 5
stride: 5]",0,6.0,-0.08962748944759369,0.0704207643866539,0.2743412256240845,0.41553354263305664,7.0,-0.059766657650470734,0.0711560770869255,0.30037981271743774,0.9496012330055237,8.0,-0.04669623449444771,0.0725155621767044,0.34092292189598083,1.4895641803741455
1692309364.3544471,"[label: ""height""
size: 3
stride: 15, label: ""width""
size: 5
stride: 5]",0,6.0,-0.09282156825065613,0.07004062831401825,0.2715188264846802,0.4027203321456909,7.0,-0.06284479796886444,0.07101938873529434,0.29871487617492676,0.9287514090538025,8.0,-0.048215121030807495,0.07101336121559143,0.3332619369029999,1.4796093702316284
1692309364.4564652,"[label: ""height""
size: 3
stride: 15, label: ""width""
size: 5
stride: 5]",0,6.0,-0.09742715209722519,0.0709788054227829,0.27313053607940674,0.3797720670700073,7.0,-0.06601811200380325,0.07134061306715012,0.29602742195129395,0.9227479696273804,8.0,-0.0509437695145607,0.07214059680700302,0.33343416452407837,1.4558526277542114
1692309364.5521994,"[label: ""height""
size: 3
stride: 15, label: ""width""
size: 5
stride: 5]",0,6.0,-0.1005028560757637,0.07111427932977676,0.27117055654525757,0.3734530508518219,7.0,-0.06788665801286697,0.07064741849899292,0.29116538166999817,0.9028406143188477,8.0,-0.05300245061516762,0.07212159782648087,0.3302384614944458,1.4434340000152588
1692309364.6496289,"[label: ""height""
size: 3
stride: 15, label: ""width""
size: 5
stride: 5]",0,6.0,-0.10308994352817535,0.07051678001880646,0.2690895199775696,0.3220541477203369,7.0,-0.07112642377614975,0.07115264981985092,0.29270657896995544,0.864907443523407,8.0,-0.05475484952330589,0.0719197690486908,0.32871025800704956,1.4260647296905518
1692309364.7520275,"[label: ""height""
size: 3
stride: 15, label: ""width""
size: 5
stride: 5]",0,6.0,-0.10590528696775436,0.07123014330863953,0.2694832682609558,0.30839040875434875,7.0,-0.07314157485961914,0.0712953731417656,0.289835661649704,0.8561488389968872,8.0,-0.05661569908261299,0.07246243208646774,0.3287270665168762,1.4000966548919678
1692309364.8495336,"[label: ""height""
size: 3
stride: 15, label: ""width""
size: 5
stride: 5]",0,6.0,-0.10858248174190521,0.07090360671281815,0.2681479752063751,0.29036837816238403,7.0,-0.0757119208574295,0.07126188278198242,0.28924646973609924,0.8350724577903748,8.0,-0.05883968248963356,0.07230615615844727,0.32621774077415466,1.3959858417510986
1692309364.9517868,"[label: ""height""
size: 3
stride: 15, label: ""width""
size: 5
stride: 5]",0,6.0,-0.11138343065977097,0.07147973030805588,0.2698274850845337,0.2753664553165436,7.0,-0.07707753777503967,0.0706947073340416,0.2864609360694885,0.8365519642829895,8.0,-0.06029844656586647,0.07169918715953827,0.324088454246521,1.3873469829559326
1692309365.0518856,"[label: ""height""
size: 3
stride: 15, label: ""width""
size: 5
stride: 5]",0,6.0,-0.1114780530333519,0.07129264622926712,0.2675974369049072,0.2481215000152588,7.0,-0.07815781980752945,0.07138586044311523,0.2874099612236023,0.8467971086502075,8.0,-0.061947960406541824,0.07308629900217056,0.32791250944137573,1.379656195640564
1692309365.1526198,"[label: ""height""
size: 3
stride: 15, label: ""width""
size: 5
stride: 5]",0,6.0,-0.11130821704864502,0.06992577761411667,0.26773449778556824,0.2544178366661072,7.0,-0.07800170034170151,0.06994079053401947,0.28726258873939514,0.8354734778404236,8.0,-0.06148800998926163,0.07122612744569778,0.32616105675697327,1.388898491859436
1692309365.2649314,"[label: ""height""
size: 3
stride: 15, label: ""width""
size: 5
stride: 5]",0,6.0,-0.11050762236118317,0.071004219353199,0.26854953169822693,0.28862515091896057,7.0,-0.07765171676874161,0.07130315899848938,0.28942689299583435,0.8426837921142578,8.0,-0.06015441194176674,0.07229733467102051,0.32617396116256714,1.3843392133712769
1692309365.3575642,"[label: ""height""
size: 3
stride: 15, label: ""width""
size: 5
stride: 5]",0,6.0,-0.11005283892154694,0.06963634490966797,0.2686702013015747,0.25122496485710144,7.0,-0.07706210762262344,0.0697835311293602,0.288998007774353,0.8428654670715332,8.0,-0.0601818710565567,0.07134609669446945,0.3285309374332428,1.372174859046936
1692309365.4551501,"[label: ""height""
size: 3
stride: 15, label: ""width""
size: 5
stride: 5]",0,6.0,-0.10902669280767441,0.07096288353204727,0.2735680341720581,0.2670837938785553,7.0,-0.07508384436368942,0.07067636400461197,0.29227083921432495,0.8375583291053772,8.0,-0.057108502835035324,0.07136306911706924,0.32861384749412537,1.3704452514648438
1692309365.552333,"[label: ""height""
size: 3
stride: 15, label: ""width""
size: 5
stride: 5]",0,6.0,-0.1051475778222084,0.07002861052751541,0.2728298604488373,0.27391380071640015,7.0,-0.07191283255815506,0.07002314180135727,0.2929571568965912,0.8185385465621948,8.0,-0.05414479598402977,0.07080511003732681,0.3285175859928131,1.3775612115859985
1692309365.64926,"[label: ""height""
size: 3
stride: 15, label: ""width""
size: 5
stride: 5]",0,6.0,-0.10197462141513824,0.06964512914419174,0.2753015160560608,0.23925115168094635,7.0,-0.06870049983263016,0.06990879774093628,0.296103298664093,0.8456733822822571,8.0,-0.050974056124687195,0.07100722193717957,0.33322086930274963,1.3687553405761719
1692309365.752982,"[label: ""height""
size: 3
stride: 15, label: ""width""
size: 5
stride: 5]",0,6.0,-0.09946873784065247,0.06999118626117706,0.2775267958641052,0.2730851173400879,7.0,-0.06552855670452118,0.06976921856403351,0.29651445150375366,0.8179890513420105,8.0,-0.047395285218954086,0.0709047019481659,0.3340059816837311,1.3468824625015259
1692309365.8513231,"[label: ""height""
size: 3
stride: 15, label: ""width""
size: 5
stride: 5]",0,6.0,-0.0970255509018898,0.0693882405757904,0.2802041471004486,0.2445359230041504,7.0,-0.061963751912117004,0.06901867687702179,0.29681631922721863,0.775912344455719,8.0,-0.04299743473529816,0.07032637298107147,0.33384594321250916,1.3338907957077026
1692309365.952466,"[label: ""height""
size: 3
stride: 15, label: ""width""
size: 5
stride: 5]",0,6.0,-0.09420222043991089,0.06940764933824539,0.28025487065315247,0.2193652093410492,7.0,-0.05931498482823372,0.06955243647098541,0.29809367656707764,0.7566275000572205,8.0,-0.03912467509508133,0.07029442489147186,0.3336765766143799,1.289280891418457
1692309366.0519962,"[label: ""height""
size: 3
stride: 15, label: ""width""
size: 5
stride: 5]",0,6.0,-0.09113992750644684,0.06858989596366882,0.28027859330177307,0.19384993612766266,7.0,-0.05655462294816971,0.06929709762334824,0.2995329201221466,0.721403181552887,8.0,-0.03533918038010597,0.07080908119678497,0.33674392104148865,1.2552454471588135
1692309366.1525805,"[label: ""height""
size: 3
stride: 15, label: ""width""
size: 5
stride: 5]",0,6.0,-0.08928999304771423,0.06818660348653793,0.2822926640510559,0.16272155940532684,7.0,-0.05341112241148949,0.06825610995292664,0.2976730763912201,0.6802359819412231,8.0,-0.03128115087747574,0.06969540566205978,0.33339664340019226,1.2235485315322876
1692309366.2499683,"[label: ""height""
size: 3
stride: 15, label: ""width""
size: 5
stride: 5]",0,6.0,-0.08745502680540085,0.0691559761762619,0.2845110595226288,0.1411348134279251,7.0,-0.05084457993507385,0.06867782026529312,0.2969091236591339,0.6730010509490967,8.0,-0.02738267369568348,0.0701553151011467,0.33105751872062683,1.1893229484558105
1692309366.3519702,"[label: ""height""
size: 3
stride: 15, label: ""width""
size: 5
stride: 5]",0,6.0,-0.08552702516317368,0.06873659044504166,0.2865244150161743,0.11189798265695572,7.0,-0.0488511361181736,0.06910491734743118,0.3008127510547638,0.6063031554222107,8.0,-0.023929160088300705,0.07067619264125824,0.33604204654693604,1.1346580982208252
1692309366.4502652,"[label: ""height""
size: 3
stride: 15, label: ""width""
size: 5
stride: 5]",0,6.0,-0.0830460637807846,0.06858976930379868,0.28837403655052185,0.07887756824493408,7.0,-0.0454987995326519,0.06886839121580124,0.2996981739997864,0.567744255065918,8.0,-0.019489191472530365,0.06988852471113205,0.33102095127105713,1.1124894618988037
1692309366.5543625,"[label: ""height""
size: 3
stride: 15, label: ""width""
size: 5
stride: 5]",0,6.0,-0.08043629676103592,0.06942856311798096,0.2889759838581085,0.025968270376324654,7.0,-0.042363617569208145,0.06921512633562088,0.2974966764450073,0.5572988390922546,8.0,-0.015702353790402412,0.07087782025337219,0.3286924958229065,1.0781599283218384
1692309366.6502576,"[label: ""height""
size: 3
stride: 15, label: ""width""
size: 5
stride: 5]",0,6.0,-0.07837073504924774,0.06910087913274765,0.2921737730503082,-0.00822480209171772,7.0,-0.040311142802238464,0.0693000853061676,0.30090010166168213,0.496468722820282,8.0,-0.012199107557535172,0.07009831815958023,0.32878661155700684,1.0488777160644531
1692309366.7526498,"[label: ""height""
size: 3
stride: 15, label: ""width""
size: 5
stride: 5]",0,6.0,-0.07627849280834198,0.06987296044826508,0.2928054630756378,-0.024536440148949623,7.0,-0.03766283765435219,0.06999608874320984,0.30029401183128357,0.4737827777862549,8.0,-0.009097786620259285,0.07121090590953827,0.3289504647254944,1.011589527130127
1692309366.8509958,"[label: ""height""
size: 3
stride: 15, label: ""width""
size: 5
stride: 5]",0,6.0,-0.07458793371915817,0.0700010359287262,0.29595744609832764,-0.05914170295000076,7.0,-0.03573577105998993,0.06981424987316132,0.30053654313087463,0.45858034491539,8.0,-0.006214235443621874,0.07053139060735703,0.3264196813106537,0.9986817240715027
1692309366.9521782,"[label: ""height""
size: 3
stride: 15, label: ""width""
size: 5
stride: 5]",0,6.0,-0.07217949628829956,0.06893143057823181,0.2939665615558624,-0.07819228619337082,7.0,-0.033336177468299866,0.06858395040035248,0.29782822728157043,0.4549177289009094,8.0,-0.0038256400730460882,0.07050153613090515,0.3280904293060303,0.9694951772689819
1692309367.050455,"[label: ""height""
size: 3
stride: 15, label: ""width""
size: 5
stride: 5]",0,6.0,-0.07042393833398819,0.06967448443174362,0.29557880759239197,-0.10773643106222153,7.0,-0.031687527894973755,0.06993778795003891,0.3003949224948883,0.4225960075855255,8.0,-0.0013972253073006868,0.07101799547672272,0.3261730670928955,0.9660652875900269
1692309367.1522522,"[label: ""height""
size: 4
stride: 20, label: ""width""
size: 5
stride: 5]",0,6.0,-0.06917311996221542,0.06866251677274704,0.2980300188064575,-0.10562825202941895,7.0,-0.030020063742995262,0.06858550757169724,0.30209267139434814,0.41640526056289673,8.0,0.0006078891456127167,0.06940049678087234,0.32795098423957825,0.9470152854919434,0.0,-0.4420680105686188,0.08430323004722595,1.178433895111084,-0.08338204771280289
1692309367.2503102,"[label: ""height""
size: 3
stride: 15, label: ""width""
size: 5
stride: 5]",0,6.0,-0.06666784733533859,0.06962166726589203,0.29838261008262634,-0.08443686366081238,7.0,-0.027672570198774338,0.06982547789812088,0.30328744649887085,0.3987041413784027,8.0,0.0030383197590708733,0.0710689052939415,0.3300456702709198,0.9352138638496399
1692309367.3553507,"[label: ""height""
size: 3
stride: 15, label: ""width""
size: 5
stride: 5]",0,6.0,-0.06464315950870514,0.06776268035173416,0.2956964075565338,-0.11289281398057938,7.0,-0.026043172925710678,0.06802716106176376,0.3006669580936432,0.4384898245334625,8.0,0.00407036580145359,0.06884266436100006,0.3259795904159546,0.9593033194541931
1692309367.4513218,"[label: ""height""
size: 3
stride: 15, label: ""width""
size: 5
stride: 5]",0,6.0,-0.0636356770992279,0.06935308128595352,0.29787009954452515,-0.09543263167142868,7.0,-0.025068949908018112,0.06984202563762665,0.3049345314502716,0.4135061502456665,8.0,0.005287895444780588,0.07008758932352066,0.3274010717868805,0.9625362157821655
1692309367.5544662,"[label: ""height""
size: 3
stride: 15, label: ""width""
size: 5
stride: 5]",0,6.0,-0.06274284422397614,0.06912834197282791,0.3017923831939697,-0.09816891700029373,7.0,-0.02354332245886326,0.06876567751169205,0.30456721782684326,0.4111618995666504,8.0,0.006444983184337616,0.07011451572179794,0.3325839042663574,0.9668219685554504
1692309367.6620312,"[label: ""height""
size: 3
stride: 15, label: ""width""
size: 5
stride: 5]",0,6.0,-0.061699945479631424,0.06934073567390442,0.30047401785850525,-0.06576769053936005,7.0,-0.022888781502842903,0.06947429478168488,0.3060297966003418,0.43878722190856934,8.0,0.00711654219776392,0.07005605846643448,0.33229219913482666,0.9746864438056946
1692309367.7589083,"[label: ""height""
size: 3
stride: 15, label: ""width""
size: 5
stride: 5]",0,6.0,-0.06169549748301506,0.06884346157312393,0.3004509508609772,-0.06605030596256256,7.0,-0.02288088947534561,0.06895303726196289,0.30593520402908325,0.4396120011806488,8.0,0.006714124232530594,0.0701514184474945,0.33277595043182373,0.9841551780700684
1692309367.856537,"[label: ""height""
size: 3
stride: 15, label: ""width""
size: 5
stride: 5]",0,6.0,-0.061308469623327255,0.06922484934329987,0.30103737115859985,-0.05186666548252106,7.0,-0.022929193452000618,0.06958682835102081,0.30817246437072754,0.4370875656604767,8.0,0.00683073652908206,0.06970936059951782,0.3319568634033203,0.995090663433075
1692309367.9595292,"[label: ""height""
size: 3
stride: 15, label: ""width""
size: 5
stride: 5]",0,6.0,-0.061846714466810226,0.06933647394180298,0.3004644811153412,-0.0920361801981926,7.0,-0.02337200567126274,0.06987271457910538,0.30877673625946045,0.4135238528251648,8.0,0.006297769024968147,0.07010199874639511,0.33253058791160583,0.9950208067893982
1692309368.058582,"[label: ""height""
size: 3
stride: 15, label: ""width""
size: 5
stride: 5]",0,6.0,-0.06277329474687576,0.06910788267850876,0.30094295740127563,-0.05631278082728386,7.0,-0.023963183164596558,0.06931193172931671,0.30688250064849854,0.4337964951992035,8.0,0.005625065416097641,0.07015828043222427,0.3328116536140442,0.9873142838478088
1692309368.1586318,"[label: ""height""
size: 3
stride: 15, label: ""width""
size: 5
stride: 5]",0,6.0,-0.063365139067173,0.06947747617959976,0.2999703288078308,-0.11557494848966599,7.0,-0.024706300348043442,0.0695597231388092,0.30520373582839966,0.4276985228061676,8.0,0.005358124151825905,0.07068789750337601,0.33272823691368103,0.9697339534759521
1692309368.2575347,"[label: ""height""
size: 3
stride: 15, label: ""width""
size: 5
stride: 5]",0,6.0,-0.06339879333972931,0.06973662972450256,0.3011721670627594,-0.14536668360233307,7.0,-0.024816181510686874,0.07057606428861618,0.3092257082462311,0.3910447359085083,8.0,0.006045489571988583,0.07073114067316055,0.332940936088562,0.957984209060669
1692309368.3567262,"[label: ""height""
size: 3
stride: 15, label: ""width""
size: 5
stride: 5]",0,6.0,-0.06348299235105515,0.07022284716367722,0.30157777667045593,-0.1442866325378418,7.0,-0.024829713627696037,0.07077383249998093,0.30780044198036194,0.3845355808734894,8.0,0.0065605961717665195,0.07119320333003998,0.3306565582752228,0.9234232902526855
1692309368.457287,"[label: ""height""
size: 3
stride: 15, label: ""width""
size: 5
stride: 5]",0,6.0,-0.06417833268642426,0.07056344300508499,0.3046993315219879,-0.1910066455602646,7.0,-0.02497595176100731,0.07053352147340775,0.30621278285980225,0.3500312566757202,8.0,0.007052230183035135,0.07094433158636093,0.3275986909866333,0.8901392221450806
1692309368.5573215,"[label: ""height""
size: 3
stride: 15, label: ""width""
size: 5
stride: 5]",0,6.0,-0.06426858901977539,0.07079541683197021,0.30622583627700806,-0.21664032340049744,7.0,-0.025295259431004524,0.07108041644096375,0.30801185965538025,0.29969537258148193,8.0,0.007610947825014591,0.07138065993785858,0.32835736870765686,0.8469688892364502
1692309368.6586094,"[label: ""height""
size: 3
stride: 15, label: ""width""
size: 5
stride: 5]",0,7.0,-0.02501162327826023,0.07121821492910385,0.3086012005805969,0.24778084456920624,6.0,-0.06379128992557526,0.07040958106517792,0.30677375197410583,-0.26298102736473083,8.0,0.00895357970148325,0.07162328064441681,0.3281673192977905,0.8022223114967346
1692309368.7560391,"[label: ""height""
size: 3
stride: 15, label: ""width""
size: 5
stride: 5]",0,7.0,-0.02448420412838459,0.07151126116514206,0.30838248133659363,0.25226518511772156,6.0,-0.06388998031616211,0.07146715372800827,0.3114105761051178,-0.3108888566493988,8.0,0.010217983275651932,0.07168816775083542,0.3254263699054718,0.7651031613349915
1692309368.8515997,"[label: ""height""
size: 3
stride: 15, label: ""width""
size: 5
stride: 5]",0,7.0,-0.02414136752486229,0.07094225287437439,0.30664145946502686,0.20012621581554413,6.0,-0.06411077827215195,0.07217543572187424,0.3156011700630188,-0.33253711462020874,8.0,0.010744476690888405,0.07193702459335327,0.3252889811992645,0.719489336013794
1692309368.9547334,"[label: ""height""
size: 3
stride: 15, label: ""width""
size: 5
stride: 5]",0,7.0,-0.023864133283495903,0.07265923172235489,0.3121374845504761,0.14663131535053253,6.0,-0.06226588040590286,0.0718979462981224,0.31390342116355896,-0.3988776206970215,8.0,0.012358362786471844,0.07289446145296097,0.3259844481945038,0.6664972901344299
1692309369.0520885,"[label: ""height""
size: 3
stride: 15, label: ""width""
size: 5
stride: 5]",0,7.0,-0.022916706278920174,0.07181327044963837,0.3121567666530609,0.0704922005534172,6.0,-0.06250513345003128,0.07296617329120636,0.3231748938560486,-0.4116060435771942,8.0,0.01373246405273676,0.07312840968370438,0.3306296467781067,0.6343207359313965
1692309369.1571548,"[label: ""height""
size: 3
stride: 15, label: ""width""
size: 5
stride: 5]",0,7.0,-0.0208460483700037,0.07139416038990021,0.31026503443717957,0.09568547457456589,6.0,-0.05997539684176445,0.07250479608774185,0.3222775459289551,-0.44631797075271606,8.0,0.015614968724548817,0.07285915315151215,0.3275507390499115,0.6036773920059204
1692309369.253369,"[label: ""height""
size: 3
stride: 15, label: ""width""
size: 5
stride: 5]",0,7.0,-0.017828263342380524,0.07275863736867905,0.3146211504936218,0.05694463476538658,6.0,-0.05626754090189934,0.07232768833637238,0.32143864035606384,-0.44504815340042114,8.0,0.01914900913834572,0.07330603152513504,0.3283672630786896,0.6137949824333191
1692309369.3571904,"[label: ""height""
size: 3
stride: 15, label: ""width""
size: 5
stride: 5]",0,7.0,-0.0137151088565588,0.07186691462993622,0.31453579664230347,0.042074162513017654,8.0,0.023514552041888237,0.07271692156791687,0.3293822109699249,0.5975513458251953,6.0,-0.052255868911743164,0.07221556454896927,0.3251630663871765,-0.4529939293861389
1692309369.4564297,"[label: ""height""
size: 3
stride: 15, label: ""width""
size: 5
stride: 5]",0,8.0,0.028052397072315216,0.07400994747877121,0.3304125964641571,0.6178361177444458,6.0,-0.0474746935069561,0.07366600632667542,0.32618996500968933,-0.4459613561630249,7.0,-0.009005779400467873,0.07515834271907806,0.3251493275165558,0.16367430984973907
1692309369.5600646,"[label: ""height""
size: 3
stride: 15, label: ""width""
size: 5
stride: 5]",0,7.0,-0.0034955383744090796,0.07190354913473129,0.31879693269729614,4.505298420554027e-05,6.0,-0.04208210110664368,0.07193993777036667,0.3268570601940155,-0.44231125712394714,8.0,0.034143269062042236,0.07320540398359299,0.335914671421051,0.6208457946777344
1692309369.6570556,"[label: ""height""
size: 3
stride: 15, label: ""width""
size: 5
stride: 5]",0,7.0,0.004238562658429146,0.07537487894296646,0.32772812247276306,0.19826677441596985,6.0,-0.03516095504164696,0.07475834339857101,0.33355578780174255,-0.4716031849384308,8.0,0.04101860895752907,0.0747152715921402,0.33473095297813416,0.6617462038993835
1692309369.7578418,"[label: ""height""
size: 3
stride: 15, label: ""width""
size: 5
stride: 5]",0,7.0,0.011371475644409657,0.07341515272855759,0.32100021839141846,0.03521903231739998,6.0,-0.027591461315751076,0.07431375235319138,0.3327741026878357,-0.48048269748687744,8.0,0.04825463145971298,0.0744297131896019,0.33651798963546753,0.6509770154953003
1692309369.8567145,"[label: ""height""
size: 3
stride: 15, label: ""width""
size: 5
stride: 5]",0,6.0,-0.01951480284333229,0.07443704456090927,0.33025768399238586,-0.4201942980289459,7.0,0.019478533416986465,0.07642902433872223,0.330944299697876,0.06901472806930542,8.0,0.05654250457882881,0.07556489109992981,0.3366708755493164,0.6514977216720581
1692309369.9558809,"[label: ""height""
size: 3
stride: 15, label: ""width""
size: 5
stride: 5]",0,6.0,-0.011318796314299107,0.07508525997400284,0.3312760293483734,-0.4545002579689026,7.0,0.027566466480493546,0.07684732973575592,0.3303612768650055,0.07200812548398972,8.0,0.06420058757066727,0.07620903104543686,0.3371056914329529,0.6427997350692749
1692309370.0534108,"[label: ""height""
size: 3
stride: 15, label: ""width""
size: 5
stride: 5]",0,7.0,0.03377432003617287,0.07377947866916656,0.32191190123558044,-0.013221814297139645,6.0,-0.004876465070992708,0.07242200523614883,0.3258912265300751,-0.4564763009548187,8.0,0.07196485996246338,0.07560266554355621,0.33993542194366455,0.6179419755935669
1692309370.1538236,"[label: ""height""
size: 3
stride: 15, label: ""width""
size: 5
stride: 5]",0,7.0,0.03957526013255119,0.07424912601709366,0.32207825779914856,-0.035686708986759186,6.0,0.0014670680975541472,0.07514990866184235,0.3351196348667145,-0.433584600687027,8.0,0.07881798595190048,0.07717795670032501,0.3425511419773102,0.5854571461677551
1692309370.2566817,"[label: ""height""
size: 3
stride: 15, label: ""width""
size: 5
stride: 5]",0,7.0,0.04526344686746597,0.07494240999221802,0.32651400566101074,-0.11316099762916565,6.0,0.0068474458530545235,0.07500004023313522,0.33701232075691223,-0.45557737350463867,8.0,0.0835321918129921,0.07634986937046051,0.33947181701660156,0.5719513297080994
1692309370.354215,"[label: ""height""
size: 3
stride: 15, label: ""width""
size: 5
stride: 5]",0,7.0,0.05054163187742233,0.07448993623256683,0.32565373182296753,-0.0475941002368927,6.0,0.012158400379121304,0.07356563210487366,0.3323456048965454,-0.5042910575866699,8.0,0.08889592438936234,0.07529304176568985,0.3366296589374542,0.5471711754798889
1692309370.458181,"[label: ""height""
size: 3
stride: 15, label: ""width""
size: 5
stride: 5]",0,7.0,0.054589174687862396,0.07361690700054169,0.3228990137577057,-0.07019436359405518,6.0,0.017633818089962006,0.07525286823511124,0.34330934286117554,-0.5263986587524414,8.0,0.09429068863391876,0.07569707930088043,0.337716281414032,0.5226691961288452
1692309370.557497,"[label: ""height""
size: 3
stride: 15, label: ""width""
size: 5
stride: 5]",0,7.0,0.058853693306446075,0.07479984313249588,0.3258567452430725,-0.04274715855717659,8.0,0.09727278351783752,0.07543839514255524,0.3341924250125885,0.4932626783847809,6.0,0.02121838927268982,0.0750313252210617,0.34038761258125305,-0.5701272487640381
1692309370.653604,"[label: ""height""
size: 3
stride: 15, label: ""width""
size: 5
stride: 5]",0,7.0,0.06121209263801575,0.07257921993732452,0.322727769613266,-0.16393864154815674,6.0,0.024623658508062363,0.07341957837343216,0.34125247597694397,-0.5779104828834534,8.0,0.10194322466850281,0.07483160495758057,0.33749717473983765,0.4433474540710449
1692309370.7589986,"[label: ""height""
size: 3
stride: 15, label: ""width""
size: 5
stride: 5]",0,7.0,0.0639246329665184,0.07384905964136124,0.32322415709495544,-0.1951720416545868,8.0,0.10339318960905075,0.07505444437265396,0.33236944675445557,0.4324493408203125,6.0,0.027438418939709663,0.07410167157649994,0.3399856984615326,-0.6091433763504028
1692309370.857477,"[label: ""height""
size: 3
stride: 15, label: ""width""
size: 5
stride: 5]",0,7.0,0.06507018208503723,0.07282819598913193,0.32211020588874817,-0.14500392973423004,8.0,0.10553234070539474,0.07440800964832306,0.3331489861011505,0.4038674235343933,6.0,0.029286988079547882,0.07353654503822327,0.34051334857940674,-0.628764271736145
1692309370.96014,"[label: ""height""
size: 3
stride: 15, label: ""width""
size: 5
stride: 5]",0,7.0,0.06724010407924652,0.07325182110071182,0.3239104449748993,-0.20081931352615356,8.0,0.10723903030157089,0.07445656508207321,0.33210721611976624,0.39275917410850525,6.0,0.03165049105882645,0.07433968037366867,0.3449411690235138,-0.6437538266181946
1692309371.0572665,"[label: ""height""
size: 3
stride: 15, label: ""width""
size: 5
stride: 5]",0,7.0,0.06839537620544434,0.07265494018793106,0.32136064767837524,-0.22453507781028748,8.0,0.10824375599622726,0.07398104667663574,0.3293490707874298,0.3983447849750519,6.0,0.03345741331577301,0.07445389032363892,0.3460794687271118,-0.6450504660606384
1692309371.1630878,"[label: ""height""
size: 3
stride: 15, label: ""width""
size: 5
stride: 5]",0,7.0,0.07031366974115372,0.07194274663925171,0.3217099905014038,-0.22656966745853424,8.0,0.11101385951042175,0.07371637970209122,0.3324434459209442,0.3741469979286194,6.0,0.035265978425741196,0.07365931570529938,0.34436580538749695,-0.627590000629425
1692309371.260356,"[label: ""height""
size: 3
stride: 15, label: ""width""
size: 5
stride: 5]",0,7.0,0.07335968315601349,0.07335877418518066,0.3238500952720642,-0.1679847091436386,6.0,0.037552475929260254,0.07428474724292755,0.34466877579689026,-0.633712887763977,8.0,0.11414054781198502,0.07501222938299179,0.33520275354385376,0.4054027199745178
1692309371.3609288,"[label: ""height""
size: 3
stride: 15, label: ""width""
size: 5
stride: 5]",0,7.0,0.07418283075094223,0.07211071997880936,0.32249772548675537,-0.22891463339328766,8.0,0.11505640298128128,0.0739646852016449,0.3354511857032776,0.4250408709049225,6.0,0.03837885335087776,0.07317602634429932,0.3419873118400574,-0.6190934181213379
1692309371.457205,"[label: ""height""
size: 3
stride: 15, label: ""width""
size: 5
stride: 5]",0,7.0,0.07542560994625092,0.072602778673172,0.3235197961330414,-0.1463191658258438,8.0,0.1156947910785675,0.074152372777462,0.33689001202583313,0.45299601554870605,6.0,0.03896842524409294,0.07332529127597809,0.34212785959243774,-0.5851799845695496
1692309371.5618892,"[label: ""height""
size: 3
stride: 15, label: ""width""
size: 5
stride: 5]",0,7.0,0.07544371485710144,0.0724184438586235,0.3251696825027466,-0.11353759467601776,8.0,0.11485299468040466,0.07375063747167587,0.33762887120246887,0.49416664242744446,6.0,0.03834700584411621,0.0727633461356163,0.34020113945007324,-0.5430541038513184
1692309371.6585896,"[label: ""height""
size: 3
stride: 15, label: ""width""
size: 5
stride: 5]",0,6.0,0.037940219044685364,0.07139942795038223,0.33893418312072754,-0.5118241310119629,7.0,0.07639497518539429,0.07247145473957062,0.3308008313179016,-0.06381334364414215,8.0,0.11515733599662781,0.07290669530630112,0.3413948714733124,0.5367653369903564
1692309371.7608678,"[label: ""height""
size: 3
stride: 15, label: ""width""
size: 5
stride: 5]",0,7.0,0.07447817921638489,0.07269028574228287,0.3282059133052826,-0.034195512533187866,8.0,0.11293374001979828,0.07364095747470856,0.3422672152519226,0.5785006284713745,6.0,0.03590863198041916,0.07218897342681885,0.3367733657360077,-0.49738892912864685
1692309371.8571281,"[label: ""height""
size: 3
stride: 15, label: ""width""
size: 5
stride: 5]",0,7.0,0.07297252118587494,0.07165935635566711,0.3284165859222412,0.03107386641204357,8.0,0.1096726655960083,0.07142674922943115,0.3390900492668152,0.6100077629089355,6.0,0.03456229716539383,0.07159481942653656,0.33791154623031616,-0.4165029227733612
1692309371.9587495,"[label: ""height""
size: 3
stride: 15, label: ""width""
size: 5
stride: 5]",0,7.0,0.07127861678600311,0.07141274958848953,0.3285406827926636,0.061828240752220154,8.0,0.10816027969121933,0.0721239373087883,0.34311944246292114,0.6440183520317078,6.0,0.03254874423146248,0.07114815711975098,0.33565500378608704,-0.40364840626716614
1692309372.0544791,"[label: ""height""
size: 3
stride: 15, label: ""width""
size: 5
stride: 5]",0,7.0,0.06915740668773651,0.0706874430179596,0.3271383047103882,0.1283029019832611,6.0,0.030194085091352463,0.07003464549779892,0.3309170603752136,-0.3872669041156769,8.0,0.10525813698768616,0.07124013453722,0.34098726511001587,0.6721698641777039
1692309372.1600728,"[label: ""height""
size: 3
stride: 15, label: ""width""
size: 5
stride: 5]",0,7.0,0.0662224292755127,0.0708368718624115,0.32524052262306213,0.12378539144992828,6.0,0.0275840163230896,0.07119828462600708,0.33318525552749634,-0.32947543263435364,8.0,0.10383579134941101,0.07249289751052856,0.3455737233161926,0.6876174807548523
1692309372.255614,"[label: ""height""
size: 3
stride: 15, label: ""width""
size: 5
stride: 5]",0,7.0,0.0641513466835022,0.07030807435512543,0.3247494101524353,0.15121060609817505,6.0,0.02550772950053215,0.07081125676631927,0.3348163664340973,-0.35690879821777344,8.0,0.10007567703723907,0.07113290578126907,0.3404496908187866,0.7022026777267456
1692309372.3590176,"[label: ""height""
size: 3
stride: 15, label: ""width""
size: 5
stride: 5]",0,7.0,0.06266116350889206,0.06993431597948074,0.3255394697189331,0.09886475652456284,6.0,0.02330154739320278,0.06925660371780396,0.32922741770744324,-0.379955917596817,8.0,0.09953541308641434,0.07066961377859116,0.3429196774959564,0.6907588243484497
1692309372.4570727,"[label: ""height""
size: 3
stride: 15, label: ""width""
size: 5
stride: 5]",0,7.0,0.061853036284446716,0.0705706924200058,0.3234250545501709,0.09343893826007843,6.0,0.02271258272230625,0.07003799825906754,0.32858946919441223,-0.3869110643863678,8.0,0.0973893329501152,0.07091371715068817,0.33547118306159973,0.669011116027832
1692309372.558489,"[label: ""height""
size: 3
stride: 15, label: ""width""
size: 5
stride: 5]",0,7.0,0.061242807656526566,0.07004567235708237,0.32120198011398315,0.034121137112379074,6.0,0.022092299535870552,0.06894731521606445,0.32396647334098816,-0.42344048619270325,8.0,0.09956491738557816,0.07162924110889435,0.340119332075119,0.6385671496391296
1692309372.6556232,"[label: ""height""
size: 3
stride: 15, label: ""width""
size: 5
stride: 5]",0,7.0,0.061544906347990036,0.0695141926407814,0.31940579414367676,0.024075526744127274,6.0,0.02265298180282116,0.06904151290655136,0.32629868388175964,-0.4309588670730591,8.0,0.09821153432130814,0.06956129521131516,0.3303499221801758,0.6290973424911499
1692309372.759835,"[label: ""height""
size: 3
stride: 15, label: ""width""
size: 5
stride: 5]",0,7.0,0.06318926811218262,0.06987958401441574,0.3187042772769928,-0.02633848413825035,8.0,0.10033775120973587,0.06992284208536148,0.32757651805877686,0.5734665393829346,6.0,0.02438458800315857,0.06949654966592789,0.32672354578971863,-0.4902655780315399
1692309372.8581967,"[label: ""height""
size: 3
stride: 15, label: ""width""
size: 5
stride: 5]",0,7.0,0.0640031173825264,0.06939155608415604,0.3133094906806946,-0.06762556731700897,8.0,0.10200424492359161,0.07017463445663452,0.3243446946144104,0.5377450585365295,6.0,0.026509195566177368,0.07018017768859863,0.3280079662799835,-0.47189995646476746
1692309372.9607975,"[label: ""height""
size: 3
stride: 15, label: ""width""
size: 5
stride: 5]",0,7.0,0.06518184393644333,0.06983427703380585,0.3124757409095764,-0.12589585781097412,8.0,0.10436885803937912,0.07090523093938828,0.3234683573246002,0.4948331415653229,6.0,0.02766428329050541,0.0697435662150383,0.3248494863510132,-0.5514503717422485
1692309373.0571542,"[label: ""height""
size: 3
stride: 15, label: ""width""
size: 5
stride: 5]",0,6.0,0.029836954548954964,0.06808074563741684,0.32138246297836304,-0.5983548164367676,7.0,0.06767953187227249,0.06888283789157867,0.3116430938243866,-0.13478362560272217,8.0,0.10662297904491425,0.06921520084142685,0.3198932409286499,0.47996285557746887
1692309373.159317,"[label: ""height""
size: 3
stride: 15, label: ""width""
size: 5
stride: 5]",0,7.0,0.06857890635728836,0.06793000549077988,0.3049043118953705,-0.1387515664100647,8.0,0.10804867744445801,0.06891095638275146,0.3148866891860962,0.45019766688346863,6.0,0.03222257271409035,0.06877892464399338,0.3227740228176117,-0.5837790966033936
1692309373.2553678,"[label: ""height""
size: 3
stride: 15, label: ""width""
size: 5
stride: 5]",0,7.0,0.06980831921100616,0.0686432495713234,0.3031401038169861,-0.12578919529914856,8.0,0.10916594415903091,0.06978543102741241,0.3136443495750427,0.4504798650741577,6.0,0.03304984048008919,0.06951099634170532,0.3194085657596588,-0.5911332368850708
1692309373.3590353,"[label: ""height""
size: 3
stride: 15, label: ""width""
size: 5
stride: 5]",0,6.0,0.034281615167856216,0.06793742626905441,0.31528520584106445,-0.603830873966217,7.0,0.07160747796297073,0.0684489980340004,0.30339956283569336,-0.12601986527442932,8.0,0.11089646071195602,0.06925059109926224,0.3123376667499542,0.479214072227478
1692309373.4566352,"[label: ""height""
size: 3
stride: 15, label: ""width""
size: 5
stride: 5]",0,7.0,0.07273797690868378,0.06770585477352142,0.2987743616104126,-0.10389695316553116,8.0,0.11288738250732422,0.06902933865785599,0.3125377595424652,0.48555225133895874,6.0,0.03568866476416588,0.06793538480997086,0.3127279579639435,-0.546186089515686
1692309373.5581603,"[label: ""height""
size: 3
stride: 15, label: ""width""
size: 5
stride: 5]",0,7.0,0.07511692494153976,0.06962139904499054,0.2999015748500824,-0.08922519534826279,8.0,0.11380384862422943,0.07003858685493469,0.3108145594596863,0.5231104493141174,6.0,0.037075817584991455,0.0695827305316925,0.3103160560131073,-0.514143705368042
1692309373.6561077,"[label: ""height""
size: 3
stride: 15, label: ""width""
size: 5
stride: 5]",0,7.0,0.07670550793409348,0.06977742910385132,0.29866376519203186,-0.02743387222290039,8.0,0.11448175460100174,0.07011152803897858,0.3095279633998871,0.5670132040977478,6.0,0.038174062967300415,0.06919269263744354,0.30592331290245056,-0.5013238191604614
1692309373.7577581,"[label: ""height""
size: 3
stride: 15, label: ""width""
size: 5
stride: 5]",0,7.0,0.07720454782247543,0.06959490478038788,0.296712726354599,-0.0006941345054656267,6.0,0.03867890313267708,0.06986735761165619,0.30552566051483154,-0.4230938255786896,8.0,0.11509453505277634,0.07021432369947433,0.31049877405166626,0.5984125733375549
1692309373.8576915,"[label: ""height""
size: 3
stride: 15, label: ""width""
size: 5
stride: 5]",0,7.0,0.07806980609893799,0.07012798637151718,0.2943558096885681,0.029992450028657913,6.0,0.039061397314071655,0.06982636451721191,0.2998860776424408,-0.4150466024875641,8.0,0.11551610380411148,0.07079844921827316,0.30924123525619507,0.6398648023605347
1692309373.9603653,"[label: ""height""
size: 3
stride: 15, label: ""width""
size: 5
stride: 5]",0,6.0,0.040442366153001785,0.06988560408353806,0.29639172554016113,-0.38368284702301025,8.0,0.11613093316555023,0.07044075429439545,0.3071814477443695,0.6652514934539795,7.0,0.0802764892578125,0.07066518813371658,0.29420027136802673,0.10972019284963608
1692309374.0562203,"[label: ""height""
size: 3
stride: 15, label: ""width""
size: 5
stride: 5]",0,7.0,0.08137602359056473,0.0704575851559639,0.290771484375,0.11763951927423477,6.0,0.04180159047245979,0.07005039602518082,0.29304239153862,-0.3552347719669342,8.0,0.11783778667449951,0.07112903147935867,0.30805060267448425,0.6992865800857544
1692309374.1576333,"[label: ""height""
size: 3
stride: 15, label: ""width""
size: 5
stride: 5]",0,6.0,0.04402443766593933,0.07049974054098129,0.2908304035663605,-0.30912697315216064,7.0,0.08409754931926727,0.07137830555438995,0.29130861163139343,0.19085992872714996,8.0,0.12126575410366058,0.07248756289482117,0.31171008944511414,0.7193997502326965
1692309374.2584925,"[label: ""height""
size: 3
stride: 15, label: ""width""
size: 5
stride: 5]",0,6.0,0.045437343418598175,0.0693623423576355,0.28426462411880493,-0.3326522707939148,7.0,0.08613914251327515,0.07098838686943054,0.28887176513671875,0.21647627651691437,8.0,0.1217762678861618,0.07182899862527847,0.3078467845916748,0.751000702381134
1692309374.3617733,"[label: ""height""
size: 3
stride: 15, label: ""width""
size: 5
stride: 5]",0,7.0,0.08620055019855499,0.07117035984992981,0.2879817485809326,0.18223173916339874,6.0,0.04577802121639252,0.06977657228708267,0.2840560972690582,-0.3063802719116211,8.0,0.12055720388889313,0.07130873948335648,0.3050898611545563,0.7777314186096191
1692309374.461994,"[label: ""height""
size: 3
stride: 15, label: ""width""
size: 5
stride: 5]",0,7.0,0.08444146066904068,0.07118039578199387,0.2842770516872406,0.23328912258148193,6.0,0.0449322909116745,0.07089648395776749,0.28444987535476685,-0.2840099036693573,8.0,0.11939317733049393,0.07235643267631531,0.30530738830566406,0.7802581787109375
1692309374.5630143,"[label: ""height""
size: 3
stride: 15, label: ""width""
size: 5
stride: 5]",0,7.0,0.08214670419692993,0.0712057575583458,0.2843858003616333,0.23627804219722748,6.0,0.04206287860870361,0.07010316848754883,0.28166887164115906,-0.2861117422580719,8.0,0.11707235127687454,0.07229527831077576,0.3061272203922272,0.8064603805541992
1692309374.6603742,"[label: ""height""
size: 3
stride: 15, label: ""width""
size: 5
stride: 5]",0,6.0,0.03747563809156418,0.07009541243314743,0.27686041593551636,-0.2909455895423889,7.0,0.07846119999885559,0.07235687971115112,0.28531283140182495,0.2625729441642761,8.0,0.1123344749212265,0.07269420474767685,0.3041475713253021,0.8186354637145996
1692309374.7617133,"[label: ""height""
size: 3
stride: 15, label: ""width""
size: 5
stride: 5]",0,7.0,0.07209095358848572,0.07122959941625595,0.28314727544784546,0.2867017984390259,6.0,0.03307348117232323,0.07165788859128952,0.28635743260383606,-0.2527737617492676,8.0,0.10726270079612732,0.07234745472669601,0.30527395009994507,0.801906943321228
1692309374.8584423,"[label: ""height""
size: 3
stride: 15, label: ""width""
size: 5
stride: 5]",0,6.0,0.025202419608831406,0.07088418304920197,0.28076493740081787,-0.22452537715435028,7.0,0.06518189609050751,0.07186724990606308,0.28388074040412903,0.2826515734195709,8.0,0.09952817857265472,0.07211326062679291,0.3022445738315582,0.8075209856033325
1692309374.9573166,"[label: ""height""
size: 3
stride: 15, label: ""width""
size: 5
stride: 5]",0,7.0,0.05730985850095749,0.07197431474924088,0.28068095445632935,0.2613806128501892,6.0,0.018217306584119797,0.07249210774898529,0.2842654585838318,-0.3163986802101135,8.0,0.09145168215036392,0.0724204033613205,0.2984377443790436,0.8011783957481384
1692309375.0563872,"[label: ""height""
size: 3
stride: 15, label: ""width""
size: 5
stride: 5]",0,7.0,0.04955724999308586,0.07115708291530609,0.2791694104671478,0.24267339706420898,6.0,0.010314608924090862,0.07135849446058273,0.2820630371570587,-0.3361441195011139,8.0,0.08383464068174362,0.07143855839967728,0.29736942052841187,0.7927558422088623
1692309375.1570964,"[label: ""height""
size: 3
stride: 15, label: ""width""
size: 5
stride: 5]",0,6.0,0.0029091655742377043,0.06996768712997437,0.2748146653175354,-0.25075623393058777,7.0,0.0423373244702816,0.07175464928150177,0.2797541916370392,0.25342947244644165,8.0,0.07634130865335464,0.07196713984012604,0.29755330085754395,0.7969777584075928
1692309375.254784,"[label: ""height""
size: 3
stride: 15, label: ""width""
size: 5
stride: 5]",0,7.0,0.03531128540635109,0.07169116288423538,0.2791834771633148,0.2928280234336853,6.0,-0.003955025691539049,0.07197414338588715,0.2803831994533539,-0.29996901750564575,8.0,0.06909973919391632,0.07202883809804916,0.29783210158348083,0.8161764740943909
1692309375.3572438,"[label: ""height""
size: 3
stride: 15, label: ""width""
size: 5
stride: 5]",0,6.0,-0.010672987438738346,0.07183007150888443,0.27976351976394653,-0.26304852962493896,7.0,0.028439931571483612,0.07090210914611816,0.2764784097671509,0.3294336795806885,8.0,0.06161725893616676,0.07103888690471649,0.29525303840637207,0.8487447500228882
1692309375.460013,"[label: ""height""
size: 3
stride: 15, label: ""width""
size: 5
stride: 5]",0,6.0,-0.01608668640255928,0.07002872228622437,0.2730691730976105,-0.2138877809047699,7.0,0.022908024489879608,0.06993409246206284,0.2739883065223694,0.31886744499206543,8.0,0.055831775069236755,0.07107216119766235,0.2979333996772766,0.8610849380493164
1692309375.5571995,"[label: ""height""
size: 3
stride: 15, label: ""width""
size: 5
stride: 5]",0,6.0,-0.021015288308262825,0.07054408639669418,0.27429935336112976,-0.1320793777704239,7.0,0.018009891733527184,0.07004349678754807,0.2744494676589966,0.32931798696517944,8.0,0.05048937723040581,0.0713357925415039,0.2995663285255432,0.8907516002655029
1692309375.6580744,"[label: ""height""
size: 3
stride: 15, label: ""width""
size: 5
stride: 5]",0,6.0,-0.025095926597714424,0.07036063075065613,0.27193427085876465,-0.1568310260772705,7.0,0.013708570040762424,0.06963764876127243,0.27279677987098694,0.3877805173397064,8.0,0.044979337602853775,0.07090499997138977,0.29878517985343933,0.9087249040603638
1692309375.7565575,"[label: ""height""
size: 3
stride: 15, label: ""width""
size: 5
stride: 5]",0,6.0,-0.028510229662060738,0.0696345865726471,0.27011391520500183,-0.0901566743850708,7.0,0.010306747630238533,0.07021535933017731,0.2769166827201843,0.4302622675895691,8.0,0.04101579636335373,0.07006674259901047,0.29944470524787903,0.9589301943778992
1692309375.8594062,"[label: ""height""
size: 3
stride: 15, label: ""width""
size: 5
stride: 5]",0,6.0,-0.03131546452641487,0.07052500545978546,0.2685914635658264,-0.0852159708738327,7.0,0.0069755674339830875,0.07040727883577347,0.2745321989059448,0.4432731568813324,8.0,0.03664589300751686,0.07112475484609604,0.2997948229312897,0.9716286659240723
1692309375.9599016,"[label: ""height""
size: 3
stride: 15, label: ""width""
size: 5
stride: 5]",0,6.0,-0.033082831650972366,0.06972666084766388,0.2679983079433441,-0.05767841264605522,7.0,0.005203163251280785,0.06953814625740051,0.2747315764427185,0.4782303273677826,8.0,0.03408704325556755,0.06971047073602676,0.2990049421787262,1.0121372938156128
1692309376.0592144,"[label: ""height""
size: 3
stride: 15, label: ""width""
size: 5
stride: 5]",0,6.0,-0.0347963348031044,0.07173694670200348,0.26987919211387634,-0.00045383322867564857,7.0,0.003509585978463292,0.07108134776353836,0.2745581269264221,0.4685554802417755,8.0,0.032203782349824905,0.07179425656795502,0.30213090777397156,1.0288511514663696
1692309376.1602762,"[label: ""height""
size: 3
stride: 15, label: ""width""
size: 5
stride: 5]",0,6.0,-0.035920098423957825,0.07083205133676529,0.2692645490169525,0.00919367652386427,7.0,0.0020614287350326777,0.07043202221393585,0.27599334716796875,0.47964006662368774,8.0,0.03072834573686123,0.07098547369241714,0.303417831659317,1.0248676538467407
1692309376.256174,"[label: ""height""
size: 3
stride: 15, label: ""width""
size: 5
stride: 5]",0,6.0,-0.03740502893924713,0.07225968688726425,0.26935210824012756,-0.025481095537543297,7.0,0.0008171671070158482,0.07162059843540192,0.27492547035217285,0.47555965185165405,8.0,0.029362807050347328,0.07197009027004242,0.3007931411266327,1.0249744653701782
1692309376.3665159,"[label: ""height""
size: 3
stride: 15, label: ""width""
size: 5
stride: 5]",0,6.0,-0.03836871683597565,0.07130960375070572,0.2694123387336731,-0.09016593545675278,7.0,8.119204721879214e-06,0.07136298716068268,0.27663132548332214,0.4522702991962433,8.0,0.029080653563141823,0.07092756032943726,0.29900237917900085,1.0050632953643799
1692309376.4586053,"[label: ""height""
size: 3
stride: 15, label: ""width""
size: 5
stride: 5]",0,6.0,-0.03950459137558937,0.07159008085727692,0.2693154513835907,-0.13344380259513855,7.0,-0.0011354341404512525,0.07168271392583847,0.27607595920562744,0.43070125579833984,8.0,0.029023846611380577,0.07178056985139847,0.29948410391807556,0.9646891951560974
1692309376.557116,"[label: ""height""
size: 3
stride: 15, label: ""width""
size: 5
stride: 5]",0,6.0,-0.04023512452840805,0.07264556735754013,0.2727648615837097,-0.13825452327728271,7.0,-0.0013713232474401593,0.07197339087724686,0.27504175901412964,0.4062879681587219,8.0,0.029556643217802048,0.07228695601224899,0.29849129915237427,0.9251132607460022
1692309376.6544323,"[label: ""height""
size: 3
stride: 15, label: ""width""
size: 5
stride: 5]",0,6.0,-0.04043018817901611,0.07245445251464844,0.27322378754615784,-0.15377072989940643,7.0,-0.0014209789223968983,0.07157211005687714,0.27466100454330444,0.34255170822143555,8.0,0.030302096158266068,0.07211848348379135,0.29730573296546936,0.8999797105789185
1692309376.7617297,"[label: ""height""
size: 3
stride: 15, label: ""width""
size: 5
stride: 5]",0,6.0,-0.0401027575135231,0.07248146086931229,0.2751951813697815,-0.21521703898906708,7.0,-0.0008562696166336536,0.07126809656620026,0.27303749322891235,0.33412280678749084,8.0,0.031343501061201096,0.07136557251214981,0.29320624470710754,0.8717031478881836
1692309376.857393,"[label: ""height""
size: 3
stride: 15, label: ""width""
size: 5
stride: 5]",0,6.0,-0.040045253932476044,0.07342252135276794,0.2769278585910797,-0.2507413327693939,7.0,-0.0008020002860575914,0.07268227636814117,0.2754475176334381,0.28500327467918396,8.0,0.03273820877075195,0.07287760078907013,0.2949029505252838,0.8139812350273132
1692309376.9594126,"[label: ""height""
size: 3
stride: 15, label: ""width""
size: 5
stride: 5]",0,7.0,-0.0009692951571196318,0.07283638417720795,0.2769604027271271,0.2372083067893982,6.0,-0.0399647131562233,0.0727294534444809,0.27780354022979736,-0.2758431136608124,8.0,0.03333296626806259,0.07312414795160294,0.29587921500205994,0.7739614248275757
1692309377.0575955,"[label: ""height""
size: 3
stride: 15, label: ""width""
size: 5
stride: 5]",0,7.0,-0.0005160809378139675,0.07282201945781708,0.27690190076828003,0.2364974319934845,6.0,-0.03975760191679001,0.07356253266334534,0.2809823453426361,-0.3155026435852051,8.0,0.03434641286730766,0.07345176488161087,0.29519349336624146,0.7459582090377808
1692309377.1584318,"[label: ""height""
size: 3
stride: 15, label: ""width""
size: 5
stride: 5]",0,7.0,-0.0007054446614347398,0.07394859939813614,0.2790110111236572,0.16979992389678955,6.0,-0.039724089205265045,0.07387982308864594,0.2813546061515808,-0.3547937273979187,8.0,0.0346553772687912,0.07367850095033646,0.2936769723892212,0.7119104266166687
1692309377.2563527,"[label: ""height""
size: 3
stride: 15, label: ""width""
size: 5
stride: 5]",0,7.0,-0.0011862394167110324,0.07300044596195221,0.2801722586154938,0.15312981605529785,6.0,-0.04021733999252319,0.073414646089077,0.2848835289478302,-0.3591063320636749,8.0,0.03479002043604851,0.07338974624872208,0.29591506719589233,0.696366012096405
1692309377.358343,"[label: ""height""
size: 3
stride: 15, label: ""width""
size: 5
stride: 5]",0,7.0,-0.0004147559229750186,0.07367846369743347,0.27917617559432983,0.12047962099313736,6.0,-0.03940821811556816,0.07430251687765121,0.2856762409210205,-0.3835490047931671,8.0,0.03508315235376358,0.07366381585597992,0.29221677780151367,0.6871668100357056
1692309377.4592078,"[label: ""height""
size: 3
stride: 15, label: ""width""
size: 5
stride: 5]",0,7.0,0.0006083144689910114,0.07274908572435379,0.28135746717453003,0.11219242960214615,6.0,-0.03799131140112877,0.07286784052848816,0.28555047512054443,-0.38797929883003235,8.0,0.03664890304207802,0.07324239611625671,0.296284943819046,0.679936945438385
1692309377.557742,"[label: ""height""
size: 3
stride: 15, label: ""width""
size: 5
stride: 5]",0,7.0,0.0019888582173734903,0.07364795356988907,0.28126221895217896,0.11049208045005798,6.0,-0.036753345280885696,0.07370035350322723,0.2851203978061676,-0.36684903502464294,8.0,0.037481196224689484,0.0739269033074379,0.2961415946483612,0.7064045667648315
1692309377.657723,"[label: ""height""
size: 3
stride: 15, label: ""width""
size: 5
stride: 5]",0,7.0,0.0036815854255110025,0.07247163355350494,0.28154343366622925,0.18425793945789337,6.0,-0.03584589064121246,0.07362065464258194,0.28840526938438416,-0.3333008587360382,8.0,0.03895771503448486,0.07358372956514359,0.30110740661621094,0.7169037461280823
1692309377.7586176,"[label: ""height""
size: 3
stride: 15, label: ""width""
size: 5
stride: 5]",0,7.0,0.004426773637533188,0.0734272375702858,0.28357547521591187,0.2091950625181198,6.0,-0.0346243791282177,0.07325498759746552,0.2861597537994385,-0.3211587369441986,8.0,0.03882797434926033,0.07368558645248413,0.3000953495502472,0.7562267184257507
1692309377.8549528,"[label: ""height""
size: 3
stride: 15, label: ""width""
size: 5
stride: 5]",0,7.0,0.003684822004288435,0.07316802442073822,0.2870815396308899,0.24185022711753845,6.0,-0.03561704605817795,0.07315222918987274,0.28803467750549316,-0.2537619471549988,8.0,0.03770364075899124,0.07340705394744873,0.30401715636253357,0.7952240705490112
1692309377.960504,"[label: ""height""
size: 3
stride: 15, label: ""width""
size: 5
stride: 5]",0,7.0,0.002194602508097887,0.07257544994354248,0.28489479422569275,0.29769501090049744,6.0,-0.03679148107767105,0.07259383797645569,0.28433963656425476,-0.24663874506950378,8.0,0.0354568250477314,0.07355285435914993,0.3061921000480652,0.8323095440864563
1692309378.053751,"[label: ""height""
size: 3
stride: 15, label: ""width""
size: 5
stride: 5]",0,6.0,-0.03822461515665054,0.07254637777805328,0.2857479453086853,-0.21099866926670074,7.0,0.0009492482058703899,0.07285746932029724,0.2878255546092987,0.3380982577800751,8.0,0.03368033841252327,0.07389651238918304,0.3108236789703369,0.8807877898216248
1692309378.1602623,"[label: ""height""
size: 3
stride: 15, label: ""width""
size: 5
stride: 5]",0,6.0,-0.0397733673453331,0.07296249270439148,0.2871972620487213,-0.1517992913722992,7.0,-0.0006906017079018056,0.07300585508346558,0.2898091971874237,0.36174526810646057,8.0,0.03112640231847763,0.07411853969097137,0.31339406967163086,0.90089350938797
1692309378.2584682,"[label: ""height""
size: 3
stride: 15, label: ""width""
size: 5
stride: 5]",0,6.0,-0.040688324719667435,0.07267057150602341,0.28558585047721863,-0.11815734207630157,7.0,-0.00197643437422812,0.0729927122592926,0.28976258635520935,0.3859157860279083,8.0,0.02910235896706581,0.07362659275531769,0.3123874068260193,0.9349520802497864
1692309378.3629923,"[label: ""height""
size: 3
stride: 15, label: ""width""
size: 5
stride: 5]",0,6.0,-0.041228897869586945,0.07251396775245667,0.2836260497570038,-0.12299313396215439,7.0,-0.002683783881366253,0.07322248816490173,0.29114148020744324,0.4142914116382599,8.0,0.027944758534431458,0.07441600412130356,0.31682413816452026,0.9483458399772644
1692309378.4672637,"[label: ""height""
size: 3
stride: 15, label: ""width""
size: 5
stride: 5]",0,6.0,-0.04299076646566391,0.07224196195602417,0.2853749096393585,-0.11298446357250214,7.0,-0.004249231889843941,0.07281379401683807,0.2914274334907532,0.399234414100647,8.0,0.02591281197965145,0.07377225905656815,0.31578323245048523,0.963649570941925
1692309378.5624323,"[label: ""height""
size: 3
stride: 15, label: ""width""
size: 5
stride: 5]",0,6.0,-0.04531703144311905,0.0725993812084198,0.28528687357902527,-0.11506807059049606,7.0,-0.006751609966158867,0.07297422736883163,0.29105454683303833,0.38997331261634827,8.0,0.023949431255459785,0.07446098327636719,0.31702351570129395,0.9340788722038269
1692309378.6551576,"[label: ""height""
size: 3
stride: 15, label: ""width""
size: 5
stride: 5]",0,6.0,-0.048666954040527344,0.07222602516412735,0.28702762722969055,-0.13321663439273834,7.0,-0.009917408227920532,0.07289471477270126,0.29211875796318054,0.35421261191368103,8.0,0.02136160619556904,0.07360716909170151,0.3150154948234558,0.9185927510261536
1692309378.7584465,"[label: ""height""
size: 3
stride: 15, label: ""width""
size: 5
stride: 5]",0,6.0,-0.05214326083660126,0.07310201972723007,0.2901177704334259,-0.11792991310358047,7.0,-0.012786232866346836,0.07217944413423538,0.2890719175338745,0.33041325211524963,8.0,0.01890382170677185,0.07379885762929916,0.31474363803863525,0.9007471203804016
1692309378.8559234,"[label: ""height""
size: 3
stride: 15, label: ""width""
size: 5
stride: 5]",0,6.0,-0.05430611968040466,0.07218602299690247,0.2892661988735199,-0.18484191596508026,7.0,-0.015390975400805473,0.07232744991779327,0.2913249433040619,0.33551350235939026,8.0,0.01721900701522827,0.07345797121524811,0.3143174350261688,0.8609082102775574
1692309378.9557905,"[label: ""height""
size: 3
stride: 15, label: ""width""
size: 5
stride: 5]",0,7.0,-0.017848556861281395,0.07175301760435104,0.2898457944393158,0.28334373235702515,6.0,-0.05730675905942917,0.07219398766756058,0.29176226258277893,-0.2147812843322754,8.0,0.01517204474657774,0.07270339876413345,0.3115963339805603,0.8271374106407166
1692309379.0574515,"[label: ""height""
size: 3
stride: 15, label: ""width""
size: 5
stride: 5]",0,7.0,-0.020637476816773415,0.07186483591794968,0.2903437316417694,0.259640634059906,6.0,-0.06000906974077225,0.0722849890589714,0.29255029559135437,-0.25291988253593445,8.0,0.013410196639597416,0.07332225143909454,0.3120761215686798,0.7929551601409912
1692309379.1581755,"[label: ""height""
size: 3
stride: 15, label: ""width""
size: 5
stride: 5]",0,7.0,-0.023687681183218956,0.07084032148122787,0.2893964648246765,0.22141653299331665,6.0,-0.06334090232849121,0.07194742560386658,0.295707643032074,-0.2869028151035309,8.0,0.010519567877054214,0.07181432843208313,0.30936428904533386,0.7693746089935303
1692309379.25751,"[label: ""height""
size: 3
stride: 15, label: ""width""
size: 5
stride: 5]",0,7.0,-0.027201540768146515,0.07162481546401978,0.2911064922809601,0.1884738951921463,6.0,-0.06652357429265976,0.07235591113567352,0.29681599140167236,-0.3278278112411499,8.0,0.007809977047145367,0.07351483404636383,0.312851220369339,0.724660336971283
1692309379.3577847,"[label: ""height""
size: 3
stride: 15, label: ""width""
size: 5
stride: 5]",0,7.0,-0.030408529564738274,0.07054409384727478,0.2900881767272949,0.21080970764160156,6.0,-0.07038360834121704,0.07181821763515472,0.29918035864830017,-0.3711667060852051,8.0,0.004795892629772425,0.07140244543552399,0.3074584901332855,0.7001969218254089
1692309379.4570765,"[label: ""height""
size: 3
stride: 15, label: ""width""
size: 5
stride: 5]",0,7.0,-0.03309774026274681,0.0715433806180954,0.29241615533828735,0.16523104906082153,6.0,-0.07258869707584381,0.07230660319328308,0.3006582260131836,-0.39491674304008484,8.0,0.002664824016392231,0.07275039702653885,0.310092031955719,0.6624888777732849
1692309379.559704,"[label: ""height""
size: 3
stride: 15, label: ""width""
size: 5
stride: 5]",0,7.0,-0.03450576588511467,0.06989990919828415,0.29081666469573975,0.1246090978384018,6.0,-0.07378711551427841,0.07068254053592682,0.29999399185180664,-0.40618896484375,8.0,0.0013901779893785715,0.07056846469640732,0.3066381812095642,0.6585294604301453
1692309379.656111,"[label: ""height""
size: 3
stride: 15, label: ""width""
size: 5
stride: 5]",0,7.0,-0.034824877977371216,0.07112719118595123,0.2923864424228668,0.11346825212240219,6.0,-0.0741448923945427,0.07200707495212555,0.3019619882106781,-0.41028186678886414,8.0,0.0013911053538322449,0.07214995473623276,0.3096631169319153,0.6449058651924133
1692309379.7583568,"[label: ""height""
size: 3
stride: 15, label: ""width""
size: 5
stride: 5]",0,7.0,-0.034244801849126816,0.07000498473644257,0.2944725453853607,0.09989481419324875,6.0,-0.07321272045373917,0.07044025510549545,0.30269303917884827,-0.4204567074775696,8.0,0.002402543555945158,0.07054906338453293,0.3092927038669586,0.6433387398719788
1692309379.8576174,"[label: ""height""
size: 3
stride: 15, label: ""width""
size: 5
stride: 5]",0,7.0,-0.031447604298591614,0.07112652063369751,0.29668131470680237,0.11679945886135101,6.0,-0.07020498067140579,0.0714075118303299,0.3025819957256317,-0.40495914220809937,8.0,0.005088204052299261,0.0716967061161995,0.31152188777923584,0.6366654634475708
1692309379.9595118,"[label: ""height""
size: 3
stride: 15, label: ""width""
size: 5
stride: 5]",0,7.0,-0.027794336900115013,0.06953033804893494,0.29647064208984375,0.10518031567335129,6.0,-0.06712077558040619,0.07033390551805496,0.304892897605896,-0.41280630230903625,8.0,0.008458035998046398,0.07029455900192261,0.3138071894645691,0.6415738463401794
1692309380.059423,"[label: ""height""
size: 3
stride: 15, label: ""width""
size: 5
stride: 5]",0,7.0,-0.02344645746052265,0.07127637416124344,0.2999752461910248,0.11511964350938797,6.0,-0.06254778057336807,0.07139907032251358,0.30519378185272217,-0.38532695174217224,8.0,0.012718565762043,0.07140433043241501,0.3142026364803314,0.6841132044792175
1692309380.158346,"[label: ""height""
size: 3
stride: 15, label: ""width""
size: 5
stride: 5]",0,7.0,-0.018752409145236015,0.06913529336452484,0.29726892709732056,0.0905536636710167,6.0,-0.05785827338695526,0.06987922638654709,0.305558979511261,-0.36944708228111267,8.0,0.01691778562963009,0.06968510150909424,0.31336066126823425,0.6855114102363586
1692309380.254964,"[label: ""height""
size: 3
stride: 15, label: ""width""
size: 5
stride: 5]",0,7.0,-0.014745742082595825,0.0700431615114212,0.29805245995521545,0.11763240396976471,6.0,-0.05440555512905121,0.0714871883392334,0.30875352025032043,-0.3600786626338959,8.0,0.02115131914615631,0.07179746776819229,0.31942951679229736,0.7178357839584351
1692309380.3560724,"[label: ""height""
size: 3
stride: 15, label: ""width""
size: 5
stride: 5]",0,7.0,-0.011214586906135082,0.07098899781703949,0.30486422777175903,0.1233167052268982,6.0,-0.050205666571855545,0.07092341035604477,0.30848437547683716,-0.38419145345687866,8.0,0.02484695427119732,0.07102625072002411,0.3182271420955658,0.6791137456893921
1692309380.450887,"[label: ""height""
size: 3
stride: 15, label: ""width""
size: 5
stride: 5]",0,7.0,-0.0067004128359258175,0.07116848975419998,0.3099966049194336,0.13078120350837708,6.0,-0.045923203229904175,0.0708182230591774,0.31366217136383057,-0.42365625500679016,8.0,0.03006640449166298,0.07103664427995682,0.3212212920188904,0.6761078834533691
1692309380.5537772,"[label: ""height""
size: 3
stride: 15, label: ""width""
size: 5
stride: 5]",0,7.0,-0.0021801874972879887,0.07229543477296829,0.3112460970878601,0.08756417781114578,6.0,-0.04112417995929718,0.07203326374292374,0.3161924183368683,-0.45021235942840576,8.0,0.03479032218456268,0.07164818793535233,0.31991785764694214,0.6775201559066772
1692309380.6511736,"[label: ""height""
size: 3
stride: 15, label: ""width""
size: 5
stride: 5]",0,6.0,-0.03596978262066841,0.07067009806632996,0.3175995647907257,-0.4440307915210724,7.0,0.0028752062935382128,0.07091061025857925,0.31017568707466125,0.050737276673316956,8.0,0.04059378057718277,0.07107359170913696,0.32138940691947937,0.6255654096603394
1692309380.7534275,"[label: ""height""
size: 3
stride: 15, label: ""width""
size: 5
stride: 5]",0,7.0,0.008447560481727123,0.07168741524219513,0.31239020824432373,-0.027692923322319984,8.0,0.04590051621198654,0.07065431028604507,0.3171387016773224,0.5915927886962891,6.0,-0.030063243582844734,0.07140158116817474,0.32084354758262634,-0.5254175066947937
1692309380.8504422,"[label: ""height""
size: 3
stride: 15, label: ""width""
size: 5
stride: 5]",0,7.0,0.014523535035550594,0.07191137224435806,0.3122333884239197,-0.08791770040988922,8.0,0.05298053100705147,0.07206296920776367,0.31928491592407227,0.5212659239768982,6.0,-0.02363714948296547,0.07202770560979843,0.32436636090278625,-0.592446506023407
1692309380.9528456,"[label: ""height""
size: 3
stride: 15, label: ""width""
size: 5
stride: 5]",0,6.0,-0.015772057697176933,0.06949446350336075,0.32058021426200867,-0.6281967759132385,7.0,0.021427879109978676,0.07065165042877197,0.3118727505207062,-0.19682548940181732,8.0,0.06059668958187103,0.07120396196842194,0.31888502836227417,0.4691362977027893
1692309381.0527036,"[label: ""height""
size: 3
stride: 15, label: ""width""
size: 5
stride: 5]",0,6.0,-0.008343319408595562,0.07128898799419403,0.3282972276210785,-0.6466065645217896,7.0,0.02824638970196247,0.07139896601438522,0.31226736307144165,-0.183770090341568,8.0,0.06707506626844406,0.07097291201353073,0.3143986761569977,0.4352926015853882
1692309381.1556544,"[label: ""height""
size: 3
stride: 15, label: ""width""
size: 5
stride: 5]",0,7.0,0.03585916757583618,0.07181611657142639,0.3146378695964813,-0.26892536878585815,8.0,0.07527463883161545,0.0717196837067604,0.3154229521751404,0.3879842460155487,6.0,-0.0004214666842017323,0.07231474667787552,0.3356637954711914,-0.7277498841285706
1692309381.2526288,"[label: ""height""
size: 3
stride: 15, label: ""width""
size: 5
stride: 5]",0,7.0,0.04172542318701744,0.06903573125600815,0.30320650339126587,-0.2847945988178253,8.0,0.08262350410223007,0.07133472710847855,0.3136141300201416,0.2948293387889862,6.0,0.00734548456966877,0.07126995176076889,0.3333049714565277,-0.7476169466972351
1692309381.3545227,"[label: ""height""
size: 5
stride: 25, label: ""width""
size: 5
stride: 5]",0,7.0,0.04749833792448044,0.06824054569005966,0.2995178699493408,-0.25104233622550964,6.0,0.014333811588585377,0.07064912468194962,0.3310430645942688,-0.730542004108429,0.0,-0.08332014828920364,0.09091190248727798,1.221290111541748,0.49085840582847595,1.0,-0.05422104895114899,0.09333977103233337,1.26097571849823,-0.9644069671630859,8.0,0.08903619647026062,0.07110237330198288,0.3108753561973572,0.29562807083129883
1692309381.452348,"[label: ""height""
size: 4
stride: 20, label: ""width""
size: 5
stride: 5]",0,6.0,0.019678255543112755,0.07086021453142166,0.332104355096817,-0.7555559873580933,0.0,-0.07791099697351456,0.09331024438142776,1.2605406045913696,-0.278378427028656,8.0,0.09392522275447845,0.07095586508512497,0.3085731565952301,0.27300164103507996,7.0,0.053783245384693146,0.07031980901956558,0.30845436453819275,-0.33085620403289795
1692309381.5567274,"[label: ""height""
size: 4
stride: 20, label: ""width""
size: 5
stride: 5]",0,7.0,0.056667570024728775,0.06839926540851593,0.30026206374168396,-0.3033507764339447,6.0,0.02391148917376995,0.07003313302993774,0.3288261592388153,-0.7693069577217102,0.0,-0.07610049098730087,0.09000537544488907,1.2226676940917969,-0.4184855818748474,8.0,0.09805867820978165,0.07068188488483429,0.308445543050766,0.2779926657676697
1692309381.6515772,"[label: ""height""
size: 4
stride: 20, label: ""width""
size: 5
stride: 5]",0,8.0,0.10149496048688889,0.07087212055921555,0.3077338635921478,0.28842031955718994,7.0,0.0608743391931057,0.06949380785226822,0.30253124237060547,-0.24280330538749695,6.0,0.026813901960849762,0.06988879293203354,0.3249819278717041,-0.7465853095054626,0.0,-0.08237084001302719,0.09098154306411743,1.2222743034362793,0.610707700252533
1692309381.7542548,"[label: ""height""
size: 3
stride: 15, label: ""width""
size: 5
stride: 5]",0,8.0,0.10302571952342987,0.06979193538427353,0.3050842881202698,0.3314076364040375,7.0,0.06284976005554199,0.06842756271362305,0.2989903688430786,-0.2428792417049408,6.0,0.028626922518014908,0.06913743913173676,0.3215194344520569,-0.7181326150894165
1692309381.8534393,"[label: ""height""
size: 3
stride: 15, label: ""width""
size: 5
stride: 5]",0,8.0,0.10470980405807495,0.07168302685022354,0.3100587725639343,0.35488957166671753,7.0,0.06367839872837067,0.06932541728019714,0.2990395724773407,-0.1609305441379547,6.0,0.02848687395453453,0.06966691464185715,0.31852152943611145,-0.6942073702812195
1692309381.95447,"[label: ""height""
size: 3
stride: 15, label: ""width""
size: 5
stride: 5]",0,7.0,0.06298238784074783,0.06848755478858948,0.30084219574928284,-0.13548643887043,8.0,0.10282891988754272,0.06989365071058273,0.31004631519317627,0.4125496447086334,6.0,0.02696051076054573,0.06893953680992126,0.3187309205532074,-0.6336637139320374
1692309382.0519555,"[label: ""height""
size: 3
stride: 15, label: ""width""
size: 5
stride: 5]",0,7.0,0.06144840270280838,0.0703272745013237,0.30246415734291077,-0.15167146921157837,8.0,0.10115346312522888,0.07172460108995438,0.31309863924980164,0.43677282333374023,6.0,0.024746252223849297,0.07046294957399368,0.3185097575187683,-0.5825795531272888
1692309382.1546474,"[label: ""height""
size: 3
stride: 15, label: ""width""
size: 5
stride: 5]",0,7.0,0.05947069451212883,0.06982048600912094,0.3028252124786377,-0.09571751207113266,6.0,0.022213870659470558,0.0705825611948967,0.31898295879364014,-0.5022885799407959,8.0,0.09899283945560455,0.07162410020828247,0.3172096908092499,0.5200634598731995
1692309382.2520714,"[label: ""height""
size: 3
stride: 15, label: ""width""
size: 5
stride: 5]",0,7.0,0.05781860277056694,0.07024835050106049,0.3027668297290802,-0.0029446741100400686,8.0,0.0964355617761612,0.07180684059858322,0.31688815355300903,0.5554497838020325,6.0,0.019874613732099533,0.06928568333387375,0.31139636039733887,-0.5135113596916199
1692309382.3576844,"[label: ""height""
size: 3
stride: 15, label: ""width""
size: 5
stride: 5]",0,7.0,0.0566609650850296,0.07033704221248627,0.3052041828632355,-0.0006726720603182912,8.0,0.09377028793096542,0.07105537503957748,0.31706497073173523,0.6074241399765015,6.0,0.01774117723107338,0.06928949803113937,0.31132644414901733,-0.45110663771629333
1692309382.4539266,"[label: ""height""
size: 3
stride: 15, label: ""width""
size: 5
stride: 5]",0,7.0,0.055459972470998764,0.07190423458814621,0.30509984493255615,0.06823550164699554,8.0,0.09215333312749863,0.07233615219593048,0.3182063400745392,0.6359497904777527,6.0,0.01638309471309185,0.07077545672655106,0.30948972702026367,-0.4247192442417145
1692309382.5598452,"[label: ""height""
size: 4
stride: 20, label: ""width""
size: 5
stride: 5]",0,6.0,0.016019919887185097,0.07027353346347809,0.3095036745071411,-0.40175876021385193,8.0,0.09120886772871017,0.07178840786218643,0.31809064745903015,0.6647753119468689,0.0,-0.2810225188732147,0.09078998863697052,1.156123399734497,0.8555678725242615,7.0,0.05494117736816406,0.07131840288639069,0.3047017455101013,0.12319483608007431
1692309382.652917,"[label: ""height""
size: 4
stride: 20, label: ""width""
size: 5
stride: 5]",0,7.0,0.053539857268333435,0.07202936708927155,0.3034311532974243,0.06645771116018295,6.0,0.014490420930087566,0.07133282721042633,0.3092401921749115,-0.3961147964000702,8.0,0.09018950909376144,0.07294749468564987,0.3186313211917877,0.6572980284690857,0.0,-0.2934822142124176,0.0937410518527031,1.1576225757598877,-0.32276424765586853
1692309382.754782,"[label: ""height""
size: 4
stride: 20, label: ""width""
size: 5
stride: 5]",0,7.0,0.05273893103003502,0.07245377451181412,0.30157580971717834,0.0866318866610527,6.0,0.013841348700225353,0.0718475878238678,0.30658289790153503,-0.4190341532230377,8.0,0.08960157632827759,0.07398893684148788,0.31746208667755127,0.6432002186775208,0.0,-0.3009510636329651,0.09662599861621857,1.1580971479415894,0.8277454376220703
1692309382.8522823,"[label: ""height""
size: 4
stride: 20, label: ""width""
size: 5
stride: 5]",0,7.0,0.053606435656547546,0.07170681655406952,0.30117133259773254,0.037449516355991364,6.0,0.014534702524542809,0.07077143341302872,0.3055339455604553,-0.4285387098789215,8.0,0.09039987623691559,0.072217658162117,0.31434208154678345,0.6375867128372192,0.0,-0.2926311194896698,0.09171874076128006,1.126945972442627,-0.3087574243545532
1692309382.9541085,"[label: ""height""
size: 4
stride: 20, label: ""width""
size: 5
stride: 5]",0,7.0,0.05530405044555664,0.07280617207288742,0.2990592122077942,0.027716031298041344,8.0,0.09249813109636307,0.07356609404087067,0.31185734272003174,0.619269073009491,6.0,0.016514427959918976,0.07206158339977264,0.30528387427330017,-0.4395739734172821,0.0,-0.28822439908981323,0.09533574432134628,1.1259270906448364,-0.35771191120147705
1692309383.051788,"[label: ""height""
size: 4
stride: 20, label: ""width""
size: 5
stride: 5]",0,6.0,0.019402574747800827,0.07247863709926605,0.3038402497768402,-0.46203407645225525,0.0,-0.2896042466163635,0.09853487461805344,1.158241868019104,0.8146576285362244,7.0,0.058851320296525955,0.07417633384466171,0.3007488250732422,0.05992460250854492,8.0,0.09638063609600067,0.07472170144319534,0.3124523460865021,0.6182147860527039
1692309383.156951,"[label: ""height""
size: 4
stride: 20, label: ""width""
size: 5
stride: 5]",0,7.0,0.06116429716348648,0.07239486277103424,0.2958311438560486,-0.05580718442797661,8.0,0.09875631332397461,0.07311587035655975,0.30669939517974854,0.5622624754905701,6.0,0.02267851121723652,0.07165668904781342,0.30309098958969116,-0.5000816583633423,0.0,-0.27817589044570923,0.09662341326475143,1.1580594778060913,0.8022699356079102
1692309383.253467,"[label: ""height""
size: 5
stride: 25, label: ""width""
size: 5
stride: 5]",0,7.0,0.06235174834728241,0.07180558145046234,0.29079338908195496,-0.08589835464954376,8.0,0.10151359438896179,0.07345180958509445,0.3044325113296509,0.5259035229682922,6.0,0.0247576292604208,0.07185851782560349,0.3029240369796753,-0.5266221761703491,0.0,-0.2615772783756256,0.09534887224435806,1.126359224319458,-0.3714640736579895,1.0,-0.23507098853588104,0.09361571073532104,1.1275752782821655,-0.9808738827705383
1692309383.3558886,"[label: ""height""
size: 3
stride: 15, label: ""width""
size: 5
stride: 5]",0,7.0,0.0645587369799614,0.0721263661980629,0.2907794415950775,-0.1349961906671524,6.0,0.027279142290353775,0.07217381149530411,0.30479636788368225,-0.539949893951416,8.0,0.10409951955080032,0.07353569567203522,0.302176296710968,0.4979049563407898
1692309383.452241,"[label: ""height""
size: 4
stride: 20, label: ""width""
size: 5
stride: 5]",0,7.0,0.06482475996017456,0.07217232137918472,0.28658604621887207,-0.10997580736875534,6.0,0.028159629553556442,0.0724908709526062,0.3024691343307495,-0.5728734731674194,0.0,-0.24418528378009796,0.09440011531114578,1.0990899801254272,0.8546997308731079,8.0,0.10453140735626221,0.07368502765893936,0.29776203632354736,0.47147229313850403
1692309383.5553806,"[label: ""height""
size: 4
stride: 20, label: ""width""
size: 5
stride: 5]",0,7.0,0.06573199480772018,0.07069043815135956,0.28508663177490234,-0.14304055273532867,6.0,0.02901376783847809,0.0702560544013977,0.2976658344268799,-0.6228982210159302,0.0,-0.24503688514232635,0.0907822847366333,1.0988717079162598,0.935757577419281,8.0,0.1065034568309784,0.07265380769968033,0.29751044511795044,0.44080519676208496
1692309383.654356,"[label: ""height""
size: 4
stride: 20, label: ""width""
size: 5
stride: 5]",0,7.0,0.06683310121297836,0.0713706910610199,0.2844231128692627,-0.1675306260585785,8.0,0.10704335570335388,0.07283191382884979,0.2943202257156372,0.41149184107780457,6.0,0.03017912060022354,0.07167673856019974,0.30068179965019226,-0.6223400235176086,0.0,-0.2566932439804077,0.09358270466327667,1.1271661520004272,-0.41686931252479553
1692309383.7544858,"[label: ""height""
size: 3
stride: 15, label: ""width""
size: 5
stride: 5]",0,7.0,0.0656609758734703,0.07140101492404938,0.28030285239219666,-0.1398542821407318,8.0,0.10579470545053482,0.07323689013719559,0.29119420051574707,0.41333433985710144,6.0,0.03020256944000721,0.07271209359169006,0.30090245604515076,-0.6210646033287048
1692309383.8526154,"[label: ""height""
size: 4
stride: 20, label: ""width""
size: 5
stride: 5]",0,6.0,0.030765805393457413,0.07086396962404251,0.29476398229599,-0.6324041485786438,0.0,-0.2734186351299286,0.09159081429243088,1.0978976488113403,-0.44083526730537415,7.0,0.06784182786941528,0.07164765894412994,0.28227025270462036,-0.15424364805221558,8.0,0.10750288516283035,0.07253292202949524,0.29063302278518677,0.42960888147354126
1692309383.9596808,"[label: ""height""
size: 4
stride: 20, label: ""width""
size: 5
stride: 5]",0,7.0,0.06964588165283203,0.07037006318569183,0.2756609320640564,-0.14293207228183746,6.0,0.03346981108188629,0.07116339355707169,0.2939451336860657,-0.577646791934967,0.0,-0.28754922747612,0.09166304767131805,1.0986452102661133,-0.3919319212436676,8.0,0.11095989495515823,0.07283535599708557,0.29093849658966064,0.458625465631485
1692309384.0588615,"[label: ""height""
size: 4
stride: 20, label: ""width""
size: 5
stride: 5]",0,7.0,0.07258246839046478,0.07127094268798828,0.27492401003837585,-0.06988202780485153,8.0,0.11194513738155365,0.07271157950162888,0.2867071032524109,0.4835072457790375,6.0,0.035422246903181076,0.07149579375982285,0.2884044349193573,-0.5662428736686707,0.0,-0.2951277494430542,0.09150880575180054,1.070651888847351,-0.3322875499725342
1692309384.1703568,"[label: ""height""
size: 4
stride: 20, label: ""width""
size: 5
stride: 5]",0,7.0,0.0757075697183609,0.07098357379436493,0.27484506368637085,-0.07560329139232635,6.0,0.03734125196933746,0.06991557776927948,0.28244346380233765,-0.5418014526367188,0.0,-0.30912941694259644,0.0897471085190773,1.0705459117889404,-0.3254239559173584,8.0,0.11528894305229187,0.0719374492764473,0.28742027282714844,0.5237061977386475
1692309384.2592602,"[label: ""height""
size: 4
stride: 20, label: ""width""
size: 5
stride: 5]",0,7.0,0.07960667461156845,0.07093305140733719,0.2737244665622711,-0.02317815274000168,6.0,0.041111208498477936,0.07000506669282913,0.2818586826324463,-0.4808100759983063,0.0,-0.31358474493026733,0.08721648156642914,1.0453968048095703,0.9381648898124695,8.0,0.11871977150440216,0.07210379093885422,0.28717169165611267,0.5635792016983032
1692309384.3646138,"[label: ""height""
size: 4
stride: 20, label: ""width""
size: 5
stride: 5]",0,6.0,0.044209711253643036,0.06985146552324295,0.2761942148208618,-0.49662256240844727,0.0,-0.32136794924736023,0.08882342278957367,1.0442535877227783,0.9099007844924927,7.0,0.08455856889486313,0.07214333117008209,0.27467983961105347,0.03142918273806572,8.0,0.1223904937505722,0.07264599204063416,0.2861310541629791,0.5941911935806274
1692309384.4585083,"[label: ""height""
size: 4
stride: 20, label: ""width""
size: 5
stride: 5]",0,7.0,0.08710271865129471,0.07032222300767899,0.26839837431907654,0.0037491717375814915,8.0,0.12421335279941559,0.07033521682024002,0.2801755368709564,0.5981731414794922,6.0,0.04759940505027771,0.06893898546695709,0.2735050320625305,-0.4654788374900818,0.0,-0.3250470459461212,0.08611439913511276,1.0423331260681152,0.8349137306213379
1692309384.5641313,"[label: ""height""
size: 5
stride: 25, label: ""width""
size: 5
stride: 5]",0,6.0,0.051595889031887054,0.06888772547245026,0.27087312936782837,-0.4316857159137726,3.0,-0.010602316819131374,0.07796096801757812,0.6678981781005859,0.009089414030313492,0.0,-0.3216630220413208,0.08467777818441391,1.019927978515625,-0.2589012086391449,7.0,0.09221770614385605,0.0710177794098854,0.2697802782058716,0.026304379105567932,8.0,0.12963397800922394,0.07143092155456543,0.28225642442703247,0.6047946214675903
1692309384.6569703,"[label: ""height""
size: 4
stride: 20, label: ""width""
size: 5
stride: 5]",0,6.0,0.054487306624650955,0.06883702427148819,0.2656106650829315,-0.43327465653419495,3.0,-0.009924892336130142,0.08026335388422012,0.6762417554855347,-0.037023868411779404,0.0,-0.3265659511089325,0.08725008368492126,1.0208697319030762,-0.30022260546684265,7.0,0.09511078149080276,0.07111777365207672,0.26566463708877563,0.07602987438440323
1692309384.7661254,"[label: ""height""
size: 5
stride: 25, label: ""width""
size: 5
stride: 5]",0,3.0,-0.007320644799619913,0.07636632770299911,0.6679573059082031,0.007615938782691956,1.0,-0.30335533618927,0.08378766477108002,1.0453226566314697,1.4066821336746216,0.0,-0.32496318221092224,0.0829969123005867,1.0197968482971191,-0.2576832175254822,7.0,0.09885139763355255,0.06934057921171188,0.26190680265426636,0.11480049043893814,6.0,0.0594063363969326,0.06834612041711807,0.2663116455078125,-0.4593791365623474
1692309384.8616004,"[label: ""height""
size: 5
stride: 25, label: ""width""
size: 5
stride: 5]",0,7.0,0.1003708615899086,0.06947837024927139,0.2587085962295532,0.08540696650743484,6.0,0.06118614971637726,0.06848788261413574,0.2634788751602173,-0.4057579040527344,3.0,-0.005347074940800667,0.07858636230230331,0.6691752672195435,0.15874062478542328,0.0,-0.32671236991882324,0.086357980966568,1.0200423002243042,-0.25647643208503723,1.0,-0.29831328988075256,0.08468566089868546,1.0199966430664062,-0.8757507801055908
1692309384.9579525,"[label: ""height""
size: 5
stride: 25, label: ""width""
size: 5
stride: 5]",0,7.0,0.10055933892726898,0.06977557390928268,0.2562628388404846,0.06833156198263168,6.0,0.06133975833654404,0.06904159486293793,0.2615703046321869,-0.4457659423351288,3.0,-0.006225855089724064,0.07949235290288925,0.6675539612770081,0.00019771211373154074,0.0,-0.332040399312973,0.08799004554748535,1.0197571516036987,-0.21102522313594818,1.0,-0.3092963397502899,0.0887233093380928,1.0429335832595825,-0.8076088428497314
1692309385.0543585,"[label: ""height""
size: 4
stride: 20, label: ""width""
size: 5
stride: 5]",0,7.0,0.09987837076187134,0.06885851919651031,0.25479942560195923,0.06531691551208496,6.0,0.06051325798034668,0.06774459034204483,0.25946348905563354,-0.45147183537483215,3.0,-0.007998790591955185,0.07636991143226624,0.656517744064331,0.01728852279484272,0.0,-0.3395669460296631,0.08632372319698334,1.0197819471359253,-0.2086956948041916
1692309385.1589947,"[label: ""height""
size: 4
stride: 20, label: ""width""
size: 5
stride: 5]",0,7.0,0.09762571007013321,0.06987105309963226,0.25387829542160034,0.04770103842020035,6.0,0.05885062739253044,0.06939440220594406,0.2609657645225525,-0.44092050194740295,3.0,-0.013032150454819202,0.08085247874259949,0.6698164939880371,0.1640268713235855,0.0,-0.3427794277667999,0.08890614658594131,0.9971226453781128,0.9434525966644287
1692309385.2513034,"[label: ""height""
size: 3
stride: 15, label: ""width""
size: 5
stride: 5]",0,3.0,-0.019358066841959953,0.08016586303710938,0.6680495738983154,0.016276318579912186,7.0,0.09498082846403122,0.07014703005552292,0.2533719837665558,0.08403323590755463,6.0,0.0571989044547081,0.0707191750407219,0.2651938498020172,-0.4588482677936554
1692309385.3536408,"[label: ""height""
size: 2
stride: 10, label: ""width""
size: 5
stride: 5]",0,7.0,0.09076161682605743,0.0708625391125679,0.25609713792800903,0.08861082792282104,6.0,0.05233970656991005,0.07097817957401276,0.26586878299713135,-0.4609343111515045
1692309385.4510398,"[label: ""height""
size: 3
stride: 15, label: ""width""
size: 5
stride: 5]",0,7.0,0.08321090787649155,0.07135259360074997,0.2547629177570343,0.10427042841911316,6.0,0.045111529529094696,0.071997731924057,0.2656422555446625,-0.4705170691013336,8.0,0.1234850063920021,0.07385152578353882,0.27495384216308594,0.6194445490837097
1692309385.552825,"[label: ""height""
size: 3
stride: 15, label: ""width""
size: 5
stride: 5]",0,7.0,0.07703303545713425,0.07201458513736725,0.25677576661109924,0.10670685768127441,6.0,0.03868960216641426,0.07233603298664093,0.2660845220088959,-0.42942485213279724,8.0,0.11491447687149048,0.07294952869415283,0.2724982500076294,0.6619564890861511
1692309385.653215,"[label: ""height""
size: 3
stride: 15, label: ""width""
size: 5
stride: 5]",0,7.0,0.07001080363988876,0.07104288786649704,0.2563052475452423,0.1509825438261032,6.0,0.03164365142583847,0.07203320413827896,0.26690685749053955,-0.38261231780052185,8.0,0.10655616968870163,0.07182742655277252,0.272519588470459,0.7028880715370178
1692309385.7621748,"[label: ""height""
size: 2
stride: 10, label: ""width""
size: 5
stride: 5]",0,7.0,0.06307386606931686,0.07271573692560196,0.25946667790412903,0.2182546854019165,6.0,0.023948492482304573,0.07279413193464279,0.26436951756477356,-0.41302794218063354
1692309385.8577693,"[label: ""height""
size: 3
stride: 15, label: ""width""
size: 5
stride: 5]",0,7.0,0.05601661652326584,0.07259912043809891,0.259064257144928,0.26388341188430786,6.0,0.017291143536567688,0.0735965222120285,0.2651616632938385,-0.29810547828674316,8.0,0.0917133092880249,0.07470448315143585,0.28221243619918823,0.794230580329895
1692309385.9683979,"[label: ""height""
size: 2
stride: 10, label: ""width""
size: 5
stride: 5]",0,7.0,0.04927806556224823,0.07298659533262253,0.26085254549980164,0.3045502305030823,6.0,0.010184627957642078,0.0729687362909317,0.262454628944397,-0.23785074055194855
1692309386.0600805,"[label: ""height""
size: 2
stride: 10, label: ""width""
size: 5
stride: 5]",0,7.0,0.04135751724243164,0.07340395450592041,0.2624514102935791,0.3741486072540283,6.0,0.0025891626719385386,0.073713019490242,0.26337891817092896,-0.21601204574108124
1692309386.1624556,"[label: ""height""
size: 2
stride: 10, label: ""width""
size: 5
stride: 5]",0,6.0,-0.0050043161027133465,0.0741184875369072,0.261900931596756,-0.18058931827545166,7.0,0.03394694998860359,0.07390943169593811,0.2639107406139374,0.423746794462204
1692309386.2613807,"[label: ""height""
size: 2
stride: 10, label: ""width""
size: 5
stride: 5]",0,6.0,-0.011971973814070225,0.07426437735557556,0.2606244683265686,-0.13111573457717896,7.0,0.026733068749308586,0.07358194887638092,0.2627170979976654,0.475838840007782
1692309386.363916,"[label: ""height""
size: 2
stride: 10, label: ""width""
size: 5
stride: 5]",0,6.0,-0.018408693373203278,0.07379978895187378,0.25842157006263733,-0.014468366280198097,7.0,0.01977555826306343,0.0731799453496933,0.26257893443107605,0.554028332233429
1692309386.4590228,"[label: ""height""
size: 3
stride: 15, label: ""width""
size: 5
stride: 5]",0,6.0,-0.024067113175988197,0.07415004819631577,0.2560402750968933,0.021943043917417526,7.0,0.013845226727426052,0.07418052852153778,0.2642251253128052,0.5654696226119995,8.0,0.041510723531246185,0.07638149708509445,0.2965310513973236,1.0937238931655884
1692309386.5610015,"[label: ""height""
size: 4
stride: 20, label: ""width""
size: 5
stride: 5]",0,6.0,-0.02792441099882126,0.07253970950841904,0.24847786128520966,0.11419669538736343,7.0,0.008844028227031231,0.0729897990822792,0.2591780126094818,0.5998803377151489,8.0,0.03449267894029617,0.07474590837955475,0.2907188832759857,1.1484893560409546,3.0,-0.2770213782787323,0.08559004962444305,0.6047068238258362,0.6923772692680359
1692309386.6542099,"[label: ""height""
size: 5
stride: 25, label: ""width""
size: 5
stride: 5]",0,6.0,-0.02957780845463276,0.07315375655889511,0.24875324964523315,0.12148984521627426,7.0,0.006992930546402931,0.07350228726863861,0.26112931966781616,0.6366322636604309,8.0,0.0315866582095623,0.07534615695476532,0.2925904095172882,1.1712242364883423,3.0,-0.2721146047115326,0.0823025107383728,0.5750977396965027,0.7603912949562073,4.0,-0.25600194931030273,0.08608771860599518,0.6228294968605042,1.2199394702911377
1692309386.756572,"[label: ""height""
size: 5
stride: 25, label: ""width""
size: 5
stride: 5]",0,6.0,-0.028771450743079185,0.0725095346570015,0.2476562261581421,0.09343785047531128,7.0,0.0075173145160079,0.07314211875200272,0.2606055736541748,0.6474010944366455,8.0,0.031255654990673065,0.07427512854337692,0.2907717525959015,1.1949020624160767,3.0,-0.2794349193572998,0.08195734024047852,0.580962598323822,0.70492023229599,4.0,-0.2562697231769562,0.0829010009765625,0.6125129461288452,1.2448104619979858
1692309386.8669994,"[label: ""height""
size: 5
stride: 25, label: ""width""
size: 5
stride: 5]",0,6.0,-0.026453297585248947,0.07331128418445587,0.2483368217945099,0.14002574980258942,7.0,0.009474670514464378,0.07401220500469208,0.2617708146572113,0.6548484563827515,8.0,0.03291716054081917,0.07543681561946869,0.2929706871509552,1.2013158798217773,3.0,-0.2823845148086548,0.08501023799180984,0.5905726552009583,0.678544819355011,4.0,-0.25476446747779846,0.08491139858961105,0.6125134229660034,1.2417800426483154
1692309386.9543495,"[label: ""height""
size: 5
stride: 25, label: ""width""
size: 5
stride: 5]",0,6.0,-0.024431215599179268,0.07306364178657532,0.24816150963306427,0.11620458215475082,7.0,0.011622129008173943,0.07360752671957016,0.26186424493789673,0.6651831865310669,8.0,0.03505568206310272,0.07493840157985687,0.29289621114730835,1.208433747291565,3.0,-0.27204713225364685,0.08134214580059052,0.5749561190605164,0.7612559199333191,4.0,-0.2524881362915039,0.08364702016115189,0.6142946481704712,1.230676293373108
1692309387.054594,"[label: ""height""
size: 5
stride: 25, label: ""width""
size: 5
stride: 5]",0,6.0,-0.020945603027939796,0.0736042931675911,0.24887658655643463,0.10722215473651886,7.0,0.01506502740085125,0.07420112937688828,0.2621631920337677,0.6688658595085144,8.0,0.039058584719896317,0.07671065628528595,0.29695990681648254,1.2010654211044312,3.0,-0.26709920167922974,0.08265814185142517,0.579016387462616,0.7596811652183533,4.0,-0.24866759777069092,0.08610446006059647,0.6229736804962158,1.2240227460861206
1692309387.1560714,"[label: ""height""
size: 5
stride: 25, label: ""width""
size: 5
stride: 5]",0,6.0,-0.017900867387652397,0.07378093153238297,0.24878662824630737,0.09114494919776917,7.0,0.0183824822306633,0.07453940063714981,0.26213568449020386,0.6496219635009766,8.0,0.042577628046274185,0.0761604756116867,0.29437190294265747,1.1916518211364746,3.0,-0.26348230242729187,0.0850016176700592,0.5905024409294128,0.7046680450439453,4.0,-0.24019572138786316,0.08608721196651459,0.6228259205818176,1.226455807685852
1692309387.2523606,"[label: ""height""
size: 5
stride: 25, label: ""width""
size: 5
stride: 5]",0,6.0,-0.015092922374606133,0.07256563752889633,0.24763132631778717,0.07968425005674362,7.0,0.021357642486691475,0.07332496345043182,0.2604556083679199,0.6359655261039734,8.0,0.04693884029984474,0.07618018239736557,0.29677096009254456,1.1697356700897217,3.0,-0.2611030042171478,0.08486630022525787,0.6068517565727234,0.7152792811393738,4.0,-0.23392941057682037,0.08555087447166443,0.6320407390594482,1.2309274673461914
1692309387.3544798,"[label: ""height""
size: 5
stride: 25, label: ""width""
size: 5
stride: 5]",0,6.0,-0.012689677998423576,0.0732559859752655,0.2473803460597992,0.04317566007375717,7.0,0.024472935125231743,0.07453916221857071,0.26096054911613464,0.5759711861610413,3.0,-0.25787702202796936,0.08781745284795761,0.6242371797561646,0.6795455813407898,8.0,0.049920521676540375,0.07566370815038681,0.28925827145576477,1.1413289308547974,4.0,-0.22303634881973267,0.08554349839687347,0.6319794654846191,1.2113412618637085
1692309387.4595394,"[label: ""height""
size: 5
stride: 25, label: ""width""
size: 5
stride: 5]",0,6.0,-0.011139883659780025,0.07226717472076416,0.2455228716135025,0.00016791083908174187,7.0,0.026201924309134483,0.07347526401281357,0.25798675417900085,0.5548828840255737,3.0,-0.2431546151638031,0.08548989146947861,0.6129496693611145,0.7073461413383484,8.0,0.05319054052233696,0.0755099281668663,0.2895589768886566,1.1103707551956177,4.0,-0.21667204797267914,0.08593685925006866,0.640669047832489,1.2213095426559448
1692309387.5555348,"[label: ""height""
size: 5
stride: 25, label: ""width""
size: 5
stride: 5]",0,6.0,-0.009103712625801563,0.07285220175981522,0.2469257414340973,-0.019837208092212677,7.0,0.02842804417014122,0.0735122337937355,0.25622519850730896,0.5252052545547485,3.0,-0.23083145916461945,0.08342533558607101,0.6049004197120667,0.5753905177116394,4.0,-0.21094097197055817,0.0864608958363533,0.6505128145217896,1.1543753147125244,8.0,0.0564994215965271,0.07549884915351868,0.2863489091396332,1.0682703256607056
1692309387.654699,"[label: ""height""
size: 5
stride: 25, label: ""width""
size: 5
stride: 5]",0,6.0,-0.009506158530712128,0.07291887700557709,0.2466299682855606,-0.02796781249344349,7.0,0.028311235830187798,0.0728045105934143,0.25228601694107056,0.5167697072029114,8.0,0.055814336985349655,0.07336117327213287,0.27696457505226135,1.0481226444244385,3.0,-0.22244393825531006,0.08147347718477249,0.5945498943328857,0.7128857374191284,4.0,-0.20295269787311554,0.08485772460699081,0.6404306292533875,1.197511076927185
1692309387.7570837,"[label: ""height""
size: 5
stride: 25, label: ""width""
size: 5
stride: 5]",0,6.0,-0.010324355214834213,0.07288426160812378,0.24577373266220093,-0.06463322788476944,7.0,0.027740327641367912,0.072944775223732,0.25096970796585083,0.48411354422569275,8.0,0.057251542806625366,0.0750204548239708,0.28060710430145264,1.014656662940979,3.0,-0.22449524700641632,0.08367780596017838,0.6052532196044922,0.6515117287635803,4.0,-0.20414525270462036,0.0864054337143898,0.6500692367553711,1.162285327911377
1692309387.8549438,"[label: ""height""
size: 5
stride: 25, label: ""width""
size: 5
stride: 5]",0,6.0,-0.012880965135991573,0.07281798869371414,0.2457604706287384,-0.09865830838680267,7.0,0.025398507714271545,0.07213769108057022,0.24816904962062836,0.4638177752494812,8.0,0.054815083742141724,0.07330399006605148,0.274615079164505,1.0067781209945679,3.0,-0.2214866429567337,0.08008348196744919,0.5913372039794922,0.691378653049469,4.0,-0.20356644690036774,0.08373899757862091,0.639873206615448,1.2178373336791992
1692309387.9601042,"[label: ""height""
size: 5
stride: 25, label: ""width""
size: 5
stride: 5]",0,6.0,-0.015364511869847775,0.072467140853405,0.24234794080257416,-0.08098549395799637,7.0,0.02297266013920307,0.0729319155216217,0.24840140342712402,0.4511227011680603,8.0,0.052852679044008255,0.07464583963155746,0.2766433656215668,0.9905529022216797,3.0,-0.23355732858181,0.08372656255960464,0.6056353449821472,0.677787184715271,4.0,-0.2103324830532074,0.08528390526771545,0.6397274732589722,1.2302169799804688
1692309388.0523098,"[label: ""height""
size: 4
stride: 20, label: ""width""
size: 5
stride: 5]",0,6.0,-0.019128702580928802,0.07337293773889542,0.24632211029529572,-0.06983260810375214,7.0,0.019505511969327927,0.07281995564699173,0.2494787871837616,0.46658775210380554,8.0,0.049043118953704834,0.07316822558641434,0.27370738983154297,1.012044072151184,3.0,-0.2431211769580841,0.08179114758968353,0.6060482859611511,0.7793740630149841
1692309388.1552525,"[label: ""height""
size: 4
stride: 20, label: ""width""
size: 5
stride: 5]",0,6.0,-0.022426769137382507,0.07227988541126251,0.2387722134590149,-0.0415167510509491,7.0,0.015848759561777115,0.07250696420669556,0.24462130665779114,0.47787347435951233,8.0,0.044707443565130234,0.07365121692419052,0.2717946171760559,1.0149444341659546,3.0,-0.2519131600856781,0.08326023072004318,0.5972023606300354,-0.00968190934509039
1692309388.253068,"[label: ""height""
size: 4
stride: 20, label: ""width""
size: 5
stride: 5]",0,6.0,-0.025127124041318893,0.07131499797105789,0.23692014813423157,-0.012187624350190163,7.0,0.012523318640887737,0.07081989198923111,0.24161680042743683,0.5095275044441223,8.0,0.04121876880526543,0.07269914448261261,0.27155745029449463,1.033630132675171,3.0,-0.26352691650390625,0.08167555183172226,0.5961236357688904,0.8226667046546936
1692309388.3555758,"[label: ""height""
size: 4
stride: 20, label: ""width""
size: 5
stride: 5]",0,6.0,-0.02777942456305027,0.07240059971809387,0.23616072535514832,-0.031445153057575226,7.0,0.01024783868342638,0.07257527112960815,0.24394585192203522,0.5256552696228027,8.0,0.037821296602487564,0.07325416803359985,0.27117055654525757,1.0594513416290283,3.0,-0.2735769748687744,0.08332724124193192,0.5888950824737549,0.8561546802520752
1692309388.4564779,"[label: ""height""
size: 4
stride: 20, label: ""width""
size: 5
stride: 5]",0,6.0,-0.028305189684033394,0.07119114696979523,0.2330590784549713,0.018373174592852592,7.0,0.009099566377699375,0.07128927111625671,0.2419530600309372,0.5537830591201782,8.0,0.035737212747335434,0.07231470942497253,0.2697775065898895,1.0879191160202026,3.0,-0.2768363356590271,0.08070170879364014,0.5737317204475403,0.9381116628646851
1692309388.5577128,"[label: ""height""
size: 5
stride: 25, label: ""width""
size: 5
stride: 5]",0,6.0,-0.028599778190255165,0.07188837975263596,0.231670081615448,0.026803741231560707,7.0,0.008499160408973694,0.072173573076725,0.24131682515144348,0.5785096883773804,8.0,0.03470176085829735,0.07349926978349686,0.2713242471218109,1.110424518585205,3.0,-0.28579121828079224,0.0825294777750969,0.5733085870742798,0.8830447196960449,4.0,-0.26135921478271484,0.08213219046592712,0.5960497260093689,1.3705153465270996
1692309388.652747,"[label: ""height""
size: 4
stride: 20, label: ""width""
size: 5
stride: 5]",0,6.0,-0.028531547635793686,0.0709657073020935,0.2300209403038025,0.06670638173818588,7.0,0.008318166248500347,0.07145639508962631,0.2415894716978073,0.5968202948570251,8.0,0.03415261209011078,0.07303206622600555,0.2732994556427002,1.1302917003631592,4.0,-0.277315229177475,0.08289352059364319,0.6124342679977417,1.318503737449646
1692309388.75429,"[label: ""height""
size: 3
stride: 15, label: ""width""
size: 5
stride: 5]",0,7.0,0.0080718407407403,0.07151047140359879,0.2394656389951706,0.6288377046585083,8.0,0.03312486782670021,0.07292231172323227,0.27044954895973206,1.1486670970916748,4.0,-0.2795998752117157,0.0834541842341423,0.6038257479667664,1.3577518463134766
1692309388.8529449,"[label: ""height""
size: 3
stride: 15, label: ""width""
size: 5
stride: 5]",0,7.0,0.008626512251794338,0.07165669649839401,0.24163371324539185,0.6234518885612488,8.0,0.03317056596279144,0.07227737456560135,0.2709285616874695,1.1623377799987793,4.0,-0.2815248370170593,0.08113604784011841,0.5958839654922485,1.361301064491272
1692309388.9542637,"[label: ""height""
size: 3
stride: 15, label: ""width""
size: 5
stride: 5]",0,7.0,0.00951443426311016,0.07090777158737183,0.23848885297775269,0.6550673842430115,8.0,0.0333465151488781,0.07158274948596954,0.2671550512313843,1.1884839534759521,4.0,-0.2854997217655182,0.08213111758232117,0.5960299372673035,1.3681232929229736
1692309389.0575087,"[label: ""height""
size: 3
stride: 15, label: ""width""
size: 5
stride: 5]",0,7.0,0.010450165718793869,0.07166186720132828,0.24001534283161163,0.651979923248291,8.0,0.034264203161001205,0.07261447608470917,0.2701496481895447,1.1902358531951904,4.0,-0.28849858045578003,0.08312635868787766,0.5961733460426331,1.3731073141098022
1692309389.1599772,"[label: ""height""
size: 3
stride: 15, label: ""width""
size: 5
stride: 5]",0,7.0,0.01078516710549593,0.07050017267465591,0.23843473196029663,0.6755752563476562,8.0,0.03392835333943367,0.07117469608783722,0.26849621534347534,1.2118171453475952,4.0,-0.28835058212280273,0.0797429010272026,0.587439775466919,1.3778533935546875
1692309389.2551112,"[label: ""height""
size: 2
stride: 10, label: ""width""
size: 5
stride: 5]",0,8.0,0.03328749164938927,0.07271478325128555,0.27055495977401733,1.2251651287078857,4.0,-0.29849186539649963,0.0831250250339508,0.596172571182251,1.3442672491073608
1692309389.3600452,"[label: ""height""
size: 3
stride: 15, label: ""width""
size: 5
stride: 5]",0,7.0,0.009610018692910671,0.07144639641046524,0.24096110463142395,0.694104015827179,8.0,0.032267265021800995,0.07280781865119934,0.27420398592948914,1.2327734231948853,4.0,-0.30574947595596313,0.08213086426258087,0.5960414409637451,1.3584750890731812
1692309389.4543326,"[label: ""height""
size: 2
stride: 10, label: ""width""
size: 5
stride: 5]",0,7.0,0.007818604819476604,0.07147672027349472,0.24011260271072388,0.7207670211791992,8.0,0.029852937906980515,0.07290419936180115,0.27374398708343506,1.2491320371627808
1692309389.554823,"[label: ""height""
size: 1
stride: 5, label: ""width""
size: 5
stride: 5]",0,8.0,0.02636404149234295,0.07385370880365372,0.27602946758270264,1.265809178352356
1692309389.6525052,"[label: ""height""
size: 2
stride: 10, label: ""width""
size: 5
stride: 5]",0,7.0,0.001147479866631329,0.07096930593252182,0.24000214040279388,0.7328134775161743,8.0,0.022759949788451195,0.0733637809753418,0.27884718775749207,1.2669936418533325
1692309389.7552133,"[label: ""height""
size: 1
stride: 5, label: ""width""
size: 5
stride: 5]",0,8.0,0.017527654767036438,0.07435964047908783,0.2791779935359955,1.284806251525879
1692309390.1575146,"[label: ""height""
size: 1
stride: 5, label: ""width""
size: 5
stride: 5]",0,8.0,-0.005494155455380678,0.07380897551774979,0.2737911641597748,1.296005129814148
1692309390.253599,"[label: ""height""
size: 1
stride: 5, label: ""width""
size: 5
stride: 5]",0,8.0,-0.011225861497223377,0.07367861270904541,0.27208253741264343,1.2932031154632568
1692309390.3537648,"[label: ""height""
size: 1
stride: 5, label: ""width""
size: 5
stride: 5]",0,8.0,-0.016342300921678543,0.07374720275402069,0.2723449170589447,1.2852555513381958
1692309390.4601622,"[label: ""height""
size: 1
stride: 5, label: ""width""
size: 5
stride: 5]",0,8.0,-0.021742891520261765,0.07360125333070755,0.27179840207099915,1.2873873710632324
1692309390.5562088,"[label: ""height""
size: 1
stride: 5, label: ""width""
size: 5
stride: 5]",0,8.0,-0.02536451257765293,0.07372065633535385,0.27022385597229004,1.2895644903182983
1692309390.6542156,"[label: ""height""
size: 1
stride: 5, label: ""width""
size: 5
stride: 5]",0,8.0,-0.02944188006222248,0.0736963078379631,0.27013319730758667,1.2983372211456299
1692309390.7611318,"[label: ""height""
size: 1
stride: 5, label: ""width""
size: 5
stride: 5]",0,8.0,-0.032880332320928574,0.07290550321340561,0.2729277014732361,1.3069822788238525
1692309390.8511555,"[label: ""height""
size: 1
stride: 5, label: ""width""
size: 5
stride: 5]",0,8.0,-0.03559928014874458,0.07263340055942535,0.27400702238082886,1.3229058980941772
1692309390.9552293,"[label: ""height""
size: 1
stride: 5, label: ""width""
size: 5
stride: 5]",0,8.0,-0.03770390897989273,0.07297559827566147,0.27530035376548767,1.3466941118240356
1692309391.0531516,"[label: ""height""
size: 2
stride: 10, label: ""width""
size: 5
stride: 5]",0,7.0,-0.05884150043129921,0.07210347801446915,0.24352383613586426,0.7986788153648376,8.0,-0.040504537522792816,0.07381140440702438,0.28058579564094543,1.347185730934143
1692309391.1562748,"[label: ""height""
size: 2
stride: 10, label: ""width""
size: 5
stride: 5]",0,7.0,-0.05972158908843994,0.07219213247299194,0.24831844866275787,0.8195933699607849,8.0,-0.04103740304708481,0.07285143435001373,0.2817348539829254,1.3690745830535889
1692309391.2523873,"[label: ""height""
size: 2
stride: 10, label: ""width""
size: 5
stride: 5]",0,7.0,-0.0597810372710228,0.07217761874198914,0.2510557770729065,0.8193492293357849,8.0,-0.041939299553632736,0.07317332923412323,0.28702202439308167,1.3700411319732666
1692309391.3530676,"[label: ""height""
size: 3
stride: 15, label: ""width""
size: 5
stride: 5]",0,8.0,-0.041984427720308304,0.07330483943223953,0.2912408411502838,1.3829002380371094,6.0,-0.09333644062280655,0.07192670553922653,0.23758196830749512,0.2627258896827698,7.0,-0.059706516563892365,0.07232064753770828,0.25634869933128357,0.854340136051178
1692309391.4530535,"[label: ""height""
size: 3
stride: 15, label: ""width""
size: 5
stride: 5]",0,7.0,-0.05835528299212456,0.07199402898550034,0.2600322961807251,0.8546675443649292,8.0,-0.04155664145946503,0.07352226227521896,0.2973756194114685,1.3929839134216309,6.0,-0.09184031933546066,0.07166150212287903,0.24129417538642883,0.2630748450756073
1692309391.5594976,"[label: ""height""
size: 3
stride: 15, label: ""width""
size: 5
stride: 5]",0,6.0,-0.08972147852182388,0.07174500077962875,0.24288500845432281,0.29683947563171387,7.0,-0.05750562995672226,0.07277558743953705,0.264809250831604,0.8611859083175659,8.0,-0.040711551904678345,0.07353845983743668,0.29990679025650024,1.4139010906219482
1692309391.6587946,"[label: ""height""
size: 3
stride: 15, label: ""width""
size: 5
stride: 5]",0,6.0,-0.08878707885742188,0.07160089910030365,0.24606503546237946,0.29967522621154785,7.0,-0.05659610778093338,0.07233928143978119,0.267606645822525,0.8790283203125,8.0,-0.04070726037025452,0.07422972470521927,0.30624765157699585,1.4121559858322144
1692309391.7540178,"[label: ""height""
size: 3
stride: 15, label: ""width""
size: 5
stride: 5]",0,6.0,-0.08731520920991898,0.07066627591848373,0.2487526386976242,0.3052856922149658,7.0,-0.05591150373220444,0.07229884713888168,0.27320000529289246,0.8765110373497009,8.0,-0.040133848786354065,0.07407759130001068,0.3124241232872009,1.40971839427948
1692309391.8523512,"[label: ""height""
size: 3
stride: 15, label: ""width""
size: 5
stride: 5]",0,6.0,-0.08788412064313889,0.07105635851621628,0.2539069652557373,0.3117435574531555,7.0,-0.05510380491614342,0.07128972560167313,0.27361828088760376,0.8891392946243286,8.0,-0.03961453586816788,0.07301722466945648,0.3122591972351074,1.4236066341400146
1692309391.9556541,"[label: ""height""
size: 3
stride: 15, label: ""width""
size: 5
stride: 5]",0,6.0,-0.08681855350732803,0.07068546116352081,0.25629499554634094,0.32078027725219727,7.0,-0.05466717109084129,0.07140889018774033,0.2775465250015259,0.8960676193237305,8.0,-0.038791120052337646,0.07298459112644196,0.3148478865623474,1.424261450767517
1692309392.0516188,"[label: ""height""
size: 3
stride: 15, label: ""width""
size: 5
stride: 5]",0,6.0,-0.0860683023929596,0.07034263759851456,0.25857120752334595,0.35998907685279846,7.0,-0.05421476066112518,0.07157424092292786,0.2821601927280426,0.8712397217750549,8.0,-0.03819812834262848,0.07279132306575775,0.3184764087200165,1.419165849685669
1692309392.1583314,"[label: ""height""
size: 3
stride: 15, label: ""width""
size: 5
stride: 5]",0,6.0,-0.08647866547107697,0.07045375555753708,0.2616182267665863,0.3358527719974518,7.0,-0.05465957149863243,0.07157018780708313,0.2844201922416687,0.8606476783752441,8.0,-0.03836889564990997,0.07322218269109726,0.32207539677619934,1.4143531322479248
1692309392.2563338,"[label: ""height""
size: 3
stride: 15, label: ""width""
size: 5
stride: 5]",0,6.0,-0.0872424766421318,0.07093993574380875,0.2655298113822937,0.3325270116329193,7.0,-0.054142605513334274,0.07122373580932617,0.28534919023513794,0.8754689693450928,8.0,-0.03841839358210564,0.07356246560811996,0.325880765914917,1.4029873609542847
1692309392.354365,"[label: ""height""
size: 3
stride: 15, label: ""width""
size: 5
stride: 5]",0,6.0,-0.08709972351789474,0.06891639530658722,0.2655937969684601,0.2870270907878876,7.0,-0.05493370071053505,0.06992917507886887,0.28820928931236267,0.8637295365333557,8.0,-0.037968531250953674,0.07135242223739624,0.32551515102386475,1.3951219320297241
1692309392.4531808,"[label: ""height""
size: 3
stride: 15, label: ""width""
size: 5
stride: 5]",0,6.0,-0.08810483664274216,0.06914865970611572,0.26868245005607605,0.3000754117965698,7.0,-0.0551624670624733,0.07011563330888748,0.289372980594635,0.836334764957428,8.0,-0.037896960973739624,0.07185617089271545,0.328398734331131,1.3826093673706055
1692309392.553923,"[label: ""height""
size: 3
stride: 15, label: ""width""
size: 5
stride: 5]",0,6.0,-0.08897778391838074,0.06934860348701477,0.27095746994018555,0.2932952344417572,7.0,-0.0559815838932991,0.07046399265527725,0.29234015941619873,0.8243048787117004,8.0,-0.037853460758924484,0.07179678976535797,0.3293532431125641,1.355407953262329
1692309392.6532373,"[label: ""height""
size: 3
stride: 15, label: ""width""
size: 5
stride: 5]",0,6.0,-0.08924750238656998,0.06917263567447662,0.2720414698123932,0.27299901843070984,7.0,-0.05587774142622948,0.07028738409280777,0.2930130958557129,0.7968290448188782,8.0,-0.03690534457564354,0.07128795981407166,0.32824212312698364,1.3402119874954224
1692309392.755338,"[label: ""height""
size: 3
stride: 15, label: ""width""
size: 5
stride: 5]",0,6.0,-0.09073436260223389,0.06954970210790634,0.2777674198150635,0.2281949520111084,7.0,-0.0562407523393631,0.07021910697221756,0.2967066168785095,0.7649741768836975,8.0,-0.03640848025679588,0.07124808430671692,0.33114758133888245,1.3178129196166992
1692309392.8541982,"[label: ""height""
size: 3
stride: 15, label: ""width""
size: 5
stride: 5]",0,6.0,-0.0893285721540451,0.0677400678396225,0.27662163972854614,0.2378316968679428,7.0,-0.05513282120227814,0.06831551343202591,0.29534024000167847,0.7564307451248169,8.0,-0.03499221056699753,0.06953322142362595,0.3307001292705536,1.2981160879135132
1692309392.9563308,"[label: ""height""
size: 3
stride: 15, label: ""width""
size: 5
stride: 5]",0,6.0,-0.08934222906827927,0.06872306019067764,0.2822640836238861,0.2103685885667801,7.0,-0.05480513721704483,0.06983798742294312,0.3013167679309845,0.7174179553985596,8.0,-0.03384995833039284,0.07154925912618637,0.3382631242275238,1.2660545110702515
1692309393.0539742,"[label: ""height""
size: 3
stride: 15, label: ""width""
size: 5
stride: 5]",0,6.0,-0.08842970430850983,0.06843316555023193,0.2833822965621948,0.20303474366664886,7.0,-0.052915096282958984,0.06840896606445312,0.29840749502182007,0.7406606674194336,8.0,-0.032031022012233734,0.07041637599468231,0.3381323218345642,1.2524209022521973
1692309393.1572657,"[label: ""height""
size: 3
stride: 15, label: ""width""
size: 5
stride: 5]",0,6.0,-0.08747629076242447,0.06869843602180481,0.28738823533058167,0.1789896935224533,7.0,-0.05178874358534813,0.06898792833089828,0.3030795156955719,0.7072824239730835,8.0,-0.029812118038535118,0.07040874660015106,0.3380919098854065,1.2457486391067505
1692309393.2537565,"[label: ""height""
size: 3
stride: 15, label: ""width""
size: 5
stride: 5]",0,6.0,-0.08641088008880615,0.06804933398962021,0.29175156354904175,0.1880495399236679,7.0,-0.04993918165564537,0.06747664511203766,0.30461204051971436,0.7030823826789856,8.0,-0.02764010615646839,0.06912891566753387,0.3419959247112274,1.2318017482757568
1692309393.3560233,"[label: ""height""
size: 3
stride: 15, label: ""width""
size: 5
stride: 5]",0,6.0,-0.08292463421821594,0.06834092736244202,0.29241031408309937,0.16040480136871338,8.0,-0.024443697184324265,0.06973759084939957,0.3422507345676422,1.230368733406067,7.0,-0.047524917870759964,0.06938204914331436,0.31150156259536743,0.7080265879631042
1692309393.452971,"[label: ""height""
size: 3
stride: 15, label: ""width""
size: 5
stride: 5]",0,6.0,-0.07940739393234253,0.06770218163728714,0.2940617799758911,0.17236438393592834,7.0,-0.04431599751114845,0.06877400726079941,0.31392672657966614,0.6805784702301025,8.0,-0.021325819194316864,0.069412462413311,0.3461664319038391,1.216883659362793
1692309393.556526,"[label: ""height""
size: 3
stride: 15, label: ""width""
size: 5
stride: 5]",0,7.0,-0.040997326374053955,0.0688847005367279,0.31794893741607666,0.6733582019805908,8.0,-0.017984462901949883,0.07012129575014114,0.3525533676147461,1.2152881622314453,6.0,-0.07774710655212402,0.0693281814455986,0.30434489250183105,0.13538384437561035
1692309393.65232,"[label: ""height""
size: 3
stride: 15, label: ""width""
size: 5
stride: 5]",0,6.0,-0.07335806638002396,0.06712708622217178,0.3009357750415802,0.19694408774375916,7.0,-0.03813926503062248,0.06812848895788193,0.3212117552757263,0.6880272030830383,8.0,-0.0156365055590868,0.06972865015268326,0.35790637135505676,1.2198158502578735
1692309393.7584524,"[label: ""height""
size: 3
stride: 15, label: ""width""
size: 5
stride: 5]",0,6.0,-0.07232476025819778,0.06829869002103806,0.30221712589263916,0.18309979140758514,7.0,-0.03701326251029968,0.06857339292764664,0.31952768564224243,0.7062162160873413,8.0,-0.015363539569079876,0.07035041600465775,0.3581025302410126,1.2366656064987183
1692309393.862453,"[label: ""height""
size: 3
stride: 15, label: ""width""
size: 5
stride: 5]",0,6.0,-0.07238904386758804,0.06730406731367111,0.30267372727394104,0.2277749478816986,7.0,-0.03767145052552223,0.06809443235397339,0.32286250591278076,0.717457115650177,8.0,-0.016463661566376686,0.06892207264900208,0.3560468256473541,1.276824712753296
1692309393.963868,"[label: ""height""
size: 3
stride: 15, label: ""width""
size: 5
stride: 5]",0,6.0,-0.07332205027341843,0.06830673664808273,0.30510637164115906,0.25517091155052185,7.0,-0.038659922778606415,0.06852280348539352,0.3223647475242615,0.7490944266319275,8.0,-0.01810155063867569,0.07028871029615402,0.3593118190765381,1.2943371534347534
1692309394.063551,"[label: ""height""
size: 3
stride: 15, label: ""width""
size: 5
stride: 5]",0,6.0,-0.07464975863695145,0.06862164288759232,0.30543074011802673,0.25673994421958923,7.0,-0.04058833792805672,0.06895508617162704,0.3250899612903595,0.7695946097373962,8.0,-0.020919766277074814,0.07037155330181122,0.36199554800987244,1.3180947303771973
1692309394.1633499,"[label: ""height""
size: 3
stride: 15, label: ""width""
size: 5
stride: 5]",0,6.0,-0.07586237043142319,0.06820081919431686,0.30534040927886963,0.27195289731025696,7.0,-0.042195431888103485,0.0690067857503891,0.3272109925746918,0.7900909781455994,8.0,-0.022841516882181168,0.06974493712186813,0.3618111312389374,1.332558035850525
1692309394.255918,"[label: ""height""
size: 3
stride: 15, label: ""width""
size: 5
stride: 5]",0,6.0,-0.07649324834346771,0.06869745254516602,0.30341827869415283,0.27876245975494385,7.0,-0.04403054714202881,0.07015255093574524,0.32887914776802063,0.7886856198310852,8.0,-0.02480124495923519,0.07100079953670502,0.3621968924999237,1.3458824157714844
1692309394.3613691,"[label: ""height""
size: 3
stride: 15, label: ""width""
size: 5
stride: 5]",0,6.0,-0.0778547152876854,0.06812908500432968,0.3054729104042053,0.31583371758461,7.0,-0.04471197724342346,0.06897114962339401,0.327038049697876,0.8120109438896179,8.0,-0.025972440838813782,0.06977546960115433,0.36198288202285767,1.3497627973556519
1692309394.458426,"[label: ""height""
size: 3
stride: 15, label: ""width""
size: 5
stride: 5]",0,6.0,-0.07715076208114624,0.06963519006967545,0.30708402395248413,0.30100154876708984,7.0,-0.044164352118968964,0.07015437632799149,0.3288974165916443,0.8254948854446411,8.0,-0.025810731574892998,0.07185746729373932,0.36807316541671753,1.3431897163391113
1692309394.561308,"[label: ""height""
size: 3
stride: 15, label: ""width""
size: 5
stride: 5]",0,6.0,-0.07598910480737686,0.06969469040632248,0.30903908610343933,0.31379973888397217,7.0,-0.043444305658340454,0.07040304690599442,0.33256274461746216,0.8206737041473389,8.0,-0.025232389569282532,0.0712493360042572,0.36804884672164917,1.3770630359649658
1692309394.6580384,"[label: ""height""
size: 3
stride: 15, label: ""width""
size: 5
stride: 5]",0,6.0,-0.07373112440109253,0.06958852708339691,0.30978038907051086,0.34806951880455017,7.0,-0.04116889834403992,0.07024778425693512,0.3317890763282776,0.8397613167762756,8.0,-0.023562205955386162,0.07151845842599869,0.37020668387413025,1.3718303442001343
1692309394.7597902,"[label: ""height""
size: 3
stride: 15, label: ""width""
size: 5
stride: 5]",0,6.0,-0.07276425510644913,0.07089461386203766,0.3115386366844177,0.3322627544403076,7.0,-0.040499892085790634,0.07185792177915573,0.33625349402427673,0.8325738310813904,8.0,-0.02271457575261593,0.07258102297782898,0.3709997832775116,1.386197805404663
1692309394.8585966,"[label: ""height""
size: 3
stride: 15, label: ""width""
size: 5
stride: 5]",0,6.0,-0.07136863470077515,0.07083971053361893,0.3129395842552185,0.259609192609787,7.0,-0.03861074522137642,0.07105293869972229,0.33309775590896606,0.849382221698761,8.0,-0.021046167239546776,0.07296252250671387,0.37371861934661865,1.3788522481918335
1692309394.9608104,"[label: ""height""
size: 3
stride: 15, label: ""width""
size: 5
stride: 5]",0,6.0,-0.07017707079648972,0.07112076878547668,0.3131059408187866,0.34137898683547974,7.0,-0.03789164870977402,0.07227995246648788,0.33749473094940186,0.8426135778427124,8.0,-0.02017807774245739,0.07340145856142044,0.37440040707588196,1.3934476375579834
1692309395.0578547,"[label: ""height""
size: 3
stride: 15, label: ""width""
size: 5
stride: 5]",0,6.0,-0.0701485425233841,0.07162702828645706,0.31472107768058777,0.34979337453842163,7.0,-0.037512678653001785,0.07234273850917816,0.33780160546302795,0.8283067941665649,8.0,-0.019241929054260254,0.07339255511760712,0.3743499219417572,1.3732954263687134
1692309395.160016,"[label: ""height""
size: 3
stride: 15, label: ""width""
size: 5
stride: 5]",0,6.0,-0.07051144540309906,0.07130751013755798,0.31441760063171387,0.30010876059532166,7.0,-0.03757037967443466,0.07220090925693512,0.33709561824798584,0.8193584680557251,8.0,-0.019241929054260254,0.07339255511760712,0.3743499219417572,1.3732954263687134
1692309395.2519066,"[label: ""height""
size: 3
stride: 15, label: ""width""
size: 5
stride: 5]",0,6.0,-0.07029329240322113,0.0718538761138916,0.3152756989002228,0.32659488916397095,7.0,-0.036988526582717896,0.07227995991706848,0.33560436964035034,0.8113805055618286,8.0,-0.018280021846294403,0.07358373701572418,0.3737642765045166,1.3534588813781738
1692309395.3535948,"[label: ""height""
size: 3
stride: 15, label: ""width""
size: 5
stride: 5]",0,6.0,-0.07114191353321075,0.07227860391139984,0.31488174200057983,0.2895713448524475,7.0,-0.03792331740260124,0.07319679111242294,0.3365667164325714,0.8103130459785461,8.0,-0.019338523969054222,0.0749380961060524,0.37671345472335815,1.3364120721817017
1692309395.452114,"[label: ""height""
size: 3
stride: 15, label: ""width""
size: 5
stride: 5]",0,6.0,-0.07087317854166031,0.07141411304473877,0.31278035044670105,0.3390248715877533,7.0,-0.03831828758120537,0.07285500317811966,0.3375926613807678,0.8076289892196655,8.0,-0.01938675530254841,0.07329333573579788,0.37153157591819763,1.3566683530807495
1692309395.5531564,"[label: ""height""
size: 3
stride: 15, label: ""width""
size: 5
stride: 5]",0,6.0,-0.0708291158080101,0.07302839308977127,0.3164069354534149,0.3026697337627411,7.0,-0.03787210211157799,0.07426929473876953,0.34094712138175964,0.8180389404296875,8.0,-0.01966986432671547,0.07558953016996384,0.3768971860408783,1.3551346063613892
1692309395.6535459,"[label: ""height""
size: 3
stride: 15, label: ""width""
size: 5
stride: 5]",0,6.0,-0.07057944685220718,0.07288683950901031,0.32101884484291077,0.2761116623878479,7.0,-0.036716707050800323,0.07240117341279984,0.33809828758239746,0.8481264710426331,8.0,-0.01862838864326477,0.07339169830083847,0.3743450939655304,1.371666431427002
1692309395.7559876,"[label: ""height""
size: 3
stride: 15, label: ""width""
size: 5
stride: 5]",0,6.0,-0.06749676913022995,0.07334748655557632,0.3183293044567108,0.28749167919158936,7.0,-0.03451792523264885,0.07353629171848297,0.33822983503341675,0.8404452800750732,8.0,-0.017303980886936188,0.07530637085437775,0.37857457995414734,1.380988597869873
1692309395.8582997,"[label: ""height""
size: 3
stride: 15, label: ""width""
size: 5
stride: 5]",0,6.0,-0.06391409784555435,0.07279343158006668,0.3181551992893219,0.3177816867828369,7.0,-0.031831201165914536,0.07441145181655884,0.344879686832428,0.8549335598945618,8.0,-0.014617923647165298,0.07562073320150375,0.3809279203414917,1.3920663595199585
1692309395.9584162,"[label: ""height""
size: 3
stride: 15, label: ""width""
size: 5
stride: 5]",0,6.0,-0.06041789799928665,0.07308819144964218,0.32170215249061584,0.31753411889076233,7.0,-0.028163300827145576,0.07384336739778519,0.34486788511276245,0.8664267063140869,8.0,-0.011318204924464226,0.07563094049692154,0.38492706418037415,1.3980224132537842
1692309396.05769,"[label: ""height""
size: 2
stride: 10, label: ""width""
size: 5
stride: 5]",0,6.0,-0.05554484203457832,0.07328014075756073,0.3209022581577301,0.30698132514953613,7.0,-0.023674964904785156,0.07476403564214706,0.34719109535217285,0.8801336288452148
1692309396.1609037,"[label: ""height""
size: 2
stride: 10, label: ""width""
size: 5
stride: 5]",0,6.0,-0.05121198669075966,0.07245828211307526,0.3249362111091614,0.28575873374938965,7.0,-0.01918751932680607,0.07364802062511444,0.3506757915019989,0.8671411871910095
1692309396.2573295,"[label: ""height""
size: 2
stride: 10, label: ""width""
size: 5
stride: 5]",0,6.0,-0.04688650369644165,0.07239720970392227,0.32222887873649597,0.36727219820022583,7.0,-0.015468657948076725,0.07426100224256516,0.35087230801582336,0.8777368664741516
1692309396.357009,"[label: ""height""
size: 2
stride: 10, label: ""width""
size: 5
stride: 5]",0,6.0,-0.04365956038236618,0.07231295108795166,0.32383519411087036,0.38747915625572205,7.0,-0.011891750618815422,0.0733543187379837,0.3472156524658203,0.8982574343681335
1692309396.4582512,"[label: ""height""
size: 2
stride: 10, label: ""width""
size: 5
stride: 5]",0,6.0,-0.04009101539850235,0.07124291360378265,0.3255264461040497,0.30606141686439514,7.0,-0.008329764939844608,0.07239910215139389,0.3522033393383026,0.8970120549201965
1692309396.5619862,"[label: ""height""
size: 2
stride: 10, label: ""width""
size: 5
stride: 5]",0,6.0,-0.036435119807720184,0.0726756751537323,0.3290863037109375,0.3789408206939697,7.0,-0.004415116738528013,0.07302554696798325,0.3504331409931183,0.9005658626556396
1692309396.6621509,"[label: ""height""
size: 2
stride: 10, label: ""width""
size: 5
stride: 5]",0,6.0,-0.032222680747509,0.07094597071409225,0.3249387741088867,0.4053294062614441,7.0,-0.0009768933523446321,0.07185164839029312,0.35030364990234375,0.9119455218315125
1692309396.7650595,"[label: ""height""
size: 2
stride: 10, label: ""width""
size: 5
stride: 5]",0,6.0,-0.03041897341609001,0.07148673385381699,0.3255026042461395,0.3995848298072815,7.0,0.000738565984647721,0.07246861606836319,0.3505295515060425,0.9270032048225403
1692309396.859136,"[label: ""height""
size: 2
stride: 10, label: ""width""
size: 5
stride: 5]",0,6.0,-0.029667919501662254,0.07238763570785522,0.3259069621562958,0.38309136033058167,7.0,0.0014635350089520216,0.07362190634012222,0.3525581955909729,0.910332441329956
1692309396.9654877,"[label: ""height""
size: 2
stride: 10, label: ""width""
size: 5
stride: 5]",0,6.0,-0.029351793229579926,0.07129350304603577,0.322765052318573,0.41595953702926636,7.0,0.0014514270005747676,0.0722094401717186,0.34718599915504456,0.921845018863678
1692309397.0613756,"[label: ""height""
size: 2
stride: 10, label: ""width""
size: 5
stride: 5]",0,6.0,-0.030573448166251183,0.07218746095895767,0.3214797079563141,0.38104888796806335,7.0,0.0007434274302795529,0.07329604774713516,0.3469264805316925,0.9142188429832458
1692309397.162379,"[label: ""height""
size: 2
stride: 10, label: ""width""
size: 5
stride: 5]",0,6.0,-0.03207447752356529,0.07201846688985825,0.31949684023857117,0.39106765389442444,7.0,-0.0006381072453223169,0.07189085334539413,0.3383379280567169,0.9177675247192383
1692309397.2588859,"[label: ""height""
size: 2
stride: 10, label: ""width""
size: 5
stride: 5]",0,6.0,-0.03353320062160492,0.07225222140550613,0.31596678495407104,0.3775160312652588,7.0,-0.00201850151643157,0.07300769537687302,0.33837419748306274,0.9016634821891785
1692309397.361344,"[label: ""height""
size: 2
stride: 10, label: ""width""
size: 5
stride: 5]",0,6.0,-0.03503092750906944,0.07303234934806824,0.3155699074268341,0.39021962881088257,7.0,-0.0032443380914628506,0.07361603528261185,0.3367815315723419,0.8988445401191711
1692309397.4592273,"[label: ""height""
size: 2
stride: 10, label: ""width""
size: 5
stride: 5]",0,6.0,-0.036004941910505295,0.07286190986633301,0.3115566670894623,0.3583349883556366,7.0,-0.004074253141880035,0.07455922663211823,0.33729368448257446,0.8787999749183655
1692309397.5615497,"[label: ""height""
size: 2
stride: 10, label: ""width""
size: 5
stride: 5]",0,6.0,-0.03656046465039253,0.07353255897760391,0.30996522307395935,0.3808390498161316,7.0,-0.004392890725284815,0.0743558332324028,0.3314593434333801,0.8647962808609009
1692309397.6607428,"[label: ""height""
size: 3
stride: 15, label: ""width""
size: 5
stride: 5]",0,6.0,-0.038081828504800797,0.07523644715547562,0.31077417731285095,0.35139718651771545,7.0,-0.00562553433701396,0.07613211870193481,0.3321402966976166,0.8561798930168152,8.0,0.01162709016352892,0.07699504494667053,0.36395591497421265,1.3957462310791016
1692309397.7616785,"[label: ""height""
size: 2
stride: 10, label: ""width""
size: 5
stride: 5]",0,6.0,-0.03812895342707634,0.07448730617761612,0.30703482031822205,0.33863016963005066,7.0,-0.005720274988561869,0.07581055909395218,0.33014386892318726,0.8505041599273682
1692309397.8600862,"[label: ""height""
size: 3
stride: 15, label: ""width""
size: 5
stride: 5]",0,6.0,-0.038886211812496185,0.07559379935264587,0.3049394488334656,0.31295108795166016,7.0,-0.006353004369884729,0.07738412916660309,0.3282572031021118,0.8470770120620728,8.0,0.011324130930006504,0.07795262336730957,0.3588007092475891,1.3820219039916992
1692309397.9588296,"[label: ""height""
size: 3
stride: 15, label: ""width""
size: 5
stride: 5]",0,6.0,-0.03966939449310303,0.07529082894325256,0.30687421560287476,0.27940240502357483,7.0,-0.006459520198404789,0.07630471140146255,0.32704833149909973,0.8416606783866882,8.0,0.011248040944337845,0.07767239958047867,0.3608977496623993,1.3777531385421753
1692309398.059171,"[label: ""height""
size: 2
stride: 10, label: ""width""
size: 5
stride: 5]",0,6.0,-0.040554799139499664,0.07632387429475784,0.30335915088653564,0.30109769105911255,7.0,-0.007611876353621483,0.07730795443058014,0.32510823011398315,0.8402292132377625
1692309398.155845,"[label: ""height""
size: 3
stride: 15, label: ""width""
size: 5
stride: 5]",0,6.0,-0.04089377447962761,0.07485534995794296,0.30135631561279297,0.30878081917762756,7.0,-0.008477597497403622,0.07609737664461136,0.3228119909763336,0.8596540093421936,8.0,0.008953369222581387,0.07904217392206192,0.36379626393318176,1.3849668502807617
1692309398.2579043,"[label: ""height""
size: 2
stride: 10, label: ""width""
size: 5
stride: 5]",0,6.0,-0.042270369827747345,0.0765126496553421,0.30171528458595276,0.343740314245224,7.0,-0.009812320582568645,0.07778158038854599,0.32324180006980896,0.8622294068336487
1692309398.3644462,"[label: ""height""
size: 3
stride: 15, label: ""width""
size: 5
stride: 5]",0,6.0,-0.043408676981925964,0.07560321688652039,0.2996188700199127,0.3850703239440918,7.0,-0.01152457669377327,0.07720505446195602,0.32304632663726807,0.8786196112632751,8.0,0.005142711568623781,0.07869090139865875,0.3581652045249939,1.4032193422317505
1692309398.4543288,"[label: ""height""
size: 2
stride: 10, label: ""width""
size: 5
stride: 5]",0,6.0,-0.04491451755166054,0.0759546086192131,0.2965911030769348,0.3739713430404663,7.0,-0.0132715729996562,0.07756321132183075,0.32070213556289673,0.8903246521949768
1692309398.5598483,"[label: ""height""
size: 2
stride: 10, label: ""width""
size: 5
stride: 5]",0,6.0,-0.0474858433008194,0.0753873810172081,0.2952805757522583,0.38347211480140686,7.0,-0.016160983592271805,0.07657043635845184,0.31825917959213257,0.9171991348266602
1692309398.654864,"[label: ""height""
size: 2
stride: 10, label: ""width""
size: 5
stride: 5]",0,6.0,-0.04927292466163635,0.07605680078268051,0.2952931523323059,0.4155261516571045,7.0,-0.01822398416697979,0.07767149060964584,0.32008272409439087,0.9285864233970642
1692309398.7705476,"[label: ""height""
size: 2
stride: 10, label: ""width""
size: 5
stride: 5]",0,6.0,-0.05161113291978836,0.07617465406656265,0.29420220851898193,0.42408326268196106,7.0,-0.021228797733783722,0.07763876020908356,0.31994691491127014,0.9482726454734802
1692309398.8645444,"[label: ""height""
size: 2
stride: 10, label: ""width""
size: 5
stride: 5]",0,6.0,-0.054230354726314545,0.0760476365685463,0.2909887731075287,0.45241355895996094,7.0,-0.024581218138337135,0.07799291610717773,0.31929323077201843,0.962772786617279
1692309398.9648967,"[label: ""height""
size: 2
stride: 10, label: ""width""
size: 5
stride: 5]",0,6.0,-0.05743539333343506,0.07517698407173157,0.2898034453392029,0.4675624370574951,7.0,-0.028186939656734467,0.07684065401554108,0.3172590434551239,0.9894280433654785
1692309399.0625224,"[label: ""height""
size: 2
stride: 10, label: ""width""
size: 5
stride: 5]",0,6.0,-0.06072026863694191,0.07594768702983856,0.2890715003013611,0.4655942916870117,7.0,-0.032095666974782944,0.07766090333461761,0.31740719079971313,1.0010591745376587
1692309399.1609375,"[label: ""height""
size: 2
stride: 10, label: ""width""
size: 5
stride: 5]",0,6.0,-0.06418154388666153,0.0744583010673523,0.28579357266426086,0.5290142893791199,7.0,-0.03642280772328377,0.07627629488706589,0.3155182898044586,1.0311144590377808
1692309399.2620027,"[label: ""height""
size: 2
stride: 10, label: ""width""
size: 5
stride: 5]",0,6.0,-0.06743477284908295,0.07488078624010086,0.2847074270248413,0.5224424004554749,7.0,-0.03975239396095276,0.07676675915718079,0.3143341839313507,1.0375608205795288
1692309399.36189,"[label: ""height""
size: 2
stride: 10, label: ""width""
size: 5
stride: 5]",0,7.0,-0.043292757123708725,0.0760868489742279,0.3120785653591156,1.0557957887649536,6.0,-0.07157900929450989,0.07578535377979279,0.28736400604248047,0.5510998368263245
1692309399.459693,"[label: ""height""
size: 2
stride: 10, label: ""width""
size: 5
stride: 5]",0,6.0,-0.07374067604541779,0.07441959530115128,0.28303179144859314,0.5319581627845764,7.0,-0.04649931192398071,0.07606666535139084,0.31306567788124084,1.04530930519104
1692309399.569892,"[label: ""height""
size: 2
stride: 10, label: ""width""
size: 5
stride: 5]",0,6.0,-0.07633404433727264,0.0750221312046051,0.28357210755348206,0.5142929553985596,7.0,-0.048489540815353394,0.07601260393857956,0.3102479577064514,1.0703707933425903
1692309399.661434,"[label: ""height""
size: 2
stride: 10, label: ""width""
size: 5
stride: 5]",0,6.0,-0.07812643051147461,0.0744965672492981,0.2837256193161011,0.5050227642059326,7.0,-0.050389278680086136,0.07544254511594772,0.31103500723838806,1.0554275512695312
1692309399.760256,"[label: ""height""
size: 2
stride: 10, label: ""width""
size: 5
stride: 5]",0,6.0,-0.07820146530866623,0.07337655872106552,0.280682235956192,0.4986870288848877,7.0,-0.050922784954309464,0.07487213611602783,0.30969738960266113,1.0446935892105103
1692309399.8599622,"[label: ""height""
size: 2
stride: 10, label: ""width""
size: 5
stride: 5]",0,6.0,-0.07964997738599777,0.07375939935445786,0.28094831109046936,0.5055291056632996,7.0,-0.05212876573204994,0.0754726380109787,0.3100997805595398,1.0383381843566895
1692309399.9623625,"[label: ""height""
size: 2
stride: 10, label: ""width""
size: 5
stride: 5]",0,6.0,-0.07942844182252884,0.07236139476299286,0.2789895236492157,0.5076627731323242,7.0,-0.05168638378381729,0.07414671778678894,0.3082692623138428,1.0327471494674683
1692309400.060406,"[label: ""height""
size: 2
stride: 10, label: ""width""
size: 5
stride: 5]",0,6.0,-0.08055290579795837,0.07365141063928604,0.282709002494812,0.44903677701950073,7.0,-0.051611196249723434,0.07472467422485352,0.30858492851257324,1.0220887660980225
1692309400.1613433,"[label: ""height""
size: 3
stride: 15, label: ""width""
size: 5
stride: 5]",0,6.0,-0.07992652803659439,0.07284668833017349,0.28090041875839233,0.4374324381351471,7.0,-0.05055123567581177,0.07406872510910034,0.3068394660949707,0.9874148964881897,8.0,-0.03866211324930191,0.07597022503614426,0.3458593189716339,1.5145033597946167
1692309400.2608721,"[label: ""height""
size: 3
stride: 15, label: ""width""
size: 5
stride: 5]",0,6.0,-0.07916108518838882,0.07126481831073761,0.27891936898231506,0.4051892161369324,7.0,-0.05037610977888107,0.0735948234796524,0.30958279967308044,0.9666886925697327,8.0,-0.03759976476430893,0.07488258183002472,0.34801235795021057,1.5051602125167847
1692309400.3665686,"[label: ""height""
size: 3
stride: 15, label: ""width""
size: 5
stride: 5]",0,6.0,-0.07953247427940369,0.07181468605995178,0.2791588604450226,0.44518330693244934,7.0,-0.05013783648610115,0.07352679967880249,0.3066542446613312,0.9577673673629761,8.0,-0.03660864010453224,0.07460187375545502,0.34282681345939636,1.4965801239013672
1692309400.4642766,"[label: ""height""
size: 3
stride: 15, label: ""width""
size: 5
stride: 5]",0,6.0,-0.08069537580013275,0.07126402109861374,0.27948108315467834,0.40440526604652405,7.0,-0.05138104781508446,0.07342492043972015,0.30881980061531067,0.9433699250221252,8.0,-0.037867944687604904,0.07487756758928299,0.34798696637153625,1.4917638301849365
1692309400.5622265,"[label: ""height""
size: 3
stride: 15, label: ""width""
size: 5
stride: 5]",0,6.0,-0.08166439086198807,0.07123047858476639,0.2789493501186371,0.4218946099281311,7.0,-0.051835548132658005,0.07295393943786621,0.30633634328842163,0.9455254077911377,8.0,-0.03782293200492859,0.07398807257413864,0.3425728678703308,1.4797013998031616
1692309400.6629324,"[label: ""height""
size: 2
stride: 10, label: ""width""
size: 5
stride: 5]",0,6.0,-0.0828823447227478,0.0710642859339714,0.27922624349594116,0.4287889003753662,7.0,-0.05264158174395561,0.07230714708566666,0.30522242188453674,0.9519652724266052
1692309400.7625372,"[label: ""height""
size: 3
stride: 15, label: ""width""
size: 5
stride: 5]",0,6.0,-0.08349151909351349,0.07067171484231949,0.2785021960735321,0.4000590145587921,7.0,-0.05342848598957062,0.07220079004764557,0.30474546551704407,0.9467712044715881,8.0,-0.03991870954632759,0.07408478856086731,0.344966858625412,1.4798470735549927
1692309400.866361,"[label: ""height""
size: 3
stride: 15, label: ""width""
size: 5
stride: 5]",0,6.0,-0.08421894162893295,0.07047798484563828,0.27866384387016296,0.40567657351493835,7.0,-0.05433127284049988,0.07174119353294373,0.3049202263355255,0.9396194815635681,8.0,-0.04021446034312248,0.07226171344518661,0.3390880227088928,1.4927436113357544
1692309400.9644172,"[label: ""height""
size: 3
stride: 15, label: ""width""
size: 5
stride: 5]",0,6.0,-0.08473731577396393,0.07107967883348465,0.28118643164634705,0.4271549880504608,7.0,-0.05432315170764923,0.07192753255367279,0.3062363564968109,0.9552485346794128,8.0,-0.04170258715748787,0.07442216575145721,0.3491755425930023,1.4935930967330933
1692309401.0614915,"[label: ""height""
size: 3
stride: 15, label: ""width""
size: 5
stride: 5]",0,6.0,-0.08336513489484787,0.06941986083984375,0.278822124004364,0.3958088159561157,7.0,-0.053163718432188034,0.06966076791286469,0.3018590807914734,0.9776184558868408,8.0,-0.041235584765672684,0.07250931859016418,0.34753939509391785,1.5036070346832275
1692309401.1646924,"[label: ""height""
size: 3
stride: 15, label: ""width""
size: 5
stride: 5]",0,6.0,-0.08322419226169586,0.07029180228710175,0.2789042294025421,0.44835251569747925,7.0,-0.054200369864702225,0.07183632254600525,0.30693039298057556,0.9710498452186584,8.0,-0.04099287465214729,0.07244735211133957,0.34191688895225525,1.5107309818267822
1692309401.2610416,"[label: ""height""
size: 3
stride: 15, label: ""width""
size: 5
stride: 5]",0,6.0,-0.08323665708303452,0.06979420781135559,0.28101158142089844,0.3799217939376831,7.0,-0.053617142140865326,0.07088249921798706,0.30716970562934875,0.9778481721878052,8.0,-0.040461570024490356,0.07110196352005005,0.3421603739261627,1.511642575263977
1692309401.3633313,"[label: ""height""
size: 3
stride: 15, label: ""width""
size: 5
stride: 5]",0,6.0,-0.08161388337612152,0.07069695740938187,0.27999240159988403,0.4378427267074585,7.0,-0.05247727036476135,0.07187385112047195,0.30710482597351074,0.9835476875305176,8.0,-0.03983507677912712,0.0729980617761612,0.3451635539531708,1.5084389448165894
1692309401.4614716,"[label: ""height""
size: 3
stride: 15, label: ""width""
size: 5
stride: 5]",0,6.0,-0.08147775381803513,0.07030750066041946,0.2803151607513428,0.4404541254043579,7.0,-0.052206624299287796,0.0713464766740799,0.3069935739040375,0.9829027652740479,8.0,-0.039841536432504654,0.07310494035482407,0.3476727604866028,1.513367772102356
1692309401.5618377,"[label: ""height""
size: 2
stride: 10, label: ""width""
size: 5
stride: 5]",0,6.0,-0.08038975298404694,0.07002607733011246,0.2804473042488098,0.418404221534729,7.0,-0.05111721158027649,0.07145620882511139,0.3079734146595001,0.9762433171272278
1692309401.6533613,"[label: ""height""
size: 3
stride: 15, label: ""width""
size: 5
stride: 5]",0,6.0,-0.08018075674772263,0.0707559809088707,0.2802606225013733,0.46076878905296326,7.0,-0.05131484568119049,0.07264553010463715,0.309880793094635,0.9788815379142761,8.0,-0.03826906159520149,0.07367648929357529,0.34768518805503845,1.5016261339187622
1692309401.756117,"[label: ""height""
size: 3
stride: 15, label: ""width""
size: 5
stride: 5]",0,6.0,-0.08109549432992935,0.07019022852182388,0.279789537191391,0.4383968412876129,7.0,-0.052015550434589386,0.07206771522760391,0.30955496430397034,0.9630826711654663,8.0,-0.03882612660527229,0.07308462262153625,0.3475726842880249,1.5038692951202393
1692309401.8527257,"[label: ""height""
size: 3
stride: 15, label: ""width""
size: 5
stride: 5]",0,6.0,-0.0817691758275032,0.07067576795816422,0.27859920263290405,0.4426732063293457,7.0,-0.05256914719939232,0.07240042835474014,0.30767175555229187,0.9429859519004822,8.0,-0.03913960978388786,0.07376188039779663,0.34675395488739014,1.4869509935379028
1692309401.9546475,"[label: ""height""
size: 3
stride: 15, label: ""width""
size: 5
stride: 5]",0,6.0,-0.0828823447227478,0.0710642859339714,0.27922624349594116,0.4287889003753662,7.0,-0.05285301059484482,0.07231233268976212,0.305723637342453,0.9412259459495544,8.0,-0.03866017237305641,0.07285768538713455,0.34252694249153137,1.483330249786377
1692309402.0540805,"[label: ""height""
size: 3
stride: 15, label: ""width""
size: 5
stride: 5]",0,6.0,-0.08387989550828934,0.07043600082397461,0.27719491720199585,0.4100145995616913,7.0,-0.053784120827913284,0.07176922261714935,0.3039681315422058,0.931906521320343,8.0,-0.03936057910323143,0.07225073873996735,0.33903220295906067,1.4755147695541382
1692309402.154175,"[label: ""height""
size: 3
stride: 15, label: ""width""
size: 5
stride: 5]",0,6.0,-0.08649533241987228,0.07138021290302277,0.27824440598487854,0.39314186573028564,7.0,-0.05491584539413452,0.07142777740955353,0.2993987202644348,0.935031533241272,8.0,-0.04111900553107262,0.07326920330524445,0.33990225195884705,1.4637013673782349
1692309402.2524228,"[label: ""height""
size: 3
stride: 15, label: ""width""
size: 5
stride: 5]",0,6.0,-0.08885910362005234,0.07132509350776672,0.27744242548942566,0.3909793496131897,7.0,-0.05794375389814377,0.07211299985647202,0.30174556374549866,0.9061369895935059,8.0,-0.043127380311489105,0.07406417280435562,0.34163016080856323,1.4461766481399536
1692309402.3562765,"[label: ""height""
size: 3
stride: 15, label: ""width""
size: 5
stride: 5]",0,6.0,-0.0914745181798935,0.07120261341333389,0.278410404920578,0.36789169907569885,7.0,-0.05880623683333397,0.07109694927930832,0.2974666655063629,0.9068217277526855,8.0,-0.04394811764359474,0.07263462245464325,0.33632126450538635,1.430389165878296
1692309402.453131,"[label: ""height""
size: 3
stride: 15, label: ""width""
size: 5
stride: 5]",0,6.0,-0.09350167214870453,0.07191511988639832,0.27800750732421875,0.37087544798851013,7.0,-0.06192788854241371,0.07290569692850113,0.3019266724586487,0.8768571615219116,8.0,-0.04587827995419502,0.07406351715326309,0.33845070004463196,1.41859769821167
1692309402.5547452,"[label: ""height""
size: 3
stride: 15, label: ""width""
size: 5
stride: 5]",0,7.0,-0.06302373856306076,0.07185373455286026,0.3001260459423065,0.868110179901123,8.0,-0.04650973528623581,0.07287367433309555,0.3380543291568756,1.413252592086792,6.0,-0.0965195968747139,0.0717495009303093,0.2820320129394531,0.33572885394096375
1692309402.653506,"[label: ""height""
size: 3
stride: 15, label: ""width""
size: 5
stride: 5]",0,6.0,-0.09709921479225159,0.0710885152220726,0.27736493945121765,0.30864858627319336,7.0,-0.06504957377910614,0.07217229157686234,0.30040663480758667,0.851389467716217,8.0,-0.04803868383169174,0.07346569001674652,0.3382359743118286,1.3930619955062866
1692309402.7564964,"[label: ""height""
size: 3
stride: 15, label: ""width""
size: 5
stride: 5]",0,6.0,-0.0982680544257164,0.0704367607831955,0.27657604217529297,0.3318317234516144,7.0,-0.06613887846469879,0.07165482640266418,0.2992422580718994,0.8518102169036865,8.0,-0.04892486706376076,0.07280268520116806,0.3358224034309387,1.3900048732757568
1692309402.8552291,"[label: ""height""
size: 3
stride: 15, label: ""width""
size: 5
stride: 5]",0,6.0,-0.10017367452383041,0.06979607790708542,0.2767128348350525,0.2930607497692108,7.0,-0.06783073395490646,0.07063961774110794,0.29862457513809204,0.8498973846435547,8.0,-0.05162223055958748,0.07391059398651123,0.3428191542625427,1.3726069927215576
1692309402.9556518,"[label: ""height""
size: 3
stride: 15, label: ""width""
size: 5
stride: 5]",0,6.0,-0.1027778908610344,0.07112008333206177,0.2823221683502197,0.3069050908088684,7.0,-0.0691741332411766,0.07176323235034943,0.3022856116294861,0.8351927995681763,8.0,-0.05167834460735321,0.07319329679012299,0.33952122926712036,1.375699520111084
1692309403.0618448,"[label: ""height""
size: 3
stride: 15, label: ""width""
size: 5
stride: 5]",0,7.0,-0.06947723031044006,0.07060332596302032,0.301988422870636,0.8270813822746277,8.0,-0.05139932781457901,0.07090049237012863,0.3359014093875885,1.3817262649536133,6.0,-0.10312070697546005,0.07022439688444138,0.28258466720581055,0.2956100106239319
1692309403.1650338,"[label: ""height""
size: 3
stride: 15, label: ""width""
size: 5
stride: 5]",0,6.0,-0.10298388451337814,0.07017205655574799,0.2815411388874054,0.28024575114250183,7.0,-0.07012546062469482,0.07123851031064987,0.3036942183971405,0.8183861970901489,8.0,-0.051912885159254074,0.0721169263124466,0.33837881684303284,1.3718174695968628
1692309403.2612996,"[label: ""height""
size: 3
stride: 15, label: ""width""
size: 5
stride: 5]",0,7.0,-0.06908587366342545,0.07019508630037308,0.3019077479839325,0.8371434807777405,8.0,-0.05175555497407913,0.07169867306947708,0.340976744890213,1.3671737909317017,6.0,-0.1034795418381691,0.07065217941999435,0.2847347557544708,0.26324474811553955
1692309403.362716,"[label: ""height""
size: 3
stride: 15, label: ""width""
size: 5
stride: 5]",0,6.0,-0.10165084898471832,0.06933841854333878,0.2833362817764282,0.299538791179657,7.0,-0.06872020661830902,0.07032047212123871,0.3051546812057495,0.828246533870697,8.0,-0.050663743168115616,0.0709061399102211,0.33920174837112427,1.3822104930877686
1692309403.4533093,"[label: ""height""
size: 3
stride: 15, label: ""width""
size: 5
stride: 5]",0,6.0,-0.10049664974212646,0.06926128268241882,0.28341585397720337,0.32025983929634094,7.0,-0.06825477629899979,0.0707603320479393,0.30695539712905884,0.8287966847419739,8.0,-0.0506167858839035,0.07134614139795303,0.34262052178382874,1.3786603212356567
1692309403.5564225,"[label: ""height""
size: 3
stride: 15, label: ""width""
size: 5
stride: 5]",0,6.0,-0.09992021322250366,0.0696176216006279,0.2863658368587494,0.309306263923645,7.0,-0.06703883409500122,0.07002124190330505,0.30658280849456787,0.8622215390205383,8.0,-0.05058024823665619,0.07184120267629623,0.3470253348350525,1.3955140113830566
1692309403.654748,"[label: ""height""
size: 3
stride: 15, label: ""width""
size: 5
stride: 5]",0,6.0,-0.09764411300420761,0.06881210952997208,0.2852497398853302,0.3238213062286377,7.0,-0.06613274663686752,0.07016022503376007,0.31049472093582153,0.8620584011077881,8.0,-0.04946880787611008,0.07044058293104172,0.3450455665588379,1.4262537956237793
1692309403.7586164,"[label: ""height""
size: 3
stride: 15, label: ""width""
size: 5
stride: 5]",0,6.0,-0.09740656614303589,0.06944546848535538,0.28702571988105774,0.34895601868629456,7.0,-0.06629342585802078,0.07085248827934265,0.3130077123641968,0.8853273987770081,8.0,-0.049751125276088715,0.07126776874065399,0.34700286388397217,1.4263595342636108
1692309403.863272,"[label: ""height""
size: 3
stride: 15, label: ""width""
size: 5
stride: 5]",0,6.0,-0.0968031957745552,0.06813984364271164,0.2889805734157562,0.32122233510017395,7.0,-0.06560806185007095,0.06914561986923218,0.31339648365974426,0.9024321436882019,8.0,-0.05020366609096527,0.07029537856578827,0.35204824805259705,1.4393736124038696
1692309403.9665914,"[label: ""height""
size: 3
stride: 15, label: ""width""
size: 5
stride: 5]",0,6.0,-0.09472989290952682,0.0689019113779068,0.29030483961105347,0.34421324729919434,7.0,-0.06298774480819702,0.06931811571121216,0.31186217069625854,0.9227966666221619,8.0,-0.0484134703874588,0.07068384438753128,0.35042980313301086,1.4585602283477783
1692309404.0614893,"[label: ""height""
size: 3
stride: 15, label: ""width""
size: 5
stride: 5]",0,7.0,-0.06217203661799431,0.06911452859640121,0.3180101811885834,0.9146022796630859,8.0,-0.04765427112579346,0.07053574919700623,0.3576228618621826,1.4516719579696655,6.0,-0.09405522048473358,0.0692608430981636,0.29636651277542114,0.3420054018497467
1692309404.1612215,"[label: ""height""
size: 3
stride: 15, label: ""width""
size: 5
stride: 5]",0,7.0,-0.05976532772183418,0.06948104500770569,0.3190210163593292,0.9231792688369751,8.0,-0.0451393648982048,0.06986536830663681,0.35497382283210754,1.4709502458572388,6.0,-0.09146738797426224,0.06932612508535385,0.297146201133728,0.38196566700935364
1692309404.257818,"[label: ""height""
size: 3
stride: 15, label: ""width""
size: 5
stride: 5]",0,6.0,-0.08914388716220856,0.06924882531166077,0.2959442436695099,0.3933234214782715,7.0,-0.058170463889837265,0.06959247589111328,0.3195631504058838,0.9258778691291809,8.0,-0.044628243893384933,0.07112487405538559,0.361346572637558,1.4723024368286133
1692309404.3555484,"[label: ""height""
size: 3
stride: 15, label: ""width""
size: 5
stride: 5]",0,7.0,-0.0563386045396328,0.06787225604057312,0.3188173472881317,0.9331725239753723,8.0,-0.0428236722946167,0.0698976218700409,0.3611070513725281,1.468109369277954,6.0,-0.08833581954240799,0.06840600818395615,0.29895591735839844,0.40463683009147644
1692309404.4555838,"[label: ""height""
size: 3
stride: 15, label: ""width""
size: 5
stride: 5]",0,6.0,-0.08595789968967438,0.06807324290275574,0.2949918210506439,0.3914060592651367,7.0,-0.05541642755270004,0.0691508799791336,0.3217412829399109,0.9075940251350403,8.0,-0.041145209223032,0.07077213376760483,0.3633132874965668,1.4537310600280762
1692309404.561516,"[label: ""height""
size: 2
stride: 10, label: ""width""
size: 5
stride: 5]",0,6.0,-0.08541509509086609,0.06864597648382187,0.30235934257507324,0.3765498399734497,7.0,-0.05347301810979843,0.06881573796272278,0.325834184885025,0.927884578704834
1692309404.6595285,"[label: ""height""
size: 3
stride: 15, label: ""width""
size: 5
stride: 5]",0,6.0,-0.07976292818784714,0.06695074588060379,0.29783570766448975,0.34886467456817627,7.0,-0.04921696335077286,0.0681275799870491,0.3250361979007721,0.9050614237785339,8.0,-0.034955404698848724,0.07028011977672577,0.3700712025165558,1.4471485614776611
1692309404.7586026,"[label: ""height""
size: 3
stride: 15, label: ""width""
size: 5
stride: 5]",0,7.0,-0.045119963586330414,0.06895202398300171,0.3270696699619293,0.9167400598526001,8.0,-0.03150813281536102,0.07306626439094543,0.38140806555747986,1.4360933303833008,6.0,-0.07803310453891754,0.0698775127530098,0.30831456184387207,0.3662261962890625
1692309404.856885,"[label: ""height""
size: 2
stride: 10, label: ""width""
size: 5
stride: 5]",0,6.0,-0.07205116003751755,0.06801372021436691,0.3042973279953003,0.33691006898880005,7.0,-0.040794067084789276,0.06838519871234894,0.3288078308105469,0.9170672297477722
1692309404.9642735,"[label: ""height""
size: 2
stride: 10, label: ""width""
size: 5
stride: 5]",0,6.0,-0.06826993823051453,0.06819383054971695,0.30662885308265686,0.4143075942993164,7.0,-0.03691719472408295,0.0683896392583847,0.3301642835140228,0.9207675457000732
1692309405.061532,"[label: ""height""
size: 2
stride: 10, label: ""width""
size: 5
stride: 5]",0,7.0,-0.034106671810150146,0.06977737694978714,0.3355482816696167,0.9264320135116577,6.0,-0.06598638743162155,0.06998664140701294,0.31292280554771423,0.39799320697784424
1692309405.16529,"[label: ""height""
size: 3
stride: 15, label: ""width""
size: 5
stride: 5]",0,6.0,-0.06204003468155861,0.06846187263727188,0.30929821729660034,0.40691158175468445,7.0,-0.031455863267183304,0.06913968175649643,0.3350912034511566,0.929821252822876,8.0,-0.016848750412464142,0.06962548941373825,0.3738561272621155,1.473772406578064
1692309405.265376,"[label: ""height""
size: 2
stride: 10, label: ""width""
size: 5
stride: 5]",0,6.0,-0.05939452350139618,0.06915043294429779,0.3094314634799957,0.4221949577331543,7.0,-0.029146596789360046,0.0699138268828392,0.3368263840675354,0.9387938380241394
1692309405.3620915,"[label: ""height""
size: 2
stride: 10, label: ""width""
size: 5
stride: 5]",0,6.0,-0.0567973293364048,0.06899414211511612,0.31111645698547363,0.4165276288986206,7.0,-0.026662206277251244,0.06990549713373184,0.34015509486198425,0.9411765336990356
1692309405.4601903,"[label: ""height""
size: 2
stride: 10, label: ""width""
size: 5
stride: 5]",0,6.0,-0.05461956188082695,0.06943706423044205,0.31248101592063904,0.4162750244140625,7.0,-0.024361539632081985,0.06996937096118927,0.33908960223197937,0.9583596587181091
1692309405.5613124,"[label: ""height""
size: 2
stride: 10, label: ""width""
size: 5
stride: 5]",0,6.0,-0.05262728035449982,0.06984126567840576,0.31155067682266235,0.471832275390625,7.0,-0.0230008102953434,0.07058434933423996,0.339399129152298,0.9736207127571106
1692309405.6524887,"[label: ""height""
size: 2
stride: 10, label: ""width""
size: 5
stride: 5]",0,6.0,-0.051270291209220886,0.06935449689626694,0.31333693861961365,0.46572145819664,7.0,-0.02213933877646923,0.07006246596574783,0.3429780602455139,1.0018956661224365
1692309405.755731,"[label: ""height""
size: 2
stride: 10, label: ""width""
size: 5
stride: 5]",0,6.0,-0.05116763710975647,0.07094329595565796,0.31358081102371216,0.48733583092689514,7.0,-0.022120758891105652,0.07050446420907974,0.3384263813495636,1.03158700466156
1692309405.8536775,"[label: ""height""
size: 2
stride: 10, label: ""width""
size: 5
stride: 5]",0,6.0,-0.050845272839069366,0.0695372000336647,0.31251975893974304,0.5138299465179443,7.0,-0.02221280336380005,0.06954456865787506,0.33979153633117676,1.0293207168579102
1692309405.9577415,"[label: ""height""
size: 2
stride: 10, label: ""width""
size: 5
stride: 5]",0,6.0,-0.05123528465628624,0.07025136798620224,0.3118281364440918,0.5236397981643677,7.0,-0.02334366925060749,0.07070821523666382,0.3400510549545288,1.032185673713684
1692309406.059951,"[label: ""height""
size: 2
stride: 10, label: ""width""
size: 5
stride: 5]",0,6.0,-0.05284198746085167,0.06982942670583725,0.31148532032966614,0.5132665038108826,7.0,-0.025309385731816292,0.07017447054386139,0.34017857909202576,1.0571006536483765
1692309406.1583416,"[label: ""height""
size: 2
stride: 10, label: ""width""
size: 5
stride: 5]",0,6.0,-0.054023969918489456,0.07019055634737015,0.31037041544914246,0.5495646595954895,7.0,-0.02643485553562641,0.07075992971658707,0.34032416343688965,1.0602132081985474
1692309406.2615519,"[label: ""height""
size: 2
stride: 10, label: ""width""
size: 5
stride: 5]",0,6.0,-0.05570046976208687,0.06992533802986145,0.3091174364089966,0.5479583740234375,7.0,-0.02866908349096775,0.07077194005250931,0.34038764238357544,1.0669374465942383
1692309406.363815,"[label: ""height""
size: 2
stride: 10, label: ""width""
size: 5
stride: 5]",0,6.0,-0.05779755860567093,0.06970979273319244,0.30810171365737915,0.5268157124519348,7.0,-0.030142003670334816,0.0694289430975914,0.33526793122291565,1.0641076564788818
1692309406.461779,"[label: ""height""
size: 2
stride: 10, label: ""width""
size: 5
stride: 5]",0,6.0,-0.05965830013155937,0.06879088282585144,0.30290651321411133,0.5270927548408508,7.0,-0.0328155979514122,0.07056716829538345,0.3374006152153015,1.0482089519500732
1692309406.5659308,"[label: ""height""
size: 2
stride: 10, label: ""width""
size: 5
stride: 5]",0,6.0,-0.06266244500875473,0.06855622678995132,0.30181214213371277,0.5107634663581848,7.0,-0.03477800264954567,0.06863299012184143,0.3288041651248932,1.0474369525909424
1692309406.6629739,"[label: ""height""
size: 2
stride: 10, label: ""width""
size: 5
stride: 5]",0,6.0,-0.06583306193351746,0.06883249431848526,0.30259424448013306,0.46501442790031433,7.0,-0.03721379488706589,0.06918731331825256,0.33018413186073303,1.0229343175888062
1692309406.7659485,"[label: ""height""
size: 2
stride: 10, label: ""width""
size: 5
stride: 5]",0,6.0,-0.06809419393539429,0.06792552024126053,0.29749321937561035,0.49519598484039307,7.0,-0.03947753831744194,0.06859856843948364,0.32671937346458435,1.0015417337417603
1692309406.864969,"[label: ""height""
size: 2
stride: 10, label: ""width""
size: 5
stride: 5]",0,6.0,-0.06983556598424911,0.06793182343244553,0.29597008228302,0.45154258608818054,7.0,-0.040528155863285065,0.0683273896574974,0.3234974145889282,0.9848540425300598
1692309406.9633164,"[label: ""height""
size: 3
stride: 15, label: ""width""
size: 5
stride: 5]",0,6.0,-0.07179632782936096,0.06725358963012695,0.2945820391178131,0.4490385353565216,7.0,-0.04210827499628067,0.06776852905750275,0.32149019837379456,0.977063775062561,8.0,-0.029544152319431305,0.06946856528520584,0.3642705976963043,1.5119775533676147
1692309407.0632112,"[label: ""height""
size: 3
stride: 15, label: ""width""
size: 5
stride: 5]",0,6.0,-0.07377418875694275,0.06851736456155777,0.29338252544403076,0.4588620066642761,7.0,-0.044134363532066345,0.06943631172180176,0.32191765308380127,0.952276349067688,8.0,-0.030857758596539497,0.07043278962373734,0.36234936118125916,1.4955425262451172
1692309407.162302,"[label: ""height""
size: 3
stride: 15, label: ""width""
size: 5
stride: 5]",0,6.0,-0.07544657588005066,0.06788047403097153,0.29457059502601624,0.4095899760723114,7.0,-0.04523270204663277,0.06879031658172607,0.3213250935077667,0.9479504823684692,8.0,-0.031633734703063965,0.07032836228609085,0.3664056062698364,1.4762529134750366
1692309407.2629566,"[label: ""height""
size: 3
stride: 15, label: ""width""
size: 5
stride: 5]",0,6.0,-0.07650353759527206,0.06865942478179932,0.29266253113746643,0.41625407338142395,7.0,-0.04615994170308113,0.06914885342121124,0.31872978806495667,0.9392913579940796,8.0,-0.03228967636823654,0.07047314196825027,0.35880017280578613,1.4717966318130493
1692309407.363025,"[label: ""height""
size: 3
stride: 15, label: ""width""
size: 5
stride: 5]",0,6.0,-0.07750613242387772,0.06821971386671066,0.29284143447875977,0.4203771948814392,7.0,-0.0475856214761734,0.06930441409349442,0.32126107811927795,0.9356288313865662,8.0,-0.03319070488214493,0.07010743767023087,0.36067378520965576,1.46712327003479
1692309407.455681,"[label: ""height""
size: 3
stride: 15, label: ""width""
size: 5
stride: 5]",0,6.0,-0.07845275104045868,0.06936027854681015,0.2936813235282898,0.4205121397972107,7.0,-0.04792497307062149,0.06976795196533203,0.31919926404953003,0.933299720287323,8.0,-0.03390483930706978,0.07107214629650116,0.358860582113266,1.467553734779358
1692309407.562545,"[label: ""height""
size: 3
stride: 15, label: ""width""
size: 5
stride: 5]",0,6.0,-0.07950298488140106,0.07001636177301407,0.2961520552635193,0.3981572687625885,7.0,-0.04875883832573891,0.07027845084667206,0.3203566372394562,0.942160427570343,8.0,-0.03491302207112312,0.07176518440246582,0.3616044223308563,1.4786996841430664
1692309407.6570706,"[label: ""height""
size: 3
stride: 15, label: ""width""
size: 5
stride: 5]",0,6.0,-0.08051413297653198,0.06956740468740463,0.29631751775741577,0.40272361040115356,7.0,-0.05029813572764397,0.07037778943777084,0.32261359691619873,0.9496739506721497,8.0,-0.036262013018131256,0.07046837359666824,0.3587751090526581,1.4903045892715454
1692309407.7624688,"[label: ""height""
size: 2
stride: 10, label: ""width""
size: 5
stride: 5]",0,6.0,-0.08136724680662155,0.0702742263674736,0.2951420545578003,0.4385671019554138,7.0,-0.05146072432398796,0.07089944928884506,0.3208293318748474,0.970518171787262
1692309407.862145,"[label: ""height""
size: 2
stride: 10, label: ""width""
size: 5
stride: 5]",0,6.0,-0.08220887184143066,0.06912010908126831,0.29475945234298706,0.45891255140304565,7.0,-0.053515851497650146,0.0705496147274971,0.325242817401886,0.982959508895874
1692309407.9639459,"[label: ""height""
size: 3
stride: 15, label: ""width""
size: 5
stride: 5]",0,6.0,-0.08277937769889832,0.07015393674373627,0.29506364464759827,0.4570200741291046,7.0,-0.05472457781434059,0.07162484526634216,0.3252951204776764,0.9969315528869629,8.0,-0.0427824929356575,0.07227185368537903,0.3626638650894165,1.5284849405288696
1692309408.062292,"[label: ""height""
size: 2
stride: 10, label: ""width""
size: 5
stride: 5]",0,6.0,-0.08400911837816238,0.06950109452009201,0.2969529926776886,0.500077486038208,7.0,-0.05638093873858452,0.07056038081645966,0.3271270990371704,1.0166959762573242
1692309408.164597,"[label: ""height""
size: 2
stride: 10, label: ""width""
size: 5
stride: 5]",0,6.0,-0.08565965294837952,0.07110919058322906,0.2976134419441223,0.5002277493476868,7.0,-0.057821422815322876,0.07175059616565704,0.3246925175189972,1.0496504306793213
1692309408.2541876,"[label: ""height""
size: 2
stride: 10, label: ""width""
size: 5
stride: 5]",0,6.0,-0.08656180649995804,0.07018681615591049,0.2978682518005371,0.5330398082733154,7.0,-0.05965397506952286,0.07140645384788513,0.32738497853279114,1.0670113563537598
1692309408.3552969,"[label: ""height""
size: 2
stride: 10, label: ""width""
size: 5
stride: 5]",0,6.0,-0.08808291703462601,0.07131461799144745,0.2985229790210724,0.5518820285797119,7.0,-0.061985183507204056,0.07259512692689896,0.32974332571029663,1.0868909358978271
1692309408.4551852,"[label: ""height""
size: 2
stride: 10, label: ""width""
size: 5
stride: 5]",0,6.0,-0.08849315345287323,0.07092846930027008,0.29794058203697205,0.5886322259902954,7.0,-0.06356596946716309,0.07289169728755951,0.3329769968986511,1.1114394664764404
1692309408.5558903,"[label: ""height""
size: 2
stride: 10, label: ""width""
size: 5
stride: 5]",0,6.0,-0.08980198949575424,0.07159866392612457,0.30025339126586914,0.5900827050209045,7.0,-0.06476690620183945,0.07285966724157333,0.3328266739845276,1.1252907514572144
1692309408.6519587,"[label: ""height""
size: 2
stride: 10, label: ""width""
size: 5
stride: 5]",0,6.0,-0.0914597138762474,0.0714341476559639,0.30172592401504517,0.6250630617141724,7.0,-0.06659797579050064,0.07237045466899872,0.33310291171073914,1.1400372982025146
1692309408.7551048,"[label: ""height""
size: 2
stride: 10, label: ""width""
size: 5
stride: 5]",0,6.0,-0.09105124324560165,0.07079172134399414,0.2980104982852936,0.6236034631729126,7.0,-0.06680790334939957,0.07184286415576935,0.33008211851119995,1.1681495904922485
1692309408.85319,"[label: ""height""
size: 2
stride: 10, label: ""width""
size: 5
stride: 5]",0,6.0,-0.09273046255111694,0.07143949717283249,0.3002297282218933,0.609065055847168,7.0,-0.06738486140966415,0.07159420102834702,0.328326553106308,1.1650270223617554
1692309408.9569764,"[label: ""height""
size: 2
stride: 10, label: ""width""
size: 5
stride: 5]",0,6.0,-0.09357956796884537,0.07164955139160156,0.297482430934906,0.6022267937660217,7.0,-0.06869618594646454,0.07222947478294373,0.3275589942932129,1.1631524562835693
1692309409.0535054,"[label: ""height""
size: 2
stride: 10, label: ""width""
size: 5
stride: 5]",0,6.0,-0.09477384388446808,0.07113441824913025,0.2958762049674988,0.5867241621017456,7.0,-0.06957238167524338,0.07162776589393616,0.3254474401473999,1.1537840366363525
1692309409.153699,"[label: ""height""
size: 2
stride: 10, label: ""width""
size: 5
stride: 5]",0,6.0,-0.09590587019920349,0.07164979726076126,0.2945325970649719,0.5842812061309814,7.0,-0.07040708512067795,0.07246837764978409,0.32385018467903137,1.1328328847885132
1692309409.2525692,"[label: ""height""
size: 2
stride: 10, label: ""width""
size: 5
stride: 5]",0,6.0,-0.09574053436517715,0.0712091475725174,0.2897558808326721,0.6031913161277771,7.0,-0.07119210809469223,0.0729977935552597,0.32384076714515686,1.1168848276138306
1692309409.3555934,"[label: ""height""
size: 2
stride: 10, label: ""width""
size: 5
stride: 5]",0,6.0,-0.09602653235197067,0.07004190981388092,0.28979167342185974,0.5538526773452759,7.0,-0.07006128877401352,0.07134392112493515,0.32057222723960876,1.0963143110275269
1692309409.4532406,"[label: ""height""
size: 2
stride: 10, label: ""width""
size: 5
stride: 5]",0,6.0,-0.09760716557502747,0.0716378390789032,0.2905375361442566,0.5260729193687439,7.0,-0.06982124596834183,0.07201418280601501,0.316607803106308,1.0796211957931519
1692309409.5553117,"[label: ""height""
size: 3
stride: 15, label: ""width""
size: 5
stride: 5]",0,6.0,-0.09612090140581131,0.07048922777175903,0.28684452176094055,0.5221810936927795,7.0,-0.06858617812395096,0.07141818851232529,0.31456226110458374,1.0632128715515137,8.0,-0.059869442135095596,0.07372893393039703,0.3582482933998108,1.4992680549621582
1692309409.6541579,"[label: ""height""
size: 3
stride: 15, label: ""width""
size: 5
stride: 5]",0,6.0,-0.09574110805988312,0.07052144408226013,0.28495827317237854,0.49272599816322327,7.0,-0.06777174025774002,0.07123478502035141,0.3120598793029785,1.0503036975860596,8.0,-0.05831509456038475,0.07404369860887527,0.3569501042366028,1.5215363502502441
1692309409.7572153,"[label: ""height""
size: 3
stride: 15, label: ""width""
size: 5
stride: 5]",0,6.0,-0.09524475038051605,0.0708199143409729,0.284869521856308,0.49236324429512024,7.0,-0.06718940287828445,0.07235930860042572,0.31413015723228455,1.0011765956878662,8.0,-0.056083790957927704,0.07387099415063858,0.3540390729904175,1.5247085094451904
1692309409.8521469,"[label: ""height""
size: 3
stride: 15, label: ""width""
size: 5
stride: 5]",0,6.0,-0.09536328166723251,0.07205811887979507,0.2864825129508972,0.44628676772117615,7.0,-0.06531645357608795,0.0722002387046814,0.3101758360862732,1.0093400478363037,8.0,-0.05451827123761177,0.07507805526256561,0.35427531599998474,1.516364336013794
1692309409.9552233,"[label: ""height""
size: 3
stride: 15, label: ""width""
size: 5
stride: 5]",0,6.0,-0.09386277943849564,0.07174747437238693,0.2844037115573883,0.4314812123775482,7.0,-0.0641702190041542,0.07218290865421295,0.30898144841194153,0.9809393882751465,8.0,-0.05230726674199104,0.07428733259439468,0.3512316942214966,1.508654236793518
1692309410.0611618,"[label: ""height""
size: 3
stride: 15, label: ""width""
size: 5
stride: 5]",0,6.0,-0.09229685366153717,0.0706971138715744,0.28000321984291077,0.4172289967536926,7.0,-0.06320325285196304,0.07193739712238312,0.3073884844779968,0.972881555557251,8.0,-0.051056839525699615,0.07421841472387314,0.3515816330909729,1.5089430809020996
1692309410.1582546,"[label: ""height""
size: 3
stride: 15, label: ""width""
size: 5
stride: 5]",0,6.0,-0.0927833765745163,0.07198680937290192,0.2811238467693329,0.41737017035484314,7.0,-0.06236493960022926,0.07240279763936996,0.30458390712738037,0.9618328213691711,8.0,-0.050111960619688034,0.07461544871330261,0.3461228609085083,1.4906889200210571
1692309410.252645,"[label: ""height""
size: 3
stride: 15, label: ""width""
size: 5
stride: 5]",0,7.0,-0.0625353530049324,0.07072779536247253,0.3006783127784729,0.9788473844528198,8.0,-0.05028168857097626,0.073122039437294,0.34442418813705444,1.4942572116851807,6.0,-0.09347543120384216,0.07106207311153412,0.2790263295173645,0.3982798755168915
1692309410.3545175,"[label: ""height""
size: 3
stride: 15, label: ""width""
size: 5
stride: 5]",0,6.0,-0.09326128661632538,0.07130509614944458,0.27571654319763184,0.39557477831840515,7.0,-0.06281115114688873,0.07211317121982574,0.3002626597881317,0.9518485069274902,8.0,-0.04990888386964798,0.07461538910865784,0.3428889214992523,1.481559157371521
1692309410.4548485,"[label: ""height""
size: 3
stride: 15, label: ""width""
size: 5
stride: 5]",0,6.0,-0.09407711029052734,0.07142676413059235,0.2755034863948822,0.40734919905662537,7.0,-0.06272237747907639,0.07143273949623108,0.2964423596858978,0.9482863545417786,8.0,-0.0492817685008049,0.07328534871339798,0.33680546283721924,1.4761439561843872
1692309410.5549417,"[label: ""height""
size: 3
stride: 15, label: ""width""
size: 5
stride: 5]",0,6.0,-0.09405434876680374,0.07149244099855423,0.2733788788318634,0.3729245960712433,7.0,-0.0629228726029396,0.07200445979833603,0.29681506752967834,0.937183141708374,8.0,-0.04853617772459984,0.07328508794307709,0.33368635177612305,1.4632892608642578
1692309410.6529458,"[label: ""height""
size: 3
stride: 15, label: ""width""
size: 5
stride: 5]",0,6.0,-0.0945139154791832,0.07084643095731735,0.2718977928161621,0.39843207597732544,7.0,-0.06334506720304489,0.07181541621685028,0.2959791123867035,0.9118789434432983,8.0,-0.048669151961803436,0.07321246713399887,0.3345968723297119,1.4585257768630981
1692309410.7549565,"[label: ""height""
size: 3
stride: 15, label: ""width""
size: 5
stride: 5]",0,6.0,-0.09435246139764786,0.07164941728115082,0.2694026231765747,0.3510076105594635,7.0,-0.06283589452505112,0.07252480834722519,0.29200929403305054,0.8978534936904907,8.0,-0.04758544638752937,0.07362135499715805,0.3291212320327759,1.4490084648132324
1692309410.8523233,"[label: ""height""
size: 3
stride: 15, label: ""width""
size: 5
stride: 5]",0,7.0,-0.06311395764350891,0.07092569768428802,0.28844499588012695,0.8860118985176086,8.0,-0.04752812534570694,0.07303958386182785,0.328914612531662,1.418741226196289,6.0,-0.09665971249341965,0.07154684513807297,0.2710564136505127,0.2997418940067291
1692309410.9551656,"[label: ""height""
size: 3
stride: 15, label: ""width""
size: 5
stride: 5]",0,6.0,-0.09680814296007156,0.07215143740177155,0.2669045627117157,0.2986205220222473,7.0,-0.06345587968826294,0.07226420938968658,0.2857855260372162,0.8599134087562561,8.0,-0.04712280258536339,0.07395394891500473,0.32353097200393677,1.4025739431381226
1692309411.0520644,"[label: ""height""
size: 3
stride: 15, label: ""width""
size: 5
stride: 5]",0,6.0,-0.09790326654911041,0.07147499918937683,0.26473236083984375,0.2604483366012573,7.0,-0.06424803286790848,0.07185155898332596,0.2836330235004425,0.8192269802093506,8.0,-0.046858374029397964,0.07371480017900467,0.3219093680381775,1.3717656135559082
1692309411.15634,"[label: ""height""
size: 3
stride: 15, label: ""width""
size: 5
stride: 5]",0,6.0,-0.09776391088962555,0.07113663107156754,0.26139140129089355,0.2337673157453537,7.0,-0.06389611959457397,0.0717664584517479,0.28060996532440186,0.8016602396965027,8.0,-0.045773714780807495,0.07429641485214233,0.3210047781467438,1.3318393230438232
1692309411.252028,"[label: ""height""
size: 3
stride: 15, label: ""width""
size: 5
stride: 5]",0,6.0,-0.09760557115077972,0.07027416676282883,0.2588624060153961,0.19392038881778717,7.0,-0.06389081478118896,0.07151533663272858,0.2795568108558655,0.7615385055541992,8.0,-0.04398474097251892,0.07311861217021942,0.3159314692020416,1.3032424449920654
1692309411.3557086,"[label: ""height""
size: 3
stride: 15, label: ""width""
size: 5
stride: 5]",0,6.0,-0.09829984605312347,0.07096326351165771,0.25923770666122437,0.1762818992137909,7.0,-0.06316179782152176,0.07147573679685593,0.2749371826648712,0.7282816171646118,8.0,-0.04218686744570732,0.07280361652374268,0.30966824293136597,1.2685928344726562
1692309411.4544318,"[label: ""height""
size: 3
stride: 15, label: ""width""
size: 5
stride: 5]",0,6.0,-0.09856350719928741,0.07011324912309647,0.25758057832717896,0.13679702579975128,7.0,-0.06324565410614014,0.07095847278833389,0.2742491662502289,0.6788541078567505,8.0,-0.04094342514872551,0.07210837304592133,0.30724093317985535,1.2303768396377563
1692309411.5539088,"[label: ""height""
size: 3
stride: 15, label: ""width""
size: 5
stride: 5]",0,6.0,-0.09839163720607758,0.07018907368183136,0.25788846611976624,0.11558298021554947,7.0,-0.06223205104470253,0.07074978947639465,0.27173563838005066,0.6367276906967163,8.0,-0.03877098858356476,0.07187273353338242,0.30414122343063354,1.212134599685669
1692309411.6542246,"[label: ""height""
size: 3
stride: 15, label: ""width""
size: 5
stride: 5]",0,6.0,-0.09822212904691696,0.07081934064626694,0.25786274671554565,0.0743221715092659,7.0,-0.061000969260931015,0.0707855150103569,0.26976653933525085,0.6346539258956909,8.0,-0.037111636251211166,0.0722377747297287,0.30202794075012207,1.171707034111023
1692309411.7545936,"[label: ""height""
size: 3
stride: 15, label: ""width""
size: 5
stride: 5]",0,6.0,-0.09694813936948776,0.06997085362672806,0.2578486502170563,0.07529925554990768,7.0,-0.059782564640045166,0.07020217180252075,0.26968619227409363,0.6115763187408447,8.0,-0.0348416306078434,0.07167812436819077,0.3017309010028839,1.1485857963562012
1692309411.8553252,"[label: ""height""
size: 3
stride: 15, label: ""width""
size: 5
stride: 5]",0,6.0,-0.09515905380249023,0.07006106525659561,0.2546238899230957,0.03399141877889633,7.0,-0.058335140347480774,0.07077082246541977,0.26753905415534973,0.5766269564628601,8.0,-0.032788828015327454,0.07213117182254791,0.29899606108665466,1.1159569025039673
1692309411.9562848,"[label: ""height""
size: 3
stride: 15, label: ""width""
size: 5
stride: 5]",0,7.0,-0.056649111211299896,0.06984236091375351,0.26575061678886414,0.5540406107902527,8.0,-0.03038196451961994,0.0704629048705101,0.2936279773712158,1.1123186349868774,6.0,-0.09469151496887207,0.07024658471345901,0.2569598853588104,0.011620567180216312
1692309412.0565886,"[label: ""height""
size: 3
stride: 15, label: ""width""
size: 5
stride: 5]",0,6.0,-0.09160604327917099,0.06982213258743286,0.25389254093170166,-0.00604428444057703,7.0,-0.054089318960905075,0.070035919547081,0.26448702812194824,0.571846604347229,8.0,-0.02788056619465351,0.07125778496265411,0.2939094305038452,1.0940816402435303
1692309412.1582692,"[label: ""height""
size: 3
stride: 15, label: ""width""
size: 5
stride: 5]",0,6.0,-0.08952242136001587,0.07015549391508102,0.2527772784233093,0.014414859004318714,7.0,-0.052095022052526474,0.07048943638801575,0.26364266872406006,0.5483464002609253,8.0,-0.025405151769518852,0.07131801545619965,0.291728138923645,1.099172592163086
1692309412.262463,"[label: ""height""
size: 3
stride: 15, label: ""width""
size: 5
stride: 5]",0,6.0,-0.08747091144323349,0.06995446979999542,0.2524776756763458,-0.0017425506375730038,7.0,-0.04979068413376808,0.06981661170721054,0.26240211725234985,0.5688940286636353,8.0,-0.023192889988422394,0.07123580574989319,0.29236385226249695,1.096672773361206
1692309412.3644488,"[label: ""height""
size: 3
stride: 15, label: ""width""
size: 5
stride: 5]",0,6.0,-0.085072822868824,0.07053890824317932,0.2515774369239807,0.018879637122154236,7.0,-0.047602832317352295,0.0706990584731102,0.26214179396629333,0.5575329661369324,8.0,-0.020703446120023727,0.0713290125131607,0.2893698513507843,1.104207992553711
1692309412.4643326,"[label: ""height""
size: 3
stride: 15, label: ""width""
size: 5
stride: 5]",0,6.0,-0.08304071426391602,0.07045630365610123,0.2506483197212219,-0.0038325884379446507,7.0,-0.04504374787211418,0.07019191980361938,0.2598572075366974,0.5693514943122864,8.0,-0.018804466351866722,0.07131519168615341,0.28930795192718506,1.0976033210754395
1692309412.5636632,"[label: ""height""
size: 3
stride: 15, label: ""width""
size: 5
stride: 5]",0,6.0,-0.08139585703611374,0.06991878896951675,0.24942933022975922,0.008425652980804443,7.0,-0.04361420497298241,0.06983178853988647,0.2589751183986664,0.5718905925750732,8.0,-0.0172398891299963,0.07107638567686081,0.28883013129234314,1.098865032196045
1692309412.6647627,"[label: ""height""
size: 3
stride: 15, label: ""width""
size: 5
stride: 5]",0,6.0,-0.0792008638381958,0.07016941159963608,0.24669310450553894,-0.0007967151468619704,7.0,-0.04211835190653801,0.07012816518545151,0.25766119360923767,0.5773618817329407,8.0,-0.016154248267412186,0.0716688483953476,0.2883770763874054,1.1048115491867065
1692309412.7667193,"[label: ""height""
size: 3
stride: 15, label: ""width""
size: 5
stride: 5]",0,6.0,-0.07783344388008118,0.06975490599870682,0.24697893857955933,0.03336062282323837,7.0,-0.04038011655211449,0.06961958855390549,0.25731736421585083,0.5718220472335815,8.0,-0.01450872328132391,0.07118522375822067,0.2883317172527313,1.1144959926605225
1692309412.8662634,"[label: ""height""
size: 3
stride: 15, label: ""width""
size: 5
stride: 5]",0,6.0,-0.07619740068912506,0.07006432116031647,0.24529357254505157,0.032708510756492615,7.0,-0.03938378393650055,0.07072372734546661,0.25834450125694275,0.5722302198410034,8.0,-0.013232365250587463,0.07122128456830978,0.28613442182540894,1.1300309896469116
1692309412.9624689,"[label: ""height""
size: 3
stride: 15, label: ""width""
size: 5
stride: 5]",0,6.0,-0.07521076500415802,0.06996148079633713,0.2453746199607849,0.03755053132772446,7.0,-0.037790101021528244,0.06976602971553802,0.2556421458721161,0.6013935208320618,8.0,-0.012172573246061802,0.07074674963951111,0.28610751032829285,1.1189613342285156
1692309413.0633245,"[label: ""height""
size: 3
stride: 15, label: ""width""
size: 5
stride: 5]",0,6.0,-0.07339464128017426,0.06975386291742325,0.2453535795211792,0.03852054104208946,7.0,-0.03628237172961235,0.07007458806037903,0.25745752453804016,0.5926905274391174,8.0,-0.0104141216725111,0.0707082599401474,0.2859405279159546,1.1205790042877197
1692309413.1683564,"[label: ""height""
size: 3
stride: 15, label: ""width""
size: 5
stride: 5]",0,6.0,-0.0723932757973671,0.06996043771505356,0.24537064135074615,0.03917481377720833,7.0,-0.03485310450196266,0.06934954226016998,0.2548612952232361,0.6077238917350769,8.0,-0.009724924340844154,0.0707285925745964,0.28603190183639526,1.132857322692871
1692309413.2667985,"[label: ""height""
size: 3
stride: 15, label: ""width""
size: 5
stride: 5]",0,6.0,-0.07112543284893036,0.0701599046587944,0.24387308955192566,0.06001317873597145,7.0,-0.03431382030248642,0.07064317166805267,0.2569027543067932,0.5864879488945007,8.0,-0.008412805385887623,0.07127521187067032,0.28541457653045654,1.1226671934127808
1692309413.3636305,"[label: ""height""
size: 3
stride: 15, label: ""width""
size: 5
stride: 5]",0,6.0,-0.07052038609981537,0.06995636969804764,0.24385592341423035,0.06038698926568031,7.0,-0.03342423960566521,0.07003311812877655,0.255049467086792,0.5988240838050842,8.0,-0.007866988889873028,0.07156679034233093,0.28657418489456177,1.124740719795227
1692309413.452679,"[label: ""height""
size: 3
stride: 15, label: ""width""
size: 5
stride: 5]",0,6.0,-0.06954780220985413,0.06905107945203781,0.24243785440921783,0.034091416746377945,7.0,-0.032685112208127975,0.069163978099823,0.2549106478691101,0.5829269886016846,8.0,-0.006821198854595423,0.06960329413414001,0.28243473172187805,1.1291598081588745
1692309413.5596707,"[label: ""height""
size: 3
stride: 15, label: ""width""
size: 5
stride: 5]",0,6.0,-0.06951037794351578,0.07054445147514343,0.24381759762763977,0.06071769818663597,7.0,-0.03230565786361694,0.07016918063163757,0.25446873903274536,0.5969788432121277,8.0,-0.0066429246217012405,0.0711619183421135,0.28452372550964355,1.1248211860656738
1692309413.652471,"[label: ""height""
size: 3
stride: 15, label: ""width""
size: 5
stride: 5]",0,6.0,-0.06910710036754608,0.07054107636213303,0.2438051551580429,0.06092461943626404,7.0,-0.03209484741091728,0.07069259881973267,0.25598791241645813,0.5846136212348938,8.0,-0.006403627805411816,0.07157228142023087,0.28428325057029724,1.1243120431900024
1692309413.7552233,"[label: ""height""
size: 3
stride: 15, label: ""width""
size: 5
stride: 5]",0,6.0,-0.06983033567667007,0.07045338302850723,0.24526461958885193,0.055248845368623734,7.0,-0.03229006379842758,0.07003860920667648,0.25506284832954407,0.5796582102775574,8.0,-0.006836910732090473,0.07174380123615265,0.28774040937423706,1.1122478246688843
1692309413.8525193,"[label: ""height""
size: 3
stride: 15, label: ""width""
size: 5
stride: 5]",0,6.0,-0.06985457986593246,0.07020865380764008,0.24536868929862976,0.05955737456679344,7.0,-0.03259425237774849,0.07014211267232895,0.25658681988716125,0.580977201461792,8.0,-0.006825006566941738,0.07138646394014359,0.28725188970565796,1.1136034727096558
1692309413.9555938,"[label: ""height""
size: 3
stride: 15, label: ""width""
size: 5
stride: 5]",0,6.0,-0.06929710507392883,0.07074791938066483,0.24661369621753693,0.06231033429503441,7.0,-0.03182258829474449,0.07050306349992752,0.25635412335395813,0.5919095873832703,8.0,-0.005940315313637257,0.07236649841070175,0.28975144028663635,1.1052169799804688
1692309414.0542214,"[label: ""height""
size: 3
stride: 15, label: ""width""
size: 5
stride: 5]",0,6.0,-0.06854984909296036,0.07097311317920685,0.24820590019226074,0.0426008366048336,7.0,-0.03091605193912983,0.07090213894844055,0.2581791877746582,0.5602511763572693,8.0,-0.004617254715412855,0.07216561585664749,0.2884817123413086,1.1096646785736084
1692309414.1577013,"[label: ""height""
size: 3
stride: 15, label: ""width""
size: 5
stride: 5]",0,6.0,-0.0683378055691719,0.0708107203245163,0.24816301465034485,0.040514588356018066,7.0,-0.03099096566438675,0.07098893076181412,0.2596406638622284,0.5601732134819031,8.0,-0.004327022936195135,0.07115975767374039,0.28586113452911377,1.0992681980133057
1692309414.2613451,"[label: ""height""
size: 3
stride: 15, label: ""width""
size: 5
stride: 5]",0,6.0,-0.06860291212797165,0.07124466449022293,0.24977914988994598,0.02120259776711464,7.0,-0.030991563573479652,0.07076305896043777,0.2587597966194153,0.5546144247055054,8.0,-0.004353138152509928,0.07166770845651627,0.28740987181663513,1.0966641902923584
1692309414.3649802,"[label: ""height""
size: 3
stride: 15, label: ""width""
size: 5
stride: 5]",0,6.0,-0.06935272365808487,0.0714719370007515,0.2524813711643219,0.015043796971440315,7.0,-0.03126439079642296,0.07114383578300476,0.2608635127544403,0.5375009775161743,8.0,-0.004180167801678181,0.07276177406311035,0.2917615473270416,1.0717651844024658
1692309414.46497,"[label: ""height""
size: 3
stride: 15, label: ""width""
size: 5
stride: 5]",0,6.0,-0.06900014728307724,0.07084567099809647,0.2527337968349457,0.021622309461236,7.0,-0.03143272176384926,0.07106661796569824,0.263058066368103,0.5318331718444824,8.0,-0.003946056589484215,0.07238025218248367,0.29259464144706726,1.0544540882110596
1692309414.5753894,"[label: ""height""
size: 3
stride: 15, label: ""width""
size: 5
stride: 5]",0,6.0,-0.06977453827857971,0.07040269672870636,0.2542325258255005,-0.022081170231103897,7.0,-0.03190150111913681,0.07027944922447205,0.26245635747909546,0.5220605134963989,8.0,-0.003925293684005737,0.0712190717458725,0.29128262400627136,1.0565341711044312
1692309414.664054,"[label: ""height""
size: 3
stride: 15, label: ""width""
size: 5
stride: 5]",0,6.0,-0.06989780068397522,0.0702459067106247,0.2539084255695343,-0.025274287909269333,7.0,-0.03203854709863663,0.07031576335430145,0.2625918686389923,0.5046725869178772,8.0,-0.004134965594857931,0.0710344910621643,0.2900487780570984,1.043400526046753
1692309414.7640927,"[label: ""height""
size: 3
stride: 15, label: ""width""
size: 5
stride: 5]",0,6.0,-0.07030849158763885,0.07074128836393356,0.25562646985054016,-0.0620386116206646,7.0,-0.03249232470989227,0.0708998516201973,0.26439589262008667,0.4925495684146881,8.0,-0.00388905662111938,0.07150084525346756,0.29000505805015564,1.0268137454986572
1692309414.863136,"[label: ""height""
size: 3
stride: 15, label: ""width""
size: 5
stride: 5]",0,6.0,-0.07121589034795761,0.07136201113462448,0.2586216926574707,-0.043923426419496536,7.0,-0.03290918469429016,0.07141295820474625,0.2658858597278595,0.4789695739746094,8.0,-0.004177414812147617,0.07262147217988968,0.293533056974411,1.0040363073349
1692309414.9623744,"[label: ""height""
size: 3
stride: 15, label: ""width""
size: 5
stride: 5]",0,6.0,-0.0720943808555603,0.07163166999816895,0.26132693886756897,-0.06881826370954514,7.0,-0.033629290759563446,0.07186338305473328,0.26796215772628784,0.4576176702976227,8.0,-0.0039029133040457964,0.072063148021698,0.29176631569862366,0.9907376766204834
1692309415.0618026,"[label: ""height""
size: 3
stride: 15, label: ""width""
size: 5
stride: 5]",0,6.0,-0.07322914898395538,0.07224102318286896,0.26465240120887756,-0.07093747705221176,7.0,-0.03377891331911087,0.07107838988304138,0.2665659487247467,0.45410487055778503,8.0,-0.004156430251896381,0.07203551381826401,0.2930668294429779,0.9722001552581787
1692309415.1775532,"[label: ""height""
size: 3
stride: 15, label: ""width""
size: 5
stride: 5]",0,6.0,-0.07316635549068451,0.0712801143527031,0.2642793357372284,-0.10786722600460052,7.0,-0.03454812616109848,0.07137401401996613,0.2704922556877136,0.4118913412094116,8.0,-0.00419659772887826,0.07203011214733124,0.2954876720905304,0.965945839881897
1692309415.275472,"[label: ""height""
size: 3
stride: 15, label: ""width""
size: 5
stride: 5]",0,6.0,-0.07425428181886673,0.07142896205186844,0.26660531759262085,-0.11726361513137817,7.0,-0.03550437465310097,0.07127698510885239,0.27188873291015625,0.41803643107414246,8.0,-0.004953254945576191,0.07213462144136429,0.29739052057266235,0.9468766450881958
1692309415.3794134,"[label: ""height""
size: 3
stride: 15, label: ""width""
size: 5
stride: 5]",0,6.0,-0.07392656803131104,0.07131312787532806,0.26853764057159424,-0.13214166462421417,7.0,-0.03513750806450844,0.07132645696401596,0.2733602821826935,0.42369917035102844,8.0,-0.004511769395321608,0.07264025509357452,0.2999683618545532,0.9381966590881348
1692309415.4659994,"[label: ""height""
size: 3
stride: 15, label: ""width""
size: 5
stride: 5]",0,6.0,-0.07431010901927948,0.07131357491016388,0.27154719829559326,-0.13570161163806915,7.0,-0.03507005795836449,0.07084102928638458,0.27350813150405884,0.3947067856788635,8.0,-0.004377326928079128,0.07203268259763718,0.2994503974914551,0.9303738474845886
1692309415.5649633,"[label: ""height""
size: 3
stride: 15, label: ""width""
size: 5
stride: 5]",0,6.0,-0.07399218529462814,0.07107703387737274,0.27275705337524414,-0.15860973298549652,7.0,-0.03521958366036415,0.0711725503206253,0.2770625948905945,0.36860066652297974,8.0,-0.0037637152709066868,0.07155854254961014,0.2995206117630005,0.9194445610046387
1692309415.6651828,"[label: ""height""
size: 3
stride: 15, label: ""width""
size: 5
stride: 5]",0,6.0,-0.07459414005279541,0.07154906541109085,0.2766592502593994,-0.15970160067081451,7.0,-0.035275913774967194,0.07103992253541946,0.27839693427085876,0.37166646122932434,8.0,-0.0035424528177827597,0.07165010273456573,0.30142563581466675,0.8959086537361145
1692309415.7686856,"[label: ""height""
size: 3
stride: 15, label: ""width""
size: 5
stride: 5]",0,6.0,-0.07436683773994446,0.07123439013957977,0.27820026874542236,-0.20657199621200562,7.0,-0.035660769790410995,0.0715218111872673,0.2820907533168793,0.3476454019546509,8.0,-0.0034419894218444824,0.07170136272907257,0.30318358540534973,0.8815529942512512
1692309415.867805,"[label: ""height""
size: 3
stride: 15, label: ""width""
size: 5
stride: 5]",0,6.0,-0.07437923550605774,0.07092223316431046,0.27913063764572144,-0.1987881064414978,7.0,-0.03570546582341194,0.07081282138824463,0.28142091631889343,0.33102238178253174,8.0,-0.003324307268485427,0.07159145176410675,0.3037591278553009,0.8697125911712646
1692309415.9663043,"[label: ""height""
size: 3
stride: 15, label: ""width""
size: 5
stride: 5]",0,6.0,-0.07533176243305206,0.072022445499897,0.2835184633731842,-0.22446168959140778,7.0,-0.03637367859482765,0.07181461155414581,0.28538891673088074,0.2909592390060425,8.0,-0.0036257277242839336,0.07274371385574341,0.30752676725387573,0.8407897353172302
1692309416.060754,"[label: ""height""
size: 3
stride: 15, label: ""width""
size: 5
stride: 5]",0,6.0,-0.07607275992631912,0.07260992377996445,0.28770360350608826,-0.21133387088775635,7.0,-0.03673076257109642,0.07201702147722244,0.28720250725746155,0.28588810563087463,8.0,-0.0036257277242839336,0.07274371385574341,0.30752676725387573,0.8407897353172302
1692309416.1618729,"[label: ""height""
size: 3
stride: 15, label: ""width""
size: 5
stride: 5]",0,6.0,-0.07572824507951736,0.07235651463270187,0.28902468085289,-0.23325854539871216,7.0,-0.03633425384759903,0.07186493277549744,0.2877374291419983,0.2809300124645233,8.0,-0.0035464921966195107,0.07285462319850922,0.3107061982154846,0.8401026725769043
1692309416.2612834,"[label: ""height""
size: 3
stride: 15, label: ""width""
size: 5
stride: 5]",0,6.0,-0.07638882845640182,0.07282543182373047,0.2938365638256073,-0.2447393238544464,7.0,-0.03665093332529068,0.07215516269207001,0.29198917746543884,0.27004119753837585,8.0,-0.00331911095418036,0.07295674085617065,0.31275293231010437,0.8135836720466614
1692309416.3558266,"[label: ""height""
size: 3
stride: 15, label: ""width""
size: 5
stride: 5]",0,6.0,-0.07680520415306091,0.07286471128463745,0.29686903953552246,-0.24108488857746124,7.0,-0.03738388046622276,0.0723920539021492,0.2958810329437256,0.27561408281326294,8.0,-0.0037591673899441957,0.07307419925928116,0.31653037667274475,0.8137309551239014
1692309416.454677,"[label: ""height""
size: 3
stride: 15, label: ""width""
size: 5
stride: 5]",0,6.0,-0.07698219269514084,0.07252965867519379,0.29898545145988464,-0.24095691740512848,7.0,-0.03730985149741173,0.07170556485652924,0.29647141695022583,0.30604565143585205,8.0,-0.004047843161970377,0.07259532064199448,0.31838664412498474,0.8292784690856934
1692309416.5544698,"[label: ""height""
size: 3
stride: 15, label: ""width""
size: 5
stride: 5]",0,6.0,-0.07777852565050125,0.07264918833971024,0.30359336733818054,-0.22776581346988678,7.0,-0.037859801203012466,0.07187725603580475,0.30125924944877625,0.24066834151744843,8.0,-0.004609875380992889,0.07221803814172745,0.3207549750804901,0.8243724703788757
1692309416.6546445,"[label: ""height""
size: 3
stride: 15, label: ""width""
size: 5
stride: 5]",0,7.0,-0.03684966266155243,0.07126765698194504,0.30342429876327515,0.28693145513534546,6.0,-0.0762426033616066,0.07161842286586761,0.3038625717163086,-0.24442654848098755,8.0,-0.003936061169952154,0.07300234586000443,0.3283865451812744,0.8199909329414368
1692309416.7562914,"[label: ""height""
size: 3
stride: 15, label: ""width""
size: 5
stride: 5]",0,7.0,-0.036650873720645905,0.07165370136499405,0.3078625500202179,0.27512091398239136,6.0,-0.07612258195877075,0.07232514768838882,0.30901771783828735,-0.22607572376728058,8.0,-0.003396960673853755,0.07243652641773224,0.32825174927711487,0.8187730312347412
1692309416.8544307,"[label: ""height""
size: 3
stride: 15, label: ""width""
size: 5
stride: 5]",0,7.0,-0.03619660437107086,0.07197294384241104,0.3126019239425659,0.2788938581943512,6.0,-0.07523275911808014,0.07191629707813263,0.31108516454696655,-0.23275242745876312,8.0,-0.0026425537653267384,0.07266827672719955,0.33298373222351074,0.8241967558860779
1692309416.9559364,"[label: ""height""
size: 3
stride: 15, label: ""width""
size: 5
stride: 5]",0,6.0,-0.07419120520353317,0.07213094085454941,0.3136959671974182,-0.23378105461597443,7.0,-0.03494845703244209,0.0721031203866005,0.31405773758888245,0.28349122405052185,8.0,-0.0018385055009275675,0.07269279658794403,0.33439958095550537,0.8383620381355286
1692309417.0546658,"[label: ""height""
size: 3
stride: 15, label: ""width""
size: 5
stride: 5]",0,7.0,-0.03366439789533615,0.072630375623703,0.31739509105682373,0.2508995234966278,6.0,-0.07286947965621948,0.0724545568227768,0.3168547451496124,-0.24932196736335754,8.0,-0.000485194701468572,0.07327432185411453,0.33824998140335083,0.8240516185760498
1692309417.1555502,"[label: ""height""
size: 3
stride: 15, label: ""width""
size: 5
stride: 5]",0,7.0,-0.033158302307128906,0.07272329181432724,0.32025468349456787,0.2813184857368469,6.0,-0.07272063195705414,0.07324954867362976,0.32316353917121887,-0.2452526092529297,8.0,0.00033618119778111577,0.07425391674041748,0.34408652782440186,0.8058062195777893
1692309417.2537322,"[label: ""height""
size: 3
stride: 15, label: ""width""
size: 5
stride: 5]",0,7.0,-0.03255512937903404,0.07368098944425583,0.32692819833755493,0.2417840212583542,6.0,-0.07209882140159607,0.07369111478328705,0.3269825279712677,-0.24171797931194305,8.0,0.0014620731817558408,0.07365837693214417,0.3439275324344635,0.8030409812927246
1692309417.3555558,"[label: ""height""
size: 3
stride: 15, label: ""width""
size: 5
stride: 5]",0,7.0,-0.03200418874621391,0.07311391830444336,0.32677844166755676,0.24236100912094116,6.0,-0.07129840552806854,0.07317204773426056,0.32755813002586365,-0.25855308771133423,8.0,0.0017521512927487493,0.07371989637613297,0.34754863381385803,0.813808798789978
1692309417.4550118,"[label: ""height""
size: 3
stride: 15, label: ""width""
size: 5
stride: 5]",0,7.0,-0.030854515731334686,0.07313737273216248,0.32914429903030396,0.28562140464782715,6.0,-0.07083988189697266,0.07384856790304184,0.33300265669822693,-0.25796666741371155,8.0,0.0028894394636154175,0.07371123880147934,0.347504198551178,0.8106973171234131
1692309417.5577133,"[label: ""height""
size: 3
stride: 15, label: ""width""
size: 5
stride: 5]",0,7.0,-0.030005792155861855,0.07331119477748871,0.33125925064086914,0.24394357204437256,6.0,-0.06917817890644073,0.07338565587997437,0.3321317434310913,-0.28543534874916077,8.0,0.004074463155120611,0.07452910393476486,0.3526780307292938,0.793743908405304
1692309417.654847,"[label: ""height""
size: 3
stride: 15, label: ""width""
size: 5
stride: 5]",0,7.0,-0.02907431870698929,0.07411642372608185,0.3361181318759918,0.24572159349918365,6.0,-0.06834565103054047,0.07370360195636749,0.3368021547794342,-0.2773778438568115,8.0,0.005552154034376144,0.0746622234582901,0.35534316301345825,0.759527325630188
1692309417.7591894,"[label: ""height""
size: 3
stride: 15, label: ""width""
size: 5
stride: 5]",0,7.0,-0.027000512927770615,0.07306120544672012,0.33736810088157654,0.2137942910194397,6.0,-0.06623435020446777,0.07285863161087036,0.3386179506778717,-0.3061147630214691,8.0,0.007587810046970844,0.07349702715873718,0.3553437888622284,0.7773235440254211
1692309417.8631608,"[label: ""height""
size: 3
stride: 15, label: ""width""
size: 5
stride: 5]",0,6.0,-0.06414514034986496,0.07306598871946335,0.34153202176094055,-0.3097783625125885,8.0,0.009841913357377052,0.07396598905324936,0.3582666516304016,0.7508779764175415,7.0,-0.025122420862317085,0.07367126643657684,0.3426247239112854,0.2860109508037567
1692309417.9638422,"[label: ""height""
size: 3
stride: 15, label: ""width""
size: 5
stride: 5]",0,7.0,-0.0219443179666996,0.07380669564008713,0.3404819667339325,0.2250564694404602,6.0,-0.06141410022974014,0.07429676502943039,0.3458782732486725,-0.3090076744556427,8.0,0.013224487192928791,0.07462279498577118,0.35861819982528687,0.728815495967865
1692309418.0626414,"[label: ""height""
size: 3
stride: 15, label: ""width""
size: 5
stride: 5]",0,7.0,-0.018721651285886765,0.07392843067646027,0.3421003520488739,0.18499460816383362,6.0,-0.05848459154367447,0.07456117868423462,0.3486117720603943,-0.33477818965911865,8.0,0.01638956367969513,0.07546331733465195,0.3640390932559967,0.7054685950279236
1692309418.1663246,"[label: ""height""
size: 3
stride: 15, label: ""width""
size: 5
stride: 5]",0,7.0,-0.015429978258907795,0.07317887991666794,0.3431015610694885,0.15566830337047577,6.0,-0.054887715727090836,0.07383476197719574,0.3503413200378418,-0.3161175847053528,8.0,0.02016567811369896,0.07403384894132614,0.3621947765350342,0.7241256237030029
1692309418.2584405,"[label: ""height""
size: 3
stride: 15, label: ""width""
size: 5
stride: 5]",0,7.0,-0.01144151296466589,0.07362886518239975,0.34530407190322876,0.14104317128658295,6.0,-0.050986383110284805,0.07417818903923035,0.3520798981189728,-0.332790732383728,8.0,0.023834889754652977,0.07485533505678177,0.36398065090179443,0.7109972238540649
1692309418.3622012,"[label: ""height""
size: 3
stride: 15, label: ""width""
size: 5
stride: 5]",0,7.0,-0.006890072952955961,0.0730290338397026,0.3465171754360199,0.20095019042491913,6.0,-0.04621506482362747,0.07318433374166489,0.35290956497192383,-0.37276121973991394,8.0,0.02868272177875042,0.07417664676904678,0.36506494879722595,0.6954019665718079
1692309418.458099,"[label: ""height""
size: 3
stride: 15, label: ""width""
size: 5
stride: 5]",0,7.0,-0.0013133020838722587,0.0725211575627327,0.3459501266479492,0.08031411468982697,6.0,-0.04073135554790497,0.07375624030828476,0.356960654258728,-0.3469800651073456,8.0,0.03453982248902321,0.07364161312580109,0.3654029965400696,0.6922338008880615
1692309418.5593307,"[label: ""height""
size: 3
stride: 15, label: ""width""
size: 5
stride: 5]",0,7.0,0.004804891534149647,0.0755736455321312,0.35669904947280884,0.11319349706172943,6.0,-0.03398981690406799,0.07347099483013153,0.3520108461380005,-0.3711185157299042,8.0,0.04033221676945686,0.07476963847875595,0.36503639817237854,0.6907967329025269
1692309418.6564775,"[label: ""height""
size: 3
stride: 15, label: ""width""
size: 5
stride: 5]",0,7.0,0.010984988883137703,0.07461421936750412,0.354751855134964,0.061975203454494476,6.0,-0.0282280296087265,0.0744793713092804,0.35766005516052246,-0.3694707751274109,8.0,0.046921197324991226,0.07483845949172974,0.36753764748573303,0.6926224827766418
1692309418.7563777,"[label: ""height""
size: 3
stride: 15, label: ""width""
size: 5
stride: 5]",0,7.0,0.017600731924176216,0.0741795152425766,0.35553351044654846,0.1077299490571022,6.0,-0.021481147035956383,0.07316426187753677,0.35486334562301636,-0.38407662510871887,8.0,0.053296610713005066,0.07372535765171051,0.36585479974746704,0.7043560743331909
1692309418.8524015,"[label: ""height""
size: 3
stride: 15, label: ""width""
size: 5
stride: 5]",0,8.0,0.0609610453248024,0.07417599111795425,0.36877554655075073,0.7024477124214172,7.0,0.025568149983882904,0.07478666305541992,0.36030060052871704,0.1835237443447113,6.0,-0.014310970902442932,0.07374417781829834,0.3605543375015259,-0.42787447571754456
1692309418.9574878,"[label: ""height""
size: 3
stride: 15, label: ""width""
size: 5
stride: 5]",0,7.0,0.031722359359264374,0.07342807948589325,0.3540261387825012,0.08850860595703125,6.0,-0.007636768743395805,0.07232893258333206,0.3535105884075165,-0.3624645471572876,8.0,0.06706763058900833,0.07297076284885406,0.3650124967098236,0.6859090328216553
1692309419.0570893,"[label: ""height""
size: 3
stride: 15, label: ""width""
size: 5
stride: 5]",0,7.0,0.03789506480097771,0.07344553619623184,0.3506830334663391,0.09742065519094467,6.0,-0.0016961655346676707,0.07345235347747803,0.3554021716117859,-0.34556761384010315,8.0,0.07352980971336365,0.07405351102352142,0.3659594655036926,0.7118015289306641
1692309419.157068,"[label: ""height""
size: 3
stride: 15, label: ""width""
size: 5
stride: 5]",0,7.0,0.042618148028850555,0.0722193494439125,0.35029566287994385,0.13319866359233856,6.0,0.0031027435325086117,0.07197355479001999,0.3547106981277466,-0.34078770875930786,8.0,0.0784512460231781,0.07226979732513428,0.364456444978714,0.6940897107124329
1692309419.2571387,"[label: ""height""
size: 3
stride: 15, label: ""width""
size: 5
stride: 5]",0,7.0,0.0460110567510128,0.07234888523817062,0.34801048040390015,0.08877864480018616,6.0,0.006923875771462917,0.07180029153823853,0.3517186641693115,-0.396553635597229,8.0,0.0828978568315506,0.07365798950195312,0.36766529083251953,0.6895917654037476
1692309419.3556542,"[label: ""height""
size: 3
stride: 15, label: ""width""
size: 5
stride: 5]",0,7.0,0.048554860055446625,0.07188649475574493,0.34655946493148804,0.13400322198867798,6.0,0.00929354690015316,0.0720212459564209,0.3528793454170227,-0.34705623984336853,8.0,0.08412254601716995,0.07224668562412262,0.3606052100658417,0.688816249370575
1692309419.4559567,"[label: ""height""
size: 3
stride: 15, label: ""width""
size: 5
stride: 5]",0,7.0,0.04985268414020538,0.07058083266019821,0.34362298250198364,0.15631476044654846,6.0,0.01072204951196909,0.07028103619813919,0.34828537702560425,-0.3639727830886841,8.0,0.08597064763307571,0.07142797112464905,0.3609296679496765,0.6834561228752136
1692309419.5621352,"[label: ""height""
size: 3
stride: 15, label: ""width""
size: 5
stride: 5]",0,7.0,0.05165644735097885,0.0712461769580841,0.34363463521003723,0.12329865247011185,6.0,0.012400064617395401,0.07111577689647675,0.3476200997829437,-0.3769650459289551,8.0,0.08745711296796799,0.07197287678718567,0.35852909088134766,0.684118390083313
1692309419.6549337,"[label: ""height""
size: 3
stride: 15, label: ""width""
size: 5
stride: 5]",0,7.0,0.05323581025004387,0.07012084126472473,0.34018975496292114,0.12947124242782593,6.0,0.014345547184348106,0.07024481892585754,0.34603723883628845,-0.3465106189250946,8.0,0.08926629275083542,0.07057961821556091,0.35519349575042725,0.685340940952301
1692309419.755948,"[label: ""height""
size: 3
stride: 15, label: ""width""
size: 5
stride: 5]",0,7.0,0.05496881902217865,0.07036594301462173,0.3380420506000519,0.1181655004620552,6.0,0.01590660586953163,0.07015120983123779,0.34350499510765076,-0.37138256430625916,8.0,0.09098763018846512,0.07111479341983795,0.35283422470092773,0.6852993965148926
1692309419.854509,"[label: ""height""
size: 3
stride: 15, label: ""width""
size: 5
stride: 5]",0,7.0,0.05613834410905838,0.0702437236905098,0.33596622943878174,0.10859145224094391,6.0,0.01703682355582714,0.07004160434007645,0.3409469425678253,-0.37675270438194275,8.0,0.0919109508395195,0.07034822553396225,0.3497312664985657,0.6878069639205933
1692309419.9567006,"[label: ""height""
size: 3
stride: 15, label: ""width""
size: 5
stride: 5]",0,7.0,0.05771853029727936,0.07117805629968643,0.33653146028518677,0.073770672082901,6.0,0.01812814362347126,0.0701335221529007,0.3380407989025116,-0.3824029564857483,8.0,0.09350431710481644,0.07101000845432281,0.34872686862945557,0.6769645810127258
1692309420.0532358,"[label: ""height""
size: 3
stride: 15, label: ""width""
size: 5
stride: 5]",0,7.0,0.05921277776360512,0.0711764320731163,0.33326441049575806,0.0802597627043724,6.0,0.019780511036515236,0.07077925652265549,0.3379438817501068,-0.3859253227710724,8.0,0.09471790492534637,0.07066080719232559,0.3442866802215576,0.6705182194709778
1692309420.155892,"[label: ""height""
size: 3
stride: 15, label: ""width""
size: 5
stride: 5]",0,7.0,0.05971982702612877,0.07088949531316757,0.3276575803756714,0.10793006420135498,6.0,0.020442606881260872,0.07045237720012665,0.3311479091644287,-0.4032647907733917,8.0,0.09573944658041,0.07131681591272354,0.34137848019599915,0.6638588309288025
1692309420.256267,"[label: ""height""
size: 3
stride: 15, label: ""width""
size: 5
stride: 5]",0,7.0,0.060640599578619,0.0709090307354927,0.32465165853500366,0.11278484761714935,6.0,0.021432822570204735,0.07064826786518097,0.32941415905952454,-0.37200891971588135,8.0,0.09688229858875275,0.07113602012395859,0.33851689100265503,0.6653680801391602
1692309420.3580825,"[label: ""height""
size: 3
stride: 15, label: ""width""
size: 5
stride: 5]",0,7.0,0.06116432324051857,0.07138405740261078,0.32132673263549805,0.06609926372766495,6.0,0.02186175435781479,0.07090234011411667,0.3244152367115021,-0.41878142952919006,8.0,0.09786127507686615,0.07177150249481201,0.33567869663238525,0.6587637066841125
1692309420.4544926,"[label: ""height""
size: 3
stride: 15, label: ""width""
size: 5
stride: 5]",0,7.0,0.061916694045066833,0.0706518366932869,0.31657716631889343,0.032250598073005676,6.0,0.02277219109237194,0.07014653086662292,0.3203015923500061,-0.3958573341369629,8.0,0.09831757098436356,0.07088468968868256,0.3302518129348755,0.6568645238876343
1692309420.5571227,"[label: ""height""
size: 3
stride: 15, label: ""width""
size: 5
stride: 5]",0,7.0,0.06237546354532242,0.07116300612688065,0.3134984076023102,0.06816031783819199,6.0,0.023322800174355507,0.07079601287841797,0.31742414832115173,-0.4206993877887726,8.0,0.09879650920629501,0.07129665464162827,0.3260056972503662,0.653084933757782
1692309420.6545515,"[label: ""height""
size: 3
stride: 15, label: ""width""
size: 5
stride: 5]",0,7.0,0.06329132616519928,0.07183816283941269,0.3118543326854706,0.031141914427280426,6.0,0.024031324312090874,0.07097896188497543,0.3149111270904541,-0.425512433052063,8.0,0.10013391077518463,0.0722772404551506,0.32557880878448486,0.6418532729148865
1692309420.756794,"[label: ""height""
size: 3
stride: 15, label: ""width""
size: 5
stride: 5]",0,7.0,0.06278994679450989,0.07108037173748016,0.3047754466533661,0.09283503890037537,6.0,0.02396133914589882,0.0713062658905983,0.31074315309524536,-0.4202423393726349,8.0,0.09942618012428284,0.07153261452913284,0.31814801692962646,0.6552570462226868
1692309420.854214,"[label: ""height""
size: 3
stride: 15, label: ""width""
size: 5
stride: 5]",0,7.0,0.06251158565282822,0.07182181626558304,0.3005603551864624,0.06408633291721344,6.0,0.023917408660054207,0.0726403295993805,0.30988001823425293,-0.3874511122703552,8.0,0.09885632991790771,0.07235559821128845,0.3138275146484375,0.6458135843276978
1692309420.9576745,"[label: ""height""
size: 3
stride: 15, label: ""width""
size: 5
stride: 5]",0,7.0,0.06141171604394913,0.07060667127370834,0.29395896196365356,0.09370249509811401,6.0,0.023136524483561516,0.07164621353149414,0.30367469787597656,-0.4391089677810669,8.0,0.09864719957113266,0.07177102565765381,0.31071919202804565,0.6346299052238464
1692309421.058213,"[label: ""height""
size: 3
stride: 15, label: ""width""
size: 5
stride: 5]",0,7.0,0.06083017960190773,0.0727626159787178,0.29247575998306274,0.06068816035985947,6.0,0.021802522242069244,0.07270538061857224,0.2987769544124603,-0.39784061908721924,8.0,0.09705200046300888,0.07296264916658401,0.3056579530239105,0.6455836296081543
1692309421.162048,"[label: ""height""
size: 3
stride: 15, label: ""width""
size: 5
stride: 5]",0,7.0,0.06040439009666443,0.0720306932926178,0.28859877586364746,0.08444899320602417,6.0,0.021458478644490242,0.07179409265518188,0.29299086332321167,-0.4334200322628021,8.0,0.09732896089553833,0.07279320806264877,0.3033848702907562,0.6482273936271667
1692309421.2637694,"[label: ""height""
size: 3
stride: 15, label: ""width""
size: 5
stride: 5]",0,7.0,0.05971642956137657,0.07178875803947449,0.28251612186431885,0.0872662290930748,6.0,0.02095024287700653,0.07208447903394699,0.2893596589565277,-0.42684394121170044,8.0,0.09646210074424744,0.07256831973791122,0.29836025834083557,0.6420089602470398
1692309421.366632,"[label: ""height""
size: 3
stride: 15, label: ""width""
size: 5
stride: 5]",0,7.0,0.059357769787311554,0.0731562077999115,0.2807483971118927,0.10086124390363693,6.0,0.020230833441019058,0.07247449457645416,0.2843064069747925,-0.41381895542144775,8.0,0.09570828080177307,0.0735502541065216,0.2945106029510498,0.650642991065979
1692309421.4587293,"[label: ""height""
size: 3
stride: 15, label: ""width""
size: 5
stride: 5]",0,7.0,0.058737289160490036,0.07256608456373215,0.27579981088638306,0.07225895673036575,6.0,0.01978960633277893,0.07218388468027115,0.28013676404953003,-0.43680617213249207,8.0,0.0955013558268547,0.07336010038852692,0.29091694951057434,0.6566132307052612
1692309421.5612514,"[label: ""height""
size: 3
stride: 15, label: ""width""
size: 5
stride: 5]",0,7.0,0.05778153985738754,0.07277487218379974,0.27235859632492065,0.07066826522350311,6.0,0.01886785589158535,0.07244677096605301,0.27677372097969055,-0.4289972484111786,8.0,0.0945303738117218,0.07312833517789841,0.2872123718261719,0.6491533517837524
1692309421.6539671,"[label: ""height""
size: 3
stride: 15, label: ""width""
size: 5
stride: 5]",0,7.0,0.05728242173790932,0.07331880927085876,0.2683013081550598,0.09830185770988464,6.0,0.01842629536986351,0.07318936288356781,0.27364128828048706,-0.42162197828292847,8.0,0.09442637860774994,0.07443271577358246,0.28546252846717834,0.6517967581748962
1692309421.7576025,"[label: ""height""
size: 3
stride: 15, label: ""width""
size: 5
stride: 5]",0,7.0,0.056931111961603165,0.0730709582567215,0.2650231719017029,0.11697313189506531,6.0,0.017857298254966736,0.07235337793827057,0.2688114047050476,-0.4320865273475647,8.0,0.09348700195550919,0.07375242561101913,0.27981099486351013,0.6632601618766785
1692309421.8564124,"[label: ""height""
size: 3
stride: 15, label: ""width""
size: 5
stride: 5]",0,7.0,0.05668087676167488,0.07302316278219223,0.26205334067344666,0.07628129422664642,6.0,0.017988504841923714,0.0728030726313591,0.2673177123069763,-0.41168326139450073,8.0,0.09335511177778244,0.07367654889822006,0.27735620737075806,0.6530954241752625
1692309421.9577157,"[label: ""height""
size: 3
stride: 15, label: ""width""
size: 5
stride: 5]",0,7.0,0.056809667497873306,0.07293783128261566,0.26059433817863464,0.0909360870718956,6.0,0.018027279525995255,0.07242843508720398,0.264679491519928,-0.4018559753894806,8.0,0.09275931864976883,0.07297808676958084,0.27389591932296753,0.667163074016571
1692309422.0592031,"[label: ""height""
size: 3
stride: 15, label: ""width""
size: 5
stride: 5]",0,7.0,0.05633402615785599,0.07260027527809143,0.2568257749080658,0.11572916805744171,6.0,0.017576778307557106,0.07290442287921906,0.2628888189792633,-0.4018653929233551,8.0,0.09259428828954697,0.07335716485977173,0.27240681648254395,0.6622850298881531
1692309422.1572964,"[label: ""height""
size: 3
stride: 15, label: ""width""
size: 5
stride: 5]",0,7.0,0.055980075150728226,0.07322391867637634,0.2557147145271301,0.10962279140949249,6.0,0.01703622005879879,0.07270709425210953,0.2598956525325775,-0.41515955328941345,8.0,0.09277074038982391,0.0741361677646637,0.271611750125885,0.662411093711853
1692309422.2563248,"[label: ""height""
size: 3
stride: 15, label: ""width""
size: 5
stride: 5]",0,7.0,0.05553687736392021,0.07299250364303589,0.2527412176132202,0.10760927200317383,6.0,0.01662956178188324,0.07252044230699539,0.2569836974143982,-0.4097224771976471,8.0,0.09223993867635727,0.07399893552064896,0.2690685987472534,0.6610803008079529
1692309422.3583252,"[label: ""height""
size: 3
stride: 15, label: ""width""
size: 5
stride: 5]",0,7.0,0.055384885519742966,0.0727655440568924,0.25117141008377075,0.0949266254901886,6.0,0.016639595851302147,0.072348453104496,0.2555636465549469,-0.4070119857788086,8.0,0.09223490208387375,0.07404745370149612,0.26808592677116394,0.6556719541549683
1692309422.4576263,"[label: ""height""
size: 3
stride: 15, label: ""width""
size: 5
stride: 5]",0,7.0,0.05579563230276108,0.07326110452413559,0.25118595361709595,0.09158708900213242,6.0,0.016646143049001694,0.07225692272186279,0.2541554570198059,-0.408573180437088,8.0,0.09210845828056335,0.0738343745470047,0.26612088084220886,0.6657671332359314
1692309422.5627117,"[label: ""height""
size: 3
stride: 15, label: ""width""
size: 5
stride: 5]",0,7.0,0.05620207265019417,0.07325512915849686,0.2511640191078186,0.09139376133680344,6.0,0.017100704833865166,0.07259834557771683,0.2546175420284271,-0.4013538956642151,8.0,0.09182745963335037,0.07336531579494476,0.2640446126461029,0.6701016426086426
1692309422.6574574,"[label: ""height""
size: 3
stride: 15, label: ""width""
size: 5
stride: 5]",0,7.0,0.05551796406507492,0.07309868186712265,0.2498466670513153,0.1076488345861435,6.0,0.016623293980956078,0.0730019360780716,0.25537028908729553,-0.4107424020767212,8.0,0.09200594574213028,0.07396811246871948,0.26582399010658264,0.667229950428009
1692309422.7574842,"[label: ""height""
size: 3
stride: 15, label: ""width""
size: 5
stride: 5]",0,7.0,0.055389154702425,0.0732671245932579,0.25120803713798523,0.09178027510643005,6.0,0.0162599366158247,0.0725623071193695,0.25448310375213623,-0.39908045530319214,8.0,0.09111128002405167,0.07331331819295883,0.2638411819934845,0.6584959030151367
1692309422.8571153,"[label: ""height""
size: 3
stride: 15, label: ""width""
size: 5
stride: 5]",0,7.0,0.05476697161793709,0.07288050651550293,0.2497825175523758,0.08946770429611206,6.0,0.01622370444238186,0.07277015596628189,0.2555748224258423,-0.40499019622802734,8.0,0.09160376340150833,0.07378154993057251,0.26591381430625916,0.6533526182174683
1692309422.9587307,"[label: ""height""
size: 3
stride: 15, label: ""width""
size: 5
stride: 5]",0,7.0,0.05484829470515251,0.07279733568429947,0.25098246335983276,0.11125488579273224,6.0,0.016099274158477783,0.07233305275440216,0.2555158734321594,-0.42355239391326904,8.0,0.09218591451644897,0.07439874857664108,0.26890602707862854,0.6471471190452576
1692309423.0570917,"[label: ""height""
size: 3
stride: 15, label: ""width""
size: 5
stride: 5]",0,7.0,0.054719824343919754,0.0730058029294014,0.2527904212474823,0.10807621479034424,6.0,0.015743691474199295,0.07269755005836487,0.25797268748283386,-0.4133901000022888,8.0,0.0918179601430893,0.07441151142120361,0.26977217197418213,0.6464124321937561
1692309423.1584117,"[label: ""height""
size: 3
stride: 15, label: ""width""
size: 5
stride: 5]",0,7.0,0.054296769201755524,0.07308980077505112,0.25442424416542053,0.06765784323215485,6.0,0.015666678547859192,0.07325275242328644,0.2614506483078003,-0.39027926325798035,8.0,0.0911419540643692,0.07395856827497482,0.2697303295135498,0.6481478214263916
1692309423.2550519,"[label: ""height""
size: 3
stride: 15, label: ""width""
size: 5
stride: 5]",0,7.0,0.05368286371231079,0.07299381494522095,0.2559400200843811,0.07410889863967896,6.0,0.014858604408800602,0.07324948906898499,0.26257166266441345,-0.41254210472106934,8.0,0.09043076634407043,0.07404523342847824,0.2712491452693939,0.6400854587554932
1692309423.3575106,"[label: ""height""
size: 3
stride: 15, label: ""width""
size: 5
stride: 5]",0,7.0,0.05264059454202652,0.07292811572551727,0.2575351893901825,0.06994257867336273,6.0,0.014252254739403725,0.07298857718706131,0.26356518268585205,-0.4356740713119507,8.0,0.09000223875045776,0.07435979694128036,0.274024099111557,0.6373118162155151
1692309423.4689314,"[label: ""height""
size: 3
stride: 15, label: ""width""
size: 5
stride: 5]",0,7.0,0.052499622106552124,0.07326462864875793,0.26103290915489197,0.07166748493909836,6.0,0.013788513839244843,0.07303448021411896,0.26685571670532227,-0.43194517493247986,8.0,0.08933648467063904,0.07419288158416748,0.2754386067390442,0.635976254940033
1692309423.5615032,"[label: ""height""
size: 3
stride: 15, label: ""width""
size: 5
stride: 5]",0,7.0,0.051665935665369034,0.0738295316696167,0.2657085061073303,0.04484653100371361,6.0,0.012756608426570892,0.07320085167884827,0.27040570974349976,-0.4445565938949585,8.0,0.0888812243938446,0.07451856136322021,0.2800827622413635,0.6362435817718506
1692309423.6622186,"[label: ""height""
size: 3
stride: 15, label: ""width""
size: 5
stride: 5]",0,7.0,0.05050155520439148,0.07360158115625381,0.26918846368789673,0.07631094753742218,6.0,0.011901040561497211,0.07335884124040604,0.2755354046821594,-0.4265860319137573,8.0,0.08799789845943451,0.07480372488498688,0.285060316324234,0.6213573813438416
1692309423.7648654,"[label: ""height""
size: 3
stride: 15, label: ""width""
size: 5
stride: 5]",0,7.0,0.049631617963314056,0.07384196668863297,0.2742738425731659,0.055130138993263245,6.0,0.011282839812338352,0.07423334568738937,0.2822606563568115,-0.4333259165287018,8.0,0.08716995269060135,0.07488080114126205,0.2889247536659241,0.607614278793335
1692309423.8649514,"[label: ""height""
size: 3
stride: 15, label: ""width""
size: 5
stride: 5]",0,7.0,0.04894748330116272,0.07430762052536011,0.27951371669769287,0.030157122761011124,6.0,0.010418178513646126,0.07426134496927261,0.2868911325931549,-0.4429914057254791,8.0,0.08640742301940918,0.07522876560688019,0.29402026534080505,0.6071373224258423
1692309423.9638257,"[label: ""height""
size: 3
stride: 15, label: ""width""
size: 5
stride: 5]",0,7.0,0.0481385812163353,0.07437627762556076,0.2848845422267914,0.03165323659777641,6.0,0.009557081386446953,0.07439297437667847,0.2924315631389618,-0.4435606598854065,8.0,0.08539330214262009,0.07505065202713013,0.29850447177886963,0.6099593639373779
1692309424.0615745,"[label: ""height""
size: 3
stride: 15, label: ""width""
size: 5
stride: 5]",0,7.0,0.04736638069152832,0.07429424673318863,0.29087576270103455,0.03556688502430916,6.0,0.008890056051313877,0.07419300079345703,0.2978498339653015,-0.45285165309906006,8.0,0.08515291661024094,0.07485338300466537,0.3051517605781555,0.5872542262077332
1692309424.1656997,"[label: ""height""
size: 3
stride: 15, label: ""width""
size: 5
stride: 5]",0,7.0,0.04754834994673729,0.0742935761809349,0.2966838777065277,0.0034378417767584324,6.0,0.00914302933961153,0.07468299567699432,0.30581843852996826,-0.4632861912250519,8.0,0.08489009737968445,0.07506409287452698,0.3101601004600525,0.6041350960731506
1692309424.2562003,"[label: ""height""
size: 3
stride: 15, label: ""width""
size: 5
stride: 5]",0,7.0,0.04743633419275284,0.07465283572673798,0.3035953640937805,0.027035100385546684,8.0,0.08491408079862595,0.07532263547182083,0.3159712851047516,0.5918266177177429,6.0,0.009044494479894638,0.07525748014450073,0.31447136402130127,-0.45302388072013855
1692309424.3600402,"[label: ""height""
size: 3
stride: 15, label: ""width""
size: 5
stride: 5]",0,7.0,0.04675954207777977,0.07444269955158234,0.30979904532432556,0.03176701441407204,6.0,0.008491689339280128,0.07554858177900314,0.3217148184776306,-0.43434032797813416,8.0,0.0843764990568161,0.07536876201629639,0.3233954906463623,0.5871208310127258
1692309424.4546232,"[label: ""height""
size: 3
stride: 15, label: ""width""
size: 5
stride: 5]",0,7.0,0.04665160924196243,0.07494138926267624,0.3167673647403717,0.0417817160487175,6.0,0.008196176961064339,0.07520729303359985,0.3259168863296509,-0.46043282747268677,8.0,0.0851810872554779,0.07685921341180801,0.33498695492744446,0.5796587467193604
1692309424.5567296,"[label: ""height""
size: 3
stride: 15, label: ""width""
size: 5
stride: 5]",0,7.0,0.046532317996025085,0.07548593729734421,0.32699117064476013,0.025373930111527443,8.0,0.08411270380020142,0.07608241587877274,0.33956125378608704,0.5920825004577637,6.0,0.00806286372244358,0.07585535943508148,0.3358530104160309,-0.44893911480903625
1692309424.6552544,"[label: ""height""
size: 3
stride: 15, label: ""width""
size: 5
stride: 5]",0,7.0,0.045837342739105225,0.07453342527151108,0.33155038952827454,0.04176008328795433,6.0,0.007808661088347435,0.07510528713464737,0.3425126075744629,-0.4624721109867096,8.0,0.08432111144065857,0.07596221566200256,0.3491390347480774,0.5820555090904236
1692309424.7569597,"[label: ""height""
size: 3
stride: 15, label: ""width""
size: 5
stride: 5]",0,7.0,0.04704082012176514,0.0752439871430397,0.3416292667388916,-0.011794752441346645,8.0,0.08419790863990784,0.07574649900197983,0.3528442978858948,0.5856088399887085,6.0,0.008678720332682133,0.07511556893587112,0.3491363823413849,-0.48009034991264343
1692309424.8586073,"[label: ""height""
size: 3
stride: 15, label: ""width""
size: 5
stride: 5]",0,7.0,0.046943046152591705,0.07526218891143799,0.3502216935157776,-0.0006600106717087328,8.0,0.0856756940484047,0.07705108076334,0.3680018186569214,0.572073757648468,6.0,0.008667443878948689,0.07554256916046143,0.3592270612716675,-0.45857658982276917
1692309424.9567554,"[label: ""height""
size: 3
stride: 15, label: ""width""
size: 5
stride: 5]",0,7.0,0.047058332711458206,0.07576507329940796,0.35961419343948364,0.04035886749625206,6.0,0.008514280430972576,0.07525335997343063,0.3649355173110962,-0.4640914499759674,8.0,0.08501523733139038,0.0767286941409111,0.3737339973449707,0.5964074730873108
1692309425.0620394,"[label: ""height""
size: 3
stride: 15, label: ""width""
size: 5
stride: 5]",0,7.0,0.04701791703701019,0.07638978213071823,0.3690209984779358,-0.03146882727742195,8.0,0.08427909761667252,0.07648521661758423,0.3801155686378479,0.6086020469665527,6.0,0.008388943038880825,0.07642444968223572,0.3781062364578247,-0.449293315410614
1692309425.1643429,"[label: ""height""
size: 3
stride: 15, label: ""width""
size: 5
stride: 5]",0,7.0,0.04676780104637146,0.07536657154560089,0.37498903274536133,0.045804210007190704,6.0,0.008223406039178371,0.0761428251862526,0.3844796419143677,-0.45488524436950684,8.0,0.08406621962785721,0.07579828798770905,0.38780272006988525,0.6179494857788086
1692309425.2566803,"[label: ""height""
size: 3
stride: 15, label: ""width""
size: 5
stride: 5]",0,7.0,0.04737366363406181,0.07597066462039948,0.38513097167015076,0.01304654125124216,6.0,0.008237078785896301,0.07595297694206238,0.3916136920452118,-0.4353801906108856,8.0,0.08424293249845505,0.07599028199911118,0.39539533853530884,0.6146988272666931
1692309425.3585982,"[label: ""height""
size: 3
stride: 15, label: ""width""
size: 5
stride: 5]",0,7.0,0.04719170182943344,0.07555636763572693,0.3886004686355591,0.04886689409613609,6.0,0.008789139799773693,0.07650009542703629,0.40131404995918274,-0.426443874835968,8.0,0.08412124961614609,0.07563214749097824,0.40023839473724365,0.618727445602417
1692309425.456838,"[label: ""height""
size: 3
stride: 15, label: ""width""
size: 5
stride: 5]",0,7.0,0.04751855134963989,0.07562244683504105,0.39562109112739563,-0.0007442766218446195,6.0,0.00884019024670124,0.07573079317808151,0.40322279930114746,-0.4134953022003174,8.0,0.08600050956010818,0.07739901542663574,0.4141221344470978,0.6132013201713562
1692309425.569627,"[label: ""height""
size: 3
stride: 15, label: ""width""
size: 5
stride: 5]",0,7.0,0.04757317528128624,0.07607828080654144,0.402504563331604,0.06881088763475418,6.0,0.00867432914674282,0.07611888647079468,0.4106442928314209,-0.4184747338294983,8.0,0.08430416136980057,0.07622547447681427,0.41327157616615295,0.6315227746963501
1692309425.6660752,"[label: ""height""
size: 3
stride: 15, label: ""width""
size: 5
stride: 5]",0,7.0,0.04761410877108574,0.07598011195659637,0.4071151614189148,0.06518380343914032,6.0,0.008468699641525745,0.07641538232564926,0.41693422198295593,-0.4290902316570282,8.0,0.08377961814403534,0.07579594105482101,0.41743549704551697,0.6253222823143005
1692309425.7670262,"[label: ""height""
size: 3
stride: 15, label: ""width""
size: 5
stride: 5]",0,7.0,0.04755331575870514,0.0762072503566742,0.41099032759666443,0.05397408455610275,6.0,0.008609754964709282,0.07680750638246536,0.4227665066719055,-0.40055447816848755,8.0,0.08437161892652512,0.07679105550050735,0.42476803064346313,0.624002993106842
1692309425.8647602,"[label: ""height""
size: 3
stride: 15, label: ""width""
size: 5
stride: 5]",0,7.0,0.04692438244819641,0.07626663893461227,0.41594967246055603,0.041467878967523575,6.0,0.008324187248945236,0.07694455236196518,0.42636871337890625,-0.4286400377750397,8.0,0.08397138863801956,0.07683417946100235,0.4298807382583618,0.6145070195198059
1692309425.965567,"[label: ""height""
size: 3
stride: 15, label: ""width""
size: 5
stride: 5]",0,7.0,0.04701954871416092,0.07604715973138809,0.41942980885505676,0.10724812000989914,6.0,0.008451771922409534,0.07703079283237457,0.4317525625228882,-0.3964991569519043,8.0,0.08296283334493637,0.07616789638996124,0.43011510372161865,0.6428006887435913
1692309426.0664537,"[label: ""height""
size: 3
stride: 15, label: ""width""
size: 5
stride: 5]",0,7.0,0.04633616283535957,0.07605265080928802,0.419461727142334,0.10768825560808182,6.0,0.007744258735328913,0.07702208310365677,0.43170100450515747,-0.39509761333465576,8.0,0.08384489268064499,0.0772954523563385,0.4384755492210388,0.6265438199043274
1692309426.1668775,"[label: ""height""
size: 3
stride: 15, label: ""width""
size: 5
stride: 5]",0,7.0,0.04603647440671921,0.07691650092601776,0.4232785105705261,0.06997822225093842,6.0,0.007495323661714792,0.07829507440328598,0.43794190883636475,-0.4148826003074646,8.0,0.08371571451425552,0.07855679094791412,0.44256362318992615,0.6342635154724121
1692309426.2639565,"[label: ""height""
size: 3
stride: 15, label: ""width""
size: 5
stride: 5]",0,7.0,0.045604560524225235,0.07759387791156769,0.4273112714290619,0.07902733236551285,6.0,0.006777920760214329,0.07828772068023682,0.43789809942245483,-0.41343608498573303,8.0,0.08375139534473419,0.07927597314119339,0.4476270079612732,0.6384143829345703
1692309426.3639433,"[label: ""height""
size: 3
stride: 15, label: ""width""
size: 5
stride: 5]",0,7.0,0.04571819305419922,0.0780332013964653,0.42851394414901733,0.05761216953396797,6.0,0.006687568966299295,0.0779753178358078,0.43314889073371887,-0.4364316761493683,8.0,0.08213656395673752,0.07808913290500641,0.43893110752105713,0.6560136079788208
1692309426.464885,"[label: ""height""
size: 3
stride: 15, label: ""width""
size: 5
stride: 5]",0,7.0,0.04554878920316696,0.07861310243606567,0.4318792223930359,0.06277427822351456,6.0,0.005978072993457317,0.07796774059534073,0.4331042170524597,-0.4349837899208069,8.0,0.08197041600942612,0.07861461490392685,0.4429156184196472,0.6641693115234375
1692309426.5656843,"[label: ""height""
size: 3
stride: 15, label: ""width""
size: 5
stride: 5]",0,7.0,0.04482454061508179,0.07865197211503983,0.4280056357383728,0.11075485497713089,6.0,0.005626297555863857,0.078445665538311,0.4317549765110016,-0.3897135555744171,8.0,0.08129092305898666,0.07921556383371353,0.4421747922897339,0.6529853940010071
1692309426.6601176,"[label: ""height""
size: 3
stride: 15, label: ""width""
size: 5
stride: 5]",0,7.0,0.0438201017677784,0.07878845930099487,0.42333272099494934,0.11669312417507172,6.0,0.004994929302483797,0.08021639287471771,0.4366091787815094,-0.36131107807159424,8.0,0.08043742179870605,0.07961738854646683,0.43946394324302673,0.6847795844078064
1692309426.7645035,"[label: ""height""
size: 3
stride: 15, label: ""width""
size: 5
stride: 5]",0,7.0,0.04422898590564728,0.07973860204219818,0.4275610148906708,0.07748661190271378,6.0,0.004735762253403664,0.07939350605010986,0.43036696314811707,-0.3711314797401428,8.0,0.07946772128343582,0.07882905006408691,0.4341270923614502,0.6958789229393005
1692309426.860966,"[label: ""height""
size: 3
stride: 15, label: ""width""
size: 5
stride: 5]",0,7.0,0.04358398914337158,0.07949858158826828,0.42086082696914673,0.14481902122497559,6.0,0.004182938951998949,0.07996547222137451,0.4295963644981384,-0.4005829989910126,8.0,0.0796140730381012,0.08004278689622879,0.4349307417869568,0.6932803392410278
1692309426.9660885,"[label: ""height""
size: 3
stride: 15, label: ""width""
size: 5
stride: 5]",0,7.0,0.043022844940423965,0.0785755142569542,0.4155965745449066,0.11656910181045532,6.0,0.0037502183113247156,0.07876599580049515,0.4213104546070099,-0.3946612775325775,8.0,0.07829628139734268,0.0783529058098793,0.425761342048645,0.6855871081352234
1692309427.062128,"[label: ""height""
size: 3
stride: 15, label: ""width""
size: 5
stride: 5]",0,7.0,0.04195694625377655,0.07768513262271881,0.40660202503204346,0.1562969982624054,6.0,0.003350767306983471,0.0784115344285965,0.4147774279117584,-0.38282811641693115,8.0,0.07831521332263947,0.07906866073608398,0.42586520314216614,0.6853359341621399
1692309427.1629808,"[label: ""height""
size: 3
stride: 15, label: ""width""
size: 5
stride: 5]",0,7.0,0.041983604431152344,0.07721728831529617,0.4040073752403259,0.10298358649015427,6.0,0.002959155011922121,0.07708605378866196,0.4077630639076233,-0.36793115735054016,8.0,0.07818414270877838,0.07806234061717987,0.42136427760124207,0.6927057504653931
1692309427.2562096,"[label: ""height""
size: 3
stride: 15, label: ""width""
size: 5
stride: 5]",0,7.0,0.04272539168596268,0.0767151340842247,0.3981199562549591,0.16826054453849792,6.0,0.003544222330674529,0.07625021785497665,0.40169551968574524,-0.4066043496131897,8.0,0.07881113886833191,0.07765845209360123,0.4137323796749115,0.7034351229667664
1692309427.358596,"[label: ""height""
size: 3
stride: 15, label: ""width""
size: 5
stride: 5]",0,7.0,0.043359942734241486,0.07568217813968658,0.3953093886375427,0.11652402579784393,8.0,0.0783623531460762,0.07507383823394775,0.4026390314102173,0.6978412866592407,6.0,0.0038104706909507513,0.07462052255868912,0.3955746293067932,-0.39815422892570496
1692309427.4568164,"[label: ""height""
size: 3
stride: 15, label: ""width""
size: 5
stride: 5]",0,7.0,0.04376892000436783,0.07319208234548569,0.381958544254303,0.10335711389780045,6.0,0.004753390792757273,0.07384970784187317,0.3923727571964264,-0.37348484992980957,8.0,0.07982120662927628,0.07412099838256836,0.3983694016933441,0.6782194972038269
1692309427.5590105,"[label: ""height""
size: 3
stride: 15, label: ""width""
size: 5
stride: 5]",0,7.0,0.045501429587602615,0.07261419296264648,0.3784976005554199,0.048581961542367935,8.0,0.08134016394615173,0.07302212715148926,0.39072421193122864,0.6762327551841736,6.0,0.0060502816922962666,0.0721602514386177,0.3833197355270386,-0.36316150426864624
1692309427.6590288,"[label: ""height""
size: 3
stride: 15, label: ""width""
size: 5
stride: 5]",0,7.0,0.045709725469350815,0.07104036957025528,0.3673154413700104,0.10498782992362976,8.0,0.0820634588599205,0.07204316556453705,0.3813822567462921,0.6563394069671631,6.0,0.006748210173100233,0.0705963671207428,0.3718917965888977,-0.39499586820602417
1692309427.7607124,"[label: ""height""
size: 3
stride: 15, label: ""width""
size: 5
stride: 5]",0,7.0,0.04686135798692703,0.06963294744491577,0.35889002680778503,0.09420298784971237,6.0,0.007732798345386982,0.06891893595457077,0.36224111914634705,-0.4130427837371826,8.0,0.08349590003490448,0.07060670852661133,0.37375757098197937,0.667281985282898
1692309427.8539414,"[label: ""height""
size: 3
stride: 15, label: ""width""
size: 5
stride: 5]",0,7.0,0.0466635562479496,0.06852405518293381,0.3473331034183502,0.12491320073604584,8.0,0.08335098624229431,0.06974785029888153,0.36370134353637695,0.6638752222061157,6.0,0.007778400555253029,0.06879720091819763,0.35705000162124634,-0.382193922996521
1692309427.957402,"[label: ""height""
size: 3
stride: 15, label: ""width""
size: 5
stride: 5]",0,7.0,0.046340618282556534,0.06848973035812378,0.33890536427497864,0.09114502370357513,8.0,0.08304591476917267,0.06974029541015625,0.35532307624816895,0.6467536687850952,6.0,0.007540141697973013,0.06835329532623291,0.3465666174888611,-0.3701240122318268
1692309428.0546668,"[label: ""height""
size: 3
stride: 15, label: ""width""
size: 5
stride: 5]",0,7.0,0.04692022129893303,0.06849460303783417,0.33155331015586853,0.037361953407526016,8.0,0.08384321630001068,0.06956781446933746,0.3465251624584198,0.6613286733627319,6.0,0.007975524291396141,0.06812888383865356,0.3371398448944092,-0.4210926294326782
1692309428.156196,"[label: ""height""
size: 3
stride: 15, label: ""width""
size: 5
stride: 5]",0,7.0,0.04676216095685959,0.06858264654874802,0.32180845737457275,0.0721656009554863,8.0,0.08332371711730957,0.06971374154090881,0.3363289535045624,0.660396933555603,6.0,0.007823214866220951,0.06767378002405167,0.32558929920196533,-0.40310314297676086
1692309428.2537763,"[label: ""height""
size: 3
stride: 15, label: ""width""
size: 5
stride: 5]",0,7.0,0.0464341975748539,0.06864587217569351,0.31250497698783875,0.06786492466926575,8.0,0.08257459104061127,0.06937099248170853,0.3256814479827881,0.662379801273346,6.0,0.007452474441379309,0.06777352839708328,0.3166513442993164,-0.41425079107284546
1692309428.3597312,"[label: ""height""
size: 3
stride: 15, label: ""width""
size: 5
stride: 5]",0,7.0,0.0469009093940258,0.0691252052783966,0.30458351969718933,0.08701983094215393,6.0,0.007742810994386673,0.06795956194400787,0.308124303817749,-0.4055379331111908,8.0,0.08334547281265259,0.0697634294629097,0.3183823823928833,0.6737834215164185
1692309428.4549284,"[label: ""height""
size: 3
stride: 15, label: ""width""
size: 5
stride: 5]",0,7.0,0.04723982885479927,0.06925129890441895,0.29284924268722534,0.06714610010385513,8.0,0.08352085947990417,0.07034853845834732,0.3078891336917877,0.664676308631897,6.0,0.008438787423074245,0.06855456531047821,0.29813361167907715,-0.4124961793422699
1692309428.5593996,"[label: ""height""
size: 3
stride: 15, label: ""width""
size: 5
stride: 5]",0,7.0,0.04739455506205559,0.06985480338335037,0.2851642966270447,0.05659393593668938,8.0,0.08407635241746902,0.07087443768978119,0.29947030544281006,0.6524046063423157,6.0,0.008693394251167774,0.06922341138124466,0.29073041677474976,-0.4027480483055115
1692309428.656743,"[label: ""height""
size: 3
stride: 15, label: ""width""
size: 5
stride: 5]",0,7.0,0.04765941947698593,0.0694480910897255,0.27566441893577576,0.08740051835775375,8.0,0.08442747592926025,0.07074223458766937,0.29089364409446716,0.6436709761619568,6.0,0.008496659807860851,0.0682314783334732,0.2779354453086853,-0.41236552596092224
1692309428.757369,"[label: ""height""
size: 3
stride: 15, label: ""width""
size: 5
stride: 5]",0,7.0,0.04868810996413231,0.06977517157793045,0.26607346534729004,0.04731235280632973,8.0,0.08510050922632217,0.07053476572036743,0.2797017991542816,0.646037757396698,6.0,0.00968561414629221,0.06878592818975449,0.27085959911346436,-0.43232086300849915
1692309428.855769,"[label: ""height""
size: 3
stride: 15, label: ""width""
size: 5
stride: 5]",0,7.0,0.04878932237625122,0.06959238648414612,0.25461649894714355,0.049773916602134705,8.0,0.08587123453617096,0.07106921821832657,0.27086037397384644,0.6375071406364441,6.0,0.010184860788285732,0.06846266984939575,0.2591128647327423,-0.4268918037414551
1692309428.9594634,"[label: ""height""
size: 3
stride: 15, label: ""width""
size: 5
stride: 5]",0,7.0,0.049085866659879684,0.06886252760887146,0.24453160166740417,0.06678254902362823,6.0,0.010457372292876244,0.06844634562730789,0.25087276101112366,-0.4158715605735779,8.0,0.08629067987203598,0.07030057162046432,0.2606523931026459,0.6413266062736511
1692309429.0565567,"[label: ""height""
size: 3
stride: 15, label: ""width""
size: 5
stride: 5]",0,7.0,0.049386534839868546,0.06885967403650284,0.23600327968597412,0.04829247668385506,6.0,0.010545778088271618,0.06767624616622925,0.2401837557554245,-0.4334844648838043,8.0,0.08627165108919144,0.0698472410440445,0.25029149651527405,0.6525927782058716
1692309429.1583416,"[label: ""height""
size: 3
stride: 15, label: ""width""
size: 5
stride: 5]",0,7.0,0.0492287278175354,0.0679183155298233,0.22619540989398956,0.07569701224565506,6.0,0.01071683969348669,0.06724782288074493,0.2319159060716629,-0.43393754959106445,8.0,0.08639761060476303,0.0694182738661766,0.24167680740356445,0.6220558285713196
1692309434.1576784,"[label: ""height""
size: 1
stride: 5, label: ""width""
size: 5
stride: 5]",0,6.0,0.03724619373679161,0.06786888837814331,0.23174937069416046,-0.7164192795753479
1692309434.2555897,"[label: ""height""
size: 1
stride: 5, label: ""width""
size: 5
stride: 5]",0,6.0,0.04095323756337166,0.06762877106666565,0.23933088779449463,-0.7276684045791626
1692309434.358679,"[label: ""height""
size: 2
stride: 10, label: ""width""
size: 5
stride: 5]",0,7.0,0.07680748403072357,0.06659481674432755,0.22078560292720795,-0.2452920824289322,6.0,0.04305675998330116,0.0671931728720665,0.24228021502494812,-0.7382323741912842
1692309434.4591045,"[label: ""height""
size: 2
stride: 10, label: ""width""
size: 5
stride: 5]",0,7.0,0.08074942976236343,0.06756147742271423,0.2271450012922287,-0.2206650674343109,6.0,0.0468076691031456,0.0681975856423378,0.24881938099861145,-0.7171586751937866
1692309434.5574439,"[label: ""height""
size: 2
stride: 10, label: ""width""
size: 5
stride: 5]",0,7.0,0.08507280796766281,0.06762350350618362,0.23224376142024994,-0.20405040681362152,6.0,0.051262520253658295,0.0687476396560669,0.2545712888240814,-0.6940844058990479
1692309434.6546688,"[label: ""height""
size: 2
stride: 10, label: ""width""
size: 5
stride: 5]",0,7.0,0.08847622573375702,0.06776464730501175,0.23652440309524536,-0.2149198353290558,6.0,0.05473602935671806,0.06868644058704376,0.2585797607898712,-0.6895034909248352
1692309434.7564988,"[label: ""height""
size: 2
stride: 10, label: ""width""
size: 5
stride: 5]",0,7.0,0.09270244836807251,0.06800443679094315,0.2434191256761551,-0.18823833763599396,6.0,0.05771743878722191,0.06819763034582138,0.2624477744102478,-0.6978557705879211
1692309434.8545425,"[label: ""height""
size: 2
stride: 10, label: ""width""
size: 5
stride: 5]",0,7.0,0.09449709951877594,0.06776200234889984,0.24880945682525635,-0.1606253683567047,6.0,0.05949023738503456,0.06820236146450043,0.26828262209892273,-0.6562758088111877
1692309434.9569595,"[label: ""height""
size: 2
stride: 10, label: ""width""
size: 5
stride: 5]",0,7.0,0.09509211778640747,0.06743790209293365,0.2528185546398163,-0.1620003879070282,6.0,0.060307085514068604,0.06803303956985474,0.2723351716995239,-0.6376150250434875
1692309435.0549853,"[label: ""height""
size: 2
stride: 10, label: ""width""
size: 5
stride: 5]",0,7.0,0.0956859216094017,0.06746787577867508,0.25812044739723206,-0.1894425004720688,6.0,0.06038244813680649,0.0677514374256134,0.27664902806282043,-0.6270652413368225
1692309435.1583312,"[label: ""height""
size: 2
stride: 10, label: ""width""
size: 5
stride: 5]",0,7.0,0.0950012356042862,0.0675961896777153,0.26191088557243347,-0.15046478807926178,6.0,0.059450987726449966,0.06781008839607239,0.2796558439731598,-0.6260443925857544
1692309435.2553406,"[label: ""height""
size: 2
stride: 10, label: ""width""
size: 5
stride: 5]",0,7.0,0.09521404653787613,0.0677936002612114,0.26703014969825745,-0.15981005132198334,6.0,0.05892222002148628,0.06794194877147675,0.2830451428890228,-0.6090263724327087
1692309435.3587987,"[label: ""height""
size: 2
stride: 10, label: ""width""
size: 5
stride: 5]",0,7.0,0.09480881690979004,0.06794726848602295,0.27024170756340027,-0.16424404084682465,6.0,0.05818883329629898,0.06747178733348846,0.28402185440063477,-0.6290711760520935
1692309435.4588485,"[label: ""height""
size: 2
stride: 10, label: ""width""
size: 5
stride: 5]",0,7.0,0.09483325481414795,0.06785856932401657,0.27211177349090576,-0.13544517755508423,6.0,0.05861254781484604,0.06764183938503265,0.2877022325992584,-0.615630567073822
1692309435.5654109,"[label: ""height""
size: 2
stride: 10, label: ""width""
size: 5
stride: 5]",0,7.0,0.09524957090616226,0.06797314435243607,0.2743035852909088,-0.14626309275627136,6.0,0.059288665652275085,0.06829805672168732,0.29149195551872253,-0.6007656455039978
1692309435.6628277,"[label: ""height""
size: 2
stride: 10, label: ""width""
size: 5
stride: 5]",0,7.0,0.09514123946428299,0.06796329468488693,0.27559998631477356,-0.1420181691646576,6.0,0.05919580161571503,0.06798797845840454,0.2922673523426056,-0.6267167329788208
1692309435.7611666,"[label: ""height""
size: 2
stride: 10, label: ""width""
size: 5
stride: 5]",0,7.0,0.09526047110557556,0.06817664206027985,0.27785998582839966,-0.12555982172489166,6.0,0.05988404154777527,0.06882157176733017,0.29730403423309326,-0.601003110408783
1692309435.8588648,"[label: ""height""
size: 2
stride: 10, label: ""width""
size: 5
stride: 5]",0,7.0,0.09580451995134354,0.06806464493274689,0.2797590494155884,-0.12120581418275833,6.0,0.060248374938964844,0.06859342008829117,0.29850900173187256,-0.6102460026741028
1692309435.96149,"[label: ""height""
size: 2
stride: 10, label: ""width""
size: 5
stride: 5]",0,7.0,0.09486866742372513,0.06759440153837204,0.27970558404922485,-0.12203650921583176,6.0,0.05961661785840988,0.0683588832616806,0.29899004101753235,-0.6050220727920532
1692309436.0651834,"[label: ""height""
size: 2
stride: 10, label: ""width""
size: 5
stride: 5]",0,7.0,0.0950196385383606,0.06807924807071686,0.28262078762054443,-0.14861690998077393,6.0,0.0585513673722744,0.06799399107694626,0.2979997396469116,-0.6241902112960815
1692309436.1654246,"[label: ""height""
size: 2
stride: 10, label: ""width""
size: 5
stride: 5]",0,7.0,0.09442228823900223,0.06784587353467941,0.2812108099460602,-0.1541890650987625,6.0,0.0585513673722744,0.06799399107694626,0.2979997396469116,-0.6241902112960815
1692309436.2649999,"[label: ""height""
size: 2
stride: 10, label: ""width""
size: 5
stride: 5]",0,7.0,0.09415622055530548,0.06868691742420197,0.2828497588634491,-0.16085469722747803,6.0,0.05762942135334015,0.06841429322957993,0.29768839478492737,-0.6379145383834839
1692309436.3620958,"[label: ""height""
size: 2
stride: 10, label: ""width""
size: 5
stride: 5]",0,7.0,0.09207914024591446,0.06844354420900345,0.28038883209228516,-0.1529598832130432,6.0,0.05675909295678139,0.06918208301067352,0.2994419038295746,-0.621137797832489
1692309436.4587028,"[label: ""height""
size: 3
stride: 15, label: ""width""
size: 5
stride: 5]",0,7.0,0.09125429391860962,0.06938138604164124,0.28247103095054626,-0.15989258885383606,8.0,0.13037662208080292,0.07026006281375885,0.28859943151474,0.41134247183799744,6.0,0.05543844774365425,0.06975046545267105,0.3008878827095032,-0.6209873557090759
1692309436.5666633,"[label: ""height""
size: 3
stride: 15, label: ""width""
size: 5
stride: 5]",0,8.0,0.12980885803699493,0.07090561091899872,0.2907748818397522,0.4152418375015259,6.0,0.05319691449403763,0.0693221464753151,0.2973772883415222,-0.6203872561454773,7.0,0.08970524370670319,0.06962517648935318,0.281922310590744,-0.14697344601154327
1692309436.6661272,"[label: ""height""
size: 3
stride: 15, label: ""width""
size: 5
stride: 5]",0,7.0,0.087356798350811,0.06891810148954391,0.2781285047531128,-0.1449211686849594,8.0,0.1278749704360962,0.0708468034863472,0.2890937626361847,0.4061983823776245,6.0,0.05148620158433914,0.06906004250049591,0.2953509986400604,-0.6440388560295105
1692309436.7670894,"[label: ""height""
size: 3
stride: 15, label: ""width""
size: 5
stride: 5]",0,7.0,0.08602066338062286,0.06911161541938782,0.278548926115036,-0.1322072148323059,8.0,0.12625719606876373,0.07061564922332764,0.28809404373168945,0.41139137744903564,6.0,0.05018384009599686,0.06908212602138519,0.29544347524642944,-0.6217668652534485
1692309436.8583043,"[label: ""height""
size: 3
stride: 15, label: ""width""
size: 5
stride: 5]",0,7.0,0.08398249745368958,0.06867578625679016,0.2767075300216675,-0.1268637627363205,8.0,0.12338907271623611,0.0700124204158783,0.28471237421035767,0.4244861602783203,6.0,0.04777819663286209,0.06855089962482452,0.29265278577804565,-0.6334472894668579
1692309436.9659796,"[label: ""height""
size: 3
stride: 15, label: ""width""
size: 5
stride: 5]",0,7.0,0.08132889121770859,0.06856446713209152,0.2739509642124176,-0.14328959584236145,8.0,0.12222802639007568,0.07073622941970825,0.2858186662197113,0.4238741397857666,6.0,0.04585178196430206,0.06901083886623383,0.2925622761249542,-0.6256991624832153
1692309437.0589736,"[label: ""height""
size: 3
stride: 15, label: ""width""
size: 5
stride: 5]",0,7.0,0.0794181078672409,0.06849733740091324,0.27271568775177,-0.12439365684986115,8.0,0.11948186159133911,0.07020580768585205,0.2831825017929077,0.41941437125205994,6.0,0.04392601549625397,0.06946971267461777,0.29246845841407776,-0.6180345416069031
1692309437.15796,"[label: ""height""
size: 3
stride: 15, label: ""width""
size: 5
stride: 5]",0,7.0,0.0773676335811615,0.06855324655771255,0.2725754678249359,-0.12510141730308533,8.0,0.11699457466602325,0.07000252604484558,0.28191617131233215,0.4344651699066162,6.0,0.04141614958643913,0.0691978856921196,0.2908038794994354,-0.6039130687713623
1692309437.256906,"[label: ""height""
size: 3
stride: 15, label: ""width""
size: 5
stride: 5]",0,7.0,0.07543373852968216,0.06843827664852142,0.27081790566444397,-0.117511086165905,8.0,0.11523637920618057,0.07001253217458725,0.28099557757377625,0.4403565526008606,6.0,0.03922533243894577,0.06872546672821045,0.28789106011390686,-0.6005521416664124
1692309437.359428,"[label: ""height""
size: 3
stride: 15, label: ""width""
size: 5
stride: 5]",0,7.0,0.07345198839902878,0.06859077513217926,0.26887157559394836,-0.1227550208568573,8.0,0.11283393204212189,0.06997903436422348,0.2781713902950287,0.44381317496299744,6.0,0.03687073662877083,0.06881356984376907,0.28443077206611633,-0.6182544231414795
1692309437.457922,"[label: ""height""
size: 3
stride: 15, label: ""width""
size: 5
stride: 5]",0,7.0,0.07094158232212067,0.06889088451862335,0.26525092124938965,-0.11958762258291245,8.0,0.11063779890537262,0.07046827673912048,0.27607935667037964,0.45388785004615784,6.0,0.03502922132611275,0.06956008076667786,0.2836158275604248,-0.6026991605758667
1692309437.5600088,"[label: ""height""
size: 3
stride: 15, label: ""width""
size: 5
stride: 5]",0,7.0,0.06939972937107086,0.06917308270931244,0.26396557688713074,-0.12619024515151978,8.0,0.10853637009859085,0.07035385072231293,0.2730373740196228,0.4654304087162018,6.0,0.03279779851436615,0.06925973296165466,0.2786223292350769,-0.601391077041626
1692309437.6581209,"[label: ""height""
size: 3
stride: 15, label: ""width""
size: 5
stride: 5]",0,7.0,0.06760124117136002,0.0685635432600975,0.26031240820884705,-0.10995588451623917,8.0,0.10777152329683304,0.07074639201164246,0.27280867099761963,0.45165717601776123,6.0,0.030869076028466225,0.06853970885276794,0.2748066782951355,-0.6064944863319397
1692309437.7582717,"[label: ""height""
size: 3
stride: 15, label: ""width""
size: 5
stride: 5]",0,7.0,0.06600487232208252,0.06797868758440018,0.25778383016586304,-0.09946415573358536,8.0,0.10495289415121078,0.06915359199047089,0.2667204439640045,0.4724986255168915,6.0,0.02957981452345848,0.06838399171829224,0.2741313576698303,-0.5650571584701538
1692309437.857306,"[label: ""height""
size: 3
stride: 15, label: ""width""
size: 5
stride: 5]",0,7.0,0.06456468999385834,0.06768728792667389,0.254306823015213,-0.12051000446081161,8.0,0.1038365438580513,0.06910470128059387,0.26442307233810425,0.4658835232257843,6.0,0.028368616476655006,0.06842987984418869,0.2713221311569214,-0.5798243284225464
1692309437.957121,"[label: ""height""
size: 3
stride: 15, label: ""width""
size: 5
stride: 5]",0,7.0,0.06359230726957321,0.06840565800666809,0.25158220529556274,-0.09500698000192642,8.0,0.10242657363414764,0.06950882822275162,0.26107701659202576,0.469792902469635,6.0,0.026791922748088837,0.06862496584653854,0.2668592631816864,-0.5796507596969604
1692309438.0567145,"[label: ""height""
size: 3
stride: 15, label: ""width""
size: 5
stride: 5]",0,7.0,0.06177968531847,0.06824161857366562,0.24718691408634186,-0.08603549003601074,8.0,0.1010710746049881,0.06970951706171036,0.2578640580177307,0.4734211564064026,6.0,0.02540239319205284,0.06892498582601547,0.2638401389122009,-0.5698683261871338
1692309438.1584926,"[label: ""height""
size: 3
stride: 15, label: ""width""
size: 5
stride: 5]",0,7.0,0.06070956215262413,0.06835135817527771,0.24485787749290466,-0.07425663620233536,8.0,0.09984928369522095,0.06984098255634308,0.2552643120288849,0.4668220579624176,6.0,0.023833217099308968,0.0683453306555748,0.25880175828933716,-0.5767574310302734
1692309438.2572253,"[label: ""height""
size: 3
stride: 15, label: ""width""
size: 5
stride: 5]",0,7.0,0.05958858132362366,0.06800872832536697,0.2425377070903778,-0.11074499785900116,8.0,0.09859685599803925,0.06936968117952347,0.25204047560691833,0.4641132652759552,6.0,0.022760644555091858,0.06792286038398743,0.2564612030982971,-0.5895508527755737
1692309438.3584843,"[label: ""height""
size: 3
stride: 15, label: ""width""
size: 5
stride: 5]",0,7.0,0.05804423242807388,0.06750844419002533,0.23828555643558502,-0.11550777405500412,8.0,0.09712439030408859,0.06896590441465378,0.24799175560474396,0.4558376371860504,6.0,0.021460672840476036,0.06778327375650406,0.25359171628952026,-0.580568253993988
1692309438.4566917,"[label: ""height""
size: 3
stride: 15, label: ""width""
size: 5
stride: 5]",0,7.0,0.056805722415447235,0.06770762801170349,0.2355787307024002,-0.11307229846715927,8.0,0.09606272727251053,0.06900298595428467,0.24526283144950867,0.4516362249851227,6.0,0.020256705582141876,0.06776326149702072,0.25047287344932556,-0.5869575142860413
1692309438.5610948,"[label: ""height""
size: 3
stride: 15, label: ""width""
size: 5
stride: 5]",0,7.0,0.055047351866960526,0.06727813184261322,0.2317940592765808,-0.10331645607948303,8.0,0.09386202692985535,0.06831972301006317,0.2403588593006134,0.45002150535583496,6.0,0.018530067056417465,0.0671677440404892,0.24567270278930664,-0.6035779118537903
1692309438.6623664,"[label: ""height""
size: 3
stride: 15, label: ""width""
size: 5
stride: 5]",0,7.0,0.0532478503882885,0.06726892292499542,0.2277897447347641,-0.10592464357614517,8.0,0.09253762662410736,0.06892240792512894,0.23768745362758636,0.45363548398017883,6.0,0.017013583332300186,0.06740041822195053,0.24288609623908997,-0.6051632165908813
1692309438.766108,"[label: ""height""
size: 3
stride: 15, label: ""width""
size: 5
stride: 5]",0,7.0,0.052172571420669556,0.06740489602088928,0.22462034225463867,-0.07907593995332718,8.0,0.09144938737154007,0.06881290674209595,0.2343713641166687,0.4523676931858063,6.0,0.01600002311170101,0.06789640337228775,0.24118633568286896,-0.6020923852920532
1692309438.8661911,"[label: ""height""
size: 3
stride: 15, label: ""width""
size: 5
stride: 5]",0,7.0,0.0513925775885582,0.0675639733672142,0.22298727929592133,-0.10300684720277786,8.0,0.0899062305688858,0.06842722743749619,0.23014086484909058,0.4479463994503021,6.0,0.014791999012231827,0.06707987934350967,0.23659531772136688,-0.6199609041213989
1692309438.962122,"[label: ""height""
size: 1
stride: 5, label: ""width""
size: 5
stride: 5]",0,6.0,0.013693110086023808,0.06707894802093506,0.2346019148826599,-0.6279141306877136
1692309439.0609598,"[label: ""height""
size: 1
stride: 5, label: ""width""
size: 5
stride: 5]",0,6.0,0.012666963040828705,0.06706589460372925,0.23192477226257324,-0.6317880153656006
1692309439.1625087,"[label: ""height""
size: 1
stride: 5, label: ""width""
size: 5
stride: 5]",0,6.0,0.011676636524498463,0.06730983406305313,0.22952377796173096,-0.6334123015403748
1692309442.9655137,"[label: ""height""
size: 1
stride: 5, label: ""width""
size: 5
stride: 5]",0,6.0,0.023107370361685753,0.06606567651033401,0.2258259803056717,-0.6169484257698059
1692309443.0636787,"[label: ""height""
size: 1
stride: 5, label: ""width""
size: 5
stride: 5]",0,6.0,0.024403266608715057,0.06660035252571106,0.22829194366931915,-0.6132816672325134
1692309443.1597219,"[label: ""height""
size: 1
stride: 5, label: ""width""
size: 5
stride: 5]",0,6.0,0.02496236003935337,0.06660259515047073,0.22829674184322357,-0.6150282621383667
1692309443.2626657,"[label: ""height""
size: 1
stride: 5, label: ""width""
size: 5
stride: 5]",0,6.0,0.025726642459630966,0.06699895113706589,0.22997798025608063,-0.6046704053878784
1692309443.3593302,"[label: ""height""
size: 1
stride: 5, label: ""width""
size: 5
stride: 5]",0,6.0,0.02650640532374382,0.0672396570444107,0.23182716965675354,-0.6163980960845947
1692309443.4624481,"[label: ""height""
size: 1
stride: 5, label: ""width""
size: 5
stride: 5]",0,6.0,0.027498409152030945,0.06759776175022125,0.23367047309875488,-0.6060227751731873
1692309443.565516,"[label: ""height""
size: 1
stride: 5, label: ""width""
size: 5
stride: 5]",0,6.0,0.027952922508120537,0.0675656870007515,0.2335546612739563,-0.6201256513595581
1692309443.65631,"[label: ""height""
size: 1
stride: 5, label: ""width""
size: 5
stride: 5]",0,6.0,0.028783679008483887,0.0674419105052948,0.23407144844532013,-0.6190093159675598
1692309443.7588172,"[label: ""height""
size: 2
stride: 10, label: ""width""
size: 5
stride: 5]",0,7.0,0.06645321846008301,0.06758284568786621,0.22091814875602722,-0.11917994171380997,6.0,0.03005285933613777,0.06779491901397705,0.23636417090892792,-0.6069512367248535
1692309443.8617086,"[label: ""height""
size: 2
stride: 10, label: ""width""
size: 5
stride: 5]",0,7.0,0.06703592091798782,0.0675702840089798,0.22197644412517548,-0.12567265331745148,6.0,0.030935123562812805,0.06775092333555222,0.23789432644844055,-0.6094459891319275
1692309443.9576528,"[label: ""height""
size: 2
stride: 10, label: ""width""
size: 5
stride: 5]",0,7.0,0.06807593256235123,0.06743405759334564,0.22305230796337128,-0.1385829746723175,6.0,0.03198223188519478,0.06752533465623856,0.23852406442165375,-0.6327028274536133
1692309444.0577438,"[label: ""height""
size: 2
stride: 10, label: ""width""
size: 5
stride: 5]",0,7.0,0.0691995844244957,0.06764808297157288,0.2250785529613495,-0.10966580361127853,6.0,0.03284009173512459,0.06787645816802979,0.24039559066295624,-0.620366632938385
1692309444.1586292,"[label: ""height""
size: 2
stride: 10, label: ""width""
size: 5
stride: 5]",0,7.0,0.06976915150880814,0.06722620874643326,0.22514046728610992,-0.11126334220170975,6.0,0.033610373735427856,0.06706461310386658,0.2403041273355484,-0.6251143217086792
1692309444.2561064,"[label: ""height""
size: 2
stride: 10, label: ""width""
size: 5
stride: 5]",0,7.0,0.07054445147514343,0.06699849665164948,0.22590667009353638,-0.12452396750450134,6.0,0.03452994301915169,0.06701310724020004,0.24187886714935303,-0.627738356590271
1692309444.3584616,"[label: ""height""
size: 2
stride: 10, label: ""width""
size: 5
stride: 5]",0,7.0,0.07132702320814133,0.06707435101270676,0.22738009691238403,-0.16151310503482819,6.0,0.03547731041908264,0.06755144894123077,0.24486230313777924,-0.6210988163948059
1692309444.4562247,"[label: ""height""
size: 2
stride: 10, label: ""width""
size: 5
stride: 5]",0,7.0,0.07247333973646164,0.06741935014724731,0.22998616099357605,-0.13234823942184448,6.0,0.036123767495155334,0.06743751466274261,0.2451581358909607,-0.6181128621101379
1692309444.558655,"[label: ""height""
size: 2
stride: 10, label: ""width""
size: 5
stride: 5]",0,7.0,0.07264783978462219,0.06728523224592209,0.2301567792892456,-0.1134573295712471,6.0,0.03661957010626793,0.06748925894498825,0.24644313752651215,-0.6239595413208008
1692309444.6563969,"[label: ""height""
size: 2
stride: 10, label: ""width""
size: 5
stride: 5]",0,7.0,0.07325393706560135,0.06735414266586304,0.23094241321086884,-0.1286805421113968,6.0,0.037748925387859344,0.06785226613283157,0.24845506250858307,-0.612313449382782
1692309444.75713,"[label: ""height""
size: 2
stride: 10, label: ""width""
size: 5
stride: 5]",0,7.0,0.0743030458688736,0.06717813014984131,0.23195792734622955,-0.1536199450492859,6.0,0.038562558591365814,0.0674501284956932,0.24847497045993805,-0.6163082718849182
1692309444.855726,"[label: ""height""
size: 2
stride: 10, label: ""width""
size: 5
stride: 5]",0,7.0,0.0751013457775116,0.06727400422096252,0.2322903424501419,-0.13503719866275787,6.0,0.03922529146075249,0.06734120845794678,0.24889108538627625,-0.6435179710388184
1692309444.9598246,"[label: ""height""
size: 2
stride: 10, label: ""width""
size: 5
stride: 5]",0,7.0,0.07568439096212387,0.06712762266397476,0.2327549308538437,-0.16754615306854248,6.0,0.040109310299158096,0.06725268810987473,0.24931195378303528,-0.6421558856964111
1692309445.0601966,"[label: ""height""
size: 2
stride: 10, label: ""width""
size: 5
stride: 5]",0,7.0,0.07644803076982498,0.0673409178853035,0.23354965448379517,-0.14922314882278442,6.0,0.04080738499760628,0.0674535408616066,0.2504536509513855,-0.6501399874687195
1692309445.1612604,"[label: ""height""
size: 2
stride: 10, label: ""width""
size: 5
stride: 5]",0,7.0,0.07773001492023468,0.06743060052394867,0.234841451048851,-0.15555141866207123,6.0,0.04216523841023445,0.06786756962537766,0.2523592412471771,-0.6386577486991882
1692309445.2634678,"[label: ""height""
size: 2
stride: 10, label: ""width""
size: 5
stride: 5]",0,7.0,0.07874759286642075,0.06737500429153442,0.23563885688781738,-0.1700042486190796,6.0,0.04285455867648125,0.06741790473461151,0.25222381949424744,-0.6565445065498352
1692309445.3599937,"[label: ""height""
size: 2
stride: 10, label: ""width""
size: 5
stride: 5]",0,7.0,0.0791846290230751,0.06744517385959625,0.2366224229335785,-0.163103386759758,6.0,0.043796438723802567,0.06773076951503754,0.25462278723716736,-0.655543863773346
1692309445.463726,"[label: ""height""
size: 2
stride: 10, label: ""width""
size: 5
stride: 5]",0,7.0,0.07950793206691742,0.06724833697080612,0.23659752309322357,-0.13277091085910797,6.0,0.044614460319280624,0.06812284141778946,0.25682634115219116,-0.6413187384605408
1692309445.5684147,"[label: ""height""
size: 2
stride: 10, label: ""width""
size: 5
stride: 5]",0,7.0,0.07992825657129288,0.06721242517232895,0.23648275434970856,-0.15158164501190186,6.0,0.044689442962408066,0.06772753596305847,0.2549618184566498,-0.6584616303443909
1692309445.6588314,"[label: ""height""
size: 2
stride: 10, label: ""width""
size: 5
stride: 5]",0,7.0,0.08063635230064392,0.06747596710920334,0.23773612082004547,-0.15835195779800415,6.0,0.04482259228825569,0.06721793115139008,0.25343871116638184,-0.6704274415969849
1692309445.7662985,"[label: ""height""
size: 2
stride: 10, label: ""width""
size: 5
stride: 5]",0,6.0,0.045799385756254196,0.06832107156515121,0.25763311982154846,-0.6660326719284058,7.0,0.08153434842824936,0.06822720915079117,0.24037443101406097,-0.15986107289791107
1692309445.8639977,"[label: ""height""
size: 2
stride: 10, label: ""width""
size: 5
stride: 5]",0,7.0,0.08102421462535858,0.06777157634496689,0.23914086818695068,-0.1537153571844101,6.0,0.045799385756254196,0.06832107156515121,0.25763311982154846,-0.6660326719284058
1692309445.967021,"[label: ""height""
size: 2
stride: 10, label: ""width""
size: 5
stride: 5]",0,7.0,0.08154698461294174,0.0681137889623642,0.24040856957435608,-0.15924127399921417,6.0,0.04596250504255295,0.06811230629682541,0.2567889988422394,-0.6607003211975098
1692309446.0616596,"[label: ""height""
size: 2
stride: 10, label: ""width""
size: 5
stride: 5]",0,7.0,0.08226116746664047,0.06831474602222443,0.24145428836345673,-0.18744945526123047,6.0,0.04677049070596695,0.06820061057806015,0.2583197057247162,-0.6641687154769897
1692309446.165869,"[label: ""height""
size: 2
stride: 10, label: ""width""
size: 5
stride: 5]",0,7.0,0.08259700238704681,0.06817903369665146,0.24123257398605347,-0.17498327791690826,6.0,0.04720256105065346,0.06821419298648834,0.2583751678466797,-0.6658859848976135
1692309446.2663684,"[label: ""height""
size: 2
stride: 10, label: ""width""
size: 5
stride: 5]",0,7.0,0.08259700238704681,0.06817903369665146,0.24123257398605347,-0.17498327791690826,6.0,0.04763989523053169,0.06857950240373611,0.2601373493671417,-0.6647701263427734
1692309446.3598433,"[label: ""height""
size: 2
stride: 10, label: ""width""
size: 5
stride: 5]",0,6.0,0.04755488783121109,0.06824824959039688,0.2596956789493561,-0.6702411770820618,7.0,0.08283129334449768,0.06828002631664276,0.24218669533729553,-0.17058435082435608
1692309446.4601707,"[label: ""height""
size: 2
stride: 10, label: ""width""
size: 5
stride: 5]",0,7.0,0.08287209272384644,0.06815160065889359,0.24293066561222076,-0.18336349725723267,6.0,0.04798357933759689,0.06887418031692505,0.2625221014022827,-0.6604501008987427
1692309446.560942,"[label: ""height""
size: 2
stride: 10, label: ""width""
size: 5
stride: 5]",0,7.0,0.08255576342344284,0.06768638640642166,0.24190673232078552,-0.15708117187023163,6.0,0.0475064218044281,0.06830933690071106,0.2611420750617981,-0.670328676700592
1692309446.658109,"[label: ""height""
size: 2
stride: 10, label: ""width""
size: 5
stride: 5]",0,6.0,0.047534022480249405,0.06779618561267853,0.25958675146102905,-0.6710184216499329,7.0,0.08333209902048111,0.06835097819566727,0.24396121501922607,-0.1783982217311859
1692309446.7642643,"[label: ""height""
size: 2
stride: 10, label: ""width""
size: 5
stride: 5]",0,7.0,0.08351723104715347,0.06805317848920822,0.24328045547008514,-0.1630944460630417,6.0,0.048011414706707,0.06800641864538193,0.26044604182243347,-0.6785189509391785
1692309446.855429,"[label: ""height""
size: 2
stride: 10, label: ""width""
size: 5
stride: 5]",0,7.0,0.08384404331445694,0.06812778115272522,0.24433694779872894,-0.19159770011901855,6.0,0.048353783786296844,0.06822691112756729,0.2616344690322876,-0.6571719646453857
1692309446.9581373,"[label: ""height""
size: 2
stride: 10, label: ""width""
size: 5
stride: 5]",0,7.0,0.08326726406812668,0.06751875579357147,0.24230557680130005,-0.17198090255260468,6.0,0.04835883155465126,0.0678815171122551,0.2611429691314697,-0.6745465993881226
1692309447.056657,"[label: ""height""
size: 2
stride: 10, label: ""width""
size: 5
stride: 5]",0,7.0,0.0835261419415474,0.06766236573457718,0.24330894649028778,-0.1637890785932541,6.0,0.0487513430416584,0.06830427050590515,0.2631683051586151,-0.6588952541351318
1692309447.1594627,"[label: ""height""
size: 2
stride: 10, label: ""width""
size: 5
stride: 5]",0,7.0,0.08290723711252213,0.06744622439146042,0.24325348436832428,-0.16492483019828796,6.0,0.04779472574591637,0.06791628897190094,0.26212653517723083,-0.6761271953582764
1692309447.2582161,"[label: ""height""
size: 2
stride: 10, label: ""width""
size: 5
stride: 5]",0,7.0,0.08250773698091507,0.06753484159708023,0.24389469623565674,-0.18021121621131897,6.0,0.04735693335533142,0.0679035410284996,0.2620733976364136,-0.6743946075439453
1692309447.3604844,"[label: ""height""
size: 2
stride: 10, label: ""width""
size: 5
stride: 5]",0,7.0,0.08160321414470673,0.06706421822309494,0.2420845627784729,-0.1729433685541153,6.0,0.04691929742693901,0.06789077818393707,0.26202017068862915,-0.6726661324501038
1692309447.4556456,"[label: ""height""
size: 2
stride: 10, label: ""width""
size: 5
stride: 5]",0,7.0,0.08165710419416428,0.06740451604127884,0.24309411644935608,-0.16549542546272278,6.0,0.04680350795388222,0.06807484477758408,0.26315394043922424,-0.6774041056632996
1692309447.557716,"[label: ""height""
size: 2
stride: 10, label: ""width""
size: 5
stride: 5]",0,7.0,0.08166612684726715,0.06750214099884033,0.24376966059207916,-0.1804925501346588,6.0,0.04652940109372139,0.06784968823194504,0.2622232437133789,-0.6702688336372375
1692309447.6560247,"[label: ""height""
size: 2
stride: 10, label: ""width""
size: 5
stride: 5]",0,7.0,0.08124050498008728,0.06739040464162827,0.24304024875164032,-0.16567304730415344,6.0,0.04636440798640251,0.06806233525276184,0.2631016969680786,-0.6756740212440491
1692309447.7582893,"[label: ""height""
size: 2
stride: 10, label: ""width""
size: 5
stride: 5]",0,7.0,0.08042559772729874,0.06716518849134445,0.2421703189611435,-0.18550121784210205,6.0,0.04592546448111534,0.06804979592561722,0.26304933428764343,-0.6739479303359985
1692309447.8565123,"[label: ""height""
size: 2
stride: 10, label: ""width""
size: 5
stride: 5]",0,7.0,0.08037607371807098,0.06727364659309387,0.24261586368083954,-0.1858181208372116,6.0,0.045638587325811386,0.06804414093494415,0.26265090703964233,-0.6735326051712036
1692309447.9574175,"[label: ""height""
size: 2
stride: 10, label: ""width""
size: 5
stride: 5]",0,7.0,0.07993647456169128,0.06702850013971329,0.2416699081659317,-0.20475135743618011,6.0,0.04543153569102287,0.06805303692817688,0.26269152760505676,-0.673163652420044
1692309448.057519,"[label: ""height""
size: 2
stride: 10, label: ""width""
size: 5
stride: 5]",0,7.0,0.07995090633630753,0.06728845089673996,0.24188873171806335,-0.17371176183223724,6.0,0.04480729252099991,0.06742171198129654,0.2597981095314026,-0.6807270050048828
1692309448.1573417,"[label: ""height""
size: 2
stride: 10, label: ""width""
size: 5
stride: 5]",0,7.0,0.07999958842992783,0.06753754615783691,0.24207937717437744,-0.18478374183177948,6.0,0.04483466222882271,0.0676087886095047,0.2605683505535126,-0.6866615414619446
1692309448.256114,"[label: ""height""
size: 2
stride: 10, label: ""width""
size: 5
stride: 5]",0,7.0,0.0799490436911583,0.06764661520719528,0.24252384901046753,-0.18510222434997559,6.0,0.044906750321388245,0.06797687709331512,0.26152855157852173,-0.6664494872093201
1692309448.3569894,"[label: ""height""
size: 2
stride: 10, label: ""width""
size: 5
stride: 5]",0,7.0,0.07950886338949203,0.06739784777164459,0.2415706366300583,-0.20387621223926544,6.0,0.04462837055325508,0.06761663407087326,0.26060405373573303,-0.68629390001297
1692309448.4558299,"[label: ""height""
size: 2
stride: 10, label: ""width""
size: 5
stride: 5]",0,7.0,0.07904866337776184,0.06694652885198593,0.23985008895397186,-0.19443261623382568,6.0,0.04462837055325508,0.06761663407087326,0.26060405373573303,-0.68629390001297
1692309448.558172,"[label: ""height""
size: 2
stride: 10, label: ""width""
size: 5
stride: 5]",0,7.0,0.07936422526836395,0.0674256831407547,0.24108116328716278,-0.190818652510643,6.0,0.044496942311525345,0.06770793348550797,0.2604314088821411,-0.6731952428817749
1692309448.6588728,"[label: ""height""
size: 2
stride: 10, label: ""width""
size: 5
stride: 5]",0,7.0,0.0790696069598198,0.06720451265573502,0.2405627816915512,-0.209012970328331,6.0,0.04412301257252693,0.06750950217247009,0.25896236300468445,-0.6941882967948914
1692309448.7574441,"[label: ""height""
size: 2
stride: 10, label: ""width""
size: 5
stride: 5]",0,7.0,0.07842394709587097,0.06684218347072601,0.23887570202350616,-0.20108623802661896,6.0,0.04397052899003029,0.06750047951936722,0.2592940926551819,-0.6928347945213318
1692309448.8569489,"[label: ""height""
size: 2
stride: 10, label: ""width""
size: 5
stride: 5]",0,7.0,0.07842394709587097,0.06684218347072601,0.23887570202350616,-0.20108623802661896,6.0,0.043917592614889145,0.06751697510480881,0.2589958906173706,-0.6938227415084839
1692309448.9584663,"[label: ""height""
size: 2
stride: 10, label: ""width""
size: 5
stride: 5]",0,7.0,0.07842394709587097,0.06684218347072601,0.23887570202350616,-0.20108623802661896,6.0,0.0436672680079937,0.06731125712394714,0.2581501305103302,-0.6866551637649536
1692309449.0564046,"[label: ""height""
size: 2
stride: 10, label: ""width""
size: 5
stride: 5]",0,7.0,0.07830984890460968,0.06695393472909927,0.23869137465953827,-0.16780798137187958,6.0,0.043917592614889145,0.06751697510480881,0.2589958906173706,-0.6938227415084839
1692309449.1588695,"[label: ""height""
size: 2
stride: 10, label: ""width""
size: 5
stride: 5]",0,7.0,0.07797369360923767,0.06699978560209274,0.2379935085773468,-0.1735701560974121,6.0,0.04363226890563965,0.06761815398931503,0.25857722759246826,-0.6967270970344543
1692309449.260517,"[label: ""height""
size: 2
stride: 10, label: ""width""
size: 5
stride: 5]",0,7.0,0.0775570347905159,0.06676222383975983,0.23709586262702942,-0.19099995493888855,6.0,0.04342678189277649,0.06762519478797913,0.2586088478565216,-0.6963625550270081
1692309449.3596458,"[label: ""height""
size: 2
stride: 10, label: ""width""
size: 5
stride: 5]",0,7.0,0.07800198346376419,0.06720741093158722,0.2387790083885193,-0.20023015141487122,6.0,0.04336584731936455,0.06762809306383133,0.2582617402076721,-0.6975416541099548
1692309449.4561377,"[label: ""height""
size: 2
stride: 10, label: ""width""
size: 5
stride: 5]",0,7.0,0.07806731015443802,0.06735220551490784,0.23903906345367432,-0.21534642577171326,6.0,0.04312727600336075,0.06743678450584412,0.2574748396873474,-0.6901211738586426
1692309449.5584967,"[label: ""height""
size: 2
stride: 10, label: ""width""
size: 5
stride: 5]",0,7.0,0.07806731015443802,0.06735220551490784,0.23903906345367432,-0.21534642577171326,6.0,0.043255679309368134,0.06774786114692688,0.25820547342300415,-0.6842348575592041
1692309449.6580946,"[label: ""height""
size: 2
stride: 10, label: ""width""
size: 5
stride: 5]",0,7.0,0.0773552730679512,0.0666782334446907,0.23621320724487305,-0.1974753588438034,6.0,0.043255679309368134,0.06774786114692688,0.25820547342300415,-0.6842348575592041
1692309449.7568698,"[label: ""height""
size: 2
stride: 10, label: ""width""
size: 5
stride: 5]",0,7.0,0.07748981565237045,0.06691592186689377,0.23667693138122559,-0.21090169250965118,6.0,0.042861394584178925,0.06735256314277649,0.2559594213962555,-0.6991041302680969
1692309449.856408,"[label: ""height""
size: 2
stride: 10, label: ""width""
size: 5
stride: 5]",0,7.0,0.07826543599367142,0.06763479858636856,0.23833592236042023,-0.18642859160900116,6.0,0.04280342161655426,0.06747130304574966,0.25562891364097595,-0.703230619430542
1692309449.9603202,"[label: ""height""
size: 2
stride: 10, label: ""width""
size: 5
stride: 5]",0,7.0,0.07776487618684769,0.06729526817798615,0.2370823323726654,-0.17844808101654053,6.0,0.04280342161655426,0.06747130304574966,0.25562891364097595,-0.703230619430542
1692309450.0559452,"[label: ""height""
size: 2
stride: 10, label: ""width""
size: 5
stride: 5]",0,7.0,0.07747888565063477,0.06731919199228287,0.23686055839061737,-0.1918606460094452,6.0,0.04281807318329811,0.06785217672586441,0.25627994537353516,-0.6851350665092468
1692309450.1575289,"[label: ""height""
size: 2
stride: 10, label: ""width""
size: 5
stride: 5]",0,7.0,0.07758680731058121,0.06768721342086792,0.2378373146057129,-0.20637255907058716,6.0,0.042118240147829056,0.06737525761127472,0.254085898399353,-0.7101823687553406
1692309450.2561502,"[label: ""height""
size: 2
stride: 10, label: ""width""
size: 5
stride: 5]",0,7.0,0.07693146914243698,0.06741922348737717,0.23609381914138794,-0.19578011333942413,6.0,0.04233304783701897,0.0679573118686676,0.25589579343795776,-0.6877670884132385
1692309450.3599603,"[label: ""height""
size: 2
stride: 10, label: ""width""
size: 5
stride: 5]",0,7.0,0.07658586651086807,0.06754448264837265,0.23628076910972595,-0.21048004925251007,6.0,0.04198324680328369,0.06827468425035477,0.25628936290740967,-0.6809837222099304
1692309450.4597354,"[label: ""height""
size: 2
stride: 10, label: ""width""
size: 5
stride: 5]",0,7.0,0.0759812667965889,0.06741174310445786,0.23549824953079224,-0.1835811287164688,6.0,0.041556552052497864,0.06826247274875641,0.25623974204063416,-0.6792816519737244
1692309450.5618849,"[label: ""height""
size: 2
stride: 10, label: ""width""
size: 5
stride: 5]",0,7.0,0.07530281692743301,0.06742976605892181,0.2351377010345459,-0.17098015546798706,6.0,0.04038023203611374,0.06782276183366776,0.25420457124710083,-0.6898387670516968
1692309450.657109,"[label: ""height""
size: 2
stride: 10, label: ""width""
size: 5
stride: 5]",0,7.0,0.07531469315290451,0.06763100624084473,0.23588542640209198,-0.1978263109922409,6.0,0.040408287197351456,0.06814491003751755,0.2549642026424408,-0.673222005367279
1692309450.7584689,"[label: ""height""
size: 2
stride: 10, label: ""width""
size: 5
stride: 5]",0,7.0,0.07534939050674438,0.06786681711673737,0.23604361712932587,-0.20978574454784393,6.0,0.04004507511854172,0.067753866314888,0.2527858316898346,-0.6878527402877808
1692309450.8601124,"[label: ""height""
size: 2
stride: 10, label: ""width""
size: 5
stride: 5]",0,6.0,0.04053564742207527,0.06831050664186478,0.25448229908943176,-0.676342785358429,7.0,0.07556917518377304,0.06777451187372208,0.23541422188282013,-0.18296054005622864
1692309450.958258,"[label: ""height""
size: 2
stride: 10, label: ""width""
size: 5
stride: 5]",0,7.0,0.07563463598489761,0.06791961938142776,0.23567909002304077,-0.19773951172828674,6.0,0.04053564742207527,0.06831050664186478,0.25448229908943176,-0.676342785358429
1692309451.057039,"[label: ""height""
size: 2
stride: 10, label: ""width""
size: 5
stride: 5]",0,7.0,0.07475578784942627,0.06759301573038101,0.23375584185123444,-0.17551468312740326,6.0,0.0400538332760334,0.06813214719295502,0.2534259259700775,-0.6696705222129822
1692309451.1589131,"[label: ""height""
size: 2
stride: 10, label: ""width""
size: 5
stride: 5]",0,7.0,0.07467883080244064,0.06779813021421432,0.2341051548719406,-0.1741693913936615,6.0,0.03938454017043114,0.06765860319137573,0.2512819170951843,-0.6947953701019287
1692309451.259965,"[label: ""height""
size: 2
stride: 10, label: ""width""
size: 5
stride: 5]",0,7.0,0.07475241273641586,0.0681205540895462,0.23527009785175323,-0.1824919581413269,6.0,0.03922128304839134,0.0681702196598053,0.25279343128204346,-0.6837727427482605
1692309451.3682945,"[label: ""height""
size: 2
stride: 10, label: ""width""
size: 5
stride: 5]",0,7.0,0.07386484742164612,0.06753391027450562,0.2331314980983734,-0.19158200919628143,6.0,0.03915664181113243,0.06822240352630615,0.25299742817878723,-0.670731246471405
1692309451.4647133,"[label: ""height""
size: 2
stride: 10, label: ""width""
size: 5
stride: 5]",0,7.0,0.07387394458055496,0.06776564568281174,0.23398654162883759,-0.17429019510746002,6.0,0.03880073502659798,0.068157859146595,0.25274381041526794,-0.6820982098579407
1692309451.5664291,"[label: ""height""
size: 2
stride: 10, label: ""width""
size: 5
stride: 5]",0,7.0,0.07346151024103165,0.06751538068056107,0.2330639809370041,-0.19158099591732025,6.0,0.03873581811785698,0.06821008771657944,0.25294792652130127,-0.6690554022789001
1692309451.6635695,"[label: ""height""
size: 2
stride: 10, label: ""width""
size: 5
stride: 5]",0,7.0,0.07366188615560532,0.06771261245012283,0.23309701681137085,-0.19174812734127045,6.0,0.03875120356678963,0.06816645711660385,0.25243714451789856,-0.6829885244369507
1692309451.758162,"[label: ""height""
size: 2
stride: 10, label: ""width""
size: 5
stride: 5]",0,7.0,0.0733439028263092,0.06755197048187256,0.23264333605766296,-0.18011504411697388,6.0,0.03858508542180061,0.06851496547460556,0.2532919943332672,-0.6625597476959229
1692309451.8555682,"[label: ""height""
size: 2
stride: 10, label: ""width""
size: 5
stride: 5]",0,7.0,0.07298418879508972,0.0676368921995163,0.23293329775333405,-0.16144244372844696,6.0,0.037912216037511826,0.06814276427030563,0.2523419260978699,-0.6796324849128723
1692309451.9588597,"[label: ""height""
size: 2
stride: 10, label: ""width""
size: 5
stride: 5]",0,7.0,0.07254396378993988,0.0675194263458252,0.23252452909946442,-0.18039731681346893,6.0,0.03760163113474846,0.06767375022172928,0.25099605321884155,-0.6761053204536438
1692309452.0585546,"[label: ""height""
size: 2
stride: 10, label: ""width""
size: 5
stride: 5]",0,7.0,0.07258615642786026,0.06762278079986572,0.23288175463676453,-0.1616278886795044,6.0,0.03722986951470375,0.06764937192201614,0.2512383460998535,-0.6736003756523132
1692309452.1607766,"[label: ""height""
size: 2
stride: 10, label: ""width""
size: 5
stride: 5]",0,7.0,0.07214416563510895,0.06750302761793137,0.23246467113494873,-0.18052709102630615,6.0,0.036967601627111435,0.06764309108257294,0.2508695721626282,-0.6731376051902771
1692309452.2570086,"[label: ""height""
size: 2
stride: 10, label: ""width""
size: 5
stride: 5]",0,7.0,0.0716816633939743,0.0669405460357666,0.23041877150535583,-0.18905028700828552,6.0,0.037133075296878815,0.06777485460042953,0.25061991810798645,-0.6787149310112
1692309452.3607605,"[label: ""height""
size: 2
stride: 10, label: ""width""
size: 5
stride: 5]",0,7.0,0.07254396378993988,0.0675194263458252,0.23252452909946442,-0.18039731681346893,6.0,0.037137098610401154,0.06760933250188828,0.24996039271354675,-0.669677197933197
1692309452.4567919,"[label: ""height""
size: 2
stride: 10, label: ""width""
size: 5
stride: 5]",0,7.0,0.07214474678039551,0.06708259135484695,0.23091697692871094,-0.17179930210113525,6.0,0.037137098610401154,0.06760933250188828,0.24996039271354675,-0.669677197933197
1692309452.5598764,"[label: ""height""
size: 2
stride: 10, label: ""width""
size: 5
stride: 5]",0,7.0,0.07255036383867264,0.0673515573143959,0.23166175186634064,-0.18572935461997986,6.0,0.037664253264665604,0.06809990853071213,0.2513926923274994,-0.6745561361312866
1692309452.6564593,"[label: ""height""
size: 2
stride: 10, label: ""width""
size: 5
stride: 5]",0,7.0,0.0723964050412178,0.06710696965456009,0.23045912384986877,-0.15904437005519867,6.0,0.037788026034832,0.06795436143875122,0.2508124113082886,-0.656248927116394
1692309452.758489,"[label: ""height""
size: 2
stride: 10, label: ""width""
size: 5
stride: 5]",0,7.0,0.07236161828041077,0.06701155751943588,0.23013144731521606,-0.17764386534690857,6.0,0.037788026034832,0.06795436143875122,0.2508124113082886,-0.656248927116394
1692309452.8578877,"[label: ""height""
size: 2
stride: 10, label: ""width""
size: 5
stride: 5]",0,7.0,0.07273373007774353,0.06722597777843475,0.23092611134052277,-0.15910200774669647,6.0,0.037788026034832,0.06795436143875122,0.2508124113082886,-0.656248927116394
1692309452.9586067,"[label: ""height""
size: 2
stride: 10, label: ""width""
size: 5
stride: 5]",0,7.0,0.07236161828041077,0.06701155751943588,0.23013144731521606,-0.17764386534690857,6.0,0.037788026034832,0.06795436143875122,0.2508124113082886,-0.656248927116394
